source_id,file,relative_path,bytes,sha256,downloaded_or_version_date,observation_unit,period,population_covered,geography,codes_columns_used,stock_or_flow,possible_denominator,definition_breaks,linkage_restrictions,use_rule,root,artefact_role,provider,source_container,manifest_source,manifest_sha256,sha256_matches_manifest,manifest_bytes,bytes_match_manifest,file_mtime_utc,landing_url
grd_publico,GRD_PUBLICO_2019.csv,GRD/GRD_PUBLICO_2019.csv,572538107,1b86155938fd19cfff3cd41376c72fb0b61ed905b16f987f396793213abaafaa,2026-09-01 (SOURCES_MANIFEST.md consolidation date); file mtime 2025-09-29,GRD episode (one row per financed/coded hospital episode: hospitalisation or major ambulatory surgery),2019,"Episodes of public hospitals reporting to the FONASA GRD dataset; observed panel of 65 hospitals in 2019-2022, 68 in 2023 and 72 in 2024 (not a fixed panel of 72)","Hospital of care (COD_HOSPITAL, SERVICIO_SALUD); patient's reported COMUNA/PROVINCIA of residence (place of care and residence must not be mixed)","sep='|'; DIAGNOSTICO1..DIAGNOSTICO35 (ICD-10; F84 family per config.F84_SUBCODES, F84.2 Rett excluded in variant sin_rett), TIPO_ACTIVIDAD, COD_HOSPITAL, SEXO, FECHA_NACIMIENTO, FECHA_INGRESO, FECHAALTA, COMUNA, PREVISION; identifier CIP_ENCRIPTADO (2019-2023) / ID_BENEFICIARIO (2024)",flow (episodes discharged in the year),"All GRD episodes of the same year and hospital panel (per 100,000 episodes); INE base-2017 population by age and sex for complementary population rates","Encrypted identifier changes format between 2020 and 2021 (zero overlap); hospital panel 65/65/65/65/68/72; mean coding depth rises from 4.39 (2019) to 5.78 (2024) diagnoses per episode; 2019 contains day-hospital and emergency activity categories absent from 2020; GRD_PUBLICO_2022.csv omits one malformed source row (932,839 vs 932,840 records; see GRD/metadata/SOURCES_MANIFEST.md)","Unique persons only within each year; never deduplicate across 2020/2021; no person-level linkage to REM, DEIS, FONASA, surveys or education","Primary hospital estimand: GRD episodes with documented F84 in any diagnosis position per 100,000 GRD episodes; F84 principal, strict hospitalisation vs major ambulatory surgery, fixed panel of 65 hospitals and coding-depth stratification are mandatory sensitivities; never label as 'hospitalisations for autism', prevalence or incidence; reproduce config.CONTROLS['grd_*'] before modelling",ASESORIAS_DATA_ROOT,data,FONASA,,GRD/metadata/SOURCES_MANIFEST.md,1b86155938fd19cfff3cd41376c72fb0b61ed905b16f987f396793213abaafaa,True,,not_listed,2025-09-29,https://public.tableau.com/views/PropuestaTableroGRD/PropuestaTableroGRD?:showVizHome=no
grd_publico,GRD_PUBLICO_2020.csv,GRD/GRD_PUBLICO_2020.csv,397026770,e5205ff37d45680ea23d9e07536864a50c486eb9c46c84a1b9ebc3098bf0d1b6,2026-09-01 (SOURCES_MANIFEST.md consolidation date); file mtime 2025-09-29,GRD episode (one row per financed/coded hospital episode: hospitalisation or major ambulatory surgery),2020,"Episodes of public hospitals reporting to the FONASA GRD dataset; observed panel of 65 hospitals in 2019-2022, 68 in 2023 and 72 in 2024 (not a fixed panel of 72)","Hospital of care (COD_HOSPITAL, SERVICIO_SALUD); patient's reported COMUNA/PROVINCIA of residence (place of care and residence must not be mixed)","sep='|'; DIAGNOSTICO1..DIAGNOSTICO35 (ICD-10; F84 family per config.F84_SUBCODES, F84.2 Rett excluded in variant sin_rett), TIPO_ACTIVIDAD, COD_HOSPITAL, SEXO, FECHA_NACIMIENTO, FECHA_INGRESO, FECHAALTA, COMUNA, PREVISION; identifier CIP_ENCRIPTADO (2019-2023) / ID_BENEFICIARIO (2024)",flow (episodes discharged in the year),"All GRD episodes of the same year and hospital panel (per 100,000 episodes); INE base-2017 population by age and sex for complementary population rates","Encrypted identifier changes format between 2020 and 2021 (zero overlap); hospital panel 65/65/65/65/68/72; mean coding depth rises from 4.39 (2019) to 5.78 (2024) diagnoses per episode; 2019 contains day-hospital and emergency activity categories absent from 2020; GRD_PUBLICO_2022.csv omits one malformed source row (932,839 vs 932,840 records; see GRD/metadata/SOURCES_MANIFEST.md)","Unique persons only within each year; never deduplicate across 2020/2021; no person-level linkage to REM, DEIS, FONASA, surveys or education","Primary hospital estimand: GRD episodes with documented F84 in any diagnosis position per 100,000 GRD episodes; F84 principal, strict hospitalisation vs major ambulatory surgery, fixed panel of 65 hospitals and coding-depth stratification are mandatory sensitivities; never label as 'hospitalisations for autism', prevalence or incidence; reproduce config.CONTROLS['grd_*'] before modelling",ASESORIAS_DATA_ROOT,data,FONASA,,GRD/metadata/SOURCES_MANIFEST.md,e5205ff37d45680ea23d9e07536864a50c486eb9c46c84a1b9ebc3098bf0d1b6,True,,not_listed,2025-09-29,https://public.tableau.com/views/PropuestaTableroGRD/PropuestaTableroGRD?:showVizHome=no
grd_publico,GRD_PUBLICO_2021.csv,GRD/GRD_PUBLICO_2021.csv,428657870,9b1506bc327b05b0d31976fbece548d6d3f4c92dddecd48a39bb30ec21d35dcf,2026-09-01 (SOURCES_MANIFEST.md consolidation date); file mtime 2025-09-29,GRD episode (one row per financed/coded hospital episode: hospitalisation or major ambulatory surgery),2021,"Episodes of public hospitals reporting to the FONASA GRD dataset; observed panel of 65 hospitals in 2019-2022, 68 in 2023 and 72 in 2024 (not a fixed panel of 72)","Hospital of care (COD_HOSPITAL, SERVICIO_SALUD); patient's reported COMUNA/PROVINCIA of residence (place of care and residence must not be mixed)","sep='|'; DIAGNOSTICO1..DIAGNOSTICO35 (ICD-10; F84 family per config.F84_SUBCODES, F84.2 Rett excluded in variant sin_rett), TIPO_ACTIVIDAD, COD_HOSPITAL, SEXO, FECHA_NACIMIENTO, FECHA_INGRESO, FECHAALTA, COMUNA, PREVISION; identifier CIP_ENCRIPTADO (2019-2023) / ID_BENEFICIARIO (2024)",flow (episodes discharged in the year),"All GRD episodes of the same year and hospital panel (per 100,000 episodes); INE base-2017 population by age and sex for complementary population rates","Encrypted identifier changes format between 2020 and 2021 (zero overlap); hospital panel 65/65/65/65/68/72; mean coding depth rises from 4.39 (2019) to 5.78 (2024) diagnoses per episode; 2019 contains day-hospital and emergency activity categories absent from 2020; GRD_PUBLICO_2022.csv omits one malformed source row (932,839 vs 932,840 records; see GRD/metadata/SOURCES_MANIFEST.md)","Unique persons only within each year; never deduplicate across 2020/2021; no person-level linkage to REM, DEIS, FONASA, surveys or education","Primary hospital estimand: GRD episodes with documented F84 in any diagnosis position per 100,000 GRD episodes; F84 principal, strict hospitalisation vs major ambulatory surgery, fixed panel of 65 hospitals and coding-depth stratification are mandatory sensitivities; never label as 'hospitalisations for autism', prevalence or incidence; reproduce config.CONTROLS['grd_*'] before modelling",ASESORIAS_DATA_ROOT,data,FONASA,,GRD/metadata/SOURCES_MANIFEST.md,9b1506bc327b05b0d31976fbece548d6d3f4c92dddecd48a39bb30ec21d35dcf,True,,not_listed,2025-09-29,https://public.tableau.com/views/PropuestaTableroGRD/PropuestaTableroGRD?:showVizHome=no
grd_publico,GRD_PUBLICO_2022.csv,GRD/GRD_PUBLICO_2022.csv,484759208,dc0f5a2bf258258cf01a0eb6342fd17ed86ab3d37f7b4ce7abab2fe4829bedb7,2026-09-01 (SOURCES_MANIFEST.md consolidation date); file mtime 2025-09-29,GRD episode (one row per financed/coded hospital episode: hospitalisation or major ambulatory surgery),2022,"Episodes of public hospitals reporting to the FONASA GRD dataset; observed panel of 65 hospitals in 2019-2022, 68 in 2023 and 72 in 2024 (not a fixed panel of 72)","Hospital of care (COD_HOSPITAL, SERVICIO_SALUD); patient's reported COMUNA/PROVINCIA of residence (place of care and residence must not be mixed)","sep='|'; DIAGNOSTICO1..DIAGNOSTICO35 (ICD-10; F84 family per config.F84_SUBCODES, F84.2 Rett excluded in variant sin_rett), TIPO_ACTIVIDAD, COD_HOSPITAL, SEXO, FECHA_NACIMIENTO, FECHA_INGRESO, FECHAALTA, COMUNA, PREVISION; identifier CIP_ENCRIPTADO (2019-2023) / ID_BENEFICIARIO (2024)",flow (episodes discharged in the year),"All GRD episodes of the same year and hospital panel (per 100,000 episodes); INE base-2017 population by age and sex for complementary population rates","Encrypted identifier changes format between 2020 and 2021 (zero overlap); hospital panel 65/65/65/65/68/72; mean coding depth rises from 4.39 (2019) to 5.78 (2024) diagnoses per episode; 2019 contains day-hospital and emergency activity categories absent from 2020; GRD_PUBLICO_2022.csv omits one malformed source row (932,839 vs 932,840 records; see GRD/metadata/SOURCES_MANIFEST.md)","Unique persons only within each year; never deduplicate across 2020/2021; no person-level linkage to REM, DEIS, FONASA, surveys or education","Primary hospital estimand: GRD episodes with documented F84 in any diagnosis position per 100,000 GRD episodes; F84 principal, strict hospitalisation vs major ambulatory surgery, fixed panel of 65 hospitals and coding-depth stratification are mandatory sensitivities; never label as 'hospitalisations for autism', prevalence or incidence; reproduce config.CONTROLS['grd_*'] before modelling",ASESORIAS_DATA_ROOT,data,FONASA,,GRD/metadata/SOURCES_MANIFEST.md,dc0f5a2bf258258cf01a0eb6342fd17ed86ab3d37f7b4ce7abab2fe4829bedb7,True,,not_listed,2025-09-29,https://public.tableau.com/views/PropuestaTableroGRD/PropuestaTableroGRD?:showVizHome=no
grd_publico,GRD_PUBLICO_2023.csv,GRD/GRD_PUBLICO_2023.csv,542631171,191cc389cf65bd3b6018ad8d9e166e1c5c32c4e9b9a524423364fc2c27cdf0b5,2026-09-01 (SOURCES_MANIFEST.md consolidation date); file mtime 2025-09-29,GRD episode (one row per financed/coded hospital episode: hospitalisation or major ambulatory surgery),2023,"Episodes of public hospitals reporting to the FONASA GRD dataset; observed panel of 65 hospitals in 2019-2022, 68 in 2023 and 72 in 2024 (not a fixed panel of 72)","Hospital of care (COD_HOSPITAL, SERVICIO_SALUD); patient's reported COMUNA/PROVINCIA of residence (place of care and residence must not be mixed)","sep='|'; DIAGNOSTICO1..DIAGNOSTICO35 (ICD-10; F84 family per config.F84_SUBCODES, F84.2 Rett excluded in variant sin_rett), TIPO_ACTIVIDAD, COD_HOSPITAL, SEXO, FECHA_NACIMIENTO, FECHA_INGRESO, FECHAALTA, COMUNA, PREVISION; identifier CIP_ENCRIPTADO (2019-2023) / ID_BENEFICIARIO (2024)",flow (episodes discharged in the year),"All GRD episodes of the same year and hospital panel (per 100,000 episodes); INE base-2017 population by age and sex for complementary population rates","Encrypted identifier changes format between 2020 and 2021 (zero overlap); hospital panel 65/65/65/65/68/72; mean coding depth rises from 4.39 (2019) to 5.78 (2024) diagnoses per episode; 2019 contains day-hospital and emergency activity categories absent from 2020; GRD_PUBLICO_2022.csv omits one malformed source row (932,839 vs 932,840 records; see GRD/metadata/SOURCES_MANIFEST.md)","Unique persons only within each year; never deduplicate across 2020/2021; no person-level linkage to REM, DEIS, FONASA, surveys or education","Primary hospital estimand: GRD episodes with documented F84 in any diagnosis position per 100,000 GRD episodes; F84 principal, strict hospitalisation vs major ambulatory surgery, fixed panel of 65 hospitals and coding-depth stratification are mandatory sensitivities; never label as 'hospitalisations for autism', prevalence or incidence; reproduce config.CONTROLS['grd_*'] before modelling",ASESORIAS_DATA_ROOT,data,FONASA,,GRD/metadata/SOURCES_MANIFEST.md,191cc389cf65bd3b6018ad8d9e166e1c5c32c4e9b9a524423364fc2c27cdf0b5,True,,not_listed,2025-09-29,https://public.tableau.com/views/PropuestaTableroGRD/PropuestaTableroGRD?:showVizHome=no
grd_publico,GRD_PUBLICO_2024.csv,GRD/GRD_PUBLICO_2024.csv,571293858,e3b587da0ea5752f6d522b395d70d848e3cc04685755cebd542826eb500d7c8a,2026-09-01 (SOURCES_MANIFEST.md consolidation date); file mtime 2025-09-29,GRD episode (one row per financed/coded hospital episode: hospitalisation or major ambulatory surgery),2024,"Episodes of public hospitals reporting to the FONASA GRD dataset; observed panel of 65 hospitals in 2019-2022, 68 in 2023 and 72 in 2024 (not a fixed panel of 72)","Hospital of care (COD_HOSPITAL, SERVICIO_SALUD); patient's reported COMUNA/PROVINCIA of residence (place of care and residence must not be mixed)","sep='|'; DIAGNOSTICO1..DIAGNOSTICO35 (ICD-10; F84 family per config.F84_SUBCODES, F84.2 Rett excluded in variant sin_rett), TIPO_ACTIVIDAD, COD_HOSPITAL, SEXO, FECHA_NACIMIENTO, FECHA_INGRESO, FECHAALTA, COMUNA, PREVISION; identifier CIP_ENCRIPTADO (2019-2023) / ID_BENEFICIARIO (2024)",flow (episodes discharged in the year),"All GRD episodes of the same year and hospital panel (per 100,000 episodes); INE base-2017 population by age and sex for complementary population rates","Encrypted identifier changes format between 2020 and 2021 (zero overlap); hospital panel 65/65/65/65/68/72; mean coding depth rises from 4.39 (2019) to 5.78 (2024) diagnoses per episode; 2019 contains day-hospital and emergency activity categories absent from 2020; GRD_PUBLICO_2022.csv omits one malformed source row (932,839 vs 932,840 records; see GRD/metadata/SOURCES_MANIFEST.md)","Unique persons only within each year; never deduplicate across 2020/2021; no person-level linkage to REM, DEIS, FONASA, surveys or education","Primary hospital estimand: GRD episodes with documented F84 in any diagnosis position per 100,000 GRD episodes; F84 principal, strict hospitalisation vs major ambulatory surgery, fixed panel of 65 hospitals and coding-depth stratification are mandatory sensitivities; never label as 'hospitalisations for autism', prevalence or incidence; reproduce config.CONTROLS['grd_*'] before modelling",ASESORIAS_DATA_ROOT,data,FONASA,,GRD/metadata/SOURCES_MANIFEST.md,e3b587da0ea5752f6d522b395d70d848e3cc04685755cebd542826eb500d7c8a,True,,not_listed,2025-09-29,https://public.tableau.com/views/PropuestaTableroGRD/PropuestaTableroGRD?:showVizHome=no
grd_dictionaries,CIE-10.xlsx,GRD/metadata/official/CIE-10.xlsx,1680916,c2268cfdcae65a4b79943e88f80fc22f42cd565a67004c6e7f2f04691d89e1c7,2026-09-04 (download_manifest.csv downloaded_at_utc),"Code dictionary / master table (ICD-10, ICD-9-CM procedures, GRD master tables)",versions published with GRD 2019-2024,not applicable (metadata),not applicable,ICD-10 F84 family labels; TIPO_ACTIVIDAD and hospital master tables,not applicable (dictionary),not applicable,Verify the version applicable to each GRD year (source_registry.csv),not applicable,Interpretation of GRD codes and categories only; never a data input,ASESORIAS_DATA_ROOT,dictionary,FONASA,,Autism/metadata/download_manifest.csv,c2268cfdcae65a4b79943e88f80fc22f42cd565a67004c6e7f2f04691d89e1c7,True,1680916,True,2026-09-04,https://public.tableau.com/views/PropuestaTableroGRD/PropuestaTableroGRD?:showVizHome=no
grd_dictionaries,CIE-9_MC.xlsx,GRD/metadata/official/CIE-9_MC.xlsx,182615,77ca671804dc3cce37dbb0ec1fb0e2640d71e1b3cba07dd638e1a53eb489afc2,2026-09-04 (download_manifest.csv downloaded_at_utc),"Code dictionary / master table (ICD-10, ICD-9-CM procedures, GRD master tables)",versions published with GRD 2019-2024,not applicable (metadata),not applicable,ICD-10 F84 family labels; TIPO_ACTIVIDAD and hospital master tables,not applicable (dictionary),not applicable,Verify the version applicable to each GRD year (source_registry.csv),not applicable,Interpretation of GRD codes and categories only; never a data input,ASESORIAS_DATA_ROOT,dictionary,FONASA,,Autism/metadata/download_manifest.csv,77ca671804dc3cce37dbb0ec1fb0e2640d71e1b3cba07dd638e1a53eb489afc2,True,182615,True,2026-09-04,https://public.tableau.com/views/PropuestaTableroGRD/PropuestaTableroGRD?:showVizHome=no
grd_dictionaries,tablas_maestras_bases_GRD.xlsx,GRD/metadata/official/tablas_maestras_bases_GRD.xlsx,54710,29da22ac27a79a5f3d62e0b97fcff79dcaf1f19908dcf517a7e6bb88f216bd8a,2026-09-04 (download_manifest.csv downloaded_at_utc),"Code dictionary / master table (ICD-10, ICD-9-CM procedures, GRD master tables)",versions published with GRD 2019-2024,not applicable (metadata),not applicable,ICD-10 F84 family labels; TIPO_ACTIVIDAD and hospital master tables,not applicable (dictionary),not applicable,Verify the version applicable to each GRD year (source_registry.csv),not applicable,Interpretation of GRD codes and categories only; never a data input,ASESORIAS_DATA_ROOT,dictionary,FONASA,,Autism/metadata/download_manifest.csv,29da22ac27a79a5f3d62e0b97fcff79dcaf1f19908dcf517a7e6bb88f216bd8a,True,54710,True,2026-09-04,https://public.tableau.com/views/PropuestaTableroGRD/PropuestaTableroGRD?:showVizHome=no
grd_dictionaries,códigos grd.xlsx,GRD/metadata/códigos grd.xlsx,54065,66bb84d33d01657ff2a47f2b4b53145eae87ed1fedf938d4a339628f90fb6fdb,2024-02-28 (file mtime; not dated in any manifest),"Code dictionary / master table (ICD-10, ICD-9-CM procedures, GRD master tables)",local codebook used by scripts/grd_epidemiology.py,not applicable (metadata),not applicable,ICD-10 F84 family labels; TIPO_ACTIVIDAD and hospital master tables,not applicable (dictionary),not applicable,Verify the version applicable to each GRD year (source_registry.csv),not applicable,Interpretation of GRD codes and categories only; never a data input,ASESORIAS_DATA_ROOT,dictionary,FONASA,,,,not_listed,,not_listed,2024-02-28,https://public.tableau.com/views/PropuestaTableroGRD/PropuestaTableroGRD?:showVizHome=no
rem_serie_a,SerieA_2019.csv,REM/SerieA/SerieA_2019.csv,503967558,87d8c15c25d33f47a1025c3c4c8a59bfda05b794ed0629a4d4325a96b79a8203,2026-07-07 (REM/SerieA/.rem_manifest.json normalizado_en),Establishment x month x REM code row (Col01..Col50 cells of Serie A monthly statistical register),2019,Activity reported by public-network establishments (primary care and specialty) to DEIS; the reporting panel varies by year and code and must be reported alongside counts,"Establishment of care (IdEstablecimiento, IdServicio, IdRegion, IdComuna of the establishment); never residence","sep=';'; keys Mes, IdServicio, Ano, IdEstablecimiento, CodigoPrestacion, IdRegion, IdComuna; values Col01..Col50 read as text (empty cell != 0). A03 legacy 2019-2022: 03500404, 03500405, 03500406, 03500407; 2023-2024: 09600212-09600219; 2024 only (31-59 months): 03700104-03700109; 2025 redesign: 03710013-03710021. A05 2019-2020 broad PDD: 06902600 (entry), 05225000 (exit); 2021-2025: entries 05990022 autism, 05990023 Asperger, 05990024 Rett, 05990025 disintegrative, 05990026 PDD-NOS; exits 05990027-05990031. A27 2023-2025: 29101566 counselling, 29101574 assisted referral; A28 2023-2025: 29101629 primary, 29101651 hospital. Annual totals: sum of months of Col01+Col02 (A03) or Col01 (A05/A27/A28); A05 age-sex in Col04..Col37","flow (monthly activity: screenings, interventions, programme entries/exits)",INE base-2017 population by age/sex (A05); number of reporting establishments and stable panel; APS enrolment as operational coverage; no ratios between stages of non-linkable sources,"A03: legacy subgroup codes 2019-2022 (children with language/social alteration), new M-CHAT-R/F family 2023, 31-59-month codes added 2024, full redesign 2025; A05: broad PDD only in 2019-2020, strict autism and disaggregated categories from 2021; A27 TEA-specific codes only from 2023 (earlier assisted-referral codes concern alcohol/drugs); A28 autism rehabilitation from 2023; 2020 reporting disruption (pandemic); SerieA_2025.csv keeps one incomplete trailing row from the source publication","Aggregate rows without persons; A27 counts interventions not children; no linkage between A03, A27, A05, A28, P2/P6 or GRD","Build tidy establishment x month x code tables keeping zero, empty and 'no row reported' as distinct states; facet by definition era; report reporting establishments; confirm every code against the annual Serie A dictionary; treat 2020 as a reporting-disruption year without interpolation; reproduce config.CONTROLS a05/a27/a28/a03 totals",ASESORIAS_DATA_ROOT,data,"DEIS, Ministerio de Salud",,REM/SerieA/metadata/canonical_manifest.csv,87d8c15c25d33f47a1025c3c4c8a59bfda05b794ed0629a4d4325a96b79a8203,True,503967558,True,2026-07-07,https://deis.minsal.cl/#datosabiertos
rem_serie_a_dictionary,SA_19_V1.3-CODIGOS.xlsm,REM/SerieA/metadata/diccionarios/2019/SA_19_V1.3-CODIGOS.xlsm,1509697,32d5f0aa249944d7224fb7f06c6a3357742f228a1a22c3590c6065182b38a450,2026-07-07 (file mtime; not dated in any manifest),"Annual Serie A code dictionary (one sheet per REM section: A03, A05, A27, A28, ...)",2019,not applicable (metadata),not applicable,"Sheets A03, A05, A27, A28: code (8 digits), label, section header, COL01..COLnn mapping (sex and age headers)",not applicable (dictionary),not applicable,File naming changes in 2023 (DICCIONARIO CODIGOS SA_yy); code families change as listed for rem_serie_a,not applicable,Confirm every code and column position of scripts/downloads/rem_pathway_codes.csv for the given year before extraction (scripts/audit_rem.py pattern),ASESORIAS_DATA_ROOT,dictionary,"DEIS, Ministerio de Salud",,,,not_listed,,not_listed,2026-07-07,https://deis.minsal.cl/#datosabiertos
rem_serie_a,SerieA_2020.csv,REM/SerieA/SerieA_2020.csv,326901209,732bf4d7e7f7f5c64790926dcdd3e15ff31257b5141447d36dc500b055863f8e,2026-07-07 (REM/SerieA/.rem_manifest.json normalizado_en),Establishment x month x REM code row (Col01..Col50 cells of Serie A monthly statistical register),2020,Activity reported by public-network establishments (primary care and specialty) to DEIS; the reporting panel varies by year and code and must be reported alongside counts,"Establishment of care (IdEstablecimiento, IdServicio, IdRegion, IdComuna of the establishment); never residence","sep=';'; keys Mes, IdServicio, Ano, IdEstablecimiento, CodigoPrestacion, IdRegion, IdComuna; values Col01..Col50 read as text (empty cell != 0). A03 legacy 2019-2022: 03500404, 03500405, 03500406, 03500407; 2023-2024: 09600212-09600219; 2024 only (31-59 months): 03700104-03700109; 2025 redesign: 03710013-03710021. A05 2019-2020 broad PDD: 06902600 (entry), 05225000 (exit); 2021-2025: entries 05990022 autism, 05990023 Asperger, 05990024 Rett, 05990025 disintegrative, 05990026 PDD-NOS; exits 05990027-05990031. A27 2023-2025: 29101566 counselling, 29101574 assisted referral; A28 2023-2025: 29101629 primary, 29101651 hospital. Annual totals: sum of months of Col01+Col02 (A03) or Col01 (A05/A27/A28); A05 age-sex in Col04..Col37","flow (monthly activity: screenings, interventions, programme entries/exits)",INE base-2017 population by age/sex (A05); number of reporting establishments and stable panel; APS enrolment as operational coverage; no ratios between stages of non-linkable sources,"A03: legacy subgroup codes 2019-2022 (children with language/social alteration), new M-CHAT-R/F family 2023, 31-59-month codes added 2024, full redesign 2025; A05: broad PDD only in 2019-2020, strict autism and disaggregated categories from 2021; A27 TEA-specific codes only from 2023 (earlier assisted-referral codes concern alcohol/drugs); A28 autism rehabilitation from 2023; 2020 reporting disruption (pandemic); SerieA_2025.csv keeps one incomplete trailing row from the source publication","Aggregate rows without persons; A27 counts interventions not children; no linkage between A03, A27, A05, A28, P2/P6 or GRD","Build tidy establishment x month x code tables keeping zero, empty and 'no row reported' as distinct states; facet by definition era; report reporting establishments; confirm every code against the annual Serie A dictionary; treat 2020 as a reporting-disruption year without interpolation; reproduce config.CONTROLS a05/a27/a28/a03 totals",ASESORIAS_DATA_ROOT,data,"DEIS, Ministerio de Salud",,REM/SerieA/metadata/canonical_manifest.csv,732bf4d7e7f7f5c64790926dcdd3e15ff31257b5141447d36dc500b055863f8e,True,326901209,True,2026-07-07,https://deis.minsal.cl/#datosabiertos
rem_serie_a_dictionary,SA_20_V1.2-CODIGOS.xlsx,REM/SerieA/metadata/diccionarios/2020/SA_20_V1.2-CODIGOS.xlsx,1147246,564b5daf0e596f53d4f8d17b1281937abe21fe2b34be32cb18b41284ef19c130,2026-07-07 (file mtime; not dated in any manifest),"Annual Serie A code dictionary (one sheet per REM section: A03, A05, A27, A28, ...)",2020,not applicable (metadata),not applicable,"Sheets A03, A05, A27, A28: code (8 digits), label, section header, COL01..COLnn mapping (sex and age headers)",not applicable (dictionary),not applicable,File naming changes in 2023 (DICCIONARIO CODIGOS SA_yy); code families change as listed for rem_serie_a,not applicable,Confirm every code and column position of scripts/downloads/rem_pathway_codes.csv for the given year before extraction (scripts/audit_rem.py pattern),ASESORIAS_DATA_ROOT,dictionary,"DEIS, Ministerio de Salud",,,,not_listed,,not_listed,2026-07-07,https://deis.minsal.cl/#datosabiertos
rem_serie_a,SerieA_2021.csv,REM/SerieA/SerieA_2021.csv,473288133,9828d22047f8b14d45467cf020636422e29ccc0424e74cfbb7b76f7d3e361f2e,2026-07-07 (REM/SerieA/.rem_manifest.json normalizado_en),Establishment x month x REM code row (Col01..Col50 cells of Serie A monthly statistical register),2021,Activity reported by public-network establishments (primary care and specialty) to DEIS; the reporting panel varies by year and code and must be reported alongside counts,"Establishment of care (IdEstablecimiento, IdServicio, IdRegion, IdComuna of the establishment); never residence","sep=';'; keys Mes, IdServicio, Ano, IdEstablecimiento, CodigoPrestacion, IdRegion, IdComuna; values Col01..Col50 read as text (empty cell != 0). A03 legacy 2019-2022: 03500404, 03500405, 03500406, 03500407; 2023-2024: 09600212-09600219; 2024 only (31-59 months): 03700104-03700109; 2025 redesign: 03710013-03710021. A05 2019-2020 broad PDD: 06902600 (entry), 05225000 (exit); 2021-2025: entries 05990022 autism, 05990023 Asperger, 05990024 Rett, 05990025 disintegrative, 05990026 PDD-NOS; exits 05990027-05990031. A27 2023-2025: 29101566 counselling, 29101574 assisted referral; A28 2023-2025: 29101629 primary, 29101651 hospital. Annual totals: sum of months of Col01+Col02 (A03) or Col01 (A05/A27/A28); A05 age-sex in Col04..Col37","flow (monthly activity: screenings, interventions, programme entries/exits)",INE base-2017 population by age/sex (A05); number of reporting establishments and stable panel; APS enrolment as operational coverage; no ratios between stages of non-linkable sources,"A03: legacy subgroup codes 2019-2022 (children with language/social alteration), new M-CHAT-R/F family 2023, 31-59-month codes added 2024, full redesign 2025; A05: broad PDD only in 2019-2020, strict autism and disaggregated categories from 2021; A27 TEA-specific codes only from 2023 (earlier assisted-referral codes concern alcohol/drugs); A28 autism rehabilitation from 2023; 2020 reporting disruption (pandemic); SerieA_2025.csv keeps one incomplete trailing row from the source publication","Aggregate rows without persons; A27 counts interventions not children; no linkage between A03, A27, A05, A28, P2/P6 or GRD","Build tidy establishment x month x code tables keeping zero, empty and 'no row reported' as distinct states; facet by definition era; report reporting establishments; confirm every code against the annual Serie A dictionary; treat 2020 as a reporting-disruption year without interpolation; reproduce config.CONTROLS a05/a27/a28/a03 totals",ASESORIAS_DATA_ROOT,data,"DEIS, Ministerio de Salud",,REM/SerieA/metadata/canonical_manifest.csv,9828d22047f8b14d45467cf020636422e29ccc0424e74cfbb7b76f7d3e361f2e,True,473288133,True,2026-07-07,https://deis.minsal.cl/#datosabiertos
rem_serie_a_dictionary,SA_21_V1.2-CODIGOS.xlsm,REM/SerieA/metadata/diccionarios/2021/SA_21_V1.2-CODIGOS.xlsm,1937271,36d8b8f786651d00e91726e9c9aa6199d82b24ae9cab05d470e224203feee3b0,2026-07-07 (file mtime; not dated in any manifest),"Annual Serie A code dictionary (one sheet per REM section: A03, A05, A27, A28, ...)",2021,not applicable (metadata),not applicable,"Sheets A03, A05, A27, A28: code (8 digits), label, section header, COL01..COLnn mapping (sex and age headers)",not applicable (dictionary),not applicable,File naming changes in 2023 (DICCIONARIO CODIGOS SA_yy); code families change as listed for rem_serie_a,not applicable,Confirm every code and column position of scripts/downloads/rem_pathway_codes.csv for the given year before extraction (scripts/audit_rem.py pattern),ASESORIAS_DATA_ROOT,dictionary,"DEIS, Ministerio de Salud",,,,not_listed,,not_listed,2026-07-07,https://deis.minsal.cl/#datosabiertos
rem_serie_a,SerieA_2022.csv,REM/SerieA/SerieA_2022.csv,563999695,ad02113f713e595a334e0ff4667aa3e3b85df4af9b3b44da82a6f11f042fec94,2026-07-07 (REM/SerieA/.rem_manifest.json normalizado_en),Establishment x month x REM code row (Col01..Col50 cells of Serie A monthly statistical register),2022,Activity reported by public-network establishments (primary care and specialty) to DEIS; the reporting panel varies by year and code and must be reported alongside counts,"Establishment of care (IdEstablecimiento, IdServicio, IdRegion, IdComuna of the establishment); never residence","sep=';'; keys Mes, IdServicio, Ano, IdEstablecimiento, CodigoPrestacion, IdRegion, IdComuna; values Col01..Col50 read as text (empty cell != 0). A03 legacy 2019-2022: 03500404, 03500405, 03500406, 03500407; 2023-2024: 09600212-09600219; 2024 only (31-59 months): 03700104-03700109; 2025 redesign: 03710013-03710021. A05 2019-2020 broad PDD: 06902600 (entry), 05225000 (exit); 2021-2025: entries 05990022 autism, 05990023 Asperger, 05990024 Rett, 05990025 disintegrative, 05990026 PDD-NOS; exits 05990027-05990031. A27 2023-2025: 29101566 counselling, 29101574 assisted referral; A28 2023-2025: 29101629 primary, 29101651 hospital. Annual totals: sum of months of Col01+Col02 (A03) or Col01 (A05/A27/A28); A05 age-sex in Col04..Col37","flow (monthly activity: screenings, interventions, programme entries/exits)",INE base-2017 population by age/sex (A05); number of reporting establishments and stable panel; APS enrolment as operational coverage; no ratios between stages of non-linkable sources,"A03: legacy subgroup codes 2019-2022 (children with language/social alteration), new M-CHAT-R/F family 2023, 31-59-month codes added 2024, full redesign 2025; A05: broad PDD only in 2019-2020, strict autism and disaggregated categories from 2021; A27 TEA-specific codes only from 2023 (earlier assisted-referral codes concern alcohol/drugs); A28 autism rehabilitation from 2023; 2020 reporting disruption (pandemic); SerieA_2025.csv keeps one incomplete trailing row from the source publication","Aggregate rows without persons; A27 counts interventions not children; no linkage between A03, A27, A05, A28, P2/P6 or GRD","Build tidy establishment x month x code tables keeping zero, empty and 'no row reported' as distinct states; facet by definition era; report reporting establishments; confirm every code against the annual Serie A dictionary; treat 2020 as a reporting-disruption year without interpolation; reproduce config.CONTROLS a05/a27/a28/a03 totals",ASESORIAS_DATA_ROOT,data,"DEIS, Ministerio de Salud",,REM/SerieA/metadata/canonical_manifest.csv,ad02113f713e595a334e0ff4667aa3e3b85df4af9b3b44da82a6f11f042fec94,True,563999695,True,2026-07-07,https://deis.minsal.cl/#datosabiertos
rem_serie_a_dictionary,SA_22_V1.1-CODIGOS.xlsm,REM/SerieA/metadata/diccionarios/2022/SA_22_V1.1-CODIGOS.xlsm,1740042,755c32f250cc9b7f74f6cefd07b4f7e4c7983cec1b730455190fed6d9869996e,2026-07-07 (file mtime; not dated in any manifest),"Annual Serie A code dictionary (one sheet per REM section: A03, A05, A27, A28, ...)",2022,not applicable (metadata),not applicable,"Sheets A03, A05, A27, A28: code (8 digits), label, section header, COL01..COLnn mapping (sex and age headers)",not applicable (dictionary),not applicable,File naming changes in 2023 (DICCIONARIO CODIGOS SA_yy); code families change as listed for rem_serie_a,not applicable,Confirm every code and column position of scripts/downloads/rem_pathway_codes.csv for the given year before extraction (scripts/audit_rem.py pattern),ASESORIAS_DATA_ROOT,dictionary,"DEIS, Ministerio de Salud",,,,not_listed,,not_listed,2026-07-07,https://deis.minsal.cl/#datosabiertos
rem_serie_a,SerieA_2023.csv,REM/SerieA/SerieA_2023.csv,618070713,98bb2edd15dafbded1de189cf3f1e5328da7824f8cb27b0e0b0d1297b28812a6,2026-07-07 (REM/SerieA/.rem_manifest.json normalizado_en),Establishment x month x REM code row (Col01..Col50 cells of Serie A monthly statistical register),2023,Activity reported by public-network establishments (primary care and specialty) to DEIS; the reporting panel varies by year and code and must be reported alongside counts,"Establishment of care (IdEstablecimiento, IdServicio, IdRegion, IdComuna of the establishment); never residence","sep=';'; keys Mes, IdServicio, Ano, IdEstablecimiento, CodigoPrestacion, IdRegion, IdComuna; values Col01..Col50 read as text (empty cell != 0). A03 legacy 2019-2022: 03500404, 03500405, 03500406, 03500407; 2023-2024: 09600212-09600219; 2024 only (31-59 months): 03700104-03700109; 2025 redesign: 03710013-03710021. A05 2019-2020 broad PDD: 06902600 (entry), 05225000 (exit); 2021-2025: entries 05990022 autism, 05990023 Asperger, 05990024 Rett, 05990025 disintegrative, 05990026 PDD-NOS; exits 05990027-05990031. A27 2023-2025: 29101566 counselling, 29101574 assisted referral; A28 2023-2025: 29101629 primary, 29101651 hospital. Annual totals: sum of months of Col01+Col02 (A03) or Col01 (A05/A27/A28); A05 age-sex in Col04..Col37","flow (monthly activity: screenings, interventions, programme entries/exits)",INE base-2017 population by age/sex (A05); number of reporting establishments and stable panel; APS enrolment as operational coverage; no ratios between stages of non-linkable sources,"A03: legacy subgroup codes 2019-2022 (children with language/social alteration), new M-CHAT-R/F family 2023, 31-59-month codes added 2024, full redesign 2025; A05: broad PDD only in 2019-2020, strict autism and disaggregated categories from 2021; A27 TEA-specific codes only from 2023 (earlier assisted-referral codes concern alcohol/drugs); A28 autism rehabilitation from 2023; 2020 reporting disruption (pandemic); SerieA_2025.csv keeps one incomplete trailing row from the source publication","Aggregate rows without persons; A27 counts interventions not children; no linkage between A03, A27, A05, A28, P2/P6 or GRD","Build tidy establishment x month x code tables keeping zero, empty and 'no row reported' as distinct states; facet by definition era; report reporting establishments; confirm every code against the annual Serie A dictionary; treat 2020 as a reporting-disruption year without interpolation; reproduce config.CONTROLS a05/a27/a28/a03 totals",ASESORIAS_DATA_ROOT,data,"DEIS, Ministerio de Salud",,REM/SerieA/metadata/canonical_manifest.csv,98bb2edd15dafbded1de189cf3f1e5328da7824f8cb27b0e0b0d1297b28812a6,True,618070713,True,2026-07-07,https://deis.minsal.cl/#datosabiertos
rem_serie_a_dictionary,DICCIONARIO CODIGOS SA_23_V1.4.xlsm,REM/SerieA/metadata/diccionarios/2023/DICCIONARIO CODIGOS SA_23_V1.4.xlsm,2049039,17555c32418dba7288fee4d0b912ad5e276c38345f89ea7b13ef062e43e9d2cc,2026-07-07 (file mtime; not dated in any manifest),"Annual Serie A code dictionary (one sheet per REM section: A03, A05, A27, A28, ...)",2023,not applicable (metadata),not applicable,"Sheets A03, A05, A27, A28: code (8 digits), label, section header, COL01..COLnn mapping (sex and age headers)",not applicable (dictionary),not applicable,File naming changes in 2023 (DICCIONARIO CODIGOS SA_yy); code families change as listed for rem_serie_a,not applicable,Confirm every code and column position of scripts/downloads/rem_pathway_codes.csv for the given year before extraction (scripts/audit_rem.py pattern),ASESORIAS_DATA_ROOT,dictionary,"DEIS, Ministerio de Salud",,,,not_listed,,not_listed,2026-07-07,https://deis.minsal.cl/#datosabiertos
rem_serie_a,SerieA_2024.csv,REM/SerieA/SerieA_2024.csv,671897967,8b82723ebdf95600c25f4640f96bf63dbc32783f0435120f95077a2545867e40,2026-07-07 (REM/SerieA/.rem_manifest.json normalizado_en),Establishment x month x REM code row (Col01..Col50 cells of Serie A monthly statistical register),2024,Activity reported by public-network establishments (primary care and specialty) to DEIS; the reporting panel varies by year and code and must be reported alongside counts,"Establishment of care (IdEstablecimiento, IdServicio, IdRegion, IdComuna of the establishment); never residence","sep=';'; keys Mes, IdServicio, Ano, IdEstablecimiento, CodigoPrestacion, IdRegion, IdComuna; values Col01..Col50 read as text (empty cell != 0). A03 legacy 2019-2022: 03500404, 03500405, 03500406, 03500407; 2023-2024: 09600212-09600219; 2024 only (31-59 months): 03700104-03700109; 2025 redesign: 03710013-03710021. A05 2019-2020 broad PDD: 06902600 (entry), 05225000 (exit); 2021-2025: entries 05990022 autism, 05990023 Asperger, 05990024 Rett, 05990025 disintegrative, 05990026 PDD-NOS; exits 05990027-05990031. A27 2023-2025: 29101566 counselling, 29101574 assisted referral; A28 2023-2025: 29101629 primary, 29101651 hospital. Annual totals: sum of months of Col01+Col02 (A03) or Col01 (A05/A27/A28); A05 age-sex in Col04..Col37","flow (monthly activity: screenings, interventions, programme entries/exits)",INE base-2017 population by age/sex (A05); number of reporting establishments and stable panel; APS enrolment as operational coverage; no ratios between stages of non-linkable sources,"A03: legacy subgroup codes 2019-2022 (children with language/social alteration), new M-CHAT-R/F family 2023, 31-59-month codes added 2024, full redesign 2025; A05: broad PDD only in 2019-2020, strict autism and disaggregated categories from 2021; A27 TEA-specific codes only from 2023 (earlier assisted-referral codes concern alcohol/drugs); A28 autism rehabilitation from 2023; 2020 reporting disruption (pandemic); SerieA_2025.csv keeps one incomplete trailing row from the source publication","Aggregate rows without persons; A27 counts interventions not children; no linkage between A03, A27, A05, A28, P2/P6 or GRD","Build tidy establishment x month x code tables keeping zero, empty and 'no row reported' as distinct states; facet by definition era; report reporting establishments; confirm every code against the annual Serie A dictionary; treat 2020 as a reporting-disruption year without interpolation; reproduce config.CONTROLS a05/a27/a28/a03 totals",ASESORIAS_DATA_ROOT,data,"DEIS, Ministerio de Salud",,REM/SerieA/metadata/canonical_manifest.csv,8b82723ebdf95600c25f4640f96bf63dbc32783f0435120f95077a2545867e40,True,671897967,True,2026-07-07,https://deis.minsal.cl/#datosabiertos
rem_serie_a_dictionary,DICCIONARIO CODIGOS SA_24_V1.1.xlsm,REM/SerieA/metadata/diccionarios/2024/DICCIONARIO CODIGOS SA_24_V1.1.xlsm,1374226,aed008d4d208a5292302d9149e0ae967d5fde02703b33e5f72c00d9338612d1e,2026-07-07 (file mtime; not dated in any manifest),"Annual Serie A code dictionary (one sheet per REM section: A03, A05, A27, A28, ...)",2024,not applicable (metadata),not applicable,"Sheets A03, A05, A27, A28: code (8 digits), label, section header, COL01..COLnn mapping (sex and age headers)",not applicable (dictionary),not applicable,File naming changes in 2023 (DICCIONARIO CODIGOS SA_yy); code families change as listed for rem_serie_a,not applicable,Confirm every code and column position of scripts/downloads/rem_pathway_codes.csv for the given year before extraction (scripts/audit_rem.py pattern),ASESORIAS_DATA_ROOT,dictionary,"DEIS, Ministerio de Salud",,,,not_listed,,not_listed,2026-07-07,https://deis.minsal.cl/#datosabiertos
rem_serie_a,SerieA_2025.csv,REM/SerieA/SerieA_2025.csv,574165721,ef4c364a6f078d8f3cc9a265a3e48e58378dbd7a8d5e9a61ef316e8339c9ed4a,2026-07-07 (REM/SerieA/.rem_manifest.json normalizado_en),Establishment x month x REM code row (Col01..Col50 cells of Serie A monthly statistical register),2025,Activity reported by public-network establishments (primary care and specialty) to DEIS; the reporting panel varies by year and code and must be reported alongside counts,"Establishment of care (IdEstablecimiento, IdServicio, IdRegion, IdComuna of the establishment); never residence","sep=';'; keys Mes, IdServicio, Ano, IdEstablecimiento, CodigoPrestacion, IdRegion, IdComuna; values Col01..Col50 read as text (empty cell != 0). A03 legacy 2019-2022: 03500404, 03500405, 03500406, 03500407; 2023-2024: 09600212-09600219; 2024 only (31-59 months): 03700104-03700109; 2025 redesign: 03710013-03710021. A05 2019-2020 broad PDD: 06902600 (entry), 05225000 (exit); 2021-2025: entries 05990022 autism, 05990023 Asperger, 05990024 Rett, 05990025 disintegrative, 05990026 PDD-NOS; exits 05990027-05990031. A27 2023-2025: 29101566 counselling, 29101574 assisted referral; A28 2023-2025: 29101629 primary, 29101651 hospital. Annual totals: sum of months of Col01+Col02 (A03) or Col01 (A05/A27/A28); A05 age-sex in Col04..Col37","flow (monthly activity: screenings, interventions, programme entries/exits)",INE base-2017 population by age/sex (A05); number of reporting establishments and stable panel; APS enrolment as operational coverage; no ratios between stages of non-linkable sources,"A03: legacy subgroup codes 2019-2022 (children with language/social alteration), new M-CHAT-R/F family 2023, 31-59-month codes added 2024, full redesign 2025; A05: broad PDD only in 2019-2020, strict autism and disaggregated categories from 2021; A27 TEA-specific codes only from 2023 (earlier assisted-referral codes concern alcohol/drugs); A28 autism rehabilitation from 2023; 2020 reporting disruption (pandemic); SerieA_2025.csv keeps one incomplete trailing row from the source publication","Aggregate rows without persons; A27 counts interventions not children; no linkage between A03, A27, A05, A28, P2/P6 or GRD","Build tidy establishment x month x code tables keeping zero, empty and 'no row reported' as distinct states; facet by definition era; report reporting establishments; confirm every code against the annual Serie A dictionary; treat 2020 as a reporting-disruption year without interpolation; reproduce config.CONTROLS a05/a27/a28/a03 totals",ASESORIAS_DATA_ROOT,data,"DEIS, Ministerio de Salud",,REM/SerieA/metadata/canonical_manifest.csv,ef4c364a6f078d8f3cc9a265a3e48e58378dbd7a8d5e9a61ef316e8339c9ed4a,True,574165721,True,2026-07-07,https://deis.minsal.cl/#datosabiertos
rem_serie_a_dictionary,DICCIONARIO CODIGOS SA_25_V1.5.xlsm,REM/SerieA/metadata/diccionarios/2025/DICCIONARIO CODIGOS SA_25_V1.5.xlsm,1561880,564b79117cccde218e1457adac6c19a340129bed68380b5ea81c6b94f1f264b4,2026-07-07 (file mtime; not dated in any manifest),"Annual Serie A code dictionary (one sheet per REM section: A03, A05, A27, A28, ...)",2025,not applicable (metadata),not applicable,"Sheets A03, A05, A27, A28: code (8 digits), label, section header, COL01..COLnn mapping (sex and age headers)",not applicable (dictionary),not applicable,File naming changes in 2023 (DICCIONARIO CODIGOS SA_yy); code families change as listed for rem_serie_a,not applicable,Confirm every code and column position of scripts/downloads/rem_pathway_codes.csv for the given year before extraction (scripts/audit_rem.py pattern),ASESORIAS_DATA_ROOT,dictionary,"DEIS, Ministerio de Salud",,,,not_listed,,not_listed,2026-07-07,https://deis.minsal.cl/#datosabiertos
rem_serie_p,SerieP_2019.csv,REM/SerieP/SerieP_2019.csv,90437288,e3b8c85b1ac3e8e77106df9c818919697761988ab2e9237d9cc588db3757bdc5,2026-09-04 (manifest_extract_rem_series_p.csv processed_at_utc),Establishment x semester (Mes=06 or 12) x REM code row (Serie P population under control),2019,"People under control in public-network establishments reporting P2 (NANEAS) and P6 (mental health) at June and December; reporting establishments vary (P2 December: 460, 400, 640, 897, 1,012, 1,218, 1,325 in 2019-2025)","Establishment of care (IdEstablecimiento, IdServicio, IdRegion, IdComuna of the establishment); never residence","sep=';'; same layout as Serie A (Mes, IdServicio, Ano, IdEstablecimiento, CodigoPrestacion, IdRegion, IdComuna, Col01..Col50 as text). P2500500 (P2 autism NANEAS under control), P2501878 (total NANEAS, from Dec 2023); P6 2019-2020 broad PDD P6223000 (primary) / P6223380 (specialty); P6 2021-2025 primary P6241010-P6241050, specialty P6241060-P6241100. Primary value: Col01 at Mes=12",stock (semiannual population under control),P2501878 total NANEAS under control only from December 2023; number of reporting establishments; INE population as territorial context,P6 changes from broad PDD (2019-2020) to autism and disaggregated categories (2021); P2501878 exists only from December 2023; June 2020 P2 records only 172 persons in 28 establishments (pandemic reporting collapse); files extracted from the official SERIE_REM_{year}.zip (member names vary by year),"Aggregate stocks without persons; not linkable to A05 entries, GRD or education",December (Mes=12) is the primary series and June the sensitivity; never sum semesters nor average them; always report reporting establishments; reproduce config.CONTROLS p2_*/p6_* December totals,ASESORIAS_DATA_ROOT,data,"DEIS, Ministerio de Salud",status=verificado_existente; source_zip=SERIE_REM_2019.zip; member=SerieP_2019.txt,REM/SerieP/manifest_extract_rem_series_p.csv,e3b8c85b1ac3e8e77106df9c818919697761988ab2e9237d9cc588db3757bdc5,True,90437288,True,2026-09-04,https://deis.minsal.cl/#datosabiertos
rem_serie_p_dictionary,SP_19_V1.1-CODIGOS.xlsm,REM/SerieP/diccionarios/2019/SP_19_V1.1-CODIGOS.xlsm,369470,536c4b1fd7ddf412d853d3cfc613dd9df32123b616d33394ad495f1580747209,2026-09-04 (manifest_extract_rem_series_p.csv processed_at_utc),"Annual Serie P code dictionary (sheets P2, P6, ...)",2019,not applicable (metadata),not applicable,"Sheets P2 and P6: code, label, section, COL01..COLnn (sex/age headers)",not applicable (dictionary),not applicable,Taxonomic break of P6 in 2021; P2501878 added in 2023,not applicable,Confirm P2/P6 codes and column meaning for each year before extraction,ASESORIAS_DATA_ROOT,dictionary,"DEIS, Ministerio de Salud",,REM/SerieP/manifest_extract_rem_series_p.csv,536c4b1fd7ddf412d853d3cfc613dd9df32123b616d33394ad495f1580747209,True,369470,True,2026-09-04,https://deis.minsal.cl/#datosabiertos
rem_serie_p,SerieP_2020.csv,REM/SerieP/SerieP_2020.csv,46243230,b5402460d4f380ff6317d887be4d336900ba0ac2a5161823b915cf33fcbc7c02,2026-09-04 (manifest_extract_rem_series_p.csv processed_at_utc),Establishment x semester (Mes=06 or 12) x REM code row (Serie P population under control),2020,"People under control in public-network establishments reporting P2 (NANEAS) and P6 (mental health) at June and December; reporting establishments vary (P2 December: 460, 400, 640, 897, 1,012, 1,218, 1,325 in 2019-2025)","Establishment of care (IdEstablecimiento, IdServicio, IdRegion, IdComuna of the establishment); never residence","sep=';'; same layout as Serie A (Mes, IdServicio, Ano, IdEstablecimiento, CodigoPrestacion, IdRegion, IdComuna, Col01..Col50 as text). P2500500 (P2 autism NANEAS under control), P2501878 (total NANEAS, from Dec 2023); P6 2019-2020 broad PDD P6223000 (primary) / P6223380 (specialty); P6 2021-2025 primary P6241010-P6241050, specialty P6241060-P6241100. Primary value: Col01 at Mes=12",stock (semiannual population under control),P2501878 total NANEAS under control only from December 2023; number of reporting establishments; INE population as territorial context,P6 changes from broad PDD (2019-2020) to autism and disaggregated categories (2021); P2501878 exists only from December 2023; June 2020 P2 records only 172 persons in 28 establishments (pandemic reporting collapse); files extracted from the official SERIE_REM_{year}.zip (member names vary by year),"Aggregate stocks without persons; not linkable to A05 entries, GRD or education",December (Mes=12) is the primary series and June the sensitivity; never sum semesters nor average them; always report reporting establishments; reproduce config.CONTROLS p2_*/p6_* December totals,ASESORIAS_DATA_ROOT,data,"DEIS, Ministerio de Salud",status=verificado_existente; source_zip=SERIE_REM_2020.zip; member=SerieP_2020.txt,REM/SerieP/manifest_extract_rem_series_p.csv,b5402460d4f380ff6317d887be4d336900ba0ac2a5161823b915cf33fcbc7c02,True,46243230,True,2026-09-04,https://deis.minsal.cl/#datosabiertos
rem_serie_p_dictionary,SP_20_V1.0 CODIGOS.xlsm,REM/SerieP/diccionarios/2020/SP_20_V1.0 CODIGOS.xlsm,353950,1901939e368ab75c4383ad6d5b382968dd06528291ef3fe758b83563f569a570,2026-09-04 (manifest_extract_rem_series_p.csv processed_at_utc),"Annual Serie P code dictionary (sheets P2, P6, ...)",2020,not applicable (metadata),not applicable,"Sheets P2 and P6: code, label, section, COL01..COLnn (sex/age headers)",not applicable (dictionary),not applicable,Taxonomic break of P6 in 2021; P2501878 added in 2023,not applicable,Confirm P2/P6 codes and column meaning for each year before extraction,ASESORIAS_DATA_ROOT,dictionary,"DEIS, Ministerio de Salud",,REM/SerieP/manifest_extract_rem_series_p.csv,1901939e368ab75c4383ad6d5b382968dd06528291ef3fe758b83563f569a570,True,353950,True,2026-09-04,https://deis.minsal.cl/#datosabiertos
rem_serie_p,SerieP_2021.csv,REM/SerieP/SerieP_2021.csv,91834115,278440a173b9ad76a5cbc3de3e31aacaecf3bbca7943fd82cbfb4a4b9d216dc4,2026-09-04 (manifest_extract_rem_series_p.csv processed_at_utc),Establishment x semester (Mes=06 or 12) x REM code row (Serie P population under control),2021,"People under control in public-network establishments reporting P2 (NANEAS) and P6 (mental health) at June and December; reporting establishments vary (P2 December: 460, 400, 640, 897, 1,012, 1,218, 1,325 in 2019-2025)","Establishment of care (IdEstablecimiento, IdServicio, IdRegion, IdComuna of the establishment); never residence","sep=';'; same layout as Serie A (Mes, IdServicio, Ano, IdEstablecimiento, CodigoPrestacion, IdRegion, IdComuna, Col01..Col50 as text). P2500500 (P2 autism NANEAS under control), P2501878 (total NANEAS, from Dec 2023); P6 2019-2020 broad PDD P6223000 (primary) / P6223380 (specialty); P6 2021-2025 primary P6241010-P6241050, specialty P6241060-P6241100. Primary value: Col01 at Mes=12",stock (semiannual population under control),P2501878 total NANEAS under control only from December 2023; number of reporting establishments; INE population as territorial context,P6 changes from broad PDD (2019-2020) to autism and disaggregated categories (2021); P2501878 exists only from December 2023; June 2020 P2 records only 172 persons in 28 establishments (pandemic reporting collapse); files extracted from the official SERIE_REM_{year}.zip (member names vary by year),"Aggregate stocks without persons; not linkable to A05 entries, GRD or education",December (Mes=12) is the primary series and June the sensitivity; never sum semesters nor average them; always report reporting establishments; reproduce config.CONTROLS p2_*/p6_* December totals,ASESORIAS_DATA_ROOT,data,"DEIS, Ministerio de Salud",status=verificado_existente; source_zip=SERIE_REM_2021.zip; member=2021/SerieP_2021.txt,REM/SerieP/manifest_extract_rem_series_p.csv,278440a173b9ad76a5cbc3de3e31aacaecf3bbca7943fd82cbfb4a4b9d216dc4,True,91834115,True,2026-09-04,https://deis.minsal.cl/#datosabiertos
rem_serie_p_dictionary,SP_21_V1.1 CODIGOS.xlsm,REM/SerieP/diccionarios/2021/SP_21_V1.1 CODIGOS.xlsm,411439,b69b221545de970c49b756066ccda358825109c70beca6f3b3024ed2e809113c,2026-09-04 (manifest_extract_rem_series_p.csv processed_at_utc),"Annual Serie P code dictionary (sheets P2, P6, ...)",2021,not applicable (metadata),not applicable,"Sheets P2 and P6: code, label, section, COL01..COLnn (sex/age headers)",not applicable (dictionary),not applicable,Taxonomic break of P6 in 2021; P2501878 added in 2023,not applicable,Confirm P2/P6 codes and column meaning for each year before extraction,ASESORIAS_DATA_ROOT,dictionary,"DEIS, Ministerio de Salud",,REM/SerieP/manifest_extract_rem_series_p.csv,b69b221545de970c49b756066ccda358825109c70beca6f3b3024ed2e809113c,True,411439,True,2026-09-04,https://deis.minsal.cl/#datosabiertos
rem_serie_p,SerieP_2022.csv,REM/SerieP/SerieP_2022.csv,103339188,ce18c08fd4f7b716a38898166fcac0f730c2899ded75f5076e9e464fdbc6871b,2026-09-04 (manifest_extract_rem_series_p.csv processed_at_utc),Establishment x semester (Mes=06 or 12) x REM code row (Serie P population under control),2022,"People under control in public-network establishments reporting P2 (NANEAS) and P6 (mental health) at June and December; reporting establishments vary (P2 December: 460, 400, 640, 897, 1,012, 1,218, 1,325 in 2019-2025)","Establishment of care (IdEstablecimiento, IdServicio, IdRegion, IdComuna of the establishment); never residence","sep=';'; same layout as Serie A (Mes, IdServicio, Ano, IdEstablecimiento, CodigoPrestacion, IdRegion, IdComuna, Col01..Col50 as text). P2500500 (P2 autism NANEAS under control), P2501878 (total NANEAS, from Dec 2023); P6 2019-2020 broad PDD P6223000 (primary) / P6223380 (specialty); P6 2021-2025 primary P6241010-P6241050, specialty P6241060-P6241100. Primary value: Col01 at Mes=12",stock (semiannual population under control),P2501878 total NANEAS under control only from December 2023; number of reporting establishments; INE population as territorial context,P6 changes from broad PDD (2019-2020) to autism and disaggregated categories (2021); P2501878 exists only from December 2023; June 2020 P2 records only 172 persons in 28 establishments (pandemic reporting collapse); files extracted from the official SERIE_REM_{year}.zip (member names vary by year),"Aggregate stocks without persons; not linkable to A05 entries, GRD or education",December (Mes=12) is the primary series and June the sensitivity; never sum semesters nor average them; always report reporting establishments; reproduce config.CONTROLS p2_*/p6_* December totals,ASESORIAS_DATA_ROOT,data,"DEIS, Ministerio de Salud",status=verificado_existente; source_zip=SERIE_REM_2022.zip; member=SerieP.txt,REM/SerieP/manifest_extract_rem_series_p.csv,ce18c08fd4f7b716a38898166fcac0f730c2899ded75f5076e9e464fdbc6871b,True,103339188,True,2026-09-04,https://deis.minsal.cl/#datosabiertos
rem_serie_p_dictionary,SP_22_V1.0 CODIGOS.xlsm,REM/SerieP/diccionarios/2022/SP_22_V1.0 CODIGOS.xlsm,366186,d0aa8338e44708a8517a2ea29bdd9ffdee9cfd4b441e5aab620b77e904e00a10,2026-09-04 (manifest_extract_rem_series_p.csv processed_at_utc),"Annual Serie P code dictionary (sheets P2, P6, ...)",2022,not applicable (metadata),not applicable,"Sheets P2 and P6: code, label, section, COL01..COLnn (sex/age headers)",not applicable (dictionary),not applicable,Taxonomic break of P6 in 2021; P2501878 added in 2023,not applicable,Confirm P2/P6 codes and column meaning for each year before extraction,ASESORIAS_DATA_ROOT,dictionary,"DEIS, Ministerio de Salud",,REM/SerieP/manifest_extract_rem_series_p.csv,d0aa8338e44708a8517a2ea29bdd9ffdee9cfd4b441e5aab620b77e904e00a10,True,366186,True,2026-09-04,https://deis.minsal.cl/#datosabiertos
rem_serie_p,SerieP_2023.csv,REM/SerieP/SerieP_2023.csv,118069045,f646fb4a8062a01d8d3d0fab17a02cd477b4cdde2539e501501dd2baf4c92522,2026-09-04 (manifest_extract_rem_series_p.csv processed_at_utc),Establishment x semester (Mes=06 or 12) x REM code row (Serie P population under control),2023,"People under control in public-network establishments reporting P2 (NANEAS) and P6 (mental health) at June and December; reporting establishments vary (P2 December: 460, 400, 640, 897, 1,012, 1,218, 1,325 in 2019-2025)","Establishment of care (IdEstablecimiento, IdServicio, IdRegion, IdComuna of the establishment); never residence","sep=';'; same layout as Serie A (Mes, IdServicio, Ano, IdEstablecimiento, CodigoPrestacion, IdRegion, IdComuna, Col01..Col50 as text). P2500500 (P2 autism NANEAS under control), P2501878 (total NANEAS, from Dec 2023); P6 2019-2020 broad PDD P6223000 (primary) / P6223380 (specialty); P6 2021-2025 primary P6241010-P6241050, specialty P6241060-P6241100. Primary value: Col01 at Mes=12",stock (semiannual population under control),P2501878 total NANEAS under control only from December 2023; number of reporting establishments; INE population as territorial context,P6 changes from broad PDD (2019-2020) to autism and disaggregated categories (2021); P2501878 exists only from December 2023; June 2020 P2 records only 172 persons in 28 establishments (pandemic reporting collapse); files extracted from the official SERIE_REM_{year}.zip (member names vary by year),"Aggregate stocks without persons; not linkable to A05 entries, GRD or education",December (Mes=12) is the primary series and June the sensitivity; never sum semesters nor average them; always report reporting establishments; reproduce config.CONTROLS p2_*/p6_* December totals,ASESORIAS_DATA_ROOT,data,"DEIS, Ministerio de Salud",status=verificado_existente; source_zip=SERIE_REM_2023.zip; member=Datos/SerieP2023.txt,REM/SerieP/manifest_extract_rem_series_p.csv,f646fb4a8062a01d8d3d0fab17a02cd477b4cdde2539e501501dd2baf4c92522,True,118069045,True,2026-09-04,https://deis.minsal.cl/#datosabiertos
rem_serie_p_dictionary,DICCIONARIO CODIGOS SP_23_V1.2.xlsm,REM/SerieP/diccionarios/2023/DICCIONARIO CODIGOS SP_23_V1.2.xlsm,479137,8160b091928920be60698ae63f6557272f248a58c013349a6ee8e71dc15b7551,2026-09-04 (manifest_extract_rem_series_p.csv processed_at_utc),"Annual Serie P code dictionary (sheets P2, P6, ...)",2023,not applicable (metadata),not applicable,"Sheets P2 and P6: code, label, section, COL01..COLnn (sex/age headers)",not applicable (dictionary),not applicable,Taxonomic break of P6 in 2021; P2501878 added in 2023,not applicable,Confirm P2/P6 codes and column meaning for each year before extraction,ASESORIAS_DATA_ROOT,dictionary,"DEIS, Ministerio de Salud",,REM/SerieP/manifest_extract_rem_series_p.csv,8160b091928920be60698ae63f6557272f248a58c013349a6ee8e71dc15b7551,True,479137,True,2026-09-04,https://deis.minsal.cl/#datosabiertos
rem_serie_p,SerieP_2024.csv,REM/SerieP/SerieP_2024.csv,126880490,9664d8c9e6a8160df3ac69c79786fad4b458b8ab0c23003a0a2c7ccdc6a00db4,2026-09-04 (manifest_extract_rem_series_p.csv processed_at_utc),Establishment x semester (Mes=06 or 12) x REM code row (Serie P population under control),2024,"People under control in public-network establishments reporting P2 (NANEAS) and P6 (mental health) at June and December; reporting establishments vary (P2 December: 460, 400, 640, 897, 1,012, 1,218, 1,325 in 2019-2025)","Establishment of care (IdEstablecimiento, IdServicio, IdRegion, IdComuna of the establishment); never residence","sep=';'; same layout as Serie A (Mes, IdServicio, Ano, IdEstablecimiento, CodigoPrestacion, IdRegion, IdComuna, Col01..Col50 as text). P2500500 (P2 autism NANEAS under control), P2501878 (total NANEAS, from Dec 2023); P6 2019-2020 broad PDD P6223000 (primary) / P6223380 (specialty); P6 2021-2025 primary P6241010-P6241050, specialty P6241060-P6241100. Primary value: Col01 at Mes=12",stock (semiannual population under control),P2501878 total NANEAS under control only from December 2023; number of reporting establishments; INE population as territorial context,P6 changes from broad PDD (2019-2020) to autism and disaggregated categories (2021); P2501878 exists only from December 2023; June 2020 P2 records only 172 persons in 28 establishments (pandemic reporting collapse); files extracted from the official SERIE_REM_{year}.zip (member names vary by year),"Aggregate stocks without persons; not linkable to A05 entries, GRD or education",December (Mes=12) is the primary series and June the sensitivity; never sum semesters nor average them; always report reporting establishments; reproduce config.CONTROLS p2_*/p6_* December totals,ASESORIAS_DATA_ROOT,data,"DEIS, Ministerio de Salud",status=verificado_existente; source_zip=SERIE_REM_2024.zip; member=Datos/SerieP2024.csv,REM/SerieP/manifest_extract_rem_series_p.csv,9664d8c9e6a8160df3ac69c79786fad4b458b8ab0c23003a0a2c7ccdc6a00db4,True,126880490,True,2026-09-04,https://deis.minsal.cl/#datosabiertos
rem_serie_p_dictionary,DICCIONARIO CODIGOS SP_24_V1.1.xlsm,REM/SerieP/diccionarios/2024/DICCIONARIO CODIGOS SP_24_V1.1.xlsm,462928,51da22dc9f3f11151f13837898466dd25a0217373866f604fcc5ceef0831ee84,2026-09-04 (manifest_extract_rem_series_p.csv processed_at_utc),"Annual Serie P code dictionary (sheets P2, P6, ...)",2024,not applicable (metadata),not applicable,"Sheets P2 and P6: code, label, section, COL01..COLnn (sex/age headers)",not applicable (dictionary),not applicable,Taxonomic break of P6 in 2021; P2501878 added in 2023,not applicable,Confirm P2/P6 codes and column meaning for each year before extraction,ASESORIAS_DATA_ROOT,dictionary,"DEIS, Ministerio de Salud",,REM/SerieP/manifest_extract_rem_series_p.csv,51da22dc9f3f11151f13837898466dd25a0217373866f604fcc5ceef0831ee84,True,462928,True,2026-09-04,https://deis.minsal.cl/#datosabiertos
rem_serie_p,SerieP_2025.csv,REM/SerieP/SerieP_2025.csv,133008705,cc694848c118367d630c4cb1809f9131f0a1ff576ccd20a755e0a6f099791a98,2026-09-04 (manifest_extract_rem_series_p.csv processed_at_utc),Establishment x semester (Mes=06 or 12) x REM code row (Serie P population under control),2025,"People under control in public-network establishments reporting P2 (NANEAS) and P6 (mental health) at June and December; reporting establishments vary (P2 December: 460, 400, 640, 897, 1,012, 1,218, 1,325 in 2019-2025)","Establishment of care (IdEstablecimiento, IdServicio, IdRegion, IdComuna of the establishment); never residence","sep=';'; same layout as Serie A (Mes, IdServicio, Ano, IdEstablecimiento, CodigoPrestacion, IdRegion, IdComuna, Col01..Col50 as text). P2500500 (P2 autism NANEAS under control), P2501878 (total NANEAS, from Dec 2023); P6 2019-2020 broad PDD P6223000 (primary) / P6223380 (specialty); P6 2021-2025 primary P6241010-P6241050, specialty P6241060-P6241100. Primary value: Col01 at Mes=12",stock (semiannual population under control),P2501878 total NANEAS under control only from December 2023; number of reporting establishments; INE population as territorial context,P6 changes from broad PDD (2019-2020) to autism and disaggregated categories (2021); P2501878 exists only from December 2023; June 2020 P2 records only 172 persons in 28 establishments (pandemic reporting collapse); files extracted from the official SERIE_REM_{year}.zip (member names vary by year),"Aggregate stocks without persons; not linkable to A05 entries, GRD or education",December (Mes=12) is the primary series and June the sensitivity; never sum semesters nor average them; always report reporting establishments; reproduce config.CONTROLS p2_*/p6_* December totals,ASESORIAS_DATA_ROOT,data,"DEIS, Ministerio de Salud",status=verificado_existente; source_zip=SERIE_REM_2025.zip; member=Datos/SerieP2025.csv,REM/SerieP/manifest_extract_rem_series_p.csv,cc694848c118367d630c4cb1809f9131f0a1ff576ccd20a755e0a6f099791a98,True,133008705,True,2026-09-04,https://deis.minsal.cl/#datosabiertos
rem_serie_p_dictionary,DICCIONARIO CODIGOS SP_25_V1.2.xlsm,REM/SerieP/diccionarios/2025/DICCIONARIO CODIGOS SP_25_V1.2.xlsm,439113,a0c41193a3fa58d8cd98fe39a9d3d84131d92d7986155a3224cc7e5819757a3a,2026-09-04 (manifest_extract_rem_series_p.csv processed_at_utc),"Annual Serie P code dictionary (sheets P2, P6, ...)",2025,not applicable (metadata),not applicable,"Sheets P2 and P6: code, label, section, COL01..COLnn (sex/age headers)",not applicable (dictionary),not applicable,Taxonomic break of P6 in 2021; P2501878 added in 2023,not applicable,Confirm P2/P6 codes and column meaning for each year before extraction,ASESORIAS_DATA_ROOT,dictionary,"DEIS, Ministerio de Salud",,REM/SerieP/manifest_extract_rem_series_p.csv,a0c41193a3fa58d8cd98fe39a9d3d84131d92d7986155a3224cc7e5819757a3a,True,439113,True,2026-09-04,https://deis.minsal.cl/#datosabiertos
deis_egresos,2019.csv,DEIS/Egresos/2019.csv,308548956,2b8f91139bf95668025b762f625efca1446f76eda02dc348310a0b7635aa2b25,2024-10-18 (file mtime; not dated in any manifest),"Hospital discharge (egreso) reported to DEIS, one row per discharge",2019,All discharges from public and private establishments reported to DEIS (broader than the GRD public panel),"Residence comuna/region of the patient (COMUNA_RESIDENCIA, 5-digit DEIS code with leading zero) and establishment sector (PERTENENCIA_ESTABLECIMIENTO_SALUD)","sep=';'; DIAG1, DIAG2 (ICD-10; F84 only in principal or one secondary position), ANO_EGRESO, GRUPO_EDAD, SEXO, COMUNA_RESIDENCIA, REGION_RESIDENCIA, PREVISION, DIAS_ESTADA, CONDICION_EGRESO",flow (discharges in the year),All DEIS discharges of the same year; INE population,"Only two diagnosis fields (cannot reproduce 'F84 in any of 35 positions'); column set changes across years (2019 header PERTENENCIA_ESTABLECIMIENTO_SALU with ETNIA, INTERV_Q, PROCED; 2024 header PERTENENCIA_ESTABLECIMIENTO_SALUD without them); 2012 and 2021 have an official 15-column variant kept apart",No identifier; no linkage to GRD episodes or persons,External check of the F84-principal/DIAG1-DIAG2 series and of national discharge volumes only; not a substitute for GRD; never combine numerators from GRD with denominators from DEIS,ASESORIAS_DATA_ROOT,data,"DEIS, Ministerio de Salud",,DEIS/Egresos/metadata/canonical_manifest.csv,2b8f91139bf95668025b762f625efca1446f76eda02dc348310a0b7635aa2b25,True,308548956,True,2024-10-18,https://deis.minsal.cl/#datosabiertos
deis_egresos,2020.csv,DEIS/Egresos/2020.csv,245975785,7a26483c6853a3820eb95c6f9e76dab6023f82079caf6a5c688ff410f11928ea,2024-10-18 (file mtime; not dated in any manifest),"Hospital discharge (egreso) reported to DEIS, one row per discharge",2020,All discharges from public and private establishments reported to DEIS (broader than the GRD public panel),"Residence comuna/region of the patient (COMUNA_RESIDENCIA, 5-digit DEIS code with leading zero) and establishment sector (PERTENENCIA_ESTABLECIMIENTO_SALUD)","sep=';'; DIAG1, DIAG2 (ICD-10; F84 only in principal or one secondary position), ANO_EGRESO, GRUPO_EDAD, SEXO, COMUNA_RESIDENCIA, REGION_RESIDENCIA, PREVISION, DIAS_ESTADA, CONDICION_EGRESO",flow (discharges in the year),All DEIS discharges of the same year; INE population,"Only two diagnosis fields (cannot reproduce 'F84 in any of 35 positions'); column set changes across years (2019 header PERTENENCIA_ESTABLECIMIENTO_SALU with ETNIA, INTERV_Q, PROCED; 2024 header PERTENENCIA_ESTABLECIMIENTO_SALUD without them); 2012 and 2021 have an official 15-column variant kept apart",No identifier; no linkage to GRD episodes or persons,External check of the F84-principal/DIAG1-DIAG2 series and of national discharge volumes only; not a substitute for GRD; never combine numerators from GRD with denominators from DEIS,ASESORIAS_DATA_ROOT,data,"DEIS, Ministerio de Salud",,DEIS/Egresos/metadata/canonical_manifest.csv,7a26483c6853a3820eb95c6f9e76dab6023f82079caf6a5c688ff410f11928ea,True,245975785,True,2024-10-18,https://deis.minsal.cl/#datosabiertos
deis_egresos,2021.csv,DEIS/Egresos/2021.csv,272252436,ca763dd6a51c492f4dc813a8c58ab6ab8181c26be10314eb39cdb616b7b2f2a5,2024-10-18 (file mtime; not dated in any manifest),"Hospital discharge (egreso) reported to DEIS, one row per discharge",2021,All discharges from public and private establishments reported to DEIS (broader than the GRD public panel),"Residence comuna/region of the patient (COMUNA_RESIDENCIA, 5-digit DEIS code with leading zero) and establishment sector (PERTENENCIA_ESTABLECIMIENTO_SALUD)","sep=';'; DIAG1, DIAG2 (ICD-10; F84 only in principal or one secondary position), ANO_EGRESO, GRUPO_EDAD, SEXO, COMUNA_RESIDENCIA, REGION_RESIDENCIA, PREVISION, DIAS_ESTADA, CONDICION_EGRESO",flow (discharges in the year),All DEIS discharges of the same year; INE population,"Only two diagnosis fields (cannot reproduce 'F84 in any of 35 positions'); column set changes across years (2019 header PERTENENCIA_ESTABLECIMIENTO_SALU with ETNIA, INTERV_Q, PROCED; 2024 header PERTENENCIA_ESTABLECIMIENTO_SALUD without them); 2012 and 2021 have an official 15-column variant kept apart",No identifier; no linkage to GRD episodes or persons,External check of the F84-principal/DIAG1-DIAG2 series and of national discharge volumes only; not a substitute for GRD; never combine numerators from GRD with denominators from DEIS,ASESORIAS_DATA_ROOT,data,"DEIS, Ministerio de Salud",,DEIS/Egresos/metadata/canonical_manifest.csv,ca763dd6a51c492f4dc813a8c58ab6ab8181c26be10314eb39cdb616b7b2f2a5,True,272252436,True,2024-10-18,https://deis.minsal.cl/#datosabiertos
deis_egresos,2022.csv,DEIS/Egresos/2022.csv,357942502,92511395bcf5ba42f36f97b60252746cb6068919c8d9d50d7163cdbca0d8ffce,2024-10-18 (file mtime; not dated in any manifest),"Hospital discharge (egreso) reported to DEIS, one row per discharge",2022,All discharges from public and private establishments reported to DEIS (broader than the GRD public panel),"Residence comuna/region of the patient (COMUNA_RESIDENCIA, 5-digit DEIS code with leading zero) and establishment sector (PERTENENCIA_ESTABLECIMIENTO_SALUD)","sep=';'; DIAG1, DIAG2 (ICD-10; F84 only in principal or one secondary position), ANO_EGRESO, GRUPO_EDAD, SEXO, COMUNA_RESIDENCIA, REGION_RESIDENCIA, PREVISION, DIAS_ESTADA, CONDICION_EGRESO",flow (discharges in the year),All DEIS discharges of the same year; INE population,"Only two diagnosis fields (cannot reproduce 'F84 in any of 35 positions'); column set changes across years (2019 header PERTENENCIA_ESTABLECIMIENTO_SALU with ETNIA, INTERV_Q, PROCED; 2024 header PERTENENCIA_ESTABLECIMIENTO_SALUD without them); 2012 and 2021 have an official 15-column variant kept apart",No identifier; no linkage to GRD episodes or persons,External check of the F84-principal/DIAG1-DIAG2 series and of national discharge volumes only; not a substitute for GRD; never combine numerators from GRD with denominators from DEIS,ASESORIAS_DATA_ROOT,data,"DEIS, Ministerio de Salud",,DEIS/Egresos/metadata/canonical_manifest.csv,92511395bcf5ba42f36f97b60252746cb6068919c8d9d50d7163cdbca0d8ffce,True,357942502,True,2024-10-18,https://deis.minsal.cl/#datosabiertos
deis_egresos,2023.csv,DEIS/Egresos/2023.csv,278312188,4b5d1d573254d2597d41c6ac953808281b92ea43d85e49a67f0d3393f21fe5de,2024-10-18 (file mtime; not dated in any manifest),"Hospital discharge (egreso) reported to DEIS, one row per discharge",2023,All discharges from public and private establishments reported to DEIS (broader than the GRD public panel),"Residence comuna/region of the patient (COMUNA_RESIDENCIA, 5-digit DEIS code with leading zero) and establishment sector (PERTENENCIA_ESTABLECIMIENTO_SALUD)","sep=';'; DIAG1, DIAG2 (ICD-10; F84 only in principal or one secondary position), ANO_EGRESO, GRUPO_EDAD, SEXO, COMUNA_RESIDENCIA, REGION_RESIDENCIA, PREVISION, DIAS_ESTADA, CONDICION_EGRESO",flow (discharges in the year),All DEIS discharges of the same year; INE population,"Only two diagnosis fields (cannot reproduce 'F84 in any of 35 positions'); column set changes across years (2019 header PERTENENCIA_ESTABLECIMIENTO_SALU with ETNIA, INTERV_Q, PROCED; 2024 header PERTENENCIA_ESTABLECIMIENTO_SALUD without them); 2012 and 2021 have an official 15-column variant kept apart",No identifier; no linkage to GRD episodes or persons,External check of the F84-principal/DIAG1-DIAG2 series and of national discharge volumes only; not a substitute for GRD; never combine numerators from GRD with denominators from DEIS,ASESORIAS_DATA_ROOT,data,"DEIS, Ministerio de Salud",,DEIS/Egresos/metadata/canonical_manifest.csv,4b5d1d573254d2597d41c6ac953808281b92ea43d85e49a67f0d3393f21fe5de,True,278312188,True,2024-10-18,https://deis.minsal.cl/#datosabiertos
deis_egresos,2024.csv,DEIS/Egresos/2024.csv,245748131,38a6b99d04e9cc04c784a497d5d27873cab67168c5c41866f754825046339976,2025-08-05 (file mtime; not dated in any manifest),"Hospital discharge (egreso) reported to DEIS, one row per discharge",2024,All discharges from public and private establishments reported to DEIS (broader than the GRD public panel),"Residence comuna/region of the patient (COMUNA_RESIDENCIA, 5-digit DEIS code with leading zero) and establishment sector (PERTENENCIA_ESTABLECIMIENTO_SALUD)","sep=';'; DIAG1, DIAG2 (ICD-10; F84 only in principal or one secondary position), ANO_EGRESO, GRUPO_EDAD, SEXO, COMUNA_RESIDENCIA, REGION_RESIDENCIA, PREVISION, DIAS_ESTADA, CONDICION_EGRESO",flow (discharges in the year),All DEIS discharges of the same year; INE population,"Only two diagnosis fields (cannot reproduce 'F84 in any of 35 positions'); column set changes across years (2019 header PERTENENCIA_ESTABLECIMIENTO_SALU with ETNIA, INTERV_Q, PROCED; 2024 header PERTENENCIA_ESTABLECIMIENTO_SALUD without them); 2012 and 2021 have an official 15-column variant kept apart",No identifier; no linkage to GRD episodes or persons,External check of the F84-principal/DIAG1-DIAG2 series and of national discharge volumes only; not a substitute for GRD; never combine numerators from GRD with denominators from DEIS,ASESORIAS_DATA_ROOT,data,"DEIS, Ministerio de Salud",,DEIS/Egresos/metadata/canonical_manifest.csv,38a6b99d04e9cc04c784a497d5d27873cab67168c5c41866f754825046339976,True,245748131,True,2025-08-05,https://deis.minsal.cl/#datosabiertos
deis_egresos_dictionary,Diccionario BD egresos hospitalario.xlsx,DEIS/Egresos/metadata/Diccionario BD egresos hospitalario.xlsx,684270,007209250d4ae56fd2f11a3e96242a8336750e31a47fda9f70bb8061676b1f9c,2026-06-24 (file mtime; not dated in any manifest),Variable dictionary of the DEIS discharge database,2001-2024,not applicable (metadata),not applicable,"Variable names, categories and age groups of DEIS discharges",not applicable (dictionary),not applicable,"Check variant schemas (2012, 2021, 2024)",not applicable,Interpretation only,ASESORIAS_DATA_ROOT,dictionary,"DEIS, Ministerio de Salud",,,,not_listed,,not_listed,2026-06-24,https://deis.minsal.cl/#datosabiertos
fonasa_aggregates,Resultados_201812.rar,FONASA/Resultados_201812.rar,3494968,ab62a8a339bd8764ef06f3c49adc18bc30521e4656ca5e586e9fba0dd227b50c,2026-09-04 (download_manifest.csv downloaded_at_utc),Aggregated cell of FONASA beneficiaries at December (dimension combination x count),December 2018,"FONASA beneficiaries at 31 December (national totals 14,841,577 in 2019 to 17,132,611 in 2025)",Mixed: comuna of the APS enrolment centre for enrolled persons and domicile for non-enrolled; the variable INSCRITO_APS that separates the mixture disappears from 2023; never treat as homogeneous residence,"Archive member CSV (bsdtar -xf; rar for 2018-2021, zip for 2022-2025). 2018-2020: MES_INFORMACION, TITULAR_CARGA, TRAMO, SEXO, EDAD_TRAMO, NACIONALIDAD, TIPO_ASEGURADO, DIRECCION_ZONAL, SERVICIO_SALUD, REGION, COMUNA, INSCRITO_APS, CUENTA_BENEFICIARIOS; 2021-2022 drop TIPO_ASEGURADO; 2023: TRAMO_FONASA and no INSCRITO_APS/DIRECCION_ZONAL; 2024-2025: REGION, COMUNA, SEXO, EDAD_TRAMO, NACIONALIDAD, TITULAR_CARGA, TRAMO, BENEFICIARIOS",stock (December snapshot),"Public insurance coverage denominator by comuna, age group and sex (insurance layer, distinct from INE, APS and REM-20)","Schema changes in 2021, 2023, 2024 and 2025; count column renamed CUENTA_BENEFICIARIOS -> BENEFICIARIOS in 2024; 2018-2020 contain repeated rows that are additive fragments of an unexposed dimension; encoding Latin-1 in 2018-2024 members and UTF-8 in the 2025 member; age groups change (e.g. 30 a 39 in 2023)",Aggregate; no persons; not linkable to REM or GRD,Never apply drop_duplicates(): sum all rows; harmonise schema explicitly keeping original columns; use as insurance-coverage layer only; reproduce config.CONTROLS fonasa_beneficiaries_december,ASESORIAS_DATA_ROOT,data,Fondo Nacional de Salud (FONASA),Resultados Beneficiarios 201812.csv,Autism/metadata/download_manifest.csv,ab62a8a339bd8764ef06f3c49adc18bc30521e4656ca5e586e9fba0dd227b50c,True,3494968,True,2026-09-04,https://datosabiertos.fonasa.cl/dimensiones-beneficiarios/
fonasa_aggregates,Resultados_201912.rar,FONASA/Resultados_201912.rar,3792730,8b1b8d90f22c8d4e5163c732ece657cacc1ae6cf6a059b55a4820449d557e6bd,2026-09-04 (download_manifest.csv downloaded_at_utc); file mtime 2026-07-17,Aggregated cell of FONASA beneficiaries at December (dimension combination x count),December 2019,"FONASA beneficiaries at 31 December (national totals 14,841,577 in 2019 to 17,132,611 in 2025)",Mixed: comuna of the APS enrolment centre for enrolled persons and domicile for non-enrolled; the variable INSCRITO_APS that separates the mixture disappears from 2023; never treat as homogeneous residence,"Archive member CSV (bsdtar -xf; rar for 2018-2021, zip for 2022-2025). 2018-2020: MES_INFORMACION, TITULAR_CARGA, TRAMO, SEXO, EDAD_TRAMO, NACIONALIDAD, TIPO_ASEGURADO, DIRECCION_ZONAL, SERVICIO_SALUD, REGION, COMUNA, INSCRITO_APS, CUENTA_BENEFICIARIOS; 2021-2022 drop TIPO_ASEGURADO; 2023: TRAMO_FONASA and no INSCRITO_APS/DIRECCION_ZONAL; 2024-2025: REGION, COMUNA, SEXO, EDAD_TRAMO, NACIONALIDAD, TITULAR_CARGA, TRAMO, BENEFICIARIOS",stock (December snapshot),"Public insurance coverage denominator by comuna, age group and sex (insurance layer, distinct from INE, APS and REM-20)","Schema changes in 2021, 2023, 2024 and 2025; count column renamed CUENTA_BENEFICIARIOS -> BENEFICIARIOS in 2024; 2018-2020 contain repeated rows that are additive fragments of an unexposed dimension; encoding Latin-1 in 2018-2024 members and UTF-8 in the 2025 member; age groups change (e.g. 30 a 39 in 2023)",Aggregate; no persons; not linkable to REM or GRD,Never apply drop_duplicates(): sum all rows; harmonise schema explicitly keeping original columns; use as insurance-coverage layer only; reproduce config.CONTROLS fonasa_beneficiaries_december,ASESORIAS_DATA_ROOT,data,Fondo Nacional de Salud (FONASA),Resultados Beneficiarios 201912.csv,Autism/metadata/download_manifest.csv; FONASA/metadata/source_manifest.csv,8b1b8d90f22c8d4e5163c732ece657cacc1ae6cf6a059b55a4820449d557e6bd,True,3792730,True,2026-07-17,https://datosabiertos.fonasa.cl/dimensiones-beneficiarios/
fonasa_aggregates,Resultados_202012.rar,FONASA/Resultados_202012.rar,3964279,e364d6144fd0b62154f5df56e9cc832357356e80f5b0ee1b60562befe02c9c69,2026-09-04 (download_manifest.csv downloaded_at_utc); file mtime 2026-07-17,Aggregated cell of FONASA beneficiaries at December (dimension combination x count),December 2020,"FONASA beneficiaries at 31 December (national totals 14,841,577 in 2019 to 17,132,611 in 2025)",Mixed: comuna of the APS enrolment centre for enrolled persons and domicile for non-enrolled; the variable INSCRITO_APS that separates the mixture disappears from 2023; never treat as homogeneous residence,"Archive member CSV (bsdtar -xf; rar for 2018-2021, zip for 2022-2025). 2018-2020: MES_INFORMACION, TITULAR_CARGA, TRAMO, SEXO, EDAD_TRAMO, NACIONALIDAD, TIPO_ASEGURADO, DIRECCION_ZONAL, SERVICIO_SALUD, REGION, COMUNA, INSCRITO_APS, CUENTA_BENEFICIARIOS; 2021-2022 drop TIPO_ASEGURADO; 2023: TRAMO_FONASA and no INSCRITO_APS/DIRECCION_ZONAL; 2024-2025: REGION, COMUNA, SEXO, EDAD_TRAMO, NACIONALIDAD, TITULAR_CARGA, TRAMO, BENEFICIARIOS",stock (December snapshot),"Public insurance coverage denominator by comuna, age group and sex (insurance layer, distinct from INE, APS and REM-20)","Schema changes in 2021, 2023, 2024 and 2025; count column renamed CUENTA_BENEFICIARIOS -> BENEFICIARIOS in 2024; 2018-2020 contain repeated rows that are additive fragments of an unexposed dimension; encoding Latin-1 in 2018-2024 members and UTF-8 in the 2025 member; age groups change (e.g. 30 a 39 in 2023)",Aggregate; no persons; not linkable to REM or GRD,Never apply drop_duplicates(): sum all rows; harmonise schema explicitly keeping original columns; use as insurance-coverage layer only; reproduce config.CONTROLS fonasa_beneficiaries_december,ASESORIAS_DATA_ROOT,data,Fondo Nacional de Salud (FONASA),Resultados Beneficiarios 202012.csv,Autism/metadata/download_manifest.csv; FONASA/metadata/source_manifest.csv,e364d6144fd0b62154f5df56e9cc832357356e80f5b0ee1b60562befe02c9c69,True,3964279,True,2026-07-17,https://datosabiertos.fonasa.cl/dimensiones-beneficiarios/
fonasa_aggregates,Resultados_202112.rar,FONASA/Resultados_202112.rar,1496429,804dacfb83a8498aca21df199d2e08bda0730c8c79b370a6ad57a2c4973e72bb,2026-09-04 (download_manifest.csv downloaded_at_utc); file mtime 2026-07-17,Aggregated cell of FONASA beneficiaries at December (dimension combination x count),December 2021,"FONASA beneficiaries at 31 December (national totals 14,841,577 in 2019 to 17,132,611 in 2025)",Mixed: comuna of the APS enrolment centre for enrolled persons and domicile for non-enrolled; the variable INSCRITO_APS that separates the mixture disappears from 2023; never treat as homogeneous residence,"Archive member CSV (bsdtar -xf; rar for 2018-2021, zip for 2022-2025). 2018-2020: MES_INFORMACION, TITULAR_CARGA, TRAMO, SEXO, EDAD_TRAMO, NACIONALIDAD, TIPO_ASEGURADO, DIRECCION_ZONAL, SERVICIO_SALUD, REGION, COMUNA, INSCRITO_APS, CUENTA_BENEFICIARIOS; 2021-2022 drop TIPO_ASEGURADO; 2023: TRAMO_FONASA and no INSCRITO_APS/DIRECCION_ZONAL; 2024-2025: REGION, COMUNA, SEXO, EDAD_TRAMO, NACIONALIDAD, TITULAR_CARGA, TRAMO, BENEFICIARIOS",stock (December snapshot),"Public insurance coverage denominator by comuna, age group and sex (insurance layer, distinct from INE, APS and REM-20)","Schema changes in 2021, 2023, 2024 and 2025; count column renamed CUENTA_BENEFICIARIOS -> BENEFICIARIOS in 2024; 2018-2020 contain repeated rows that are additive fragments of an unexposed dimension; encoding Latin-1 in 2018-2024 members and UTF-8 in the 2025 member; age groups change (e.g. 30 a 39 in 2023)",Aggregate; no persons; not linkable to REM or GRD,Never apply drop_duplicates(): sum all rows; harmonise schema explicitly keeping original columns; use as insurance-coverage layer only; reproduce config.CONTROLS fonasa_beneficiaries_december,ASESORIAS_DATA_ROOT,data,Fondo Nacional de Salud (FONASA),Resultados Beneficiarios 202112.csv,Autism/metadata/download_manifest.csv; FONASA/metadata/source_manifest.csv,804dacfb83a8498aca21df199d2e08bda0730c8c79b370a6ad57a2c4973e72bb,True,1496429,True,2026-07-17,https://datosabiertos.fonasa.cl/dimensiones-beneficiarios/
fonasa_aggregates,Resultados_202212.zip,FONASA/Resultados_202212.zip,2521984,70311659098bda3482ccd6539a5e1aa0fe3ad726b08b358b7797ec59247bdcb2,2026-09-04 (download_manifest.csv downloaded_at_utc); file mtime 2026-07-17,Aggregated cell of FONASA beneficiaries at December (dimension combination x count),December 2022,"FONASA beneficiaries at 31 December (national totals 14,841,577 in 2019 to 17,132,611 in 2025)",Mixed: comuna of the APS enrolment centre for enrolled persons and domicile for non-enrolled; the variable INSCRITO_APS that separates the mixture disappears from 2023; never treat as homogeneous residence,"Archive member CSV (bsdtar -xf; rar for 2018-2021, zip for 2022-2025). 2018-2020: MES_INFORMACION, TITULAR_CARGA, TRAMO, SEXO, EDAD_TRAMO, NACIONALIDAD, TIPO_ASEGURADO, DIRECCION_ZONAL, SERVICIO_SALUD, REGION, COMUNA, INSCRITO_APS, CUENTA_BENEFICIARIOS; 2021-2022 drop TIPO_ASEGURADO; 2023: TRAMO_FONASA and no INSCRITO_APS/DIRECCION_ZONAL; 2024-2025: REGION, COMUNA, SEXO, EDAD_TRAMO, NACIONALIDAD, TITULAR_CARGA, TRAMO, BENEFICIARIOS",stock (December snapshot),"Public insurance coverage denominator by comuna, age group and sex (insurance layer, distinct from INE, APS and REM-20)","Schema changes in 2021, 2023, 2024 and 2025; count column renamed CUENTA_BENEFICIARIOS -> BENEFICIARIOS in 2024; 2018-2020 contain repeated rows that are additive fragments of an unexposed dimension; encoding Latin-1 in 2018-2024 members and UTF-8 in the 2025 member; age groups change (e.g. 30 a 39 in 2023)",Aggregate; no persons; not linkable to REM or GRD,Never apply drop_duplicates(): sum all rows; harmonise schema explicitly keeping original columns; use as insurance-coverage layer only; reproduce config.CONTROLS fonasa_beneficiaries_december,ASESORIAS_DATA_ROOT,data,Fondo Nacional de Salud (FONASA),Beneficiarios Fonasa 2022.csv,Autism/metadata/download_manifest.csv; FONASA/metadata/source_manifest.csv,70311659098bda3482ccd6539a5e1aa0fe3ad726b08b358b7797ec59247bdcb2,True,2521984,True,2026-07-17,https://datosabiertos.fonasa.cl/dimensiones-beneficiarios/
fonasa_aggregates,Resultados_202312.zip,FONASA/Resultados_202312.zip,730429,7e2d584cee473b5b83b24e361c9f7d1b9a594833ffe008df3f64b64b8d1aed84,2026-09-04 (download_manifest.csv downloaded_at_utc); file mtime 2026-07-17,Aggregated cell of FONASA beneficiaries at December (dimension combination x count),December 2023,"FONASA beneficiaries at 31 December (national totals 14,841,577 in 2019 to 17,132,611 in 2025)",Mixed: comuna of the APS enrolment centre for enrolled persons and domicile for non-enrolled; the variable INSCRITO_APS that separates the mixture disappears from 2023; never treat as homogeneous residence,"Archive member CSV (bsdtar -xf; rar for 2018-2021, zip for 2022-2025). 2018-2020: MES_INFORMACION, TITULAR_CARGA, TRAMO, SEXO, EDAD_TRAMO, NACIONALIDAD, TIPO_ASEGURADO, DIRECCION_ZONAL, SERVICIO_SALUD, REGION, COMUNA, INSCRITO_APS, CUENTA_BENEFICIARIOS; 2021-2022 drop TIPO_ASEGURADO; 2023: TRAMO_FONASA and no INSCRITO_APS/DIRECCION_ZONAL; 2024-2025: REGION, COMUNA, SEXO, EDAD_TRAMO, NACIONALIDAD, TITULAR_CARGA, TRAMO, BENEFICIARIOS",stock (December snapshot),"Public insurance coverage denominator by comuna, age group and sex (insurance layer, distinct from INE, APS and REM-20)","Schema changes in 2021, 2023, 2024 and 2025; count column renamed CUENTA_BENEFICIARIOS -> BENEFICIARIOS in 2024; 2018-2020 contain repeated rows that are additive fragments of an unexposed dimension; encoding Latin-1 in 2018-2024 members and UTF-8 in the 2025 member; age groups change (e.g. 30 a 39 in 2023)",Aggregate; no persons; not linkable to REM or GRD,Never apply drop_duplicates(): sum all rows; harmonise schema explicitly keeping original columns; use as insurance-coverage layer only; reproduce config.CONTROLS fonasa_beneficiaries_december,ASESORIAS_DATA_ROOT,data,Fondo Nacional de Salud (FONASA),Beneficiarios 2023.csv,Autism/metadata/download_manifest.csv; FONASA/metadata/source_manifest.csv,7e2d584cee473b5b83b24e361c9f7d1b9a594833ffe008df3f64b64b8d1aed84,True,730429,True,2026-07-17,https://datosabiertos.fonasa.cl/dimensiones-beneficiarios/
fonasa_aggregates,Resultados_202412.zip,FONASA/Resultados_202412.zip,1082516,b4361ffe69e1977ab01dc5ba58097f0143a52543682aedb03fdcc2459244960c,2026-09-04 (download_manifest.csv downloaded_at_utc); file mtime 2026-07-17,Aggregated cell of FONASA beneficiaries at December (dimension combination x count),December 2024,"FONASA beneficiaries at 31 December (national totals 14,841,577 in 2019 to 17,132,611 in 2025)",Mixed: comuna of the APS enrolment centre for enrolled persons and domicile for non-enrolled; the variable INSCRITO_APS that separates the mixture disappears from 2023; never treat as homogeneous residence,"Archive member CSV (bsdtar -xf; rar for 2018-2021, zip for 2022-2025). 2018-2020: MES_INFORMACION, TITULAR_CARGA, TRAMO, SEXO, EDAD_TRAMO, NACIONALIDAD, TIPO_ASEGURADO, DIRECCION_ZONAL, SERVICIO_SALUD, REGION, COMUNA, INSCRITO_APS, CUENTA_BENEFICIARIOS; 2021-2022 drop TIPO_ASEGURADO; 2023: TRAMO_FONASA and no INSCRITO_APS/DIRECCION_ZONAL; 2024-2025: REGION, COMUNA, SEXO, EDAD_TRAMO, NACIONALIDAD, TITULAR_CARGA, TRAMO, BENEFICIARIOS",stock (December snapshot),"Public insurance coverage denominator by comuna, age group and sex (insurance layer, distinct from INE, APS and REM-20)","Schema changes in 2021, 2023, 2024 and 2025; count column renamed CUENTA_BENEFICIARIOS -> BENEFICIARIOS in 2024; 2018-2020 contain repeated rows that are additive fragments of an unexposed dimension; encoding Latin-1 in 2018-2024 members and UTF-8 in the 2025 member; age groups change (e.g. 30 a 39 in 2023)",Aggregate; no persons; not linkable to REM or GRD,Never apply drop_duplicates(): sum all rows; harmonise schema explicitly keeping original columns; use as insurance-coverage layer only; reproduce config.CONTROLS fonasa_beneficiaries_december,ASESORIAS_DATA_ROOT,data,Fondo Nacional de Salud (FONASA),Beneficiarios 2024.csv,Autism/metadata/download_manifest.csv; FONASA/metadata/source_manifest.csv,b4361ffe69e1977ab01dc5ba58097f0143a52543682aedb03fdcc2459244960c,True,1082516,True,2026-07-17,https://datosabiertos.fonasa.cl/dimensiones-beneficiarios/
fonasa_aggregates,Resultados_202512.zip,FONASA/Resultados_202512.zip,1164600,ae0528cf28e7ab4ad044a1b6005a28b779122f54d0527c88917c3a19bed9ec07,2026-09-04 (download_manifest.csv downloaded_at_utc),Aggregated cell of FONASA beneficiaries at December (dimension combination x count),December 2025,"FONASA beneficiaries at 31 December (national totals 14,841,577 in 2019 to 17,132,611 in 2025)",Mixed: comuna of the APS enrolment centre for enrolled persons and domicile for non-enrolled; the variable INSCRITO_APS that separates the mixture disappears from 2023; never treat as homogeneous residence,"Archive member CSV (bsdtar -xf; rar for 2018-2021, zip for 2022-2025). 2018-2020: MES_INFORMACION, TITULAR_CARGA, TRAMO, SEXO, EDAD_TRAMO, NACIONALIDAD, TIPO_ASEGURADO, DIRECCION_ZONAL, SERVICIO_SALUD, REGION, COMUNA, INSCRITO_APS, CUENTA_BENEFICIARIOS; 2021-2022 drop TIPO_ASEGURADO; 2023: TRAMO_FONASA and no INSCRITO_APS/DIRECCION_ZONAL; 2024-2025: REGION, COMUNA, SEXO, EDAD_TRAMO, NACIONALIDAD, TITULAR_CARGA, TRAMO, BENEFICIARIOS",stock (December snapshot),"Public insurance coverage denominator by comuna, age group and sex (insurance layer, distinct from INE, APS and REM-20)","Schema changes in 2021, 2023, 2024 and 2025; count column renamed CUENTA_BENEFICIARIOS -> BENEFICIARIOS in 2024; 2018-2020 contain repeated rows that are additive fragments of an unexposed dimension; encoding Latin-1 in 2018-2024 members and UTF-8 in the 2025 member; age groups change (e.g. 30 a 39 in 2023)",Aggregate; no persons; not linkable to REM or GRD,Never apply drop_duplicates(): sum all rows; harmonise schema explicitly keeping original columns; use as insurance-coverage layer only; reproduce config.CONTROLS fonasa_beneficiaries_december,ASESORIAS_DATA_ROOT,data,Fondo Nacional de Salud (FONASA),Beneficiarios 2025.csv,Autism/metadata/download_manifest.csv,ae0528cf28e7ab4ad044a1b6005a28b779122f54d0527c88917c3a19bed9ec07,True,1164600,True,2026-09-04,https://datosabiertos.fonasa.cl/dimensiones-beneficiarios/
fonasa_dictionary,Diccionario_beneficiarios.xlsx,FONASA/Diccionario_beneficiarios.xlsx,9855,97d760d074871070779fcd65b383b1a344e132d70ae12d2060dfc024289df5ff,2026-09-04 (download_manifest.csv downloaded_at_utc); file mtime 2026-07-17,Variable dictionary of FONASA beneficiary publications,current,not applicable (metadata),not applicable,"Variable definitions (TRAMO, TITULAR_CARGA, EDAD_TRAMO, INSCRITO_APS, ...)",not applicable (dictionary),not applicable,Confirm version applicable to each year,not applicable,Interpretation only,ASESORIAS_DATA_ROOT,dictionary,Fondo Nacional de Salud (FONASA),,Autism/metadata/download_manifest.csv; FONASA/metadata/source_manifest.csv,97d760d074871070779fcd65b383b1a344e132d70ae12d2060dfc024289df5ff,True,9855,True,2026-07-17,https://datosabiertos.fonasa.cl/dimensiones-beneficiarios/
fonasa_aps,Inscritos_APS_201912.csv,FONASA/APS/Inscritos_APS_201912.csv,12586641,55a09b2f1ab6439868cd4e4a1e13a9ba2a3e4aa6a258de617a2721c35250b09c,2026-09-04 (download_manifest.csv downloaded_at_utc),Aggregated cell: APS centre x FONASA tramo x age group x sex x TOTAL_INSCRITOS at 31 December,31 December 2019,"Persons enrolled in primary-care centres (13,777,051 in 2019 to 15,791,862 in 2025; centres 1,890 to 2,091)","Comuna of the APS centre (COD_CENTRO), never residence","sep=','; PERIODO, SERVICIO_SALUD, REGIÓN, COMUNA, COD_CENTRO, NOMBRE_CENTRO, NOMBRE_DEPENDENCIA/DEPENDENCIA_ADMINISTRATIVA, TRAMO/TRAMO_FONASA, EDAD_TRAMO, SEXO, TOTAL_INSCRITOS",stock (December snapshot),"Operational coverage per centre (offset for REM primary-care indicators); continuous panel of 1,871 centre codes retains 99.87% of 2019 and 97.54% of 2025 totals","2024: variable names change (NOMBRE_DEPENDENCIA -> DEPENDENCIA_ADMINISTRATIVA, TRAMO -> TRAMO_FONASA) and age groups change; encoding Latin-1 in 2019-2023 and UTF-8 in 2024-2025; centre code 200261 appears reused and 200474 corrected geographically; tramo X and missing tramos must not be mixed without definition",Aggregate; no persons,Use as operational-coverage layer; restrict to tramos A-D when comparing with FONASA 'enrolled' totals (difference < 0.2% in 2019-2022); keep original columns; reproduce config.CONTROLS aps_enrolled_december and aps_centres,ASESORIAS_DATA_ROOT,data,FONASA,,Autism/metadata/download_manifest.csv,55a09b2f1ab6439868cd4e4a1e13a9ba2a3e4aa6a258de617a2721c35250b09c,True,12586641,True,2026-09-04,https://public.tableau.com/views/ReporteInscritosCentrosAPS/ReporteAPS?:showVizHome=no
fonasa_aps,Inscritos_APS_202012.csv,FONASA/APS/Inscritos_APS_202012.csv,12799665,5c32f5e7bc0650088d75640e182771d469b32b6c6eea214c99303ba6958a2d72,2026-09-04 (download_manifest.csv downloaded_at_utc),Aggregated cell: APS centre x FONASA tramo x age group x sex x TOTAL_INSCRITOS at 31 December,31 December 2020,"Persons enrolled in primary-care centres (13,777,051 in 2019 to 15,791,862 in 2025; centres 1,890 to 2,091)","Comuna of the APS centre (COD_CENTRO), never residence","sep=','; PERIODO, SERVICIO_SALUD, REGIÓN, COMUNA, COD_CENTRO, NOMBRE_CENTRO, NOMBRE_DEPENDENCIA/DEPENDENCIA_ADMINISTRATIVA, TRAMO/TRAMO_FONASA, EDAD_TRAMO, SEXO, TOTAL_INSCRITOS",stock (December snapshot),"Operational coverage per centre (offset for REM primary-care indicators); continuous panel of 1,871 centre codes retains 99.87% of 2019 and 97.54% of 2025 totals","2024: variable names change (NOMBRE_DEPENDENCIA -> DEPENDENCIA_ADMINISTRATIVA, TRAMO -> TRAMO_FONASA) and age groups change; encoding Latin-1 in 2019-2023 and UTF-8 in 2024-2025; centre code 200261 appears reused and 200474 corrected geographically; tramo X and missing tramos must not be mixed without definition",Aggregate; no persons,Use as operational-coverage layer; restrict to tramos A-D when comparing with FONASA 'enrolled' totals (difference < 0.2% in 2019-2022); keep original columns; reproduce config.CONTROLS aps_enrolled_december and aps_centres,ASESORIAS_DATA_ROOT,data,FONASA,,Autism/metadata/download_manifest.csv,5c32f5e7bc0650088d75640e182771d469b32b6c6eea214c99303ba6958a2d72,True,12799665,True,2026-09-04,https://public.tableau.com/views/ReporteInscritosCentrosAPS/ReporteAPS?:showVizHome=no
fonasa_aps,Inscritos_APS_202112.csv,FONASA/APS/Inscritos_APS_202112.csv,13406176,fdab9f91e9a1b34db41b36f4f1b919efa610df614e63b46ddb7a54af43a2ebde,2026-09-04 (download_manifest.csv downloaded_at_utc),Aggregated cell: APS centre x FONASA tramo x age group x sex x TOTAL_INSCRITOS at 31 December,31 December 2021,"Persons enrolled in primary-care centres (13,777,051 in 2019 to 15,791,862 in 2025; centres 1,890 to 2,091)","Comuna of the APS centre (COD_CENTRO), never residence","sep=','; PERIODO, SERVICIO_SALUD, REGIÓN, COMUNA, COD_CENTRO, NOMBRE_CENTRO, NOMBRE_DEPENDENCIA/DEPENDENCIA_ADMINISTRATIVA, TRAMO/TRAMO_FONASA, EDAD_TRAMO, SEXO, TOTAL_INSCRITOS",stock (December snapshot),"Operational coverage per centre (offset for REM primary-care indicators); continuous panel of 1,871 centre codes retains 99.87% of 2019 and 97.54% of 2025 totals","2024: variable names change (NOMBRE_DEPENDENCIA -> DEPENDENCIA_ADMINISTRATIVA, TRAMO -> TRAMO_FONASA) and age groups change; encoding Latin-1 in 2019-2023 and UTF-8 in 2024-2025; centre code 200261 appears reused and 200474 corrected geographically; tramo X and missing tramos must not be mixed without definition",Aggregate; no persons,Use as operational-coverage layer; restrict to tramos A-D when comparing with FONASA 'enrolled' totals (difference < 0.2% in 2019-2022); keep original columns; reproduce config.CONTROLS aps_enrolled_december and aps_centres,ASESORIAS_DATA_ROOT,data,FONASA,,Autism/metadata/download_manifest.csv,fdab9f91e9a1b34db41b36f4f1b919efa610df614e63b46ddb7a54af43a2ebde,True,13406176,True,2026-09-04,https://public.tableau.com/views/ReporteInscritosCentrosAPS/ReporteAPS?:showVizHome=no
fonasa_aps,Inscritos_APS_202212.csv,FONASA/APS/Inscritos_APS_202212.csv,13965785,a29a25be5bf99c81b7ba98d8b2058adc19340ed56f5477bb020d0696db3b8749,2026-09-04 (download_manifest.csv downloaded_at_utc),Aggregated cell: APS centre x FONASA tramo x age group x sex x TOTAL_INSCRITOS at 31 December,31 December 2022,"Persons enrolled in primary-care centres (13,777,051 in 2019 to 15,791,862 in 2025; centres 1,890 to 2,091)","Comuna of the APS centre (COD_CENTRO), never residence","sep=','; PERIODO, SERVICIO_SALUD, REGIÓN, COMUNA, COD_CENTRO, NOMBRE_CENTRO, NOMBRE_DEPENDENCIA/DEPENDENCIA_ADMINISTRATIVA, TRAMO/TRAMO_FONASA, EDAD_TRAMO, SEXO, TOTAL_INSCRITOS",stock (December snapshot),"Operational coverage per centre (offset for REM primary-care indicators); continuous panel of 1,871 centre codes retains 99.87% of 2019 and 97.54% of 2025 totals","2024: variable names change (NOMBRE_DEPENDENCIA -> DEPENDENCIA_ADMINISTRATIVA, TRAMO -> TRAMO_FONASA) and age groups change; encoding Latin-1 in 2019-2023 and UTF-8 in 2024-2025; centre code 200261 appears reused and 200474 corrected geographically; tramo X and missing tramos must not be mixed without definition",Aggregate; no persons,Use as operational-coverage layer; restrict to tramos A-D when comparing with FONASA 'enrolled' totals (difference < 0.2% in 2019-2022); keep original columns; reproduce config.CONTROLS aps_enrolled_december and aps_centres,ASESORIAS_DATA_ROOT,data,FONASA,,Autism/metadata/download_manifest.csv,a29a25be5bf99c81b7ba98d8b2058adc19340ed56f5477bb020d0696db3b8749,True,13965785,True,2026-09-04,https://public.tableau.com/views/ReporteInscritosCentrosAPS/ReporteAPS?:showVizHome=no
fonasa_aps,Inscritos_APS_202312.csv,FONASA/APS/Inscritos_APS_202312.csv,14533432,be9ae603a99030947cdaec0120948c83d8c8c4c8ea80bc02ffd1699ae3403935,2026-09-04 (download_manifest.csv downloaded_at_utc),Aggregated cell: APS centre x FONASA tramo x age group x sex x TOTAL_INSCRITOS at 31 December,31 December 2023,"Persons enrolled in primary-care centres (13,777,051 in 2019 to 15,791,862 in 2025; centres 1,890 to 2,091)","Comuna of the APS centre (COD_CENTRO), never residence","sep=','; PERIODO, SERVICIO_SALUD, REGIÓN, COMUNA, COD_CENTRO, NOMBRE_CENTRO, NOMBRE_DEPENDENCIA/DEPENDENCIA_ADMINISTRATIVA, TRAMO/TRAMO_FONASA, EDAD_TRAMO, SEXO, TOTAL_INSCRITOS",stock (December snapshot),"Operational coverage per centre (offset for REM primary-care indicators); continuous panel of 1,871 centre codes retains 99.87% of 2019 and 97.54% of 2025 totals","2024: variable names change (NOMBRE_DEPENDENCIA -> DEPENDENCIA_ADMINISTRATIVA, TRAMO -> TRAMO_FONASA) and age groups change; encoding Latin-1 in 2019-2023 and UTF-8 in 2024-2025; centre code 200261 appears reused and 200474 corrected geographically; tramo X and missing tramos must not be mixed without definition",Aggregate; no persons,Use as operational-coverage layer; restrict to tramos A-D when comparing with FONASA 'enrolled' totals (difference < 0.2% in 2019-2022); keep original columns; reproduce config.CONTROLS aps_enrolled_december and aps_centres,ASESORIAS_DATA_ROOT,data,FONASA,,Autism/metadata/download_manifest.csv,be9ae603a99030947cdaec0120948c83d8c8c4c8ea80bc02ffd1699ae3403935,True,14533432,True,2026-09-04,https://public.tableau.com/views/ReporteInscritosCentrosAPS/ReporteAPS?:showVizHome=no
fonasa_aps,Inscritos_APS_202412.csv,FONASA/APS/Inscritos_APS_202412.csv,21694386,412428ecff9152cec1d5e3beecce0691c6db92910078ec8f916902d27ca7d50f,2026-09-04 (download_manifest.csv downloaded_at_utc),Aggregated cell: APS centre x FONASA tramo x age group x sex x TOTAL_INSCRITOS at 31 December,31 December 2024,"Persons enrolled in primary-care centres (13,777,051 in 2019 to 15,791,862 in 2025; centres 1,890 to 2,091)","Comuna of the APS centre (COD_CENTRO), never residence","sep=','; PERIODO, SERVICIO_SALUD, REGIÓN, COMUNA, COD_CENTRO, NOMBRE_CENTRO, NOMBRE_DEPENDENCIA/DEPENDENCIA_ADMINISTRATIVA, TRAMO/TRAMO_FONASA, EDAD_TRAMO, SEXO, TOTAL_INSCRITOS",stock (December snapshot),"Operational coverage per centre (offset for REM primary-care indicators); continuous panel of 1,871 centre codes retains 99.87% of 2019 and 97.54% of 2025 totals","2024: variable names change (NOMBRE_DEPENDENCIA -> DEPENDENCIA_ADMINISTRATIVA, TRAMO -> TRAMO_FONASA) and age groups change; encoding Latin-1 in 2019-2023 and UTF-8 in 2024-2025; centre code 200261 appears reused and 200474 corrected geographically; tramo X and missing tramos must not be mixed without definition",Aggregate; no persons,Use as operational-coverage layer; restrict to tramos A-D when comparing with FONASA 'enrolled' totals (difference < 0.2% in 2019-2022); keep original columns; reproduce config.CONTROLS aps_enrolled_december and aps_centres,ASESORIAS_DATA_ROOT,data,FONASA,,Autism/metadata/download_manifest.csv,412428ecff9152cec1d5e3beecce0691c6db92910078ec8f916902d27ca7d50f,True,21694386,True,2026-09-04,https://public.tableau.com/views/ReporteInscritosCentrosAPS/ReporteAPS?:showVizHome=no
fonasa_aps,Inscritos_APS_202512.csv,FONASA/APS/Inscritos_APS_202512.csv,22087855,83fcc4c1859111d5d73fbd6b174fecaf905708ff0be4e18ac66fe3671c487025,2026-09-04 (download_manifest.csv downloaded_at_utc),Aggregated cell: APS centre x FONASA tramo x age group x sex x TOTAL_INSCRITOS at 31 December,31 December 2025,"Persons enrolled in primary-care centres (13,777,051 in 2019 to 15,791,862 in 2025; centres 1,890 to 2,091)","Comuna of the APS centre (COD_CENTRO), never residence","sep=','; PERIODO, SERVICIO_SALUD, REGIÓN, COMUNA, COD_CENTRO, NOMBRE_CENTRO, NOMBRE_DEPENDENCIA/DEPENDENCIA_ADMINISTRATIVA, TRAMO/TRAMO_FONASA, EDAD_TRAMO, SEXO, TOTAL_INSCRITOS",stock (December snapshot),"Operational coverage per centre (offset for REM primary-care indicators); continuous panel of 1,871 centre codes retains 99.87% of 2019 and 97.54% of 2025 totals","2024: variable names change (NOMBRE_DEPENDENCIA -> DEPENDENCIA_ADMINISTRATIVA, TRAMO -> TRAMO_FONASA) and age groups change; encoding Latin-1 in 2019-2023 and UTF-8 in 2024-2025; centre code 200261 appears reused and 200474 corrected geographically; tramo X and missing tramos must not be mixed without definition",Aggregate; no persons,Use as operational-coverage layer; restrict to tramos A-D when comparing with FONASA 'enrolled' totals (difference < 0.2% in 2019-2022); keep original columns; reproduce config.CONTROLS aps_enrolled_december and aps_centres,ASESORIAS_DATA_ROOT,data,FONASA,,Autism/metadata/download_manifest.csv,83fcc4c1859111d5d73fbd6b174fecaf905708ff0be4e18ac66fe3671c487025,True,22087855,True,2026-09-04,https://public.tableau.com/views/ReporteInscritosCentrosAPS/ReporteAPS?:showVizHome=no
isapre_communal,isapre_beneficiarios_comuna_2019.xls,Autism/Cobertura/ISAPRE/isapre_beneficiarios_comuna_2019.xls,9675776,13a84bcd0f3a50a639b089e8ac23e5b6bc7bc31c5bb28e57c8717d00afbb9356,2026-09-04 (download_manifest.csv downloaded_at_utc),"Aggregated ISAPRE beneficiaries (cotizantes and cargas) by comuna, age and sex at December",December 2019,"ISAPRE beneficiaries (3,431,126 in 2019 to 2,517,305 in 2025)",Administrative comuna of the beneficiary (as published by the Superintendencia),"Workbook sheets: 2019-2020 (.xls) Cotizantes, Cargas, Beneficiarios, sex-specific sheets and 'Nonatos o sin Clasificar'; 2021-2025 (.xlsx) Cotizantes, Cargas, sex/SI sheets, Total Cotizantes, Total Cargas",stock (December snapshot),Private insurance coverage layer; FONASA + ISAPRE equals 95.63% (2019) and 97.24% (2025) of INE projection (not a non-insurance rate),Format changes .xls -> .xlsx and single ages -> five-year groups in 2021; separate sheet for unborn/unclassified in 2019-2020; sheets by sex and 'Total' are duplicated views,Aggregate; no persons,Total = cotizantes + cargas (from 2021); never add sex sheets to the Total sheet; reproduce config.CONTROLS isapre_beneficiaries_december,ASESORIAS_DATA_ROOT,data,Superintendencia de Salud,,Autism/metadata/download_manifest.csv,13a84bcd0f3a50a639b089e8ac23e5b6bc7bc31c5bb28e57c8717d00afbb9356,True,9675776,True,2026-09-04,https://www.superdesalud.gob.cl/tax-biblioteca-digital/estadisticas-3724/estadisticas-por-tema-3741/cartera-de-beneficiarios-3742/
isapre_communal,isapre_beneficiarios_comuna_2020.xls,Autism/Cobertura/ISAPRE/isapre_beneficiarios_comuna_2020.xls,9940992,8b7a0b005be4abcc7af1b5c4fab367e0c4e7058b213e52d53b2bd7edfff0c91e,2026-09-04 (download_manifest.csv downloaded_at_utc),"Aggregated ISAPRE beneficiaries (cotizantes and cargas) by comuna, age and sex at December",December 2020,"ISAPRE beneficiaries (3,431,126 in 2019 to 2,517,305 in 2025)",Administrative comuna of the beneficiary (as published by the Superintendencia),"Workbook sheets: 2019-2020 (.xls) Cotizantes, Cargas, Beneficiarios, sex-specific sheets and 'Nonatos o sin Clasificar'; 2021-2025 (.xlsx) Cotizantes, Cargas, sex/SI sheets, Total Cotizantes, Total Cargas",stock (December snapshot),Private insurance coverage layer; FONASA + ISAPRE equals 95.63% (2019) and 97.24% (2025) of INE projection (not a non-insurance rate),Format changes .xls -> .xlsx and single ages -> five-year groups in 2021; separate sheet for unborn/unclassified in 2019-2020; sheets by sex and 'Total' are duplicated views,Aggregate; no persons,Total = cotizantes + cargas (from 2021); never add sex sheets to the Total sheet; reproduce config.CONTROLS isapre_beneficiaries_december,ASESORIAS_DATA_ROOT,data,Superintendencia de Salud,,Autism/metadata/download_manifest.csv,8b7a0b005be4abcc7af1b5c4fab367e0c4e7058b213e52d53b2bd7edfff0c91e,True,9940992,True,2026-09-04,https://www.superdesalud.gob.cl/tax-biblioteca-digital/estadisticas-3724/estadisticas-por-tema-3741/cartera-de-beneficiarios-3742/
isapre_communal,isapre_beneficiarios_comuna_2021.xlsx,Autism/Cobertura/ISAPRE/isapre_beneficiarios_comuna_2021.xlsx,794774,489fdfa09803c6dcead5f884f0fa97dfe1c46a26e3d10852c6e71c9fc361993d,2026-09-04 (download_manifest.csv downloaded_at_utc),"Aggregated ISAPRE beneficiaries (cotizantes and cargas) by comuna, age and sex at December",December 2021,"ISAPRE beneficiaries (3,431,126 in 2019 to 2,517,305 in 2025)",Administrative comuna of the beneficiary (as published by the Superintendencia),"Workbook sheets: 2019-2020 (.xls) Cotizantes, Cargas, Beneficiarios, sex-specific sheets and 'Nonatos o sin Clasificar'; 2021-2025 (.xlsx) Cotizantes, Cargas, sex/SI sheets, Total Cotizantes, Total Cargas",stock (December snapshot),Private insurance coverage layer; FONASA + ISAPRE equals 95.63% (2019) and 97.24% (2025) of INE projection (not a non-insurance rate),Format changes .xls -> .xlsx and single ages -> five-year groups in 2021; separate sheet for unborn/unclassified in 2019-2020; sheets by sex and 'Total' are duplicated views,Aggregate; no persons,Total = cotizantes + cargas (from 2021); never add sex sheets to the Total sheet; reproduce config.CONTROLS isapre_beneficiaries_december,ASESORIAS_DATA_ROOT,data,Superintendencia de Salud,,Autism/metadata/download_manifest.csv,489fdfa09803c6dcead5f884f0fa97dfe1c46a26e3d10852c6e71c9fc361993d,True,794774,True,2026-09-04,https://www.superdesalud.gob.cl/tax-biblioteca-digital/estadisticas-3724/estadisticas-por-tema-3741/cartera-de-beneficiarios-3742/
isapre_communal,isapre_beneficiarios_comuna_2022.xlsx,Autism/Cobertura/ISAPRE/isapre_beneficiarios_comuna_2022.xlsx,793021,54fe5531212ea6e2178dbec197bda96976b7064d9b66961ed848dc074b3a258b,2026-09-04 (download_manifest.csv downloaded_at_utc),"Aggregated ISAPRE beneficiaries (cotizantes and cargas) by comuna, age and sex at December",December 2022,"ISAPRE beneficiaries (3,431,126 in 2019 to 2,517,305 in 2025)",Administrative comuna of the beneficiary (as published by the Superintendencia),"Workbook sheets: 2019-2020 (.xls) Cotizantes, Cargas, Beneficiarios, sex-specific sheets and 'Nonatos o sin Clasificar'; 2021-2025 (.xlsx) Cotizantes, Cargas, sex/SI sheets, Total Cotizantes, Total Cargas",stock (December snapshot),Private insurance coverage layer; FONASA + ISAPRE equals 95.63% (2019) and 97.24% (2025) of INE projection (not a non-insurance rate),Format changes .xls -> .xlsx and single ages -> five-year groups in 2021; separate sheet for unborn/unclassified in 2019-2020; sheets by sex and 'Total' are duplicated views,Aggregate; no persons,Total = cotizantes + cargas (from 2021); never add sex sheets to the Total sheet; reproduce config.CONTROLS isapre_beneficiaries_december,ASESORIAS_DATA_ROOT,data,Superintendencia de Salud,,Autism/metadata/download_manifest.csv,54fe5531212ea6e2178dbec197bda96976b7064d9b66961ed848dc074b3a258b,True,793021,True,2026-09-04,https://www.superdesalud.gob.cl/tax-biblioteca-digital/estadisticas-3724/estadisticas-por-tema-3741/cartera-de-beneficiarios-3742/
isapre_communal,isapre_beneficiarios_comuna_2023.xlsx,Autism/Cobertura/ISAPRE/isapre_beneficiarios_comuna_2023.xlsx,796762,cfe49de4eb4708d13dfc609a450b0390d9f1eec3cefa76e35b39b78a53bd5fd5,2026-09-04 (download_manifest.csv downloaded_at_utc),"Aggregated ISAPRE beneficiaries (cotizantes and cargas) by comuna, age and sex at December",December 2023,"ISAPRE beneficiaries (3,431,126 in 2019 to 2,517,305 in 2025)",Administrative comuna of the beneficiary (as published by the Superintendencia),"Workbook sheets: 2019-2020 (.xls) Cotizantes, Cargas, Beneficiarios, sex-specific sheets and 'Nonatos o sin Clasificar'; 2021-2025 (.xlsx) Cotizantes, Cargas, sex/SI sheets, Total Cotizantes, Total Cargas",stock (December snapshot),Private insurance coverage layer; FONASA + ISAPRE equals 95.63% (2019) and 97.24% (2025) of INE projection (not a non-insurance rate),Format changes .xls -> .xlsx and single ages -> five-year groups in 2021; separate sheet for unborn/unclassified in 2019-2020; sheets by sex and 'Total' are duplicated views,Aggregate; no persons,Total = cotizantes + cargas (from 2021); never add sex sheets to the Total sheet; reproduce config.CONTROLS isapre_beneficiaries_december,ASESORIAS_DATA_ROOT,data,Superintendencia de Salud,,Autism/metadata/download_manifest.csv,cfe49de4eb4708d13dfc609a450b0390d9f1eec3cefa76e35b39b78a53bd5fd5,True,796762,True,2026-09-04,https://www.superdesalud.gob.cl/tax-biblioteca-digital/estadisticas-3724/estadisticas-por-tema-3741/cartera-de-beneficiarios-3742/
isapre_communal,isapre_beneficiarios_comuna_2024.xlsx,Autism/Cobertura/ISAPRE/isapre_beneficiarios_comuna_2024.xlsx,798123,5dc99d0805a07a91d081517fa875ce4bfac3d7b02fbc4e0ee5ca4daae69aa60a,2026-09-04 (download_manifest.csv downloaded_at_utc),"Aggregated ISAPRE beneficiaries (cotizantes and cargas) by comuna, age and sex at December",December 2024,"ISAPRE beneficiaries (3,431,126 in 2019 to 2,517,305 in 2025)",Administrative comuna of the beneficiary (as published by the Superintendencia),"Workbook sheets: 2019-2020 (.xls) Cotizantes, Cargas, Beneficiarios, sex-specific sheets and 'Nonatos o sin Clasificar'; 2021-2025 (.xlsx) Cotizantes, Cargas, sex/SI sheets, Total Cotizantes, Total Cargas",stock (December snapshot),Private insurance coverage layer; FONASA + ISAPRE equals 95.63% (2019) and 97.24% (2025) of INE projection (not a non-insurance rate),Format changes .xls -> .xlsx and single ages -> five-year groups in 2021; separate sheet for unborn/unclassified in 2019-2020; sheets by sex and 'Total' are duplicated views,Aggregate; no persons,Total = cotizantes + cargas (from 2021); never add sex sheets to the Total sheet; reproduce config.CONTROLS isapre_beneficiaries_december,ASESORIAS_DATA_ROOT,data,Superintendencia de Salud,,Autism/metadata/download_manifest.csv,5dc99d0805a07a91d081517fa875ce4bfac3d7b02fbc4e0ee5ca4daae69aa60a,True,798123,True,2026-09-04,https://www.superdesalud.gob.cl/tax-biblioteca-digital/estadisticas-3724/estadisticas-por-tema-3741/cartera-de-beneficiarios-3742/
isapre_communal,isapre_beneficiarios_comuna_2025.xlsx,Autism/Cobertura/ISAPRE/isapre_beneficiarios_comuna_2025.xlsx,797428,0b810d7438fc1d489f1e0dc8ca46403cc74dc4889a0f1afefe3a3f981df20ff1,2026-09-04 (download_manifest.csv downloaded_at_utc),"Aggregated ISAPRE beneficiaries (cotizantes and cargas) by comuna, age and sex at December",December 2025,"ISAPRE beneficiaries (3,431,126 in 2019 to 2,517,305 in 2025)",Administrative comuna of the beneficiary (as published by the Superintendencia),"Workbook sheets: 2019-2020 (.xls) Cotizantes, Cargas, Beneficiarios, sex-specific sheets and 'Nonatos o sin Clasificar'; 2021-2025 (.xlsx) Cotizantes, Cargas, sex/SI sheets, Total Cotizantes, Total Cargas",stock (December snapshot),Private insurance coverage layer; FONASA + ISAPRE equals 95.63% (2019) and 97.24% (2025) of INE projection (not a non-insurance rate),Format changes .xls -> .xlsx and single ages -> five-year groups in 2021; separate sheet for unborn/unclassified in 2019-2020; sheets by sex and 'Total' are duplicated views,Aggregate; no persons,Total = cotizantes + cargas (from 2021); never add sex sheets to the Total sheet; reproduce config.CONTROLS isapre_beneficiaries_december,ASESORIAS_DATA_ROOT,data,Superintendencia de Salud,,Autism/metadata/download_manifest.csv,0b810d7438fc1d489f1e0dc8ca46403cc74dc4889a0f1afefe3a3f981df20ff1,True,797428,True,2026-09-04,https://www.superdesalud.gob.cl/tax-biblioteca-digital/estadisticas-3724/estadisticas-por-tema-3741/cartera-de-beneficiarios-3742/
ine_population_base2017,proyecciones_comuna_edad_sexo_2002_2035_base_2017.csv,Autism/Poblacion/INE/proyecciones_comuna_edad_sexo_2002_2035_base_2017.csv,9768366,c2a8847168b2a733410bd55e586dec67c08781f584caf3476c92ad6767a0656c,2026-09-04 (download_manifest.csv downloaded_at_utc),Population estimate/projection cell: comuna x sex x single age (or x urban/rural area x age group) x year,2002-2035 (base Censo 2017),"Resident population of Chile, 346 comunas, 2002-2035 (national 19,107,216 in 2019 to 20,206,953 in 2025)","Residence comuna (4-digit INE code without leading zero; DEIS uses 5 digits with leading zero); name aliases Aisén/Aysén, Coihaique/Coyhaique, Cabo de Hornos (Ex-Navarino)/Cabo de Hornos","Region, Nombre Region, Provincia, Nombre Provincia, Comuna, Nombre Comuna, Sexo (1=Hombre 2=Mujer), Edad (80 = open 80+), Poblacion 2002..Poblacion 2035 (sep=','); area file adds Area (1=Urbano 2=Rural) and Grupo edad (sep=';')",stock (mid-year population),"Territorial population denominator for rates per 100,000 inhabitants and WHO direct standardisation",Base Censo 2017; not to be combined with Censo 2024 / base-2024 figures without an explicit flag,Territorial; not users of a specific provider,Primary population denominator for 2019-2024/25 series; build an auditable comuna crosswalk by code (no silent fuzzy matching); reproduce config.CONTROLS ine_population_national,ASESORIAS_DATA_ROOT,data,Instituto Nacional de Estadísticas (INE),,Autism/metadata/download_manifest.csv,c2a8847168b2a733410bd55e586dec67c08781f584caf3476c92ad6767a0656c,True,9768366,True,2026-09-04,https://www.ine.gob.cl/estadisticas-por-tema/demografia-y-poblacion/estimaciones-y-proyecciones-de-poblacion
ine_population_base2017,proyecciones_comuna_area_urbana_rural_2002_2035_base_2017.csv,Autism/Poblacion/INE/proyecciones_comuna_area_urbana_rural_2002_2035_base_2017.csv,4779501,79bc9f79e0e9660ceb5b17cec0dd9489dd009bc80ad8fb9c20e4d61db8949a8f,2026-09-04 (download_manifest.csv downloaded_at_utc),Population estimate/projection cell: comuna x sex x single age (or x urban/rural area x age group) x year,2002-2035 (base Censo 2017),"Resident population of Chile, 346 comunas, 2002-2035 (national 19,107,216 in 2019 to 20,206,953 in 2025)","Residence comuna (4-digit INE code without leading zero; DEIS uses 5 digits with leading zero); name aliases Aisén/Aysén, Coihaique/Coyhaique, Cabo de Hornos (Ex-Navarino)/Cabo de Hornos","Region, Nombre Region, Provincia, Nombre Provincia, Comuna, Nombre Comuna, Sexo (1=Hombre 2=Mujer), Edad (80 = open 80+), Poblacion 2002..Poblacion 2035 (sep=','); area file adds Area (1=Urbano 2=Rural) and Grupo edad (sep=';')",stock (mid-year population),"Territorial population denominator for rates per 100,000 inhabitants and WHO direct standardisation",Base Censo 2017; not to be combined with Censo 2024 / base-2024 figures without an explicit flag,Territorial; not users of a specific provider,Primary population denominator for 2019-2024/25 series; build an auditable comuna crosswalk by code (no silent fuzzy matching); reproduce config.CONTROLS ine_population_national,ASESORIAS_DATA_ROOT,data,Instituto Nacional de Estadísticas (INE),,Autism/metadata/download_manifest.csv,79bc9f79e0e9660ceb5b17cec0dd9489dd009bc80ad8fb9c20e4d61db8949a8f,True,4779501,True,2026-09-04,https://www.ine.gob.cl/estadisticas-por-tema/demografia-y-poblacion/estimaciones-y-proyecciones-de-poblacion
ine_censo2024,D1_poblacion_comuna_sexo_edad_quinquenal.xlsx,Autism/Poblacion/INE/Censo_2024/D1_poblacion_comuna_sexo_edad_quinquenal.xlsx,505437,1f3a9c97a1b3defa47a2fc3b8495688c4e08f164063cab704e7a18c41239e009,2026-09-04 (download_manifest.csv downloaded_at_utc),Census tabulation: comuna x sex x five-year age group (D1) or disability tabulation (P1),Censo 2024,Population enumerated in Censo 2024,Comuna of enumeration (census geography),"Workbook sheets 1-4 of D1 (comuna, sex, five-year age); P1 disability tables",stock (census night 2024),Observed 2024 denominator and bridge between census bases (sensitivity),"Different base from the 2017 projections; P1 is disability context, not autism-specific",Territorial,Sensitivity/bridge only; never mix with base-2017 projections without an explicit flag,ASESORIAS_DATA_ROOT,data,Instituto Nacional de Estadísticas (INE),,Autism/metadata/download_manifest.csv,1f3a9c97a1b3defa47a2fc3b8495688c4e08f164063cab704e7a18c41239e009,True,505437,True,2026-09-04,https://censo2024.ine.gob.cl/estadisticas/
ine_censo2024,P1_Discapacidad.xlsx,Autism/Poblacion/INE/Censo_2024/P1_Discapacidad.xlsx,581552,8de8e537ad3ffd17c4a56d734205a78b56d658d0a6ee8b975719175e130718f1,2026-09-04 (download_manifest.csv downloaded_at_utc),Census tabulation: comuna x sex x five-year age group (D1) or disability tabulation (P1),Censo 2024,Population enumerated in Censo 2024,Comuna of enumeration (census geography),"Workbook sheets 1-4 of D1 (comuna, sex, five-year age); P1 disability tables",stock (census night 2024),Observed 2024 denominator and bridge between census bases (sensitivity),"Different base from the 2017 projections; P1 is disability context, not autism-specific",Territorial,Sensitivity/bridge only; never mix with base-2017 projections without an explicit flag,ASESORIAS_DATA_ROOT,context,Instituto Nacional de Estadísticas (INE),,Autism/metadata/download_manifest.csv,8de8e537ad3ffd17c4a56d734205a78b56d658d0a6ee8b975719175e130718f1,True,581552,True,2026-09-04,https://censo2024.ine.gob.cl/estadisticas/
ine_base2024_national,estimaciones_proyecciones_nacionales_1992_2070_base_2024.xlsx,Autism/Poblacion/INE/Base_2024/estimaciones_proyecciones_nacionales_1992_2070_base_2024.xlsx,918408,d7d4e4c8128d5af007b6bf22ae1353c63c0b026a2612a1b80031cd27f4dec28e,2026-09-04 (download_manifest.csv downloaded_at_utc),"National population estimate/projection by sex and age, 1992-2070, base Censo 2024",1992-2070 (base Censo 2024),Resident population of Chile (national level only),National,"Sheet BBDD_EEPP-2024_0101 (year, sex, age, population)",stock,National sensitivity denominator,No comuna disaggregation equivalent to the base-2017 series,not applicable,National sensitivity and census-base bridge only; flag explicitly when used,ASESORIAS_DATA_ROOT,data,Instituto Nacional de Estadísticas (INE),,Autism/metadata/download_manifest.csv,d7d4e4c8128d5af007b6bf22ae1353c63c0b026a2612a1b80031cd27f4dec28e,True,918408,True,2026-09-04,https://www.ine.gob.cl/estadisticas-por-tema/demografia-y-poblacion/estimaciones-y-proyecciones-de-poblacion
deis_rem20,indicadores_rem20.csv,Autism/DEIS/REM20/indicadores_rem20.csv,27074590,055fc5c083fa54c139a67b60d433588c289df0a90fb08a1303b5df9116169761,2026-09-04 (download_manifest.csv downloaded_at_utc),"Establishment x functional area x month (REM-20 hospitalisation process indicators; 167,405 rows, 2014-July 2026, 208 establishments, 29 functional areas)",2014-07/2026 (continuous update),Public hospitals reporting REM-20 bed-day and discharge indicators,"Establishment (CODIGO_ESTABLECIMIENTO, COD_SSS), never residence","sep=';'; PERIODO, CODIGO_ESTABLECIMIENTO, ESTABLECIMIENTO, COD_AREA_FUNCIONAL, AREA_FUNCIONAL, MES, DIAS_CAMAS_OCUPADAS, DIAS_CAMAS_DISPONIBLES, DIAS_ESTADA, NUMERO_EGRESOS, EGRESOS_FALLECIDOS, INDICE_OCUPACIONAL, PROMEDIO_CAMAS_DISPONIBLE",activity/capacity (monthly discharges and bed-days; beds are capacity),Hospital activity/capacity intensity; not a covered population. Panel of 188 establishments with 12 months in every year 2019-2025 retains 99.76% of 2019 and 98.16% of 2025 discharges,Continuously updated mutable dataset (download dated 2026-09-04); no diagnoses or persons,Establishment codes link to DEIS catalogue; no persons; compatibility with GRD hospital codes must be verified,Capacity/activity layer and continuous-panel sensitivity only; never use as covered population; reproduce config.CONTROLS rem20_panel_188_retention,ASESORIAS_DATA_ROOT,data,"DEIS, Ministerio de Salud",,Autism/metadata/download_manifest.csv,055fc5c083fa54c139a67b60d433588c289df0a90fb08a1303b5df9116169761,True,27074590,True,2026-09-04,https://datos.gob.cl/dataset/indicadores-hospitalarios-rem20
deis_rem20,diccionario_rem20.xlsx,Autism/DEIS/REM20/diccionario_rem20.xlsx,31584,6feebecdce70cf9f850054c37d07a292183747d9df1323084d15abf97be26c9a,2026-09-04 (download_manifest.csv downloaded_at_utc),"Establishment x functional area x month (REM-20 hospitalisation process indicators; 167,405 rows, 2014-July 2026, 208 establishments, 29 functional areas)",current,Public hospitals reporting REM-20 bed-day and discharge indicators,"Establishment (CODIGO_ESTABLECIMIENTO, COD_SSS), never residence","sep=';'; PERIODO, CODIGO_ESTABLECIMIENTO, ESTABLECIMIENTO, COD_AREA_FUNCIONAL, AREA_FUNCIONAL, MES, DIAS_CAMAS_OCUPADAS, DIAS_CAMAS_DISPONIBLES, DIAS_ESTADA, NUMERO_EGRESOS, EGRESOS_FALLECIDOS, INDICE_OCUPACIONAL, PROMEDIO_CAMAS_DISPONIBLE",activity/capacity (monthly discharges and bed-days; beds are capacity),Hospital activity/capacity intensity; not a covered population. Panel of 188 establishments with 12 months in every year 2019-2025 retains 99.76% of 2019 and 98.16% of 2025 discharges,Continuously updated mutable dataset (download dated 2026-09-04); no diagnoses or persons,Establishment codes link to DEIS catalogue; no persons; compatibility with GRD hospital codes must be verified,Capacity/activity layer and continuous-panel sensitivity only; never use as covered population; reproduce config.CONTROLS rem20_panel_188_retention,ASESORIAS_DATA_ROOT,dictionary,"DEIS, Ministerio de Salud",,Autism/metadata/download_manifest.csv,6feebecdce70cf9f850054c37d07a292183747d9df1323084d15abf97be26c9a,True,31584,True,2026-09-04,https://datos.gob.cl/dataset/indicadores-hospitalarios-rem20
deis_establishments,establecimientos_salud_vigentes.csv,Autism/DEIS/Establecimientos/establecimientos_salud_vigentes.csv,2500290,5abb08ced751255b1490b5c1939a9c91efda7e2797135521417e3fe5c530aa47,2026-09-04 (download_manifest.csv downloaded_at_utc),"Health establishment (current catalogue; 5,717 records including closed establishments)",current catalogue (portal file establecimientos_20260901.csv),not applicable (supply catalogue),"Comuna and coordinates of the establishment (ComunaCodigo, Latitud, Longitud)","sep=';'; EstablecimientoCodigo, EstablecimientoCodigoAntiguo, RegionCodigo, ServicioDeSaludCodigo, TipoEstablecimientoGlosa, NivelAtencionEstabglosa, ComunaCodigo, EstadoFuncionamiento, FechaInicioFuncionamientoEstab, FechaCierre",not applicable (catalogue),not applicable,"Mutable current catalogue (portal version establecimientos_20260901.csv), not an annual series; many historical dates missing","Links all REM-20 codes; historical reporting panel must be derived from observed REM/GRD reporting, not from this file",Geography and type of supply for establishment codes only; never reconstruct an annual catalogue from it,ASESORIAS_DATA_ROOT,data,"DEIS, Ministerio de Salud",,Autism/metadata/download_manifest.csv,5abb08ced751255b1490b5c1939a9c91efda7e2797135521417e3fe5c530aa47,True,2500290,True,2026-09-04,https://datos.gob.cl/dataset/establecimientos-de-salud-vigentes
deis_establishments,diccionario_establecimientos.pdf,Autism/DEIS/Establecimientos/diccionario_establecimientos.pdf,696208,b4d9a4919201f0a22101acc82e15850e1b13b3d3efb055f0fe9d99c804670451,2026-09-04 (download_manifest.csv downloaded_at_utc),"Health establishment (current catalogue; 5,717 records including closed establishments)",current,not applicable (supply catalogue),"Comuna and coordinates of the establishment (ComunaCodigo, Latitud, Longitud)","sep=';'; EstablecimientoCodigo, EstablecimientoCodigoAntiguo, RegionCodigo, ServicioDeSaludCodigo, TipoEstablecimientoGlosa, NivelAtencionEstabglosa, ComunaCodigo, EstadoFuncionamiento, FechaInicioFuncionamientoEstab, FechaCierre",not applicable (catalogue),not applicable,"Mutable current catalogue (portal version establecimientos_20260901.csv), not an annual series; many historical dates missing","Links all REM-20 codes; historical reporting panel must be derived from observed REM/GRD reporting, not from this file",Geography and type of supply for establishment codes only; never reconstruct an annual catalogue from it,ASESORIAS_DATA_ROOT,dictionary,"DEIS, Ministerio de Salud",,Autism/metadata/download_manifest.csv,b4d9a4919201f0a22101acc82e15850e1b13b3d3efb055f0fe9d99c804670451,True,696208,True,2026-09-04,https://datos.gob.cl/dataset/establecimientos-de-salud-vigentes
endide_2022,endide_2022_adultos_cuidadores_nna.dta.zip,Autism/Encuestas/ENDIDE_2022/endide_2022_adultos_cuidadores_nna.dta.zip,10981270,648490f083f432b0d321cfcb0a58e3a662e458b2e078effcf22e71729fb4f20c,2026-09-04 (download_manifest.csv downloaded_at_utc),"Surveyed person (adults, caregivers and children/adolescents), complex sample design",2022,"Household population of Chile, 2022 (national and regional representativeness); unweighted autism reports: 72 adults, 163 children/adolescents, 139 with professional confirmation",National and regional; never disaggregate to comuna,"Stata .dta inside the zip (member '230630_Base de datos ENDIDE 2022_adultos cuidadores y NNA.dta.dta'); autism question, professional-confirmation item, weight, stratum and PSU variables as declared in libro_codigos_endide_2022.pdf (declared in module 07, not hard-coded here)",cross-sectional survey (population benchmark),Weighted survey population of each domain (adults; children/adolescents),Self/caregiver report; not equivalent to an administrative F84 code,No linkage to registers; benchmark of order of magnitude only,"Estimate proportion, weighted total, SE and 95% CI with weights, strata and clusters (Taylor linearisation); avoid domains with insufficient effective size; preliminary 0.29%/2.86% must be recomputed",ASESORIAS_DATA_ROOT,data,Ministerio de Desarrollo Social y Familia,230630_Base de datos ENDIDE 2022_adultos cuidadores y NNA.dta.dta,Autism/metadata/download_manifest.csv,648490f083f432b0d321cfcb0a58e3a662e458b2e078effcf22e71729fb4f20c,True,10981270,True,2026-09-04,https://observatorio.ministeriodesarrollosocial.gob.cl/endide-2022
endide_2022,libro_codigos_endide_2022.pdf,Autism/Encuestas/ENDIDE_2022/libro_codigos_endide_2022.pdf,750459,9f5182f9b3400c47d90561cb8caad87c759e13d747e0aa93a77b16f6e5fee4b5,2026-09-04 (download_manifest.csv downloaded_at_utc),"Surveyed person (adults, caregivers and children/adolescents), complex sample design",2022,"Household population of Chile, 2022 (national and regional representativeness); unweighted autism reports: 72 adults, 163 children/adolescents, 139 with professional confirmation",National and regional; never disaggregate to comuna,"Stata .dta inside the zip (member '230630_Base de datos ENDIDE 2022_adultos cuidadores y NNA.dta.dta'); autism question, professional-confirmation item, weight, stratum and PSU variables as declared in libro_codigos_endide_2022.pdf (declared in module 07, not hard-coded here)",cross-sectional survey (population benchmark),Weighted survey population of each domain (adults; children/adolescents),Self/caregiver report; not equivalent to an administrative F84 code,No linkage to registers; benchmark of order of magnitude only,"Estimate proportion, weighted total, SE and 95% CI with weights, strata and clusters (Taylor linearisation); avoid domains with insufficient effective size; preliminary 0.29%/2.86% must be recomputed",ASESORIAS_DATA_ROOT,documentation,Ministerio de Desarrollo Social y Familia,,Autism/metadata/download_manifest.csv,9f5182f9b3400c47d90561cb8caad87c759e13d747e0aa93a77b16f6e5fee4b5,True,750459,True,2026-09-04,https://observatorio.ministeriodesarrollosocial.gob.cl/endide-2022
endide_2022,metodologia_diseno_muestral_endide_2022.pdf,Autism/Encuestas/ENDIDE_2022/metodologia_diseno_muestral_endide_2022.pdf,786227,e7f9a73eb7207bc59730442c804a6ebadd64cd09a85b3b69144b59f8795d7392,2026-09-04 (download_manifest.csv downloaded_at_utc),"Surveyed person (adults, caregivers and children/adolescents), complex sample design",2022,"Household population of Chile, 2022 (national and regional representativeness); unweighted autism reports: 72 adults, 163 children/adolescents, 139 with professional confirmation",National and regional; never disaggregate to comuna,"Stata .dta inside the zip (member '230630_Base de datos ENDIDE 2022_adultos cuidadores y NNA.dta.dta'); autism question, professional-confirmation item, weight, stratum and PSU variables as declared in libro_codigos_endide_2022.pdf (declared in module 07, not hard-coded here)",cross-sectional survey (population benchmark),Weighted survey population of each domain (adults; children/adolescents),Self/caregiver report; not equivalent to an administrative F84 code,No linkage to registers; benchmark of order of magnitude only,"Estimate proportion, weighted total, SE and 95% CI with weights, strata and clusters (Taylor linearisation); avoid domains with insufficient effective size; preliminary 0.29%/2.86% must be recomputed",ASESORIAS_DATA_ROOT,documentation,Ministerio de Desarrollo Social y Familia,,Autism/metadata/download_manifest.csv,e7f9a73eb7207bc59730442c804a6ebadd64cd09a85b3b69144b59f8795d7392,True,786227,True,2026-09-04,https://observatorio.ministeriodesarrollosocial.gob.cl/endide-2022
encavi_2023_2024,ENCAVI_2023_2024.dta,Autism/Encuestas/ENCAVI_2023_2024/ENCAVI_2023_2024.dta,89315163,8616caea4441fbc4cc19b1363257dc1d11c72330e3e9efe7aa502824efb95039,2026-09-04 (download_manifest.csv downloaded_at_utc),"Surveyed person aged 15 years or more (16,590 respondents), complex sample design",2023-2024,"Population aged 15+ of Chile, 2023-2024; 80 unweighted positive autism-diagnosis responses",National and regional; never comuna,"Stata .dta (resource 20250808_ENCAVI_data.dta); autism diagnosis item, weight, stratum and PSU per manual_base_ENCAVI_2023_2024.pdf (declared in module 07)",cross-sectional survey (population benchmark),Weighted population aged 15+,Reported diagnosis; not clinically equivalent to administrative F84,No linkage to registers,"Complex-design estimation with 95% CI; preliminary 0.71% (about 114,817 persons) must be recomputed before use",ASESORIAS_DATA_ROOT,data,Ministerio de Salud,,Autism/metadata/download_manifest.csv,8616caea4441fbc4cc19b1363257dc1d11c72330e3e9efe7aa502824efb95039,True,89315163,True,2026-09-04,https://datos.gob.cl/dataset/encavi-2023-24
encavi_2023_2024,cuestionario_ENCAVI_2023_2024.pdf,Autism/Encuestas/ENCAVI_2023_2024/cuestionario_ENCAVI_2023_2024.pdf,1068083,94deb0cd75f8bd9979b092f748b64a58b2f939f420d3a5514f54ed8f45ee8d29,2026-09-04 (download_manifest.csv downloaded_at_utc),"Surveyed person aged 15 years or more (16,590 respondents), complex sample design",2023-2024,"Population aged 15+ of Chile, 2023-2024; 80 unweighted positive autism-diagnosis responses",National and regional; never comuna,"Stata .dta (resource 20250808_ENCAVI_data.dta); autism diagnosis item, weight, stratum and PSU per manual_base_ENCAVI_2023_2024.pdf (declared in module 07)",cross-sectional survey (population benchmark),Weighted population aged 15+,Reported diagnosis; not clinically equivalent to administrative F84,No linkage to registers,"Complex-design estimation with 95% CI; preliminary 0.71% (about 114,817 persons) must be recomputed before use",ASESORIAS_DATA_ROOT,documentation,Ministerio de Salud,,Autism/metadata/download_manifest.csv,94deb0cd75f8bd9979b092f748b64a58b2f939f420d3a5514f54ed8f45ee8d29,True,1068083,True,2026-09-04,https://datos.gob.cl/dataset/encavi-2023-24
encavi_2023_2024,manual_base_ENCAVI_2023_2024.pdf,Autism/Encuestas/ENCAVI_2023_2024/manual_base_ENCAVI_2023_2024.pdf,1718704,567318987fb541eb671f214f3f2a8d7df6f86e05268cfdc723a26eed6e1f8448,2026-09-04 (download_manifest.csv downloaded_at_utc),"Surveyed person aged 15 years or more (16,590 respondents), complex sample design",2023-2024,"Population aged 15+ of Chile, 2023-2024; 80 unweighted positive autism-diagnosis responses",National and regional; never comuna,"Stata .dta (resource 20250808_ENCAVI_data.dta); autism diagnosis item, weight, stratum and PSU per manual_base_ENCAVI_2023_2024.pdf (declared in module 07)",cross-sectional survey (population benchmark),Weighted population aged 15+,Reported diagnosis; not clinically equivalent to administrative F84,No linkage to registers,"Complex-design estimation with 95% CI; preliminary 0.71% (about 114,817 persons) must be recomputed before use",ASESORIAS_DATA_ROOT,documentation,Ministerio de Salud,,Autism/metadata/download_manifest.csv,567318987fb541eb671f214f3f2a8d7df6f86e05268cfdc723a26eed6e1f8448,True,1718704,True,2026-09-04,https://datos.gob.cl/dataset/encavi-2023-24
casen_2024,casen_2024.dta,Autism/Encuestas/CASEN_2024/casen_2024.dta,1608073353,5509b7462c3ff965ae7f88799ece4ac57cd2960f4be79cecd42d650cd8c54c75,2026-09-05 (download_manifest.csv downloaded_at_utc),"Surveyed person/household (CASEN 2024), complex sample design",2024,"Household population of Chile, 2024 (national and regional representativeness)",National/regional; the provincia/comuna complement does not confer comuna representativeness,Stata .dta (pandas.read_stata); insurance/prevision and poverty variables and design variables per Libro_de_codigos_Casen_2024.xlsx (context only),cross-sectional survey (context),Weighted population by insurance scheme (context for public/private coverage),Not an autism source; 2024 only,No linkage to registers; comuna identifier does not give comuna representativeness,Context on public insurance use and poverty only; never comuna-level estimates,ASESORIAS_DATA_ROOT,data,Ministerio de Desarrollo Social y Familia,,Autism/metadata/download_manifest.csv,5509b7462c3ff965ae7f88799ece4ac57cd2960f4be79cecd42d650cd8c54c75,True,1608073353,True,2026-09-05,https://observatorio.ministeriodesarrollosocial.gob.cl/encuesta-casen-2024
casen_2024_metadata,casen_2024_provincia_comuna.dta,Autism/Encuestas/CASEN_2024/metadata/casen_2024_provincia_comuna.dta,2855219,16ac315fee386edef02a38507c9af4fe5cbb8cf3b083a5898ad7791fb18a0cae,2026-09-05 (download_manifest.csv downloaded_at_utc),"Documentation and territorial complement of CASEN 2024 (codebooks, questionnaire, sampling design, usage note, provincia/comuna .dta)",2024,not applicable (metadata),not applicable,"Codebooks define weights, strata and PSU; the provincia/comuna complement links by household/person identifiers per its codebook",not applicable (documentation),not applicable,not applicable,Comuna complement must be linked per codebook; no comuna representativeness,Interpretation and design declaration only,ASESORIAS_DATA_ROOT,documentation,Ministerio de Desarrollo Social y Familia,,Autism/metadata/download_manifest.csv,16ac315fee386edef02a38507c9af4fe5cbb8cf3b083a5898ad7791fb18a0cae,True,2855219,True,2026-09-05,https://observatorio.ministeriodesarrollosocial.gob.cl/encuesta-casen-2024
casen_2024_metadata,Libro_de_codigos_Casen_2024.xlsx,Autism/Encuestas/CASEN_2024/metadata/Libro_de_codigos_Casen_2024.xlsx,241945,c78453bb68ca55cd0201d5421c14a6fee80028e40b6ece639e6a5c6c8b7d4f74,2026-09-05 (download_manifest.csv downloaded_at_utc),"Documentation and territorial complement of CASEN 2024 (codebooks, questionnaire, sampling design, usage note, provincia/comuna .dta)",2024,not applicable (metadata),not applicable,"Codebooks define weights, strata and PSU; the provincia/comuna complement links by household/person identifiers per its codebook",not applicable (documentation),not applicable,not applicable,Comuna complement must be linked per codebook; no comuna representativeness,Interpretation and design declaration only,ASESORIAS_DATA_ROOT,documentation,Ministerio de Desarrollo Social y Familia,,Autism/metadata/download_manifest.csv,c78453bb68ca55cd0201d5421c14a6fee80028e40b6ece639e6a5c6c8b7d4f74,True,241945,True,2026-09-05,https://observatorio.ministeriodesarrollosocial.gob.cl/encuesta-casen-2024
casen_2024_metadata,Libro_de_codigos_Casen_2024_prov_comuna.xlsx,Autism/Encuestas/CASEN_2024/metadata/Libro_de_codigos_Casen_2024_prov_comuna.xlsx,33945,74b9a40a81f957379bf02aad4b6755c6f9fac58f64d04f8cdde3d8b8db884c17,2026-09-05 (download_manifest.csv downloaded_at_utc),"Documentation and territorial complement of CASEN 2024 (codebooks, questionnaire, sampling design, usage note, provincia/comuna .dta)",2024,not applicable (metadata),not applicable,"Codebooks define weights, strata and PSU; the provincia/comuna complement links by household/person identifiers per its codebook",not applicable (documentation),not applicable,not applicable,Comuna complement must be linked per codebook; no comuna representativeness,Interpretation and design declaration only,ASESORIAS_DATA_ROOT,documentation,Ministerio de Desarrollo Social y Familia,,Autism/metadata/download_manifest.csv,74b9a40a81f957379bf02aad4b6755c6f9fac58f64d04f8cdde3d8b8db884c17,True,33945,True,2026-09-05,https://observatorio.ministeriodesarrollosocial.gob.cl/encuesta-casen-2024
casen_2024_metadata,Cuestionario_Casen_2024.pdf,Autism/Encuestas/CASEN_2024/metadata/Cuestionario_Casen_2024.pdf,1301618,dc3c3afbdc9e90c368b0fe2bdaaf8420257c0f144ce444165b161e58521891dd,2026-09-05 (download_manifest.csv downloaded_at_utc),"Documentation and territorial complement of CASEN 2024 (codebooks, questionnaire, sampling design, usage note, provincia/comuna .dta)",2024,not applicable (metadata),not applicable,"Codebooks define weights, strata and PSU; the provincia/comuna complement links by household/person identifiers per its codebook",not applicable (documentation),not applicable,not applicable,Comuna complement must be linked per codebook; no comuna representativeness,Interpretation and design declaration only,ASESORIAS_DATA_ROOT,documentation,Ministerio de Desarrollo Social y Familia,,Autism/metadata/download_manifest.csv,dc3c3afbdc9e90c368b0fe2bdaaf8420257c0f144ce444165b161e58521891dd,True,1301618,True,2026-09-05,https://observatorio.ministeriodesarrollosocial.gob.cl/encuesta-casen-2024
casen_2024_metadata,Diseno_Muestral_Casen_2024.pdf,Autism/Encuestas/CASEN_2024/metadata/Diseno_Muestral_Casen_2024.pdf,4315989,4118b2dbbc880c6eebf71d5ad2f15c5f3980a75273cc7f998beb3e794c3fd2ab,2026-09-05 (download_manifest.csv downloaded_at_utc),"Documentation and territorial complement of CASEN 2024 (codebooks, questionnaire, sampling design, usage note, provincia/comuna .dta)",2024,not applicable (metadata),not applicable,"Codebooks define weights, strata and PSU; the provincia/comuna complement links by household/person identifiers per its codebook",not applicable (documentation),not applicable,not applicable,Comuna complement must be linked per codebook; no comuna representativeness,Interpretation and design declaration only,ASESORIAS_DATA_ROOT,documentation,Ministerio de Desarrollo Social y Familia,,Autism/metadata/download_manifest.csv,4118b2dbbc880c6eebf71d5ad2f15c5f3980a75273cc7f998beb3e794c3fd2ab,True,4315989,True,2026-09-05,https://observatorio.ministeriodesarrollosocial.gob.cl/encuesta-casen-2024
casen_2024_metadata,Ficha_tecnica_Casen_2024.pdf,Autism/Encuestas/CASEN_2024/metadata/Ficha_tecnica_Casen_2024.pdf,224673,7e1851f9075cc5fce91b45efd70f34af0863db861a94b5efac74901f25f522f7,2026-09-05 (download_manifest.csv downloaded_at_utc),"Documentation and territorial complement of CASEN 2024 (codebooks, questionnaire, sampling design, usage note, provincia/comuna .dta)",2024,not applicable (metadata),not applicable,"Codebooks define weights, strata and PSU; the provincia/comuna complement links by household/person identifiers per its codebook",not applicable (documentation),not applicable,not applicable,Comuna complement must be linked per codebook; no comuna representativeness,Interpretation and design declaration only,ASESORIAS_DATA_ROOT,documentation,Ministerio de Desarrollo Social y Familia,,Autism/metadata/download_manifest.csv,7e1851f9075cc5fce91b45efd70f34af0863db861a94b5efac74901f25f522f7,True,224673,True,2026-09-05,https://observatorio.ministeriodesarrollosocial.gob.cl/encuesta-casen-2024
casen_2024_metadata,Informe_metodologico_casen_2024.pdf,Autism/Encuestas/CASEN_2024/metadata/Informe_metodologico_casen_2024.pdf,1707435,73eec042a342165a3b38a188b55cdc1018f0cb8895ca5d58743f2b47f4125d65,2026-09-05 (download_manifest.csv downloaded_at_utc),"Documentation and territorial complement of CASEN 2024 (codebooks, questionnaire, sampling design, usage note, provincia/comuna .dta)",2024,not applicable (metadata),not applicable,"Codebooks define weights, strata and PSU; the provincia/comuna complement links by household/person identifiers per its codebook",not applicable (documentation),not applicable,not applicable,Comuna complement must be linked per codebook; no comuna representativeness,Interpretation and design declaration only,ASESORIAS_DATA_ROOT,documentation,Ministerio de Desarrollo Social y Familia,,Autism/metadata/download_manifest.csv,73eec042a342165a3b38a188b55cdc1018f0cb8895ca5d58743f2b47f4125d65,True,1707435,True,2026-09-05,https://observatorio.ministeriodesarrollosocial.gob.cl/encuesta-casen-2024
casen_2024_metadata,Nota_uso_bases_de_datos_Casen_2024.pdf,Autism/Encuestas/CASEN_2024/metadata/Nota_uso_bases_de_datos_Casen_2024.pdf,232992,44ca117ffedd29f3ac9e8cc415bc6924dede91a220505e2b518b02ff1ac57e90,2026-09-05 (download_manifest.csv downloaded_at_utc),"Documentation and territorial complement of CASEN 2024 (codebooks, questionnaire, sampling design, usage note, provincia/comuna .dta)",2024,not applicable (metadata),not applicable,"Codebooks define weights, strata and PSU; the provincia/comuna complement links by household/person identifiers per its codebook",not applicable (documentation),not applicable,not applicable,Comuna complement must be linked per codebook; no comuna representativeness,Interpretation and design declaration only,ASESORIAS_DATA_ROOT,documentation,Ministerio de Desarrollo Social y Familia,,Autism/metadata/download_manifest.csv,44ca117ffedd29f3ac9e8cc415bc6924dede91a220505e2b518b02ff1ac57e90,True,232992,True,2026-09-05,https://observatorio.ministeriodesarrollosocial.gob.cl/encuesta-casen-2024
mineduc_pie_reports,APUNTES_59_2024_PIE_sexo_2023.pdf,Autism/Educacion/MINEDUC/APUNTES_59_2024_PIE_sexo_2023.pdf,414910,ccb10e54c1dc9ec2b96d59e2943082663721840b84199bb3de61922d5d2a41b5,2026-09-04 (download_manifest.csv downloaded_at_utc),Published aggregate tables of students in Programas de Integración Escolar (PIE) by diagnosis,2023 (PIE by sex),"Students registered in PIE (registration for subsidy/quotas; MINEDUC warns it does not include all autistic students); PIE TEA strict 2019-2023: 11,877; 13,613; 18,801; 28,845; 47,551. TEA-Asperger: 9,135; 9,977; 12,081; 14,095; 16,091. SINACES harmonised 2024-2025: 86,475; 106,786 (special schools 2,505; 2,626)",National (and sector where published),"Tables transcribed from PDFs (Apuntes 59, Apuntes 60, Reporte Ley 21.545 SINACES 2022-2025); categories TEA, TEA-Asperger, special schools",stock (school-year registration),Total enrolment in the same PIE/school universe when published,"TEA strict vs TEA-Asperger vs harmonised TEA + TEA-Asperger require separate rules; 2022 discrepancy: SINACES report writes 42,945 while 45,014 minus 2,074 special-school students gives 42,940 (Apuntes 60); rule must be explicit","Aggregates, no microdata; not linkable to health registers","Keep TEA strict, TEA-Asperger, harmonised and SINACES series separate; record the five-case discrepancy; interpret as school recognition/demand, never prevalence",ASESORIAS_DATA_ROOT,data,Ministerio de Educación (Centro de Estudios / SINACES),,Autism/metadata/download_manifest.csv,ccb10e54c1dc9ec2b96d59e2943082663721840b84199bb3de61922d5d2a41b5,True,414910,True,2026-09-04,https://bibliotecadigital.mineduc.cl/
mineduc_pie_reports,APUNTES_60_2024_tendencia_PIE_2019_2023.pdf,Autism/Educacion/MINEDUC/APUNTES_60_2024_tendencia_PIE_2019_2023.pdf,433268,c3d5108c1715e26250bde19408035928d5985b211bd992c750f0c13cfa40c235,2026-09-04 (download_manifest.csv downloaded_at_utc),Published aggregate tables of students in Programas de Integración Escolar (PIE) by diagnosis,2019-2023 (PIE trend),"Students registered in PIE (registration for subsidy/quotas; MINEDUC warns it does not include all autistic students); PIE TEA strict 2019-2023: 11,877; 13,613; 18,801; 28,845; 47,551. TEA-Asperger: 9,135; 9,977; 12,081; 14,095; 16,091. SINACES harmonised 2024-2025: 86,475; 106,786 (special schools 2,505; 2,626)",National (and sector where published),"Tables transcribed from PDFs (Apuntes 59, Apuntes 60, Reporte Ley 21.545 SINACES 2022-2025); categories TEA, TEA-Asperger, special schools",stock (school-year registration),Total enrolment in the same PIE/school universe when published,"TEA strict vs TEA-Asperger vs harmonised TEA + TEA-Asperger require separate rules; 2022 discrepancy: SINACES report writes 42,945 while 45,014 minus 2,074 special-school students gives 42,940 (Apuntes 60); rule must be explicit","Aggregates, no microdata; not linkable to health registers","Keep TEA strict, TEA-Asperger, harmonised and SINACES series separate; record the five-case discrepancy; interpret as school recognition/demand, never prevalence",ASESORIAS_DATA_ROOT,data,Ministerio de Educación (Centro de Estudios / SINACES),,Autism/metadata/download_manifest.csv,c3d5108c1715e26250bde19408035928d5985b211bd992c750f0c13cfa40c235,True,433268,True,2026-09-04,https://bibliotecadigital.mineduc.cl/
mineduc_pie_reports,Reporte_Ley_21545_SINACES_2022_2025.pdf,Autism/Educacion/MINEDUC/Reporte_Ley_21545_SINACES_2022_2025.pdf,770837,46095f5860f09a605bfbb392ea78423aa2dc461c55972bc31f72a1f58b230f93,2026-09-04 (download_manifest.csv downloaded_at_utc),Published aggregate tables of students in Programas de Integración Escolar (PIE) by diagnosis,2022-2025 (SINACES report),"Students registered in PIE (registration for subsidy/quotas; MINEDUC warns it does not include all autistic students); PIE TEA strict 2019-2023: 11,877; 13,613; 18,801; 28,845; 47,551. TEA-Asperger: 9,135; 9,977; 12,081; 14,095; 16,091. SINACES harmonised 2024-2025: 86,475; 106,786 (special schools 2,505; 2,626)",National (and sector where published),"Tables transcribed from PDFs (Apuntes 59, Apuntes 60, Reporte Ley 21.545 SINACES 2022-2025); categories TEA, TEA-Asperger, special schools",stock (school-year registration),Total enrolment in the same PIE/school universe when published,"TEA strict vs TEA-Asperger vs harmonised TEA + TEA-Asperger require separate rules; 2022 discrepancy: SINACES report writes 42,945 while 45,014 minus 2,074 special-school students gives 42,940 (Apuntes 60); rule must be explicit","Aggregates, no microdata; not linkable to health registers","Keep TEA strict, TEA-Asperger, harmonised and SINACES series separate; record the five-case discrepancy; interpret as school recognition/demand, never prevalence",ASESORIAS_DATA_ROOT,data,Ministerio de Educación (Centro de Estudios / SINACES),,Autism/metadata/download_manifest.csv,46095f5860f09a605bfbb392ea78423aa2dc461c55972bc31f72a1f58b230f93,True,770837,True,2026-09-04,https://bibliotecadigital.mineduc.cl/
junaeb_eve_microdata,EV_2019_JUNAEB_1ero_basico_desidentificada.csv,Autism/Educacion/JUNAEB/EVE/microdata/2019/EV_2019_JUNAEB_1ero_basico_desidentificada.csv,432722372,32263c52cceff8f082048bc4df47a770bfc4595b8127ce1c828cf6d6a5666953,2026-09-05 (download_manifest.csv downloaded_at_utc),"De-identified student record of the Encuesta de Vulnerabilidad Estudiantil (EVE), one file per level (parvularia, 1º básico, 5º básico, 1º medio) and year",2019,"Students in selected school cohorts answering the caregiver questionnaire (coverage is selective, not all Chilean students); unweighted TEA 2024: 17,641 / 10,245 / 7,468 (parvularia / 1º básico / 5º básico); 2025: 18,785 / 12,536 / 9,887 / 9,164 (incl. 1º medio)","Establishment and comuna of the school (JUNAEB_4_Q1_COMUNA etc.), not residence","sep=';' CSV; expansion weight EXP (column EXP_REG in the 2024 files, EXP in the 2025 files); the 2019-2023 files carry no expansion-weight column (header scan in module 00: no EXP/ponderador/factor variable), so those years can only be reported unweighted and flagged as such; TEA/autism item defined by the annual questionnaire and dictionary (prolonged medical diagnosis category TEA in 2024-2025); column names lower-case in 2019 and upper-case from 2020",cross-sectional school survey (caregiver report),Weighted students of the same level and year,"Question wording and codes change by year (dictionaries only for 2019, 2021, 2024, 2025); 2022 files are ANSI/Windows-1252 encoded; 2024 1º medio TEA variable is completely empty (report 'not estimable', never zero)","No linkage to PIE, health registers or other years",Use annual wording and weight EXP; report weighted proportions with CI; never national prevalence nor a series directly comparable with PIE; reproduce config.CONTROLS junaeb_unweighted_2024/2025,ASESORIAS_DATA_ROOT,data,Junta Nacional de Auxilio Escolar y Becas (JUNAEB),,Autism/metadata/download_manifest.csv,32263c52cceff8f082048bc4df47a770bfc4595b8127ce1c828cf6d6a5666953,True,432722372,True,2026-09-05,https://bibliotecadatos.sead.junaeb.cl/
junaeb_eve_microdata,EV_2019_JUNAEB_1ero_medio_desidentificada.csv,Autism/Educacion/JUNAEB/EVE/microdata/2019/EV_2019_JUNAEB_1ero_medio_desidentificada.csv,419130388,c8948c0c50c6bc7fb3ee75436c95b6e08f2445eae65dc5942dc8194bf822a61f,2026-09-05 (download_manifest.csv downloaded_at_utc),"De-identified student record of the Encuesta de Vulnerabilidad Estudiantil (EVE), one file per level (parvularia, 1º básico, 5º básico, 1º medio) and year",2019,"Students in selected school cohorts answering the caregiver questionnaire (coverage is selective, not all Chilean students); unweighted TEA 2024: 17,641 / 10,245 / 7,468 (parvularia / 1º básico / 5º básico); 2025: 18,785 / 12,536 / 9,887 / 9,164 (incl. 1º medio)","Establishment and comuna of the school (JUNAEB_4_Q1_COMUNA etc.), not residence","sep=';' CSV; expansion weight EXP (column EXP_REG in the 2024 files, EXP in the 2025 files); the 2019-2023 files carry no expansion-weight column (header scan in module 00: no EXP/ponderador/factor variable), so those years can only be reported unweighted and flagged as such; TEA/autism item defined by the annual questionnaire and dictionary (prolonged medical diagnosis category TEA in 2024-2025); column names lower-case in 2019 and upper-case from 2020",cross-sectional school survey (caregiver report),Weighted students of the same level and year,"Question wording and codes change by year (dictionaries only for 2019, 2021, 2024, 2025); 2022 files are ANSI/Windows-1252 encoded; 2024 1º medio TEA variable is completely empty (report 'not estimable', never zero)","No linkage to PIE, health registers or other years",Use annual wording and weight EXP; report weighted proportions with CI; never national prevalence nor a series directly comparable with PIE; reproduce config.CONTROLS junaeb_unweighted_2024/2025,ASESORIAS_DATA_ROOT,data,Junta Nacional de Auxilio Escolar y Becas (JUNAEB),,Autism/metadata/download_manifest.csv,c8948c0c50c6bc7fb3ee75436c95b6e08f2445eae65dc5942dc8194bf822a61f,True,419130388,True,2026-09-05,https://bibliotecadatos.sead.junaeb.cl/
junaeb_eve_microdata,EV_2019_JUNAEB_5to_basico_desidentificada.csv,Autism/Educacion/JUNAEB/EVE/microdata/2019/EV_2019_JUNAEB_5to_basico_desidentificada.csv,425800562,4f8c58b9f8f43ada37aacc0fe21605bd560c657477578ed5102a21368fb6af70,2026-09-05 (download_manifest.csv downloaded_at_utc),"De-identified student record of the Encuesta de Vulnerabilidad Estudiantil (EVE), one file per level (parvularia, 1º básico, 5º básico, 1º medio) and year",2019,"Students in selected school cohorts answering the caregiver questionnaire (coverage is selective, not all Chilean students); unweighted TEA 2024: 17,641 / 10,245 / 7,468 (parvularia / 1º básico / 5º básico); 2025: 18,785 / 12,536 / 9,887 / 9,164 (incl. 1º medio)","Establishment and comuna of the school (JUNAEB_4_Q1_COMUNA etc.), not residence","sep=';' CSV; expansion weight EXP (column EXP_REG in the 2024 files, EXP in the 2025 files); the 2019-2023 files carry no expansion-weight column (header scan in module 00: no EXP/ponderador/factor variable), so those years can only be reported unweighted and flagged as such; TEA/autism item defined by the annual questionnaire and dictionary (prolonged medical diagnosis category TEA in 2024-2025); column names lower-case in 2019 and upper-case from 2020",cross-sectional school survey (caregiver report),Weighted students of the same level and year,"Question wording and codes change by year (dictionaries only for 2019, 2021, 2024, 2025); 2022 files are ANSI/Windows-1252 encoded; 2024 1º medio TEA variable is completely empty (report 'not estimable', never zero)","No linkage to PIE, health registers or other years",Use annual wording and weight EXP; report weighted proportions with CI; never national prevalence nor a series directly comparable with PIE; reproduce config.CONTROLS junaeb_unweighted_2024/2025,ASESORIAS_DATA_ROOT,data,Junta Nacional de Auxilio Escolar y Becas (JUNAEB),,Autism/metadata/download_manifest.csv,4f8c58b9f8f43ada37aacc0fe21605bd560c657477578ed5102a21368fb6af70,True,425800562,True,2026-09-05,https://bibliotecadatos.sead.junaeb.cl/
junaeb_eve_microdata,EV_2019_JUNAEB_parvularia_desidentificada.csv,Autism/Educacion/JUNAEB/EVE/microdata/2019/EV_2019_JUNAEB_parvularia_desidentificada.csv,664325723,5f05e10e7d7111b37fa8c2347b608788bf8f6e3e87928eec7d8d8ccfbb2f3ed3,2026-09-05 (download_manifest.csv downloaded_at_utc),"De-identified student record of the Encuesta de Vulnerabilidad Estudiantil (EVE), one file per level (parvularia, 1º básico, 5º básico, 1º medio) and year",2019,"Students in selected school cohorts answering the caregiver questionnaire (coverage is selective, not all Chilean students); unweighted TEA 2024: 17,641 / 10,245 / 7,468 (parvularia / 1º básico / 5º básico); 2025: 18,785 / 12,536 / 9,887 / 9,164 (incl. 1º medio)","Establishment and comuna of the school (JUNAEB_4_Q1_COMUNA etc.), not residence","sep=';' CSV; expansion weight EXP (column EXP_REG in the 2024 files, EXP in the 2025 files); the 2019-2023 files carry no expansion-weight column (header scan in module 00: no EXP/ponderador/factor variable), so those years can only be reported unweighted and flagged as such; TEA/autism item defined by the annual questionnaire and dictionary (prolonged medical diagnosis category TEA in 2024-2025); column names lower-case in 2019 and upper-case from 2020",cross-sectional school survey (caregiver report),Weighted students of the same level and year,"Question wording and codes change by year (dictionaries only for 2019, 2021, 2024, 2025); 2022 files are ANSI/Windows-1252 encoded; 2024 1º medio TEA variable is completely empty (report 'not estimable', never zero)","No linkage to PIE, health registers or other years",Use annual wording and weight EXP; report weighted proportions with CI; never national prevalence nor a series directly comparable with PIE; reproduce config.CONTROLS junaeb_unweighted_2024/2025,ASESORIAS_DATA_ROOT,data,Junta Nacional de Auxilio Escolar y Becas (JUNAEB),,Autism/metadata/download_manifest.csv,5f05e10e7d7111b37fa8c2347b608788bf8f6e3e87928eec7d8d8ccfbb2f3ed3,True,664325723,True,2026-09-05,https://bibliotecadatos.sead.junaeb.cl/
junaeb_eve_microdata,EV_2020_JUNAEB_1ero_basico_desidentificada.csv,Autism/Educacion/JUNAEB/EVE/microdata/2020/EV_2020_JUNAEB_1ero_basico_desidentificada.csv,364367458,d5d6a33c57ebdb4fdf9dbf3f6e547e5cb6810ae329497ae334a7e2b535480549,2026-09-05 (download_manifest.csv downloaded_at_utc),"De-identified student record of the Encuesta de Vulnerabilidad Estudiantil (EVE), one file per level (parvularia, 1º básico, 5º básico, 1º medio) and year",2020,"Students in selected school cohorts answering the caregiver questionnaire (coverage is selective, not all Chilean students); unweighted TEA 2024: 17,641 / 10,245 / 7,468 (parvularia / 1º básico / 5º básico); 2025: 18,785 / 12,536 / 9,887 / 9,164 (incl. 1º medio)","Establishment and comuna of the school (JUNAEB_4_Q1_COMUNA etc.), not residence","sep=';' CSV; expansion weight EXP (column EXP_REG in the 2024 files, EXP in the 2025 files); the 2019-2023 files carry no expansion-weight column (header scan in module 00: no EXP/ponderador/factor variable), so those years can only be reported unweighted and flagged as such; TEA/autism item defined by the annual questionnaire and dictionary (prolonged medical diagnosis category TEA in 2024-2025); column names lower-case in 2019 and upper-case from 2020",cross-sectional school survey (caregiver report),Weighted students of the same level and year,"Question wording and codes change by year (dictionaries only for 2019, 2021, 2024, 2025); 2022 files are ANSI/Windows-1252 encoded; 2024 1º medio TEA variable is completely empty (report 'not estimable', never zero)","No linkage to PIE, health registers or other years",Use annual wording and weight EXP; report weighted proportions with CI; never national prevalence nor a series directly comparable with PIE; reproduce config.CONTROLS junaeb_unweighted_2024/2025,ASESORIAS_DATA_ROOT,data,Junta Nacional de Auxilio Escolar y Becas (JUNAEB),,Autism/metadata/download_manifest.csv,d5d6a33c57ebdb4fdf9dbf3f6e547e5cb6810ae329497ae334a7e2b535480549,True,364367458,True,2026-09-05,https://bibliotecadatos.sead.junaeb.cl/
junaeb_eve_microdata,EV_2020_JUNAEB_1ero_medio_desidentificada.csv,Autism/Educacion/JUNAEB/EVE/microdata/2020/EV_2020_JUNAEB_1ero_medio_desidentificada.csv,378461584,ab9ca197e3ef4e8c4278994b73690779c2a128a2739de4e9eb9a417ef51a6c3e,2026-09-05 (download_manifest.csv downloaded_at_utc),"De-identified student record of the Encuesta de Vulnerabilidad Estudiantil (EVE), one file per level (parvularia, 1º básico, 5º básico, 1º medio) and year",2020,"Students in selected school cohorts answering the caregiver questionnaire (coverage is selective, not all Chilean students); unweighted TEA 2024: 17,641 / 10,245 / 7,468 (parvularia / 1º básico / 5º básico); 2025: 18,785 / 12,536 / 9,887 / 9,164 (incl. 1º medio)","Establishment and comuna of the school (JUNAEB_4_Q1_COMUNA etc.), not residence","sep=';' CSV; expansion weight EXP (column EXP_REG in the 2024 files, EXP in the 2025 files); the 2019-2023 files carry no expansion-weight column (header scan in module 00: no EXP/ponderador/factor variable), so those years can only be reported unweighted and flagged as such; TEA/autism item defined by the annual questionnaire and dictionary (prolonged medical diagnosis category TEA in 2024-2025); column names lower-case in 2019 and upper-case from 2020",cross-sectional school survey (caregiver report),Weighted students of the same level and year,"Question wording and codes change by year (dictionaries only for 2019, 2021, 2024, 2025); 2022 files are ANSI/Windows-1252 encoded; 2024 1º medio TEA variable is completely empty (report 'not estimable', never zero)","No linkage to PIE, health registers or other years",Use annual wording and weight EXP; report weighted proportions with CI; never national prevalence nor a series directly comparable with PIE; reproduce config.CONTROLS junaeb_unweighted_2024/2025,ASESORIAS_DATA_ROOT,data,Junta Nacional de Auxilio Escolar y Becas (JUNAEB),,Autism/metadata/download_manifest.csv,ab9ca197e3ef4e8c4278994b73690779c2a128a2739de4e9eb9a417ef51a6c3e,True,378461584,True,2026-09-05,https://bibliotecadatos.sead.junaeb.cl/
junaeb_eve_microdata,EV_2020_JUNAEB_5to_basico_desidentificada.csv,Autism/Educacion/JUNAEB/EVE/microdata/2020/EV_2020_JUNAEB_5to_basico_desidentificada.csv,396076737,3de926773739c9bb5fc4bea8ad6c34357ee5e164b39b636b12072c9529874339,2026-09-05 (download_manifest.csv downloaded_at_utc),"De-identified student record of the Encuesta de Vulnerabilidad Estudiantil (EVE), one file per level (parvularia, 1º básico, 5º básico, 1º medio) and year",2020,"Students in selected school cohorts answering the caregiver questionnaire (coverage is selective, not all Chilean students); unweighted TEA 2024: 17,641 / 10,245 / 7,468 (parvularia / 1º básico / 5º básico); 2025: 18,785 / 12,536 / 9,887 / 9,164 (incl. 1º medio)","Establishment and comuna of the school (JUNAEB_4_Q1_COMUNA etc.), not residence","sep=';' CSV; expansion weight EXP (column EXP_REG in the 2024 files, EXP in the 2025 files); the 2019-2023 files carry no expansion-weight column (header scan in module 00: no EXP/ponderador/factor variable), so those years can only be reported unweighted and flagged as such; TEA/autism item defined by the annual questionnaire and dictionary (prolonged medical diagnosis category TEA in 2024-2025); column names lower-case in 2019 and upper-case from 2020",cross-sectional school survey (caregiver report),Weighted students of the same level and year,"Question wording and codes change by year (dictionaries only for 2019, 2021, 2024, 2025); 2022 files are ANSI/Windows-1252 encoded; 2024 1º medio TEA variable is completely empty (report 'not estimable', never zero)","No linkage to PIE, health registers or other years",Use annual wording and weight EXP; report weighted proportions with CI; never national prevalence nor a series directly comparable with PIE; reproduce config.CONTROLS junaeb_unweighted_2024/2025,ASESORIAS_DATA_ROOT,data,Junta Nacional de Auxilio Escolar y Becas (JUNAEB),,Autism/metadata/download_manifest.csv,3de926773739c9bb5fc4bea8ad6c34357ee5e164b39b636b12072c9529874339,True,396076737,True,2026-09-05,https://bibliotecadatos.sead.junaeb.cl/
junaeb_eve_microdata,EV_2020_JUNAEB_parvularia_desidentificada.csv,Autism/Educacion/JUNAEB/EVE/microdata/2020/EV_2020_JUNAEB_parvularia_desidentificada.csv,673748126,9048d42ed32d3512422e8b89b2d82eea9b134eba195d083d84b5180ad4ad0b88,2026-09-05 (download_manifest.csv downloaded_at_utc),"De-identified student record of the Encuesta de Vulnerabilidad Estudiantil (EVE), one file per level (parvularia, 1º básico, 5º básico, 1º medio) and year",2020,"Students in selected school cohorts answering the caregiver questionnaire (coverage is selective, not all Chilean students); unweighted TEA 2024: 17,641 / 10,245 / 7,468 (parvularia / 1º básico / 5º básico); 2025: 18,785 / 12,536 / 9,887 / 9,164 (incl. 1º medio)","Establishment and comuna of the school (JUNAEB_4_Q1_COMUNA etc.), not residence","sep=';' CSV; expansion weight EXP (column EXP_REG in the 2024 files, EXP in the 2025 files); the 2019-2023 files carry no expansion-weight column (header scan in module 00: no EXP/ponderador/factor variable), so those years can only be reported unweighted and flagged as such; TEA/autism item defined by the annual questionnaire and dictionary (prolonged medical diagnosis category TEA in 2024-2025); column names lower-case in 2019 and upper-case from 2020",cross-sectional school survey (caregiver report),Weighted students of the same level and year,"Question wording and codes change by year (dictionaries only for 2019, 2021, 2024, 2025); 2022 files are ANSI/Windows-1252 encoded; 2024 1º medio TEA variable is completely empty (report 'not estimable', never zero)","No linkage to PIE, health registers or other years",Use annual wording and weight EXP; report weighted proportions with CI; never national prevalence nor a series directly comparable with PIE; reproduce config.CONTROLS junaeb_unweighted_2024/2025,ASESORIAS_DATA_ROOT,data,Junta Nacional de Auxilio Escolar y Becas (JUNAEB),,Autism/metadata/download_manifest.csv,9048d42ed32d3512422e8b89b2d82eea9b134eba195d083d84b5180ad4ad0b88,True,673748126,True,2026-09-05,https://bibliotecadatos.sead.junaeb.cl/
junaeb_eve_microdata,EV_2021_JUNAEB_1ero_basico_desidentificada.csv,Autism/Educacion/JUNAEB/EVE/microdata/2021/EV_2021_JUNAEB_1ero_basico_desidentificada.csv,220680035,9d0d85426b0cb1c26ee383e98462669055211d63ceae472c4c6e003571181e47,2026-09-05 (download_manifest.csv downloaded_at_utc),"De-identified student record of the Encuesta de Vulnerabilidad Estudiantil (EVE), one file per level (parvularia, 1º básico, 5º básico, 1º medio) and year",2021,"Students in selected school cohorts answering the caregiver questionnaire (coverage is selective, not all Chilean students); unweighted TEA 2024: 17,641 / 10,245 / 7,468 (parvularia / 1º básico / 5º básico); 2025: 18,785 / 12,536 / 9,887 / 9,164 (incl. 1º medio)","Establishment and comuna of the school (JUNAEB_4_Q1_COMUNA etc.), not residence","sep=';' CSV; expansion weight EXP (column EXP_REG in the 2024 files, EXP in the 2025 files); the 2019-2023 files carry no expansion-weight column (header scan in module 00: no EXP/ponderador/factor variable), so those years can only be reported unweighted and flagged as such; TEA/autism item defined by the annual questionnaire and dictionary (prolonged medical diagnosis category TEA in 2024-2025); column names lower-case in 2019 and upper-case from 2020",cross-sectional school survey (caregiver report),Weighted students of the same level and year,"Question wording and codes change by year (dictionaries only for 2019, 2021, 2024, 2025); 2022 files are ANSI/Windows-1252 encoded; 2024 1º medio TEA variable is completely empty (report 'not estimable', never zero)","No linkage to PIE, health registers or other years",Use annual wording and weight EXP; report weighted proportions with CI; never national prevalence nor a series directly comparable with PIE; reproduce config.CONTROLS junaeb_unweighted_2024/2025,ASESORIAS_DATA_ROOT,data,Junta Nacional de Auxilio Escolar y Becas (JUNAEB),,Autism/metadata/download_manifest.csv,9d0d85426b0cb1c26ee383e98462669055211d63ceae472c4c6e003571181e47,True,220680035,True,2026-09-05,https://bibliotecadatos.sead.junaeb.cl/
junaeb_eve_microdata,EV_2021_JUNAEB_1ero_medio_desidentificada.csv,Autism/Educacion/JUNAEB/EVE/microdata/2021/EV_2021_JUNAEB_1ero_medio_desidentificada.csv,236486135,85ebc42eece7c6872f6295da219c888b5a735feb5f90e5af096048e45dfa9859,2026-09-05 (download_manifest.csv downloaded_at_utc),"De-identified student record of the Encuesta de Vulnerabilidad Estudiantil (EVE), one file per level (parvularia, 1º básico, 5º básico, 1º medio) and year",2021,"Students in selected school cohorts answering the caregiver questionnaire (coverage is selective, not all Chilean students); unweighted TEA 2024: 17,641 / 10,245 / 7,468 (parvularia / 1º básico / 5º básico); 2025: 18,785 / 12,536 / 9,887 / 9,164 (incl. 1º medio)","Establishment and comuna of the school (JUNAEB_4_Q1_COMUNA etc.), not residence","sep=';' CSV; expansion weight EXP (column EXP_REG in the 2024 files, EXP in the 2025 files); the 2019-2023 files carry no expansion-weight column (header scan in module 00: no EXP/ponderador/factor variable), so those years can only be reported unweighted and flagged as such; TEA/autism item defined by the annual questionnaire and dictionary (prolonged medical diagnosis category TEA in 2024-2025); column names lower-case in 2019 and upper-case from 2020",cross-sectional school survey (caregiver report),Weighted students of the same level and year,"Question wording and codes change by year (dictionaries only for 2019, 2021, 2024, 2025); 2022 files are ANSI/Windows-1252 encoded; 2024 1º medio TEA variable is completely empty (report 'not estimable', never zero)","No linkage to PIE, health registers or other years",Use annual wording and weight EXP; report weighted proportions with CI; never national prevalence nor a series directly comparable with PIE; reproduce config.CONTROLS junaeb_unweighted_2024/2025,ASESORIAS_DATA_ROOT,data,Junta Nacional de Auxilio Escolar y Becas (JUNAEB),,Autism/metadata/download_manifest.csv,85ebc42eece7c6872f6295da219c888b5a735feb5f90e5af096048e45dfa9859,True,236486135,True,2026-09-05,https://bibliotecadatos.sead.junaeb.cl/
junaeb_eve_microdata,EV_2021_JUNAEB_5to_basico_desidentificada.csv,Autism/Educacion/JUNAEB/EVE/microdata/2021/EV_2021_JUNAEB_5to_basico_desidentificada.csv,238847482,20207cd250cbafa0b2cd42c422e23fc50e32bf14bc47205523858a8beec9d5ac,2026-09-05 (download_manifest.csv downloaded_at_utc),"De-identified student record of the Encuesta de Vulnerabilidad Estudiantil (EVE), one file per level (parvularia, 1º básico, 5º básico, 1º medio) and year",2021,"Students in selected school cohorts answering the caregiver questionnaire (coverage is selective, not all Chilean students); unweighted TEA 2024: 17,641 / 10,245 / 7,468 (parvularia / 1º básico / 5º básico); 2025: 18,785 / 12,536 / 9,887 / 9,164 (incl. 1º medio)","Establishment and comuna of the school (JUNAEB_4_Q1_COMUNA etc.), not residence","sep=';' CSV; expansion weight EXP (column EXP_REG in the 2024 files, EXP in the 2025 files); the 2019-2023 files carry no expansion-weight column (header scan in module 00: no EXP/ponderador/factor variable), so those years can only be reported unweighted and flagged as such; TEA/autism item defined by the annual questionnaire and dictionary (prolonged medical diagnosis category TEA in 2024-2025); column names lower-case in 2019 and upper-case from 2020",cross-sectional school survey (caregiver report),Weighted students of the same level and year,"Question wording and codes change by year (dictionaries only for 2019, 2021, 2024, 2025); 2022 files are ANSI/Windows-1252 encoded; 2024 1º medio TEA variable is completely empty (report 'not estimable', never zero)","No linkage to PIE, health registers or other years",Use annual wording and weight EXP; report weighted proportions with CI; never national prevalence nor a series directly comparable with PIE; reproduce config.CONTROLS junaeb_unweighted_2024/2025,ASESORIAS_DATA_ROOT,data,Junta Nacional de Auxilio Escolar y Becas (JUNAEB),,Autism/metadata/download_manifest.csv,20207cd250cbafa0b2cd42c422e23fc50e32bf14bc47205523858a8beec9d5ac,True,238847482,True,2026-09-05,https://bibliotecadatos.sead.junaeb.cl/
junaeb_eve_microdata,EV_2021_JUNAEB_parvularia_desidentificada.csv,Autism/Educacion/JUNAEB/EVE/microdata/2021/EV_2021_JUNAEB_parvularia_desidentificada.csv,430344603,fe183ff382690dca23be7cf5cdbc2e000d3414ca6ca7e6cfc194c446fd60b230,2026-09-05 (download_manifest.csv downloaded_at_utc),"De-identified student record of the Encuesta de Vulnerabilidad Estudiantil (EVE), one file per level (parvularia, 1º básico, 5º básico, 1º medio) and year",2021,"Students in selected school cohorts answering the caregiver questionnaire (coverage is selective, not all Chilean students); unweighted TEA 2024: 17,641 / 10,245 / 7,468 (parvularia / 1º básico / 5º básico); 2025: 18,785 / 12,536 / 9,887 / 9,164 (incl. 1º medio)","Establishment and comuna of the school (JUNAEB_4_Q1_COMUNA etc.), not residence","sep=';' CSV; expansion weight EXP (column EXP_REG in the 2024 files, EXP in the 2025 files); the 2019-2023 files carry no expansion-weight column (header scan in module 00: no EXP/ponderador/factor variable), so those years can only be reported unweighted and flagged as such; TEA/autism item defined by the annual questionnaire and dictionary (prolonged medical diagnosis category TEA in 2024-2025); column names lower-case in 2019 and upper-case from 2020",cross-sectional school survey (caregiver report),Weighted students of the same level and year,"Question wording and codes change by year (dictionaries only for 2019, 2021, 2024, 2025); 2022 files are ANSI/Windows-1252 encoded; 2024 1º medio TEA variable is completely empty (report 'not estimable', never zero)","No linkage to PIE, health registers or other years",Use annual wording and weight EXP; report weighted proportions with CI; never national prevalence nor a series directly comparable with PIE; reproduce config.CONTROLS junaeb_unweighted_2024/2025,ASESORIAS_DATA_ROOT,data,Junta Nacional de Auxilio Escolar y Becas (JUNAEB),,Autism/metadata/download_manifest.csv,fe183ff382690dca23be7cf5cdbc2e000d3414ca6ca7e6cfc194c446fd60b230,True,430344603,True,2026-09-05,https://bibliotecadatos.sead.junaeb.cl/
junaeb_eve_microdata,EV_2022_JUNAEB_1ero_basico_desidentificada_ANSI.csv,Autism/Educacion/JUNAEB/EVE/microdata/2022/EV_2022_JUNAEB_1ero_basico_desidentificada_ANSI.csv,250622106,78b455438150157e56fbba84a1a3d45ae8b569ae9a065d445523710c49aaacdc,2026-09-05 (download_manifest.csv downloaded_at_utc),"De-identified student record of the Encuesta de Vulnerabilidad Estudiantil (EVE), one file per level (parvularia, 1º básico, 5º básico, 1º medio) and year",2022,"Students in selected school cohorts answering the caregiver questionnaire (coverage is selective, not all Chilean students); unweighted TEA 2024: 17,641 / 10,245 / 7,468 (parvularia / 1º básico / 5º básico); 2025: 18,785 / 12,536 / 9,887 / 9,164 (incl. 1º medio)","Establishment and comuna of the school (JUNAEB_4_Q1_COMUNA etc.), not residence","sep=';' CSV; expansion weight EXP (column EXP_REG in the 2024 files, EXP in the 2025 files); the 2019-2023 files carry no expansion-weight column (header scan in module 00: no EXP/ponderador/factor variable), so those years can only be reported unweighted and flagged as such; TEA/autism item defined by the annual questionnaire and dictionary (prolonged medical diagnosis category TEA in 2024-2025); column names lower-case in 2019 and upper-case from 2020",cross-sectional school survey (caregiver report),Weighted students of the same level and year,"Question wording and codes change by year (dictionaries only for 2019, 2021, 2024, 2025); 2022 files are ANSI/Windows-1252 encoded; 2024 1º medio TEA variable is completely empty (report 'not estimable', never zero)","No linkage to PIE, health registers or other years",Use annual wording and weight EXP; report weighted proportions with CI; never national prevalence nor a series directly comparable with PIE; reproduce config.CONTROLS junaeb_unweighted_2024/2025,ASESORIAS_DATA_ROOT,data,Junta Nacional de Auxilio Escolar y Becas (JUNAEB),,Autism/metadata/download_manifest.csv,78b455438150157e56fbba84a1a3d45ae8b569ae9a065d445523710c49aaacdc,True,250622106,True,2026-09-05,https://bibliotecadatos.sead.junaeb.cl/
junaeb_eve_microdata,EV_2022_JUNAEB_1ero_medio_desidentificada_ANSI.csv,Autism/Educacion/JUNAEB/EVE/microdata/2022/EV_2022_JUNAEB_1ero_medio_desidentificada_ANSI.csv,242986565,006271c3a6e403fa27f380c88e39e4308b94415a9134098db301e2bcd8566ab4,2026-09-05 (download_manifest.csv downloaded_at_utc),"De-identified student record of the Encuesta de Vulnerabilidad Estudiantil (EVE), one file per level (parvularia, 1º básico, 5º básico, 1º medio) and year",2022,"Students in selected school cohorts answering the caregiver questionnaire (coverage is selective, not all Chilean students); unweighted TEA 2024: 17,641 / 10,245 / 7,468 (parvularia / 1º básico / 5º básico); 2025: 18,785 / 12,536 / 9,887 / 9,164 (incl. 1º medio)","Establishment and comuna of the school (JUNAEB_4_Q1_COMUNA etc.), not residence","sep=';' CSV; expansion weight EXP (column EXP_REG in the 2024 files, EXP in the 2025 files); the 2019-2023 files carry no expansion-weight column (header scan in module 00: no EXP/ponderador/factor variable), so those years can only be reported unweighted and flagged as such; TEA/autism item defined by the annual questionnaire and dictionary (prolonged medical diagnosis category TEA in 2024-2025); column names lower-case in 2019 and upper-case from 2020",cross-sectional school survey (caregiver report),Weighted students of the same level and year,"Question wording and codes change by year (dictionaries only for 2019, 2021, 2024, 2025); 2022 files are ANSI/Windows-1252 encoded; 2024 1º medio TEA variable is completely empty (report 'not estimable', never zero)","No linkage to PIE, health registers or other years",Use annual wording and weight EXP; report weighted proportions with CI; never national prevalence nor a series directly comparable with PIE; reproduce config.CONTROLS junaeb_unweighted_2024/2025,ASESORIAS_DATA_ROOT,data,Junta Nacional de Auxilio Escolar y Becas (JUNAEB),,Autism/metadata/download_manifest.csv,006271c3a6e403fa27f380c88e39e4308b94415a9134098db301e2bcd8566ab4,True,242986565,True,2026-09-05,https://bibliotecadatos.sead.junaeb.cl/
junaeb_eve_microdata,EV_2022_JUNAEB_5to_basico_desidentificada_ANSI.csv,Autism/Educacion/JUNAEB/EVE/microdata/2022/EV_2022_JUNAEB_5to_basico_desidentificada_ANSI.csv,249446153,33ef6511e2e7c570fa4b1e4ac21f4f92a407cf04d08c21ac517cb2ca7574d1fb,2026-09-05 (download_manifest.csv downloaded_at_utc),"De-identified student record of the Encuesta de Vulnerabilidad Estudiantil (EVE), one file per level (parvularia, 1º básico, 5º básico, 1º medio) and year",2022,"Students in selected school cohorts answering the caregiver questionnaire (coverage is selective, not all Chilean students); unweighted TEA 2024: 17,641 / 10,245 / 7,468 (parvularia / 1º básico / 5º básico); 2025: 18,785 / 12,536 / 9,887 / 9,164 (incl. 1º medio)","Establishment and comuna of the school (JUNAEB_4_Q1_COMUNA etc.), not residence","sep=';' CSV; expansion weight EXP (column EXP_REG in the 2024 files, EXP in the 2025 files); the 2019-2023 files carry no expansion-weight column (header scan in module 00: no EXP/ponderador/factor variable), so those years can only be reported unweighted and flagged as such; TEA/autism item defined by the annual questionnaire and dictionary (prolonged medical diagnosis category TEA in 2024-2025); column names lower-case in 2019 and upper-case from 2020",cross-sectional school survey (caregiver report),Weighted students of the same level and year,"Question wording and codes change by year (dictionaries only for 2019, 2021, 2024, 2025); 2022 files are ANSI/Windows-1252 encoded; 2024 1º medio TEA variable is completely empty (report 'not estimable', never zero)","No linkage to PIE, health registers or other years",Use annual wording and weight EXP; report weighted proportions with CI; never national prevalence nor a series directly comparable with PIE; reproduce config.CONTROLS junaeb_unweighted_2024/2025,ASESORIAS_DATA_ROOT,data,Junta Nacional de Auxilio Escolar y Becas (JUNAEB),,Autism/metadata/download_manifest.csv,33ef6511e2e7c570fa4b1e4ac21f4f92a407cf04d08c21ac517cb2ca7574d1fb,True,249446153,True,2026-09-05,https://bibliotecadatos.sead.junaeb.cl/
junaeb_eve_microdata,EV_2022_JUNAEB_parvularia_desidentificada_ANSI.csv,Autism/Educacion/JUNAEB/EVE/microdata/2022/EV_2022_JUNAEB_parvularia_desidentificada_ANSI.csv,481862923,620131f34689f888bf9a21f6d8ea5187653e3651b1800e9228fded65af03cfae,2026-09-05 (download_manifest.csv downloaded_at_utc),"De-identified student record of the Encuesta de Vulnerabilidad Estudiantil (EVE), one file per level (parvularia, 1º básico, 5º básico, 1º medio) and year",2022,"Students in selected school cohorts answering the caregiver questionnaire (coverage is selective, not all Chilean students); unweighted TEA 2024: 17,641 / 10,245 / 7,468 (parvularia / 1º básico / 5º básico); 2025: 18,785 / 12,536 / 9,887 / 9,164 (incl. 1º medio)","Establishment and comuna of the school (JUNAEB_4_Q1_COMUNA etc.), not residence","sep=';' CSV; expansion weight EXP (column EXP_REG in the 2024 files, EXP in the 2025 files); the 2019-2023 files carry no expansion-weight column (header scan in module 00: no EXP/ponderador/factor variable), so those years can only be reported unweighted and flagged as such; TEA/autism item defined by the annual questionnaire and dictionary (prolonged medical diagnosis category TEA in 2024-2025); column names lower-case in 2019 and upper-case from 2020",cross-sectional school survey (caregiver report),Weighted students of the same level and year,"Question wording and codes change by year (dictionaries only for 2019, 2021, 2024, 2025); 2022 files are ANSI/Windows-1252 encoded; 2024 1º medio TEA variable is completely empty (report 'not estimable', never zero)","No linkage to PIE, health registers or other years",Use annual wording and weight EXP; report weighted proportions with CI; never national prevalence nor a series directly comparable with PIE; reproduce config.CONTROLS junaeb_unweighted_2024/2025,ASESORIAS_DATA_ROOT,data,Junta Nacional de Auxilio Escolar y Becas (JUNAEB),,Autism/metadata/download_manifest.csv,620131f34689f888bf9a21f6d8ea5187653e3651b1800e9228fded65af03cfae,True,481862923,True,2026-09-05,https://bibliotecadatos.sead.junaeb.cl/
junaeb_eve_microdata,eve_2023_1ero_basico_desidentificado.csv,Autism/Educacion/JUNAEB/EVE/microdata/2023/eve_2023_1ero_basico_desidentificado.csv,309034980,cced3862edc2c594605de0648f6dfd3c54a72aa89c15cbe3d1189366b431f14a,2026-09-05 (download_manifest.csv downloaded_at_utc),"De-identified student record of the Encuesta de Vulnerabilidad Estudiantil (EVE), one file per level (parvularia, 1º básico, 5º básico, 1º medio) and year",2023,"Students in selected school cohorts answering the caregiver questionnaire (coverage is selective, not all Chilean students); unweighted TEA 2024: 17,641 / 10,245 / 7,468 (parvularia / 1º básico / 5º básico); 2025: 18,785 / 12,536 / 9,887 / 9,164 (incl. 1º medio)","Establishment and comuna of the school (JUNAEB_4_Q1_COMUNA etc.), not residence","sep=';' CSV; expansion weight EXP (column EXP_REG in the 2024 files, EXP in the 2025 files); the 2019-2023 files carry no expansion-weight column (header scan in module 00: no EXP/ponderador/factor variable), so those years can only be reported unweighted and flagged as such; TEA/autism item defined by the annual questionnaire and dictionary (prolonged medical diagnosis category TEA in 2024-2025); column names lower-case in 2019 and upper-case from 2020",cross-sectional school survey (caregiver report),Weighted students of the same level and year,"Question wording and codes change by year (dictionaries only for 2019, 2021, 2024, 2025); 2022 files are ANSI/Windows-1252 encoded; 2024 1º medio TEA variable is completely empty (report 'not estimable', never zero)","No linkage to PIE, health registers or other years",Use annual wording and weight EXP; report weighted proportions with CI; never national prevalence nor a series directly comparable with PIE; reproduce config.CONTROLS junaeb_unweighted_2024/2025,ASESORIAS_DATA_ROOT,data,Junta Nacional de Auxilio Escolar y Becas (JUNAEB),,Autism/metadata/download_manifest.csv,cced3862edc2c594605de0648f6dfd3c54a72aa89c15cbe3d1189366b431f14a,True,309034980,True,2026-09-05,https://bibliotecadatos.sead.junaeb.cl/
junaeb_eve_microdata,eve_2023_1ero_medio_desidentificado.csv,Autism/Educacion/JUNAEB/EVE/microdata/2023/eve_2023_1ero_medio_desidentificado.csv,338525402,8a56b62a444b5766771dff50eb355528de8f0d55833f3ebf0adcddc299adfa7f,2026-09-05 (download_manifest.csv downloaded_at_utc),"De-identified student record of the Encuesta de Vulnerabilidad Estudiantil (EVE), one file per level (parvularia, 1º básico, 5º básico, 1º medio) and year",2023,"Students in selected school cohorts answering the caregiver questionnaire (coverage is selective, not all Chilean students); unweighted TEA 2024: 17,641 / 10,245 / 7,468 (parvularia / 1º básico / 5º básico); 2025: 18,785 / 12,536 / 9,887 / 9,164 (incl. 1º medio)","Establishment and comuna of the school (JUNAEB_4_Q1_COMUNA etc.), not residence","sep=';' CSV; expansion weight EXP (column EXP_REG in the 2024 files, EXP in the 2025 files); the 2019-2023 files carry no expansion-weight column (header scan in module 00: no EXP/ponderador/factor variable), so those years can only be reported unweighted and flagged as such; TEA/autism item defined by the annual questionnaire and dictionary (prolonged medical diagnosis category TEA in 2024-2025); column names lower-case in 2019 and upper-case from 2020",cross-sectional school survey (caregiver report),Weighted students of the same level and year,"Question wording and codes change by year (dictionaries only for 2019, 2021, 2024, 2025); 2022 files are ANSI/Windows-1252 encoded; 2024 1º medio TEA variable is completely empty (report 'not estimable', never zero)","No linkage to PIE, health registers or other years",Use annual wording and weight EXP; report weighted proportions with CI; never national prevalence nor a series directly comparable with PIE; reproduce config.CONTROLS junaeb_unweighted_2024/2025,ASESORIAS_DATA_ROOT,data,Junta Nacional de Auxilio Escolar y Becas (JUNAEB),,Autism/metadata/download_manifest.csv,8a56b62a444b5766771dff50eb355528de8f0d55833f3ebf0adcddc299adfa7f,True,338525402,True,2026-09-05,https://bibliotecadatos.sead.junaeb.cl/
junaeb_eve_microdata,eve_2023_5to_basico_desidentificado.csv,Autism/Educacion/JUNAEB/EVE/microdata/2023/eve_2023_5to_basico_desidentificado.csv,318370604,50322801b5598634c0d44220bf917499f2177e3a0e23c11eb60b1657716682c2,2026-09-05 (download_manifest.csv downloaded_at_utc),"De-identified student record of the Encuesta de Vulnerabilidad Estudiantil (EVE), one file per level (parvularia, 1º básico, 5º básico, 1º medio) and year",2023,"Students in selected school cohorts answering the caregiver questionnaire (coverage is selective, not all Chilean students); unweighted TEA 2024: 17,641 / 10,245 / 7,468 (parvularia / 1º básico / 5º básico); 2025: 18,785 / 12,536 / 9,887 / 9,164 (incl. 1º medio)","Establishment and comuna of the school (JUNAEB_4_Q1_COMUNA etc.), not residence","sep=';' CSV; expansion weight EXP (column EXP_REG in the 2024 files, EXP in the 2025 files); the 2019-2023 files carry no expansion-weight column (header scan in module 00: no EXP/ponderador/factor variable), so those years can only be reported unweighted and flagged as such; TEA/autism item defined by the annual questionnaire and dictionary (prolonged medical diagnosis category TEA in 2024-2025); column names lower-case in 2019 and upper-case from 2020",cross-sectional school survey (caregiver report),Weighted students of the same level and year,"Question wording and codes change by year (dictionaries only for 2019, 2021, 2024, 2025); 2022 files are ANSI/Windows-1252 encoded; 2024 1º medio TEA variable is completely empty (report 'not estimable', never zero)","No linkage to PIE, health registers or other years",Use annual wording and weight EXP; report weighted proportions with CI; never national prevalence nor a series directly comparable with PIE; reproduce config.CONTROLS junaeb_unweighted_2024/2025,ASESORIAS_DATA_ROOT,data,Junta Nacional de Auxilio Escolar y Becas (JUNAEB),,Autism/metadata/download_manifest.csv,50322801b5598634c0d44220bf917499f2177e3a0e23c11eb60b1657716682c2,True,318370604,True,2026-09-05,https://bibliotecadatos.sead.junaeb.cl/
junaeb_eve_microdata,eve_2023_parvularia_desidentificado.csv,Autism/Educacion/JUNAEB/EVE/microdata/2023/eve_2023_parvularia_desidentificado.csv,580364863,2373f1e23e3ac960623c0992019cbcdf910c192105b765a67931992aee0d2437,2026-09-05 (download_manifest.csv downloaded_at_utc),"De-identified student record of the Encuesta de Vulnerabilidad Estudiantil (EVE), one file per level (parvularia, 1º básico, 5º básico, 1º medio) and year",2023,"Students in selected school cohorts answering the caregiver questionnaire (coverage is selective, not all Chilean students); unweighted TEA 2024: 17,641 / 10,245 / 7,468 (parvularia / 1º básico / 5º básico); 2025: 18,785 / 12,536 / 9,887 / 9,164 (incl. 1º medio)","Establishment and comuna of the school (JUNAEB_4_Q1_COMUNA etc.), not residence","sep=';' CSV; expansion weight EXP (column EXP_REG in the 2024 files, EXP in the 2025 files); the 2019-2023 files carry no expansion-weight column (header scan in module 00: no EXP/ponderador/factor variable), so those years can only be reported unweighted and flagged as such; TEA/autism item defined by the annual questionnaire and dictionary (prolonged medical diagnosis category TEA in 2024-2025); column names lower-case in 2019 and upper-case from 2020",cross-sectional school survey (caregiver report),Weighted students of the same level and year,"Question wording and codes change by year (dictionaries only for 2019, 2021, 2024, 2025); 2022 files are ANSI/Windows-1252 encoded; 2024 1º medio TEA variable is completely empty (report 'not estimable', never zero)","No linkage to PIE, health registers or other years",Use annual wording and weight EXP; report weighted proportions with CI; never national prevalence nor a series directly comparable with PIE; reproduce config.CONTROLS junaeb_unweighted_2024/2025,ASESORIAS_DATA_ROOT,data,Junta Nacional de Auxilio Escolar y Becas (JUNAEB),,Autism/metadata/download_manifest.csv,2373f1e23e3ac960623c0992019cbcdf910c192105b765a67931992aee0d2437,True,580364863,True,2026-09-05,https://bibliotecadatos.sead.junaeb.cl/
junaeb_eve_microdata,eve_2024_1ero_medio_desidentificado.csv,Autism/Educacion/JUNAEB/EVE/microdata/2024/eve_2024_1ero_medio_desidentificado.csv,341968458,bed7dbb54ecfd0bc735a22c9efd2926c5fb8da5e822b43bddfe3160ecd8777a2,2026-09-05 (download_manifest.csv downloaded_at_utc),"De-identified student record of the Encuesta de Vulnerabilidad Estudiantil (EVE), one file per level (parvularia, 1º básico, 5º básico, 1º medio) and year",2024,"Students in selected school cohorts answering the caregiver questionnaire (coverage is selective, not all Chilean students); unweighted TEA 2024: 17,641 / 10,245 / 7,468 (parvularia / 1º básico / 5º básico); 2025: 18,785 / 12,536 / 9,887 / 9,164 (incl. 1º medio)","Establishment and comuna of the school (JUNAEB_4_Q1_COMUNA etc.), not residence","sep=';' CSV; expansion weight EXP (column EXP_REG in the 2024 files, EXP in the 2025 files); the 2019-2023 files carry no expansion-weight column (header scan in module 00: no EXP/ponderador/factor variable), so those years can only be reported unweighted and flagged as such; TEA/autism item defined by the annual questionnaire and dictionary (prolonged medical diagnosis category TEA in 2024-2025); column names lower-case in 2019 and upper-case from 2020",cross-sectional school survey (caregiver report),Weighted students of the same level and year,"Question wording and codes change by year (dictionaries only for 2019, 2021, 2024, 2025); 2022 files are ANSI/Windows-1252 encoded; 2024 1º medio TEA variable is completely empty (report 'not estimable', never zero)","No linkage to PIE, health registers or other years",Use annual wording and weight EXP; report weighted proportions with CI; never national prevalence nor a series directly comparable with PIE; reproduce config.CONTROLS junaeb_unweighted_2024/2025,ASESORIAS_DATA_ROOT,data,Junta Nacional de Auxilio Escolar y Becas (JUNAEB),,Autism/metadata/download_manifest.csv,bed7dbb54ecfd0bc735a22c9efd2926c5fb8da5e822b43bddfe3160ecd8777a2,True,341968458,True,2026-09-05,https://bibliotecadatos.sead.junaeb.cl/
junaeb_eve_microdata,eve_2024_1ro_basico_desidentificado.csv,Autism/Educacion/JUNAEB/EVE/microdata/2024/eve_2024_1ro_basico_desidentificado.csv,285888063,d51007896d2d0f890c69ab9073e20f5b277cfc625a6fff9d6392a6101f46b250,2026-09-05 (download_manifest.csv downloaded_at_utc),"De-identified student record of the Encuesta de Vulnerabilidad Estudiantil (EVE), one file per level (parvularia, 1º básico, 5º básico, 1º medio) and year",2024,"Students in selected school cohorts answering the caregiver questionnaire (coverage is selective, not all Chilean students); unweighted TEA 2024: 17,641 / 10,245 / 7,468 (parvularia / 1º básico / 5º básico); 2025: 18,785 / 12,536 / 9,887 / 9,164 (incl. 1º medio)","Establishment and comuna of the school (JUNAEB_4_Q1_COMUNA etc.), not residence","sep=';' CSV; expansion weight EXP (column EXP_REG in the 2024 files, EXP in the 2025 files); the 2019-2023 files carry no expansion-weight column (header scan in module 00: no EXP/ponderador/factor variable), so those years can only be reported unweighted and flagged as such; TEA/autism item defined by the annual questionnaire and dictionary (prolonged medical diagnosis category TEA in 2024-2025); column names lower-case in 2019 and upper-case from 2020",cross-sectional school survey (caregiver report),Weighted students of the same level and year,"Question wording and codes change by year (dictionaries only for 2019, 2021, 2024, 2025); 2022 files are ANSI/Windows-1252 encoded; 2024 1º medio TEA variable is completely empty (report 'not estimable', never zero)","No linkage to PIE, health registers or other years",Use annual wording and weight EXP; report weighted proportions with CI; never national prevalence nor a series directly comparable with PIE; reproduce config.CONTROLS junaeb_unweighted_2024/2025,ASESORIAS_DATA_ROOT,data,Junta Nacional de Auxilio Escolar y Becas (JUNAEB),,Autism/metadata/download_manifest.csv,d51007896d2d0f890c69ab9073e20f5b277cfc625a6fff9d6392a6101f46b250,True,285888063,True,2026-09-05,https://bibliotecadatos.sead.junaeb.cl/
junaeb_eve_microdata,eve_2024_5to_basico_desidentificado.csv,Autism/Educacion/JUNAEB/EVE/microdata/2024/eve_2024_5to_basico_desidentificado.csv,315827185,58dc04d7611c6a39c4941ae95bff8df12d105117773d8322f083c9df769eba59,2026-09-05 (download_manifest.csv downloaded_at_utc),"De-identified student record of the Encuesta de Vulnerabilidad Estudiantil (EVE), one file per level (parvularia, 1º básico, 5º básico, 1º medio) and year",2024,"Students in selected school cohorts answering the caregiver questionnaire (coverage is selective, not all Chilean students); unweighted TEA 2024: 17,641 / 10,245 / 7,468 (parvularia / 1º básico / 5º básico); 2025: 18,785 / 12,536 / 9,887 / 9,164 (incl. 1º medio)","Establishment and comuna of the school (JUNAEB_4_Q1_COMUNA etc.), not residence","sep=';' CSV; expansion weight EXP (column EXP_REG in the 2024 files, EXP in the 2025 files); the 2019-2023 files carry no expansion-weight column (header scan in module 00: no EXP/ponderador/factor variable), so those years can only be reported unweighted and flagged as such; TEA/autism item defined by the annual questionnaire and dictionary (prolonged medical diagnosis category TEA in 2024-2025); column names lower-case in 2019 and upper-case from 2020",cross-sectional school survey (caregiver report),Weighted students of the same level and year,"Question wording and codes change by year (dictionaries only for 2019, 2021, 2024, 2025); 2022 files are ANSI/Windows-1252 encoded; 2024 1º medio TEA variable is completely empty (report 'not estimable', never zero)","No linkage to PIE, health registers or other years",Use annual wording and weight EXP; report weighted proportions with CI; never national prevalence nor a series directly comparable with PIE; reproduce config.CONTROLS junaeb_unweighted_2024/2025,ASESORIAS_DATA_ROOT,data,Junta Nacional de Auxilio Escolar y Becas (JUNAEB),,Autism/metadata/download_manifest.csv,58dc04d7611c6a39c4941ae95bff8df12d105117773d8322f083c9df769eba59,True,315827185,True,2026-09-05,https://bibliotecadatos.sead.junaeb.cl/
junaeb_eve_microdata,eve_2024_parvularia_desidentificado.csv,Autism/Educacion/JUNAEB/EVE/microdata/2024/eve_2024_parvularia_desidentificado.csv,520398231,eabaa4269851493535020aa1438dd5429e7d02c7428e8d68718625656de8a907,2026-09-05 (download_manifest.csv downloaded_at_utc),"De-identified student record of the Encuesta de Vulnerabilidad Estudiantil (EVE), one file per level (parvularia, 1º básico, 5º básico, 1º medio) and year",2024,"Students in selected school cohorts answering the caregiver questionnaire (coverage is selective, not all Chilean students); unweighted TEA 2024: 17,641 / 10,245 / 7,468 (parvularia / 1º básico / 5º básico); 2025: 18,785 / 12,536 / 9,887 / 9,164 (incl. 1º medio)","Establishment and comuna of the school (JUNAEB_4_Q1_COMUNA etc.), not residence","sep=';' CSV; expansion weight EXP (column EXP_REG in the 2024 files, EXP in the 2025 files); the 2019-2023 files carry no expansion-weight column (header scan in module 00: no EXP/ponderador/factor variable), so those years can only be reported unweighted and flagged as such; TEA/autism item defined by the annual questionnaire and dictionary (prolonged medical diagnosis category TEA in 2024-2025); column names lower-case in 2019 and upper-case from 2020",cross-sectional school survey (caregiver report),Weighted students of the same level and year,"Question wording and codes change by year (dictionaries only for 2019, 2021, 2024, 2025); 2022 files are ANSI/Windows-1252 encoded; 2024 1º medio TEA variable is completely empty (report 'not estimable', never zero)","No linkage to PIE, health registers or other years",Use annual wording and weight EXP; report weighted proportions with CI; never national prevalence nor a series directly comparable with PIE; reproduce config.CONTROLS junaeb_unweighted_2024/2025,ASESORIAS_DATA_ROOT,data,Junta Nacional de Auxilio Escolar y Becas (JUNAEB),,Autism/metadata/download_manifest.csv,eabaa4269851493535020aa1438dd5429e7d02c7428e8d68718625656de8a907,True,520398231,True,2026-09-05,https://bibliotecadatos.sead.junaeb.cl/
junaeb_eve_microdata,eve_2025_1ero_basico_desidentificado.csv,Autism/Educacion/JUNAEB/EVE/microdata/2025/eve_2025_1ero_basico_desidentificado.csv,100556314,33160620850c8b84e610bca4742be06bb507c1e4acc08724fdc11b9d8d4faf02,2026-09-05 (download_manifest.csv downloaded_at_utc),"De-identified student record of the Encuesta de Vulnerabilidad Estudiantil (EVE), one file per level (parvularia, 1º básico, 5º básico, 1º medio) and year",2025,"Students in selected school cohorts answering the caregiver questionnaire (coverage is selective, not all Chilean students); unweighted TEA 2024: 17,641 / 10,245 / 7,468 (parvularia / 1º básico / 5º básico); 2025: 18,785 / 12,536 / 9,887 / 9,164 (incl. 1º medio)","Establishment and comuna of the school (JUNAEB_4_Q1_COMUNA etc.), not residence","sep=';' CSV; expansion weight EXP (column EXP_REG in the 2024 files, EXP in the 2025 files); the 2019-2023 files carry no expansion-weight column (header scan in module 00: no EXP/ponderador/factor variable), so those years can only be reported unweighted and flagged as such; TEA/autism item defined by the annual questionnaire and dictionary (prolonged medical diagnosis category TEA in 2024-2025); column names lower-case in 2019 and upper-case from 2020",cross-sectional school survey (caregiver report),Weighted students of the same level and year,"Question wording and codes change by year (dictionaries only for 2019, 2021, 2024, 2025); 2022 files are ANSI/Windows-1252 encoded; 2024 1º medio TEA variable is completely empty (report 'not estimable', never zero)","No linkage to PIE, health registers or other years",Use annual wording and weight EXP; report weighted proportions with CI; never national prevalence nor a series directly comparable with PIE; reproduce config.CONTROLS junaeb_unweighted_2024/2025,ASESORIAS_DATA_ROOT,data,Junta Nacional de Auxilio Escolar y Becas (JUNAEB),,Autism/metadata/download_manifest.csv,33160620850c8b84e610bca4742be06bb507c1e4acc08724fdc11b9d8d4faf02,True,100556314,True,2026-09-05,https://bibliotecadatos.sead.junaeb.cl/
junaeb_eve_microdata,eve_2025_1ero_medio_desidentificado.csv,Autism/Educacion/JUNAEB/EVE/microdata/2025/eve_2025_1ero_medio_desidentificado.csv,132103726,9849b71cc8cc2a68e324f24a966151f058f2ffec25b5052f71ae35fe6d7b8183,2026-09-05 (download_manifest.csv downloaded_at_utc),"De-identified student record of the Encuesta de Vulnerabilidad Estudiantil (EVE), one file per level (parvularia, 1º básico, 5º básico, 1º medio) and year",2025,"Students in selected school cohorts answering the caregiver questionnaire (coverage is selective, not all Chilean students); unweighted TEA 2024: 17,641 / 10,245 / 7,468 (parvularia / 1º básico / 5º básico); 2025: 18,785 / 12,536 / 9,887 / 9,164 (incl. 1º medio)","Establishment and comuna of the school (JUNAEB_4_Q1_COMUNA etc.), not residence","sep=';' CSV; expansion weight EXP (column EXP_REG in the 2024 files, EXP in the 2025 files); the 2019-2023 files carry no expansion-weight column (header scan in module 00: no EXP/ponderador/factor variable), so those years can only be reported unweighted and flagged as such; TEA/autism item defined by the annual questionnaire and dictionary (prolonged medical diagnosis category TEA in 2024-2025); column names lower-case in 2019 and upper-case from 2020",cross-sectional school survey (caregiver report),Weighted students of the same level and year,"Question wording and codes change by year (dictionaries only for 2019, 2021, 2024, 2025); 2022 files are ANSI/Windows-1252 encoded; 2024 1º medio TEA variable is completely empty (report 'not estimable', never zero)","No linkage to PIE, health registers or other years",Use annual wording and weight EXP; report weighted proportions with CI; never national prevalence nor a series directly comparable with PIE; reproduce config.CONTROLS junaeb_unweighted_2024/2025,ASESORIAS_DATA_ROOT,data,Junta Nacional de Auxilio Escolar y Becas (JUNAEB),,Autism/metadata/download_manifest.csv,9849b71cc8cc2a68e324f24a966151f058f2ffec25b5052f71ae35fe6d7b8183,True,132103726,True,2026-09-05,https://bibliotecadatos.sead.junaeb.cl/
junaeb_eve_microdata,eve_2025_5to_basico_desidentificado.csv,Autism/Educacion/JUNAEB/EVE/microdata/2025/eve_2025_5to_basico_desidentificado.csv,116825705,4bb0d2872f44d2bf304c13e4fbe9315732ff0d2ee8eef1d9f51cdf68e8464537,2026-09-05 (download_manifest.csv downloaded_at_utc),"De-identified student record of the Encuesta de Vulnerabilidad Estudiantil (EVE), one file per level (parvularia, 1º básico, 5º básico, 1º medio) and year",2025,"Students in selected school cohorts answering the caregiver questionnaire (coverage is selective, not all Chilean students); unweighted TEA 2024: 17,641 / 10,245 / 7,468 (parvularia / 1º básico / 5º básico); 2025: 18,785 / 12,536 / 9,887 / 9,164 (incl. 1º medio)","Establishment and comuna of the school (JUNAEB_4_Q1_COMUNA etc.), not residence","sep=';' CSV; expansion weight EXP (column EXP_REG in the 2024 files, EXP in the 2025 files); the 2019-2023 files carry no expansion-weight column (header scan in module 00: no EXP/ponderador/factor variable), so those years can only be reported unweighted and flagged as such; TEA/autism item defined by the annual questionnaire and dictionary (prolonged medical diagnosis category TEA in 2024-2025); column names lower-case in 2019 and upper-case from 2020",cross-sectional school survey (caregiver report),Weighted students of the same level and year,"Question wording and codes change by year (dictionaries only for 2019, 2021, 2024, 2025); 2022 files are ANSI/Windows-1252 encoded; 2024 1º medio TEA variable is completely empty (report 'not estimable', never zero)","No linkage to PIE, health registers or other years",Use annual wording and weight EXP; report weighted proportions with CI; never national prevalence nor a series directly comparable with PIE; reproduce config.CONTROLS junaeb_unweighted_2024/2025,ASESORIAS_DATA_ROOT,data,Junta Nacional de Auxilio Escolar y Becas (JUNAEB),,Autism/metadata/download_manifest.csv,4bb0d2872f44d2bf304c13e4fbe9315732ff0d2ee8eef1d9f51cdf68e8464537,True,116825705,True,2026-09-05,https://bibliotecadatos.sead.junaeb.cl/
junaeb_eve_microdata,eve_2025_parvularia_desidentificado.csv,Autism/Educacion/JUNAEB/EVE/microdata/2025/eve_2025_parvularia_desidentificado.csv,159950244,d95afb89648527343f08a41bd188e4b9590067da40c5dacc749589fbd27e0735,2026-09-05 (download_manifest.csv downloaded_at_utc),"De-identified student record of the Encuesta de Vulnerabilidad Estudiantil (EVE), one file per level (parvularia, 1º básico, 5º básico, 1º medio) and year",2025,"Students in selected school cohorts answering the caregiver questionnaire (coverage is selective, not all Chilean students); unweighted TEA 2024: 17,641 / 10,245 / 7,468 (parvularia / 1º básico / 5º básico); 2025: 18,785 / 12,536 / 9,887 / 9,164 (incl. 1º medio)","Establishment and comuna of the school (JUNAEB_4_Q1_COMUNA etc.), not residence","sep=';' CSV; expansion weight EXP (column EXP_REG in the 2024 files, EXP in the 2025 files); the 2019-2023 files carry no expansion-weight column (header scan in module 00: no EXP/ponderador/factor variable), so those years can only be reported unweighted and flagged as such; TEA/autism item defined by the annual questionnaire and dictionary (prolonged medical diagnosis category TEA in 2024-2025); column names lower-case in 2019 and upper-case from 2020",cross-sectional school survey (caregiver report),Weighted students of the same level and year,"Question wording and codes change by year (dictionaries only for 2019, 2021, 2024, 2025); 2022 files are ANSI/Windows-1252 encoded; 2024 1º medio TEA variable is completely empty (report 'not estimable', never zero)","No linkage to PIE, health registers or other years",Use annual wording and weight EXP; report weighted proportions with CI; never national prevalence nor a series directly comparable with PIE; reproduce config.CONTROLS junaeb_unweighted_2024/2025,ASESORIAS_DATA_ROOT,data,Junta Nacional de Auxilio Escolar y Becas (JUNAEB),,Autism/metadata/download_manifest.csv,d95afb89648527343f08a41bd188e4b9590067da40c5dacc749589fbd27e0735,True,159950244,True,2026-09-05,https://bibliotecadatos.sead.junaeb.cl/
junaeb_eve_metadata,05 ENCUESTA 5TO BASICO 2019.pdf,Autism/Educacion/JUNAEB/EVE/metadata/Cuestionarios/2019/05 ENCUESTA 5TO BASICO 2019.pdf,188218,b38bbae3bb2dd43a6ffdc05328e14a6068b81ecec963b59f90b0fda999dd66c0,2026-09-04 (download_manifest.csv downloaded_at_utc),EVE questionnaire (PDF) or code dictionary (xlsx) per level and year,2019,not applicable (metadata),not applicable,Question wording and codes of the autism/TEA item and of the expansion weight per year,not applicable (documentation),not applicable,"Questionnaires exist for 2019-2025; dictionaries only for 2019, 2021, 2024 and 2025",not applicable,Cite the exact annual wording before using any EVE variable,ASESORIAS_DATA_ROOT,documentation,Junta Nacional de Auxilio Escolar y Becas (JUNAEB),,Autism/metadata/download_manifest.csv,b38bbae3bb2dd43a6ffdc05328e14a6068b81ecec963b59f90b0fda999dd66c0,True,188218,True,2026-09-04,https://bibliotecadatos.sead.junaeb.cl/
junaeb_eve_metadata,ENCUESTA 1RO BASICO 2019.pdf,Autism/Educacion/JUNAEB/EVE/metadata/Cuestionarios/2019/ENCUESTA 1RO BASICO 2019.pdf,188123,e56fc604cfa75af970e31123f44ad4d3628708a4fb25d7728cbaa8e24c804ff4,2026-09-04 (download_manifest.csv downloaded_at_utc),EVE questionnaire (PDF) or code dictionary (xlsx) per level and year,2019,not applicable (metadata),not applicable,Question wording and codes of the autism/TEA item and of the expansion weight per year,not applicable (documentation),not applicable,"Questionnaires exist for 2019-2025; dictionaries only for 2019, 2021, 2024 and 2025",not applicable,Cite the exact annual wording before using any EVE variable,ASESORIAS_DATA_ROOT,documentation,Junta Nacional de Auxilio Escolar y Becas (JUNAEB),,Autism/metadata/download_manifest.csv,e56fc604cfa75af970e31123f44ad4d3628708a4fb25d7728cbaa8e24c804ff4,True,188123,True,2026-09-04,https://bibliotecadatos.sead.junaeb.cl/
junaeb_eve_metadata,ENCUESTA 1RO MEDIO 2019.pdf,Autism/Educacion/JUNAEB/EVE/metadata/Cuestionarios/2019/ENCUESTA 1RO MEDIO 2019.pdf,189086,56858314ee8df0c364d173a05edf18516adc9f3d40b9ddef995c6ac317981bc7,2026-09-04 (download_manifest.csv downloaded_at_utc),EVE questionnaire (PDF) or code dictionary (xlsx) per level and year,2019,not applicable (metadata),not applicable,Question wording and codes of the autism/TEA item and of the expansion weight per year,not applicable (documentation),not applicable,"Questionnaires exist for 2019-2025; dictionaries only for 2019, 2021, 2024 and 2025",not applicable,Cite the exact annual wording before using any EVE variable,ASESORIAS_DATA_ROOT,documentation,Junta Nacional de Auxilio Escolar y Becas (JUNAEB),,Autism/metadata/download_manifest.csv,56858314ee8df0c364d173a05edf18516adc9f3d40b9ddef995c6ac317981bc7,True,189086,True,2026-09-04,https://bibliotecadatos.sead.junaeb.cl/
junaeb_eve_metadata,ENCUESTA PARVULARIA 2019.pdf,Autism/Educacion/JUNAEB/EVE/metadata/Cuestionarios/2019/ENCUESTA PARVULARIA 2019.pdf,196557,08b558ad81cb3641e6bde09b9b0c02fb46b176659af2eeaed248b0463f481504,2026-09-04 (download_manifest.csv downloaded_at_utc),EVE questionnaire (PDF) or code dictionary (xlsx) per level and year,2019,not applicable (metadata),not applicable,Question wording and codes of the autism/TEA item and of the expansion weight per year,not applicable (documentation),not applicable,"Questionnaires exist for 2019-2025; dictionaries only for 2019, 2021, 2024 and 2025",not applicable,Cite the exact annual wording before using any EVE variable,ASESORIAS_DATA_ROOT,documentation,Junta Nacional de Auxilio Escolar y Becas (JUNAEB),,Autism/metadata/download_manifest.csv,08b558ad81cb3641e6bde09b9b0c02fb46b176659af2eeaed248b0463f481504,True,196557,True,2026-09-04,https://bibliotecadatos.sead.junaeb.cl/
junaeb_eve_metadata,ENCUESTA 1RO BASICO 2020.pdf,Autism/Educacion/JUNAEB/EVE/metadata/Cuestionarios/2020/ENCUESTA 1RO BASICO 2020.pdf,103359,65456ecb427dbf8cf35633484d074dd49dfcb0af00b43b9a90ba43bbfb614518,2026-09-04 (download_manifest.csv downloaded_at_utc),EVE questionnaire (PDF) or code dictionary (xlsx) per level and year,2020,not applicable (metadata),not applicable,Question wording and codes of the autism/TEA item and of the expansion weight per year,not applicable (documentation),not applicable,"Questionnaires exist for 2019-2025; dictionaries only for 2019, 2021, 2024 and 2025",not applicable,Cite the exact annual wording before using any EVE variable,ASESORIAS_DATA_ROOT,documentation,Junta Nacional de Auxilio Escolar y Becas (JUNAEB),,Autism/metadata/download_manifest.csv,65456ecb427dbf8cf35633484d074dd49dfcb0af00b43b9a90ba43bbfb614518,True,103359,True,2026-09-04,https://bibliotecadatos.sead.junaeb.cl/
junaeb_eve_metadata,ENCUESTA 1RO MEDIO 2020.pdf,Autism/Educacion/JUNAEB/EVE/metadata/Cuestionarios/2020/ENCUESTA 1RO MEDIO 2020.pdf,104144,f8064f10cb75be1caaaa3c7b990f66e66f97fdbe602716fad4b0766591b99d29,2026-09-04 (download_manifest.csv downloaded_at_utc),EVE questionnaire (PDF) or code dictionary (xlsx) per level and year,2020,not applicable (metadata),not applicable,Question wording and codes of the autism/TEA item and of the expansion weight per year,not applicable (documentation),not applicable,"Questionnaires exist for 2019-2025; dictionaries only for 2019, 2021, 2024 and 2025",not applicable,Cite the exact annual wording before using any EVE variable,ASESORIAS_DATA_ROOT,documentation,Junta Nacional de Auxilio Escolar y Becas (JUNAEB),,Autism/metadata/download_manifest.csv,f8064f10cb75be1caaaa3c7b990f66e66f97fdbe602716fad4b0766591b99d29,True,104144,True,2026-09-04,https://bibliotecadatos.sead.junaeb.cl/
junaeb_eve_metadata,ENCUESTA 5TO BASICO 2020.pdf,Autism/Educacion/JUNAEB/EVE/metadata/Cuestionarios/2020/ENCUESTA 5TO BASICO 2020.pdf,104048,85d15568b675775c5ac5d6a8cb2c4bf45eb89aa4bb2a46b8c6c7f19a69f39c1a,2026-09-04 (download_manifest.csv downloaded_at_utc),EVE questionnaire (PDF) or code dictionary (xlsx) per level and year,2020,not applicable (metadata),not applicable,Question wording and codes of the autism/TEA item and of the expansion weight per year,not applicable (documentation),not applicable,"Questionnaires exist for 2019-2025; dictionaries only for 2019, 2021, 2024 and 2025",not applicable,Cite the exact annual wording before using any EVE variable,ASESORIAS_DATA_ROOT,documentation,Junta Nacional de Auxilio Escolar y Becas (JUNAEB),,Autism/metadata/download_manifest.csv,85d15568b675775c5ac5d6a8cb2c4bf45eb89aa4bb2a46b8c6c7f19a69f39c1a,True,104048,True,2026-09-04,https://bibliotecadatos.sead.junaeb.cl/
junaeb_eve_metadata,ENCUESTA PARVULARIA 2020.pdf,Autism/Educacion/JUNAEB/EVE/metadata/Cuestionarios/2020/ENCUESTA PARVULARIA 2020.pdf,106652,3aebf9facf2d1dfaa71eac40a5a8c48fbf3afb4505e60873e1c6e7af9dd2a89b,2026-09-04 (download_manifest.csv downloaded_at_utc),EVE questionnaire (PDF) or code dictionary (xlsx) per level and year,2020,not applicable (metadata),not applicable,Question wording and codes of the autism/TEA item and of the expansion weight per year,not applicable (documentation),not applicable,"Questionnaires exist for 2019-2025; dictionaries only for 2019, 2021, 2024 and 2025",not applicable,Cite the exact annual wording before using any EVE variable,ASESORIAS_DATA_ROOT,documentation,Junta Nacional de Auxilio Escolar y Becas (JUNAEB),,Autism/metadata/download_manifest.csv,3aebf9facf2d1dfaa71eac40a5a8c48fbf3afb4505e60873e1c6e7af9dd2a89b,True,106652,True,2026-09-04,https://bibliotecadatos.sead.junaeb.cl/
junaeb_eve_metadata,ENCUESTA 1º BÁSICO 2021 22012021.pdf,Autism/Educacion/JUNAEB/EVE/metadata/Cuestionarios/2021/ENCUESTA 1º BÁSICO 2021 22012021.pdf,251999,08e5dd8d549dc784170c43a126e45dfaf3ff94c0f9c89c84fc99b5ab961aaf5f,2026-09-04 (download_manifest.csv downloaded_at_utc),EVE questionnaire (PDF) or code dictionary (xlsx) per level and year,2021,not applicable (metadata),not applicable,Question wording and codes of the autism/TEA item and of the expansion weight per year,not applicable (documentation),not applicable,"Questionnaires exist for 2019-2025; dictionaries only for 2019, 2021, 2024 and 2025",not applicable,Cite the exact annual wording before using any EVE variable,ASESORIAS_DATA_ROOT,documentation,Junta Nacional de Auxilio Escolar y Becas (JUNAEB),,Autism/metadata/download_manifest.csv,08e5dd8d549dc784170c43a126e45dfaf3ff94c0f9c89c84fc99b5ab961aaf5f,True,251999,True,2026-09-04,https://bibliotecadatos.sead.junaeb.cl/
junaeb_eve_metadata,ENCUESTA 1º MEDIO 2021 22012021.pdf,Autism/Educacion/JUNAEB/EVE/metadata/Cuestionarios/2021/ENCUESTA 1º MEDIO 2021 22012021.pdf,224584,b5e06f8e1c83315dcdc5e42495e1064a263faf6b377154a95162424d418c0b92,2026-09-04 (download_manifest.csv downloaded_at_utc),EVE questionnaire (PDF) or code dictionary (xlsx) per level and year,2021,not applicable (metadata),not applicable,Question wording and codes of the autism/TEA item and of the expansion weight per year,not applicable (documentation),not applicable,"Questionnaires exist for 2019-2025; dictionaries only for 2019, 2021, 2024 and 2025",not applicable,Cite the exact annual wording before using any EVE variable,ASESORIAS_DATA_ROOT,documentation,Junta Nacional de Auxilio Escolar y Becas (JUNAEB),,Autism/metadata/download_manifest.csv,b5e06f8e1c83315dcdc5e42495e1064a263faf6b377154a95162424d418c0b92,True,224584,True,2026-09-04,https://bibliotecadatos.sead.junaeb.cl/
junaeb_eve_metadata,ENCUESTA 5º BÁSICO 2021 22012021.pdf,Autism/Educacion/JUNAEB/EVE/metadata/Cuestionarios/2021/ENCUESTA 5º BÁSICO 2021 22012021.pdf,230792,be8b7bf07cb53650f29bc5001b14070c874a57289ba48a3f8269c6c755b98acc,2026-09-04 (download_manifest.csv downloaded_at_utc),EVE questionnaire (PDF) or code dictionary (xlsx) per level and year,2021,not applicable (metadata),not applicable,Question wording and codes of the autism/TEA item and of the expansion weight per year,not applicable (documentation),not applicable,"Questionnaires exist for 2019-2025; dictionaries only for 2019, 2021, 2024 and 2025",not applicable,Cite the exact annual wording before using any EVE variable,ASESORIAS_DATA_ROOT,documentation,Junta Nacional de Auxilio Escolar y Becas (JUNAEB),,Autism/metadata/download_manifest.csv,be8b7bf07cb53650f29bc5001b14070c874a57289ba48a3f8269c6c755b98acc,True,230792,True,2026-09-04,https://bibliotecadatos.sead.junaeb.cl/
junaeb_eve_metadata,ENCUESTA PARVULARIA 2021 27012021.pdf,Autism/Educacion/JUNAEB/EVE/metadata/Cuestionarios/2021/ENCUESTA PARVULARIA 2021 27012021.pdf,251675,b60ef3eddb85edf43a604a4548d6fc5297d4598214ed6ae67df650fe79978af6,2026-09-04 (download_manifest.csv downloaded_at_utc),EVE questionnaire (PDF) or code dictionary (xlsx) per level and year,2021,not applicable (metadata),not applicable,Question wording and codes of the autism/TEA item and of the expansion weight per year,not applicable (documentation),not applicable,"Questionnaires exist for 2019-2025; dictionaries only for 2019, 2021, 2024 and 2025",not applicable,Cite the exact annual wording before using any EVE variable,ASESORIAS_DATA_ROOT,documentation,Junta Nacional de Auxilio Escolar y Becas (JUNAEB),,Autism/metadata/download_manifest.csv,b60ef3eddb85edf43a604a4548d6fc5297d4598214ed6ae67df650fe79978af6,True,251675,True,2026-09-04,https://bibliotecadatos.sead.junaeb.cl/
junaeb_eve_metadata,ENCUESTA 1RO BASICO 2022.pdf,Autism/Educacion/JUNAEB/EVE/metadata/Cuestionarios/2022/ENCUESTA 1RO BASICO 2022.pdf,89376,8a58da4ad35dd511ffbbbfbff593072d1b3ca7b66f7be1b5a6d949d37a85e5d2,2026-09-04 (download_manifest.csv downloaded_at_utc),EVE questionnaire (PDF) or code dictionary (xlsx) per level and year,2022,not applicable (metadata),not applicable,Question wording and codes of the autism/TEA item and of the expansion weight per year,not applicable (documentation),not applicable,"Questionnaires exist for 2019-2025; dictionaries only for 2019, 2021, 2024 and 2025",not applicable,Cite the exact annual wording before using any EVE variable,ASESORIAS_DATA_ROOT,documentation,Junta Nacional de Auxilio Escolar y Becas (JUNAEB),,Autism/metadata/download_manifest.csv,8a58da4ad35dd511ffbbbfbff593072d1b3ca7b66f7be1b5a6d949d37a85e5d2,True,89376,True,2026-09-04,https://bibliotecadatos.sead.junaeb.cl/
junaeb_eve_metadata,ENCUESTA 1RO MEDIO 2022.pdf,Autism/Educacion/JUNAEB/EVE/metadata/Cuestionarios/2022/ENCUESTA 1RO MEDIO 2022.pdf,88092,a6d66f26e43ab78878ec1c46c3002d43f61d642e1890edab15bb414ca2fee968,2026-09-04 (download_manifest.csv downloaded_at_utc),EVE questionnaire (PDF) or code dictionary (xlsx) per level and year,2022,not applicable (metadata),not applicable,Question wording and codes of the autism/TEA item and of the expansion weight per year,not applicable (documentation),not applicable,"Questionnaires exist for 2019-2025; dictionaries only for 2019, 2021, 2024 and 2025",not applicable,Cite the exact annual wording before using any EVE variable,ASESORIAS_DATA_ROOT,documentation,Junta Nacional de Auxilio Escolar y Becas (JUNAEB),,Autism/metadata/download_manifest.csv,a6d66f26e43ab78878ec1c46c3002d43f61d642e1890edab15bb414ca2fee968,True,88092,True,2026-09-04,https://bibliotecadatos.sead.junaeb.cl/
junaeb_eve_metadata,ENCUESTA 5TO BASICO 2022.pdf,Autism/Educacion/JUNAEB/EVE/metadata/Cuestionarios/2022/ENCUESTA 5TO BASICO 2022.pdf,89194,dc14880ad515808948673342fa67186ccf2e45c8db1d11575c77af83fefb038c,2026-09-04 (download_manifest.csv downloaded_at_utc),EVE questionnaire (PDF) or code dictionary (xlsx) per level and year,2022,not applicable (metadata),not applicable,Question wording and codes of the autism/TEA item and of the expansion weight per year,not applicable (documentation),not applicable,"Questionnaires exist for 2019-2025; dictionaries only for 2019, 2021, 2024 and 2025",not applicable,Cite the exact annual wording before using any EVE variable,ASESORIAS_DATA_ROOT,documentation,Junta Nacional de Auxilio Escolar y Becas (JUNAEB),,Autism/metadata/download_manifest.csv,dc14880ad515808948673342fa67186ccf2e45c8db1d11575c77af83fefb038c,True,89194,True,2026-09-04,https://bibliotecadatos.sead.junaeb.cl/
junaeb_eve_metadata,ENCUESTA PARVULARIA 2022.pdf,Autism/Educacion/JUNAEB/EVE/metadata/Cuestionarios/2022/ENCUESTA PARVULARIA 2022.pdf,94266,2c1c0ffa00973739cc152fe7f84683f7ab89aa0cb45f815b5bb0ac5cbebe6be1,2026-09-04 (download_manifest.csv downloaded_at_utc),EVE questionnaire (PDF) or code dictionary (xlsx) per level and year,2022,not applicable (metadata),not applicable,Question wording and codes of the autism/TEA item and of the expansion weight per year,not applicable (documentation),not applicable,"Questionnaires exist for 2019-2025; dictionaries only for 2019, 2021, 2024 and 2025",not applicable,Cite the exact annual wording before using any EVE variable,ASESORIAS_DATA_ROOT,documentation,Junta Nacional de Auxilio Escolar y Becas (JUNAEB),,Autism/metadata/download_manifest.csv,2c1c0ffa00973739cc152fe7f84683f7ab89aa0cb45f815b5bb0ac5cbebe6be1,True,94266,True,2026-09-04,https://bibliotecadatos.sead.junaeb.cl/
junaeb_eve_metadata,ENCUESTA 1º BÁSICO 2023.pdf,Autism/Educacion/JUNAEB/EVE/metadata/Cuestionarios/2023/ENCUESTA 1º BÁSICO 2023.pdf,366693,bc1e4ce33bfef9e3e5e4ace4cc49c8739332f1c365f9ddfa461e2ec74c9749bd,2026-09-04 (download_manifest.csv downloaded_at_utc),EVE questionnaire (PDF) or code dictionary (xlsx) per level and year,2023,not applicable (metadata),not applicable,Question wording and codes of the autism/TEA item and of the expansion weight per year,not applicable (documentation),not applicable,"Questionnaires exist for 2019-2025; dictionaries only for 2019, 2021, 2024 and 2025",not applicable,Cite the exact annual wording before using any EVE variable,ASESORIAS_DATA_ROOT,documentation,Junta Nacional de Auxilio Escolar y Becas (JUNAEB),,Autism/metadata/download_manifest.csv,bc1e4ce33bfef9e3e5e4ace4cc49c8739332f1c365f9ddfa461e2ec74c9749bd,True,366693,True,2026-09-04,https://bibliotecadatos.sead.junaeb.cl/
junaeb_eve_metadata,ENCUESTA 1º MEDIO 2023.pdf,Autism/Educacion/JUNAEB/EVE/metadata/Cuestionarios/2023/ENCUESTA 1º MEDIO 2023.pdf,363468,dfe1414efbd6c0309216f78c1884f9cf3ad05e2045837dd6b6827b65aa5fe790,2026-09-04 (download_manifest.csv downloaded_at_utc),EVE questionnaire (PDF) or code dictionary (xlsx) per level and year,2023,not applicable (metadata),not applicable,Question wording and codes of the autism/TEA item and of the expansion weight per year,not applicable (documentation),not applicable,"Questionnaires exist for 2019-2025; dictionaries only for 2019, 2021, 2024 and 2025",not applicable,Cite the exact annual wording before using any EVE variable,ASESORIAS_DATA_ROOT,documentation,Junta Nacional de Auxilio Escolar y Becas (JUNAEB),,Autism/metadata/download_manifest.csv,dfe1414efbd6c0309216f78c1884f9cf3ad05e2045837dd6b6827b65aa5fe790,True,363468,True,2026-09-04,https://bibliotecadatos.sead.junaeb.cl/
junaeb_eve_metadata,ENCUESTA 5º BÁSICO 2023.pdf,Autism/Educacion/JUNAEB/EVE/metadata/Cuestionarios/2023/ENCUESTA 5º BÁSICO 2023.pdf,365018,04433f1ef3dd67c72aa60e72640705d83eda12344ef3039938f6188f081a5c16,2026-09-04 (download_manifest.csv downloaded_at_utc),EVE questionnaire (PDF) or code dictionary (xlsx) per level and year,2023,not applicable (metadata),not applicable,Question wording and codes of the autism/TEA item and of the expansion weight per year,not applicable (documentation),not applicable,"Questionnaires exist for 2019-2025; dictionaries only for 2019, 2021, 2024 and 2025",not applicable,Cite the exact annual wording before using any EVE variable,ASESORIAS_DATA_ROOT,documentation,Junta Nacional de Auxilio Escolar y Becas (JUNAEB),,Autism/metadata/download_manifest.csv,04433f1ef3dd67c72aa60e72640705d83eda12344ef3039938f6188f081a5c16,True,365018,True,2026-09-04,https://bibliotecadatos.sead.junaeb.cl/
junaeb_eve_metadata,ENCUESTA PARVULARIA 2023.pdf,Autism/Educacion/JUNAEB/EVE/metadata/Cuestionarios/2023/ENCUESTA PARVULARIA 2023.pdf,393618,ef916facd561f71ff1b43107f029c163eff97f8f8ba3936667e714fed34daec9,2026-09-04 (download_manifest.csv downloaded_at_utc),EVE questionnaire (PDF) or code dictionary (xlsx) per level and year,2023,not applicable (metadata),not applicable,Question wording and codes of the autism/TEA item and of the expansion weight per year,not applicable (documentation),not applicable,"Questionnaires exist for 2019-2025; dictionaries only for 2019, 2021, 2024 and 2025",not applicable,Cite the exact annual wording before using any EVE variable,ASESORIAS_DATA_ROOT,documentation,Junta Nacional de Auxilio Escolar y Becas (JUNAEB),,Autism/metadata/download_manifest.csv,ef916facd561f71ff1b43107f029c163eff97f8f8ba3936667e714fed34daec9,True,393618,True,2026-09-04,https://bibliotecadatos.sead.junaeb.cl/
junaeb_eve_metadata,ENCUESTA 1º BÁSICO 2024.pdf,Autism/Educacion/JUNAEB/EVE/metadata/Cuestionarios/2024/ENCUESTA 1º BÁSICO 2024.pdf,319972,1c71f8244df86aa158c70e183c314f6af67222399b3a38d349bd4ed1b80c5d18,2026-09-04 (download_manifest.csv downloaded_at_utc),EVE questionnaire (PDF) or code dictionary (xlsx) per level and year,2024,not applicable (metadata),not applicable,Question wording and codes of the autism/TEA item and of the expansion weight per year,not applicable (documentation),not applicable,"Questionnaires exist for 2019-2025; dictionaries only for 2019, 2021, 2024 and 2025",not applicable,Cite the exact annual wording before using any EVE variable,ASESORIAS_DATA_ROOT,documentation,Junta Nacional de Auxilio Escolar y Becas (JUNAEB),,Autism/metadata/download_manifest.csv,1c71f8244df86aa158c70e183c314f6af67222399b3a38d349bd4ed1b80c5d18,True,319972,True,2026-09-04,https://bibliotecadatos.sead.junaeb.cl/
junaeb_eve_metadata,ENCUESTA 1º MEDIO 2024.pdf,Autism/Educacion/JUNAEB/EVE/metadata/Cuestionarios/2024/ENCUESTA 1º MEDIO 2024.pdf,399072,0042f5b8669b05a0416f2e976bf9cabad8c33d85dd0fe046220626ecd836b03c,2026-09-04 (download_manifest.csv downloaded_at_utc),EVE questionnaire (PDF) or code dictionary (xlsx) per level and year,2024,not applicable (metadata),not applicable,Question wording and codes of the autism/TEA item and of the expansion weight per year,not applicable (documentation),not applicable,"Questionnaires exist for 2019-2025; dictionaries only for 2019, 2021, 2024 and 2025",not applicable,Cite the exact annual wording before using any EVE variable,ASESORIAS_DATA_ROOT,documentation,Junta Nacional de Auxilio Escolar y Becas (JUNAEB),,Autism/metadata/download_manifest.csv,0042f5b8669b05a0416f2e976bf9cabad8c33d85dd0fe046220626ecd836b03c,True,399072,True,2026-09-04,https://bibliotecadatos.sead.junaeb.cl/
junaeb_eve_metadata,ENCUESTA 5º BÁSICO 2024.pdf,Autism/Educacion/JUNAEB/EVE/metadata/Cuestionarios/2024/ENCUESTA 5º BÁSICO 2024.pdf,317903,8198e30438af3d414222d960aacc17333145b90d28fa851f73b25cdc24ea6a70,2026-09-04 (download_manifest.csv downloaded_at_utc),EVE questionnaire (PDF) or code dictionary (xlsx) per level and year,2024,not applicable (metadata),not applicable,Question wording and codes of the autism/TEA item and of the expansion weight per year,not applicable (documentation),not applicable,"Questionnaires exist for 2019-2025; dictionaries only for 2019, 2021, 2024 and 2025",not applicable,Cite the exact annual wording before using any EVE variable,ASESORIAS_DATA_ROOT,documentation,Junta Nacional de Auxilio Escolar y Becas (JUNAEB),,Autism/metadata/download_manifest.csv,8198e30438af3d414222d960aacc17333145b90d28fa851f73b25cdc24ea6a70,True,317903,True,2026-09-04,https://bibliotecadatos.sead.junaeb.cl/
junaeb_eve_metadata,ENCUESTA PARVULARIA 2024.pdf,Autism/Educacion/JUNAEB/EVE/metadata/Cuestionarios/2024/ENCUESTA PARVULARIA 2024.pdf,413420,79f8a1926de1b07d0d67b26ceddae9e06694ef73009e03d14088a793f0f543b3,2026-09-04 (download_manifest.csv downloaded_at_utc),EVE questionnaire (PDF) or code dictionary (xlsx) per level and year,2024,not applicable (metadata),not applicable,Question wording and codes of the autism/TEA item and of the expansion weight per year,not applicable (documentation),not applicable,"Questionnaires exist for 2019-2025; dictionaries only for 2019, 2021, 2024 and 2025",not applicable,Cite the exact annual wording before using any EVE variable,ASESORIAS_DATA_ROOT,documentation,Junta Nacional de Auxilio Escolar y Becas (JUNAEB),,Autism/metadata/download_manifest.csv,79f8a1926de1b07d0d67b26ceddae9e06694ef73009e03d14088a793f0f543b3,True,413420,True,2026-09-04,https://bibliotecadatos.sead.junaeb.cl/
junaeb_eve_metadata,2025_EVE 1 básico 2025.pdf,Autism/Educacion/JUNAEB/EVE/metadata/Cuestionarios/2025/2025_EVE 1 básico 2025.pdf,283298,db37b7d837f8b9a9a416441d9a792a5f0628d4d8ed33b3a68fd73c770806ff47,2026-09-04 (download_manifest.csv downloaded_at_utc),EVE questionnaire (PDF) or code dictionary (xlsx) per level and year,2025,not applicable (metadata),not applicable,Question wording and codes of the autism/TEA item and of the expansion weight per year,not applicable (documentation),not applicable,"Questionnaires exist for 2019-2025; dictionaries only for 2019, 2021, 2024 and 2025",not applicable,Cite the exact annual wording before using any EVE variable,ASESORIAS_DATA_ROOT,documentation,Junta Nacional de Auxilio Escolar y Becas (JUNAEB),,Autism/metadata/download_manifest.csv,db37b7d837f8b9a9a416441d9a792a5f0628d4d8ed33b3a68fd73c770806ff47,True,283298,True,2026-09-04,https://bibliotecadatos.sead.junaeb.cl/
junaeb_eve_metadata,2025_EVE 1 medio 2025.pdf,Autism/Educacion/JUNAEB/EVE/metadata/Cuestionarios/2025/2025_EVE 1 medio 2025.pdf,291168,937d524615c233aa4c04d0042395cc3e049d6127a8cbda90a077a2ad966b8f8f,2026-09-04 (download_manifest.csv downloaded_at_utc),EVE questionnaire (PDF) or code dictionary (xlsx) per level and year,2025,not applicable (metadata),not applicable,Question wording and codes of the autism/TEA item and of the expansion weight per year,not applicable (documentation),not applicable,"Questionnaires exist for 2019-2025; dictionaries only for 2019, 2021, 2024 and 2025",not applicable,Cite the exact annual wording before using any EVE variable,ASESORIAS_DATA_ROOT,documentation,Junta Nacional de Auxilio Escolar y Becas (JUNAEB),,Autism/metadata/download_manifest.csv,937d524615c233aa4c04d0042395cc3e049d6127a8cbda90a077a2ad966b8f8f,True,291168,True,2026-09-04,https://bibliotecadatos.sead.junaeb.cl/
junaeb_eve_metadata,2025_EVE 5 básico 2025.pdf,Autism/Educacion/JUNAEB/EVE/metadata/Cuestionarios/2025/2025_EVE 5 básico 2025.pdf,286190,98a5078880338f581f03c3c2342396afd47510271353ba2818d03b7ec950f9e0,2026-09-04 (download_manifest.csv downloaded_at_utc),EVE questionnaire (PDF) or code dictionary (xlsx) per level and year,2025,not applicable (metadata),not applicable,Question wording and codes of the autism/TEA item and of the expansion weight per year,not applicable (documentation),not applicable,"Questionnaires exist for 2019-2025; dictionaries only for 2019, 2021, 2024 and 2025",not applicable,Cite the exact annual wording before using any EVE variable,ASESORIAS_DATA_ROOT,documentation,Junta Nacional de Auxilio Escolar y Becas (JUNAEB),,Autism/metadata/download_manifest.csv,98a5078880338f581f03c3c2342396afd47510271353ba2818d03b7ec950f9e0,True,286190,True,2026-09-04,https://bibliotecadatos.sead.junaeb.cl/
junaeb_eve_metadata,2025_EVE parvularia 2025.pdf,Autism/Educacion/JUNAEB/EVE/metadata/Cuestionarios/2025/2025_EVE parvularia 2025.pdf,276187,cff6673136caa24b7cb4b58f95cc3d9c658d9d868e3a488100465af96b49ac64,2026-09-04 (download_manifest.csv downloaded_at_utc),EVE questionnaire (PDF) or code dictionary (xlsx) per level and year,2025,not applicable (metadata),not applicable,Question wording and codes of the autism/TEA item and of the expansion weight per year,not applicable (documentation),not applicable,"Questionnaires exist for 2019-2025; dictionaries only for 2019, 2021, 2024 and 2025",not applicable,Cite the exact annual wording before using any EVE variable,ASESORIAS_DATA_ROOT,documentation,Junta Nacional de Auxilio Escolar y Becas (JUNAEB),,Autism/metadata/download_manifest.csv,cff6673136caa24b7cb4b58f95cc3d9c658d9d868e3a488100465af96b49ac64,True,276187,True,2026-09-04,https://bibliotecadatos.sead.junaeb.cl/
junaeb_eve_metadata,diccionario 1 básico 2019.xlsx,Autism/Educacion/JUNAEB/EVE/metadata/Diccionarios/2019/diccionario 1 básico 2019.xlsx,27089,0a1faf4a375d7f6c73a68af5576070e996b5d5fe01219dc9f9414bdb3182fdba,2026-09-04 (download_manifest.csv downloaded_at_utc),EVE questionnaire (PDF) or code dictionary (xlsx) per level and year,2019,not applicable (metadata),not applicable,Question wording and codes of the autism/TEA item and of the expansion weight per year,not applicable (documentation),not applicable,"Questionnaires exist for 2019-2025; dictionaries only for 2019, 2021, 2024 and 2025",not applicable,Cite the exact annual wording before using any EVE variable,ASESORIAS_DATA_ROOT,documentation,Junta Nacional de Auxilio Escolar y Becas (JUNAEB),,Autism/metadata/download_manifest.csv,0a1faf4a375d7f6c73a68af5576070e996b5d5fe01219dc9f9414bdb3182fdba,True,27089,True,2026-09-04,https://bibliotecadatos.sead.junaeb.cl/
junaeb_eve_metadata,diccionario 1 medio 2019.xlsx,Autism/Educacion/JUNAEB/EVE/metadata/Diccionarios/2019/diccionario 1 medio 2019.xlsx,27076,10fd5c282d73fa37618e05e58d230d6c53cf658d919c62c29e2303ca6b2ee72e,2026-09-04 (download_manifest.csv downloaded_at_utc),EVE questionnaire (PDF) or code dictionary (xlsx) per level and year,2019,not applicable (metadata),not applicable,Question wording and codes of the autism/TEA item and of the expansion weight per year,not applicable (documentation),not applicable,"Questionnaires exist for 2019-2025; dictionaries only for 2019, 2021, 2024 and 2025",not applicable,Cite the exact annual wording before using any EVE variable,ASESORIAS_DATA_ROOT,documentation,Junta Nacional de Auxilio Escolar y Becas (JUNAEB),,Autism/metadata/download_manifest.csv,10fd5c282d73fa37618e05e58d230d6c53cf658d919c62c29e2303ca6b2ee72e,True,27076,True,2026-09-04,https://bibliotecadatos.sead.junaeb.cl/
junaeb_eve_metadata,diccionario 5 básico 2019.xlsx,Autism/Educacion/JUNAEB/EVE/metadata/Diccionarios/2019/diccionario 5 básico 2019.xlsx,27400,b10356d498ce4d9afcd7fc96a0b8e53547da86d2e6245765e7fd5ed2064408f9,2026-09-04 (download_manifest.csv downloaded_at_utc),EVE questionnaire (PDF) or code dictionary (xlsx) per level and year,2019,not applicable (metadata),not applicable,Question wording and codes of the autism/TEA item and of the expansion weight per year,not applicable (documentation),not applicable,"Questionnaires exist for 2019-2025; dictionaries only for 2019, 2021, 2024 and 2025",not applicable,Cite the exact annual wording before using any EVE variable,ASESORIAS_DATA_ROOT,documentation,Junta Nacional de Auxilio Escolar y Becas (JUNAEB),,Autism/metadata/download_manifest.csv,b10356d498ce4d9afcd7fc96a0b8e53547da86d2e6245765e7fd5ed2064408f9,True,27400,True,2026-09-04,https://bibliotecadatos.sead.junaeb.cl/
junaeb_eve_metadata,diccionario parvularia 2019.xlsx,Autism/Educacion/JUNAEB/EVE/metadata/Diccionarios/2019/diccionario parvularia 2019.xlsx,26435,83e881042792909a61a4fce7db11094e54509b9b59220ca61e0cc62cb2b0d2e9,2026-09-04 (download_manifest.csv downloaded_at_utc),EVE questionnaire (PDF) or code dictionary (xlsx) per level and year,2019,not applicable (metadata),not applicable,Question wording and codes of the autism/TEA item and of the expansion weight per year,not applicable (documentation),not applicable,"Questionnaires exist for 2019-2025; dictionaries only for 2019, 2021, 2024 and 2025",not applicable,Cite the exact annual wording before using any EVE variable,ASESORIAS_DATA_ROOT,documentation,Junta Nacional de Auxilio Escolar y Becas (JUNAEB),,Autism/metadata/download_manifest.csv,83e881042792909a61a4fce7db11094e54509b9b59220ca61e0cc62cb2b0d2e9,True,26435,True,2026-09-04,https://bibliotecadatos.sead.junaeb.cl/
junaeb_eve_metadata,diccionario EVE 2021 parvularia.xlsx,Autism/Educacion/JUNAEB/EVE/metadata/Diccionarios/2021/diccionario EVE 2021 parvularia.xlsx,41764,60e60fdd12d11731a748bb8100f246892bbe8cc7b93d70aa6e2d5a7f2059c8ea,2026-09-04 (download_manifest.csv downloaded_at_utc),EVE questionnaire (PDF) or code dictionary (xlsx) per level and year,2021,not applicable (metadata),not applicable,Question wording and codes of the autism/TEA item and of the expansion weight per year,not applicable (documentation),not applicable,"Questionnaires exist for 2019-2025; dictionaries only for 2019, 2021, 2024 and 2025",not applicable,Cite the exact annual wording before using any EVE variable,ASESORIAS_DATA_ROOT,documentation,Junta Nacional de Auxilio Escolar y Becas (JUNAEB),,Autism/metadata/download_manifest.csv,60e60fdd12d11731a748bb8100f246892bbe8cc7b93d70aa6e2d5a7f2059c8ea,True,41764,True,2026-09-04,https://bibliotecadatos.sead.junaeb.cl/
junaeb_eve_metadata,diccionario EVE 2021 primero basico.xlsx,Autism/Educacion/JUNAEB/EVE/metadata/Diccionarios/2021/diccionario EVE 2021 primero basico.xlsx,37429,27e63aec384bc78e5ef046e8a84ec3a099a6e5c8a024b117086bda1f8130d0a8,2026-09-04 (download_manifest.csv downloaded_at_utc),EVE questionnaire (PDF) or code dictionary (xlsx) per level and year,2021,not applicable (metadata),not applicable,Question wording and codes of the autism/TEA item and of the expansion weight per year,not applicable (documentation),not applicable,"Questionnaires exist for 2019-2025; dictionaries only for 2019, 2021, 2024 and 2025",not applicable,Cite the exact annual wording before using any EVE variable,ASESORIAS_DATA_ROOT,documentation,Junta Nacional de Auxilio Escolar y Becas (JUNAEB),,Autism/metadata/download_manifest.csv,27e63aec384bc78e5ef046e8a84ec3a099a6e5c8a024b117086bda1f8130d0a8,True,37429,True,2026-09-04,https://bibliotecadatos.sead.junaeb.cl/
junaeb_eve_metadata,diccionario EVE 2021 primero medio.xlsx,Autism/Educacion/JUNAEB/EVE/metadata/Diccionarios/2021/diccionario EVE 2021 primero medio.xlsx,37590,674ada8e47548d53e642bcaaea8b19d9fe7b82b8a68fb9cfe9c6277bd4fd94e1,2026-09-04 (download_manifest.csv downloaded_at_utc),EVE questionnaire (PDF) or code dictionary (xlsx) per level and year,2021,not applicable (metadata),not applicable,Question wording and codes of the autism/TEA item and of the expansion weight per year,not applicable (documentation),not applicable,"Questionnaires exist for 2019-2025; dictionaries only for 2019, 2021, 2024 and 2025",not applicable,Cite the exact annual wording before using any EVE variable,ASESORIAS_DATA_ROOT,documentation,Junta Nacional de Auxilio Escolar y Becas (JUNAEB),,Autism/metadata/download_manifest.csv,674ada8e47548d53e642bcaaea8b19d9fe7b82b8a68fb9cfe9c6277bd4fd94e1,True,37590,True,2026-09-04,https://bibliotecadatos.sead.junaeb.cl/
junaeb_eve_metadata,diccionario EVE 2021 quinto basico.xlsx,Autism/Educacion/JUNAEB/EVE/metadata/Diccionarios/2021/diccionario EVE 2021 quinto basico.xlsx,41120,7177344e03c6f3e521c43569946c11831a7a503559fcdb44edc653645ee12cad,2026-09-04 (download_manifest.csv downloaded_at_utc),EVE questionnaire (PDF) or code dictionary (xlsx) per level and year,2021,not applicable (metadata),not applicable,Question wording and codes of the autism/TEA item and of the expansion weight per year,not applicable (documentation),not applicable,"Questionnaires exist for 2019-2025; dictionaries only for 2019, 2021, 2024 and 2025",not applicable,Cite the exact annual wording before using any EVE variable,ASESORIAS_DATA_ROOT,documentation,Junta Nacional de Auxilio Escolar y Becas (JUNAEB),,Autism/metadata/download_manifest.csv,7177344e03c6f3e521c43569946c11831a7a503559fcdb44edc653645ee12cad,True,41120,True,2026-09-04,https://bibliotecadatos.sead.junaeb.cl/
junaeb_eve_metadata,códigos eve 2024 1 básico.xlsx,Autism/Educacion/JUNAEB/EVE/metadata/Diccionarios/2024/códigos eve 2024 1 básico.xlsx,28305,8a38c83215c8f1a028086eb1f56dc292302167dec0e75800d7d606bd290b29f6,2026-09-04 (download_manifest.csv downloaded_at_utc),EVE questionnaire (PDF) or code dictionary (xlsx) per level and year,2024,not applicable (metadata),not applicable,Question wording and codes of the autism/TEA item and of the expansion weight per year,not applicable (documentation),not applicable,"Questionnaires exist for 2019-2025; dictionaries only for 2019, 2021, 2024 and 2025",not applicable,Cite the exact annual wording before using any EVE variable,ASESORIAS_DATA_ROOT,documentation,Junta Nacional de Auxilio Escolar y Becas (JUNAEB),,Autism/metadata/download_manifest.csv,8a38c83215c8f1a028086eb1f56dc292302167dec0e75800d7d606bd290b29f6,True,28305,True,2026-09-04,https://bibliotecadatos.sead.junaeb.cl/
junaeb_eve_metadata,códigos eve 2024 1 medio.xlsx,Autism/Educacion/JUNAEB/EVE/metadata/Diccionarios/2024/códigos eve 2024 1 medio.xlsx,29402,6336001998ecb533e8482d0edbdf573175b816021c9824bd417087d6d6e8f2ed,2026-09-04 (download_manifest.csv downloaded_at_utc),EVE questionnaire (PDF) or code dictionary (xlsx) per level and year,2024,not applicable (metadata),not applicable,Question wording and codes of the autism/TEA item and of the expansion weight per year,not applicable (documentation),not applicable,"Questionnaires exist for 2019-2025; dictionaries only for 2019, 2021, 2024 and 2025",not applicable,Cite the exact annual wording before using any EVE variable,ASESORIAS_DATA_ROOT,documentation,Junta Nacional de Auxilio Escolar y Becas (JUNAEB),,Autism/metadata/download_manifest.csv,6336001998ecb533e8482d0edbdf573175b816021c9824bd417087d6d6e8f2ed,True,29402,True,2026-09-04,https://bibliotecadatos.sead.junaeb.cl/
junaeb_eve_metadata,códigos eve 2024 5 básico.xlsx,Autism/Educacion/JUNAEB/EVE/metadata/Diccionarios/2024/códigos eve 2024 5 básico.xlsx,29088,bf2c77709c7b6d8320274bd2d828844ba531223c10a375a3545d6553cf0a37d8,2026-09-04 (download_manifest.csv downloaded_at_utc),EVE questionnaire (PDF) or code dictionary (xlsx) per level and year,2024,not applicable (metadata),not applicable,Question wording and codes of the autism/TEA item and of the expansion weight per year,not applicable (documentation),not applicable,"Questionnaires exist for 2019-2025; dictionaries only for 2019, 2021, 2024 and 2025",not applicable,Cite the exact annual wording before using any EVE variable,ASESORIAS_DATA_ROOT,documentation,Junta Nacional de Auxilio Escolar y Becas (JUNAEB),,Autism/metadata/download_manifest.csv,bf2c77709c7b6d8320274bd2d828844ba531223c10a375a3545d6553cf0a37d8,True,29088,True,2026-09-04,https://bibliotecadatos.sead.junaeb.cl/
junaeb_eve_metadata,códigos eve 2024 parvularia.xlsx,Autism/Educacion/JUNAEB/EVE/metadata/Diccionarios/2024/códigos eve 2024 parvularia.xlsx,28880,4d5cf5da3042e6d691306d5d83ea4ba6919ed71346df408d757a8a5e3b28a743,2026-09-04 (download_manifest.csv downloaded_at_utc),EVE questionnaire (PDF) or code dictionary (xlsx) per level and year,2024,not applicable (metadata),not applicable,Question wording and codes of the autism/TEA item and of the expansion weight per year,not applicable (documentation),not applicable,"Questionnaires exist for 2019-2025; dictionaries only for 2019, 2021, 2024 and 2025",not applicable,Cite the exact annual wording before using any EVE variable,ASESORIAS_DATA_ROOT,documentation,Junta Nacional de Auxilio Escolar y Becas (JUNAEB),,Autism/metadata/download_manifest.csv,4d5cf5da3042e6d691306d5d83ea4ba6919ed71346df408d757a8a5e3b28a743,True,28880,True,2026-09-04,https://bibliotecadatos.sead.junaeb.cl/
junaeb_eve_metadata,códigos 1 básico 2025.xlsx,Autism/Educacion/JUNAEB/EVE/metadata/Diccionarios/2025/códigos 1 básico 2025.xlsx,72105,03fee9996d24bf70c5c61716cf6eb18d414804d6f97b139aa5f8330312bb6abb,2026-09-04 (download_manifest.csv downloaded_at_utc),EVE questionnaire (PDF) or code dictionary (xlsx) per level and year,2025,not applicable (metadata),not applicable,Question wording and codes of the autism/TEA item and of the expansion weight per year,not applicable (documentation),not applicable,"Questionnaires exist for 2019-2025; dictionaries only for 2019, 2021, 2024 and 2025",not applicable,Cite the exact annual wording before using any EVE variable,ASESORIAS_DATA_ROOT,documentation,Junta Nacional de Auxilio Escolar y Becas (JUNAEB),,Autism/metadata/download_manifest.csv,03fee9996d24bf70c5c61716cf6eb18d414804d6f97b139aa5f8330312bb6abb,True,72105,True,2026-09-04,https://bibliotecadatos.sead.junaeb.cl/
junaeb_eve_metadata,códigos 1 medio 2025.xlsx,Autism/Educacion/JUNAEB/EVE/metadata/Diccionarios/2025/códigos 1 medio 2025.xlsx,73040,09ac5df6f317505b8c29186afd347aa42100b2a23ec087508fa4fedec5e9a006,2026-09-04 (download_manifest.csv downloaded_at_utc),EVE questionnaire (PDF) or code dictionary (xlsx) per level and year,2025,not applicable (metadata),not applicable,Question wording and codes of the autism/TEA item and of the expansion weight per year,not applicable (documentation),not applicable,"Questionnaires exist for 2019-2025; dictionaries only for 2019, 2021, 2024 and 2025",not applicable,Cite the exact annual wording before using any EVE variable,ASESORIAS_DATA_ROOT,documentation,Junta Nacional de Auxilio Escolar y Becas (JUNAEB),,Autism/metadata/download_manifest.csv,09ac5df6f317505b8c29186afd347aa42100b2a23ec087508fa4fedec5e9a006,True,73040,True,2026-09-04,https://bibliotecadatos.sead.junaeb.cl/
junaeb_eve_metadata,códigos 5 básico 2025.xlsx,Autism/Educacion/JUNAEB/EVE/metadata/Diccionarios/2025/códigos 5 básico 2025.xlsx,72216,be5210fefb6f4eacd894e91f0c35b590ff3e81254bfa16fecef5d19ee63b910c,2026-09-04 (download_manifest.csv downloaded_at_utc),EVE questionnaire (PDF) or code dictionary (xlsx) per level and year,2025,not applicable (metadata),not applicable,Question wording and codes of the autism/TEA item and of the expansion weight per year,not applicable (documentation),not applicable,"Questionnaires exist for 2019-2025; dictionaries only for 2019, 2021, 2024 and 2025",not applicable,Cite the exact annual wording before using any EVE variable,ASESORIAS_DATA_ROOT,documentation,Junta Nacional de Auxilio Escolar y Becas (JUNAEB),,Autism/metadata/download_manifest.csv,be5210fefb6f4eacd894e91f0c35b590ff3e81254bfa16fecef5d19ee63b910c,True,72216,True,2026-09-04,https://bibliotecadatos.sead.junaeb.cl/
junaeb_eve_metadata,códigos parvularia 2025.xlsx,Autism/Educacion/JUNAEB/EVE/metadata/Diccionarios/2025/códigos parvularia 2025.xlsx,69381,78bba7a32b3c01d4e97de732e5697a1f952f0925c9de678e1250b199fc5f7ca2,2026-09-04 (download_manifest.csv downloaded_at_utc),EVE questionnaire (PDF) or code dictionary (xlsx) per level and year,2025,not applicable (metadata),not applicable,Question wording and codes of the autism/TEA item and of the expansion weight per year,not applicable (documentation),not applicable,"Questionnaires exist for 2019-2025; dictionaries only for 2019, 2021, 2024 and 2025",not applicable,Cite the exact annual wording before using any EVE variable,ASESORIAS_DATA_ROOT,documentation,Junta Nacional de Auxilio Escolar y Becas (JUNAEB),,Autism/metadata/download_manifest.csv,78bba7a32b3c01d4e97de732e5697a1f952f0925c9de678e1250b199fc5f7ca2,True,69381,True,2026-09-04,https://bibliotecadatos.sead.junaeb.cl/
sae_poverty_2024,SAE_ingresos_2024.xlsx,Autism/Territorio/SAE_2024/SAE_ingresos_2024.xlsx,60618,44b0f2a534ca31ecb39110ac02eb26648a4747547bb02e569f44943d220eda96,2026-09-04 (download_manifest.csv downloaded_at_utc),Small-area estimate (SAE) of income and multidimensional poverty per comuna with confidence interval,2024,"345 comunas, 2024",Comuna (residence),"Sheet 'Sheet1' of each workbook: comuna code, estimate, lower/upper bounds",stock (2024 estimate),not applicable (covariate),Estimation uncertainty; 2024 only,Ecological covariate; ecological fallacy,Prespecified territorial deprivation covariate with its uncertainty; no ecological searches with many covariates,ASESORIAS_DATA_ROOT,data,Ministerio de Desarrollo Social y Familia,,Autism/metadata/download_manifest.csv,44b0f2a534ca31ecb39110ac02eb26648a4747547bb02e569f44943d220eda96,True,60618,True,2026-09-04,https://observatorio.ministeriodesarrollosocial.gob.cl/pobreza-comunal-2024
sae_poverty_2024,SAE_multidimensional_2024.xlsx,Autism/Territorio/SAE_2024/SAE_multidimensional_2024.xlsx,56485,5f5fc8bc7a23634066dc4dd1028296813029b55c254a58f29ec004a4d9be26b2,2026-09-04 (download_manifest.csv downloaded_at_utc),Small-area estimate (SAE) of income and multidimensional poverty per comuna with confidence interval,2024,"345 comunas, 2024",Comuna (residence),"Sheet 'Sheet1' of each workbook: comuna code, estimate, lower/upper bounds",stock (2024 estimate),not applicable (covariate),Estimation uncertainty; 2024 only,Ecological covariate; ecological fallacy,Prespecified territorial deprivation covariate with its uncertainty; no ecological searches with many covariates,ASESORIAS_DATA_ROOT,data,Ministerio de Desarrollo Social y Familia,,Autism/metadata/download_manifest.csv,5f5fc8bc7a23634066dc4dd1028296813029b55c254a58f29ec004a4d9be26b2,True,56485,True,2026-09-04,https://observatorio.ministeriodesarrollosocial.gob.cl/pobreza-comunal-2024
sae_poverty_2024,metodologia_estimaciones_SAE_2024.pdf,Autism/Territorio/SAE_2024/metodologia_estimaciones_SAE_2024.pdf,893267,bc45420bb02c68f07363f4b97d69532db58a071a393d362314297b66bdcbd2f4,2026-09-04 (download_manifest.csv downloaded_at_utc),Small-area estimate (SAE) of income and multidimensional poverty per comuna with confidence interval,2024,"345 comunas, 2024",Comuna (residence),"Sheet 'Sheet1' of each workbook: comuna code, estimate, lower/upper bounds",stock (2024 estimate),not applicable (covariate),Estimation uncertainty; 2024 only,Ecological covariate; ecological fallacy,Prespecified territorial deprivation covariate with its uncertainty; no ecological searches with many covariates,ASESORIAS_DATA_ROOT,documentation,Ministerio de Desarrollo Social y Familia,,Autism/metadata/download_manifest.csv,bc45420bb02c68f07363f4b97d69532db58a071a393d362314297b66bdcbd2f4,True,893267,True,2026-09-04,https://observatorio.ministeriodesarrollosocial.gob.cl/pobreza-comunal-2024
repo_population_parquet,censo_proyecciones_ano_edad_genero.parquet,data/censo_proyecciones_ano_edad_genero.parquet,2990717,394f9bd806bf3b4eec8eb41e0258068bf1ff71defe3c94b84291574910e36abe,2025-12-15 (file mtime; not dated in any manifest),"Long-format population cell: cut_comuna x edad x género x año (1,905,768 rows)",2002-2035,"Resident population 2002-2035 (INE base 2017), reshaped by the repository","Comuna (cut_comuna, 4-digit INE code) and region","cut_region, region, cut_provincia, provincia, cut_comuna, comuna, edad, año, población, género",stock,Population denominator (same as INE base 2017),Derived file: must be verified against Poblacion/INE/proyecciones_comuna_edad_sexo_2002_2035_base_2017.csv before use,Territorial,Use only after reconciliation with the INE source file; git-ignored local file (date = mtime),REPO,data,Repository derivative of INE base-2017 projections,,,,not_listed,,not_listed,2025-12-15,https://www.ine.gob.cl/estadisticas-por-tema/demografia-y-poblacion/estimaciones-y-proyecciones-de-poblacion
repo_shapes,comunas.shp,data/comunas.shp,63994252,22422225a10a2df817f386f6d0a45652d14d76fad28c9b85c17da4c1edaaa755,2019-06-14 (file mtime; not dated in any manifest),"Polygon feature: comuna (346 features) or region (17 features), EPSG:3857; shapefile components (.shp geometry, .dbf attributes, .shx index, .prj CRS, .cpg encoding)",current layer,not applicable (cartography),Comuna (cod_comuna) / region (codregion),"comunas: objectid, cod_comuna, codregion, Region, Comuna, Provincia, geometry; Regional: codregion, Region, geometry",not applicable,not applicable,Vintage of the layer must be confirmed against the comuna crosswalk (346 comunas),Join by code only; no fuzzy name matching,Maps in supplement only; join by cod_comuna after crosswalk; git-ignored local files (date = mtime),REPO,data,Repository cartography (INE/BCN comuna and region polygons),,,,not_listed,,not_listed,2019-06-14,https://www.ine.gob.cl/herramientas/portal-de-mapas/geodatos-abiertos
repo_shapes,comunas.dbf,data/comunas.dbf,93114,b824996cd1d24473ffda314a749321ed5948503438fe84af52ec108145983be8,2019-06-14 (file mtime; not dated in any manifest),"Polygon feature: comuna (346 features) or region (17 features), EPSG:3857; shapefile components (.shp geometry, .dbf attributes, .shx index, .prj CRS, .cpg encoding)",current layer,not applicable (cartography),Comuna (cod_comuna) / region (codregion),"comunas: objectid, cod_comuna, codregion, Region, Comuna, Provincia, geometry; Regional: codregion, Region, geometry",not applicable,not applicable,Vintage of the layer must be confirmed against the comuna crosswalk (346 comunas),Join by code only; no fuzzy name matching,Maps in supplement only; join by cod_comuna after crosswalk; git-ignored local files (date = mtime),REPO,data,Repository cartography (INE/BCN comuna and region polygons),,,,not_listed,,not_listed,2019-06-14,https://www.ine.gob.cl/herramientas/portal-de-mapas/geodatos-abiertos
repo_shapes,comunas.shx,data/comunas.shx,2868,497f6ed2f0ac33125871e2e8eef39c772c11509017f205b64c9cee422e337fa0,2019-06-14 (file mtime; not dated in any manifest),"Polygon feature: comuna (346 features) or region (17 features), EPSG:3857; shapefile components (.shp geometry, .dbf attributes, .shx index, .prj CRS, .cpg encoding)",current layer,not applicable (cartography),Comuna (cod_comuna) / region (codregion),"comunas: objectid, cod_comuna, codregion, Region, Comuna, Provincia, geometry; Regional: codregion, Region, geometry",not applicable,not applicable,Vintage of the layer must be confirmed against the comuna crosswalk (346 comunas),Join by code only; no fuzzy name matching,Maps in supplement only; join by cod_comuna after crosswalk; git-ignored local files (date = mtime),REPO,data,Repository cartography (INE/BCN comuna and region polygons),,,,not_listed,,not_listed,2019-06-14,https://www.ine.gob.cl/herramientas/portal-de-mapas/geodatos-abiertos
repo_shapes,comunas.prj,data/comunas.prj,425,f2e7fb14d55bdd8d6a3bc2c272a48729d8f9d0ad72936e20eae6a9a81c2fccd0,2019-05-14 (file mtime; not dated in any manifest),"Polygon feature: comuna (346 features) or region (17 features), EPSG:3857; shapefile components (.shp geometry, .dbf attributes, .shx index, .prj CRS, .cpg encoding)",current layer,not applicable (cartography),Comuna (cod_comuna) / region (codregion),"comunas: objectid, cod_comuna, codregion, Region, Comuna, Provincia, geometry; Regional: codregion, Region, geometry",not applicable,not applicable,Vintage of the layer must be confirmed against the comuna crosswalk (346 comunas),Join by code only; no fuzzy name matching,Maps in supplement only; join by cod_comuna after crosswalk; git-ignored local files (date = mtime),REPO,data,Repository cartography (INE/BCN comuna and region polygons),,,,not_listed,,not_listed,2019-05-14,https://www.ine.gob.cl/herramientas/portal-de-mapas/geodatos-abiertos
repo_shapes,comunas.CPG,data/comunas.CPG,5,3ad3031f5503a4404af825262ee8232cc04d4ea6683d42c5dd0a2f2a27ac9824,2019-06-14 (file mtime; not dated in any manifest),"Polygon feature: comuna (346 features) or region (17 features), EPSG:3857; shapefile components (.shp geometry, .dbf attributes, .shx index, .prj CRS, .cpg encoding)",current layer,not applicable (cartography),Comuna (cod_comuna) / region (codregion),"comunas: objectid, cod_comuna, codregion, Region, Comuna, Provincia, geometry; Regional: codregion, Region, geometry",not applicable,not applicable,Vintage of the layer must be confirmed against the comuna crosswalk (346 comunas),Join by code only; no fuzzy name matching,Maps in supplement only; join by cod_comuna after crosswalk; git-ignored local files (date = mtime),REPO,data,Repository cartography (INE/BCN comuna and region polygons),,,,not_listed,,not_listed,2019-06-14,https://www.ine.gob.cl/herramientas/portal-de-mapas/geodatos-abiertos
repo_shapes,Regional.shp,data/Regional.shp,53751340,09660da949e7dbe68787f6956e669810a276749749b46fc7fbf01790a3f2420a,2025-12-29 (file mtime; not dated in any manifest),"Polygon feature: comuna (346 features) or region (17 features), EPSG:3857; shapefile components (.shp geometry, .dbf attributes, .shx index, .prj CRS, .cpg encoding)",current layer,not applicable (cartography),Comuna (cod_comuna) / region (codregion),"comunas: objectid, cod_comuna, codregion, Region, Comuna, Provincia, geometry; Regional: codregion, Region, geometry",not applicable,not applicable,Vintage of the layer must be confirmed against the comuna crosswalk (346 comunas),Join by code only; no fuzzy name matching,Maps in supplement only; join by cod_comuna after crosswalk; git-ignored local files (date = mtime),REPO,data,Repository cartography (INE/BCN comuna and region polygons),,,,not_listed,,not_listed,2025-12-29,https://www.ine.gob.cl/herramientas/portal-de-mapas/geodatos-abiertos
repo_shapes,Regional.dbf,data/Regional.dbf,2604,0c6b1f0187f53265c70c4ab9b54a43a7c734b8f6d1ad56829f8eecc9c08d51f2,2025-12-29 (file mtime; not dated in any manifest),"Polygon feature: comuna (346 features) or region (17 features), EPSG:3857; shapefile components (.shp geometry, .dbf attributes, .shx index, .prj CRS, .cpg encoding)",current layer,not applicable (cartography),Comuna (cod_comuna) / region (codregion),"comunas: objectid, cod_comuna, codregion, Region, Comuna, Provincia, geometry; Regional: codregion, Region, geometry",not applicable,not applicable,Vintage of the layer must be confirmed against the comuna crosswalk (346 comunas),Join by code only; no fuzzy name matching,Maps in supplement only; join by cod_comuna after crosswalk; git-ignored local files (date = mtime),REPO,data,Repository cartography (INE/BCN comuna and region polygons),,,,not_listed,,not_listed,2025-12-29,https://www.ine.gob.cl/herramientas/portal-de-mapas/geodatos-abiertos
repo_shapes,Regional.shx,data/Regional.shx,236,231ab19f952224c6b6f0f657ed3ac3857f4866f464dcb1e83f93da5828d7dcb0,2025-12-29 (file mtime; not dated in any manifest),"Polygon feature: comuna (346 features) or region (17 features), EPSG:3857; shapefile components (.shp geometry, .dbf attributes, .shx index, .prj CRS, .cpg encoding)",current layer,not applicable (cartography),Comuna (cod_comuna) / region (codregion),"comunas: objectid, cod_comuna, codregion, Region, Comuna, Provincia, geometry; Regional: codregion, Region, geometry",not applicable,not applicable,Vintage of the layer must be confirmed against the comuna crosswalk (346 comunas),Join by code only; no fuzzy name matching,Maps in supplement only; join by cod_comuna after crosswalk; git-ignored local files (date = mtime),REPO,data,Repository cartography (INE/BCN comuna and region polygons),,,,not_listed,,not_listed,2025-12-29,https://www.ine.gob.cl/herramientas/portal-de-mapas/geodatos-abiertos
repo_shapes,Regional.prj,data/Regional.prj,425,f2e7fb14d55bdd8d6a3bc2c272a48729d8f9d0ad72936e20eae6a9a81c2fccd0,2025-12-29 (file mtime; not dated in any manifest),"Polygon feature: comuna (346 features) or region (17 features), EPSG:3857; shapefile components (.shp geometry, .dbf attributes, .shx index, .prj CRS, .cpg encoding)",current layer,not applicable (cartography),Comuna (cod_comuna) / region (codregion),"comunas: objectid, cod_comuna, codregion, Region, Comuna, Provincia, geometry; Regional: codregion, Region, geometry",not applicable,not applicable,Vintage of the layer must be confirmed against the comuna crosswalk (346 comunas),Join by code only; no fuzzy name matching,Maps in supplement only; join by cod_comuna after crosswalk; git-ignored local files (date = mtime),REPO,data,Repository cartography (INE/BCN comuna and region polygons),,,,not_listed,,not_listed,2025-12-29,https://www.ine.gob.cl/herramientas/portal-de-mapas/geodatos-abiertos
repo_shapes,Regional.CPG,data/Regional.CPG,5,3ad3031f5503a4404af825262ee8232cc04d4ea6683d42c5dd0a2f2a27ac9824,2025-12-29 (file mtime; not dated in any manifest),"Polygon feature: comuna (346 features) or region (17 features), EPSG:3857; shapefile components (.shp geometry, .dbf attributes, .shx index, .prj CRS, .cpg encoding)",current layer,not applicable (cartography),Comuna (cod_comuna) / region (codregion),"comunas: objectid, cod_comuna, codregion, Region, Comuna, Provincia, geometry; Regional: codregion, Region, geometry",not applicable,not applicable,Vintage of the layer must be confirmed against the comuna crosswalk (346 comunas),Join by code only; no fuzzy name matching,Maps in supplement only; join by cod_comuna after crosswalk; git-ignored local files (date = mtime),REPO,data,Repository cartography (INE/BCN comuna and region polygons),,,,not_listed,,not_listed,2025-12-29,https://www.ine.gob.cl/herramientas/portal-de-mapas/geodatos-abiertos
rem_pathway_codes,rem_pathway_codes.csv,scripts/downloads/rem_pathway_codes.csv,12236,829b203b43fe6302255d072b1c2f74db4f530e104689871d4821f0ce6b29cd3b,2026-09-04 (file mtime; not dated in any manifest),Code map row: module x year range x code x domain x unit x aggregation rule x comparability warning (57 rows),2019-2025,not applicable (code map),not applicable,"module, year_start, year_end, code, domain, setting, indicator, unit, aggregation_rule, comparability_warning",not applicable,not applicable,Encodes the A03/A05/A27/A28/P2/P6 definition breaks listed in DATA_REVIEW.md,not applicable,Initial map; each code must be re-confirmed against the annual dictionary in every run,REPO,code map,"Repository (scripts/downloads/rem_pathway_codes.csv, verified against annual REM dictionaries)",,,,not_listed,,not_listed,2026-09-04,https://deis.minsal.cl/#datosabiertos
