era,definition,index_role,code,patients
2019-2020,autismo_F840,principal,F840,173
2019-2020,autismo_F840,solo_secundario,K029,99
2019-2020,autismo_F840,solo_secundario,G409,85
2019-2020,autismo_F840,solo_secundario,N47,63
2019-2020,autismo_F840,solo_secundario,K358,57
2019-2020,autismo_F840,solo_secundario,J353,43
2019-2020,autismo_F840,solo_secundario,Z518,31
2019-2020,autismo_F840,solo_secundario,K028,27
2019-2020,autismo_F840,solo_secundario,R568,23
2019-2020,autismo_F840,solo_secundario,K353,22
2019-2020,autismo_F840,solo_secundario,K122,21
2019-2020,autismo_F840,solo_secundario,A099,20
2019-2020,autismo_F840,solo_secundario,K590,17
2019-2020,autismo_F840,solo_secundario,K010,17
2019-2020,autismo_F840,solo_secundario,J46,17
2019-2020,autismo_F840,solo_secundario,J159,15
2019-2020,autismo_F840,solo_secundario,K021,15
2019-2020,autismo_F840,solo_secundario,K352,14
2019-2020,autismo_F840,solo_secundario,N10,14
2019-2020,autismo_F840,solo_secundario,F919,13
2019-2020,autismo_F840,solo_secundario,E101,12
2019-2020,autismo_F840,solo_secundario,DESCONOCIDO,12
2019-2020,autismo_F840,solo_secundario,Q531,12
2019-2020,autismo_F840,solo_secundario,N390,12
2019-2020,autismo_F840,solo_secundario,T435,12
2019-2020,autismo_F840,solo_secundario,J209,11
2019-2020,autismo_F840,solo_secundario,G408,11
2019-2020,autismo_F840,solo_secundario,J189,11
2019-2020,autismo_F840,solo_secundario,G403,11
2019-2020,autismo_F840,solo_secundario,G401,11
2019-2020,autismo_F840,solo_secundario,F29,9
2019-2020,autismo_F840,solo_secundario,Z038,9
2019-2020,autismo_F840,solo_secundario,R560,9
2019-2020,autismo_F840,solo_secundario,A090,9
2019-2020,autismo_F840,solo_secundario,R458,9
2019-2020,autismo_F840,solo_secundario,Z134,9
2019-2020,autismo_F840,solo_secundario,S4240,8
2019-2020,autismo_F840,solo_secundario,J129,8
2019-2020,autismo_F840,solo_secundario,L031,8
2019-2020,autismo_F840,solo_secundario,Z470,8
2019-2020,autismo_F840,solo_secundario,K564,8
2019-2020,autismo_F840,solo_secundario,Z138,8
2019-2020,autismo_F840,solo_secundario,L600,7
2019-2020,autismo_F840,solo_secundario,G419,7
2019-2020,autismo_F840,solo_secundario,J351,7
2019-2020,autismo_F840,solo_secundario,F239,7
2019-2020,autismo_F840,solo_secundario,A080,7
2019-2020,autismo_F840,solo_secundario,G410,6
2019-2020,autismo_F840,solo_secundario,J121,6
2019-2020,autismo_F840,solo_secundario,D70,6
2019-2020,autismo_F840,solo_secundario,T432,6
2019-2020,autismo_F840,solo_secundario,F238,6
2019-2020,autismo_F840,solo_secundario,N44,6
2019-2020,autismo_F840,solo_secundario,Z016,6
2019-2020,autismo_F840,solo_secundario,Z511,6
2019-2020,autismo_F840,solo_secundario,R451,6
2019-2020,autismo_F840,solo_secundario,F322,5
2019-2020,autismo_F840,solo_secundario,K429,5
2019-2020,autismo_F840,solo_secundario,Q532,5
2019-2020,autismo_F840,solo_secundario,T391,5
2019-2020,autismo_F840,solo_secundario,F918,5
2019-2020,autismo_F840,solo_secundario,T212,5
2019-2020,autismo_F840,solo_secundario,K802,5
2019-2020,autismo_F840,solo_secundario,K529,5
2019-2020,autismo_F840,solo_secundario,E86,5
2019-2020,autismo_F840,solo_secundario,F432,5
2019-2020,autismo_F840,solo_secundario,G404,5
2019-2020,autismo_F840,solo_secundario,T434,5
2019-2020,autismo_F840,solo_secundario,C910,5
2019-2020,autismo_F840,solo_secundario,S5250,5
2019-2020,autismo_F840,solo_secundario,K859,5
2019-2020,autismo_F840,solo_secundario,T424,4
2019-2020,autismo_F840,solo_secundario,T433,4
2019-2020,autismo_F840,solo_secundario,F323,4
2019-2020,autismo_F840,solo_secundario,M4145,4
2019-2020,autismo_F840,solo_secundario,J205,4
2019-2020,autismo_F840,solo_secundario,T181,4
2019-2020,autismo_F840,solo_secundario,T393,4
2019-2020,autismo_F840,solo_secundario,J960,4
2019-2020,autismo_F840,solo_secundario,G400,4
2019-2020,autismo_F840,solo_secundario,R104,4
2019-2020,autismo_F840,solo_secundario,R11,4
2019-2020,autismo_F840,solo_secundario,K047,4
2019-2020,autismo_F840,solo_secundario,H509,4
2019-2020,autismo_F840,solo_secundario,F209,4
2019-2020,autismo_F840,solo_secundario,J100,4
2019-2020,autismo_F840,solo_secundario,J9600,4
2019-2020,autismo_F840,solo_secundario,N179,4
2019-2020,autismo_F840,solo_secundario,A499,4
2019-2020,autismo_F840,solo_secundario,D690,4
2019-2020,autismo_F840,solo_secundario,T850,4
2019-2020,autismo_F840,solo_secundario,U071,4
2019-2020,autismo_F840,solo_secundario,E109,3
2019-2020,autismo_F840,solo_secundario,K851,3
2019-2020,autismo_F840,solo_secundario,H652,3
2019-2020,autismo_F840,solo_secundario,S5230,3
2019-2020,autismo_F840,solo_secundario,K800,3
2019-2020,autismo_F840,solo_secundario,S5240,3
2019-2020,autismo_F840,solo_secundario,D593,3
2019-2020,autismo_F840,solo_secundario,T202,3
2019-2020,autismo_F840,solo_secundario,J350,3
2019-2020,autismo_F840,solo_secundario,J352,3
2019-2020,autismo_F840,solo_secundario,U072,3
2019-2020,autismo_F840,solo_secundario,S0210,3
2019-2020,autismo_F840,solo_secundario,K439,3
2019-2020,autismo_F840,solo_secundario,T232,3
2019-2020,autismo_F840,solo_secundario,T16,3
2019-2020,autismo_F840,solo_secundario,K36,3
2019-2020,autismo_F840,solo_secundario,J690,3
2019-2020,autismo_F840,solo_secundario,S009,3
2019-2020,autismo_F840,solo_secundario,R13,3
2019-2020,autismo_F840,solo_secundario,R268,3
2019-2020,autismo_F840,solo_secundario,G938,3
2019-2020,autismo_F840,solo_secundario,R509,3
2019-2020,autismo_F840,solo_secundario,G418,3
2019-2020,autismo_F840,solo_secundario,D619,3
2019-2020,autismo_F840,solo_secundario,S8280,3
2019-2020,autismo_F840,solo_secundario,G473,3
2019-2020,autismo_F840,solo_secundario,A38,3
2019-2020,autismo_F840,solo_secundario,T751,3
2019-2020,autismo_F840,solo_secundario,S5200,3
2019-2020,autismo_F840,solo_secundario,A084,3
2019-2020,autismo_F840,solo_secundario,F09,3
2019-2020,autismo_F840,solo_secundario,I880,3
2019-2020,autismo_F840,solo_secundario,N319,3
2019-2020,autismo_F840,solo_secundario,M7953,3
2019-2020,autismo_F840,solo_secundario,F319,3
2019-2020,autismo_F840,solo_secundario,N921,3
2019-2020,autismo_F840,solo_secundario,J068,3
2019-2020,autismo_F840,solo_secundario,J069,3
2019-2020,autismo_F840,solo_secundario,F329,3
2019-2020,autismo_F840,solo_secundario,K900,3
2019-2020,autismo_F840,solo_secundario,H919,3
2019-2020,autismo_F840,solo_secundario,J101,3
2019-2020,autismo_F840,solo_secundario,M2157,3
2019-2020,autismo_F840,solo_secundario,E46,3
2019-2020,autismo_F840,solo_secundario,F609,3
2019-2020,autismo_F840,solo_secundario,L040,3
2019-2020,autismo_F840,solo_secundario,F603,3
2019-2020,autismo_F840,solo_secundario,S0620,3
2019-2020,autismo_F840,solo_secundario,R55,3
2019-2020,autismo_F840,solo_secundario,Q381,3
2019-2020,autismo_F840,solo_secundario,F449,3
2019-2020,autismo_F840,solo_secundario,D225,2
2019-2020,autismo_F840,solo_secundario,K036,2
2019-2020,autismo_F840,solo_secundario,D164,2
2019-2020,autismo_F840,solo_secundario,S0250,2
2019-2020,autismo_F840,solo_secundario,J188,2
2019-2020,autismo_F840,solo_secundario,D180,2
2019-2020,autismo_F840,solo_secundario,J00,2
2019-2020,autismo_F840,solo_secundario,S0280,2
2019-2020,autismo_F840,solo_secundario,S0690,2
2019-2020,autismo_F840,solo_secundario,K001,2
2019-2020,autismo_F840,solo_secundario,S017,2
2019-2020,autismo_F840,solo_secundario,Z033,2
2019-2020,autismo_F840,solo_secundario,J123,2
2019-2020,autismo_F840,solo_secundario,J13,2
2019-2020,autismo_F840,solo_secundario,D227,2
2019-2020,autismo_F840,solo_secundario,J208,2
2019-2020,autismo_F840,solo_secundario,J955,2
2019-2020,autismo_F840,solo_secundario,S015,2
2019-2020,autismo_F840,solo_secundario,T846,2
2019-2020,autismo_F840,solo_secundario,T450,2
2019-2020,autismo_F840,solo_secundario,K051,2
2019-2020,autismo_F840,solo_secundario,L519,2
2019-2020,autismo_F840,solo_secundario,A419,2
2019-2020,autismo_F840,solo_secundario,A281,2
2019-2020,autismo_F840,solo_secundario,Q431,2
2019-2020,autismo_F840,solo_secundario,K922,2
2019-2020,autismo_F840,solo_secundario,L021,2
2019-2020,autismo_F840,solo_secundario,L022,2
2019-2020,autismo_F840,solo_secundario,L030,2
2019-2020,autismo_F840,solo_secundario,Q282,2
2019-2020,autismo_F840,solo_secundario,K801,2
2019-2020,autismo_F840,solo_secundario,M303,2
2019-2020,autismo_F840,solo_secundario,Q204,2
2019-2020,autismo_F840,solo_secundario,A083,2
2019-2020,autismo_F840,solo_secundario,Q070,2
2019-2020,autismo_F840,solo_secundario,N488,2
2019-2020,autismo_F840,solo_secundario,M9115,2
2019-2020,autismo_F840,solo_secundario,N049,2
2019-2020,autismo_F840,solo_secundario,Q539,2
2019-2020,autismo_F840,solo_secundario,K769,2
2019-2020,autismo_F840,solo_secundario,R51,2
2019-2020,autismo_F840,solo_secundario,K291,2
2019-2020,autismo_F840,solo_secundario,K053,2
2019-2020,autismo_F840,solo_secundario,Z133,2
2019-2020,autismo_F840,solo_secundario,C629,2
2019-2020,autismo_F840,solo_secundario,Z137,2
2019-2020,autismo_F840,solo_secundario,K210,2
2019-2020,autismo_F840,solo_secundario,I608,2
2019-2020,autismo_F840,solo_secundario,K259,2
2019-2020,autismo_F840,solo_secundario,Z308,2
2019-2020,autismo_F840,solo_secundario,Q549,2
2019-2020,autismo_F840,solo_secundario,K403,2
2019-2020,autismo_F840,solo_secundario,K519,2
2019-2020,autismo_F840,solo_secundario,A020,2
2019-2020,autismo_F840,solo_secundario,K566,2
2019-2020,autismo_F840,solo_secundario,K650,2
2019-2020,autismo_F840,solo_secundario,Q668,2
2019-2020,autismo_F840,solo_secundario,Q665,2
2019-2020,autismo_F840,solo_secundario,S099,2
2019-2020,autismo_F840,solo_secundario,T887,2
2019-2020,autismo_F840,solo_secundario,S519,2
2019-2020,autismo_F840,solo_secundario,E669,2
2019-2020,autismo_F840,solo_secundario,S5260,2
2019-2020,autismo_F840,solo_secundario,F431,2
2019-2020,autismo_F840,solo_secundario,T407,2
2019-2020,autismo_F840,solo_secundario,H269,2
2019-2020,autismo_F840,solo_secundario,S6261,2
2019-2020,autismo_F840,solo_secundario,G930,2
2019-2020,autismo_F840,solo_secundario,T378,2
2019-2020,autismo_F840,solo_secundario,S7200,2
2019-2020,autismo_F840,solo_secundario,S8210,2
2019-2020,autismo_F840,solo_secundario,S8220,2
2019-2020,autismo_F840,solo_secundario,F809,2
2019-2020,autismo_F840,solo_secundario,F842,2
2019-2020,autismo_F840,solo_secundario,F900,2
2019-2020,autismo_F840,solo_secundario,F911,2
2019-2020,autismo_F840,solo_secundario,T222,2
2019-2020,autismo_F840,solo_secundario,T71,2
2019-2020,autismo_F840,solo_secundario,E111,2
2019-2020,autismo_F840,solo_secundario,F988,2
2019-2020,autismo_F840,solo_secundario,G402,2
2019-2020,autismo_F840,solo_secundario,G259,2
2019-2020,autismo_F840,solo_secundario,G049,2
2019-2020,autismo_F840,solo_secundario,H500,2
2019-2020,autismo_F840,solo_secundario,E162,2
2019-2020,autismo_F840,solo_secundario,S4220,2
2019-2020,autismo_F840,solo_secundario,E871,2
2019-2020,autismo_F840,solo_secundario,H918,2
2019-2020,autismo_F840,solo_secundario,I471,2
2019-2020,autismo_F840,solo_secundario,S4230,2
2019-2020,autismo_F840,solo_secundario,T509,2
2019-2020,autismo_F840,solo_secundario,F28,2
2019-2020,autismo_F840,solo_secundario,Z763,1
2019-2020,autismo_F840,solo_secundario,T465,1
2019-2020,autismo_F840,solo_secundario,Q542,1
2019-2020,autismo_F840,solo_secundario,Q742,1
2019-2020,autismo_F840,solo_secundario,T223,1
2019-2020,autismo_F840,solo_secundario,T658,1
2019-2020,autismo_F840,solo_secundario,N312,1
2019-2020,autismo_F840,solo_secundario,N185,1
2019-2020,autismo_F840,solo_secundario,T451,1
2019-2020,autismo_F840,solo_secundario,T230,1
2019-2020,autismo_F840,solo_secundario,N392,1
2019-2020,autismo_F840,solo_secundario,Z540,1
2019-2020,autismo_F840,solo_secundario,Q692,1
2019-2020,autismo_F840,solo_secundario,Q100,1
2019-2020,autismo_F840,solo_secundario,T201,1
2019-2020,autismo_F840,solo_secundario,Q750,1
2019-2020,autismo_F840,solo_secundario,Q759,1
2019-2020,autismo_F840,solo_secundario,Q851,1
2019-2020,autismo_F840,solo_secundario,Q873,1
2019-2020,autismo_F840,solo_secundario,Q892,1
2019-2020,autismo_F840,solo_secundario,Z915,1
2019-2020,autismo_F840,solo_secundario,Z478,1
2019-2020,autismo_F840,solo_secundario,Q909,1
2019-2020,autismo_F840,solo_secundario,T189,1
2019-2020,autismo_F840,solo_secundario,N183,1
2019-2020,autismo_F840,solo_secundario,Z465,1
2019-2020,autismo_F840,solo_secundario,Q929,1
2019-2020,autismo_F840,solo_secundario,Z433,1
2019-2020,autismo_F840,solo_secundario,T233,1
2019-2020,autismo_F840,solo_secundario,T290,1
2019-2020,autismo_F840,solo_secundario,T242,1
2019-2020,autismo_F840,solo_secundario,Q370,1
2019-2020,autismo_F840,solo_secundario,Q201,1
2019-2020,autismo_F840,solo_secundario,T427,1
2019-2020,autismo_F840,solo_secundario,Q211,1
2019-2020,autismo_F840,solo_secundario,Q245,1
2019-2020,autismo_F840,solo_secundario,T58,1
2019-2020,autismo_F840,solo_secundario,Q250,1
2019-2020,autismo_F840,solo_secundario,T421,1
2019-2020,autismo_F840,solo_secundario,Q039,1
2019-2020,autismo_F840,solo_secundario,P285,1
2019-2020,autismo_F840,solo_secundario,Q289,1
2019-2020,autismo_F840,solo_secundario,Q315,1
2019-2020,autismo_F840,solo_secundario,Q321,1
2019-2020,autismo_F840,solo_secundario,T600,1
2019-2020,autismo_F840,solo_secundario,Q379,1
2019-2020,autismo_F840,solo_secundario,Q181,1
2019-2020,autismo_F840,solo_secundario,T402,1
2019-2020,autismo_F840,solo_secundario,T182,1
2019-2020,autismo_F840,solo_secundario,T511,1
2019-2020,autismo_F840,solo_secundario,Z514,1
2019-2020,autismo_F840,solo_secundario,T604,1
2019-2020,autismo_F840,solo_secundario,Q383,1
2019-2020,autismo_F840,solo_secundario,T505,1
2019-2020,autismo_F840,solo_secundario,T292,1
2019-2020,autismo_F840,solo_secundario,Q400,1
2019-2020,autismo_F840,solo_secundario,N483,1
2019-2020,autismo_F840,solo_secundario,Q430,1
2019-2020,autismo_F840,solo_secundario,T291,1
2019-2020,autismo_F840,solo_secundario,Z519,1
2019-2020,autismo_F840,solo_secundario,Q935,1
2019-2020,autismo_F840,solo_secundario,S202,1
2019-2020,autismo_F840,solo_secundario,Q998,1
2019-2020,autismo_F840,solo_secundario,S0220,1
2019-2020,autismo_F840,solo_secundario,T864,1
2019-2020,autismo_F840,solo_secundario,S0260,1
2019-2020,autismo_F840,solo_secundario,T443,1
2019-2020,autismo_F840,solo_secundario,S5210,1
2019-2020,autismo_F840,solo_secundario,T818,1
2019-2020,autismo_F840,solo_secundario,T983,1
2019-2020,autismo_F840,solo_secundario,S0230,1
2019-2020,autismo_F840,solo_secundario,S5270,1
2019-2020,autismo_F840,solo_secundario,T827,1
2019-2020,autismo_F840,solo_secundario,S5280,1
2019-2020,autismo_F840,solo_secundario,S5290,1
2019-2020,autismo_F840,solo_secundario,S0200,1
2019-2020,autismo_F840,solo_secundario,S018,1
2019-2020,autismo_F840,solo_secundario,S610,1
2019-2020,autismo_F840,solo_secundario,Z011,1
2019-2020,autismo_F840,solo_secundario,S619,1
2019-2020,autismo_F840,solo_secundario,N178,1
2019-2020,autismo_F840,solo_secundario,S058,1
2019-2020,autismo_F840,solo_secundario,R040,1
2019-2020,autismo_F840,solo_secundario,S398,1
2019-2020,autismo_F840,solo_secundario,S119,1
2019-2020,autismo_F840,solo_secundario,S117,1
2019-2020,autismo_F840,solo_secundario,S2781,1
2019-2020,autismo_F840,solo_secundario,S090,1
2019-2020,autismo_F840,solo_secundario,S310,1
2019-2020,autismo_F840,solo_secundario,S3671,1
2019-2020,autismo_F840,solo_secundario,S0680,1
2019-2020,autismo_F840,solo_secundario,S399,1
2019-2020,autismo_F840,solo_secundario,T857,1
2019-2020,autismo_F840,solo_secundario,T842,1
2019-2020,autismo_F840,solo_secundario,S0650,1
2019-2020,autismo_F840,solo_secundario,S410,1
2019-2020,autismo_F840,solo_secundario,S0630,1
2019-2020,autismo_F840,solo_secundario,S417,1
2019-2020,autismo_F840,solo_secundario,S4200,1
2019-2020,autismo_F840,solo_secundario,S059,1
2019-2020,autismo_F840,solo_secundario,S012,1
2019-2020,autismo_F840,solo_secundario,S6251,1
2019-2020,autismo_F840,solo_secundario,Z015,1
2019-2020,autismo_F840,solo_secundario,Z301,1
2019-2020,autismo_F840,solo_secundario,T135,1
2019-2020,autismo_F840,solo_secundario,T784,1
2019-2020,autismo_F840,solo_secundario,R262,1
2019-2020,autismo_F840,solo_secundario,T780,1
2019-2020,autismo_F840,solo_secundario,R258,1
2019-2020,autismo_F840,solo_secundario,T742,1
2019-2020,autismo_F840,solo_secundario,T141,1
2019-2020,autismo_F840,solo_secundario,Z302,1
2019-2020,autismo_F840,solo_secundario,S681,1
2019-2020,autismo_F840,solo_secundario,Z304,1
2019-2020,autismo_F840,solo_secundario,T150,1
2019-2020,autismo_F840,solo_secundario,S1200,1
2019-2020,autismo_F840,solo_secundario,T172,1
2019-2020,autismo_F840,solo_secundario,R100,1
2019-2020,autismo_F840,solo_secundario,Z431,1
2019-2020,autismo_F840,solo_secundario,T179,1
2019-2020,autismo_F840,solo_secundario,R31,1
2019-2020,autismo_F840,solo_secundario,R32,1
2019-2020,autismo_F840,solo_secundario,R391,1
2019-2020,autismo_F840,solo_secundario,T810,1
2019-2020,autismo_F840,solo_secundario,S682,1
2019-2020,autismo_F840,solo_secundario,S701,1
2019-2020,autismo_F840,solo_secundario,R599,1
2019-2020,autismo_F840,solo_secundario,R572,1
2019-2020,autismo_F840,solo_secundario,Z018,1
2019-2020,autismo_F840,solo_secundario,S7230,1
2019-2020,autismo_F840,solo_secundario,Z048,1
2019-2020,autismo_F840,solo_secundario,Z087,1
2019-2020,autismo_F840,solo_secundario,S8230,1
2019-2020,autismo_F840,solo_secundario,S8250,1
2019-2020,autismo_F840,solo_secundario,S830,1
2019-2020,autismo_F840,solo_secundario,S903,1
2019-2020,autismo_F840,solo_secundario,R508,1
2019-2020,autismo_F840,solo_secundario,R490,1
2019-2020,autismo_F840,solo_secundario,T814,1
2019-2020,autismo_F840,solo_secundario,Z430,1
2019-2020,autismo_F840,solo_secundario,K565,1
2019-2020,autismo_F840,solo_secundario,N138,1
2019-2020,autismo_F840,solo_secundario,F069,1
2019-2020,autismo_F840,solo_secundario,G001,1
2019-2020,autismo_F840,solo_secundario,F982,1
2019-2020,autismo_F840,solo_secundario,F942,1
2019-2020,autismo_F840,solo_secundario,F913,1
2019-2020,autismo_F840,solo_secundario,F89,1
2019-2020,autismo_F840,solo_secundario,F845,1
2019-2020,autismo_F840,solo_secundario,F800,1
2019-2020,autismo_F840,solo_secundario,F739,1
2019-2020,autismo_F840,solo_secundario,F731,1
2019-2020,autismo_F840,solo_secundario,F729,1
2019-2020,autismo_F840,solo_secundario,F638,1
2019-2020,autismo_F840,solo_secundario,F608,1
2019-2020,autismo_F840,solo_secundario,F505,1
2019-2020,autismo_F840,solo_secundario,F500,1
2019-2020,autismo_F840,solo_secundario,F452,1
2019-2020,autismo_F840,solo_secundario,F450,1
2019-2020,autismo_F840,solo_secundario,F444,1
2019-2020,autismo_F840,solo_secundario,F418,1
2019-2020,autismo_F840,solo_secundario,F411,1
2019-2020,autismo_F840,solo_secundario,F402,1
2019-2020,autismo_F840,solo_secundario,F331,1
2019-2020,autismo_F840,solo_secundario,F321,1
2019-2020,autismo_F840,solo_secundario,F318,1
2019-2020,autismo_F840,solo_secundario,F311,1
2019-2020,autismo_F840,solo_secundario,F231,1
2019-2020,autismo_F840,solo_secundario,G002,1
2019-2020,autismo_F840,solo_secundario,G060,1
2019-2020,autismo_F840,solo_secundario,G062,1
2019-2020,autismo_F840,solo_secundario,G822,1
2019-2020,autismo_F840,solo_secundario,H471,1
2019-2020,autismo_F840,solo_secundario,H46,1
2019-2020,autismo_F840,solo_secundario,H428,1
2019-2020,autismo_F840,solo_secundario,H332,1
2019-2020,autismo_F840,solo_secundario,H268,1
2019-2020,autismo_F840,solo_secundario,H105,1
2019-2020,autismo_F840,solo_secundario,H043,1
2019-2020,autismo_F840,solo_secundario,G978,1
2019-2020,autismo_F840,solo_secundario,G934,1
2019-2020,autismo_F840,solo_secundario,G919,1
2019-2020,autismo_F840,solo_secundario,G911,1
2019-2020,autismo_F840,solo_secundario,G820,1
2019-2020,autismo_F840,solo_secundario,G119,1
2019-2020,autismo_F840,solo_secundario,G710,1
2019-2020,autismo_F840,solo_secundario,G610,1
2019-2020,autismo_F840,solo_secundario,G479,1
2019-2020,autismo_F840,solo_secundario,G448,1
2019-2020,autismo_F840,solo_secundario,G438,1
2019-2020,autismo_F840,solo_secundario,G412,1
2019-2020,autismo_F840,solo_secundario,G405,1
2019-2020,autismo_F840,solo_secundario,G373,1
2019-2020,autismo_F840,solo_secundario,G248,1
2019-2020,autismo_F840,solo_secundario,G240,1
2019-2020,autismo_F840,solo_secundario,G121,1
2019-2020,autismo_F840,solo_secundario,F200,1
2019-2020,autismo_F840,solo_secundario,F061,1
2019-2020,autismo_F840,solo_secundario,H501,1
2019-2020,autismo_F840,solo_secundario,F059,1
2019-2020,autismo_F840,solo_secundario,C929,1
2019-2020,autismo_F840,solo_secundario,C920,1
2019-2020,autismo_F840,solo_secundario,C753,1
2019-2020,autismo_F840,solo_secundario,C73,1
2019-2020,autismo_F840,solo_secundario,C719,1
2019-2020,autismo_F840,solo_secundario,C710,1
2019-2020,autismo_F840,solo_secundario,C504,1
2019-2020,autismo_F840,solo_secundario,C402,1
2019-2020,autismo_F840,solo_secundario,C159,1
2019-2020,autismo_F840,solo_secundario,B678,1
2019-2020,autismo_F840,solo_secundario,B349,1
2019-2020,autismo_F840,solo_secundario,B348,1
2019-2020,autismo_F840,solo_secundario,B270,1
2019-2020,autismo_F840,solo_secundario,B179,1
2019-2020,autismo_F840,solo_secundario,B09,1
2019-2020,autismo_F840,solo_secundario,B07,1
2019-2020,autismo_F840,solo_secundario,B019,1
2019-2020,autismo_F840,solo_secundario,B002,1
2019-2020,autismo_F840,solo_secundario,A448,1
2019-2020,autismo_F840,solo_secundario,A150,1
2019-2020,autismo_F840,solo_secundario,A082,1
2019-2020,autismo_F840,solo_secundario,A058,1
2019-2020,autismo_F840,solo_secundario,A047,1
2019-2020,autismo_F840,solo_secundario,A031,1
2019-2020,autismo_F840,solo_secundario,A021,1
2019-2020,autismo_F840,solo_secundario,D037,1
2019-2020,autismo_F840,solo_secundario,D177,1
2019-2020,autismo_F840,solo_secundario,D232,1
2019-2020,autismo_F840,solo_secundario,D681,1
2019-2020,autismo_F840,solo_secundario,E876,1
2019-2020,autismo_F840,solo_secundario,E872,1
2019-2020,autismo_F840,solo_secundario,E301,1
2019-2020,autismo_F840,solo_secundario,E230,1
2019-2020,autismo_F840,solo_secundario,E161,1
2019-2020,autismo_F840,solo_secundario,E141,1
2019-2020,autismo_F840,solo_secundario,E115,1
2019-2020,autismo_F840,solo_secundario,D821,1
2019-2020,autismo_F840,solo_secundario,D801,1
2019-2020,autismo_F840,solo_secundario,D763,1
2019-2020,autismo_F840,solo_secundario,D692,1
2019-2020,autismo_F840,solo_secundario,D649,1
2019-2020,autismo_F840,solo_secundario,D233,1
2019-2020,autismo_F840,solo_secundario,D589,1
2019-2020,autismo_F840,solo_secundario,D509,1
2019-2020,autismo_F840,solo_secundario,D485,1
2019-2020,autismo_F840,solo_secundario,D481,1
2019-2020,autismo_F840,solo_secundario,D480,1
2019-2020,autismo_F840,solo_secundario,D434,1
2019-2020,autismo_F840,solo_secundario,D430,1
2019-2020,autismo_F840,solo_secundario,D410,1
2019-2020,autismo_F840,solo_secundario,D381,1
2019-2020,autismo_F840,solo_secundario,D34,1
2019-2020,autismo_F840,solo_secundario,D330,1
2019-2020,autismo_F840,solo_secundario,H493,1
2019-2020,autismo_F840,solo_secundario,H508,1
2019-2020,autismo_F840,solo_secundario,N137,1
2019-2020,autismo_F840,solo_secundario,K219,1
2019-2020,autismo_F840,solo_secundario,L010,1
2019-2020,autismo_F840,solo_secundario,K929,1
2019-2020,autismo_F840,solo_secundario,K918,1
2019-2020,autismo_F840,solo_secundario,K858,1
2019-2020,autismo_F840,solo_secundario,K853,1
2019-2020,autismo_F840,solo_secundario,K830,1
2019-2020,autismo_F840,solo_secundario,K808,1
2019-2020,autismo_F840,solo_secundario,K759,1
2019-2020,autismo_F840,solo_secundario,K754,1
2019-2020,autismo_F840,solo_secundario,K739,1
2019-2020,autismo_F840,solo_secundario,K720,1
2019-2020,autismo_F840,solo_secundario,K659,1
2019-2020,autismo_F840,solo_secundario,K649,1
2019-2020,autismo_F840,solo_secundario,K635,1
2019-2020,autismo_F840,solo_secundario,K632,1
2019-2020,autismo_F840,solo_secundario,K625,1
2019-2020,autismo_F840,solo_secundario,K621,1
2019-2020,autismo_F840,solo_secundario,K589,1
2019-2020,autismo_F840,solo_secundario,K550,1
2019-2020,autismo_F840,solo_secundario,K522,1
2019-2020,autismo_F840,solo_secundario,K510,1
2019-2020,autismo_F840,solo_secundario,K500,1
2019-2020,autismo_F840,solo_secundario,K409,1
2019-2020,autismo_F840,solo_secundario,K388,1
2019-2020,autismo_F840,solo_secundario,K297,1
2019-2020,autismo_F840,solo_secundario,L029,1
2019-2020,autismo_F840,solo_secundario,L059,1
2019-2020,autismo_F840,solo_secundario,L088,1
2019-2020,autismo_F840,solo_secundario,M6594,1
2019-2020,autismo_F840,solo_secundario,N048,1
2019-2020,autismo_F840,solo_secundario,N041,1
2019-2020,autismo_F840,solo_secundario,M8793,1
2019-2020,autismo_F840,solo_secundario,M8695,1
2019-2020,autismo_F840,solo_secundario,M8589,1
2019-2020,autismo_F840,solo_secundario,M8446,1
2019-2020,autismo_F840,solo_secundario,M8407,1
2019-2020,autismo_F840,solo_secundario,M7966,1
2019-2020,autismo_F840,solo_secundario,M7958,1
2019-2020,autismo_F840,solo_secundario,M7046,1
2019-2020,autismo_F840,solo_secundario,M673,1
2019-2020,autismo_F840,solo_secundario,M4646,1
2019-2020,autismo_F840,solo_secundario,L282,1
2019-2020,autismo_F840,solo_secundario,M4144,1
2019-2020,autismo_F840,solo_secundario,M4140,1
2019-2020,autismo_F840,solo_secundario,M4115,1
2019-2020,autismo_F840,solo_secundario,M4105,1
2019-2020,autismo_F840,solo_secundario,M321,1
2019-2020,autismo_F840,solo_secundario,M313,1
2019-2020,autismo_F840,solo_secundario,M2445,1
2019-2020,autismo_F840,solo_secundario,M0095,1
2019-2020,autismo_F840,solo_secundario,L929,1
2019-2020,autismo_F840,solo_secundario,L83,1
2019-2020,autismo_F840,solo_secundario,L720,1
2019-2020,autismo_F840,solo_secundario,K222,1
2019-2020,autismo_F840,solo_secundario,K20,1
2019-2020,autismo_F840,solo_secundario,H612,1
2019-2020,autismo_F840,solo_secundario,K123,1
2019-2020,autismo_F840,solo_secundario,J128,1
2019-2020,autismo_F840,solo_secundario,J122,1
2019-2020,autismo_F840,solo_secundario,J120,1
2019-2020,autismo_F840,solo_secundario,J040,1
2019-2020,autismo_F840,solo_secundario,J029,1
2019-2020,autismo_F840,solo_secundario,I889,1
2019-2020,autismo_F840,solo_secundario,I776,1
2019-2020,autismo_F840,solo_secundario,I679,1
2019-2020,autismo_F840,solo_secundario,I638,1
2019-2020,autismo_F840,solo_secundario,I619,1
2019-2020,autismo_F840,solo_secundario,I479,1
2019-2020,autismo_F840,solo_secundario,I469,1
2019-2020,autismo_F840,solo_secundario,I351,1
2019-2020,autismo_F840,solo_secundario,I270,1
2019-2020,autismo_F840,solo_secundario,I269,1
2019-2020,autismo_F840,solo_secundario,I210,1
2019-2020,autismo_F840,solo_secundario,H905,1
2019-2020,autismo_F840,solo_secundario,H903,1
2019-2020,autismo_F840,solo_secundario,H900,1
2019-2020,autismo_F840,solo_secundario,H71,1
2019-2020,autismo_F840,solo_secundario,H700,1
2019-2020,autismo_F840,solo_secundario,H669,1
2019-2020,autismo_F840,solo_secundario,H663,1
2019-2020,autismo_F840,solo_secundario,H659,1
2019-2020,autismo_F840,solo_secundario,H653,1
2019-2020,autismo_F840,solo_secundario,J157,1
2019-2020,autismo_F840,solo_secundario,J180,1
2019-2020,autismo_F840,solo_secundario,J181,1
2019-2020,autismo_F840,solo_secundario,K044,1
2019-2020,autismo_F840,solo_secundario,K117,1
2019-2020,autismo_F840,solo_secundario,K113,1
2019-2020,autismo_F840,solo_secundario,K112,1
2019-2020,autismo_F840,solo_secundario,K108,1
2019-2020,autismo_F840,solo_secundario,K102,1
2019-2020,autismo_F840,solo_secundario,K092,1
2019-2020,autismo_F840,solo_secundario,K083,1
2019-2020,autismo_F840,solo_secundario,K081,1
2019-2020,autismo_F840,solo_secundario,K052,1
2019-2020,autismo_F840,solo_secundario,K048,1
2019-2020,autismo_F840,solo_secundario,K046,1
2019-2020,autismo_F840,solo_secundario,K025,1
2019-2020,autismo_F840,solo_secundario,J204,1
2019-2020,autismo_F840,solo_secundario,K023,1
2019-2020,autismo_F840,solo_secundario,J931,1
2019-2020,autismo_F840,solo_secundario,J869,1
2019-2020,autismo_F840,solo_secundario,J850,1
2019-2020,autismo_F840,solo_secundario,J459,1
2019-2020,autismo_F840,solo_secundario,J40,1
2019-2020,autismo_F840,solo_secundario,J398,1
2019-2020,autismo_F840,solo_secundario,J36,1
2019-2020,autismo_F840,solo_secundario,J343,1
2019-2020,autismo_F840,solo_secundario,J342,1
2019-2020,autismo_F840,solo_secundario,J206,1
2019-2020,autismo_F840,solo_secundario,Z916,1
2019-2020,TEA_operacional,principal,F840,160
2019-2020,TEA_operacional,solo_secundario,G409,127
2019-2020,TEA_operacional,solo_secundario,K029,112
2019-2020,TEA_operacional,solo_secundario,N47,93
2019-2020,TEA_operacional,solo_secundario,K358,89
2019-2020,TEA_operacional,solo_secundario,J353,62
2019-2020,TEA_operacional,solo_secundario,Z518,50
2019-2020,TEA_operacional,solo_secundario,R568,38
2019-2020,TEA_operacional,solo_secundario,K353,36
2019-2020,TEA_operacional,solo_secundario,K028,34
2019-2020,TEA_operacional,solo_secundario,J159,27
2019-2020,TEA_operacional,principal,F841,26
2019-2020,TEA_operacional,solo_secundario,A099,26
2019-2020,TEA_operacional,solo_secundario,J209,25
2019-2020,TEA_operacional,principal,F845,25
2019-2020,TEA_operacional,solo_secundario,G403,25
2019-2020,TEA_operacional,solo_secundario,K352,24
2019-2020,TEA_operacional,solo_secundario,J129,23
2019-2020,TEA_operacional,solo_secundario,K122,23
2019-2020,TEA_operacional,solo_secundario,Z038,22
2019-2020,TEA_operacional,solo_secundario,J121,20
2019-2020,TEA_operacional,solo_secundario,G408,20
2019-2020,TEA_operacional,solo_secundario,J46,20
2019-2020,TEA_operacional,solo_secundario,K010,19
2019-2020,TEA_operacional,solo_secundario,G404,19
2019-2020,TEA_operacional,solo_secundario,Z134,19
2019-2020,TEA_operacional,solo_secundario,Z138,19
2019-2020,TEA_operacional,solo_secundario,E101,18
2019-2020,TEA_operacional,solo_secundario,K590,18
2019-2020,TEA_operacional,solo_secundario,N10,18
2019-2020,TEA_operacional,solo_secundario,DESCONOCIDO,17
2019-2020,TEA_operacional,solo_secundario,S4240,17
2019-2020,TEA_operacional,solo_secundario,N390,16
2019-2020,TEA_operacional,solo_secundario,Q531,15
2019-2020,TEA_operacional,principal,F848,15
2019-2020,TEA_operacional,solo_secundario,F919,15
2019-2020,TEA_operacional,solo_secundario,J189,15
2019-2020,TEA_operacional,solo_secundario,F322,15
2019-2020,TEA_operacional,solo_secundario,J351,15
2019-2020,TEA_operacional,solo_secundario,T435,14
2019-2020,TEA_operacional,solo_secundario,K021,14
2019-2020,TEA_operacional,solo_secundario,G401,13
2019-2020,TEA_operacional,principal,F849,13
2019-2020,TEA_operacional,solo_secundario,F239,13
2019-2020,TEA_operacional,solo_secundario,F432,12
2019-2020,TEA_operacional,solo_secundario,A080,12
2019-2020,TEA_operacional,solo_secundario,Z470,12
2019-2020,TEA_operacional,solo_secundario,F29,12
2019-2020,TEA_operacional,solo_secundario,K564,11
2019-2020,TEA_operacional,solo_secundario,R560,11
2019-2020,TEA_operacional,solo_secundario,R458,11
2019-2020,TEA_operacional,solo_secundario,Q532,11
2019-2020,TEA_operacional,solo_secundario,F323,10
2019-2020,TEA_operacional,solo_secundario,L031,10
2019-2020,TEA_operacional,solo_secundario,Z511,10
2019-2020,TEA_operacional,solo_secundario,A090,10
2019-2020,TEA_operacional,solo_secundario,T432,9
2019-2020,TEA_operacional,solo_secundario,J960,9
2019-2020,TEA_operacional,solo_secundario,D70,8
2019-2020,TEA_operacional,solo_secundario,L600,8
2019-2020,TEA_operacional,solo_secundario,T424,8
2019-2020,TEA_operacional,solo_secundario,S8280,8
2019-2020,TEA_operacional,solo_secundario,N44,8
2019-2020,TEA_operacional,solo_secundario,F329,8
2019-2020,TEA_operacional,solo_secundario,K802,7
2019-2020,TEA_operacional,solo_secundario,M4145,7
2019-2020,TEA_operacional,solo_secundario,R451,7
2019-2020,TEA_operacional,solo_secundario,G419,7
2019-2020,TEA_operacional,solo_secundario,G418,7
2019-2020,TEA_operacional,solo_secundario,T434,7
2019-2020,TEA_operacional,solo_secundario,J100,7
2019-2020,TEA_operacional,solo_secundario,F209,7
2019-2020,TEA_operacional,solo_secundario,Q381,7
2019-2020,TEA_operacional,solo_secundario,C910,7
2019-2020,TEA_operacional,solo_secundario,F918,7
2019-2020,TEA_operacional,solo_secundario,R11,6
2019-2020,TEA_operacional,solo_secundario,J101,6
2019-2020,TEA_operacional,solo_secundario,R104,6
2019-2020,TEA_operacional,solo_secundario,N179,6
2019-2020,TEA_operacional,solo_secundario,J350,6
2019-2020,TEA_operacional,solo_secundario,F238,6
2019-2020,TEA_operacional,solo_secundario,F609,6
2019-2020,TEA_operacional,solo_secundario,Z016,6
2019-2020,TEA_operacional,solo_secundario,T391,6
2019-2020,TEA_operacional,solo_secundario,K800,6
2019-2020,TEA_operacional,solo_secundario,T850,6
2019-2020,TEA_operacional,solo_secundario,K429,6
2019-2020,TEA_operacional,solo_secundario,J690,6
2019-2020,TEA_operacional,solo_secundario,T433,6
2019-2020,TEA_operacional,solo_secundario,K409,6
2019-2020,TEA_operacional,solo_secundario,G410,6
2019-2020,TEA_operacional,solo_secundario,K219,6
2019-2020,TEA_operacional,solo_secundario,U071,5
2019-2020,TEA_operacional,solo_secundario,S5250,5
2019-2020,TEA_operacional,solo_secundario,K001,5
2019-2020,TEA_operacional,solo_secundario,J9609,5
2019-2020,TEA_operacional,solo_secundario,T393,5
2019-2020,TEA_operacional,solo_secundario,J9600,5
2019-2020,TEA_operacional,solo_secundario,J128,5
2019-2020,TEA_operacional,solo_secundario,R509,5
2019-2020,TEA_operacional,solo_secundario,E86,5
2019-2020,TEA_operacional,solo_secundario,J205,5
2019-2020,TEA_operacional,solo_secundario,T181,5
2019-2020,TEA_operacional,solo_secundario,F603,5
2019-2020,TEA_operacional,solo_secundario,K529,5
2019-2020,TEA_operacional,solo_secundario,Z033,5
2019-2020,TEA_operacional,principal_y_secundario,F840,5
2019-2020,TEA_operacional,solo_secundario,M4115,5
2019-2020,TEA_operacional,solo_secundario,T212,5
2019-2020,TEA_operacional,solo_secundario,H509,5
2019-2020,TEA_operacional,solo_secundario,S5200,5
2019-2020,TEA_operacional,solo_secundario,H501,5
2019-2020,TEA_operacional,solo_secundario,J069,4
2019-2020,TEA_operacional,solo_secundario,K210,4
2019-2020,TEA_operacional,solo_secundario,F200,4
2019-2020,TEA_operacional,solo_secundario,N62,4
2019-2020,TEA_operacional,solo_secundario,G400,4
2019-2020,TEA_operacional,solo_secundario,F431,4
2019-2020,TEA_operacional,solo_secundario,K859,4
2019-2020,TEA_operacional,solo_secundario,J352,4
2019-2020,TEA_operacional,solo_secundario,M2157,4
2019-2020,TEA_operacional,solo_secundario,L059,4
2019-2020,TEA_operacional,solo_secundario,L040,4
2019-2020,TEA_operacional,solo_secundario,K047,4
2019-2020,TEA_operacional,solo_secundario,F911,4
2019-2020,TEA_operacional,solo_secundario,K900,4
2019-2020,TEA_operacional,solo_secundario,K650,4
2019-2020,TEA_operacional,solo_secundario,H652,4
2019-2020,TEA_operacional,solo_secundario,K918,4
2019-2020,TEA_operacional,solo_secundario,F319,4
2019-2020,TEA_operacional,solo_secundario,I880,4
2019-2020,TEA_operacional,solo_secundario,A419,4
2019-2020,TEA_operacional,solo_secundario,S5230,4
2019-2020,TEA_operacional,solo_secundario,S5240,4
2019-2020,TEA_operacional,solo_secundario,D480,4
2019-2020,TEA_operacional,solo_secundario,S6261,4
2019-2020,TEA_operacional,solo_secundario,S8220,4
2019-2020,TEA_operacional,solo_secundario,T202,4
2019-2020,TEA_operacional,solo_secundario,S009,4
2019-2020,TEA_operacional,solo_secundario,T426,4
2019-2020,TEA_operacional,solo_secundario,T71,4
2019-2020,TEA_operacional,solo_secundario,T751,4
2019-2020,TEA_operacional,solo_secundario,Z133,4
2019-2020,TEA_operacional,solo_secundario,A499,4
2019-2020,TEA_operacional,solo_secundario,Z137,4
2019-2020,TEA_operacional,solo_secundario,D690,4
2019-2020,TEA_operacional,solo_secundario,Q665,4
2019-2020,TEA_operacional,solo_secundario,A38,4
2019-2020,TEA_operacional,solo_secundario,A084,4
2019-2020,TEA_operacional,solo_secundario,Q539,4
2019-2020,TEA_operacional,solo_secundario,Z433,3
2019-2020,TEA_operacional,solo_secundario,J122,3
2019-2020,TEA_operacional,solo_secundario,S7230,3
2019-2020,TEA_operacional,solo_secundario,J120,3
2019-2020,TEA_operacional,solo_secundario,K439,3
2019-2020,TEA_operacional,solo_secundario,K510,3
2019-2020,TEA_operacional,solo_secundario,K519,3
2019-2020,TEA_operacional,solo_secundario,G259,3
2019-2020,TEA_operacional,solo_secundario,J204,3
2019-2020,TEA_operacional,solo_secundario,J068,3
2019-2020,TEA_operacional,solo_secundario,K36,3
2019-2020,TEA_operacional,solo_secundario,S5210,3
2019-2020,TEA_operacional,solo_secundario,G049,3
2019-2020,TEA_operacional,solo_secundario,S4220,3
2019-2020,TEA_operacional,solo_secundario,K801,3
2019-2020,TEA_operacional,solo_secundario,D593,3
2019-2020,TEA_operacional,solo_secundario,K851,3
2019-2020,TEA_operacional,solo_secundario,D619,3
2019-2020,TEA_operacional,solo_secundario,G473,3
2019-2020,TEA_operacional,solo_secundario,T172,3
2019-2020,TEA_operacional,solo_secundario,T16,3
2019-2020,TEA_operacional,solo_secundario,J181,3
2019-2020,TEA_operacional,solo_secundario,J342,3
2019-2020,TEA_operacional,solo_secundario,H919,3
2019-2020,TEA_operacional,solo_secundario,U072,3
2019-2020,TEA_operacional,solo_secundario,H500,3
2019-2020,TEA_operacional,solo_secundario,J955,3
2019-2020,TEA_operacional,solo_secundario,J188,3
2019-2020,TEA_operacional,solo_secundario,B349,3
2019-2020,TEA_operacional,solo_secundario,G938,3
2019-2020,TEA_operacional,solo_secundario,J210,3
2019-2020,TEA_operacional,solo_secundario,D649,3
2019-2020,TEA_operacional,solo_secundario,G930,3
2019-2020,TEA_operacional,solo_secundario,C629,3
2019-2020,TEA_operacional,solo_secundario,K053,3
2019-2020,TEA_operacional,solo_secundario,K20,3
2019-2020,TEA_operacional,solo_secundario,T232,3
2019-2020,TEA_operacional,solo_secundario,Z430,3
2019-2020,TEA_operacional,solo_secundario,G934,3
2019-2020,TEA_operacional,solo_secundario,F09,3
2019-2020,TEA_operacional,solo_secundario,E162,3
2019-2020,TEA_operacional,solo_secundario,Q204,3
2019-2020,TEA_operacional,solo_secundario,E109,3
2019-2020,TEA_operacional,solo_secundario,M7953,3
2019-2020,TEA_operacional,solo_secundario,N921,3
2019-2020,TEA_operacional,solo_secundario,S0210,3
2019-2020,TEA_operacional,solo_secundario,S0250,3
2019-2020,TEA_operacional,solo_secundario,F445,3
2019-2020,TEA_operacional,solo_secundario,R13,3
2019-2020,TEA_operacional,solo_secundario,I861,3
2019-2020,TEA_operacional,solo_secundario,S0620,3
2019-2020,TEA_operacional,solo_secundario,F208,3
2019-2020,TEA_operacional,solo_secundario,R268,3
2019-2020,TEA_operacional,solo_secundario,F900,3
2019-2020,TEA_operacional,solo_secundario,L021,3
2019-2020,TEA_operacional,solo_secundario,N319,3
2019-2020,TEA_operacional,solo_secundario,R55,3
2019-2020,TEA_operacional,solo_secundario,S0690,3
2019-2020,TEA_operacional,solo_secundario,J950,2
2019-2020,TEA_operacional,solo_secundario,T509,2
2019-2020,TEA_operacional,solo_secundario,Z098,2
2019-2020,TEA_operacional,solo_secundario,Z048,2
2019-2020,TEA_operacional,solo_secundario,Q851,2
2019-2020,TEA_operacional,solo_secundario,T450,2
2019-2020,TEA_operacional,solo_secundario,J441,2
2019-2020,TEA_operacional,solo_secundario,T887,2
2019-2020,TEA_operacional,solo_secundario,J459,2
2019-2020,TEA_operacional,solo_secundario,R262,2
2019-2020,TEA_operacional,solo_secundario,T846,2
2019-2020,TEA_operacional,solo_secundario,T814,2
2019-2020,TEA_operacional,solo_secundario,R31,2
2019-2020,TEA_operacional,solo_secundario,T810,2
2019-2020,TEA_operacional,solo_secundario,J90,2
2019-2020,TEA_operacional,solo_secundario,Q753,2
2019-2020,TEA_operacional,solo_secundario,N832,2
2019-2020,TEA_operacional,solo_secundario,N488,2
2019-2020,TEA_operacional,solo_secundario,Q750,2
2019-2020,TEA_operacional,solo_secundario,J00,2
2019-2020,TEA_operacional,solo_secundario,J040,2
2019-2020,TEA_operacional,solo_secundario,Q315,2
2019-2020,TEA_operacional,solo_secundario,Z540,2
2019-2020,TEA_operacional,solo_secundario,Z478,2
2019-2020,TEA_operacional,solo_secundario,Q549,2
2019-2020,TEA_operacional,solo_secundario,Q311,2
2019-2020,TEA_operacional,solo_secundario,Z431,2
2019-2020,TEA_operacional,solo_secundario,J123,2
2019-2020,TEA_operacional,solo_secundario,Q070,2
2019-2020,TEA_operacional,solo_secundario,J13,2
2019-2020,TEA_operacional,solo_secundario,J151,2
2019-2020,TEA_operacional,solo_secundario,Z308,2
2019-2020,TEA_operacional,solo_secundario,J180,2
2019-2020,TEA_operacional,solo_secundario,Q039,2
2019-2020,TEA_operacional,solo_secundario,O993,2
2019-2020,TEA_operacional,solo_secundario,Q667,2
2019-2020,TEA_operacional,solo_secundario,Q668,2
2019-2020,TEA_operacional,solo_secundario,N185,2
2019-2020,TEA_operacional,solo_secundario,J208,2
2019-2020,TEA_operacional,solo_secundario,Q742,2
2019-2020,TEA_operacional,solo_secundario,K011,2
2019-2020,TEA_operacional,solo_secundario,S3671,2
2019-2020,TEA_operacional,solo_secundario,R51,2
2019-2020,TEA_operacional,solo_secundario,N137,2
2019-2020,TEA_operacional,solo_secundario,S619,2
2019-2020,TEA_operacional,solo_secundario,S618,2
2019-2020,TEA_operacional,solo_secundario,S5290,2
2019-2020,TEA_operacional,solo_secundario,Q431,2
2019-2020,TEA_operacional,solo_secundario,S5260,2
2019-2020,TEA_operacional,solo_secundario,M2106,2
2019-2020,TEA_operacional,solo_secundario,K522,2
2019-2020,TEA_operacional,solo_secundario,L519,2
2019-2020,TEA_operacional,solo_secundario,S0280,2
2019-2020,TEA_operacional,solo_secundario,L050,2
2019-2020,TEA_operacional,solo_secundario,S059,2
2019-2020,TEA_operacional,solo_secundario,K625,2
2019-2020,TEA_operacional,solo_secundario,S4230,2
2019-2020,TEA_operacional,solo_secundario,K720,2
2019-2020,TEA_operacional,solo_secundario,L030,2
2019-2020,TEA_operacional,solo_secundario,K769,2
2019-2020,TEA_operacional,solo_secundario,L022,2
2019-2020,TEA_operacional,solo_secundario,K922,2
2019-2020,TEA_operacional,solo_secundario,K810,2
2019-2020,TEA_operacional,solo_secundario,K830,2
2019-2020,TEA_operacional,solo_secundario,K858,2
2019-2020,TEA_operacional,solo_secundario,M303,2
2019-2020,TEA_operacional,solo_secundario,S7200,2
2019-2020,TEA_operacional,solo_secundario,S017,2
2019-2020,TEA_operacional,solo_secundario,N049,2
2019-2020,TEA_operacional,solo_secundario,K025,2
2019-2020,TEA_operacional,solo_secundario,S099,2
2019-2020,TEA_operacional,solo_secundario,T407,2
2019-2020,TEA_operacional,solo_secundario,K036,2
2019-2020,TEA_operacional,solo_secundario,T378,2
2019-2020,TEA_operacional,solo_secundario,K051,2
2019-2020,TEA_operacional,solo_secundario,N136,2
2019-2020,TEA_operacional,solo_secundario,K081,2
2019-2020,TEA_operacional,solo_secundario,T292,2
2019-2020,TEA_operacional,solo_secundario,T222,2
2019-2020,TEA_operacional,solo_secundario,S8210,2
2019-2020,TEA_operacional,solo_secundario,K259,2
2019-2020,TEA_operacional,solo_secundario,K291,2
2019-2020,TEA_operacional,solo_secundario,M9115,2
2019-2020,TEA_operacional,solo_secundario,M673,2
2019-2020,TEA_operacional,solo_secundario,S011,2
2019-2020,TEA_operacional,solo_secundario,K388,2
2019-2020,TEA_operacional,solo_secundario,K403,2
2019-2020,TEA_operacional,solo_secundario,S8230,2
2019-2020,TEA_operacional,solo_secundario,S015,2
2019-2020,TEA_operacional,solo_secundario,S5270,2
2019-2020,TEA_operacional,solo_secundario,K566,2
2019-2020,TEA_operacional,solo_secundario,G824,2
2019-2020,TEA_operacional,solo_secundario,B678,2
2019-2020,TEA_operacional,solo_secundario,F449,2
2019-2020,TEA_operacional,solo_secundario,E43,2
2019-2020,TEA_operacional,solo_secundario,E46,2
2019-2020,TEA_operacional,solo_secundario,E669,2
2019-2020,TEA_operacional,solo_secundario,G911,2
2019-2020,TEA_operacional,solo_secundario,G919,2
2019-2020,TEA_operacional,solo_secundario,F321,2
2019-2020,TEA_operacional,solo_secundario,H269,2
2019-2020,TEA_operacional,solo_secundario,H653,2
2019-2020,TEA_operacional,solo_secundario,F318,2
2019-2020,TEA_operacional,solo_secundario,F311,2
2019-2020,TEA_operacional,solo_secundario,F28,2
2019-2020,TEA_operacional,solo_secundario,F231,2
2019-2020,TEA_operacional,solo_secundario,H508,2
2019-2020,TEA_operacional,solo_secundario,E871,2
2019-2020,TEA_operacional,solo_secundario,H612,2
2019-2020,TEA_operacional,solo_secundario,E161,2
2019-2020,TEA_operacional,solo_secundario,E111,2
2019-2020,TEA_operacional,solo_secundario,G800,2
2019-2020,TEA_operacional,solo_secundario,G710,2
2019-2020,TEA_operacional,solo_secundario,F809,2
2019-2020,TEA_operacional,solo_secundario,F842,2
2019-2020,TEA_operacional,solo_secundario,F89,2
2019-2020,TEA_operacional,solo_secundario,F988,2
2019-2020,TEA_operacional,solo_secundario,F192,2
2019-2020,TEA_operacional,solo_secundario,G060,2
2019-2020,TEA_operacional,solo_secundario,D227,2
2019-2020,TEA_operacional,solo_secundario,D225,2
2019-2020,TEA_operacional,solo_secundario,D180,2
2019-2020,TEA_operacional,solo_secundario,D692,2
2019-2020,TEA_operacional,solo_secundario,D164,2
2019-2020,TEA_operacional,solo_secundario,G402,2
2019-2020,TEA_operacional,solo_secundario,G448,2
2019-2020,TEA_operacional,solo_secundario,G610,2
2019-2020,TEA_operacional,solo_secundario,C73,2
2019-2020,TEA_operacional,solo_secundario,F230,2
2019-2020,TEA_operacional,solo_secundario,D410,2
2019-2020,TEA_operacional,solo_secundario,I471,2
2019-2020,TEA_operacional,solo_secundario,I615,2
2019-2020,TEA_operacional,solo_secundario,B002,2
2019-2020,TEA_operacional,solo_secundario,I479,2
2019-2020,TEA_operacional,solo_secundario,A047,2
2019-2020,TEA_operacional,solo_secundario,I210,2
2019-2020,TEA_operacional,solo_secundario,H918,2
2019-2020,TEA_operacional,solo_secundario,A281,2
2019-2020,TEA_operacional,solo_secundario,F061,2
2019-2020,TEA_operacional,solo_secundario,A020,2
2019-2020,TEA_operacional,solo_secundario,A083,2
2019-2020,TEA_operacional,solo_secundario,H669,2
2019-2020,TEA_operacional,solo_secundario,A082,2
2019-2020,TEA_operacional,solo_secundario,I608,2
2019-2020,TEA_operacional,solo_secundario,S117,1
2019-2020,TEA_operacional,solo_secundario,S241,1
2019-2020,TEA_operacional,solo_secundario,S0230,1
2019-2020,TEA_operacional,solo_secundario,F070,1
2019-2020,TEA_operacional,solo_secundario,D763,1
2019-2020,TEA_operacional,solo_secundario,S202,1
2019-2020,TEA_operacional,solo_secundario,S1200,1
2019-2020,TEA_operacional,solo_secundario,S119,1
2019-2020,TEA_operacional,solo_secundario,S058,1
2019-2020,TEA_operacional,solo_secundario,D695,1
2019-2020,TEA_operacional,solo_secundario,D681,1
2019-2020,TEA_operacional,solo_secundario,S090,1
2019-2020,TEA_operacional,solo_secundario,F063,1
2019-2020,TEA_operacional,solo_secundario,S0260,1
2019-2020,TEA_operacional,solo_secundario,S2781,1
2019-2020,TEA_operacional,solo_secundario,S0680,1
2019-2020,TEA_operacional,solo_secundario,S0650,1
2019-2020,TEA_operacional,solo_secundario,S0630,1
2019-2020,TEA_operacional,solo_secundario,D693,1
2019-2020,TEA_operacional,solo_secundario,D733,1
2019-2020,TEA_operacional,solo_secundario,S2701,1
2019-2020,TEA_operacional,solo_secundario,S3611,1
2019-2020,TEA_operacional,solo_secundario,S299,1
2019-2020,TEA_operacional,solo_secundario,S517,1
2019-2020,TEA_operacional,solo_secundario,D434,1
2019-2020,TEA_operacional,solo_secundario,D443,1
2019-2020,TEA_operacional,solo_secundario,D481,1
2019-2020,TEA_operacional,solo_secundario,Q388,1
2019-2020,TEA_operacional,solo_secundario,D485,1
2019-2020,TEA_operacional,solo_secundario,S5220,1
2019-2020,TEA_operacional,solo_secundario,Q390,1
2019-2020,TEA_operacional,solo_secundario,Q400,1
2019-2020,TEA_operacional,solo_secundario,D487,1
2019-2020,TEA_operacional,solo_secundario,D500,1
2019-2020,TEA_operacional,solo_secundario,S519,1
2019-2020,TEA_operacional,solo_secundario,S518,1
2019-2020,TEA_operacional,solo_secundario,D508,1
2019-2020,TEA_operacional,solo_secundario,S310,1
2019-2020,TEA_operacional,solo_secundario,D509,1
2019-2020,TEA_operacional,solo_secundario,D589,1
2019-2020,TEA_operacional,solo_secundario,Q430,1
2019-2020,TEA_operacional,solo_secundario,S4200,1
2019-2020,TEA_operacional,solo_secundario,S417,1
2019-2020,TEA_operacional,solo_secundario,S411,1
2019-2020,TEA_operacional,solo_secundario,S410,1
2019-2020,TEA_operacional,solo_secundario,S399,1
2019-2020,TEA_operacional,solo_secundario,F121,1
2019-2020,TEA_operacional,solo_secundario,S398,1
2019-2020,TEA_operacional,solo_secundario,Q505,1
2019-2020,TEA_operacional,solo_secundario,D67,1
2019-2020,TEA_operacional,solo_secundario,S0220,1
2019-2020,TEA_operacional,solo_secundario,Q729,1
2019-2020,TEA_operacional,solo_secundario,D801,1
2019-2020,TEA_operacional,solo_secundario,Q909,1
2019-2020,TEA_operacional,solo_secundario,E835,1
2019-2020,TEA_operacional,solo_secundario,E870,1
2019-2020,TEA_operacional,solo_secundario,Q666,1
2019-2020,TEA_operacional,solo_secundario,R100,1
2019-2020,TEA_operacional,solo_secundario,E890,1
2019-2020,TEA_operacional,solo_secundario,R068,1
2019-2020,TEA_operacional,solo_secundario,E889,1
2019-2020,TEA_operacional,solo_secundario,Q675,1
2019-2020,TEA_operacional,solo_secundario,R040,1
2019-2020,TEA_operacional,solo_secundario,Q998,1
2019-2020,TEA_operacional,solo_secundario,Q935,1
2019-2020,TEA_operacional,solo_secundario,Q929,1
2019-2020,TEA_operacional,solo_secundario,Q893,1
2019-2020,TEA_operacional,solo_secundario,S0201,1
2019-2020,TEA_operacional,solo_secundario,Q892,1
2019-2020,TEA_operacional,solo_secundario,Q873,1
2019-2020,TEA_operacional,solo_secundario,Q676,1
2019-2020,TEA_operacional,solo_secundario,Q682,1
2019-2020,TEA_operacional,solo_secundario,Q690,1
2019-2020,TEA_operacional,solo_secundario,Q822,1
2019-2020,TEA_operacional,solo_secundario,Q759,1
2019-2020,TEA_operacional,solo_secundario,Q691,1
2019-2020,TEA_operacional,solo_secundario,E872,1
2019-2020,TEA_operacional,solo_secundario,E875,1
2019-2020,TEA_operacional,solo_secundario,Q692,1
2019-2020,TEA_operacional,solo_secundario,E876,1
2019-2020,TEA_operacional,solo_secundario,E830,1
2019-2020,TEA_operacional,solo_secundario,R258,1
2019-2020,TEA_operacional,solo_secundario,E761,1
2019-2020,TEA_operacional,solo_secundario,E760,1
2019-2020,TEA_operacional,solo_secundario,Q740,1
2019-2020,TEA_operacional,solo_secundario,S0200,1
2019-2020,TEA_operacional,solo_secundario,S018,1
2019-2020,TEA_operacional,solo_secundario,D821,1
2019-2020,TEA_operacional,solo_secundario,E106,1
2019-2020,TEA_operacional,solo_secundario,S012,1
2019-2020,TEA_operacional,solo_secundario,Q541,1
2019-2020,TEA_operacional,solo_secundario,E115,1
2019-2020,TEA_operacional,solo_secundario,R620,1
2019-2020,TEA_operacional,solo_secundario,R599,1
2019-2020,TEA_operacional,solo_secundario,R572,1
2019-2020,TEA_operacional,solo_secundario,E141,1
2019-2020,TEA_operacional,solo_secundario,Q542,1
2019-2020,TEA_operacional,solo_secundario,E230,1
2019-2020,TEA_operacional,solo_secundario,E301,1
2019-2020,TEA_operacional,solo_secundario,F059,1
2019-2020,TEA_operacional,solo_secundario,R508,1
2019-2020,TEA_operacional,solo_secundario,R490,1
2019-2020,TEA_operacional,solo_secundario,D430,1
2019-2020,TEA_operacional,solo_secundario,Q650,1
2019-2020,TEA_operacional,solo_secundario,Q658,1
2019-2020,TEA_operacional,solo_secundario,R391,1
2019-2020,TEA_operacional,solo_secundario,R32,1
2019-2020,TEA_operacional,solo_secundario,E722,1
2019-2020,TEA_operacional,solo_secundario,F058,1
2019-2020,TEA_operacional,solo_secundario,I802,1
2019-2020,TEA_operacional,solo_secundario,S7231,1
2019-2020,TEA_operacional,solo_secundario,S5280,1
2019-2020,TEA_operacional,solo_secundario,T780,1
2019-2020,TEA_operacional,solo_secundario,T864,1
2019-2020,TEA_operacional,solo_secundario,T857,1
2019-2020,TEA_operacional,solo_secundario,T856,1
2019-2020,TEA_operacional,solo_secundario,B206,1
2019-2020,TEA_operacional,solo_secundario,B269,1
2019-2020,TEA_operacional,solo_secundario,T842,1
2019-2020,TEA_operacional,solo_secundario,T827,1
2019-2020,TEA_operacional,solo_secundario,T818,1
2019-2020,TEA_operacional,solo_secundario,T815,1
2019-2020,TEA_operacional,solo_secundario,B270,1
2019-2020,TEA_operacional,solo_secundario,T813,1
2019-2020,TEA_operacional,solo_secundario,B271,1
2019-2020,TEA_operacional,solo_secundario,T784,1
2019-2020,TEA_operacional,solo_secundario,B348,1
2019-2020,TEA_operacional,solo_secundario,B99,1
2019-2020,TEA_operacional,solo_secundario,T742,1
2019-2020,TEA_operacional,solo_secundario,T658,1
2019-2020,TEA_operacional,solo_secundario,T604,1
2019-2020,TEA_operacional,solo_secundario,T600,1
2019-2020,TEA_operacional,solo_secundario,T58,1
2019-2020,TEA_operacional,solo_secundario,T511,1
2019-2020,TEA_operacional,solo_secundario,T510,1
2019-2020,TEA_operacional,solo_secundario,B679,1
2019-2020,TEA_operacional,solo_secundario,T505,1
2019-2020,TEA_operacional,solo_secundario,T490,1
2019-2020,TEA_operacional,solo_secundario,T466,1
2019-2020,TEA_operacional,solo_secundario,T465,1
2019-2020,TEA_operacional,solo_secundario,T461,1
2019-2020,TEA_operacional,solo_secundario,T874,1
2019-2020,TEA_operacional,solo_secundario,B179,1
2019-2020,TEA_operacional,solo_secundario,T983,1
2019-2020,TEA_operacional,solo_secundario,B169,1
2019-2020,TEA_operacional,solo_secundario,Z915,1
2019-2020,TEA_operacional,solo_secundario,Z763,1
2019-2020,TEA_operacional,principal_y_secundario,F845,1
2019-2020,TEA_operacional,solo_secundario,Z514,1
2019-2020,TEA_operacional,solo_secundario,A021,1
2019-2020,TEA_operacional,solo_secundario,A031,1
2019-2020,TEA_operacional,solo_secundario,Z465,1
2019-2020,TEA_operacional,solo_secundario,Z450,1
2019-2020,TEA_operacional,solo_secundario,A058,1
2019-2020,TEA_operacional,solo_secundario,A150,1
2019-2020,TEA_operacional,solo_secundario,Z304,1
2019-2020,TEA_operacional,solo_secundario,Z302,1
2019-2020,TEA_operacional,solo_secundario,A448,1
2019-2020,TEA_operacional,solo_secundario,A879,1
2019-2020,TEA_operacional,solo_secundario,Z122,1
2019-2020,TEA_operacional,solo_secundario,B018,1
2019-2020,TEA_operacional,solo_secundario,Z087,1
2019-2020,TEA_operacional,solo_secundario,Z082,1
2019-2020,TEA_operacional,solo_secundario,B019,1
2019-2020,TEA_operacional,solo_secundario,B028,1
2019-2020,TEA_operacional,solo_secundario,B07,1
2019-2020,TEA_operacional,solo_secundario,Z031,1
2019-2020,TEA_operacional,solo_secundario,Z018,1
2019-2020,TEA_operacional,solo_secundario,B09,1
2019-2020,TEA_operacional,solo_secundario,Z015,1
2019-2020,TEA_operacional,solo_secundario,Z011,1
2019-2020,TEA_operacional,solo_secundario,B159,1
2019-2020,TEA_operacional,solo_secundario,T451,1
2019-2020,TEA_operacional,solo_secundario,T447,1
2019-2020,TEA_operacional,solo_secundario,S5291,1
2019-2020,TEA_operacional,solo_secundario,D235,1
2019-2020,TEA_operacional,solo_secundario,D177,1
2019-2020,TEA_operacional,solo_secundario,T179,1
2019-2020,TEA_operacional,solo_secundario,T178,1
2019-2020,TEA_operacional,solo_secundario,T150,1
2019-2020,TEA_operacional,solo_secundario,T141,1
2019-2020,TEA_operacional,solo_secundario,T135,1
2019-2020,TEA_operacional,solo_secundario,T068,1
2019-2020,TEA_operacional,solo_secundario,T009,1
2019-2020,TEA_operacional,solo_secundario,S903,1
2019-2020,TEA_operacional,solo_secundario,S830,1
2019-2020,TEA_operacional,solo_secundario,S8250,1
2019-2020,TEA_operacional,solo_secundario,D232,1
2019-2020,TEA_operacional,solo_secundario,D233,1
2019-2020,TEA_operacional,solo_secundario,S810,1
2019-2020,TEA_operacional,solo_secundario,T443,1
2019-2020,TEA_operacional,solo_secundario,S7240,1
2019-2020,TEA_operacional,solo_secundario,D236,1
2019-2020,TEA_operacional,solo_secundario,S7220,1
2019-2020,TEA_operacional,solo_secundario,D320,1
2019-2020,TEA_operacional,solo_secundario,S701,1
2019-2020,TEA_operacional,solo_secundario,S682,1
2019-2020,TEA_operacional,solo_secundario,S681,1
2019-2020,TEA_operacional,solo_secundario,D330,1
2019-2020,TEA_operacional,solo_secundario,S6260,1
2019-2020,TEA_operacional,solo_secundario,S6251,1
2019-2020,TEA_operacional,solo_secundario,D34,1
2019-2020,TEA_operacional,solo_secundario,D381,1
2019-2020,TEA_operacional,solo_secundario,S610,1
2019-2020,TEA_operacional,solo_secundario,T182,1
2019-2020,TEA_operacional,solo_secundario,T184,1
2019-2020,TEA_operacional,solo_secundario,T189,1
2019-2020,TEA_operacional,solo_secundario,T201,1
2019-2020,TEA_operacional,solo_secundario,T436,1
2019-2020,TEA_operacional,solo_secundario,C159,1
2019-2020,TEA_operacional,solo_secundario,C189,1
2019-2020,TEA_operacional,solo_secundario,C341,1
2019-2020,TEA_operacional,solo_secundario,C349,1
2019-2020,TEA_operacional,solo_secundario,T430,1
2019-2020,TEA_operacional,solo_secundario,T427,1
2019-2020,TEA_operacional,solo_secundario,C444,1
2019-2020,TEA_operacional,solo_secundario,C504,1
2019-2020,TEA_operacional,solo_secundario,T421,1
2019-2020,TEA_operacional,solo_secundario,C710,1
2019-2020,TEA_operacional,solo_secundario,T405,1
2019-2020,TEA_operacional,solo_secundario,T402,1
2019-2020,TEA_operacional,solo_secundario,C719,1
2019-2020,TEA_operacional,solo_secundario,C753,1
2019-2020,TEA_operacional,solo_secundario,T361,1
2019-2020,TEA_operacional,solo_secundario,C920,1
2019-2020,TEA_operacional,solo_secundario,T291,1
2019-2020,TEA_operacional,solo_secundario,T290,1
2019-2020,TEA_operacional,solo_secundario,T253,1
2019-2020,TEA_operacional,solo_secundario,T242,1
2019-2020,TEA_operacional,solo_secundario,T233,1
2019-2020,TEA_operacional,solo_secundario,C929,1
2019-2020,TEA_operacional,solo_secundario,T230,1
2019-2020,TEA_operacional,solo_secundario,T223,1
2019-2020,TEA_operacional,solo_secundario,D037,1
2019-2020,TEA_operacional,solo_secundario,D161,1
2019-2020,TEA_operacional,solo_secundario,Q383,1
2019-2020,TEA_operacional,solo_secundario,Q213,1
2019-2020,TEA_operacional,solo_secundario,Q379,1
2019-2020,TEA_operacional,solo_secundario,F942,1
2019-2020,TEA_operacional,solo_secundario,K419,1
2019-2020,TEA_operacional,solo_secundario,G412,1
2019-2020,TEA_operacional,solo_secundario,G438,1
2019-2020,TEA_operacional,solo_secundario,K402,1
2019-2020,TEA_operacional,solo_secundario,G478,1
2019-2020,TEA_operacional,solo_secundario,G479,1
2019-2020,TEA_operacional,solo_secundario,G629,1
2019-2020,TEA_operacional,solo_secundario,K299,1
2019-2020,TEA_operacional,solo_secundario,K297,1
2019-2020,TEA_operacional,solo_secundario,G711,1
2019-2020,TEA_operacional,solo_secundario,K222,1
2019-2020,TEA_operacional,solo_secundario,G801,1
2019-2020,TEA_operacional,solo_secundario,G808,1
2019-2020,TEA_operacional,solo_secundario,K123,1
2019-2020,TEA_operacional,solo_secundario,G809,1
2019-2020,TEA_operacional,solo_secundario,K117,1
2019-2020,TEA_operacional,solo_secundario,K113,1
2019-2020,TEA_operacional,solo_secundario,K112,1
2019-2020,TEA_operacional,solo_secundario,K108,1
2019-2020,TEA_operacional,solo_secundario,K102,1
2019-2020,TEA_operacional,solo_secundario,K092,1
2019-2020,TEA_operacional,solo_secundario,K083,1
2019-2020,TEA_operacional,solo_secundario,G820,1
2019-2020,TEA_operacional,solo_secundario,K076,1
2019-2020,TEA_operacional,solo_secundario,K073,1
2019-2020,TEA_operacional,solo_secundario,G822,1
2019-2020,TEA_operacional,solo_secundario,K052,1
2019-2020,TEA_operacional,solo_secundario,K048,1
2019-2020,TEA_operacional,solo_secundario,G910,1
2019-2020,TEA_operacional,solo_secundario,G405,1
2019-2020,TEA_operacional,solo_secundario,K500,1
2019-2020,TEA_operacional,solo_secundario,G373,1
2019-2020,TEA_operacional,solo_secundario,G119,1
2019-2020,TEA_operacional,solo_secundario,K808,1
2019-2020,TEA_operacional,solo_secundario,F989,1
2019-2020,TEA_operacional,solo_secundario,G001,1
2019-2020,TEA_operacional,solo_secundario,G002,1
2019-2020,TEA_operacional,solo_secundario,G040,1
2019-2020,TEA_operacional,solo_secundario,K759,1
2019-2020,TEA_operacional,solo_secundario,K754,1
2019-2020,TEA_operacional,solo_secundario,K739,1
2019-2020,TEA_operacional,solo_secundario,K659,1
2019-2020,TEA_operacional,solo_secundario,G062,1
2019-2020,TEA_operacional,solo_secundario,K649,1
2019-2020,TEA_operacional,solo_secundario,K635,1
2019-2020,TEA_operacional,solo_secundario,K632,1
2019-2020,TEA_operacional,solo_secundario,K621,1
2019-2020,TEA_operacional,solo_secundario,G319,1
2019-2020,TEA_operacional,solo_secundario,K610,1
2019-2020,TEA_operacional,solo_secundario,K605,1
2019-2020,TEA_operacional,solo_secundario,K602,1
2019-2020,TEA_operacional,solo_secundario,K593,1
2019-2020,TEA_operacional,solo_secundario,G121,1
2019-2020,TEA_operacional,solo_secundario,K589,1
2019-2020,TEA_operacional,solo_secundario,G210,1
2019-2020,TEA_operacional,solo_secundario,K565,1
2019-2020,TEA_operacional,solo_secundario,G240,1
2019-2020,TEA_operacional,solo_secundario,K560,1
2019-2020,TEA_operacional,solo_secundario,K550,1
2019-2020,TEA_operacional,solo_secundario,G248,1
2019-2020,TEA_operacional,solo_secundario,G318,1
2019-2020,TEA_operacional,solo_secundario,K046,1
2019-2020,TEA_operacional,solo_secundario,K044,1
2019-2020,TEA_operacional,solo_secundario,G918,1
2019-2020,TEA_operacional,solo_secundario,I441,1
2019-2020,TEA_operacional,solo_secundario,J329,1
2019-2020,TEA_operacional,solo_secundario,J304,1
2019-2020,TEA_operacional,solo_secundario,J211,1
2019-2020,TEA_operacional,solo_secundario,H71,1
2019-2020,TEA_operacional,solo_secundario,H900,1
2019-2020,TEA_operacional,solo_secundario,H903,1
2019-2020,TEA_operacional,solo_secundario,H905,1
2019-2020,TEA_operacional,solo_secundario,I211,1
2019-2020,TEA_operacional,solo_secundario,I269,1
2019-2020,TEA_operacional,solo_secundario,I270,1
2019-2020,TEA_operacional,solo_secundario,I351,1
2019-2020,TEA_operacional,solo_secundario,J158,1
2019-2020,TEA_operacional,solo_secundario,J157,1
2019-2020,TEA_operacional,solo_secundario,I442,1
2019-2020,TEA_operacional,solo_secundario,J343,1
2019-2020,TEA_operacional,solo_secundario,I469,1
2019-2020,TEA_operacional,solo_secundario,I472,1
2019-2020,TEA_operacional,solo_secundario,I619,1
2019-2020,TEA_operacional,solo_secundario,I620,1
2019-2020,TEA_operacional,solo_secundario,I629,1
2019-2020,TEA_operacional,solo_secundario,I638,1
2019-2020,TEA_operacional,solo_secundario,J050,1
2019-2020,TEA_operacional,solo_secundario,I679,1
2019-2020,TEA_operacional,solo_secundario,J039,1
2019-2020,TEA_operacional,solo_secundario,J029,1
2019-2020,TEA_operacional,solo_secundario,J028,1
2019-2020,TEA_operacional,solo_secundario,I776,1
2019-2020,TEA_operacional,solo_secundario,I889,1
2019-2020,TEA_operacional,solo_secundario,H700,1
2019-2020,TEA_operacional,solo_secundario,H663,1
2019-2020,TEA_operacional,solo_secundario,G931,1
2019-2020,TEA_operacional,solo_secundario,J869,1
2019-2020,TEA_operacional,solo_secundario,K023,1
2019-2020,TEA_operacional,solo_secundario,G978,1
2019-2020,TEA_operacional,solo_secundario,H043,1
2019-2020,TEA_operacional,solo_secundario,H105,1
2019-2020,TEA_operacional,solo_secundario,H188,1
2019-2020,TEA_operacional,solo_secundario,J984,1
2019-2020,TEA_operacional,solo_secundario,H268,1
2019-2020,TEA_operacional,solo_secundario,H332,1
2019-2020,TEA_operacional,solo_secundario,H428,1
2019-2020,TEA_operacional,solo_secundario,H46,1
2019-2020,TEA_operacional,solo_secundario,J939,1
2019-2020,TEA_operacional,solo_secundario,J931,1
2019-2020,TEA_operacional,solo_secundario,H471,1
2019-2020,TEA_operacional,solo_secundario,J851,1
2019-2020,TEA_operacional,solo_secundario,H659,1
2019-2020,TEA_operacional,solo_secundario,J850,1
2019-2020,TEA_operacional,solo_secundario,J849,1
2019-2020,TEA_operacional,solo_secundario,J81,1
2019-2020,TEA_operacional,solo_secundario,J698,1
2019-2020,TEA_operacional,solo_secundario,H493,1
2019-2020,TEA_operacional,solo_secundario,J47,1
2019-2020,TEA_operacional,solo_secundario,H55,1
2019-2020,TEA_operacional,solo_secundario,J449,1
2019-2020,TEA_operacional,solo_secundario,J448,1
2019-2020,TEA_operacional,solo_secundario,J42,1
2019-2020,TEA_operacional,solo_secundario,J40,1
2019-2020,TEA_operacional,solo_secundario,J398,1
2019-2020,TEA_operacional,solo_secundario,J36,1
2019-2020,TEA_operacional,solo_secundario,F982,1
2019-2020,TEA_operacional,solo_secundario,K853,1
2019-2020,TEA_operacional,solo_secundario,Q370,1
2019-2020,TEA_operacional,solo_secundario,F938,1
2019-2020,TEA_operacional,solo_secundario,O701,1
2019-2020,TEA_operacional,solo_secundario,O680,1
2019-2020,TEA_operacional,solo_secundario,O420,1
2019-2020,TEA_operacional,solo_secundario,O244,1
2019-2020,TEA_operacional,solo_secundario,N922,1
2019-2020,TEA_operacional,solo_secundario,F232,1
2019-2020,TEA_operacional,solo_secundario,N906,1
2019-2020,TEA_operacional,solo_secundario,N508,1
2019-2020,TEA_operacional,solo_secundario,N483,1
2019-2020,TEA_operacional,solo_secundario,F331,1
2019-2020,TEA_operacional,solo_secundario,N433,1
2019-2020,TEA_operacional,solo_secundario,N392,1
2019-2020,TEA_operacional,solo_secundario,F402,1
2019-2020,TEA_operacional,solo_secundario,F410,1
2019-2020,TEA_operacional,solo_secundario,N312,1
2019-2020,TEA_operacional,solo_secundario,F411,1
2019-2020,TEA_operacional,solo_secundario,N183,1
2019-2020,TEA_operacional,solo_secundario,F418,1
2019-2020,TEA_operacional,solo_secundario,N178,1
2019-2020,TEA_operacional,solo_secundario,N138,1
2019-2020,TEA_operacional,solo_secundario,F420,1
2019-2020,TEA_operacional,solo_secundario,F444,1
2019-2020,TEA_operacional,solo_secundario,N110,1
2019-2020,TEA_operacional,solo_secundario,F450,1
2019-2020,TEA_operacional,solo_secundario,N048,1
2019-2020,TEA_operacional,solo_secundario,N041,1
2019-2020,TEA_operacional,solo_secundario,M9486,1
2019-2020,TEA_operacional,solo_secundario,F452,1
2019-2020,TEA_operacional,solo_secundario,M8793,1
2019-2020,TEA_operacional,solo_secundario,O800,1
2019-2020,TEA_operacional,solo_secundario,P285,1
2019-2020,TEA_operacional,solo_secundario,P289,1
2019-2020,TEA_operacional,solo_secundario,I888,1
2019-2020,TEA_operacional,solo_secundario,Q321,1
2019-2020,TEA_operacional,solo_secundario,F195,1
2019-2020,TEA_operacional,solo_secundario,F202,1
2019-2020,TEA_operacional,solo_secundario,Q289,1
2019-2020,TEA_operacional,solo_secundario,Q282,1
2019-2020,TEA_operacional,solo_secundario,Q256,1
2019-2020,TEA_operacional,solo_secundario,Q250,1
2019-2020,TEA_operacional,solo_secundario,Q249,1
2019-2020,TEA_operacional,solo_secundario,Q245,1
2019-2020,TEA_operacional,solo_secundario,Q234,1
2019-2020,TEA_operacional,solo_secundario,Q231,1
2019-2020,TEA_operacional,solo_secundario,Q229,1
2019-2020,TEA_operacional,solo_secundario,Q225,1
2019-2020,TEA_operacional,solo_secundario,Q212,1
2019-2020,TEA_operacional,solo_secundario,P835,1
2019-2020,TEA_operacional,solo_secundario,Q211,1
2019-2020,TEA_operacional,solo_secundario,Q210,1
2019-2020,TEA_operacional,solo_secundario,F203,1
2019-2020,TEA_operacional,solo_secundario,Q201,1
2019-2020,TEA_operacional,solo_secundario,Q181,1
2019-2020,TEA_operacional,solo_secundario,Q150,1
2019-2020,TEA_operacional,solo_secundario,Q111,1
2019-2020,TEA_operacional,solo_secundario,Q100,1
2019-2020,TEA_operacional,solo_secundario,F205,1
2019-2020,TEA_operacional,solo_secundario,Q052,1
2019-2020,TEA_operacional,solo_secundario,Q046,1
2019-2020,TEA_operacional,solo_secundario,Q018,1
2019-2020,TEA_operacional,solo_secundario,P942,1
2019-2020,TEA_operacional,solo_secundario,M8725,1
2019-2020,TEA_operacional,solo_secundario,M8695,1
2019-2020,TEA_operacional,solo_secundario,M8690,1
2019-2020,TEA_operacional,solo_secundario,L088,1
2019-2020,TEA_operacional,solo_secundario,L929,1
2019-2020,TEA_operacional,solo_secundario,L902,1
2019-2020,TEA_operacional,solo_secundario,L83,1
2019-2020,TEA_operacional,solo_secundario,L732,1
2019-2020,TEA_operacional,solo_secundario,L728,1
2019-2020,TEA_operacional,solo_secundario,L720,1
2019-2020,TEA_operacional,solo_secundario,F709,1
2019-2020,TEA_operacional,solo_secundario,L539,1
2019-2020,TEA_operacional,solo_secundario,L52,1
2019-2020,TEA_operacional,solo_secundario,F711,1
2019-2020,TEA_operacional,solo_secundario,L518,1
2019-2020,TEA_operacional,solo_secundario,L509,1
2019-2020,TEA_operacional,solo_secundario,L282,1
2019-2020,TEA_operacional,solo_secundario,L080,1
2019-2020,TEA_operacional,solo_secundario,M0095,1
2019-2020,TEA_operacional,solo_secundario,F718,1
2019-2020,TEA_operacional,solo_secundario,F729,1
2019-2020,TEA_operacional,solo_secundario,F731,1
2019-2020,TEA_operacional,solo_secundario,L033,1
2019-2020,TEA_operacional,solo_secundario,L032,1
2019-2020,TEA_operacional,solo_secundario,F739,1
2019-2020,TEA_operacional,solo_secundario,F799,1
2019-2020,TEA_operacional,solo_secundario,L029,1
2019-2020,TEA_operacional,solo_secundario,F800,1
2019-2020,TEA_operacional,solo_secundario,L010,1
2019-2020,TEA_operacional,solo_secundario,K929,1
2019-2020,TEA_operacional,solo_secundario,F913,1
2019-2020,TEA_operacional,solo_secundario,F929,1
2019-2020,TEA_operacional,solo_secundario,L984,1
2019-2020,TEA_operacional,solo_secundario,M0236,1
2019-2020,TEA_operacional,solo_secundario,M8618,1
2019-2020,TEA_operacional,solo_secundario,M4144,1
2019-2020,TEA_operacional,solo_secundario,M8589,1
2019-2020,TEA_operacional,solo_secundario,M8565,1
2019-2020,TEA_operacional,solo_secundario,M8407,1
2019-2020,TEA_operacional,solo_secundario,M7966,1
2019-2020,TEA_operacional,solo_secundario,M7958,1
2019-2020,TEA_operacional,solo_secundario,F500,1
2019-2020,TEA_operacional,solo_secundario,M7248,1
2019-2020,TEA_operacional,solo_secundario,M7046,1
2019-2020,TEA_operacional,solo_secundario,F505,1
2019-2020,TEA_operacional,solo_secundario,M6594,1
2019-2020,TEA_operacional,solo_secundario,M4646,1
2019-2020,TEA_operacional,solo_secundario,M4618,1
2019-2020,TEA_operacional,solo_secundario,F608,1
2019-2020,TEA_operacional,solo_secundario,M4140,1
2019-2020,TEA_operacional,solo_secundario,M201,1
2019-2020,TEA_operacional,solo_secundario,M4125,1
2019-2020,TEA_operacional,solo_secundario,F61,1
2019-2020,TEA_operacional,solo_secundario,M4105,1
2019-2020,TEA_operacional,solo_secundario,M321,1
2019-2020,TEA_operacional,solo_secundario,M313,1
2019-2020,TEA_operacional,solo_secundario,F638,1
2019-2020,TEA_operacional,solo_secundario,M2446,1
2019-2020,TEA_operacional,solo_secundario,M2445,1
2019-2020,TEA_operacional,solo_secundario,M2329,1
2019-2020,TEA_operacional,solo_secundario,M2319,1
2019-2020,TEA_operacional,solo_secundario,F639,1
2019-2020,TEA_operacional,solo_secundario,F701,1
2019-2020,TEA_operacional,solo_secundario,M2105,1
2019-2020,TEA_operacional,solo_secundario,Z916,1
2019-2020,F84_historico,principal,F840,159
2019-2020,F84_historico,solo_secundario,G409,129
2019-2020,F84_historico,solo_secundario,K029,112
2019-2020,F84_historico,solo_secundario,N47,93
2019-2020,F84_historico,solo_secundario,K358,90
2019-2020,F84_historico,solo_secundario,J353,62
2019-2020,F84_historico,solo_secundario,Z518,50
2019-2020,F84_historico,solo_secundario,R568,38
2019-2020,F84_historico,solo_secundario,K353,36
2019-2020,F84_historico,solo_secundario,K028,34
2019-2020,F84_historico,solo_secundario,J159,28
2019-2020,F84_historico,principal,F841,26
2019-2020,F84_historico,solo_secundario,J209,26
2019-2020,F84_historico,solo_secundario,A099,26
2019-2020,F84_historico,solo_secundario,G403,25
2019-2020,F84_historico,principal,F845,25
2019-2020,F84_historico,solo_secundario,K122,24
2019-2020,F84_historico,solo_secundario,K352,24
2019-2020,F84_historico,solo_secundario,J129,23
2019-2020,F84_historico,solo_secundario,Z038,22
2019-2020,F84_historico,solo_secundario,J46,21
2019-2020,F84_historico,solo_secundario,G408,21
2019-2020,F84_historico,solo_secundario,J121,20
2019-2020,F84_historico,solo_secundario,G404,20
2019-2020,F84_historico,solo_secundario,Z138,19
2019-2020,F84_historico,solo_secundario,K590,19
2019-2020,F84_historico,solo_secundario,N10,19
2019-2020,F84_historico,solo_secundario,K010,19
2019-2020,F84_historico,solo_secundario,Z134,19
2019-2020,F84_historico,solo_secundario,J189,18
2019-2020,F84_historico,solo_secundario,E101,18
2019-2020,F84_historico,solo_secundario,S4240,17
2019-2020,F84_historico,solo_secundario,DESCONOCIDO,17
2019-2020,F84_historico,solo_secundario,F322,16
2019-2020,F84_historico,solo_secundario,N390,16
2019-2020,F84_historico,principal,F848,15
2019-2020,F84_historico,solo_secundario,Q531,15
2019-2020,F84_historico,solo_secundario,F919,15
2019-2020,F84_historico,solo_secundario,J351,15
2019-2020,F84_historico,solo_secundario,T435,14
2019-2020,F84_historico,solo_secundario,F239,14
2019-2020,F84_historico,solo_secundario,G401,14
2019-2020,F84_historico,solo_secundario,K021,14
2019-2020,F84_historico,principal,F849,13
2019-2020,F84_historico,solo_secundario,A080,12
2019-2020,F84_historico,solo_secundario,F29,12
2019-2020,F84_historico,solo_secundario,Z470,12
2019-2020,F84_historico,solo_secundario,F432,12
2019-2020,F84_historico,solo_secundario,A090,11
2019-2020,F84_historico,solo_secundario,R458,11
2019-2020,F84_historico,solo_secundario,K564,11
2019-2020,F84_historico,solo_secundario,R560,11
2019-2020,F84_historico,solo_secundario,Q532,11
2019-2020,F84_historico,solo_secundario,F323,10
2019-2020,F84_historico,solo_secundario,Z511,10
2019-2020,F84_historico,principal,F842,10
2019-2020,F84_historico,solo_secundario,M4145,10
2019-2020,F84_historico,solo_secundario,L031,10
2019-2020,F84_historico,solo_secundario,J960,9
2019-2020,F84_historico,solo_secundario,T432,9
2019-2020,F84_historico,solo_secundario,S8280,8
2019-2020,F84_historico,solo_secundario,D70,8
2019-2020,F84_historico,solo_secundario,F329,8
2019-2020,F84_historico,solo_secundario,J690,8
2019-2020,F84_historico,solo_secundario,J100,8
2019-2020,F84_historico,solo_secundario,L600,8
2019-2020,F84_historico,solo_secundario,T424,8
2019-2020,F84_historico,solo_secundario,G419,8
2019-2020,F84_historico,solo_secundario,N44,8
2019-2020,F84_historico,solo_secundario,F918,8
2019-2020,F84_historico,solo_secundario,G410,7
2019-2020,F84_historico,solo_secundario,K802,7
2019-2020,F84_historico,solo_secundario,G418,7
2019-2020,F84_historico,solo_secundario,F209,7
2019-2020,F84_historico,solo_secundario,Q381,7
2019-2020,F84_historico,solo_secundario,C910,7
2019-2020,F84_historico,solo_secundario,T434,7
2019-2020,F84_historico,solo_secundario,J128,7
2019-2020,F84_historico,solo_secundario,R104,7
2019-2020,F84_historico,solo_secundario,R451,7
2019-2020,F84_historico,solo_secundario,F238,6
2019-2020,F84_historico,solo_secundario,K800,6
2019-2020,F84_historico,solo_secundario,K409,6
2019-2020,F84_historico,solo_secundario,Z016,6
2019-2020,F84_historico,solo_secundario,N179,6
2019-2020,F84_historico,solo_secundario,K219,6
2019-2020,F84_historico,solo_secundario,T433,6
2019-2020,F84_historico,solo_secundario,T393,6
2019-2020,F84_historico,solo_secundario,T391,6
2019-2020,F84_historico,solo_secundario,R11,6
2019-2020,F84_historico,solo_secundario,J350,6
2019-2020,F84_historico,solo_secundario,K429,6
2019-2020,F84_historico,solo_secundario,T850,6
2019-2020,F84_historico,principal_y_secundario,F840,6
2019-2020,F84_historico,solo_secundario,J101,6
2019-2020,F84_historico,solo_secundario,F609,6
2019-2020,F84_historico,solo_secundario,M2157,5
2019-2020,F84_historico,solo_secundario,H501,5
2019-2020,F84_historico,solo_secundario,M4115,5
2019-2020,F84_historico,solo_secundario,R509,5
2019-2020,F84_historico,solo_secundario,E86,5
2019-2020,F84_historico,solo_secundario,T181,5
2019-2020,F84_historico,solo_secundario,H509,5
2019-2020,F84_historico,solo_secundario,S5200,5
2019-2020,F84_historico,solo_secundario,F603,5
2019-2020,F84_historico,solo_secundario,S5250,5
2019-2020,F84_historico,solo_secundario,K918,5
2019-2020,F84_historico,solo_secundario,Z033,5
2019-2020,F84_historico,solo_secundario,J9600,5
2019-2020,F84_historico,solo_secundario,J069,5
2019-2020,F84_historico,solo_secundario,K001,5
2019-2020,F84_historico,solo_secundario,T212,5
2019-2020,F84_historico,solo_secundario,U071,5
2019-2020,F84_historico,solo_secundario,K529,5
2019-2020,F84_historico,solo_secundario,J188,5
2019-2020,F84_historico,solo_secundario,J9609,5
2019-2020,F84_historico,solo_secundario,J205,5
2019-2020,F84_historico,solo_secundario,S5240,4
2019-2020,F84_historico,solo_secundario,L059,4
2019-2020,F84_historico,solo_secundario,S7230,4
2019-2020,F84_historico,solo_secundario,S6261,4
2019-2020,F84_historico,solo_secundario,L040,4
2019-2020,F84_historico,solo_secundario,S009,4
2019-2020,F84_historico,solo_secundario,A499,4
2019-2020,F84_historico,solo_secundario,F200,4
2019-2020,F84_historico,solo_secundario,A38,4
2019-2020,F84_historico,solo_secundario,F911,4
2019-2020,F84_historico,solo_secundario,F431,4
2019-2020,F84_historico,solo_secundario,S8220,4
2019-2020,F84_historico,solo_secundario,Q665,4
2019-2020,F84_historico,solo_secundario,K650,4
2019-2020,F84_historico,solo_secundario,I880,4
2019-2020,F84_historico,solo_secundario,Q539,4
2019-2020,F84_historico,solo_secundario,J181,4
2019-2020,F84_historico,solo_secundario,T202,4
2019-2020,F84_historico,solo_secundario,A084,4
2019-2020,F84_historico,solo_secundario,F319,4
2019-2020,F84_historico,solo_secundario,G400,4
2019-2020,F84_historico,solo_secundario,K900,4
2019-2020,F84_historico,solo_secundario,K439,4
2019-2020,F84_historico,solo_secundario,A419,4
2019-2020,F84_historico,solo_secundario,R13,4
2019-2020,F84_historico,solo_secundario,K210,4
2019-2020,F84_historico,solo_secundario,K859,4
2019-2020,F84_historico,solo_secundario,T71,4
2019-2020,F84_historico,solo_secundario,N62,4
2019-2020,F84_historico,solo_secundario,H652,4
2019-2020,F84_historico,solo_secundario,Z133,4
2019-2020,F84_historico,solo_secundario,D480,4
2019-2020,F84_historico,solo_secundario,T751,4
2019-2020,F84_historico,solo_secundario,Z137,4
2019-2020,F84_historico,solo_secundario,T426,4
2019-2020,F84_historico,solo_secundario,K047,4
2019-2020,F84_historico,solo_secundario,J352,4
2019-2020,F84_historico,solo_secundario,S5230,4
2019-2020,F84_historico,solo_secundario,D690,4
2019-2020,F84_historico,solo_secundario,F900,3
2019-2020,F84_historico,solo_secundario,F09,3
2019-2020,F84_historico,solo_secundario,S099,3
2019-2020,F84_historico,solo_secundario,S4220,3
2019-2020,F84_historico,solo_secundario,K053,3
2019-2020,F84_historico,solo_secundario,J120,3
2019-2020,F84_historico,solo_secundario,G938,3
2019-2020,F84_historico,solo_secundario,J068,3
2019-2020,F84_historico,solo_secundario,S0690,3
2019-2020,F84_historico,solo_secundario,K36,3
2019-2020,F84_historico,solo_secundario,G049,3
2019-2020,F84_historico,solo_secundario,S0620,3
2019-2020,F84_historico,solo_secundario,K851,3
2019-2020,F84_historico,solo_secundario,G259,3
2019-2020,F84_historico,solo_secundario,Z430,3
2019-2020,F84_historico,solo_secundario,N319,3
2019-2020,F84_historico,solo_secundario,B349,3
2019-2020,F84_historico,solo_secundario,S0250,3
2019-2020,F84_historico,solo_secundario,C73,3
2019-2020,F84_historico,solo_secundario,I861,3
2019-2020,F84_historico,solo_secundario,C629,3
2019-2020,F84_historico,solo_secundario,S0210,3
2019-2020,F84_historico,solo_secundario,K20,3
2019-2020,F84_historico,solo_secundario,T172,3
2019-2020,F84_historico,solo_secundario,U072,3
2019-2020,F84_historico,solo_secundario,T16,3
2019-2020,F84_historico,solo_secundario,G473,3
2019-2020,F84_historico,solo_secundario,J122,3
2019-2020,F84_historico,solo_secundario,L021,3
2019-2020,F84_historico,solo_secundario,J955,3
2019-2020,F84_historico,solo_secundario,K801,3
2019-2020,F84_historico,solo_secundario,J204,3
2019-2020,F84_historico,solo_secundario,Z433,3
2019-2020,F84_historico,solo_secundario,E109,3
2019-2020,F84_historico,solo_secundario,R268,3
2019-2020,F84_historico,solo_secundario,J210,3
2019-2020,F84_historico,solo_secundario,D649,3
2019-2020,F84_historico,solo_secundario,E162,3
2019-2020,F84_historico,solo_secundario,S5210,3
2019-2020,F84_historico,solo_secundario,F208,3
2019-2020,F84_historico,solo_secundario,Q204,3
2019-2020,F84_historico,solo_secundario,J342,3
2019-2020,F84_historico,solo_secundario,R55,3
2019-2020,F84_historico,solo_secundario,N921,3
2019-2020,F84_historico,solo_secundario,M7953,3
2019-2020,F84_historico,solo_secundario,D619,3
2019-2020,F84_historico,solo_secundario,T232,3
2019-2020,F84_historico,solo_secundario,K510,3
2019-2020,F84_historico,solo_secundario,K519,3
2019-2020,F84_historico,solo_secundario,G934,3
2019-2020,F84_historico,solo_secundario,H919,3
2019-2020,F84_historico,solo_secundario,F445,3
2019-2020,F84_historico,solo_secundario,A047,3
2019-2020,F84_historico,solo_secundario,G930,3
2019-2020,F84_historico,solo_secundario,D593,3
2019-2020,F84_historico,solo_secundario,H500,3
2019-2020,F84_historico,solo_secundario,K769,2
2019-2020,F84_historico,solo_secundario,K720,2
2019-2020,F84_historico,solo_secundario,K830,2
2019-2020,F84_historico,solo_secundario,H508,2
2019-2020,F84_historico,solo_secundario,H918,2
2019-2020,F84_historico,solo_secundario,H653,2
2019-2020,F84_historico,solo_secundario,I471,2
2019-2020,F84_historico,solo_secundario,I210,2
2019-2020,F84_historico,solo_secundario,H669,2
2019-2020,F84_historico,solo_secundario,K810,2
2019-2020,F84_historico,solo_secundario,H612,2
2019-2020,F84_historico,solo_secundario,I479,2
2019-2020,F84_historico,solo_secundario,K081,2
2019-2020,F84_historico,solo_secundario,R262,2
2019-2020,F84_historico,solo_secundario,J90,2
2019-2020,F84_historico,solo_secundario,J950,2
2019-2020,F84_historico,solo_secundario,K522,2
2019-2020,F84_historico,solo_secundario,K011,2
2019-2020,F84_historico,solo_secundario,K025,2
2019-2020,F84_historico,solo_secundario,Z540,2
2019-2020,F84_historico,solo_secundario,K036,2
2019-2020,F84_historico,solo_secundario,K051,2
2019-2020,F84_historico,solo_secundario,K403,2
2019-2020,F84_historico,solo_secundario,I608,2
2019-2020,F84_historico,solo_secundario,K388,2
2019-2020,F84_historico,solo_secundario,Q851,2
2019-2020,F84_historico,solo_secundario,A020,2
2019-2020,F84_historico,principal_y_secundario,F842,2
2019-2020,F84_historico,solo_secundario,Q753,2
2019-2020,F84_historico,solo_secundario,Q750,2
2019-2020,F84_historico,solo_secundario,K259,2
2019-2020,F84_historico,solo_secundario,K291,2
2019-2020,F84_historico,solo_secundario,Q742,2
2019-2020,F84_historico,solo_secundario,R31,2
2019-2020,F84_historico,solo_secundario,J459,2
2019-2020,F84_historico,solo_secundario,J441,2
2019-2020,F84_historico,solo_secundario,R51,2
2019-2020,F84_historico,solo_secundario,I615,2
2019-2020,F84_historico,solo_secundario,S059,2
2019-2020,F84_historico,solo_secundario,Q549,2
2019-2020,F84_historico,solo_secundario,S0280,2
2019-2020,F84_historico,solo_secundario,K625,2
2019-2020,F84_historico,solo_secundario,J00,2
2019-2020,F84_historico,solo_secundario,Q667,2
2019-2020,F84_historico,solo_secundario,S017,2
2019-2020,F84_historico,solo_secundario,J040,2
2019-2020,F84_historico,solo_secundario,S015,2
2019-2020,F84_historico,solo_secundario,J123,2
2019-2020,F84_historico,solo_secundario,A281,2
2019-2020,F84_historico,solo_secundario,J13,2
2019-2020,F84_historico,solo_secundario,J151,2
2019-2020,F84_historico,solo_secundario,Q668,2
2019-2020,F84_historico,solo_secundario,S011,2
2019-2020,F84_historico,solo_secundario,K566,2
2019-2020,F84_historico,solo_secundario,A083,2
2019-2020,F84_historico,solo_secundario,A082,2
2019-2020,F84_historico,solo_secundario,J208,2
2019-2020,F84_historico,solo_secundario,G402,2
2019-2020,F84_historico,solo_secundario,S3671,2
2019-2020,F84_historico,solo_secundario,F809,2
2019-2020,F84_historico,solo_secundario,F231,2
2019-2020,F84_historico,solo_secundario,T810,2
2019-2020,F84_historico,solo_secundario,F28,2
2019-2020,F84_historico,solo_secundario,F311,2
2019-2020,F84_historico,solo_secundario,F318,2
2019-2020,F84_historico,solo_secundario,F321,2
2019-2020,F84_historico,solo_secundario,M2106,2
2019-2020,F84_historico,solo_secundario,T814,2
2019-2020,F84_historico,solo_secundario,T222,2
2019-2020,F84_historico,solo_secundario,F449,2
2019-2020,F84_historico,solo_secundario,D410,2
2019-2020,F84_historico,solo_secundario,M9115,2
2019-2020,F84_historico,solo_secundario,F608,2
2019-2020,F84_historico,solo_secundario,N832,2
2019-2020,F84_historico,solo_secundario,T846,2
2019-2020,F84_historico,solo_secundario,N049,2
2019-2020,F84_historico,solo_secundario,D227,2
2019-2020,F84_historico,solo_secundario,D225,2
2019-2020,F84_historico,solo_secundario,D180,2
2019-2020,F84_historico,solo_secundario,F230,2
2019-2020,F84_historico,solo_secundario,Q431,2
2019-2020,F84_historico,solo_secundario,M303,2
2019-2020,F84_historico,solo_secundario,E46,2
2019-2020,F84_historico,solo_secundario,T509,2
2019-2020,F84_historico,solo_secundario,B002,2
2019-2020,F84_historico,solo_secundario,Q039,2
2019-2020,F84_historico,solo_secundario,E111,2
2019-2020,F84_historico,solo_secundario,D692,2
2019-2020,F84_historico,solo_secundario,T450,2
2019-2020,F84_historico,solo_secundario,E161,2
2019-2020,F84_historico,solo_secundario,E43,2
2019-2020,F84_historico,solo_secundario,E669,2
2019-2020,F84_historico,solo_secundario,T292,2
2019-2020,F84_historico,solo_secundario,Q070,2
2019-2020,F84_historico,solo_secundario,M4140,2
2019-2020,F84_historico,solo_secundario,O993,2
2019-2020,F84_historico,solo_secundario,E871,2
2019-2020,F84_historico,solo_secundario,T407,2
2019-2020,F84_historico,solo_secundario,F061,2
2019-2020,F84_historico,solo_secundario,T378,2
2019-2020,F84_historico,solo_secundario,F192,2
2019-2020,F84_historico,solo_secundario,Q311,2
2019-2020,F84_historico,solo_secundario,M673,2
2019-2020,F84_historico,solo_secundario,L519,2
2019-2020,F84_historico,solo_secundario,N185,2
2019-2020,F84_historico,solo_secundario,N488,2
2019-2020,F84_historico,solo_secundario,L030,2
2019-2020,F84_historico,solo_secundario,Z431,2
2019-2020,F84_historico,solo_secundario,Z478,2
2019-2020,F84_historico,solo_secundario,F89,2
2019-2020,F84_historico,solo_secundario,Z048,2
2019-2020,F84_historico,solo_secundario,S5290,2
2019-2020,F84_historico,solo_secundario,G448,2
2019-2020,F84_historico,solo_secundario,L022,2
2019-2020,F84_historico,solo_secundario,S5270,2
2019-2020,F84_historico,solo_secundario,G911,2
2019-2020,F84_historico,solo_secundario,B678,2
2019-2020,F84_historico,solo_secundario,S5260,2
2019-2020,F84_historico,solo_secundario,G610,2
2019-2020,F84_historico,solo_secundario,G824,2
2019-2020,F84_historico,solo_secundario,G710,2
2019-2020,F84_historico,solo_secundario,S618,2
2019-2020,F84_historico,solo_secundario,S619,2
2019-2020,F84_historico,solo_secundario,N137,2
2019-2020,F84_historico,solo_secundario,Z098,2
2019-2020,F84_historico,solo_secundario,S8230,2
2019-2020,F84_historico,solo_secundario,K858,2
2019-2020,F84_historico,solo_secundario,S8210,2
2019-2020,F84_historico,solo_secundario,H269,2
2019-2020,F84_historico,solo_secundario,Q315,2
2019-2020,F84_historico,solo_secundario,K922,2
2019-2020,F84_historico,solo_secundario,F988,2
2019-2020,F84_historico,solo_secundario,D164,2
2019-2020,F84_historico,solo_secundario,S4230,2
2019-2020,F84_historico,solo_secundario,Z308,2
2019-2020,F84_historico,solo_secundario,G919,2
2019-2020,F84_historico,solo_secundario,T887,2
2019-2020,F84_historico,solo_secundario,S7200,2
2019-2020,F84_historico,solo_secundario,N136,2
2019-2020,F84_historico,solo_secundario,G060,2
2019-2020,F84_historico,solo_secundario,L050,2
2019-2020,F84_historico,solo_secundario,G800,2
2019-2020,F84_historico,solo_secundario,P285,1
2019-2020,F84_historico,solo_secundario,P289,1
2019-2020,F84_historico,solo_secundario,O244,1
2019-2020,F84_historico,solo_secundario,O800,1
2019-2020,F84_historico,solo_secundario,O701,1
2019-2020,F84_historico,solo_secundario,O680,1
2019-2020,F84_historico,solo_secundario,O420,1
2019-2020,F84_historico,solo_secundario,N483,1
2019-2020,F84_historico,solo_secundario,N922,1
2019-2020,F84_historico,solo_secundario,N508,1
2019-2020,F84_historico,solo_secundario,Q690,1
2019-2020,F84_historico,solo_secundario,N906,1
2019-2020,F84_historico,solo_secundario,Z915,1
2019-2020,F84_historico,solo_secundario,P835,1
2019-2020,F84_historico,solo_secundario,Q692,1
2019-2020,F84_historico,solo_secundario,Q691,1
2019-2020,F84_historico,solo_secundario,Q675,1
2019-2020,F84_historico,solo_secundario,P942,1
2019-2020,F84_historico,solo_secundario,Q250,1
2019-2020,F84_historico,solo_secundario,Q282,1
2019-2020,F84_historico,solo_secundario,Q289,1
2019-2020,F84_historico,solo_secundario,Q666,1
2019-2020,F84_historico,solo_secundario,Q321,1
2019-2020,F84_historico,solo_secundario,Q370,1
2019-2020,F84_historico,solo_secundario,Q658,1
2019-2020,F84_historico,solo_secundario,Q379,1
2019-2020,F84_historico,solo_secundario,Q650,1
2019-2020,F84_historico,solo_secundario,Q383,1
2019-2020,F84_historico,solo_secundario,Q388,1
2019-2020,F84_historico,solo_secundario,Q729,1
2019-2020,F84_historico,solo_secundario,Q542,1
2019-2020,F84_historico,solo_secundario,Q541,1
2019-2020,F84_historico,solo_secundario,Q390,1
2019-2020,F84_historico,solo_secundario,Q400,1
2019-2020,F84_historico,solo_secundario,Q430,1
2019-2020,F84_historico,solo_secundario,Q505,1
2019-2020,F84_historico,solo_secundario,Q256,1
2019-2020,F84_historico,solo_secundario,Q249,1
2019-2020,F84_historico,solo_secundario,Q018,1
2019-2020,F84_historico,solo_secundario,Q245,1
2019-2020,F84_historico,solo_secundario,Q046,1
2019-2020,F84_historico,solo_secundario,Q682,1
2019-2020,F84_historico,solo_secundario,Q052,1
2019-2020,F84_historico,solo_secundario,Q676,1
2019-2020,F84_historico,solo_secundario,Q100,1
2019-2020,F84_historico,solo_secundario,Q111,1
2019-2020,F84_historico,solo_secundario,Q150,1
2019-2020,F84_historico,solo_secundario,Q181,1
2019-2020,F84_historico,solo_secundario,Q201,1
2019-2020,F84_historico,solo_secundario,Q210,1
2019-2020,F84_historico,solo_secundario,Q211,1
2019-2020,F84_historico,solo_secundario,Q212,1
2019-2020,F84_historico,solo_secundario,Q213,1
2019-2020,F84_historico,solo_secundario,Q225,1
2019-2020,F84_historico,solo_secundario,Q229,1
2019-2020,F84_historico,solo_secundario,Q231,1
2019-2020,F84_historico,solo_secundario,Q234,1
2019-2020,F84_historico,solo_secundario,Z763,1
2019-2020,F84_historico,solo_secundario,Z304,1
2019-2020,F84_historico,solo_secundario,Q740,1
2019-2020,F84_historico,solo_secundario,T230,1
2019-2020,F84_historico,solo_secundario,T443,1
2019-2020,F84_historico,solo_secundario,T436,1
2019-2020,F84_historico,solo_secundario,T430,1
2019-2020,F84_historico,solo_secundario,T427,1
2019-2020,F84_historico,solo_secundario,T421,1
2019-2020,F84_historico,solo_secundario,T405,1
2019-2020,F84_historico,solo_secundario,T402,1
2019-2020,F84_historico,solo_secundario,T361,1
2019-2020,F84_historico,solo_secundario,T291,1
2019-2020,F84_historico,solo_secundario,T290,1
2019-2020,F84_historico,solo_secundario,T253,1
2019-2020,F84_historico,solo_secundario,T242,1
2019-2020,F84_historico,solo_secundario,Z450,1
2019-2020,F84_historico,solo_secundario,T233,1
2019-2020,F84_historico,solo_secundario,T223,1
2019-2020,F84_historico,solo_secundario,T451,1
2019-2020,F84_historico,solo_secundario,T201,1
2019-2020,F84_historico,solo_secundario,T189,1
2019-2020,F84_historico,solo_secundario,T184,1
2019-2020,F84_historico,solo_secundario,T182,1
2019-2020,F84_historico,solo_secundario,T179,1
2019-2020,F84_historico,solo_secundario,T178,1
2019-2020,F84_historico,solo_secundario,T150,1
2019-2020,F84_historico,solo_secundario,T141,1
2019-2020,F84_historico,solo_secundario,T135,1
2019-2020,F84_historico,solo_secundario,T068,1
2019-2020,F84_historico,solo_secundario,T009,1
2019-2020,F84_historico,solo_secundario,S903,1
2019-2020,F84_historico,solo_secundario,S830,1
2019-2020,F84_historico,solo_secundario,S8250,1
2019-2020,F84_historico,solo_secundario,T447,1
2019-2020,F84_historico,solo_secundario,T461,1
2019-2020,F84_historico,solo_secundario,Q759,1
2019-2020,F84_historico,solo_secundario,T827,1
2019-2020,F84_historico,solo_secundario,Z122,1
2019-2020,F84_historico,solo_secundario,Z087,1
2019-2020,F84_historico,solo_secundario,Z082,1
2019-2020,F84_historico,solo_secundario,Z031,1
2019-2020,F84_historico,solo_secundario,Z018,1
2019-2020,F84_historico,solo_secundario,Z015,1
2019-2020,F84_historico,solo_secundario,Z011,1
2019-2020,F84_historico,solo_secundario,T983,1
2019-2020,F84_historico,solo_secundario,T888,1
2019-2020,F84_historico,solo_secundario,T874,1
2019-2020,F84_historico,solo_secundario,T864,1
2019-2020,F84_historico,solo_secundario,T857,1
2019-2020,F84_historico,solo_secundario,T856,1
2019-2020,F84_historico,solo_secundario,T842,1
2019-2020,F84_historico,solo_secundario,T818,1
2019-2020,F84_historico,solo_secundario,T465,1
2019-2020,F84_historico,solo_secundario,T815,1
2019-2020,F84_historico,solo_secundario,T813,1
2019-2020,F84_historico,solo_secundario,T784,1
2019-2020,F84_historico,solo_secundario,T780,1
2019-2020,F84_historico,solo_secundario,T742,1
2019-2020,F84_historico,solo_secundario,T658,1
2019-2020,F84_historico,solo_secundario,T604,1
2019-2020,F84_historico,solo_secundario,T600,1
2019-2020,F84_historico,solo_secundario,T58,1
2019-2020,F84_historico,solo_secundario,T511,1
2019-2020,F84_historico,solo_secundario,T510,1
2019-2020,F84_historico,solo_secundario,T505,1
2019-2020,F84_historico,solo_secundario,T490,1
2019-2020,F84_historico,solo_secundario,T466,1
2019-2020,F84_historico,solo_secundario,S810,1
2019-2020,F84_historico,solo_secundario,S7240,1
2019-2020,F84_historico,solo_secundario,S7231,1
2019-2020,F84_historico,solo_secundario,R391,1
2019-2020,F84_historico,solo_secundario,S0630,1
2019-2020,F84_historico,solo_secundario,S058,1
2019-2020,F84_historico,solo_secundario,S0260,1
2019-2020,F84_historico,solo_secundario,S0230,1
2019-2020,F84_historico,solo_secundario,S0220,1
2019-2020,F84_historico,solo_secundario,S0201,1
2019-2020,F84_historico,solo_secundario,S0200,1
2019-2020,F84_historico,solo_secundario,S018,1
2019-2020,F84_historico,solo_secundario,S012,1
2019-2020,F84_historico,solo_secundario,R620,1
2019-2020,F84_historico,solo_secundario,R599,1
2019-2020,F84_historico,solo_secundario,R572,1
2019-2020,F84_historico,solo_secundario,R508,1
2019-2020,F84_historico,solo_secundario,R490,1
2019-2020,F84_historico,solo_secundario,R32,1
2019-2020,F84_historico,solo_secundario,S7220,1
2019-2020,F84_historico,solo_secundario,R258,1
2019-2020,F84_historico,solo_secundario,Z514,1
2019-2020,F84_historico,solo_secundario,R100,1
2019-2020,F84_historico,solo_secundario,R068,1
2019-2020,F84_historico,solo_secundario,R040,1
2019-2020,F84_historico,solo_secundario,Q998,1
2019-2020,F84_historico,solo_secundario,Q935,1
2019-2020,F84_historico,solo_secundario,Q929,1
2019-2020,F84_historico,solo_secundario,Q909,1
2019-2020,F84_historico,solo_secundario,Q893,1
2019-2020,F84_historico,solo_secundario,Q892,1
2019-2020,F84_historico,solo_secundario,Q873,1
2019-2020,F84_historico,solo_secundario,Q870,1
2019-2020,F84_historico,solo_secundario,Q822,1
2019-2020,F84_historico,solo_secundario,S0650,1
2019-2020,F84_historico,solo_secundario,Z302,1
2019-2020,F84_historico,solo_secundario,S090,1
2019-2020,F84_historico,solo_secundario,S117,1
2019-2020,F84_historico,solo_secundario,S701,1
2019-2020,F84_historico,solo_secundario,S682,1
2019-2020,F84_historico,solo_secundario,S681,1
2019-2020,F84_historico,solo_secundario,S6260,1
2019-2020,F84_historico,solo_secundario,S6251,1
2019-2020,F84_historico,solo_secundario,S610,1
2019-2020,F84_historico,solo_secundario,Z465,1
2019-2020,F84_historico,solo_secundario,S5291,1
2019-2020,F84_historico,solo_secundario,S5280,1
2019-2020,F84_historico,solo_secundario,S5220,1
2019-2020,F84_historico,solo_secundario,S519,1
2019-2020,F84_historico,solo_secundario,S518,1
2019-2020,F84_historico,solo_secundario,S517,1
2019-2020,F84_historico,solo_secundario,S4200,1
2019-2020,F84_historico,solo_secundario,S417,1
2019-2020,F84_historico,solo_secundario,S411,1
2019-2020,F84_historico,solo_secundario,S410,1
2019-2020,F84_historico,solo_secundario,S399,1
2019-2020,F84_historico,solo_secundario,S398,1
2019-2020,F84_historico,solo_secundario,S3611,1
2019-2020,F84_historico,solo_secundario,S310,1
2019-2020,F84_historico,solo_secundario,N433,1
2019-2020,F84_historico,solo_secundario,S299,1
2019-2020,F84_historico,solo_secundario,S2781,1
2019-2020,F84_historico,solo_secundario,S2701,1
2019-2020,F84_historico,solo_secundario,S241,1
2019-2020,F84_historico,solo_secundario,S202,1
2019-2020,F84_historico,solo_secundario,S1200,1
2019-2020,F84_historico,solo_secundario,S119,1
2019-2020,F84_historico,solo_secundario,S0680,1
2019-2020,F84_historico,solo_secundario,K550,1
2019-2020,F84_historico,solo_secundario,N392,1
2019-2020,F84_historico,solo_secundario,F61,1
2019-2020,F84_historico,solo_secundario,F418,1
2019-2020,F84_historico,solo_secundario,F420,1
2019-2020,F84_historico,solo_secundario,F444,1
2019-2020,F84_historico,solo_secundario,F450,1
2019-2020,F84_historico,solo_secundario,F452,1
2019-2020,F84_historico,solo_secundario,F500,1
2019-2020,F84_historico,solo_secundario,F505,1
2019-2020,F84_historico,solo_secundario,F638,1
2019-2020,F84_historico,solo_secundario,F798,1
2019-2020,F84_historico,solo_secundario,F639,1
2019-2020,F84_historico,solo_secundario,F701,1
2019-2020,F84_historico,solo_secundario,F709,1
2019-2020,F84_historico,solo_secundario,F711,1
2019-2020,F84_historico,solo_secundario,F718,1
2019-2020,F84_historico,solo_secundario,F729,1
2019-2020,F84_historico,solo_secundario,F731,1
2019-2020,F84_historico,solo_secundario,F411,1
2019-2020,F84_historico,solo_secundario,F410,1
2019-2020,F84_historico,solo_secundario,F402,1
2019-2020,F84_historico,solo_secundario,F331,1
2019-2020,F84_historico,solo_secundario,E872,1
2019-2020,F84_historico,solo_secundario,E875,1
2019-2020,F84_historico,solo_secundario,E876,1
2019-2020,F84_historico,solo_secundario,E889,1
2019-2020,F84_historico,solo_secundario,E890,1
2019-2020,F84_historico,solo_secundario,F058,1
2019-2020,F84_historico,solo_secundario,F059,1
2019-2020,F84_historico,solo_secundario,F063,1
2019-2020,F84_historico,solo_secundario,F070,1
2019-2020,F84_historico,solo_secundario,F121,1
2019-2020,F84_historico,solo_secundario,F195,1
2019-2020,F84_historico,solo_secundario,F202,1
2019-2020,F84_historico,solo_secundario,F203,1
2019-2020,F84_historico,solo_secundario,F205,1
2019-2020,F84_historico,solo_secundario,F232,1
2019-2020,F84_historico,solo_secundario,F739,1
2019-2020,F84_historico,solo_secundario,F799,1
2019-2020,F84_historico,solo_secundario,E835,1
2019-2020,F84_historico,solo_secundario,G801,1
2019-2020,F84_historico,solo_secundario,G405,1
2019-2020,F84_historico,solo_secundario,G412,1
2019-2020,F84_historico,solo_secundario,G438,1
2019-2020,F84_historico,solo_secundario,G478,1
2019-2020,F84_historico,solo_secundario,G479,1
2019-2020,F84_historico,solo_secundario,G629,1
2019-2020,F84_historico,solo_secundario,G711,1
2019-2020,F84_historico,solo_secundario,G808,1
2019-2020,F84_historico,solo_secundario,F800,1
2019-2020,F84_historico,solo_secundario,G809,1
2019-2020,F84_historico,solo_secundario,G820,1
2019-2020,F84_historico,solo_secundario,G822,1
2019-2020,F84_historico,solo_secundario,G910,1
2019-2020,F84_historico,solo_secundario,G918,1
2019-2020,F84_historico,solo_secundario,G931,1
2019-2020,F84_historico,solo_secundario,G978,1
2019-2020,F84_historico,solo_secundario,G373,1
2019-2020,F84_historico,solo_secundario,G319,1
2019-2020,F84_historico,solo_secundario,G318,1
2019-2020,F84_historico,solo_secundario,G248,1
2019-2020,F84_historico,solo_secundario,F82,1
2019-2020,F84_historico,solo_secundario,F913,1
2019-2020,F84_historico,solo_secundario,F929,1
2019-2020,F84_historico,solo_secundario,F938,1
2019-2020,F84_historico,solo_secundario,F942,1
2019-2020,F84_historico,solo_secundario,F982,1
2019-2020,F84_historico,solo_secundario,F989,1
2019-2020,F84_historico,solo_secundario,G001,1
2019-2020,F84_historico,solo_secundario,G002,1
2019-2020,F84_historico,solo_secundario,G040,1
2019-2020,F84_historico,solo_secundario,G062,1
2019-2020,F84_historico,solo_secundario,G119,1
2019-2020,F84_historico,solo_secundario,G121,1
2019-2020,F84_historico,solo_secundario,G210,1
2019-2020,F84_historico,solo_secundario,G240,1
2019-2020,F84_historico,solo_secundario,E870,1
2019-2020,F84_historico,solo_secundario,E830,1
2019-2020,F84_historico,solo_secundario,H105,1
2019-2020,F84_historico,solo_secundario,C189,1
2019-2020,F84_historico,solo_secundario,B269,1
2019-2020,F84_historico,solo_secundario,B270,1
2019-2020,F84_historico,solo_secundario,B271,1
2019-2020,F84_historico,solo_secundario,B348,1
2019-2020,F84_historico,solo_secundario,B679,1
2019-2020,F84_historico,solo_secundario,B99,1
2019-2020,F84_historico,solo_secundario,C159,1
2019-2020,F84_historico,solo_secundario,C341,1
2019-2020,F84_historico,solo_secundario,D037,1
2019-2020,F84_historico,solo_secundario,C349,1
2019-2020,F84_historico,solo_secundario,C444,1
2019-2020,F84_historico,solo_secundario,C504,1
2019-2020,F84_historico,solo_secundario,C710,1
2019-2020,F84_historico,solo_secundario,C719,1
2019-2020,F84_historico,solo_secundario,C753,1
2019-2020,F84_historico,solo_secundario,C920,1
2019-2020,F84_historico,solo_secundario,B206,1
2019-2020,F84_historico,solo_secundario,B179,1
2019-2020,F84_historico,solo_secundario,B169,1
2019-2020,F84_historico,solo_secundario,B159,1
2019-2020,F84_historico,principal,F844,1
2019-2020,F84_historico,principal_y_secundario,F845,1
2019-2020,F84_historico,solo_secundario,A021,1
2019-2020,F84_historico,solo_secundario,A031,1
2019-2020,F84_historico,solo_secundario,A058,1
2019-2020,F84_historico,solo_secundario,A150,1
2019-2020,F84_historico,solo_secundario,A448,1
2019-2020,F84_historico,solo_secundario,A46,1
2019-2020,F84_historico,solo_secundario,A86,1
2019-2020,F84_historico,solo_secundario,A879,1
2019-2020,F84_historico,solo_secundario,B018,1
2019-2020,F84_historico,solo_secundario,B019,1
2019-2020,F84_historico,solo_secundario,B028,1
2019-2020,F84_historico,solo_secundario,B07,1
2019-2020,F84_historico,solo_secundario,B09,1
2019-2020,F84_historico,solo_secundario,C929,1
2019-2020,F84_historico,solo_secundario,D161,1
2019-2020,F84_historico,solo_secundario,E761,1
2019-2020,F84_historico,solo_secundario,D821,1
2019-2020,F84_historico,solo_secundario,D67,1
2019-2020,F84_historico,solo_secundario,D681,1
2019-2020,F84_historico,solo_secundario,D693,1
2019-2020,F84_historico,solo_secundario,D695,1
2019-2020,F84_historico,solo_secundario,D733,1
2019-2020,F84_historico,solo_secundario,D763,1
2019-2020,F84_historico,solo_secundario,D801,1
2019-2020,F84_historico,solo_secundario,E106,1
2019-2020,F84_historico,solo_secundario,D177,1
2019-2020,F84_historico,solo_secundario,E115,1
2019-2020,F84_historico,solo_secundario,E141,1
2019-2020,F84_historico,solo_secundario,E230,1
2019-2020,F84_historico,solo_secundario,E301,1
2019-2020,F84_historico,solo_secundario,E722,1
2019-2020,F84_historico,solo_secundario,E754,1
2019-2020,F84_historico,solo_secundario,E760,1
2019-2020,F84_historico,solo_secundario,D591,1
2019-2020,F84_historico,solo_secundario,D589,1
2019-2020,F84_historico,solo_secundario,D509,1
2019-2020,F84_historico,solo_secundario,D508,1
2019-2020,F84_historico,solo_secundario,D232,1
2019-2020,F84_historico,solo_secundario,D233,1
2019-2020,F84_historico,solo_secundario,D235,1
2019-2020,F84_historico,solo_secundario,D236,1
2019-2020,F84_historico,solo_secundario,D320,1
2019-2020,F84_historico,solo_secundario,D330,1
2019-2020,F84_historico,solo_secundario,D34,1
2019-2020,F84_historico,solo_secundario,D381,1
2019-2020,F84_historico,solo_secundario,D430,1
2019-2020,F84_historico,solo_secundario,D434,1
2019-2020,F84_historico,solo_secundario,D443,1
2019-2020,F84_historico,solo_secundario,D481,1
2019-2020,F84_historico,solo_secundario,D485,1
2019-2020,F84_historico,solo_secundario,D487,1
2019-2020,F84_historico,solo_secundario,D500,1
2019-2020,F84_historico,solo_secundario,H043,1
2019-2020,F84_historico,solo_secundario,H188,1
2019-2020,F84_historico,solo_secundario,N312,1
2019-2020,F84_historico,solo_secundario,L282,1
2019-2020,F84_historico,solo_secundario,K929,1
2019-2020,F84_historico,solo_secundario,L010,1
2019-2020,F84_historico,solo_secundario,L029,1
2019-2020,F84_historico,solo_secundario,L032,1
2019-2020,F84_historico,solo_secundario,L033,1
2019-2020,F84_historico,solo_secundario,L080,1
2019-2020,F84_historico,solo_secundario,L088,1
2019-2020,F84_historico,solo_secundario,L509,1
2019-2020,F84_historico,solo_secundario,L929,1
2019-2020,F84_historico,solo_secundario,L518,1
2019-2020,F84_historico,solo_secundario,L52,1
2019-2020,F84_historico,solo_secundario,L539,1
2019-2020,F84_historico,solo_secundario,L720,1
2019-2020,F84_historico,solo_secundario,L728,1
2019-2020,F84_historico,solo_secundario,L732,1
2019-2020,F84_historico,solo_secundario,L83,1
2019-2020,F84_historico,solo_secundario,K853,1
2019-2020,F84_historico,solo_secundario,K808,1
2019-2020,F84_historico,solo_secundario,K759,1
2019-2020,F84_historico,solo_secundario,K754,1
2019-2020,F84_historico,solo_secundario,K419,1
2019-2020,F84_historico,solo_secundario,K500,1
2019-2020,F84_historico,solo_secundario,K560,1
2019-2020,F84_historico,solo_secundario,K565,1
2019-2020,F84_historico,solo_secundario,K589,1
2019-2020,F84_historico,solo_secundario,K593,1
2019-2020,F84_historico,solo_secundario,K602,1
2019-2020,F84_historico,solo_secundario,K605,1
2019-2020,F84_historico,solo_secundario,K610,1
2019-2020,F84_historico,solo_secundario,K621,1
2019-2020,F84_historico,solo_secundario,K632,1
2019-2020,F84_historico,solo_secundario,K635,1
2019-2020,F84_historico,solo_secundario,K649,1
2019-2020,F84_historico,solo_secundario,K659,1
2019-2020,F84_historico,solo_secundario,K739,1
2019-2020,F84_historico,solo_secundario,L902,1
2019-2020,F84_historico,solo_secundario,L984,1
2019-2020,F84_historico,solo_secundario,K315,1
2019-2020,F84_historico,solo_secundario,M8725,1
2019-2020,F84_historico,solo_secundario,M7966,1
2019-2020,F84_historico,solo_secundario,M8407,1
2019-2020,F84_historico,solo_secundario,M8565,1
2019-2020,F84_historico,solo_secundario,M8589,1
2019-2020,F84_historico,solo_secundario,M8618,1
2019-2020,F84_historico,solo_secundario,M8690,1
2019-2020,F84_historico,solo_secundario,M8695,1
2019-2020,F84_historico,solo_secundario,M8793,1
2019-2020,F84_historico,solo_secundario,M0095,1
2019-2020,F84_historico,solo_secundario,M9486,1
2019-2020,F84_historico,solo_secundario,N041,1
2019-2020,F84_historico,solo_secundario,N048,1
2019-2020,F84_historico,solo_secundario,N110,1
2019-2020,F84_historico,solo_secundario,N138,1
2019-2020,F84_historico,solo_secundario,N178,1
2019-2020,F84_historico,solo_secundario,N183,1
2019-2020,F84_historico,solo_secundario,M7958,1
2019-2020,F84_historico,solo_secundario,M7248,1
2019-2020,F84_historico,solo_secundario,M7046,1
2019-2020,F84_historico,solo_secundario,M6594,1
2019-2020,F84_historico,solo_secundario,M0236,1
2019-2020,F84_historico,solo_secundario,M201,1
2019-2020,F84_historico,solo_secundario,M2105,1
2019-2020,F84_historico,solo_secundario,M2319,1
2019-2020,F84_historico,solo_secundario,M2329,1
2019-2020,F84_historico,solo_secundario,M2445,1
2019-2020,F84_historico,solo_secundario,M2446,1
2019-2020,F84_historico,solo_secundario,M313,1
2019-2020,F84_historico,solo_secundario,M321,1
2019-2020,F84_historico,solo_secundario,M4105,1
2019-2020,F84_historico,solo_secundario,M4125,1
2019-2020,F84_historico,solo_secundario,M4144,1
2019-2020,F84_historico,solo_secundario,M4149,1
2019-2020,F84_historico,solo_secundario,M4618,1
2019-2020,F84_historico,solo_secundario,M4646,1
2019-2020,F84_historico,solo_secundario,K402,1
2019-2020,F84_historico,solo_secundario,K299,1
2019-2020,F84_historico,solo_secundario,H268,1
2019-2020,F84_historico,solo_secundario,I776,1
2019-2020,F84_historico,solo_secundario,I469,1
2019-2020,F84_historico,solo_secundario,I472,1
2019-2020,F84_historico,solo_secundario,I619,1
2019-2020,F84_historico,solo_secundario,I620,1
2019-2020,F84_historico,solo_secundario,I629,1
2019-2020,F84_historico,solo_secundario,I638,1
2019-2020,F84_historico,solo_secundario,I679,1
2019-2020,F84_historico,solo_secundario,I802,1
2019-2020,F84_historico,solo_secundario,J180,1
2019-2020,F84_historico,solo_secundario,I888,1
2019-2020,F84_historico,solo_secundario,I889,1
2019-2020,F84_historico,solo_secundario,J028,1
2019-2020,F84_historico,solo_secundario,J029,1
2019-2020,F84_historico,solo_secundario,J039,1
2019-2020,F84_historico,solo_secundario,J050,1
2019-2020,F84_historico,solo_secundario,J157,1
2019-2020,F84_historico,solo_secundario,I442,1
2019-2020,F84_historico,solo_secundario,I441,1
2019-2020,F84_historico,solo_secundario,I351,1
2019-2020,F84_historico,solo_secundario,I270,1
2019-2020,F84_historico,solo_secundario,H332,1
2019-2020,F84_historico,solo_secundario,H428,1
2019-2020,F84_historico,solo_secundario,H46,1
2019-2020,F84_historico,solo_secundario,H471,1
2019-2020,F84_historico,solo_secundario,H493,1
2019-2020,F84_historico,solo_secundario,H55,1
2019-2020,F84_historico,solo_secundario,H659,1
2019-2020,F84_historico,solo_secundario,H663,1
2019-2020,F84_historico,solo_secundario,H700,1
2019-2020,F84_historico,solo_secundario,H71,1
2019-2020,F84_historico,solo_secundario,H900,1
2019-2020,F84_historico,solo_secundario,H903,1
2019-2020,F84_historico,solo_secundario,H905,1
2019-2020,F84_historico,solo_secundario,I211,1
2019-2020,F84_historico,solo_secundario,I269,1
2019-2020,F84_historico,solo_secundario,J158,1
2019-2020,F84_historico,solo_secundario,J211,1
2019-2020,F84_historico,solo_secundario,K297,1
2019-2020,F84_historico,solo_secundario,K092,1
2019-2020,F84_historico,solo_secundario,K044,1
2019-2020,F84_historico,solo_secundario,K046,1
2019-2020,F84_historico,solo_secundario,K048,1
2019-2020,F84_historico,solo_secundario,K052,1
2019-2020,F84_historico,solo_secundario,K073,1
2019-2020,F84_historico,solo_secundario,K076,1
2019-2020,F84_historico,solo_secundario,K083,1
2019-2020,F84_historico,solo_secundario,K102,1
2019-2020,F84_historico,solo_secundario,J304,1
2019-2020,F84_historico,solo_secundario,K108,1
2019-2020,F84_historico,solo_secundario,K112,1
2019-2020,F84_historico,solo_secundario,K113,1
2019-2020,F84_historico,solo_secundario,K117,1
2019-2020,F84_historico,solo_secundario,K123,1
2019-2020,F84_historico,solo_secundario,K222,1
2019-2020,F84_historico,solo_secundario,K250,1
2019-2020,F84_historico,solo_secundario,K023,1
2019-2020,F84_historico,solo_secundario,J984,1
2019-2020,F84_historico,solo_secundario,J939,1
2019-2020,F84_historico,solo_secundario,J931,1
2019-2020,F84_historico,solo_secundario,J329,1
2019-2020,F84_historico,solo_secundario,J343,1
2019-2020,F84_historico,solo_secundario,J36,1
2019-2020,F84_historico,solo_secundario,J398,1
2019-2020,F84_historico,solo_secundario,J40,1
2019-2020,F84_historico,solo_secundario,J42,1
2019-2020,F84_historico,solo_secundario,J448,1
2019-2020,F84_historico,solo_secundario,J449,1
2019-2020,F84_historico,solo_secundario,J47,1
2019-2020,F84_historico,solo_secundario,J698,1
2019-2020,F84_historico,solo_secundario,J81,1
2019-2020,F84_historico,solo_secundario,J849,1
2019-2020,F84_historico,solo_secundario,J850,1
2019-2020,F84_historico,solo_secundario,J851,1
2019-2020,F84_historico,solo_secundario,J869,1
2019-2020,F84_historico,solo_secundario,Z916,1
2021-2024,autismo_F840,solo_secundario,N47,677
2021-2024,autismo_F840,principal,F840,526
2021-2024,autismo_F840,solo_secundario,K358,373
2021-2024,autismo_F840,solo_secundario,J353,338
2021-2024,autismo_F840,solo_secundario,G409,311
2021-2024,autismo_F840,solo_secundario,J46,298
2021-2024,autismo_F840,solo_secundario,F322,190
2021-2024,autismo_F840,solo_secundario,K029,187
2021-2024,autismo_F840,solo_secundario,K353,147
2021-2024,autismo_F840,solo_secundario,J121,134
2021-2024,autismo_F840,solo_secundario,A080,133
2021-2024,autismo_F840,solo_secundario,Q531,125
2021-2024,autismo_F840,solo_secundario,J129,123
2021-2024,autismo_F840,solo_secundario,J128,112
2021-2024,autismo_F840,solo_secundario,R568,111
2021-2024,autismo_F840,solo_secundario,T432,107
2021-2024,autismo_F840,solo_secundario,K352,105
2021-2024,autismo_F840,solo_secundario,A099,103
2021-2024,autismo_F840,solo_secundario,J209,102
2021-2024,autismo_F840,solo_secundario,F329,95
2021-2024,autismo_F840,solo_secundario,J159,95
2021-2024,autismo_F840,solo_secundario,A090,94
2021-2024,autismo_F840,solo_secundario,Q532,89
2021-2024,autismo_F840,solo_secundario,S4240,83
2021-2024,autismo_F840,solo_secundario,F603,82
2021-2024,autismo_F840,solo_secundario,Z518,82
2021-2024,autismo_F840,solo_secundario,J189,81
2021-2024,autismo_F840,solo_secundario,K590,79
2021-2024,autismo_F840,solo_secundario,T435,79
2021-2024,autismo_F840,solo_secundario,J351,78
2021-2024,autismo_F840,solo_secundario,E101,74
2021-2024,autismo_F840,solo_secundario,G403,73
2021-2024,autismo_F840,solo_secundario,J206,72
2021-2024,autismo_F840,solo_secundario,F412,68
2021-2024,autismo_F840,solo_secundario,K028,68
2021-2024,autismo_F840,solo_secundario,G408,66
2021-2024,autismo_F840,solo_secundario,F323,66
2021-2024,autismo_F840,solo_secundario,R458,65
2021-2024,autismo_F840,solo_secundario,T391,63
2021-2024,autismo_F840,solo_secundario,T424,63
2021-2024,autismo_F840,solo_secundario,J352,62
2021-2024,autismo_F840,solo_secundario,Z138,61
2021-2024,autismo_F840,solo_secundario,K564,61
2021-2024,autismo_F840,solo_secundario,K802,60
2021-2024,autismo_F840,solo_secundario,F29,58
2021-2024,autismo_F840,solo_secundario,N10,56
2021-2024,autismo_F840,solo_secundario,U071,56
2021-2024,autismo_F840,solo_secundario,J123,55
2021-2024,autismo_F840,solo_secundario,J157,51
2021-2024,autismo_F840,solo_secundario,H509,51
2021-2024,autismo_F840,solo_secundario,N44,50
2021-2024,autismo_F840,solo_secundario,F432,49
2021-2024,autismo_F840,solo_secundario,T433,48
2021-2024,autismo_F840,solo_secundario,F239,46
2021-2024,autismo_F840,solo_secundario,G401,45
2021-2024,autismo_F840,solo_secundario,N390,44
2021-2024,autismo_F840,solo_secundario,F919,44
2021-2024,autismo_F840,solo_secundario,F431,42
2021-2024,autismo_F840,solo_secundario,K409,42
2021-2024,autismo_F840,solo_secundario,K021,41
2021-2024,autismo_F840,solo_secundario,R560,41
2021-2024,autismo_F840,solo_secundario,S5250,40
2021-2024,autismo_F840,solo_secundario,K429,39
2021-2024,autismo_F840,solo_secundario,G404,39
2021-2024,autismo_F840,solo_secundario,K010,39
2021-2024,autismo_F840,solo_secundario,G473,37
2021-2024,autismo_F840,solo_secundario,Z038,35
2021-2024,autismo_F840,solo_secundario,S0690,34
2021-2024,autismo_F840,solo_secundario,Z133,34
2021-2024,autismo_F840,solo_secundario,S517,32
2021-2024,autismo_F840,solo_secundario,F319,32
2021-2024,autismo_F840,solo_secundario,J459,32
2021-2024,autismo_F840,solo_secundario,F321,31
2021-2024,autismo_F840,solo_secundario,T850,30
2021-2024,autismo_F840,solo_secundario,L032,30
2021-2024,autismo_F840,solo_secundario,J205,30
2021-2024,autismo_F840,solo_secundario,F609,30
2021-2024,autismo_F840,solo_secundario,L031,30
2021-2024,autismo_F840,solo_secundario,S519,29
2021-2024,autismo_F840,solo_secundario,H501,29
2021-2024,autismo_F840,solo_secundario,Q668,29
2021-2024,autismo_F840,solo_secundario,K122,28
2021-2024,autismo_F840,solo_secundario,J00,28
2021-2024,autismo_F840,solo_secundario,T426,28
2021-2024,autismo_F840,solo_secundario,L600,27
2021-2024,autismo_F840,solo_secundario,F913,27
2021-2024,autismo_F840,solo_secundario,Q381,26
2021-2024,autismo_F840,solo_secundario,G419,26
2021-2024,autismo_F840,solo_secundario,F500,26
2021-2024,autismo_F840,solo_secundario,Z470,26
2021-2024,autismo_F840,solo_secundario,J100,26
2021-2024,autismo_F840,solo_secundario,J690,25
2021-2024,autismo_F840,solo_secundario,C910,25
2021-2024,autismo_F840,solo_secundario,J101,25
2021-2024,autismo_F840,solo_secundario,F419,24
2021-2024,autismo_F840,solo_secundario,J350,24
2021-2024,autismo_F840,solo_secundario,J9609,24
2021-2024,autismo_F840,solo_secundario,F982,24
2021-2024,autismo_F840,solo_secundario,A084,24
2021-2024,autismo_F840,solo_secundario,F918,23
2021-2024,autismo_F840,solo_secundario,R509,23
2021-2024,autismo_F840,solo_secundario,J120,23
2021-2024,autismo_F840,solo_secundario,J158,22
2021-2024,autismo_F840,solo_secundario,T212,22
2021-2024,autismo_F840,solo_secundario,S8280,22
2021-2024,autismo_F840,solo_secundario,J208,22
2021-2024,autismo_F840,solo_secundario,D70,22
2021-2024,autismo_F840,solo_secundario,K566,21
2021-2024,autismo_F840,solo_secundario,K047,21
2021-2024,autismo_F840,solo_secundario,R11,21
2021-2024,autismo_F840,solo_secundario,Z134,21
2021-2024,autismo_F840,solo_secundario,R451,21
2021-2024,autismo_F840,solo_secundario,T509,20
2021-2024,autismo_F840,solo_secundario,J040,20
2021-2024,autismo_F840,solo_secundario,T181,20
2021-2024,autismo_F840,solo_secundario,K800,20
2021-2024,autismo_F840,solo_secundario,A020,19
2021-2024,autismo_F840,solo_secundario,M4115,19
2021-2024,autismo_F840,solo_secundario,T393,19
2021-2024,autismo_F840,solo_secundario,K529,19
2021-2024,autismo_F840,solo_secundario,F209,19
2021-2024,autismo_F840,solo_secundario,H919,19
2021-2024,autismo_F840,solo_secundario,J13,19
2021-2024,autismo_F840,solo_secundario,S8220,19
2021-2024,autismo_F840,solo_secundario,J188,19
2021-2024,autismo_F840,solo_secundario,S6261,19
2021-2024,autismo_F840,solo_secundario,S5260,19
2021-2024,autismo_F840,solo_secundario,J122,18
2021-2024,autismo_F840,solo_secundario,J069,18
2021-2024,autismo_F840,solo_secundario,S5240,17
2021-2024,autismo_F840,solo_secundario,E106,17
2021-2024,autismo_F840,solo_secundario,L059,17
2021-2024,autismo_F840,solo_secundario,Q539,17
2021-2024,autismo_F840,solo_secundario,T71,16
2021-2024,autismo_F840,solo_secundario,T202,16
2021-2024,autismo_F840,solo_secundario,Z511,16
2021-2024,autismo_F840,solo_secundario,F39,16
2021-2024,autismo_F840,solo_secundario,H669,15
2021-2024,autismo_F840,solo_secundario,S018,15
2021-2024,autismo_F840,solo_secundario,S5200,15
2021-2024,autismo_F840,solo_secundario,F200,15
2021-2024,autismo_F840,solo_secundario,S015,15
2021-2024,autismo_F840,solo_secundario,E162,15
2021-2024,autismo_F840,solo_secundario,S8230,15
2021-2024,autismo_F840,solo_secundario,I880,15
2021-2024,autismo_F840,solo_secundario,H050,14
2021-2024,autismo_F840,solo_secundario,S4230,14
2021-2024,autismo_F840,solo_secundario,K801,14
2021-2024,autismo_F840,solo_secundario,D693,14
2021-2024,autismo_F840,solo_secundario,F608,14
2021-2024,autismo_F840,solo_secundario,E109,14
2021-2024,autismo_F840,solo_secundario,G418,14
2021-2024,autismo_F840,solo_secundario,K001,14
2021-2024,autismo_F840,solo_secundario,M2157,14
2021-2024,autismo_F840,solo_secundario,K922,14
2021-2024,autismo_F840,solo_secundario,E86,13
2021-2024,autismo_F840,solo_secundario,J9600,13
2021-2024,autismo_F840,solo_secundario,G410,13
2021-2024,autismo_F840,solo_secundario,F202,13
2021-2024,autismo_F840,solo_secundario,S5290,13
2021-2024,autismo_F840,solo_secundario,Z137,13
2021-2024,autismo_F840,solo_secundario,L050,13
2021-2024,autismo_F840,solo_secundario,S0210,13
2021-2024,autismo_F840,solo_secundario,T252,13
2021-2024,autismo_F840,solo_secundario,J181,12
2021-2024,autismo_F840,solo_secundario,F411,12
2021-2024,autismo_F840,solo_secundario,M4145,12
2021-2024,autismo_F840,solo_secundario,J36,12
2021-2024,autismo_F840,solo_secundario,S5280,12
2021-2024,autismo_F840,solo_secundario,I471,12
2021-2024,autismo_F840,solo_secundario,T430,12
2021-2024,autismo_F840,solo_secundario,J342,12
2021-2024,autismo_F840,solo_secundario,N62,12
2021-2024,autismo_F840,solo_secundario,Q541,12
2021-2024,autismo_F840,solo_secundario,S6260,12
2021-2024,autismo_F840,solo_secundario,R55,12
2021-2024,autismo_F840,solo_secundario,R13,12
2021-2024,autismo_F840,solo_secundario,J050,12
2021-2024,autismo_F840,solo_secundario,N433,11
2021-2024,autismo_F840,solo_secundario,J14,11
2021-2024,autismo_F840,solo_secundario,T543,11
2021-2024,autismo_F840,solo_secundario,E46,11
2021-2024,autismo_F840,solo_secundario,T742,11
2021-2024,autismo_F840,solo_secundario,S7230,11
2021-2024,autismo_F840,solo_secundario,K519,11
2021-2024,autismo_F840,solo_secundario,F28,11
2021-2024,autismo_F840,solo_secundario,A082,11
2021-2024,autismo_F840,solo_secundario,D480,11
2021-2024,autismo_F840,solo_secundario,S0640,11
2021-2024,autismo_F840,solo_secundario,Z018,11
2021-2024,autismo_F840,solo_secundario,K37,11
2021-2024,autismo_F840,solo_secundario,K859,11
2021-2024,autismo_F840,solo_secundario,T810,11
2021-2024,autismo_F840,solo_secundario,A86,10
2021-2024,autismo_F840,solo_secundario,K650,10
2021-2024,autismo_F840,solo_secundario,Q665,10
2021-2024,autismo_F840,solo_secundario,G048,10
2021-2024,autismo_F840,solo_secundario,K011,10
2021-2024,autismo_F840,solo_secundario,S0220,10
2021-2024,autismo_F840,solo_secundario,T242,10
2021-2024,autismo_F840,solo_secundario,K720,10
2021-2024,autismo_F840,solo_secundario,A419,10
2021-2024,autismo_F840,solo_secundario,F508,10
2021-2024,autismo_F840,solo_secundario,L040,10
2021-2024,autismo_F840,solo_secundario,D487,10
2021-2024,autismo_F840,solo_secundario,S619,9
2021-2024,autismo_F840,solo_secundario,H500,9
2021-2024,autismo_F840,solo_secundario,S5230,9
2021-2024,autismo_F840,solo_secundario,K219,9
2021-2024,autismo_F840,solo_secundario,S7290,9
2021-2024,autismo_F840,solo_secundario,E43,9
2021-2024,autismo_F840,solo_secundario,F639,9
2021-2024,autismo_F840,solo_secundario,S518,9
2021-2024,autismo_F840,solo_secundario,E872,9
2021-2024,autismo_F840,solo_secundario,F430,9
2021-2024,autismo_F840,solo_secundario,F429,9
2021-2024,autismo_F840,solo_secundario,T751,9
2021-2024,autismo_F840,solo_secundario,F09,9
2021-2024,autismo_F840,solo_secundario,T814,9
2021-2024,autismo_F840,solo_secundario,A083,9
2021-2024,autismo_F840,solo_secundario,F312,9
2021-2024,autismo_F840,solo_secundario,H506,9
2021-2024,autismo_F840,solo_secundario,E111,9
2021-2024,autismo_F840,solo_secundario,N459,9
2021-2024,autismo_F840,solo_secundario,Q549,9
2021-2024,autismo_F840,solo_secundario,Q740,9
2021-2024,autismo_F840,solo_secundario,K920,9
2021-2024,autismo_F840,solo_secundario,Q540,9
2021-2024,autismo_F840,solo_secundario,L024,9
2021-2024,autismo_F840,solo_secundario,O420,9
2021-2024,autismo_F840,solo_secundario,S411,9
2021-2024,autismo_F840,solo_secundario,K810,9
2021-2024,autismo_F840,solo_secundario,S009,9
2021-2024,autismo_F840,solo_secundario,N179,9
2021-2024,autismo_F840,solo_secundario,S0200,9
2021-2024,autismo_F840,solo_secundario,T450,8
2021-2024,autismo_F840,solo_secundario,T813,8
2021-2024,autismo_F840,solo_secundario,T510,8
2021-2024,autismo_F840,solo_secundario,L020,8
2021-2024,autismo_F840,solo_secundario,Z033,8
2021-2024,autismo_F840,solo_secundario,N049,8
2021-2024,autismo_F840,solo_secundario,M9115,8
2021-2024,autismo_F840,solo_secundario,H652,8
2021-2024,autismo_F840,solo_secundario,G049,8
2021-2024,autismo_F840,solo_secundario,J22,8
2021-2024,autismo_F840,solo_secundario,F208,8
2021-2024,autismo_F840,solo_secundario,C629,8
2021-2024,autismo_F840,solo_secundario,G402,8
2021-2024,autismo_F840,solo_secundario,K528,8
2021-2024,autismo_F840,solo_secundario,R104,8
2021-2024,autismo_F840,solo_secundario,J068,8
2021-2024,autismo_F840,solo_secundario,S7200,8
2021-2024,autismo_F840,solo_secundario,H700,8
2021-2024,autismo_F840,solo_secundario,J039,8
2021-2024,autismo_F840,solo_secundario,G610,8
2021-2024,autismo_F840,solo_secundario,Z540,8
2021-2024,autismo_F840,solo_secundario,M2147,7
2021-2024,autismo_F840,solo_secundario,L720,7
2021-2024,autismo_F840,solo_secundario,M303,7
2021-2024,autismo_F840,solo_secundario,F233,7
2021-2024,autismo_F840,solo_secundario,K561,7
2021-2024,autismo_F840,solo_secundario,K052,7
2021-2024,autismo_F840,solo_secundario,J450,7
2021-2024,autismo_F840,solo_secundario,T427,7
2021-2024,autismo_F840,solo_secundario,M930,7
2021-2024,autismo_F840,solo_secundario,T568,7
2021-2024,autismo_F840,solo_secundario,N185,7
2021-2024,autismo_F840,solo_secundario,N432,7
2021-2024,autismo_F840,solo_secundario,F900,7
2021-2024,autismo_F840,solo_secundario,O993,7
2021-2024,autismo_F840,solo_secundario,Q172,7
2021-2024,autismo_F840,solo_secundario,T222,7
2021-2024,autismo_F840,solo_secundario,G400,7
2021-2024,autismo_F840,solo_secundario,T141,7
2021-2024,autismo_F840,solo_secundario,S8210,7
2021-2024,autismo_F840,solo_secundario,S711,7
2021-2024,autismo_F840,solo_secundario,S618,7
2021-2024,autismo_F840,solo_secundario,G930,7
2021-2024,autismo_F840,solo_secundario,S011,7
2021-2024,autismo_F840,solo_secundario,K808,7
2021-2024,autismo_F840,solo_secundario,K851,7
2021-2024,autismo_F840,solo_secundario,D694,7
2021-2024,autismo_F840,solo_secundario,D619,7
2021-2024,autismo_F840,solo_secundario,D232,7
2021-2024,autismo_F840,solo_secundario,B002,7
2021-2024,autismo_F840,solo_secundario,A38,7
2021-2024,autismo_F840,solo_secundario,A047,7
2021-2024,autismo_F840,solo_secundario,K402,6
2021-2024,autismo_F840,solo_secundario,H660,6
2021-2024,autismo_F840,solo_secundario,N508,6
2021-2024,autismo_F840,solo_secundario,F449,6
2021-2024,autismo_F840,solo_secundario,B270,6
2021-2024,autismo_F840,solo_secundario,C73,6
2021-2024,autismo_F840,solo_secundario,B279,6
2021-2024,autismo_F840,solo_secundario,B340,6
2021-2024,autismo_F840,solo_secundario,E116,6
2021-2024,autismo_F840,solo_secundario,F328,6
2021-2024,autismo_F840,solo_secundario,Q851,6
2021-2024,autismo_F840,solo_secundario,R418,6
2021-2024,autismo_F840,solo_secundario,R51,6
2021-2024,autismo_F840,solo_secundario,R590,6
2021-2024,autismo_F840,solo_secundario,S013,6
2021-2024,autismo_F840,solo_secundario,S0280,6
2021-2024,autismo_F840,solo_secundario,F410,6
2021-2024,autismo_F840,solo_secundario,S099,6
2021-2024,autismo_F840,solo_secundario,T16,6
2021-2024,autismo_F840,solo_secundario,S9230,6
2021-2024,autismo_F840,solo_secundario,T182,6
2021-2024,autismo_F840,solo_secundario,J210,6
2021-2024,autismo_F840,solo_secundario,K36,6
2021-2024,autismo_F840,solo_secundario,F638,6
2021-2024,autismo_F840,solo_secundario,F809,6
2021-2024,autismo_F840,solo_secundario,F849,6
2021-2024,autismo_F840,solo_secundario,K040,6
2021-2024,autismo_F840,solo_secundario,D430,6
2021-2024,autismo_F840,solo_secundario,T292,6
2021-2024,autismo_F840,solo_secundario,T183,6
2021-2024,autismo_F840,solo_secundario,J869,6
2021-2024,autismo_F840,solo_secundario,G932,6
2021-2024,autismo_F840,solo_secundario,D593,6
2021-2024,autismo_F840,solo_secundario,D649,6
2021-2024,autismo_F840,solo_secundario,T383,5
2021-2024,autismo_F840,solo_secundario,S0620,5
2021-2024,autismo_F840,solo_secundario,T421,5
2021-2024,autismo_F840,solo_secundario,G119,5
2021-2024,autismo_F840,solo_secundario,G710,5
2021-2024,autismo_F840,solo_secundario,T405,5
2021-2024,autismo_F840,solo_secundario,S7240,5
2021-2024,autismo_F840,solo_secundario,S5270,5
2021-2024,autismo_F840,solo_secundario,S6251,5
2021-2024,autismo_F840,solo_secundario,T189,5
2021-2024,autismo_F840,solo_secundario,G411,5
2021-2024,autismo_F840,solo_secundario,G479,5
2021-2024,autismo_F840,solo_secundario,S9250,5
2021-2024,autismo_F840,solo_secundario,F911,5
2021-2024,autismo_F840,solo_secundario,T232,5
2021-2024,autismo_F840,solo_secundario,S4200,5
2021-2024,autismo_F840,solo_secundario,Q741,5
2021-2024,autismo_F840,solo_secundario,S0600,5
2021-2024,autismo_F840,solo_secundario,G934,5
2021-2024,autismo_F840,solo_secundario,K562,5
2021-2024,autismo_F840,solo_secundario,K565,5
2021-2024,autismo_F840,solo_secundario,K625,5
2021-2024,autismo_F840,solo_secundario,K805,5
2021-2024,autismo_F840,solo_secundario,L023,5
2021-2024,autismo_F840,solo_secundario,L030,5
2021-2024,autismo_F840,solo_secundario,D162,5
2021-2024,autismo_F840,solo_secundario,J851,5
2021-2024,autismo_F840,solo_secundario,J40,5
2021-2024,autismo_F840,solo_secundario,M220,5
2021-2024,autismo_F840,solo_secundario,D508,5
2021-2024,autismo_F840,solo_secundario,J219,5
2021-2024,autismo_F840,solo_secundario,J111,5
2021-2024,autismo_F840,solo_secundario,J09,5
2021-2024,autismo_F840,solo_secundario,N059,5
2021-2024,autismo_F840,solo_secundario,J030,5
2021-2024,autismo_F840,solo_secundario,N201,5
2021-2024,autismo_F840,solo_secundario,N319,5
2021-2024,autismo_F840,solo_secundario,I889,5
2021-2024,autismo_F840,solo_secundario,N835,5
2021-2024,autismo_F840,solo_secundario,Q070,5
2021-2024,autismo_F840,solo_secundario,Q120,5
2021-2024,autismo_F840,solo_secundario,Q211,5
2021-2024,autismo_F840,solo_secundario,H71,5
2021-2024,autismo_F840,solo_secundario,Q676,5
2021-2024,autismo_F840,solo_secundario,H653,5
2021-2024,autismo_F840,solo_secundario,A483,5
2021-2024,autismo_F840,solo_secundario,Q892,5
2021-2024,autismo_F840,solo_secundario,S014,5
2021-2024,autismo_F840,solo_secundario,F721,5
2021-2024,autismo_F840,solo_secundario,F192,5
2021-2024,autismo_F840,solo_secundario,T634,5
2021-2024,autismo_F840,solo_secundario,F318,5
2021-2024,autismo_F840,solo_secundario,E840,5
2021-2024,autismo_F840,solo_secundario,Z514,5
2021-2024,autismo_F840,solo_secundario,Z302,5
2021-2024,autismo_F840,solo_secundario,F069,5
2021-2024,autismo_F840,solo_secundario,Z430,5
2021-2024,autismo_F840,solo_secundario,F220,5
2021-2024,autismo_F840,solo_secundario,F439,5
2021-2024,autismo_F840,solo_secundario,I639,4
2021-2024,autismo_F840,solo_secundario,F332,4
2021-2024,autismo_F840,solo_secundario,H659,4
2021-2024,autismo_F840,solo_secundario,H903,4
2021-2024,autismo_F840,solo_secundario,H905,4
2021-2024,autismo_F840,solo_secundario,Q627,4
2021-2024,autismo_F840,solo_secundario,Q556,4
2021-2024,autismo_F840,solo_secundario,O800,4
2021-2024,autismo_F840,solo_secundario,Q369,4
2021-2024,autismo_F840,solo_secundario,I330,4
2021-2024,autismo_F840,solo_secundario,F314,4
2021-2024,autismo_F840,solo_secundario,H650,4
2021-2024,autismo_F840,solo_secundario,N832,4
2021-2024,autismo_F840,solo_secundario,T436,4
2021-2024,autismo_F840,solo_secundario,F316,4
2021-2024,autismo_F840,solo_secundario,Q379,4
2021-2024,autismo_F840,solo_secundario,Q760,4
2021-2024,autismo_F840,solo_secundario,K388,4
2021-2024,autismo_F840,solo_secundario,S010,4
2021-2024,autismo_F840,solo_secundario,S3280,4
2021-2024,autismo_F840,solo_secundario,T818,4
2021-2024,autismo_F840,solo_secundario,T827,4
2021-2024,autismo_F840,solo_secundario,G938,4
2021-2024,autismo_F840,solo_secundario,S0260,4
2021-2024,autismo_F840,solo_secundario,T848,4
2021-2024,autismo_F840,solo_secundario,S012,4
2021-2024,autismo_F840,solo_secundario,H000,4
2021-2024,autismo_F840,solo_secundario,J029,4
2021-2024,autismo_F840,solo_secundario,E161,4
2021-2024,autismo_F840,solo_secundario,F341,4
2021-2024,autismo_F840,solo_secundario,R31,4
2021-2024,autismo_F840,solo_secundario,R270,4
2021-2024,autismo_F840,solo_secundario,H502,4
2021-2024,autismo_F840,solo_secundario,H508,4
2021-2024,autismo_F840,solo_secundario,Q850,4
2021-2024,autismo_F840,solo_secundario,A049,4
2021-2024,autismo_F840,solo_secundario,T438,4
2021-2024,autismo_F840,solo_secundario,N178,4
2021-2024,autismo_F840,solo_secundario,DESCONOCIDO,4
2021-2024,autismo_F840,solo_secundario,K006,4
2021-2024,autismo_F840,solo_secundario,Z478,4
2021-2024,autismo_F840,solo_secundario,D171,4
2021-2024,autismo_F840,solo_secundario,Z480,4
2021-2024,autismo_F840,solo_secundario,L010,4
2021-2024,autismo_F840,solo_secundario,K073,4
2021-2024,autismo_F840,solo_secundario,K804,4
2021-2024,autismo_F840,solo_secundario,D234,4
2021-2024,autismo_F840,solo_secundario,K137,4
2021-2024,autismo_F840,solo_secundario,K623,4
2021-2024,autismo_F840,solo_secundario,K621,4
2021-2024,autismo_F840,solo_secundario,D27,4
2021-2024,autismo_F840,solo_secundario,K297,4
2021-2024,autismo_F840,solo_secundario,K510,4
2021-2024,autismo_F840,solo_secundario,K403,4
2021-2024,autismo_F840,solo_secundario,D367,4
2021-2024,autismo_F840,solo_secundario,D352,4
2021-2024,autismo_F840,solo_secundario,J9699,4
2021-2024,autismo_F840,solo_secundario,L209,4
2021-2024,autismo_F840,solo_secundario,L282,4
2021-2024,autismo_F840,solo_secundario,J343,4
2021-2024,autismo_F840,solo_secundario,T633,4
2021-2024,autismo_F840,solo_secundario,Z098,4
2021-2024,autismo_F840,solo_secundario,J108,4
2021-2024,autismo_F840,solo_secundario,D696,4
2021-2024,autismo_F840,solo_secundario,M7957,4
2021-2024,autismo_F840,solo_secundario,J154,4
2021-2024,autismo_F840,solo_secundario,F259,4
2021-2024,autismo_F840,solo_secundario,D509,4
2021-2024,autismo_F840,solo_secundario,J90,4
2021-2024,autismo_F840,solo_secundario,F238,4
2021-2024,autismo_F840,solo_secundario,J390,4
2021-2024,autismo_F840,solo_secundario,M2106,4
2021-2024,autismo_F840,solo_secundario,F232,4
2021-2024,autismo_F840,solo_secundario,L910,4
2021-2024,autismo_F840,solo_secundario,Z433,4
2021-2024,autismo_F840,solo_secundario,J852,4
2021-2024,autismo_F840,solo_secundario,N12,4
2021-2024,autismo_F840,solo_secundario,Q750,4
2021-2024,autismo_F840,solo_secundario,S9200,4
2021-2024,autismo_F840,solo_secundario,A499,4
2021-2024,autismo_F840,solo_secundario,F941,4
2021-2024,autismo_F840,solo_secundario,T233,4
2021-2024,autismo_F840,solo_secundario,F602,4
2021-2024,autismo_F840,solo_secundario,T511,4
2021-2024,autismo_F840,solo_secundario,T604,4
2021-2024,autismo_F840,solo_secundario,T390,4
2021-2024,autismo_F840,solo_secundario,G35,4
2021-2024,autismo_F840,solo_secundario,F83,4
2021-2024,autismo_F840,solo_secundario,T211,4
2021-2024,autismo_F840,solo_secundario,T149,4
2021-2024,autismo_F840,solo_secundario,T140,4
2021-2024,autismo_F840,solo_secundario,T461,4
2021-2024,autismo_F840,solo_secundario,S817,4
2021-2024,autismo_F840,solo_secundario,F640,4
2021-2024,autismo_F840,solo_secundario,T58,4
2021-2024,autismo_F840,solo_secundario,T434,4
2021-2024,autismo_F840,solo_secundario,F729,4
2021-2024,autismo_F840,solo_secundario,F448,4
2021-2024,autismo_F840,solo_secundario,F711,4
2021-2024,autismo_F840,solo_secundario,Q374,3
2021-2024,autismo_F840,solo_secundario,N133,3
2021-2024,autismo_F840,solo_secundario,N132,3
2021-2024,autismo_F840,solo_secundario,Q542,3
2021-2024,autismo_F840,solo_secundario,T520,3
2021-2024,autismo_F840,solo_secundario,Q548,3
2021-2024,autismo_F840,solo_secundario,N048,3
2021-2024,autismo_F840,solo_secundario,F302,3
2021-2024,autismo_F840,solo_secundario,T203,3
2021-2024,autismo_F840,solo_secundario,D695,3
2021-2024,autismo_F840,solo_secundario,N288,3
2021-2024,autismo_F840,solo_secundario,F952,3
2021-2024,autismo_F840,solo_secundario,M673,3
2021-2024,autismo_F840,solo_secundario,J180,3
2021-2024,autismo_F840,solo_secundario,M670,3
2021-2024,autismo_F840,solo_secundario,D66,3
2021-2024,autismo_F840,solo_secundario,J204,3
2021-2024,autismo_F840,solo_secundario,Z291,3
2021-2024,autismo_F840,solo_secundario,Z048,3
2021-2024,autismo_F840,solo_secundario,J014,3
2021-2024,autismo_F840,solo_secundario,C717,3
2021-2024,autismo_F840,solo_secundario,Q359,3
2021-2024,autismo_F840,solo_secundario,G060,3
2021-2024,autismo_F840,solo_secundario,Z011,3
2021-2024,autismo_F840,solo_secundario,Q181,3
2021-2024,autismo_F840,solo_secundario,T068,3
2021-2024,autismo_F840,solo_secundario,Z016,3
2021-2024,autismo_F840,solo_secundario,Q068,3
2021-2024,autismo_F840,solo_secundario,Q048,3
2021-2024,autismo_F840,solo_secundario,O820,3
2021-2024,autismo_F840,solo_secundario,O700,3
2021-2024,autismo_F840,solo_secundario,I500,3
2021-2024,autismo_F840,solo_secundario,I638,3
2021-2024,autismo_F840,solo_secundario,G111,3
2021-2024,autismo_F840,solo_secundario,F320,3
2021-2024,autismo_F840,solo_secundario,N764,3
2021-2024,autismo_F840,solo_secundario,Z031,3
2021-2024,autismo_F840,solo_secundario,N500,3
2021-2024,autismo_F840,solo_secundario,N480,3
2021-2024,autismo_F840,solo_secundario,N40,3
2021-2024,autismo_F840,solo_secundario,Q431,3
2021-2024,autismo_F840,solo_secundario,N800,3
2021-2024,autismo_F840,solo_secundario,S610,3
2021-2024,autismo_F840,solo_secundario,D580,3
2021-2024,autismo_F840,solo_secundario,F929,3
2021-2024,autismo_F840,solo_secundario,K055,3
2021-2024,autismo_F840,solo_secundario,L021,3
2021-2024,autismo_F840,solo_secundario,T464,3
2021-2024,autismo_F840,solo_secundario,K071,3
2021-2024,autismo_F840,solo_secundario,K918,3
2021-2024,autismo_F840,solo_secundario,K850,3
2021-2024,autismo_F840,solo_secundario,T407,3
2021-2024,autismo_F840,solo_secundario,K803,3
2021-2024,autismo_F840,solo_secundario,K090,3
2021-2024,autismo_F840,solo_secundario,A031,3
2021-2024,autismo_F840,solo_secundario,D233,3
2021-2024,autismo_F840,solo_secundario,K112,3
2021-2024,autismo_F840,solo_secundario,K754,3
2021-2024,autismo_F840,solo_secundario,D235,3
2021-2024,autismo_F840,solo_secundario,D391,3
2021-2024,autismo_F840,solo_secundario,Z548,3
2021-2024,autismo_F840,solo_secundario,K222,3
2021-2024,autismo_F840,solo_secundario,K610,3
2021-2024,autismo_F840,solo_secundario,K260,3
2021-2024,autismo_F840,solo_secundario,K550,3
2021-2024,autismo_F840,solo_secundario,K439,3
2021-2024,autismo_F840,solo_secundario,D376,3
2021-2024,autismo_F840,solo_secundario,Z915,3
2021-2024,autismo_F840,solo_secundario,D401,3
2021-2024,autismo_F840,solo_secundario,L022,3
2021-2024,autismo_F840,solo_secundario,F82,3
2021-2024,autismo_F840,solo_secundario,L603,3
2021-2024,autismo_F840,solo_secundario,Z431,3
2021-2024,autismo_F840,solo_secundario,M2186,3
2021-2024,autismo_F840,solo_secundario,F459,3
2021-2024,autismo_F840,solo_secundario,M201,3
2021-2024,autismo_F840,solo_secundario,D444,3
2021-2024,autismo_F840,solo_secundario,L905,3
2021-2024,autismo_F840,solo_secundario,J849,3
2021-2024,autismo_F840,solo_secundario,J850,3
2021-2024,autismo_F840,solo_secundario,Z452,3
2021-2024,autismo_F840,solo_secundario,F901,3
2021-2024,autismo_F840,solo_secundario,L511,3
2021-2024,autismo_F840,solo_secundario,K046,3
2021-2024,autismo_F840,solo_secundario,J955,3
2021-2024,autismo_F840,solo_secundario,F89,3
2021-2024,autismo_F840,solo_secundario,T465,3
2021-2024,autismo_F840,solo_secundario,T360,3
2021-2024,autismo_F840,solo_secundario,J982,3
2021-2024,autismo_F840,solo_secundario,L088,3
2021-2024,autismo_F840,solo_secundario,J988,3
2021-2024,autismo_F840,solo_secundario,K025,3
2021-2024,autismo_F840,solo_secundario,L038,3
2021-2024,autismo_F840,solo_secundario,K044,3
2021-2024,autismo_F840,solo_secundario,J448,3
2021-2024,autismo_F840,solo_secundario,C924,3
2021-2024,autismo_F840,solo_secundario,H503,3
2021-2024,autismo_F840,solo_secundario,S8260,3
2021-2024,autismo_F840,solo_secundario,E230,3
2021-2024,autismo_F840,solo_secundario,T780,3
2021-2024,autismo_F840,solo_secundario,S681,3
2021-2024,autismo_F840,solo_secundario,H611,3
2021-2024,autismo_F840,solo_secundario,R21,3
2021-2024,autismo_F840,solo_secundario,H270,3
2021-2024,autismo_F840,solo_secundario,B085,3
2021-2024,autismo_F840,solo_secundario,Q699,3
2021-2024,autismo_F840,solo_secundario,S311,3
2021-2024,autismo_F840,solo_secundario,S310,3
2021-2024,autismo_F840,solo_secundario,S8240,3
2021-2024,autismo_F840,solo_secundario,B018,3
2021-2024,autismo_F840,solo_secundario,H532,3
2021-2024,autismo_F840,solo_secundario,H330,3
2021-2024,autismo_F840,solo_secundario,G259,3
2021-2024,autismo_F840,solo_secundario,C56,3
2021-2024,autismo_F840,solo_secundario,B348,3
2021-2024,autismo_F840,solo_secundario,G809,3
2021-2024,autismo_F840,solo_secundario,F068,3
2021-2024,autismo_F840,solo_secundario,S0680,3
2021-2024,autismo_F840,solo_secundario,Q870,3
2021-2024,autismo_F840,solo_secundario,S058,3
2021-2024,autismo_F840,solo_secundario,G919,3
2021-2024,autismo_F840,solo_secundario,S0630,3
2021-2024,autismo_F840,solo_secundario,Q909,3
2021-2024,autismo_F840,solo_secundario,R100,3
2021-2024,autismo_F840,solo_secundario,G918,3
2021-2024,autismo_F840,solo_secundario,T658,3
2021-2024,autismo_F840,solo_secundario,R258,3
2021-2024,autismo_F840,solo_secundario,F070,3
2021-2024,autismo_F840,solo_secundario,S810,3
2021-2024,autismo_F840,solo_secundario,S617,3
2021-2024,autismo_F840,solo_secundario,B199,3
2021-2024,autismo_F840,solo_secundario,S5220,3
2021-2024,autismo_F840,solo_secundario,Q658,3
2021-2024,autismo_F840,solo_secundario,C402,3
2021-2024,autismo_F840,solo_secundario,T885,3
2021-2024,autismo_F840,solo_secundario,G448,3
2021-2024,autismo_F840,solo_secundario,Q675,3
2021-2024,autismo_F840,solo_secundario,B09,3
2021-2024,autismo_F840,solo_secundario,E108,3
2021-2024,autismo_F840,solo_secundario,H46,3
2021-2024,autismo_F840,solo_secundario,H664,3
2021-2024,autismo_F840,solo_secundario,H186,3
2021-2024,autismo_F840,solo_secundario,F100,3
2021-2024,autismo_F840,solo_secundario,M0095,2
2021-2024,autismo_F840,solo_secundario,D163,2
2021-2024,autismo_F840,solo_secundario,M2116,2
2021-2024,autismo_F840,solo_secundario,T273,2
2021-2024,autismo_F840,solo_secundario,T825,2
2021-2024,autismo_F840,solo_secundario,S661,2
2021-2024,autismo_F840,solo_secundario,S050,2
2021-2024,autismo_F840,solo_secundario,L928,2
2021-2024,autismo_F840,solo_secundario,B021,2
2021-2024,autismo_F840,solo_secundario,T243,2
2021-2024,autismo_F840,solo_secundario,S7220,2
2021-2024,autismo_F840,solo_secundario,L041,2
2021-2024,autismo_F840,solo_secundario,D165,2
2021-2024,autismo_F840,solo_secundario,Z458,2
2021-2024,autismo_F840,solo_secundario,T251,2
2021-2024,autismo_F840,solo_secundario,R508,2
2021-2024,autismo_F840,solo_secundario,T241,2
2021-2024,autismo_F840,solo_secundario,M205,2
2021-2024,autismo_F840,solo_secundario,B084,2
2021-2024,autismo_F840,solo_secundario,T490,2
2021-2024,autismo_F840,solo_secundario,S019,2
2021-2024,autismo_F840,solo_secundario,B679,2
2021-2024,autismo_F840,solo_secundario,M0098,2
2021-2024,autismo_F840,solo_secundario,M0099,2
2021-2024,autismo_F840,solo_secundario,T594,2
2021-2024,autismo_F840,solo_secundario,B350,2
2021-2024,autismo_F840,solo_secundario,L988,2
2021-2024,autismo_F840,solo_secundario,T824,2
2021-2024,autismo_F840,solo_secundario,T471,2
2021-2024,autismo_F840,solo_secundario,T858,2
2021-2024,autismo_F840,solo_secundario,L923,2
2021-2024,autismo_F840,solo_secundario,S0250,2
2021-2024,autismo_F840,solo_secundario,L509,2
2021-2024,autismo_F840,solo_secundario,L500,2
2021-2024,autismo_F840,solo_secundario,S6280,2
2021-2024,autismo_F840,solo_secundario,S0230,2
2021-2024,autismo_F840,solo_secundario,Q621,2
2021-2024,autismo_F840,solo_secundario,L033,2
2021-2024,autismo_F840,solo_secundario,D259,2
2021-2024,autismo_F840,solo_secundario,K626,2
2021-2024,autismo_F840,solo_secundario,B341,2
2021-2024,autismo_F840,solo_secundario,T749,2
2021-2024,autismo_F840,solo_secundario,S4220,2
2021-2024,autismo_F840,solo_secundario,K605,2
2021-2024,autismo_F840,solo_secundario,K602,2
2021-2024,autismo_F840,solo_secundario,K593,2
2021-2024,autismo_F840,solo_secundario,K592,2
2021-2024,autismo_F840,solo_secundario,B278,2
2021-2024,autismo_F840,solo_secundario,Z653,2
2021-2024,autismo_F840,solo_secundario,Z763,2
2021-2024,autismo_F840,solo_secundario,K633,2
2021-2024,autismo_F840,solo_secundario,T428,2
2021-2024,autismo_F840,solo_secundario,K551,2
2021-2024,autismo_F840,solo_secundario,D290,2
2021-2024,autismo_F840,solo_secundario,T447,2
2021-2024,autismo_F840,solo_secundario,A46,2
2021-2024,autismo_F840,solo_secundario,K500,2
2021-2024,autismo_F840,solo_secundario,K469,2
2021-2024,autismo_F840,solo_secundario,D330,2
2021-2024,autismo_F840,solo_secundario,S5210,2
2021-2024,autismo_F840,solo_secundario,A418,2
2021-2024,autismo_F840,solo_secundario,S3701,2
2021-2024,autismo_F840,solo_secundario,K649,2
2021-2024,autismo_F840,solo_secundario,A040,2
2021-2024,autismo_F840,solo_secundario,D177,2
2021-2024,autismo_F840,solo_secundario,D170,2
2021-2024,autismo_F840,solo_secundario,S6220,2
2021-2024,autismo_F840,solo_secundario,A630,2
2021-2024,autismo_F840,solo_secundario,L028,2
2021-2024,autismo_F840,solo_secundario,B349,2
2021-2024,autismo_F840,solo_secundario,S0650,2
2021-2024,autismo_F840,solo_secundario,S0651,2
2021-2024,autismo_F840,solo_secundario,S0660,2
2021-2024,autismo_F840,solo_secundario,M2316,2
2021-2024,autismo_F840,solo_secundario,S097,2
2021-2024,autismo_F840,solo_secundario,T462,2
2021-2024,autismo_F840,solo_secundario,D236,2
2021-2024,autismo_F840,solo_secundario,S098,2
2021-2024,autismo_F840,solo_secundario,T796,2
2021-2024,autismo_F840,solo_secundario,S119,2
2021-2024,autismo_F840,solo_secundario,T409,2
2021-2024,autismo_F840,solo_secundario,S198,2
2021-2024,autismo_F840,solo_secundario,T783,2
2021-2024,autismo_F840,solo_secundario,S202,2
2021-2024,autismo_F840,solo_secundario,S312,2
2021-2024,autismo_F840,solo_secundario,K769,2
2021-2024,autismo_F840,solo_secundario,S3200,2
2021-2024,autismo_F840,solo_secundario,B019,2
2021-2024,autismo_F840,solo_secundario,F193,2
2021-2024,autismo_F840,solo_secundario,T505,2
2021-2024,autismo_F840,solo_secundario,N906,2
2021-2024,autismo_F840,solo_secundario,T131,2
2021-2024,autismo_F840,solo_secundario,Q692,2
2021-2024,autismo_F840,solo_secundario,O600,2
2021-2024,autismo_F840,solo_secundario,O429,2
2021-2024,autismo_F840,solo_secundario,O244,2
2021-2024,autismo_F840,solo_secundario,O241,2
2021-2024,autismo_F840,solo_secundario,O141,2
2021-2024,autismo_F840,solo_secundario,O049,2
2021-2024,autismo_F840,solo_secundario,O021,2
2021-2024,autismo_F840,solo_secundario,T958,2
2021-2024,autismo_F840,solo_secundario,N939,2
2021-2024,autismo_F840,solo_secundario,T529,2
2021-2024,autismo_F840,solo_secundario,O990,2
2021-2024,autismo_F840,solo_secundario,N751,2
2021-2024,autismo_F840,solo_secundario,N739,2
2021-2024,autismo_F840,solo_secundario,N701,2
2021-2024,autismo_F840,solo_secundario,S8200,2
2021-2024,autismo_F840,solo_secundario,N488,2
2021-2024,autismo_F840,solo_secundario,N483,2
2021-2024,autismo_F840,solo_secundario,N481,2
2021-2024,autismo_F840,solo_secundario,T905,2
2021-2024,autismo_F840,solo_secundario,S5271,2
2021-2024,autismo_F840,solo_secundario,N410,2
2021-2024,autismo_F840,solo_secundario,T173,2
2021-2024,autismo_F840,solo_secundario,S8250,2
2021-2024,autismo_F840,solo_secundario,Q02,2
2021-2024,autismo_F840,solo_secundario,M310,2
2021-2024,autismo_F840,solo_secundario,A400,2
2021-2024,autismo_F840,solo_secundario,C710,2
2021-2024,autismo_F840,solo_secundario,Q643,2
2021-2024,autismo_F840,solo_secundario,Q644,2
2021-2024,autismo_F840,solo_secundario,C716,2
2021-2024,autismo_F840,solo_secundario,C719,2
2021-2024,autismo_F840,solo_secundario,Q505,2
2021-2024,autismo_F840,solo_secundario,Q660,2
2021-2024,autismo_F840,solo_secundario,Q390,2
2021-2024,autismo_F840,solo_secundario,U072,2
2021-2024,autismo_F840,solo_secundario,Q667,2
2021-2024,autismo_F840,solo_secundario,Q378,2
2021-2024,autismo_F840,solo_secundario,Q360,2
2021-2024,autismo_F840,solo_secundario,Q038,2
2021-2024,autismo_F840,solo_secundario,Q353,2
2021-2024,autismo_F840,solo_secundario,A162,2
2021-2024,autismo_F840,solo_secundario,Q254,2
2021-2024,autismo_F840,solo_secundario,S9251,2
2021-2024,autismo_F840,solo_secundario,Q234,2
2021-2024,autismo_F840,solo_secundario,Q203,2
2021-2024,autismo_F840,solo_secundario,Q175,2
2021-2024,autismo_F840,solo_secundario,S8290,2
2021-2024,autismo_F840,solo_secundario,Q100,2
2021-2024,autismo_F840,solo_secundario,Q690,2
2021-2024,autismo_F840,solo_secundario,Q039,2
2021-2024,autismo_F840,solo_secundario,C925,2
2021-2024,autismo_F840,solo_secundario,Z032,2
2021-2024,autismo_F840,solo_secundario,Q878,2
2021-2024,autismo_F840,solo_secundario,M6288,2
2021-2024,autismo_F840,solo_secundario,M7916,2
2021-2024,autismo_F840,solo_secundario,M7116,2
2021-2024,autismo_F840,solo_secundario,R17,2
2021-2024,autismo_F840,solo_secundario,A045,2
2021-2024,autismo_F840,solo_secundario,M6598,2
2021-2024,autismo_F840,solo_secundario,M6596,2
2021-2024,autismo_F840,solo_secundario,R268,2
2021-2024,autismo_F840,solo_secundario,M6595,2
2021-2024,autismo_F840,solo_secundario,S819,2
2021-2024,autismo_F840,solo_secundario,M6514,2
2021-2024,autismo_F840,solo_secundario,R402,2
2021-2024,autismo_F840,solo_secundario,B001,2
2021-2024,autismo_F840,solo_secundario,T175,2
2021-2024,autismo_F840,solo_secundario,S831,2
2021-2024,autismo_F840,solo_secundario,M6009,2
2021-2024,autismo_F840,solo_secundario,M6000,2
2021-2024,autismo_F840,solo_secundario,M5456,2
2021-2024,autismo_F840,solo_secundario,M4194,2
2021-2024,autismo_F840,solo_secundario,D110,2
2021-2024,autismo_F840,solo_secundario,M331,2
2021-2024,autismo_F840,solo_secundario,M330,2
2021-2024,autismo_F840,solo_secundario,A870,2
2021-2024,autismo_F840,solo_secundario,M329,2
2021-2024,autismo_F840,solo_secundario,M328,2
2021-2024,autismo_F840,solo_secundario,M7938,2
2021-2024,autismo_F840,solo_secundario,M7955,2
2021-2024,autismo_F840,solo_secundario,C541,2
2021-2024,autismo_F840,solo_secundario,M7966,2
2021-2024,autismo_F840,solo_secundario,N200,2
2021-2024,autismo_F840,solo_secundario,C959,2
2021-2024,autismo_F840,solo_secundario,T179,2
2021-2024,autismo_F840,solo_secundario,T887,2
2021-2024,autismo_F840,solo_secundario,B003,2
2021-2024,autismo_F840,solo_secundario,N137,2
2021-2024,autismo_F840,solo_secundario,R040,2
2021-2024,autismo_F840,solo_secundario,R068,2
2021-2024,autismo_F840,solo_secundario,T185,2
2021-2024,autismo_F840,solo_secundario,A048,2
2021-2024,autismo_F840,solo_secundario,N028,2
2021-2024,autismo_F840,solo_secundario,A410,2
2021-2024,autismo_F840,solo_secundario,N009,2
2021-2024,autismo_F840,solo_secundario,R101,2
2021-2024,autismo_F840,solo_secundario,M939,2
2021-2024,autismo_F840,solo_secundario,M938,2
2021-2024,autismo_F840,solo_secundario,M8697,2
2021-2024,autismo_F840,solo_secundario,M8696,2
2021-2024,autismo_F840,solo_secundario,M8686,2
2021-2024,autismo_F840,solo_secundario,R103,2
2021-2024,autismo_F840,solo_secundario,Z135,2
2021-2024,autismo_F840,solo_secundario,M8446,2
2021-2024,autismo_F840,solo_secundario,M8403,2
2021-2024,autismo_F840,solo_secundario,Q250,2
2021-2024,autismo_F840,solo_secundario,M6099,2
2021-2024,autismo_F840,solo_secundario,K108,2
2021-2024,autismo_F840,solo_secundario,J200,2
2021-2024,autismo_F840,solo_secundario,G819,2
2021-2024,autismo_F840,solo_secundario,F418,2
2021-2024,autismo_F840,solo_secundario,D479,2
2021-2024,autismo_F840,solo_secundario,F988,2
2021-2024,autismo_F840,solo_secundario,I400,2
2021-2024,autismo_F840,solo_secundario,G001,2
2021-2024,autismo_F840,solo_secundario,G801,2
2021-2024,autismo_F840,solo_secundario,E830,2
2021-2024,autismo_F840,solo_secundario,D690,2
2021-2024,autismo_F840,solo_secundario,G729,2
2021-2024,autismo_F840,solo_secundario,J153,2
2021-2024,autismo_F840,solo_secundario,G039,2
2021-2024,autismo_F840,solo_secundario,F388,2
2021-2024,autismo_F840,solo_secundario,I802,2
2021-2024,autismo_F840,solo_secundario,F349,2
2021-2024,autismo_F840,solo_secundario,I828,2
2021-2024,autismo_F840,solo_secundario,F339,2
2021-2024,autismo_F840,solo_secundario,F334,2
2021-2024,autismo_F840,solo_secundario,K079,2
2021-2024,autismo_F840,solo_secundario,J150,2
2021-2024,autismo_F840,solo_secundario,K092,2
2021-2024,autismo_F840,solo_secundario,K102,2
2021-2024,autismo_F840,solo_secundario,E871,2
2021-2024,autismo_F840,solo_secundario,G042,2
2021-2024,autismo_F840,solo_secundario,J340,2
2021-2024,autismo_F840,solo_secundario,F959,2
2021-2024,autismo_F840,solo_secundario,K051,2
2021-2024,autismo_F840,solo_secundario,D692,2
2021-2024,autismo_F840,solo_secundario,K050,2
2021-2024,autismo_F840,solo_secundario,F501,2
2021-2024,autismo_F840,solo_secundario,G909,2
2021-2024,autismo_F840,solo_secundario,J950,2
2021-2024,autismo_F840,solo_secundario,J958,2
2021-2024,autismo_F840,solo_secundario,J329,2
2021-2024,autismo_F840,solo_secundario,G824,2
2021-2024,autismo_F840,solo_secundario,F920,2
2021-2024,autismo_F840,solo_secundario,F930,2
2021-2024,autismo_F840,solo_secundario,E876,2
2021-2024,autismo_F840,solo_secundario,E870,2
2021-2024,autismo_F840,solo_secundario,G821,2
2021-2024,autismo_F840,solo_secundario,I671,2
2021-2024,autismo_F840,solo_secundario,J984,2
2021-2024,autismo_F840,solo_secundario,F03,2
2021-2024,autismo_F840,solo_secundario,G942,2
2021-2024,autismo_F840,solo_secundario,F058,2
2021-2024,autismo_F840,solo_secundario,G432,2
2021-2024,autismo_F840,solo_secundario,F422,2
2021-2024,autismo_F840,solo_secundario,I675,2
2021-2024,autismo_F840,solo_secundario,D589,2
2021-2024,autismo_F840,solo_secundario,F061,2
2021-2024,autismo_F840,solo_secundario,K041,2
2021-2024,autismo_F840,solo_secundario,G431,2
2021-2024,autismo_F840,solo_secundario,D648,2
2021-2024,autismo_F840,solo_secundario,J202,2
2021-2024,autismo_F840,solo_secundario,E274,2
2021-2024,autismo_F840,solo_secundario,J931,2
2021-2024,autismo_F840,solo_secundario,I861,2
2021-2024,autismo_F840,solo_secundario,G210,2
2021-2024,autismo_F840,solo_secundario,I456,2
2021-2024,autismo_F840,solo_secundario,F250,2
2021-2024,autismo_F840,solo_secundario,F317,2
2021-2024,autismo_F840,solo_secundario,F130,2
2021-2024,autismo_F840,solo_secundario,H654,2
2021-2024,autismo_F840,solo_secundario,K291,2
2021-2024,autismo_F840,solo_secundario,K295,2
2021-2024,autismo_F840,solo_secundario,F143,2
2021-2024,autismo_F840,solo_secundario,F205,2
2021-2024,autismo_F840,solo_secundario,G240,2
2021-2024,autismo_F840,solo_secundario,F709,2
2021-2024,autismo_F840,solo_secundario,D728,2
2021-2024,autismo_F840,solo_secundario,G700,2
2021-2024,autismo_F840,solo_secundario,F803,2
2021-2024,autismo_F840,solo_secundario,F799,2
2021-2024,autismo_F840,solo_secundario,J110,2
2021-2024,autismo_F840,solo_secundario,D734,2
2021-2024,autismo_F840,solo_secundario,E149,2
2021-2024,autismo_F840,solo_secundario,I472,2
2021-2024,autismo_F840,solo_secundario,K317,2
2021-2024,autismo_F840,solo_secundario,G253,2
2021-2024,autismo_F840,solo_secundario,G255,2
2021-2024,autismo_F840,solo_secundario,F791,2
2021-2024,autismo_F840,solo_secundario,I499,2
2021-2024,autismo_F840,solo_secundario,E115,2
2021-2024,autismo_F840,solo_secundario,E301,2
2021-2024,autismo_F840,solo_secundario,G478,2
2021-2024,autismo_F840,solo_secundario,F122,2
2021-2024,autismo_F840,solo_secundario,H269,2
2021-2024,autismo_F840,solo_secundario,F309,2
2021-2024,autismo_F840,solo_secundario,H918,2
2021-2024,autismo_F840,solo_secundario,I442,2
2021-2024,autismo_F840,solo_secundario,G405,2
2021-2024,autismo_F840,solo_secundario,J441,2
2021-2024,autismo_F840,solo_secundario,D383,2
2021-2024,autismo_F840,solo_secundario,F606,2
2021-2024,autismo_F840,solo_secundario,I609,2
2021-2024,autismo_F840,solo_secundario,I443,2
2021-2024,autismo_F840,solo_secundario,F315,2
2021-2024,autismo_F840,solo_secundario,K250,2
2021-2024,autismo_F840,solo_secundario,J018,2
2021-2024,autismo_F840,solo_secundario,B300,1
2021-2024,autismo_F840,solo_secundario,G459,1
2021-2024,autismo_F840,solo_secundario,B301,1
2021-2024,autismo_F840,solo_secundario,G472,1
2021-2024,autismo_F840,solo_secundario,G521,1
2021-2024,autismo_F840,solo_secundario,S3281,1
2021-2024,autismo_F840,solo_secundario,S500,1
2021-2024,autismo_F840,solo_secundario,S4290,1
2021-2024,autismo_F840,solo_secundario,S399,1
2021-2024,autismo_F840,solo_secundario,G530,1
2021-2024,autismo_F840,solo_secundario,S3600,1
2021-2024,autismo_F840,solo_secundario,S4241,1
2021-2024,autismo_F840,solo_secundario,S430,1
2021-2024,autismo_F840,solo_secundario,S3610,1
2021-2024,autismo_F840,solo_secundario,S3661,1
2021-2024,autismo_F840,solo_secundario,S3680,1
2021-2024,autismo_F840,solo_secundario,S3681,1
2021-2024,autismo_F840,solo_secundario,S499,1
2021-2024,autismo_F840,solo_secundario,G561,1
2021-2024,autismo_F840,solo_secundario,S3721,1
2021-2024,autismo_F840,solo_secundario,S3710,1
2021-2024,autismo_F840,solo_secundario,S4270,1
2021-2024,autismo_F840,solo_secundario,K381,1
2021-2024,autismo_F840,solo_secundario,B159,1
2021-2024,autismo_F840,solo_secundario,G458,1
2021-2024,autismo_F840,solo_secundario,B082,1
2021-2024,autismo_F840,solo_secundario,S630,1
2021-2024,autismo_F840,solo_secundario,S640,1
2021-2024,autismo_F840,solo_secundario,S641,1
2021-2024,autismo_F840,solo_secundario,S663,1
2021-2024,autismo_F840,solo_secundario,E308,1
2021-2024,autismo_F840,solo_secundario,S698,1
2021-2024,autismo_F840,solo_secundario,S700,1
2021-2024,autismo_F840,solo_secundario,B07,1
2021-2024,autismo_F840,solo_secundario,B027,1
2021-2024,autismo_F840,solo_secundario,E343,1
2021-2024,autismo_F840,solo_secundario,E41,1
2021-2024,autismo_F840,solo_secundario,E441,1
2021-2024,autismo_F840,solo_secundario,S7271,1
2021-2024,autismo_F840,solo_secundario,E538,1
2021-2024,autismo_F840,solo_secundario,S7291,1
2021-2024,autismo_F840,solo_secundario,S797,1
2021-2024,autismo_F840,solo_secundario,S800,1
2021-2024,autismo_F840,solo_secundario,G379,1
2021-2024,autismo_F840,solo_secundario,G378,1
2021-2024,autismo_F840,solo_secundario,S818,1
2021-2024,autismo_F840,solo_secundario,G360,1
2021-2024,autismo_F840,solo_secundario,G406,1
2021-2024,autismo_F840,solo_secundario,G407,1
2021-2024,autismo_F840,solo_secundario,G453,1
2021-2024,autismo_F840,solo_secundario,S6250,1
2021-2024,autismo_F840,solo_secundario,G440,1
2021-2024,autismo_F840,solo_secundario,G439,1
2021-2024,autismo_F840,solo_secundario,B269,1
2021-2024,autismo_F840,solo_secundario,B24,1
2021-2024,autismo_F840,solo_secundario,G438,1
2021-2024,autismo_F840,solo_secundario,B178,1
2021-2024,autismo_F840,solo_secundario,B169,1
2021-2024,autismo_F840,solo_secundario,S5281,1
2021-2024,autismo_F840,solo_secundario,S3270,1
2021-2024,autismo_F840,solo_secundario,S5291,1
2021-2024,autismo_F840,solo_secundario,S551,1
2021-2024,autismo_F840,solo_secundario,S598,1
2021-2024,autismo_F840,solo_secundario,S607,1
2021-2024,autismo_F840,solo_secundario,E232,1
2021-2024,autismo_F840,solo_secundario,S611,1
2021-2024,autismo_F840,solo_secundario,E236,1
2021-2024,autismo_F840,solo_secundario,G412,1
2021-2024,autismo_F840,solo_secundario,E272,1
2021-2024,autismo_F840,solo_secundario,S6210,1
2021-2024,autismo_F840,solo_secundario,S6230,1
2021-2024,autismo_F840,solo_secundario,S6240,1
2021-2024,autismo_F840,solo_secundario,E222,1
2021-2024,autismo_F840,solo_secundario,S117,1
2021-2024,autismo_F840,solo_secundario,S3230,1
2021-2024,autismo_F840,solo_secundario,H271,1
2021-2024,autismo_F840,solo_secundario,H268,1
2021-2024,autismo_F840,solo_secundario,R260,1
2021-2024,autismo_F840,solo_secundario,H260,1
2021-2024,autismo_F840,solo_secundario,H259,1
2021-2024,autismo_F840,solo_secundario,R298,1
2021-2024,autismo_F840,solo_secundario,H160,1
2021-2024,autismo_F840,solo_secundario,R33,1
2021-2024,autismo_F840,solo_secundario,R400,1
2021-2024,autismo_F840,solo_secundario,H158,1
2021-2024,autismo_F840,solo_secundario,H131,1
2021-2024,autismo_F840,solo_secundario,R42,1
2021-2024,autismo_F840,solo_secundario,R443,1
2021-2024,autismo_F840,solo_secundario,C502,1
2021-2024,autismo_F840,solo_secundario,R456,1
2021-2024,autismo_F840,solo_secundario,C410,1
2021-2024,autismo_F840,solo_secundario,H045,1
2021-2024,autismo_F840,solo_secundario,H043,1
2021-2024,autismo_F840,solo_secundario,H028,1
2021-2024,autismo_F840,solo_secundario,C384,1
2021-2024,autismo_F840,solo_secundario,C229,1
2021-2024,autismo_F840,solo_secundario,C224,1
2021-2024,autismo_F840,solo_secundario,R571,1
2021-2024,autismo_F840,solo_secundario,R572,1
2021-2024,autismo_F840,solo_secundario,H024,1
2021-2024,autismo_F840,solo_secundario,R91,1
2021-2024,autismo_F840,solo_secundario,R250,1
2021-2024,autismo_F840,solo_secundario,R15,1
2021-2024,autismo_F840,solo_secundario,S3210,1
2021-2024,autismo_F840,solo_secundario,C509,1
2021-2024,autismo_F840,solo_secundario,E145,1
2021-2024,autismo_F840,solo_secundario,E148,1
2021-2024,autismo_F840,solo_secundario,Q872,1
2021-2024,autismo_F840,solo_secundario,Q874,1
2021-2024,autismo_F840,solo_secundario,H492,1
2021-2024,autismo_F840,solo_secundario,Q893,1
2021-2024,autismo_F840,solo_secundario,Q898,1
2021-2024,autismo_F840,solo_secundario,H490,1
2021-2024,autismo_F840,solo_secundario,Q923,1
2021-2024,autismo_F840,solo_secundario,Q930,1
2021-2024,autismo_F840,solo_secundario,Q992,1
2021-2024,autismo_F840,solo_secundario,Q998,1
2021-2024,autismo_F840,solo_secundario,R000,1
2021-2024,autismo_F840,solo_secundario,H471,1
2021-2024,autismo_F840,solo_secundario,R042,1
2021-2024,autismo_F840,solo_secundario,R05,1
2021-2024,autismo_F840,solo_secundario,H470,1
2021-2024,autismo_F840,solo_secundario,R072,1
2021-2024,autismo_F840,solo_secundario,R074,1
2021-2024,autismo_F840,solo_secundario,R090,1
2021-2024,autismo_F840,solo_secundario,H431,1
2021-2024,autismo_F840,solo_secundario,H408,1
2021-2024,autismo_F840,solo_secundario,H405,1
2021-2024,autismo_F840,solo_secundario,H334,1
2021-2024,autismo_F840,solo_secundario,H333,1
2021-2024,autismo_F840,solo_secundario,S001,1
2021-2024,autismo_F840,solo_secundario,S003,1
2021-2024,autismo_F840,solo_secundario,S005,1
2021-2024,autismo_F840,solo_secundario,C20,1
2021-2024,autismo_F840,solo_secundario,G808,1
2021-2024,autismo_F840,solo_secundario,S0691,1
2021-2024,autismo_F840,solo_secundario,S081,1
2021-2024,autismo_F840,solo_secundario,G800,1
2021-2024,autismo_F840,solo_secundario,S109,1
2021-2024,autismo_F840,solo_secundario,G258,1
2021-2024,autismo_F840,solo_secundario,G723,1
2021-2024,autismo_F840,solo_secundario,S1270,1
2021-2024,autismo_F840,solo_secundario,S131,1
2021-2024,autismo_F840,solo_secundario,S134,1
2021-2024,autismo_F840,solo_secundario,S141,1
2021-2024,autismo_F840,solo_secundario,S142,1
2021-2024,autismo_F840,solo_secundario,G719,1
2021-2024,autismo_F840,solo_secundario,S199,1
2021-2024,autismo_F840,solo_secundario,G709,1
2021-2024,autismo_F840,solo_secundario,S211,1
2021-2024,autismo_F840,solo_secundario,S217,1
2021-2024,autismo_F840,solo_secundario,S2200,1
2021-2024,autismo_F840,solo_secundario,S241,1
2021-2024,autismo_F840,solo_secundario,S2720,1
2021-2024,autismo_F840,solo_secundario,S2721,1
2021-2024,autismo_F840,solo_secundario,G702,1
2021-2024,autismo_F840,solo_secundario,G628,1
2021-2024,autismo_F840,solo_secundario,S314,1
2021-2024,autismo_F840,solo_secundario,G619,1
2021-2024,autismo_F840,solo_secundario,G820,1
2021-2024,autismo_F840,solo_secundario,G822,1
2021-2024,autismo_F840,solo_secundario,G838,1
2021-2024,autismo_F840,solo_secundario,G948,1
2021-2024,autismo_F840,solo_secundario,G98,1
2021-2024,autismo_F840,solo_secundario,C169,1
2021-2024,autismo_F840,solo_secundario,G978,1
2021-2024,autismo_F840,solo_secundario,G971,1
2021-2024,autismo_F840,solo_secundario,G961,1
2021-2024,autismo_F840,solo_secundario,B99,1
2021-2024,autismo_F840,solo_secundario,B909,1
2021-2024,autismo_F840,solo_secundario,G952,1
2021-2024,autismo_F840,solo_secundario,B829,1
2021-2024,autismo_F840,solo_secundario,S0201,1
2021-2024,autismo_F840,solo_secundario,G950,1
2021-2024,autismo_F840,solo_secundario,G941,1
2021-2024,autismo_F840,solo_secundario,G839,1
2021-2024,autismo_F840,solo_secundario,G939,1
2021-2024,autismo_F840,solo_secundario,S0261,1
2021-2024,autismo_F840,solo_secundario,G936,1
2021-2024,autismo_F840,solo_secundario,S0290,1
2021-2024,autismo_F840,solo_secundario,S032,1
2021-2024,autismo_F840,solo_secundario,G931,1
2021-2024,autismo_F840,solo_secundario,S051,1
2021-2024,autismo_F840,solo_secundario,S054,1
2021-2024,autismo_F840,solo_secundario,S056,1
2021-2024,autismo_F840,solo_secundario,E211,1
2021-2024,autismo_F840,solo_secundario,S059,1
2021-2024,autismo_F840,solo_secundario,G310,1
2021-2024,autismo_F840,solo_secundario,S998,1
2021-2024,autismo_F840,solo_secundario,B012,1
2021-2024,autismo_F840,solo_secundario,T812,1
2021-2024,autismo_F840,solo_secundario,A392,1
2021-2024,autismo_F840,solo_secundario,A390,1
2021-2024,autismo_F840,solo_secundario,T743,1
2021-2024,autismo_F840,solo_secundario,F050,1
2021-2024,autismo_F840,solo_secundario,T782,1
2021-2024,autismo_F840,solo_secundario,T784,1
2021-2024,autismo_F840,solo_secundario,T793,1
2021-2024,autismo_F840,solo_secundario,T802,1
2021-2024,autismo_F840,solo_secundario,T808,1
2021-2024,autismo_F840,solo_secundario,A281,1
2021-2024,autismo_F840,solo_secundario,T811,1
2021-2024,autismo_F840,solo_secundario,A279,1
2021-2024,autismo_F840,solo_secundario,T639,1
2021-2024,autismo_F840,solo_secundario,A260,1
2021-2024,autismo_F840,solo_secundario,T821,1
2021-2024,autismo_F840,solo_secundario,F413,1
2021-2024,autismo_F840,solo_secundario,F065,1
2021-2024,autismo_F840,solo_secundario,F401,1
2021-2024,autismo_F840,solo_secundario,T829,1
2021-2024,autismo_F840,solo_secundario,T841,1
2021-2024,autismo_F840,solo_secundario,T842,1
2021-2024,autismo_F840,solo_secundario,T843,1
2021-2024,autismo_F840,solo_secundario,T845,1
2021-2024,autismo_F840,solo_secundario,F400,1
2021-2024,autismo_F840,solo_secundario,T670,1
2021-2024,autismo_F840,solo_secundario,F444,1
2021-2024,autismo_F840,solo_secundario,S8221,1
2021-2024,autismo_F840,solo_secundario,T519,1
2021-2024,autismo_F840,solo_secundario,F604,1
2021-2024,autismo_F840,solo_secundario,T492,1
2021-2024,autismo_F840,solo_secundario,T493,1
2021-2024,autismo_F840,solo_secundario,T502,1
2021-2024,autismo_F840,solo_secundario,E850,1
2021-2024,autismo_F840,solo_secundario,T508,1
2021-2024,autismo_F840,solo_secundario,A411,1
2021-2024,autismo_F840,solo_secundario,F601,1
2021-2024,autismo_F840,solo_secundario,F513,1
2021-2024,autismo_F840,solo_secundario,T512,1
2021-2024,autismo_F840,solo_secundario,T518,1
2021-2024,autismo_F840,solo_secundario,F509,1
2021-2024,autismo_F840,solo_secundario,F445,1
2021-2024,autismo_F840,solo_secundario,T522,1
2021-2024,autismo_F840,solo_secundario,T528,1
2021-2024,autismo_F840,solo_secundario,T539,1
2021-2024,autismo_F840,solo_secundario,T542,1
2021-2024,autismo_F840,solo_secundario,A403,1
2021-2024,autismo_F840,solo_secundario,T549,1
2021-2024,autismo_F840,solo_secundario,F458,1
2021-2024,autismo_F840,solo_secundario,T600,1
2021-2024,autismo_F840,solo_secundario,T603,1
2021-2024,autismo_F840,solo_secundario,F451,1
2021-2024,autismo_F840,solo_secundario,T609,1
2021-2024,autismo_F840,solo_secundario,T849,1
2021-2024,autismo_F840,solo_secundario,A239,1
2021-2024,autismo_F840,solo_secundario,T856,1
2021-2024,autismo_F840,solo_secundario,Z510,1
2021-2024,autismo_F840,solo_secundario,Z298,1
2021-2024,autismo_F840,solo_secundario,Z411,1
2021-2024,autismo_F840,solo_secundario,Z422,1
2021-2024,autismo_F840,solo_secundario,F133,1
2021-2024,autismo_F840,solo_secundario,F231,1
2021-2024,autismo_F840,solo_secundario,Z448,1
2021-2024,autismo_F840,solo_secundario,Z450,1
2021-2024,autismo_F840,solo_secundario,F228,1
2021-2024,autismo_F840,solo_secundario,F142,1
2021-2024,autismo_F840,solo_secundario,F203,1
2021-2024,autismo_F840,solo_secundario,Z488,1
2021-2024,autismo_F840,solo_secundario,A039,1
2021-2024,autismo_F840,solo_secundario,T859,1
2021-2024,autismo_F840,solo_secundario,Z513,1
2021-2024,autismo_F840,solo_secundario,F190,1
2021-2024,autismo_F840,solo_secundario,F201,1
2021-2024,autismo_F840,solo_secundario,A021,1
2021-2024,autismo_F840,solo_secundario,F191,1
2021-2024,autismo_F840,solo_secundario,Z549,1
2021-2024,autismo_F840,solo_secundario,F199,1
2021-2024,autismo_F840,solo_secundario,Z751,1
2021-2024,autismo_F840,solo_secundario,F198,1
2021-2024,autismo_F840,solo_secundario,Z768,1
2021-2024,autismo_F840,solo_secundario,F195,1
2021-2024,autismo_F840,solo_secundario,F251,1
2021-2024,autismo_F840,solo_secundario,Z238,1
2021-2024,autismo_F840,solo_secundario,Z208,1
2021-2024,autismo_F840,solo_secundario,A044,1
2021-2024,autismo_F840,solo_secundario,T861,1
2021-2024,autismo_F840,solo_secundario,T886,1
2021-2024,autismo_F840,solo_secundario,T952,1
2021-2024,autismo_F840,solo_secundario,F333,1
2021-2024,autismo_F840,solo_secundario,T983,1
2021-2024,autismo_F840,solo_secundario,F105,1
2021-2024,autismo_F840,solo_secundario,F115,1
2021-2024,autismo_F840,solo_secundario,F121,1
2021-2024,autismo_F840,solo_secundario,Z015,1
2021-2024,autismo_F840,solo_secundario,A152,1
2021-2024,autismo_F840,solo_secundario,F313,1
2021-2024,autismo_F840,solo_secundario,A150,1
2021-2024,autismo_F840,solo_secundario,Z035,1
2021-2024,autismo_F840,solo_secundario,Z036,1
2021-2024,autismo_F840,solo_secundario,Z044,1
2021-2024,autismo_F840,solo_secundario,F311,1
2021-2024,autismo_F840,solo_secundario,Z097,1
2021-2024,autismo_F840,solo_secundario,F310,1
2021-2024,autismo_F840,solo_secundario,Z099,1
2021-2024,autismo_F840,solo_secundario,Z122,1
2021-2024,autismo_F840,solo_secundario,F308,1
2021-2024,autismo_F840,solo_secundario,F125,1
2021-2024,autismo_F840,solo_secundario,F129,1
2021-2024,autismo_F840,solo_secundario,T487,1
2021-2024,autismo_F840,solo_secundario,T486,1
2021-2024,autismo_F840,solo_secundario,T485,1
2021-2024,autismo_F840,solo_secundario,G003,1
2021-2024,autismo_F840,solo_secundario,T016,1
2021-2024,autismo_F840,solo_secundario,T018,1
2021-2024,autismo_F840,solo_secundario,T019,1
2021-2024,autismo_F840,solo_secundario,E662,1
2021-2024,autismo_F840,solo_secundario,T111,1
2021-2024,autismo_F840,solo_secundario,E668,1
2021-2024,autismo_F840,solo_secundario,B004,1
2021-2024,autismo_F840,solo_secundario,T148,1
2021-2024,autismo_F840,solo_secundario,G040,1
2021-2024,autismo_F840,solo_secundario,T150,1
2021-2024,autismo_F840,solo_secundario,T171,1
2021-2024,autismo_F840,solo_secundario,G002,1
2021-2024,autismo_F840,solo_secundario,F932,1
2021-2024,autismo_F840,solo_secundario,T180,1
2021-2024,autismo_F840,solo_secundario,F99,1
2021-2024,autismo_F840,solo_secundario,F989,1
2021-2024,autismo_F840,solo_secundario,T184,1
2021-2024,autismo_F840,solo_secundario,E669,1
2021-2024,autismo_F840,solo_secundario,F981,1
2021-2024,autismo_F840,solo_secundario,F958,1
2021-2024,autismo_F840,solo_secundario,T204,1
2021-2024,autismo_F840,solo_secundario,F939,1
2021-2024,autismo_F840,solo_secundario,F938,1
2021-2024,autismo_F840,solo_secundario,T213,1
2021-2024,autismo_F840,solo_secundario,T009,1
2021-2024,autismo_F840,solo_secundario,Q833,1
2021-2024,autismo_F840,solo_secundario,S997,1
2021-2024,autismo_F840,solo_secundario,S934,1
2021-2024,autismo_F840,solo_secundario,B009,1
2021-2024,autismo_F840,solo_secundario,S8251,1
2021-2024,autismo_F840,solo_secundario,G249,1
2021-2024,autismo_F840,solo_secundario,B005,1
2021-2024,autismo_F840,solo_secundario,S8281,1
2021-2024,autismo_F840,solo_secundario,G248,1
2021-2024,autismo_F840,solo_secundario,S8291,1
2021-2024,autismo_F840,solo_secundario,S830,1
2021-2024,autismo_F840,solo_secundario,S834,1
2021-2024,autismo_F840,solo_secundario,S837,1
2021-2024,autismo_F840,solo_secundario,S851,1
2021-2024,autismo_F840,solo_secundario,S853,1
2021-2024,autismo_F840,solo_secundario,S860,1
2021-2024,autismo_F840,solo_secundario,S900,1
2021-2024,autismo_F840,solo_secundario,S911,1
2021-2024,autismo_F840,solo_secundario,S913,1
2021-2024,autismo_F840,solo_secundario,S9220,1
2021-2024,autismo_F840,solo_secundario,G113,1
2021-2024,autismo_F840,solo_secundario,S9240,1
2021-2024,autismo_F840,solo_secundario,G08,1
2021-2024,autismo_F840,solo_secundario,G051,1
2021-2024,autismo_F840,solo_secundario,S9290,1
2021-2024,autismo_F840,solo_secundario,S933,1
2021-2024,autismo_F840,solo_secundario,T221,1
2021-2024,autismo_F840,solo_secundario,T230,1
2021-2024,autismo_F840,solo_secundario,T470,1
2021-2024,autismo_F840,solo_secundario,F710,1
2021-2024,autismo_F840,solo_secundario,T404,1
2021-2024,autismo_F840,solo_secundario,T406,1
2021-2024,autismo_F840,solo_secundario,T413,1
2021-2024,autismo_F840,solo_secundario,F789,1
2021-2024,autismo_F840,solo_secundario,A522,1
2021-2024,autismo_F840,solo_secundario,F788,1
2021-2024,autismo_F840,solo_secundario,A498,1
2021-2024,autismo_F840,solo_secundario,F720,1
2021-2024,autismo_F840,solo_secundario,F719,1
2021-2024,autismo_F840,solo_secundario,F718,1
2021-2024,autismo_F840,solo_secundario,A440,1
2021-2024,autismo_F840,solo_secundario,F69,1
2021-2024,autismo_F840,solo_secundario,E713,1
2021-2024,autismo_F840,solo_secundario,F688,1
2021-2024,autismo_F840,solo_secundario,T443,1
2021-2024,autismo_F840,solo_secundario,T446,1
2021-2024,autismo_F840,solo_secundario,F649,1
2021-2024,autismo_F840,solo_secundario,T449,1
2021-2024,autismo_F840,solo_secundario,A415,1
2021-2024,autismo_F840,solo_secundario,T451,1
2021-2024,autismo_F840,solo_secundario,E835,1
2021-2024,autismo_F840,solo_secundario,F630,1
2021-2024,autismo_F840,solo_secundario,F61,1
2021-2024,autismo_F840,solo_secundario,E848,1
2021-2024,autismo_F840,solo_secundario,T402,1
2021-2024,autismo_F840,solo_secundario,T399,1
2021-2024,autismo_F840,solo_secundario,T398,1
2021-2024,autismo_F840,solo_secundario,A600,1
2021-2024,autismo_F840,solo_secundario,A858,1
2021-2024,autismo_F840,solo_secundario,E740,1
2021-2024,autismo_F840,solo_secundario,E761,1
2021-2024,autismo_F840,solo_secundario,A850,1
2021-2024,autismo_F840,solo_secundario,T253,1
2021-2024,autismo_F840,solo_secundario,T269,1
2021-2024,autismo_F840,solo_secundario,T270,1
2021-2024,autismo_F840,solo_secundario,F912,1
2021-2024,autismo_F840,solo_secundario,T276,1
2021-2024,autismo_F840,solo_secundario,T280,1
2021-2024,autismo_F840,solo_secundario,T285,1
2021-2024,autismo_F840,solo_secundario,T293,1
2021-2024,autismo_F840,solo_secundario,T310,1
2021-2024,autismo_F840,solo_secundario,F848,1
2021-2024,autismo_F840,solo_secundario,T363,1
2021-2024,autismo_F840,solo_secundario,T371,1
2021-2024,autismo_F840,solo_secundario,T380,1
2021-2024,autismo_F840,solo_secundario,T381,1
2021-2024,autismo_F840,solo_secundario,F845,1
2021-2024,autismo_F840,solo_secundario,T389,1
2021-2024,autismo_F840,solo_secundario,F842,1
2021-2024,autismo_F840,solo_secundario,F841,1
2021-2024,autismo_F840,solo_secundario,T392,1
2021-2024,autismo_F840,solo_secundario,E118,1
2021-2024,autismo_F840,solo_secundario,H701,1
2021-2024,autismo_F840,solo_secundario,Q828,1
2021-2024,autismo_F840,solo_secundario,J381,1
2021-2024,autismo_F840,solo_secundario,M222,1
2021-2024,autismo_F840,solo_secundario,J359,1
2021-2024,autismo_F840,solo_secundario,M2319,1
2021-2024,autismo_F840,solo_secundario,M2322,1
2021-2024,autismo_F840,solo_secundario,M2350,1
2021-2024,autismo_F840,solo_secundario,M2359,1
2021-2024,autismo_F840,solo_secundario,M2361,1
2021-2024,autismo_F840,solo_secundario,M2441,1
2021-2024,autismo_F840,solo_secundario,M2445,1
2021-2024,autismo_F840,solo_secundario,M2446,1
2021-2024,autismo_F840,solo_secundario,M2448,1
2021-2024,autismo_F840,solo_secundario,M2508,1
2021-2024,autismo_F840,solo_secundario,M2555,1
2021-2024,autismo_F840,solo_secundario,M2556,1
2021-2024,autismo_F840,solo_secundario,D126,1
2021-2024,autismo_F840,solo_secundario,D529,1
2021-2024,autismo_F840,solo_secundario,D531,1
2021-2024,autismo_F840,solo_secundario,D538,1
2021-2024,autismo_F840,solo_secundario,D539,1
2021-2024,autismo_F840,solo_secundario,J341,1
2021-2024,autismo_F840,solo_secundario,M332,1
2021-2024,autismo_F840,solo_secundario,M358,1
2021-2024,autismo_F840,solo_secundario,M4015,1
2021-2024,autismo_F840,solo_secundario,M4106,1
2021-2024,autismo_F840,solo_secundario,M4109,1
2021-2024,autismo_F840,solo_secundario,M221,1
2021-2024,autismo_F840,solo_secundario,M2196,1
2021-2024,autismo_F840,solo_secundario,D119,1
2021-2024,autismo_F840,solo_secundario,M2187,1
2021-2024,autismo_F840,solo_secundario,L984,1
2021-2024,autismo_F840,solo_secundario,M0092,1
2021-2024,autismo_F840,solo_secundario,D481,1
2021-2024,autismo_F840,solo_secundario,M0096,1
2021-2024,autismo_F840,solo_secundario,M0097,1
2021-2024,autismo_F840,solo_secundario,J458,1
2021-2024,autismo_F840,solo_secundario,J451,1
2021-2024,autismo_F840,solo_secundario,M0640,1
2021-2024,autismo_F840,solo_secundario,M0808,1
2021-2024,autismo_F840,solo_secundario,M0829,1
2021-2024,autismo_F840,solo_secundario,M0885,1
2021-2024,autismo_F840,solo_secundario,M0899,1
2021-2024,autismo_F840,solo_secundario,M171,1
2021-2024,autismo_F840,solo_secundario,D484,1
2021-2024,autismo_F840,solo_secundario,M204,1
2021-2024,autismo_F840,solo_secundario,J398,1
2021-2024,autismo_F840,solo_secundario,M2107,1
2021-2024,autismo_F840,solo_secundario,M2109,1
2021-2024,autismo_F840,solo_secundario,J392,1
2021-2024,autismo_F840,solo_secundario,D160,1
2021-2024,autismo_F840,solo_secundario,M2154,1
2021-2024,autismo_F840,solo_secundario,D141,1
2021-2024,autismo_F840,solo_secundario,M2167,1
2021-2024,autismo_F840,solo_secundario,M2176,1
2021-2024,autismo_F840,solo_secundario,J386,1
2021-2024,autismo_F840,solo_secundario,M4110,1
2021-2024,autismo_F840,solo_secundario,M4125,1
2021-2024,autismo_F840,solo_secundario,L931,1
2021-2024,autismo_F840,solo_secundario,D683,1
2021-2024,autismo_F840,solo_secundario,M674,1
2021-2024,autismo_F840,solo_secundario,M7075,1
2021-2024,autismo_F840,solo_secundario,D684,1
2021-2024,autismo_F840,solo_secundario,M7134,1
2021-2024,autismo_F840,solo_secundario,M7137,1
2021-2024,autismo_F840,solo_secundario,M7605,1
2021-2024,autismo_F840,solo_secundario,D689,1
2021-2024,autismo_F840,solo_secundario,M7935,1
2021-2024,autismo_F840,solo_secundario,J156,1
2021-2024,autismo_F840,solo_secundario,M7960,1
2021-2024,autismo_F840,solo_secundario,J152,1
2021-2024,autismo_F840,solo_secundario,M8098,1
2021-2024,autismo_F840,solo_secundario,M8159,1
2021-2024,autismo_F840,solo_secundario,M8402,1
2021-2024,autismo_F840,solo_secundario,M8416,1
2021-2024,autismo_F840,solo_secundario,M8423,1
2021-2024,autismo_F840,solo_secundario,M8445,1
2021-2024,autismo_F840,solo_secundario,M8502,1
2021-2024,autismo_F840,solo_secundario,M8506,1
2021-2024,autismo_F840,solo_secundario,M8508,1
2021-2024,autismo_F840,solo_secundario,M8542,1
2021-2024,autismo_F840,solo_secundario,M8555,1
2021-2024,autismo_F840,solo_secundario,M8559,1
2021-2024,autismo_F840,solo_secundario,M8562,1
2021-2024,autismo_F840,solo_secundario,M8580,1
2021-2024,autismo_F840,solo_secundario,J168,1
2021-2024,autismo_F840,solo_secundario,M6654,1
2021-2024,autismo_F840,solo_secundario,M4129,1
2021-2024,autismo_F840,solo_secundario,M6597,1
2021-2024,autismo_F840,solo_secundario,M4144,1
2021-2024,autismo_F840,solo_secundario,M4184,1
2021-2024,autismo_F840,solo_secundario,J339,1
2021-2024,autismo_F840,solo_secundario,M4195,1
2021-2024,autismo_F840,solo_secundario,M4307,1
2021-2024,autismo_F840,solo_secundario,M4317,1
2021-2024,autismo_F840,solo_secundario,M4617,1
2021-2024,autismo_F840,solo_secundario,M4624,1
2021-2024,autismo_F840,solo_secundario,M4634,1
2021-2024,autismo_F840,solo_secundario,M4695,1
2021-2024,autismo_F840,solo_secundario,M4699,1
2021-2024,autismo_F840,solo_secundario,M4788,1
2021-2024,autismo_F840,solo_secundario,M4794,1
2021-2024,autismo_F840,solo_secundario,M5422,1
2021-2024,autismo_F840,solo_secundario,M5449,1
2021-2024,autismo_F840,solo_secundario,M5459,1
2021-2024,autismo_F840,solo_secundario,J324,1
2021-2024,autismo_F840,solo_secundario,J322,1
2021-2024,autismo_F840,solo_secundario,M6028,1
2021-2024,autismo_F840,solo_secundario,M6089,1
2021-2024,autismo_F840,solo_secundario,J310,1
2021-2024,autismo_F840,solo_secundario,M6246,1
2021-2024,autismo_F840,solo_secundario,M6255,1
2021-2024,autismo_F840,solo_secundario,J211,1
2021-2024,autismo_F840,solo_secundario,M6515,1
2021-2024,autismo_F840,solo_secundario,L980,1
2021-2024,autismo_F840,solo_secundario,J680,1
2021-2024,autismo_F840,solo_secundario,Q786,1
2021-2024,autismo_F840,solo_secundario,K580,1
2021-2024,autismo_F840,solo_secundario,K259,1
2021-2024,autismo_F840,solo_secundario,K253,1
2021-2024,autismo_F840,solo_secundario,K228,1
2021-2024,autismo_F840,solo_secundario,K226,1
2021-2024,autismo_F840,solo_secundario,K622,1
2021-2024,autismo_F840,solo_secundario,K20,1
2021-2024,autismo_F840,solo_secundario,K130,1
2021-2024,autismo_F840,solo_secundario,K123,1
2021-2024,autismo_F840,solo_secundario,K631,1
2021-2024,autismo_F840,solo_secundario,K120,1
2021-2024,autismo_F840,solo_secundario,K635,1
2021-2024,autismo_F840,solo_secundario,K638,1
2021-2024,autismo_F840,solo_secundario,K642,1
2021-2024,autismo_F840,solo_secundario,K643,1
2021-2024,autismo_F840,solo_secundario,K117,1
2021-2024,autismo_F840,solo_secundario,K116,1
2021-2024,autismo_F840,solo_secundario,K658,1
2021-2024,autismo_F840,solo_secundario,K660,1
2021-2024,autismo_F840,solo_secundario,K661,1
2021-2024,autismo_F840,solo_secundario,K668,1
2021-2024,autismo_F840,solo_secundario,K712,1
2021-2024,autismo_F840,solo_secundario,K115,1
2021-2024,autismo_F840,solo_secundario,K721,1
2021-2024,autismo_F840,solo_secundario,K114,1
2021-2024,autismo_F840,solo_secundario,K760,1
2021-2024,autismo_F840,solo_secundario,D239,1
2021-2024,autismo_F840,solo_secundario,K573,1
2021-2024,autismo_F840,solo_secundario,K088,1
2021-2024,autismo_F840,solo_secundario,K572,1
2021-2024,autismo_F840,solo_secundario,K318,1
2021-2024,autismo_F840,solo_secundario,K419,1
2021-2024,autismo_F840,solo_secundario,D329,1
2021-2024,autismo_F840,solo_secundario,K440,1
2021-2024,autismo_F840,solo_secundario,K460,1
2021-2024,autismo_F840,solo_secundario,K314,1
2021-2024,autismo_F840,solo_secundario,K311,1
2021-2024,autismo_F840,solo_secundario,K501,1
2021-2024,autismo_F840,solo_secundario,K508,1
2021-2024,autismo_F840,solo_secundario,K509,1
2021-2024,autismo_F840,solo_secundario,K30,1
2021-2024,autismo_F840,solo_secundario,K512,1
2021-2024,autismo_F840,solo_secundario,K513,1
2021-2024,autismo_F840,solo_secundario,K518,1
2021-2024,autismo_F840,solo_secundario,D293,1
2021-2024,autismo_F840,solo_secundario,K521,1
2021-2024,autismo_F840,solo_secundario,K523,1
2021-2024,autismo_F840,solo_secundario,K296,1
2021-2024,autismo_F840,solo_secundario,D287,1
2021-2024,autismo_F840,solo_secundario,K560,1
2021-2024,autismo_F840,solo_secundario,K290,1
2021-2024,autismo_F840,solo_secundario,K275,1
2021-2024,autismo_F840,solo_secundario,K269,1
2021-2024,autismo_F840,solo_secundario,K264,1
2021-2024,autismo_F840,solo_secundario,D24,1
2021-2024,autismo_F840,solo_secundario,K113,1
2021-2024,autismo_F840,solo_secundario,K083,1
2021-2024,autismo_F840,solo_secundario,J698,1
2021-2024,autismo_F840,solo_secundario,D167,1
2021-2024,autismo_F840,solo_secundario,D420,1
2021-2024,autismo_F840,solo_secundario,D431,1
2021-2024,autismo_F840,solo_secundario,D432,1
2021-2024,autismo_F840,solo_secundario,L042,1
2021-2024,autismo_F840,solo_secundario,D164,1
2021-2024,autismo_F840,solo_secundario,D434,1
2021-2024,autismo_F840,solo_secundario,L089,1
2021-2024,autismo_F840,solo_secundario,L208,1
2021-2024,autismo_F840,solo_secundario,J9690,1
2021-2024,autismo_F840,solo_secundario,L255,1
2021-2024,autismo_F840,solo_secundario,D440,1
2021-2024,autismo_F840,solo_secundario,L301,1
2021-2024,autismo_F840,solo_secundario,L308,1
2021-2024,autismo_F840,solo_secundario,L42,1
2021-2024,autismo_F840,solo_secundario,D441,1
2021-2024,autismo_F840,solo_secundario,L512,1
2021-2024,autismo_F840,solo_secundario,L519,1
2021-2024,autismo_F840,solo_secundario,L52,1
2021-2024,autismo_F840,solo_secundario,L539,1
2021-2024,autismo_F840,solo_secundario,J930,1
2021-2024,autismo_F840,solo_secundario,D161,1
2021-2024,autismo_F840,solo_secundario,L721,1
2021-2024,autismo_F840,solo_secundario,L893,1
2021-2024,autismo_F840,solo_secundario,J848,1
2021-2024,autismo_F840,solo_secundario,J841,1
2021-2024,autismo_F840,solo_secundario,D414,1
2021-2024,autismo_F840,solo_secundario,K045,1
2021-2024,autismo_F840,solo_secundario,D227,1
2021-2024,autismo_F840,solo_secundario,L029,1
2021-2024,autismo_F840,solo_secundario,D225,1
2021-2024,autismo_F840,solo_secundario,K824,1
2021-2024,autismo_F840,solo_secundario,K828,1
2021-2024,autismo_F840,solo_secundario,K830,1
2021-2024,autismo_F840,solo_secundario,K838,1
2021-2024,autismo_F840,solo_secundario,K078,1
2021-2024,autismo_F840,solo_secundario,D223,1
2021-2024,autismo_F840,solo_secundario,K853,1
2021-2024,autismo_F840,solo_secundario,K858,1
2021-2024,autismo_F840,solo_secundario,D214,1
2021-2024,autismo_F840,solo_secundario,K863,1
2021-2024,autismo_F840,solo_secundario,K908,1
2021-2024,autismo_F840,solo_secundario,K909,1
2021-2024,autismo_F840,solo_secundario,K911,1
2021-2024,autismo_F840,solo_secundario,K913,1
2021-2024,autismo_F840,solo_secundario,K914,1
2021-2024,autismo_F840,solo_secundario,K075,1
2021-2024,autismo_F840,solo_secundario,K072,1
2021-2024,autismo_F840,solo_secundario,K921,1
2021-2024,autismo_F840,solo_secundario,D176,1
2021-2024,autismo_F840,solo_secundario,K070,1
2021-2024,autismo_F840,solo_secundario,D175,1
2021-2024,autismo_F840,solo_secundario,K061,1
2021-2024,autismo_F840,solo_secundario,K048,1
2021-2024,autismo_F840,solo_secundario,D410,1
2021-2024,autismo_F840,solo_secundario,M8588,1
2021-2024,autismo_F840,solo_secundario,M8605,1
2021-2024,autismo_F840,solo_secundario,M8606,1
2021-2024,autismo_F840,solo_secundario,I352,1
2021-2024,autismo_F840,solo_secundario,Q243,1
2021-2024,autismo_F840,solo_secundario,I351,1
2021-2024,autismo_F840,solo_secundario,Q253,1
2021-2024,autismo_F840,solo_secundario,I340,1
2021-2024,autismo_F840,solo_secundario,Q263,1
2021-2024,autismo_F840,solo_secundario,Q268,1
2021-2024,autismo_F840,solo_secundario,Q273,1
2021-2024,autismo_F840,solo_secundario,Q279,1
2021-2024,autismo_F840,solo_secundario,Q282,1
2021-2024,autismo_F840,solo_secundario,Q283,1
2021-2024,autismo_F840,solo_secundario,Q288,1
2021-2024,autismo_F840,solo_secundario,Q311,1
2021-2024,autismo_F840,solo_secundario,Q321,1
2021-2024,autismo_F840,solo_secundario,Q341,1
2021-2024,autismo_F840,solo_secundario,I313,1
2021-2024,autismo_F840,solo_secundario,Q355,1
2021-2024,autismo_F840,solo_secundario,I272,1
2021-2024,autismo_F840,solo_secundario,I269,1
2021-2024,autismo_F840,solo_secundario,I255,1
2021-2024,autismo_F840,solo_secundario,Q373,1
2021-2024,autismo_F840,solo_secundario,I251,1
2021-2024,autismo_F840,solo_secundario,I219,1
2021-2024,autismo_F840,solo_secundario,I211,1
2021-2024,autismo_F840,solo_secundario,I210,1
2021-2024,autismo_F840,solo_secundario,Q383,1
2021-2024,autismo_F840,solo_secundario,Q238,1
2021-2024,autismo_F840,solo_secundario,Q233,1
2021-2024,autismo_F840,solo_secundario,Q386,1
2021-2024,autismo_F840,solo_secundario,Q231,1
2021-2024,autismo_F840,solo_secundario,I461,1
2021-2024,autismo_F840,solo_secundario,I459,1
2021-2024,autismo_F840,solo_secundario,Q046,1
2021-2024,autismo_F840,solo_secundario,Q058,1
2021-2024,autismo_F840,solo_secundario,Q059,1
2021-2024,autismo_F840,solo_secundario,Q078,1
2021-2024,autismo_F840,solo_secundario,I422,1
2021-2024,autismo_F840,solo_secundario,Q105,1
2021-2024,autismo_F840,solo_secundario,Q112,1
2021-2024,autismo_F840,solo_secundario,I420,1
2021-2024,autismo_F840,solo_secundario,Q121,1
2021-2024,autismo_F840,solo_secundario,Q150,1
2021-2024,autismo_F840,solo_secundario,C751,1
2021-2024,autismo_F840,solo_secundario,I409,1
2021-2024,autismo_F840,solo_secundario,I408,1
2021-2024,autismo_F840,solo_secundario,Q188,1
2021-2024,autismo_F840,solo_secundario,Q189,1
2021-2024,autismo_F840,solo_secundario,Q201,1
2021-2024,autismo_F840,solo_secundario,Q204,1
2021-2024,autismo_F840,solo_secundario,Q210,1
2021-2024,autismo_F840,solo_secundario,I372,1
2021-2024,autismo_F840,solo_secundario,Q212,1
2021-2024,autismo_F840,solo_secundario,Q213,1
2021-2024,autismo_F840,solo_secundario,Q222,1
2021-2024,autismo_F840,solo_secundario,Q225,1
2021-2024,autismo_F840,solo_secundario,Q385,1
2021-2024,autismo_F840,solo_secundario,I209,1
2021-2024,autismo_F840,solo_secundario,M8614,1
2021-2024,autismo_F840,solo_secundario,Q653,1
2021-2024,autismo_F840,solo_secundario,H728,1
2021-2024,autismo_F840,solo_secundario,C696,1
2021-2024,autismo_F840,solo_secundario,Q666,1
2021-2024,autismo_F840,solo_secundario,H702,1
2021-2024,autismo_F840,solo_secundario,C692,1
2021-2024,autismo_F840,solo_secundario,D370,1
2021-2024,autismo_F840,solo_secundario,Q677,1
2021-2024,autismo_F840,solo_secundario,Q688,1
2021-2024,autismo_F840,solo_secundario,Q691,1
2021-2024,autismo_F840,solo_secundario,H612,1
2021-2024,autismo_F840,solo_secundario,H609,1
2021-2024,autismo_F840,solo_secundario,Q704,1
2021-2024,autismo_F840,solo_secundario,Q709,1
2021-2024,autismo_F840,solo_secundario,Q724,1
2021-2024,autismo_F840,solo_secundario,Q728,1
2021-2024,autismo_F840,solo_secundario,Q729,1
2021-2024,autismo_F840,solo_secundario,C64,1
2021-2024,autismo_F840,solo_secundario,H608,1
2021-2024,autismo_F840,solo_secundario,H602,1
2021-2024,autismo_F840,solo_secundario,Q753,1
2021-2024,autismo_F840,solo_secundario,Q759,1
2021-2024,autismo_F840,solo_secundario,H600,1
2021-2024,autismo_F840,solo_secundario,Q763,1
2021-2024,autismo_F840,solo_secundario,Q780,1
2021-2024,autismo_F840,solo_secundario,Q781,1
2021-2024,autismo_F840,solo_secundario,H729,1
2021-2024,autismo_F840,solo_secundario,Q652,1
2021-2024,autismo_F840,solo_secundario,Q410,1
2021-2024,autismo_F840,solo_secundario,Q647,1
2021-2024,autismo_F840,solo_secundario,Q430,1
2021-2024,autismo_F840,solo_secundario,I158,1
2021-2024,autismo_F840,solo_secundario,Q433,1
2021-2024,autismo_F840,solo_secundario,Q437,1
2021-2024,autismo_F840,solo_secundario,Q444,1
2021-2024,autismo_F840,solo_secundario,I151,1
2021-2024,autismo_F840,solo_secundario,Q525,1
2021-2024,autismo_F840,solo_secundario,C723,1
2021-2024,autismo_F840,solo_secundario,C720,1
2021-2024,autismo_F840,solo_secundario,I129,1
2021-2024,autismo_F840,solo_secundario,I10,1
2021-2024,autismo_F840,solo_secundario,I080,1
2021-2024,autismo_F840,solo_secundario,I029,1
2021-2024,autismo_F840,solo_secundario,Q543,1
2021-2024,autismo_F840,solo_secundario,H950,1
2021-2024,autismo_F840,solo_secundario,H920,1
2021-2024,autismo_F840,solo_secundario,Q550,1
2021-2024,autismo_F840,solo_secundario,Q552,1
2021-2024,autismo_F840,solo_secundario,Q554,1
2021-2024,autismo_F840,solo_secundario,E100,1
2021-2024,autismo_F840,solo_secundario,Q623,1
2021-2024,autismo_F840,solo_secundario,H908,1
2021-2024,autismo_F840,solo_secundario,Q642,1
2021-2024,autismo_F840,solo_secundario,H819,1
2021-2024,autismo_F840,solo_secundario,H811,1
2021-2024,autismo_F840,solo_secundario,Q031,1
2021-2024,autismo_F840,solo_secundario,I470,1
2021-2024,autismo_F840,solo_secundario,O996,1
2021-2024,autismo_F840,solo_secundario,D899,1
2021-2024,autismo_F840,solo_secundario,E031,1
2021-2024,autismo_F840,solo_secundario,N135,1
2021-2024,autismo_F840,solo_secundario,N136,1
2021-2024,autismo_F840,solo_secundario,E041,1
2021-2024,autismo_F840,solo_secundario,N170,1
2021-2024,autismo_F840,solo_secundario,J038,1
2021-2024,autismo_F840,solo_secundario,J028,1
2021-2024,autismo_F840,solo_secundario,N184,1
2021-2024,autismo_F840,solo_secundario,C957,1
2021-2024,autismo_F840,solo_secundario,J020,1
2021-2024,autismo_F840,solo_secundario,J019,1
2021-2024,autismo_F840,solo_secundario,N202,1
2021-2024,autismo_F840,solo_secundario,N209,1
2021-2024,autismo_F840,solo_secundario,N23,1
2021-2024,autismo_F840,solo_secundario,N289,1
2021-2024,autismo_F840,solo_secundario,N300,1
2021-2024,autismo_F840,solo_secundario,J012,1
2021-2024,autismo_F840,solo_secundario,N360,1
2021-2024,autismo_F840,solo_secundario,N368,1
2021-2024,autismo_F840,solo_secundario,J010,1
2021-2024,autismo_F840,solo_secundario,E059,1
2021-2024,autismo_F840,solo_secundario,I881,1
2021-2024,autismo_F840,solo_secundario,E060,1
2021-2024,autismo_F840,solo_secundario,C921,1
2021-2024,autismo_F840,solo_secundario,C920,1
2021-2024,autismo_F840,solo_secundario,J042,1
2021-2024,autismo_F840,solo_secundario,C960,1
2021-2024,autismo_F840,solo_secundario,C819,1
2021-2024,autismo_F840,solo_secundario,D763,1
2021-2024,autismo_F840,solo_secundario,M8615,1
2021-2024,autismo_F840,solo_secundario,M8616,1
2021-2024,autismo_F840,solo_secundario,M8618,1
2021-2024,autismo_F840,solo_secundario,M8664,1
2021-2024,autismo_F840,solo_secundario,M8684,1
2021-2024,autismo_F840,solo_secundario,D698,1
2021-2024,autismo_F840,solo_secundario,M8688,1
2021-2024,autismo_F840,solo_secundario,D71,1
2021-2024,autismo_F840,solo_secundario,D721,1
2021-2024,autismo_F840,solo_secundario,M8699,1
2021-2024,autismo_F840,solo_secundario,M8987,1
2021-2024,autismo_F840,solo_secundario,M8998,1
2021-2024,autismo_F840,solo_secundario,D106,1
2021-2024,autismo_F840,solo_secundario,M9135,1
2021-2024,autismo_F840,solo_secundario,D105,1
2021-2024,autismo_F840,solo_secundario,J118,1
2021-2024,autismo_F840,solo_secundario,M952,1
2021-2024,autismo_F840,solo_secundario,M9971,1
2021-2024,autismo_F840,solo_secundario,N001,1
2021-2024,autismo_F840,solo_secundario,N029,1
2021-2024,autismo_F840,solo_secundario,N039,1
2021-2024,autismo_F840,solo_secundario,N040,1
2021-2024,autismo_F840,solo_secundario,D761,1
2021-2024,autismo_F840,solo_secundario,D069,1
2021-2024,autismo_F840,solo_secundario,N058,1
2021-2024,autismo_F840,solo_secundario,C911,1
2021-2024,autismo_F840,solo_secundario,C859,1
2021-2024,autismo_F840,solo_secundario,I859,1
2021-2024,autismo_F840,solo_secundario,N482,1
2021-2024,autismo_F840,solo_secundario,O230,1
2021-2024,autismo_F840,solo_secundario,O233,1
2021-2024,autismo_F840,solo_secundario,O240,1
2021-2024,autismo_F840,solo_secundario,I611,1
2021-2024,autismo_F840,solo_secundario,O363,1
2021-2024,autismo_F840,solo_secundario,O368,1
2021-2024,autismo_F840,solo_secundario,C837,1
2021-2024,autismo_F840,solo_secundario,I514,1
2021-2024,autismo_F840,solo_secundario,O470,1
2021-2024,autismo_F840,solo_secundario,O610,1
2021-2024,autismo_F840,solo_secundario,O621,1
2021-2024,autismo_F840,solo_secundario,O664,1
2021-2024,autismo_F840,solo_secundario,O680,1
2021-2024,autismo_F840,solo_secundario,O688,1
2021-2024,autismo_F840,solo_secundario,O689,1
2021-2024,autismo_F840,solo_secundario,O698,1
2021-2024,autismo_F840,solo_secundario,I498,1
2021-2024,autismo_F840,solo_secundario,O701,1
2021-2024,autismo_F840,solo_secundario,O709,1
2021-2024,autismo_F840,solo_secundario,O758,1
2021-2024,autismo_F840,solo_secundario,I495,1
2021-2024,autismo_F840,solo_secundario,O821,1
2021-2024,autismo_F840,solo_secundario,O829,1
2021-2024,autismo_F840,solo_secundario,E063,1
2021-2024,autismo_F840,solo_secundario,O991,1
2021-2024,autismo_F840,solo_secundario,I612,1
2021-2024,autismo_F840,solo_secundario,O13,1
2021-2024,autismo_F840,solo_secundario,O064,1
2021-2024,autismo_F840,solo_secundario,N803,1
2021-2024,autismo_F840,solo_secundario,I850,1
2021-2024,autismo_F840,solo_secundario,N492,1
2021-2024,autismo_F840,solo_secundario,I743,1
2021-2024,autismo_F840,solo_secundario,N61,1
2021-2024,autismo_F840,solo_secundario,C857,1
2021-2024,autismo_F840,solo_secundario,I742,1
2021-2024,autismo_F840,solo_secundario,N709,1
2021-2024,autismo_F840,solo_secundario,I714,1
2021-2024,autismo_F840,solo_secundario,I712,1
2021-2024,autismo_F840,solo_secundario,I7010,1
2021-2024,autismo_F840,solo_secundario,I691,1
2021-2024,autismo_F840,solo_secundario,I676,1
2021-2024,autismo_F840,solo_secundario,I615,1
2021-2024,autismo_F840,solo_secundario,N840,1
2021-2024,autismo_F840,solo_secundario,N920,1
2021-2024,autismo_F840,solo_secundario,N921,1
2021-2024,autismo_F840,solo_secundario,N922,1
2021-2024,autismo_F840,solo_secundario,I670,1
2021-2024,autismo_F840,solo_secundario,N945,1
2021-2024,autismo_F840,solo_secundario,N991,1
2021-2024,autismo_F840,solo_secundario,N995,1
2021-2024,autismo_F840,solo_secundario,O001,1
2021-2024,autismo_F840,solo_secundario,I634,1
2021-2024,autismo_F840,solo_secundario,O034,1
2021-2024,autismo_F840,solo_secundario,Z924,1
2021-2024,TEA_operacional,solo_secundario,N47,718
2021-2024,TEA_operacional,principal,F840,497
2021-2024,TEA_operacional,solo_secundario,K358,445
2021-2024,TEA_operacional,solo_secundario,J353,356
2021-2024,TEA_operacional,solo_secundario,G409,353
2021-2024,TEA_operacional,solo_secundario,J46,344
2021-2024,TEA_operacional,solo_secundario,F322,243
2021-2024,TEA_operacional,solo_secundario,K029,191
2021-2024,TEA_operacional,solo_secundario,K353,179
2021-2024,TEA_operacional,solo_secundario,J121,166
2021-2024,TEA_operacional,solo_secundario,A080,161
2021-2024,TEA_operacional,solo_secundario,J129,143
2021-2024,TEA_operacional,solo_secundario,R568,142
2021-2024,TEA_operacional,solo_secundario,J128,135
2021-2024,TEA_operacional,solo_secundario,Q531,135
2021-2024,TEA_operacional,solo_secundario,K352,129
2021-2024,TEA_operacional,solo_secundario,A099,123
2021-2024,TEA_operacional,solo_secundario,J209,123
2021-2024,TEA_operacional,solo_secundario,T432,122
2021-2024,TEA_operacional,solo_secundario,F329,116
2021-2024,TEA_operacional,solo_secundario,A090,115
2021-2024,TEA_operacional,solo_secundario,J159,115
2021-2024,TEA_operacional,solo_secundario,S4240,106
2021-2024,TEA_operacional,solo_secundario,Q532,102
2021-2024,TEA_operacional,solo_secundario,J189,96
2021-2024,TEA_operacional,solo_secundario,T435,94
2021-2024,TEA_operacional,solo_secundario,Z518,93
2021-2024,TEA_operacional,solo_secundario,F323,92
2021-2024,TEA_operacional,solo_secundario,F603,92
2021-2024,TEA_operacional,solo_secundario,E101,91
2021-2024,TEA_operacional,solo_secundario,G403,90
2021-2024,TEA_operacional,solo_secundario,K590,87
2021-2024,TEA_operacional,solo_secundario,J351,86
2021-2024,TEA_operacional,solo_secundario,T391,86
2021-2024,TEA_operacional,solo_secundario,U071,85
2021-2024,TEA_operacional,solo_secundario,T424,83
2021-2024,TEA_operacional,solo_secundario,F412,82
2021-2024,TEA_operacional,solo_secundario,J206,81
2021-2024,TEA_operacional,solo_secundario,R458,77
2021-2024,TEA_operacional,solo_secundario,K802,75
2021-2024,TEA_operacional,solo_secundario,G408,75
2021-2024,TEA_operacional,solo_secundario,J123,72
2021-2024,TEA_operacional,solo_secundario,F29,70
2021-2024,TEA_operacional,solo_secundario,K028,70
2021-2024,TEA_operacional,solo_secundario,J352,66
2021-2024,TEA_operacional,solo_secundario,K564,64
2021-2024,TEA_operacional,solo_secundario,F432,64
2021-2024,TEA_operacional,solo_secundario,Z138,63
2021-2024,TEA_operacional,solo_secundario,N10,62
2021-2024,TEA_operacional,principal,F849,61
2021-2024,TEA_operacional,principal,F841,59
2021-2024,TEA_operacional,solo_secundario,F239,59
2021-2024,TEA_operacional,solo_secundario,N44,57
2021-2024,TEA_operacional,solo_secundario,H509,56
2021-2024,TEA_operacional,solo_secundario,N390,55
2021-2024,TEA_operacional,solo_secundario,J157,55
2021-2024,TEA_operacional,solo_secundario,T433,54
2021-2024,TEA_operacional,solo_secundario,F431,54
2021-2024,TEA_operacional,solo_secundario,R560,52
2021-2024,TEA_operacional,solo_secundario,G404,51
2021-2024,TEA_operacional,solo_secundario,G401,51
2021-2024,TEA_operacional,solo_secundario,F919,49
2021-2024,TEA_operacional,solo_secundario,F321,49
2021-2024,TEA_operacional,solo_secundario,G473,49
2021-2024,TEA_operacional,solo_secundario,S5250,47
2021-2024,TEA_operacional,solo_secundario,K409,46
2021-2024,TEA_operacional,solo_secundario,Z038,43
2021-2024,TEA_operacional,solo_secundario,K010,43
2021-2024,TEA_operacional,solo_secundario,J459,42
2021-2024,TEA_operacional,solo_secundario,K429,42
2021-2024,TEA_operacional,solo_secundario,K021,42
2021-2024,TEA_operacional,solo_secundario,S517,38
2021-2024,TEA_operacional,principal,F845,38
2021-2024,TEA_operacional,solo_secundario,S0690,38
2021-2024,TEA_operacional,solo_secundario,F319,37
2021-2024,TEA_operacional,solo_secundario,J205,37
2021-2024,TEA_operacional,solo_secundario,L031,37
2021-2024,TEA_operacional,solo_secundario,G419,37
2021-2024,TEA_operacional,solo_secundario,Z133,35
2021-2024,TEA_operacional,solo_secundario,T426,35
2021-2024,TEA_operacional,solo_secundario,F609,34
2021-2024,TEA_operacional,solo_secundario,J690,34
2021-2024,TEA_operacional,solo_secundario,C910,33
2021-2024,TEA_operacional,solo_secundario,J00,32
2021-2024,TEA_operacional,solo_secundario,K122,32
2021-2024,TEA_operacional,solo_secundario,R451,32
2021-2024,TEA_operacional,solo_secundario,K800,32
2021-2024,TEA_operacional,solo_secundario,T850,32
2021-2024,TEA_operacional,solo_secundario,F500,31
2021-2024,TEA_operacional,solo_secundario,L032,31
2021-2024,TEA_operacional,solo_secundario,J350,30
2021-2024,TEA_operacional,solo_secundario,J100,30
2021-2024,TEA_operacional,solo_secundario,Z470,30
2021-2024,TEA_operacional,solo_secundario,S519,30
2021-2024,TEA_operacional,solo_secundario,Q381,29
2021-2024,TEA_operacional,solo_secundario,J158,29
2021-2024,TEA_operacional,solo_secundario,Q668,29
2021-2024,TEA_operacional,solo_secundario,H501,29
2021-2024,TEA_operacional,solo_secundario,F913,28
2021-2024,TEA_operacional,solo_secundario,L600,28
2021-2024,TEA_operacional,solo_secundario,J120,27
2021-2024,TEA_operacional,solo_secundario,T181,27
2021-2024,TEA_operacional,solo_secundario,F982,27
2021-2024,TEA_operacional,solo_secundario,J9609,27
2021-2024,TEA_operacional,solo_secundario,F419,26
2021-2024,TEA_operacional,solo_secundario,J208,26
2021-2024,TEA_operacional,solo_secundario,A084,26
2021-2024,TEA_operacional,solo_secundario,R11,26
2021-2024,TEA_operacional,solo_secundario,F209,26
2021-2024,TEA_operacional,solo_secundario,F918,25
2021-2024,TEA_operacional,solo_secundario,R509,25
2021-2024,TEA_operacional,solo_secundario,S8280,25
2021-2024,TEA_operacional,solo_secundario,M4115,25
2021-2024,TEA_operacional,solo_secundario,J101,25
2021-2024,TEA_operacional,solo_secundario,J040,24
2021-2024,TEA_operacional,solo_secundario,K047,24
2021-2024,TEA_operacional,solo_secundario,T71,24
2021-2024,TEA_operacional,solo_secundario,J122,24
2021-2024,TEA_operacional,principal,F848,23
2021-2024,TEA_operacional,solo_secundario,T393,23
2021-2024,TEA_operacional,solo_secundario,J188,23
2021-2024,TEA_operacional,solo_secundario,K566,23
2021-2024,TEA_operacional,solo_secundario,T212,23
2021-2024,TEA_operacional,solo_secundario,F200,23
2021-2024,TEA_operacional,solo_secundario,J069,22
2021-2024,TEA_operacional,solo_secundario,H919,22
2021-2024,TEA_operacional,solo_secundario,S8220,22
2021-2024,TEA_operacional,solo_secundario,D70,22
2021-2024,TEA_operacional,solo_secundario,Z134,22
2021-2024,TEA_operacional,solo_secundario,S5240,22
2021-2024,TEA_operacional,solo_secundario,G410,21
2021-2024,TEA_operacional,solo_secundario,S5260,21
2021-2024,TEA_operacional,solo_secundario,K529,21
2021-2024,TEA_operacional,solo_secundario,T202,20
2021-2024,TEA_operacional,solo_secundario,T509,20
2021-2024,TEA_operacional,solo_secundario,I880,20
2021-2024,TEA_operacional,solo_secundario,A020,20
2021-2024,TEA_operacional,solo_secundario,F39,19
2021-2024,TEA_operacional,solo_secundario,T430,19
2021-2024,TEA_operacional,solo_secundario,J13,19
2021-2024,TEA_operacional,solo_secundario,S6261,19
2021-2024,TEA_operacional,solo_secundario,K922,19
2021-2024,TEA_operacional,solo_secundario,M2157,19
2021-2024,TEA_operacional,solo_secundario,M4145,19
2021-2024,TEA_operacional,solo_secundario,A86,18
2021-2024,TEA_operacional,solo_secundario,E162,18
2021-2024,TEA_operacional,solo_secundario,S4230,18
2021-2024,TEA_operacional,solo_secundario,K001,18
2021-2024,TEA_operacional,solo_secundario,Q539,18
2021-2024,TEA_operacional,solo_secundario,H669,18
2021-2024,TEA_operacional,solo_secundario,H050,18
2021-2024,TEA_operacional,solo_secundario,E106,18
2021-2024,TEA_operacional,solo_secundario,L059,18
2021-2024,TEA_operacional,solo_secundario,I471,17
2021-2024,TEA_operacional,solo_secundario,F202,17
2021-2024,TEA_operacional,solo_secundario,S7230,17
2021-2024,TEA_operacional,solo_secundario,S5200,17
2021-2024,TEA_operacional,solo_secundario,S6260,17
2021-2024,TEA_operacional,solo_secundario,F608,17
2021-2024,TEA_operacional,solo_secundario,S018,16
2021-2024,TEA_operacional,solo_secundario,S0210,16
2021-2024,TEA_operacional,solo_secundario,D693,16
2021-2024,TEA_operacional,solo_secundario,J342,16
2021-2024,TEA_operacional,solo_secundario,S5290,16
2021-2024,TEA_operacional,solo_secundario,K810,15
2021-2024,TEA_operacional,solo_secundario,S015,15
2021-2024,TEA_operacional,solo_secundario,N62,15
2021-2024,TEA_operacional,solo_secundario,G418,15
2021-2024,TEA_operacional,solo_secundario,S8230,15
2021-2024,TEA_operacional,solo_secundario,J36,15
2021-2024,TEA_operacional,solo_secundario,J181,15
2021-2024,TEA_operacional,solo_secundario,E109,15
2021-2024,TEA_operacional,solo_secundario,E46,14
2021-2024,TEA_operacional,solo_secundario,K801,14
2021-2024,TEA_operacional,solo_secundario,K859,14
2021-2024,TEA_operacional,solo_secundario,F411,14
2021-2024,TEA_operacional,solo_secundario,T810,14
2021-2024,TEA_operacional,solo_secundario,E86,14
2021-2024,TEA_operacional,solo_secundario,Z511,14
2021-2024,TEA_operacional,solo_secundario,O993,14
2021-2024,TEA_operacional,solo_secundario,Q541,13
2021-2024,TEA_operacional,solo_secundario,G048,13
2021-2024,TEA_operacional,solo_secundario,F639,13
2021-2024,TEA_operacional,solo_secundario,K37,13
2021-2024,TEA_operacional,solo_secundario,L040,13
2021-2024,TEA_operacional,solo_secundario,R55,13
2021-2024,TEA_operacional,solo_secundario,T242,13
2021-2024,TEA_operacional,solo_secundario,T252,13
2021-2024,TEA_operacional,solo_secundario,J9600,13
2021-2024,TEA_operacional,solo_secundario,S7200,13
2021-2024,TEA_operacional,solo_secundario,L050,13
2021-2024,TEA_operacional,solo_secundario,K519,12
2021-2024,TEA_operacional,solo_secundario,A083,12
2021-2024,TEA_operacional,solo_secundario,R13,12
2021-2024,TEA_operacional,solo_secundario,R104,12
2021-2024,TEA_operacional,solo_secundario,A082,12
2021-2024,TEA_operacional,solo_secundario,S0640,12
2021-2024,TEA_operacional,solo_secundario,Z137,12
2021-2024,TEA_operacional,solo_secundario,F28,12
2021-2024,TEA_operacional,solo_secundario,F09,12
2021-2024,TEA_operacional,solo_secundario,T543,12
2021-2024,TEA_operacional,solo_secundario,F429,12
2021-2024,TEA_operacional,solo_secundario,J039,12
2021-2024,TEA_operacional,solo_secundario,H700,12
2021-2024,TEA_operacional,solo_secundario,E111,12
2021-2024,TEA_operacional,solo_secundario,S5280,12
2021-2024,TEA_operacional,solo_secundario,N179,12
2021-2024,TEA_operacional,solo_secundario,Q665,12
2021-2024,TEA_operacional,solo_secundario,F430,11
2021-2024,TEA_operacional,solo_secundario,Z018,11
2021-2024,TEA_operacional,solo_secundario,K219,11
2021-2024,TEA_operacional,solo_secundario,T751,11
2021-2024,TEA_operacional,solo_secundario,H500,11
2021-2024,TEA_operacional,solo_secundario,S0220,11
2021-2024,TEA_operacional,solo_secundario,J050,11
2021-2024,TEA_operacional,solo_secundario,N433,11
2021-2024,TEA_operacional,solo_secundario,N049,11
2021-2024,TEA_operacional,solo_secundario,D487,11
2021-2024,TEA_operacional,solo_secundario,Q211,11
2021-2024,TEA_operacional,solo_secundario,E43,11
2021-2024,TEA_operacional,solo_secundario,D480,11
2021-2024,TEA_operacional,solo_secundario,J14,11
2021-2024,TEA_operacional,solo_secundario,K650,11
2021-2024,TEA_operacional,solo_secundario,K920,10
2021-2024,TEA_operacional,solo_secundario,M930,10
2021-2024,TEA_operacional,solo_secundario,K011,10
2021-2024,TEA_operacional,solo_secundario,R270,10
2021-2024,TEA_operacional,solo_secundario,A419,10
2021-2024,TEA_operacional,solo_secundario,S0200,10
2021-2024,TEA_operacional,solo_secundario,R51,10
2021-2024,TEA_operacional,solo_secundario,H652,10
2021-2024,TEA_operacional,solo_secundario,T814,10
2021-2024,TEA_operacional,solo_secundario,Z540,10
2021-2024,TEA_operacional,solo_secundario,F233,10
2021-2024,TEA_operacional,solo_secundario,N459,10
2021-2024,TEA_operacional,solo_secundario,T742,10
2021-2024,TEA_operacional,solo_secundario,F312,10
2021-2024,TEA_operacional,solo_secundario,G402,10
2021-2024,TEA_operacional,solo_secundario,S518,10
2021-2024,TEA_operacional,solo_secundario,F208,10
2021-2024,TEA_operacional,solo_secundario,S411,10
2021-2024,TEA_operacional,solo_secundario,S0620,9
2021-2024,TEA_operacional,solo_secundario,L720,9
2021-2024,TEA_operacional,solo_secundario,K851,9
2021-2024,TEA_operacional,solo_secundario,F508,9
2021-2024,TEA_operacional,solo_secundario,K720,9
2021-2024,TEA_operacional,solo_secundario,J068,9
2021-2024,TEA_operacional,solo_secundario,S619,9
2021-2024,TEA_operacional,solo_secundario,H506,9
2021-2024,TEA_operacional,solo_secundario,M9115,9
2021-2024,TEA_operacional,solo_secundario,Q540,9
2021-2024,TEA_operacional,solo_secundario,Q549,9
2021-2024,TEA_operacional,solo_secundario,S7290,9
2021-2024,TEA_operacional,solo_secundario,N185,9
2021-2024,TEA_operacional,solo_secundario,O420,9
2021-2024,TEA_operacional,solo_secundario,S009,9
2021-2024,TEA_operacional,solo_secundario,G049,9
2021-2024,TEA_operacional,solo_secundario,D694,9
2021-2024,TEA_operacional,solo_secundario,F410,9
2021-2024,TEA_operacional,solo_secundario,Q740,9
2021-2024,TEA_operacional,solo_secundario,T450,9
2021-2024,TEA_operacional,solo_secundario,Z033,9
2021-2024,TEA_operacional,solo_secundario,B270,8
2021-2024,TEA_operacional,solo_secundario,C629,8
2021-2024,TEA_operacional,solo_secundario,F328,8
2021-2024,TEA_operacional,solo_secundario,T510,8
2021-2024,TEA_operacional,solo_secundario,K528,8
2021-2024,TEA_operacional,solo_secundario,F318,8
2021-2024,TEA_operacional,solo_secundario,S5230,8
2021-2024,TEA_operacional,solo_secundario,F238,8
2021-2024,TEA_operacional,solo_secundario,E872,8
2021-2024,TEA_operacional,solo_secundario,F192,8
2021-2024,TEA_operacional,solo_secundario,K562,8
2021-2024,TEA_operacional,solo_secundario,K561,8
2021-2024,TEA_operacional,solo_secundario,M303,8
2021-2024,TEA_operacional,solo_secundario,Q070,8
2021-2024,TEA_operacional,solo_secundario,A38,8
2021-2024,TEA_operacional,solo_secundario,T222,8
2021-2024,TEA_operacional,solo_secundario,D430,8
2021-2024,TEA_operacional,solo_secundario,G610,8
2021-2024,TEA_operacional,solo_secundario,S4200,8
2021-2024,TEA_operacional,solo_secundario,T182,8
2021-2024,TEA_operacional,solo_secundario,J22,8
2021-2024,TEA_operacional,solo_secundario,K402,8
2021-2024,TEA_operacional,solo_secundario,S8210,8
2021-2024,TEA_operacional,solo_secundario,N432,8
2021-2024,TEA_operacional,solo_secundario,M2147,8
2021-2024,TEA_operacional,solo_secundario,L024,8
2021-2024,TEA_operacional,solo_secundario,S099,8
2021-2024,TEA_operacional,solo_secundario,L020,8
2021-2024,TEA_operacional,solo_secundario,Z302,8
2021-2024,TEA_operacional,solo_secundario,G930,7
2021-2024,TEA_operacional,solo_secundario,K052,7
2021-2024,TEA_operacional,solo_secundario,K565,7
2021-2024,TEA_operacional,solo_secundario,T16,7
2021-2024,TEA_operacional,solo_secundario,I638,7
2021-2024,TEA_operacional,solo_secundario,T427,7
2021-2024,TEA_operacional,solo_secundario,S013,7
2021-2024,TEA_operacional,solo_secundario,S011,7
2021-2024,TEA_operacional,solo_secundario,S0280,7
2021-2024,TEA_operacional,solo_secundario,T141,7
2021-2024,TEA_operacional,solo_secundario,F449,7
2021-2024,TEA_operacional,solo_secundario,Q172,7
2021-2024,TEA_operacional,solo_secundario,B340,7
2021-2024,TEA_operacional,solo_secundario,H653,7
2021-2024,TEA_operacional,solo_secundario,S618,7
2021-2024,TEA_operacional,solo_secundario,F314,7
2021-2024,TEA_operacional,solo_secundario,H660,7
2021-2024,TEA_operacional,solo_secundario,G400,7
2021-2024,TEA_operacional,solo_secundario,K808,7
2021-2024,TEA_operacional,solo_secundario,Z430,7
2021-2024,TEA_operacional,solo_secundario,F900,7
2021-2024,TEA_operacional,solo_secundario,S711,7
2021-2024,TEA_operacional,solo_secundario,T292,7
2021-2024,TEA_operacional,solo_secundario,B002,7
2021-2024,TEA_operacional,solo_secundario,O700,7
2021-2024,TEA_operacional,solo_secundario,T405,7
2021-2024,TEA_operacional,solo_secundario,T568,7
2021-2024,TEA_operacional,solo_secundario,E116,7
2021-2024,TEA_operacional,solo_secundario,N201,7
2021-2024,TEA_operacional,solo_secundario,D162,7
2021-2024,TEA_operacional,solo_secundario,D401,7
2021-2024,TEA_operacional,solo_secundario,J210,7
2021-2024,TEA_operacional,solo_secundario,F316,6
2021-2024,TEA_operacional,solo_secundario,G119,6
2021-2024,TEA_operacional,solo_secundario,Z478,6
2021-2024,TEA_operacional,solo_secundario,B279,6
2021-2024,TEA_operacional,solo_secundario,D649,6
2021-2024,TEA_operacional,solo_secundario,T465,6
2021-2024,TEA_operacional,solo_secundario,J869,6
2021-2024,TEA_operacional,solo_secundario,K36,6
2021-2024,TEA_operacional,solo_secundario,T383,6
2021-2024,TEA_operacional,solo_secundario,H71,6
2021-2024,TEA_operacional,solo_secundario,D619,6
2021-2024,TEA_operacional,solo_secundario,K040,6
2021-2024,TEA_operacional,solo_secundario,D593,6
2021-2024,TEA_operacional,solo_secundario,S0680,6
2021-2024,TEA_operacional,solo_secundario,J029,6
2021-2024,TEA_operacional,solo_secundario,N508,6
2021-2024,TEA_operacional,solo_secundario,J390,6
2021-2024,TEA_operacional,solo_secundario,F638,6
2021-2024,TEA_operacional,solo_secundario,F711,6
2021-2024,TEA_operacional,solo_secundario,N835,6
2021-2024,TEA_operacional,solo_secundario,F439,6
2021-2024,TEA_operacional,solo_secundario,F721,6
2021-2024,TEA_operacional,solo_secundario,M220,6
2021-2024,TEA_operacional,solo_secundario,F809,6
2021-2024,TEA_operacional,solo_secundario,Q892,6
2021-2024,TEA_operacional,solo_secundario,J111,6
2021-2024,TEA_operacional,solo_secundario,F911,6
2021-2024,TEA_operacional,solo_secundario,Z431,6
2021-2024,TEA_operacional,solo_secundario,F070,6
2021-2024,TEA_operacional,solo_secundario,R418,6
2021-2024,TEA_operacional,solo_secundario,J343,6
2021-2024,TEA_operacional,solo_secundario,Z514,6
2021-2024,TEA_operacional,solo_secundario,F602,6
2021-2024,TEA_operacional,solo_secundario,T633,6
2021-2024,TEA_operacional,solo_secundario,T436,6
2021-2024,TEA_operacional,solo_secundario,S9250,6
2021-2024,TEA_operacional,solo_secundario,L023,6
2021-2024,TEA_operacional,solo_secundario,G934,6
2021-2024,TEA_operacional,solo_secundario,G932,6
2021-2024,TEA_operacional,solo_secundario,J450,6
2021-2024,TEA_operacional,solo_secundario,S9230,6
2021-2024,TEA_operacional,solo_secundario,S010,6
2021-2024,TEA_operacional,solo_secundario,J219,6
2021-2024,TEA_operacional,solo_secundario,D27,6
2021-2024,TEA_operacional,solo_secundario,F069,6
2021-2024,TEA_operacional,solo_secundario,Q851,6
2021-2024,TEA_operacional,solo_secundario,G710,6
2021-2024,TEA_operacional,solo_secundario,R590,6
2021-2024,TEA_operacional,solo_secundario,A047,6
2021-2024,TEA_operacional,solo_secundario,D232,6
2021-2024,TEA_operacional,solo_secundario,T634,6
2021-2024,TEA_operacional,solo_secundario,T421,6
2021-2024,TEA_operacional,solo_secundario,T183,6
2021-2024,TEA_operacional,solo_secundario,J09,5
2021-2024,TEA_operacional,solo_secundario,J204,5
2021-2024,TEA_operacional,solo_secundario,K073,5
2021-2024,TEA_operacional,solo_secundario,R31,5
2021-2024,TEA_operacional,solo_secundario,S0600,5
2021-2024,TEA_operacional,solo_secundario,I330,5
2021-2024,TEA_operacional,solo_secundario,Q556,5
2021-2024,TEA_operacional,solo_secundario,F640,5
2021-2024,TEA_operacional,solo_secundario,H502,5
2021-2024,TEA_operacional,principal_y_secundario,F840,5
2021-2024,TEA_operacional,solo_secundario,DESCONOCIDO,5
2021-2024,TEA_operacional,solo_secundario,C73,5
2021-2024,TEA_operacional,solo_secundario,M2106,5
2021-2024,TEA_operacional,solo_secundario,Q210,5
2021-2024,TEA_operacional,solo_secundario,L030,5
2021-2024,TEA_operacional,solo_secundario,T233,5
2021-2024,TEA_operacional,solo_secundario,S7240,5
2021-2024,TEA_operacional,solo_secundario,T140,5
2021-2024,TEA_operacional,solo_secundario,T604,5
2021-2024,TEA_operacional,solo_secundario,T189,5
2021-2024,TEA_operacional,solo_secundario,K403,5
2021-2024,TEA_operacional,solo_secundario,A049,5
2021-2024,TEA_operacional,solo_secundario,G479,5
2021-2024,TEA_operacional,solo_secundario,Q120,5
2021-2024,TEA_operacional,solo_secundario,T211,5
2021-2024,TEA_operacional,solo_secundario,N059,5
2021-2024,TEA_operacional,solo_secundario,K805,5
2021-2024,TEA_operacional,solo_secundario,K388,5
2021-2024,TEA_operacional,solo_secundario,T813,5
2021-2024,TEA_operacional,solo_secundario,D690,5
2021-2024,TEA_operacional,solo_secundario,J180,5
2021-2024,TEA_operacional,solo_secundario,K804,5
2021-2024,TEA_operacional,solo_secundario,T232,5
2021-2024,TEA_operacional,solo_secundario,S014,5
2021-2024,TEA_operacional,solo_secundario,G411,5
2021-2024,TEA_operacional,solo_secundario,A483,5
2021-2024,TEA_operacional,solo_secundario,F952,5
2021-2024,TEA_operacional,solo_secundario,A499,5
2021-2024,TEA_operacional,solo_secundario,L910,5
2021-2024,TEA_operacional,solo_secundario,D234,5
2021-2024,TEA_operacional,solo_secundario,T438,5
2021-2024,TEA_operacional,solo_secundario,Q676,5
2021-2024,TEA_operacional,solo_secundario,E840,5
2021-2024,TEA_operacional,solo_secundario,Z098,5
2021-2024,TEA_operacional,solo_secundario,Z031,5
2021-2024,TEA_operacional,solo_secundario,J40,5
2021-2024,TEA_operacional,solo_secundario,Q760,5
2021-2024,TEA_operacional,solo_secundario,F259,5
2021-2024,TEA_operacional,solo_secundario,J030,5
2021-2024,TEA_operacional,solo_secundario,K610,5
2021-2024,TEA_operacional,solo_secundario,F448,5
2021-2024,TEA_operacional,solo_secundario,E871,5
2021-2024,TEA_operacional,solo_secundario,K625,5
2021-2024,TEA_operacional,solo_secundario,K623,5
2021-2024,TEA_operacional,solo_secundario,F220,5
2021-2024,TEA_operacional,solo_secundario,J851,5
2021-2024,TEA_operacional,solo_secundario,D233,5
2021-2024,TEA_operacional,solo_secundario,B348,5
2021-2024,TEA_operacional,solo_secundario,S6251,5
2021-2024,TEA_operacional,solo_secundario,F341,5
2021-2024,TEA_operacional,solo_secundario,B018,5
2021-2024,TEA_operacional,solo_secundario,Z048,5
2021-2024,TEA_operacional,solo_secundario,S5270,5
2021-2024,TEA_operacional,solo_secundario,E161,5
2021-2024,TEA_operacional,solo_secundario,I639,5
2021-2024,TEA_operacional,solo_secundario,F122,5
2021-2024,TEA_operacional,solo_secundario,Q741,5
2021-2024,TEA_operacional,solo_secundario,S617,5
2021-2024,TEA_operacional,solo_secundario,F302,4
2021-2024,TEA_operacional,solo_secundario,Q750,4
2021-2024,TEA_operacional,solo_secundario,N048,4
2021-2024,TEA_operacional,solo_secundario,T434,4
2021-2024,TEA_operacional,solo_secundario,Z480,4
2021-2024,TEA_operacional,solo_secundario,S0650,4
2021-2024,TEA_operacional,solo_secundario,K297,4
2021-2024,TEA_operacional,solo_secundario,I802,4
2021-2024,TEA_operacional,solo_secundario,H000,4
2021-2024,TEA_operacional,solo_secundario,S119,4
2021-2024,TEA_operacional,solo_secundario,F317,4
2021-2024,TEA_operacional,solo_secundario,J852,4
2021-2024,TEA_operacional,solo_secundario,Q175,4
2021-2024,TEA_operacional,solo_secundario,G35,4
2021-2024,TEA_operacional,solo_secundario,I889,4
2021-2024,TEA_operacional,solo_secundario,L022,4
2021-2024,TEA_operacional,solo_secundario,N480,4
2021-2024,TEA_operacional,solo_secundario,Q627,4
2021-2024,TEA_operacional,solo_secundario,D509,4
2021-2024,TEA_operacional,solo_secundario,S610,4
2021-2024,TEA_operacional,solo_secundario,D580,4
2021-2024,TEA_operacional,solo_secundario,H664,4
2021-2024,TEA_operacional,solo_secundario,T390,4
2021-2024,TEA_operacional,solo_secundario,D508,4
2021-2024,TEA_operacional,solo_secundario,T658,4
2021-2024,TEA_operacional,solo_secundario,D352,4
2021-2024,TEA_operacional,solo_secundario,D367,4
2021-2024,TEA_operacional,solo_secundario,H508,4
2021-2024,TEA_operacional,solo_secundario,G918,4
2021-2024,TEA_operacional,solo_secundario,Q311,4
2021-2024,TEA_operacional,solo_secundario,A044,4
2021-2024,TEA_operacional,solo_secundario,S012,4
2021-2024,TEA_operacional,solo_secundario,D376,4
2021-2024,TEA_operacional,solo_secundario,S8260,4
2021-2024,TEA_operacional,solo_secundario,L209,4
2021-2024,TEA_operacional,solo_secundario,S0260,4
2021-2024,TEA_operacional,solo_secundario,T461,4
2021-2024,TEA_operacional,solo_secundario,L282,4
2021-2024,TEA_operacional,solo_secundario,C402,4
2021-2024,TEA_operacional,solo_secundario,D391,4
2021-2024,TEA_operacional,solo_secundario,Q850,4
2021-2024,TEA_operacional,solo_secundario,A031,4
2021-2024,TEA_operacional,solo_secundario,K260,4
2021-2024,TEA_operacional,solo_secundario,T149,4
2021-2024,TEA_operacional,solo_secundario,L509,4
2021-2024,TEA_operacional,solo_secundario,H650,4
2021-2024,TEA_operacional,solo_secundario,D171,4
2021-2024,TEA_operacional,solo_secundario,J154,4
2021-2024,TEA_operacional,solo_secundario,J849,4
2021-2024,TEA_operacional,solo_secundario,J90,4
2021-2024,TEA_operacional,solo_secundario,J850,4
2021-2024,TEA_operacional,solo_secundario,N319,4
2021-2024,TEA_operacional,solo_secundario,H659,4
2021-2024,TEA_operacional,solo_secundario,F232,4
2021-2024,TEA_operacional,solo_secundario,M7957,4
2021-2024,TEA_operacional,principal_y_secundario,F849,4
2021-2024,TEA_operacional,solo_secundario,O990,4
2021-2024,TEA_operacional,solo_secundario,F929,4
2021-2024,TEA_operacional,solo_secundario,H903,4
2021-2024,TEA_operacional,solo_secundario,J955,4
2021-2024,TEA_operacional,solo_secundario,F901,4
2021-2024,TEA_operacional,solo_secundario,Q250,4
2021-2024,TEA_operacional,solo_secundario,K754,4
2021-2024,TEA_operacional,solo_secundario,K510,4
2021-2024,TEA_operacional,solo_secundario,F83,4
2021-2024,TEA_operacional,solo_secundario,J108,4
2021-2024,TEA_operacional,solo_secundario,K222,4
2021-2024,TEA_operacional,solo_secundario,N832,4
2021-2024,TEA_operacional,solo_secundario,Z011,4
2021-2024,TEA_operacional,solo_secundario,F729,4
2021-2024,TEA_operacional,solo_secundario,Q359,4
2021-2024,TEA_operacional,solo_secundario,C716,4
2021-2024,TEA_operacional,solo_secundario,T511,4
2021-2024,TEA_operacional,solo_secundario,S681,4
2021-2024,TEA_operacional,solo_secundario,Q369,4
2021-2024,TEA_operacional,solo_secundario,I456,4
2021-2024,TEA_operacional,solo_secundario,E115,4
2021-2024,TEA_operacional,solo_secundario,I442,4
2021-2024,TEA_operacional,solo_secundario,E230,4
2021-2024,TEA_operacional,solo_secundario,S0230,4
2021-2024,TEA_operacional,solo_secundario,K137,4
2021-2024,TEA_operacional,solo_secundario,C719,4
2021-2024,TEA_operacional,solo_secundario,H270,4
2021-2024,TEA_operacional,solo_secundario,T520,4
2021-2024,TEA_operacional,solo_secundario,H330,4
2021-2024,TEA_operacional,solo_secundario,S3280,4
2021-2024,TEA_operacional,solo_secundario,J9699,4
2021-2024,TEA_operacional,solo_secundario,K621,4
2021-2024,TEA_operacional,solo_secundario,M673,4
2021-2024,TEA_operacional,solo_secundario,B09,4
2021-2024,TEA_operacional,solo_secundario,K850,4
2021-2024,TEA_operacional,solo_secundario,S9200,4
2021-2024,TEA_operacional,solo_secundario,D259,4
2021-2024,TEA_operacional,solo_secundario,T213,4
2021-2024,TEA_operacional,solo_secundario,G938,4
2021-2024,TEA_operacional,solo_secundario,H905,4
2021-2024,TEA_operacional,solo_secundario,Q542,4
2021-2024,TEA_operacional,solo_secundario,L010,4
2021-2024,TEA_operacional,solo_secundario,T407,4
2021-2024,TEA_operacional,solo_secundario,A418,4
2021-2024,TEA_operacional,solo_secundario,F332,4
2021-2024,TEA_operacional,solo_secundario,R040,4
2021-2024,TEA_operacional,solo_secundario,K803,4
2021-2024,TEA_operacional,solo_secundario,M201,4
2021-2024,TEA_operacional,solo_secundario,S817,4
2021-2024,TEA_operacional,solo_secundario,T58,4
2021-2024,TEA_operacional,solo_secundario,O820,4
2021-2024,TEA_operacional,solo_secundario,Q379,4
2021-2024,TEA_operacional,solo_secundario,F988,4
2021-2024,TEA_operacional,solo_secundario,N800,4
2021-2024,TEA_operacional,solo_secundario,K006,4
2021-2024,TEA_operacional,solo_secundario,Z452,4
2021-2024,TEA_operacional,solo_secundario,F941,4
2021-2024,TEA_operacional,solo_secundario,R508,4
2021-2024,TEA_operacional,solo_secundario,F959,4
2021-2024,TEA_operacional,solo_secundario,T858,4
2021-2024,TEA_operacional,solo_secundario,Q548,4
2021-2024,TEA_operacional,solo_secundario,Q068,4
2021-2024,TEA_operacional,solo_secundario,F388,4
2021-2024,TEA_operacional,solo_secundario,H503,3
2021-2024,TEA_operacional,solo_secundario,S3701,3
2021-2024,TEA_operacional,solo_secundario,K071,3
2021-2024,TEA_operacional,solo_secundario,K055,3
2021-2024,TEA_operacional,solo_secundario,S0660,3
2021-2024,TEA_operacional,solo_secundario,K090,3
2021-2024,TEA_operacional,solo_secundario,H46,3
2021-2024,TEA_operacional,solo_secundario,S310,3
2021-2024,TEA_operacional,solo_secundario,K602,3
2021-2024,TEA_operacional,solo_secundario,K550,3
2021-2024,TEA_operacional,solo_secundario,K250,3
2021-2024,TEA_operacional,solo_secundario,S0630,3
2021-2024,TEA_operacional,solo_secundario,I400,3
2021-2024,TEA_operacional,solo_secundario,J982,3
2021-2024,TEA_operacional,solo_secundario,J9690,3
2021-2024,TEA_operacional,solo_secundario,S661,3
2021-2024,TEA_operacional,solo_secundario,S058,3
2021-2024,TEA_operacional,solo_secundario,S4220,3
2021-2024,TEA_operacional,solo_secundario,J958,3
2021-2024,TEA_operacional,solo_secundario,K317,3
2021-2024,TEA_operacional,solo_secundario,S810,3
2021-2024,TEA_operacional,solo_secundario,I500,3
2021-2024,TEA_operacional,solo_secundario,J950,3
2021-2024,TEA_operacional,solo_secundario,S8200,3
2021-2024,TEA_operacional,solo_secundario,K025,3
2021-2024,TEA_operacional,solo_secundario,K439,3
2021-2024,TEA_operacional,solo_secundario,J014,3
2021-2024,TEA_operacional,solo_secundario,S5220,3
2021-2024,TEA_operacional,solo_secundario,S8240,3
2021-2024,TEA_operacional,solo_secundario,K044,3
2021-2024,TEA_operacional,solo_secundario,S8250,3
2021-2024,TEA_operacional,solo_secundario,I620,3
2021-2024,TEA_operacional,solo_secundario,I861,3
2021-2024,TEA_operacional,solo_secundario,K046,3
2021-2024,TEA_operacional,solo_secundario,S097,3
2021-2024,TEA_operacional,solo_secundario,H611,3
2021-2024,TEA_operacional,solo_secundario,K291,3
2021-2024,TEA_operacional,solo_secundario,H532,3
2021-2024,TEA_operacional,solo_secundario,K112,3
2021-2024,TEA_operacional,solo_secundario,J448,3
2021-2024,TEA_operacional,solo_secundario,K079,3
2021-2024,TEA_operacional,solo_secundario,H269,3
2021-2024,TEA_operacional,solo_secundario,D696,3
2021-2024,TEA_operacional,solo_secundario,D66,3
2021-2024,TEA_operacional,solo_secundario,D531,3
2021-2024,TEA_operacional,solo_secundario,D479,3
2021-2024,TEA_operacional,solo_secundario,D444,3
2021-2024,TEA_operacional,solo_secundario,N12,3
2021-2024,TEA_operacional,solo_secundario,N132,3
2021-2024,TEA_operacional,solo_secundario,N133,3
2021-2024,TEA_operacional,solo_secundario,T780,3
2021-2024,TEA_operacional,solo_secundario,N170,3
2021-2024,TEA_operacional,solo_secundario,T783,3
2021-2024,TEA_operacional,solo_secundario,N178,3
2021-2024,TEA_operacional,solo_secundario,N184,3
2021-2024,TEA_operacional,solo_secundario,N200,3
2021-2024,TEA_operacional,solo_secundario,D235,3
2021-2024,TEA_operacional,solo_secundario,N288,3
2021-2024,TEA_operacional,solo_secundario,T818,3
2021-2024,TEA_operacional,solo_secundario,N40,3
2021-2024,TEA_operacional,solo_secundario,D695,3
2021-2024,TEA_operacional,solo_secundario,E042,3
2021-2024,TEA_operacional,solo_secundario,F320,3
2021-2024,TEA_operacional,solo_secundario,E108,3
2021-2024,TEA_operacional,solo_secundario,F309,3
2021-2024,TEA_operacional,solo_secundario,Q909,3
2021-2024,TEA_operacional,solo_secundario,Q870,3
2021-2024,TEA_operacional,solo_secundario,M6099,3
2021-2024,TEA_operacional,solo_secundario,M6595,3
2021-2024,TEA_operacional,solo_secundario,F100,3
2021-2024,TEA_operacional,solo_secundario,F068,3
2021-2024,TEA_operacional,solo_secundario,M670,3
2021-2024,TEA_operacional,solo_secundario,E876,3
2021-2024,TEA_operacional,solo_secundario,E870,3
2021-2024,TEA_operacional,solo_secundario,T464,3
2021-2024,TEA_operacional,solo_secundario,E835,3
2021-2024,TEA_operacional,solo_secundario,Q699,3
2021-2024,TEA_operacional,solo_secundario,Q692,3
2021-2024,TEA_operacional,solo_secundario,Q675,3
2021-2024,TEA_operacional,solo_secundario,Q667,3
2021-2024,TEA_operacional,solo_secundario,Q658,3
2021-2024,TEA_operacional,solo_secundario,T827,3
2021-2024,TEA_operacional,solo_secundario,D160,3
2021-2024,TEA_operacional,solo_secundario,N481,3
2021-2024,TEA_operacional,solo_secundario,T842,3
2021-2024,TEA_operacional,solo_secundario,Z291,3
2021-2024,TEA_operacional,solo_secundario,O429,3
2021-2024,TEA_operacional,solo_secundario,Q213,3
2021-2024,TEA_operacional,solo_secundario,O680,3
2021-2024,TEA_operacional,solo_secundario,Q204,3
2021-2024,TEA_operacional,solo_secundario,Q203,3
2021-2024,TEA_operacional,solo_secundario,O800,3
2021-2024,TEA_operacional,solo_secundario,Z450,3
2021-2024,TEA_operacional,solo_secundario,A46,3
2021-2024,TEA_operacional,solo_secundario,Q181,3
2021-2024,TEA_operacional,solo_secundario,Z488,3
2021-2024,TEA_operacional,solo_secundario,Z548,3
2021-2024,TEA_operacional,solo_secundario,Z653,3
2021-2024,TEA_operacional,solo_secundario,A040,3
2021-2024,TEA_operacional,solo_secundario,Q048,3
2021-2024,TEA_operacional,solo_secundario,Z915,3
2021-2024,TEA_operacional,principal_y_secundario,F841,3
2021-2024,TEA_operacional,solo_secundario,B084,3
2021-2024,TEA_operacional,solo_secundario,B085,3
2021-2024,TEA_operacional,solo_secundario,B199,3
2021-2024,TEA_operacional,solo_secundario,T887,3
2021-2024,TEA_operacional,solo_secundario,N500,3
2021-2024,TEA_operacional,solo_secundario,T848,3
2021-2024,TEA_operacional,solo_secundario,N701,3
2021-2024,TEA_operacional,solo_secundario,C924,3
2021-2024,TEA_operacional,solo_secundario,N751,3
2021-2024,TEA_operacional,solo_secundario,N764,3
2021-2024,TEA_operacional,solo_secundario,T885,3
2021-2024,TEA_operacional,solo_secundario,Q374,3
2021-2024,TEA_operacional,solo_secundario,O241,3
2021-2024,TEA_operacional,solo_secundario,Z016,3
2021-2024,TEA_operacional,solo_secundario,C56,3
2021-2024,TEA_operacional,solo_secundario,Q353,3
2021-2024,TEA_operacional,solo_secundario,O021,3
2021-2024,TEA_operacional,solo_secundario,Z092,3
2021-2024,TEA_operacional,solo_secundario,O049,3
2021-2024,TEA_operacional,solo_secundario,B679,3
2021-2024,TEA_operacional,solo_secundario,F311,3
2021-2024,TEA_operacional,solo_secundario,E301,3
2021-2024,TEA_operacional,solo_secundario,G700,3
2021-2024,TEA_operacional,solo_secundario,F606,3
2021-2024,TEA_operacional,solo_secundario,L033,3
2021-2024,TEA_operacional,solo_secundario,L038,3
2021-2024,TEA_operacional,solo_secundario,G919,3
2021-2024,TEA_operacional,solo_secundario,T068,3
2021-2024,TEA_operacional,solo_secundario,L088,3
2021-2024,TEA_operacional,solo_secundario,R101,3
2021-2024,TEA_operacional,solo_secundario,R103,3
2021-2024,TEA_operacional,solo_secundario,G431,3
2021-2024,TEA_operacional,solo_secundario,M2116,3
2021-2024,TEA_operacional,solo_secundario,F82,3
2021-2024,TEA_operacional,solo_secundario,G809,3
2021-2024,TEA_operacional,solo_secundario,F445,3
2021-2024,TEA_operacional,solo_secundario,G448,3
2021-2024,TEA_operacional,solo_secundario,M2186,3
2021-2024,TEA_operacional,solo_secundario,R268,3
2021-2024,TEA_operacional,solo_secundario,L603,3
2021-2024,TEA_operacional,solo_secundario,R21,3
2021-2024,TEA_operacional,solo_secundario,T175,3
2021-2024,TEA_operacional,solo_secundario,L511,3
2021-2024,TEA_operacional,solo_secundario,R258,3
2021-2024,TEA_operacional,solo_secundario,S311,3
2021-2024,TEA_operacional,solo_secundario,L519,3
2021-2024,TEA_operacional,solo_secundario,R100,3
2021-2024,TEA_operacional,solo_secundario,F459,3
2021-2024,TEA_operacional,solo_secundario,T360,3
2021-2024,TEA_operacional,solo_secundario,G001,3
2021-2024,TEA_operacional,solo_secundario,F418,3
2021-2024,TEA_operacional,solo_secundario,G039,3
2021-2024,TEA_operacional,solo_secundario,L028,3
2021-2024,TEA_operacional,solo_secundario,G259,3
2021-2024,TEA_operacional,solo_secundario,M329,3
2021-2024,TEA_operacional,solo_secundario,K918,3
2021-2024,TEA_operacional,solo_secundario,T203,3
2021-2024,TEA_operacional,solo_secundario,G405,3
2021-2024,TEA_operacional,solo_secundario,G060,3
2021-2024,TEA_operacional,solo_secundario,H186,3
2021-2024,TEA_operacional,solo_secundario,G249,3
2021-2024,TEA_operacional,solo_secundario,L905,3
2021-2024,TEA_operacional,solo_secundario,G111,3
2021-2024,TEA_operacional,solo_secundario,T185,3
2021-2024,TEA_operacional,solo_secundario,G240,3
2021-2024,TEA_operacional,solo_secundario,L021,3
2021-2024,TEA_operacional,solo_secundario,N739,2
2021-2024,TEA_operacional,solo_secundario,L928,2
2021-2024,TEA_operacional,solo_secundario,S198,2
2021-2024,TEA_operacional,solo_secundario,O031,2
2021-2024,TEA_operacional,solo_secundario,Q360,2
2021-2024,TEA_operacional,solo_secundario,L923,2
2021-2024,TEA_operacional,solo_secundario,K295,2
2021-2024,TEA_operacional,solo_secundario,O001,2
2021-2024,TEA_operacional,solo_secundario,R572,2
2021-2024,TEA_operacional,solo_secundario,N939,2
2021-2024,TEA_operacional,solo_secundario,Q355,2
2021-2024,TEA_operacional,solo_secundario,Q378,2
2021-2024,TEA_operacional,solo_secundario,N921,2
2021-2024,TEA_operacional,solo_secundario,N830,2
2021-2024,TEA_operacional,solo_secundario,S202,2
2021-2024,TEA_operacional,solo_secundario,N906,2
2021-2024,TEA_operacional,solo_secundario,L893,2
2021-2024,TEA_operacional,solo_secundario,M331,2
2021-2024,TEA_operacional,solo_secundario,Q283,2
2021-2024,TEA_operacional,solo_secundario,Q038,2
2021-2024,TEA_operacional,solo_secundario,O992,2
2021-2024,TEA_operacional,solo_secundario,K130,2
2021-2024,TEA_operacional,solo_secundario,O996,2
2021-2024,TEA_operacional,solo_secundario,S019,2
2021-2024,TEA_operacional,solo_secundario,Q02,2
2021-2024,TEA_operacional,solo_secundario,S2720,2
2021-2024,TEA_operacional,solo_secundario,K113,2
2021-2024,TEA_operacional,solo_secundario,Q039,2
2021-2024,TEA_operacional,solo_secundario,L041,2
2021-2024,TEA_operacional,solo_secundario,K108,2
2021-2024,TEA_operacional,solo_secundario,K102,2
2021-2024,TEA_operacional,solo_secundario,Q100,2
2021-2024,TEA_operacional,solo_secundario,K092,2
2021-2024,TEA_operacional,solo_secundario,S0250,2
2021-2024,TEA_operacional,solo_secundario,K914,2
2021-2024,TEA_operacional,solo_secundario,K858,2
2021-2024,TEA_operacional,solo_secundario,O821,2
2021-2024,TEA_operacional,solo_secundario,K20,2
2021-2024,TEA_operacional,solo_secundario,Q282,2
2021-2024,TEA_operacional,solo_secundario,O335,2
2021-2024,TEA_operacional,solo_secundario,O13,2
2021-2024,TEA_operacional,solo_secundario,O141,2
2021-2024,TEA_operacional,solo_secundario,K259,2
2021-2024,TEA_operacional,solo_secundario,O244,2
2021-2024,TEA_operacional,solo_secundario,Q254,2
2021-2024,TEA_operacional,solo_secundario,N483,2
2021-2024,TEA_operacional,solo_secundario,K226,2
2021-2024,TEA_operacional,solo_secundario,L500,2
2021-2024,TEA_operacional,solo_secundario,L208,2
2021-2024,TEA_operacional,solo_secundario,S050,2
2021-2024,TEA_operacional,solo_secundario,O343,2
2021-2024,TEA_operacional,solo_secundario,L308,2
2021-2024,TEA_operacional,solo_secundario,O366,2
2021-2024,TEA_operacional,solo_secundario,Q234,2
2021-2024,TEA_operacional,solo_secundario,O600,2
2021-2024,TEA_operacional,solo_secundario,O621,2
2021-2024,TEA_operacional,solo_secundario,N488,2
2021-2024,TEA_operacional,solo_secundario,M0098,2
2021-2024,TEA_operacional,solo_secundario,L988,2
2021-2024,TEA_operacional,solo_secundario,M8508,2
2021-2024,TEA_operacional,solo_secundario,M6514,2
2021-2024,TEA_operacional,solo_secundario,M6598,2
2021-2024,TEA_operacional,solo_secundario,K631,2
2021-2024,TEA_operacional,solo_secundario,K551,2
2021-2024,TEA_operacional,solo_secundario,Q742,2
2021-2024,TEA_operacional,solo_secundario,M2555,2
2021-2024,TEA_operacional,solo_secundario,K633,2
2021-2024,TEA_operacional,solo_secundario,M7116,2
2021-2024,TEA_operacional,solo_secundario,M7916,2
2021-2024,TEA_operacional,solo_secundario,M7938,2
2021-2024,TEA_operacional,solo_secundario,M7955,2
2021-2024,TEA_operacional,solo_secundario,M7966,2
2021-2024,TEA_operacional,solo_secundario,K638,2
2021-2024,TEA_operacional,solo_secundario,M8403,2
2021-2024,TEA_operacional,solo_secundario,K518,2
2021-2024,TEA_operacional,solo_secundario,Q690,2
2021-2024,TEA_operacional,solo_secundario,M8446,2
2021-2024,TEA_operacional,solo_secundario,M6288,2
2021-2024,TEA_operacional,solo_secundario,M310,2
2021-2024,TEA_operacional,solo_secundario,Q786,2
2021-2024,TEA_operacional,solo_secundario,M4195,2
2021-2024,TEA_operacional,solo_secundario,K605,2
2021-2024,TEA_operacional,solo_secundario,R068,2
2021-2024,TEA_operacional,solo_secundario,M330,2
2021-2024,TEA_operacional,solo_secundario,R000,2
2021-2024,TEA_operacional,solo_secundario,M4194,2
2021-2024,TEA_operacional,solo_secundario,K593,2
2021-2024,TEA_operacional,solo_secundario,K592,2
2021-2024,TEA_operacional,solo_secundario,M328,2
2021-2024,TEA_operacional,solo_secundario,M6028,2
2021-2024,TEA_operacional,solo_secundario,Q878,2
2021-2024,TEA_operacional,solo_secundario,S0651,2
2021-2024,TEA_operacional,solo_secundario,K572,2
2021-2024,TEA_operacional,solo_secundario,K626,2
2021-2024,TEA_operacional,solo_secundario,M5456,2
2021-2024,TEA_operacional,solo_secundario,M6000,2
2021-2024,TEA_operacional,solo_secundario,M6009,2
2021-2024,TEA_operacional,solo_secundario,M8506,2
2021-2024,TEA_operacional,solo_secundario,K642,2
2021-2024,TEA_operacional,solo_secundario,K381,2
2021-2024,TEA_operacional,solo_secundario,K912,2
2021-2024,TEA_operacional,solo_secundario,S098,2
2021-2024,TEA_operacional,solo_secundario,R402,2
2021-2024,TEA_operacional,solo_secundario,M205,2
2021-2024,TEA_operacional,solo_secundario,N137,2
2021-2024,TEA_operacional,solo_secundario,K760,2
2021-2024,TEA_operacional,solo_secundario,M0899,2
2021-2024,TEA_operacional,solo_secundario,K769,2
2021-2024,TEA_operacional,solo_secundario,R456,2
2021-2024,TEA_operacional,solo_secundario,N202,2
2021-2024,TEA_operacional,solo_secundario,Q431,2
2021-2024,TEA_operacional,solo_secundario,M0099,2
2021-2024,TEA_operacional,solo_secundario,M332,2
2021-2024,TEA_operacional,solo_secundario,Q430,2
2021-2024,TEA_operacional,solo_secundario,Q411,2
2021-2024,TEA_operacional,solo_secundario,M0096,2
2021-2024,TEA_operacional,solo_secundario,M0095,2
2021-2024,TEA_operacional,solo_secundario,Q390,2
2021-2024,TEA_operacional,solo_secundario,Q505,2
2021-2024,TEA_operacional,solo_secundario,M2176,2
2021-2024,TEA_operacional,solo_secundario,K469,2
2021-2024,TEA_operacional,solo_secundario,Q552,2
2021-2024,TEA_operacional,solo_secundario,K649,2
2021-2024,TEA_operacional,solo_secundario,Q660,2
2021-2024,TEA_operacional,solo_secundario,Q644,2
2021-2024,TEA_operacional,solo_secundario,M8686,2
2021-2024,TEA_operacional,solo_secundario,Q621,2
2021-2024,TEA_operacional,solo_secundario,M8696,2
2021-2024,TEA_operacional,solo_secundario,M8697,2
2021-2024,TEA_operacional,solo_secundario,M938,2
2021-2024,TEA_operacional,solo_secundario,K500,2
2021-2024,TEA_operacional,solo_secundario,M939,2
2021-2024,TEA_operacional,solo_secundario,M2319,2
2021-2024,TEA_operacional,solo_secundario,N009,2
2021-2024,TEA_operacional,solo_secundario,N028,2
2021-2024,TEA_operacional,solo_secundario,M2196,2
2021-2024,TEA_operacional,solo_secundario,K509,2
2021-2024,TEA_operacional,solo_secundario,K501,2
2021-2024,TEA_operacional,solo_secundario,M2316,2
2021-2024,TEA_operacional,solo_secundario,S6220,2
2021-2024,TEA_operacional,solo_secundario,S312,2
2021-2024,TEA_operacional,solo_secundario,D236,2
2021-2024,TEA_operacional,solo_secundario,D177,2
2021-2024,TEA_operacional,solo_secundario,G478,2
2021-2024,TEA_operacional,solo_secundario,T179,2
2021-2024,TEA_operacional,solo_secundario,T812,2
2021-2024,TEA_operacional,solo_secundario,G439,2
2021-2024,TEA_operacional,solo_secundario,G432,2
2021-2024,TEA_operacional,solo_secundario,D225,2
2021-2024,TEA_operacional,solo_secundario,D227,2
2021-2024,TEA_operacional,solo_secundario,G258,2
2021-2024,TEA_operacional,solo_secundario,G255,2
2021-2024,TEA_operacional,solo_secundario,G253,2
2021-2024,TEA_operacional,solo_secundario,G248,2
2021-2024,TEA_operacional,solo_secundario,G210,2
2021-2024,TEA_operacional,solo_secundario,T802,2
2021-2024,TEA_operacional,solo_secundario,D170,2
2021-2024,TEA_operacional,solo_secundario,G042,2
2021-2024,TEA_operacional,solo_secundario,T241,2
2021-2024,TEA_operacional,solo_secundario,G002,2
2021-2024,TEA_operacional,solo_secundario,T243,2
2021-2024,TEA_operacional,solo_secundario,T251,2
2021-2024,TEA_operacional,solo_secundario,F949,2
2021-2024,TEA_operacional,solo_secundario,F939,2
2021-2024,TEA_operacional,solo_secundario,T796,2
2021-2024,TEA_operacional,solo_secundario,D290,2
2021-2024,TEA_operacional,solo_secundario,F932,2
2021-2024,TEA_operacional,solo_secundario,F930,2
2021-2024,TEA_operacional,solo_secundario,F920,2
2021-2024,TEA_operacional,solo_secundario,F912,2
2021-2024,TEA_operacional,solo_secundario,T173,2
2021-2024,TEA_operacional,solo_secundario,T824,2
2021-2024,TEA_operacional,solo_secundario,S8290,2
2021-2024,TEA_operacional,solo_secundario,D069,2
2021-2024,TEA_operacional,solo_secundario,C712,2
2021-2024,TEA_operacional,solo_secundario,S831,2
2021-2024,TEA_operacional,solo_secundario,C717,2
2021-2024,TEA_operacional,solo_secundario,H271,2
2021-2024,TEA_operacional,solo_secundario,T958,2
2021-2024,TEA_operacional,solo_secundario,T905,2
2021-2024,TEA_operacional,solo_secundario,S860,2
2021-2024,TEA_operacional,solo_secundario,C837,2
2021-2024,TEA_operacional,solo_secundario,S9220,2
2021-2024,TEA_operacional,solo_secundario,C925,2
2021-2024,TEA_operacional,solo_secundario,S9251,2
2021-2024,TEA_operacional,solo_secundario,S9290,2
2021-2024,TEA_operacional,solo_secundario,C959,2
2021-2024,TEA_operacional,solo_secundario,T845,2
2021-2024,TEA_operacional,solo_secundario,D165,2
2021-2024,TEA_operacional,solo_secundario,G931,2
2021-2024,TEA_operacional,solo_secundario,E662,2
2021-2024,TEA_operacional,solo_secundario,G909,2
2021-2024,TEA_operacional,solo_secundario,G838,2
2021-2024,TEA_operacional,solo_secundario,G824,2
2021-2024,TEA_operacional,solo_secundario,G821,2
2021-2024,TEA_operacional,solo_secundario,T841,2
2021-2024,TEA_operacional,solo_secundario,G819,2
2021-2024,TEA_operacional,solo_secundario,G801,2
2021-2024,TEA_operacional,solo_secundario,T131,2
2021-2024,TEA_operacional,solo_secundario,G729,2
2021-2024,TEA_operacional,solo_secundario,D163,2
2021-2024,TEA_operacional,solo_secundario,T825,2
2021-2024,TEA_operacional,solo_secundario,D330,2
2021-2024,TEA_operacional,solo_secundario,F89,2
2021-2024,TEA_operacional,solo_secundario,T273,2
2021-2024,TEA_operacional,solo_secundario,F130,2
2021-2024,TEA_operacional,solo_secundario,E063,2
2021-2024,TEA_operacional,solo_secundario,F250,2
2021-2024,TEA_operacional,solo_secundario,F21,2
2021-2024,TEA_operacional,solo_secundario,F205,2
2021-2024,TEA_operacional,solo_secundario,F201,2
2021-2024,TEA_operacional,solo_secundario,E149,2
2021-2024,TEA_operacional,solo_secundario,T428,2
2021-2024,TEA_operacional,solo_secundario,F195,2
2021-2024,TEA_operacional,solo_secundario,F193,2
2021-2024,TEA_operacional,solo_secundario,F191,2
2021-2024,TEA_operacional,solo_secundario,F145,2
2021-2024,TEA_operacional,solo_secundario,F143,2
2021-2024,TEA_operacional,solo_secundario,F142,2
2021-2024,TEA_operacional,solo_secundario,E232,2
2021-2024,TEA_operacional,solo_secundario,F803,2
2021-2024,TEA_operacional,solo_secundario,F079,2
2021-2024,TEA_operacional,solo_secundario,T447,2
2021-2024,TEA_operacional,solo_secundario,E274,2
2021-2024,TEA_operacional,solo_secundario,F061,2
2021-2024,TEA_operacional,solo_secundario,F058,2
2021-2024,TEA_operacional,solo_secundario,F03,2
2021-2024,TEA_operacional,solo_secundario,T462,2
2021-2024,TEA_operacional,solo_secundario,T505,2
2021-2024,TEA_operacional,solo_secundario,E830,2
2021-2024,TEA_operacional,solo_secundario,T471,2
2021-2024,TEA_operacional,solo_secundario,T490,2
2021-2024,TEA_operacional,solo_secundario,E713,2
2021-2024,TEA_operacional,solo_secundario,E538,2
2021-2024,TEA_operacional,solo_secundario,T529,2
2021-2024,TEA_operacional,solo_secundario,F308,2
2021-2024,TEA_operacional,solo_secundario,T409,2
2021-2024,TEA_operacional,solo_secundario,T542,2
2021-2024,TEA_operacional,solo_secundario,F799,2
2021-2024,TEA_operacional,solo_secundario,F791,2
2021-2024,TEA_operacional,solo_secundario,D383,2
2021-2024,TEA_operacional,solo_secundario,T749,2
2021-2024,TEA_operacional,solo_secundario,D432,2
2021-2024,TEA_operacional,solo_secundario,T310,2
2021-2024,TEA_operacional,solo_secundario,F709,2
2021-2024,TEA_operacional,solo_secundario,D481,2
2021-2024,TEA_operacional,solo_secundario,D589,2
2021-2024,TEA_operacional,solo_secundario,D648,2
2021-2024,TEA_operacional,solo_secundario,F604,2
2021-2024,TEA_operacional,solo_secundario,T594,2
2021-2024,TEA_operacional,solo_secundario,F501,2
2021-2024,TEA_operacional,solo_secundario,T398,2
2021-2024,TEA_operacional,solo_secundario,D692,2
2021-2024,TEA_operacional,solo_secundario,F422,2
2021-2024,TEA_operacional,solo_secundario,T402,2
2021-2024,TEA_operacional,solo_secundario,F349,2
2021-2024,TEA_operacional,solo_secundario,D728,2
2021-2024,TEA_operacional,solo_secundario,K075,2
2021-2024,TEA_operacional,solo_secundario,F339,2
2021-2024,TEA_operacional,solo_secundario,D734,2
2021-2024,TEA_operacional,solo_secundario,F334,2
2021-2024,TEA_operacional,solo_secundario,D761,2
2021-2024,TEA_operacional,solo_secundario,F333,2
2021-2024,TEA_operacional,solo_secundario,F315,2
2021-2024,TEA_operacional,solo_secundario,F313,2
2021-2024,TEA_operacional,solo_secundario,C710,2
2021-2024,TEA_operacional,solo_secundario,D110,2
2021-2024,TEA_operacional,solo_secundario,S8281,2
2021-2024,TEA_operacional,solo_secundario,J018,2
2021-2024,TEA_operacional,solo_secundario,B001,2
2021-2024,TEA_operacional,solo_secundario,J211,2
2021-2024,TEA_operacional,solo_secundario,J202,2
2021-2024,TEA_operacional,solo_secundario,J200,2
2021-2024,TEA_operacional,solo_secundario,J156,2
2021-2024,TEA_operacional,solo_secundario,J153,2
2021-2024,TEA_operacional,solo_secundario,B003,2
2021-2024,TEA_operacional,solo_secundario,H492,2
2021-2024,TEA_operacional,solo_secundario,J150,2
2021-2024,TEA_operacional,solo_secundario,J110,2
2021-2024,TEA_operacional,solo_secundario,J028,2
2021-2024,TEA_operacional,solo_secundario,J019,2
2021-2024,TEA_operacional,solo_secundario,S5210,2
2021-2024,TEA_operacional,solo_secundario,S6230,2
2021-2024,TEA_operacional,solo_secundario,I850,2
2021-2024,TEA_operacional,solo_secundario,I828,2
2021-2024,TEA_operacional,solo_secundario,I743,2
2021-2024,TEA_operacional,solo_secundario,S5271,2
2021-2024,TEA_operacional,solo_secundario,S5281,2
2021-2024,TEA_operacional,solo_secundario,I675,2
2021-2024,TEA_operacional,solo_secundario,I671,2
2021-2024,TEA_operacional,solo_secundario,B009,2
2021-2024,TEA_operacional,solo_secundario,B019,2
2021-2024,TEA_operacional,solo_secundario,B021,2
2021-2024,TEA_operacional,solo_secundario,S611,2
2021-2024,TEA_operacional,solo_secundario,I609,2
2021-2024,TEA_operacional,solo_secundario,J329,2
2021-2024,TEA_operacional,solo_secundario,J330,2
2021-2024,TEA_operacional,solo_secundario,S4270,2
2021-2024,TEA_operacional,solo_secundario,J340,2
2021-2024,TEA_operacional,solo_secundario,S3200,2
2021-2024,TEA_operacional,principal_y_secundario,F848,2
2021-2024,TEA_operacional,solo_secundario,K051,2
2021-2024,TEA_operacional,solo_secundario,K050,2
2021-2024,TEA_operacional,solo_secundario,Z768,2
2021-2024,TEA_operacional,solo_secundario,Z763,2
2021-2024,TEA_operacional,solo_secundario,A039,2
2021-2024,TEA_operacional,solo_secundario,S3270,2
2021-2024,TEA_operacional,solo_secundario,K041,2
2021-2024,TEA_operacional,solo_secundario,J988,2
2021-2024,TEA_operacional,solo_secundario,J984,2
2021-2024,TEA_operacional,solo_secundario,A045,2
2021-2024,TEA_operacional,solo_secundario,J931,2
2021-2024,TEA_operacional,solo_secundario,A048,2
2021-2024,TEA_operacional,solo_secundario,A162,2
2021-2024,TEA_operacional,solo_secundario,A400,2
2021-2024,TEA_operacional,solo_secundario,A410,2
2021-2024,TEA_operacional,solo_secundario,Z458,2
2021-2024,TEA_operacional,solo_secundario,A440,2
2021-2024,TEA_operacional,solo_secundario,J441,2
2021-2024,TEA_operacional,solo_secundario,Z433,2
2021-2024,TEA_operacional,solo_secundario,A600,2
2021-2024,TEA_operacional,solo_secundario,A630,2
2021-2024,TEA_operacional,solo_secundario,S399,2
2021-2024,TEA_operacional,solo_secundario,A870,2
2021-2024,TEA_operacional,solo_secundario,I499,2
2021-2024,TEA_operacional,solo_secundario,E668,2
2021-2024,TEA_operacional,solo_secundario,Z135,2
2021-2024,TEA_operacional,solo_secundario,S6280,2
2021-2024,TEA_operacional,solo_secundario,S819,2
2021-2024,TEA_operacional,solo_secundario,H918,2
2021-2024,TEA_operacional,solo_secundario,H811,2
2021-2024,TEA_operacional,solo_secundario,S7220,2
2021-2024,TEA_operacional,solo_secundario,I251,2
2021-2024,TEA_operacional,solo_secundario,Z035,2
2021-2024,TEA_operacional,solo_secundario,H654,2
2021-2024,TEA_operacional,solo_secundario,B349,2
2021-2024,TEA_operacional,solo_secundario,H609,2
2021-2024,TEA_operacional,solo_secundario,B341,2
2021-2024,TEA_operacional,solo_secundario,Z032,2
2021-2024,TEA_operacional,solo_secundario,C541,2
2021-2024,TEA_operacional,solo_secundario,B350,2
2021-2024,TEA_operacional,solo_secundario,I443,2
2021-2024,TEA_operacional,solo_secundario,B278,2
2021-2024,TEA_operacional,solo_secundario,I472,2
2021-2024,TEA_operacional,solo_secundario,I420,2
2021-2024,TEA_operacional,solo_secundario,H602,2
2021-2024,TEA_operacional,solo_secundario,C621,2
2021-2024,TEA_operacional,solo_secundario,T493,1
2021-2024,TEA_operacional,solo_secundario,Q643,1
2021-2024,TEA_operacional,solo_secundario,Z510,1
2021-2024,TEA_operacional,solo_secundario,Q677,1
2021-2024,TEA_operacional,solo_secundario,T859,1
2021-2024,TEA_operacional,solo_secundario,Q642,1
2021-2024,TEA_operacional,solo_secundario,T519,1
2021-2024,TEA_operacional,solo_secundario,Q188,1
2021-2024,TEA_operacional,solo_secundario,Q623,1
2021-2024,TEA_operacional,solo_secundario,T528,1
2021-2024,TEA_operacional,solo_secundario,T522,1
2021-2024,TEA_operacional,solo_secundario,T861,1
2021-2024,TEA_operacional,solo_secundario,Q189,1
2021-2024,TEA_operacional,solo_secundario,Q688,1
2021-2024,TEA_operacional,solo_secundario,Q558,1
2021-2024,TEA_operacional,solo_secundario,T539,1
2021-2024,TEA_operacional,solo_secundario,Q554,1
2021-2024,TEA_operacional,solo_secundario,Q200,1
2021-2024,TEA_operacional,solo_secundario,Q078,1
2021-2024,TEA_operacional,solo_secundario,T549,1
2021-2024,TEA_operacional,solo_secundario,T856,1
2021-2024,TEA_operacional,solo_secundario,Q201,1
2021-2024,TEA_operacional,solo_secundario,Z513,1
2021-2024,TEA_operacional,solo_secundario,Q180,1
2021-2024,TEA_operacional,solo_secundario,Q647,1
2021-2024,TEA_operacional,solo_secundario,T512,1
2021-2024,TEA_operacional,solo_secundario,Q373,1
2021-2024,TEA_operacional,solo_secundario,Q105,1
2021-2024,TEA_operacional,solo_secundario,U072,1
2021-2024,TEA_operacional,solo_secundario,T983,1
2021-2024,TEA_operacional,solo_secundario,Q112,1
2021-2024,TEA_operacional,solo_secundario,T508,1
2021-2024,TEA_operacional,solo_secundario,Z751,1
2021-2024,TEA_operacional,solo_secundario,T952,1
2021-2024,TEA_operacional,solo_secundario,Q666,1
2021-2024,TEA_operacional,solo_secundario,Q341,1
2021-2024,TEA_operacional,solo_secundario,T492,1
2021-2024,TEA_operacional,solo_secundario,T502,1
2021-2024,TEA_operacional,solo_secundario,T518,1
2021-2024,TEA_operacional,solo_secundario,T886,1
2021-2024,TEA_operacional,solo_secundario,Q653,1
2021-2024,TEA_operacional,solo_secundario,Z036,1
2021-2024,TEA_operacional,solo_secundario,Q652,1
2021-2024,TEA_operacional,solo_secundario,Q150,1
2021-2024,TEA_operacional,solo_secundario,Q651,1
2021-2024,TEA_operacional,solo_secundario,Z015,1
2021-2024,TEA_operacional,solo_secundario,T881,1
2021-2024,TEA_operacional,solo_secundario,Z549,1
2021-2024,TEA_operacional,solo_secundario,Q550,1
2021-2024,TEA_operacional,solo_secundario,Q385,1
2021-2024,TEA_operacional,solo_secundario,Q383,1
2021-2024,TEA_operacional,solo_secundario,T793,1
2021-2024,TEA_operacional,solo_secundario,T829,1
2021-2024,TEA_operacional,solo_secundario,Q232,1
2021-2024,TEA_operacional,solo_secundario,Q437,1
2021-2024,TEA_operacional,solo_secundario,T781,1
2021-2024,TEA_operacional,solo_secundario,Q233,1
2021-2024,TEA_operacional,solo_secundario,T782,1
2021-2024,TEA_operacional,solo_secundario,T828,1
2021-2024,TEA_operacional,solo_secundario,Z298,1
2021-2024,TEA_operacional,solo_secundario,Q279,1
2021-2024,TEA_operacional,solo_secundario,Q273,1
2021-2024,TEA_operacional,solo_secundario,Q268,1
2021-2024,TEA_operacional,solo_secundario,T784,1
2021-2024,TEA_operacional,solo_secundario,Q263,1
2021-2024,TEA_operacional,solo_secundario,Z099,1
2021-2024,TEA_operacional,solo_secundario,Z122,1
2021-2024,TEA_operacional,solo_secundario,Z128,1
2021-2024,TEA_operacional,solo_secundario,T797,1
2021-2024,TEA_operacional,solo_secundario,Q410,1
2021-2024,TEA_operacional,solo_secundario,T821,1
2021-2024,TEA_operacional,solo_secundario,Z292,1
2021-2024,TEA_operacional,solo_secundario,Q238,1
2021-2024,TEA_operacional,solo_secundario,Q433,1
2021-2024,TEA_operacional,solo_secundario,Q243,1
2021-2024,TEA_operacional,solo_secundario,Z238,1
2021-2024,TEA_operacional,solo_secundario,Q253,1
2021-2024,TEA_operacional,solo_secundario,T811,1
2021-2024,TEA_operacional,solo_secundario,Q231,1
2021-2024,TEA_operacional,solo_secundario,T743,1
2021-2024,TEA_operacional,solo_secundario,Z044,1
2021-2024,TEA_operacional,solo_secundario,T592,1
2021-2024,TEA_operacional,solo_secundario,Z432,1
2021-2024,TEA_operacional,solo_secundario,Q205,1
2021-2024,TEA_operacional,solo_secundario,Z208,1
2021-2024,TEA_operacional,solo_secundario,T849,1
2021-2024,TEA_operacional,solo_secundario,Q330,1
2021-2024,TEA_operacional,solo_secundario,T571,1
2021-2024,TEA_operacional,solo_secundario,T578,1
2021-2024,TEA_operacional,solo_secundario,Q315,1
2021-2024,TEA_operacional,solo_secundario,Q386,1
2021-2024,TEA_operacional,solo_secundario,Q543,1
2021-2024,TEA_operacional,solo_secundario,Z422,1
2021-2024,TEA_operacional,solo_secundario,Z411,1
2021-2024,TEA_operacional,solo_secundario,Z046,1
2021-2024,TEA_operacional,solo_secundario,Q226,1
2021-2024,TEA_operacional,solo_secundario,Z097,1
2021-2024,TEA_operacional,solo_secundario,T600,1
2021-2024,TEA_operacional,solo_secundario,T603,1
2021-2024,TEA_operacional,solo_secundario,Q222,1
2021-2024,TEA_operacional,solo_secundario,T609,1
2021-2024,TEA_operacional,solo_secundario,T639,1
2021-2024,TEA_operacional,solo_secundario,T843,1
2021-2024,TEA_operacional,solo_secundario,T670,1
2021-2024,TEA_operacional,solo_secundario,Q525,1
2021-2024,TEA_operacional,solo_secundario,T740,1
2021-2024,TEA_operacional,solo_secundario,Q225,1
2021-2024,TEA_operacional,solo_secundario,Q288,1
2021-2024,TEA_operacional,solo_secundario,Q444,1
2021-2024,TEA_operacional,solo_secundario,R072,1
2021-2024,TEA_operacional,solo_secundario,Q691,1
2021-2024,TEA_operacional,solo_secundario,S670,1
2021-2024,TEA_operacional,solo_secundario,S797,1
2021-2024,TEA_operacional,solo_secundario,S7291,1
2021-2024,TEA_operacional,solo_secundario,S7271,1
2021-2024,TEA_operacional,solo_secundario,S051,1
2021-2024,TEA_operacional,solo_secundario,S054,1
2021-2024,TEA_operacional,solo_secundario,S056,1
2021-2024,TEA_operacional,solo_secundario,S700,1
2021-2024,TEA_operacional,solo_secundario,S059,1
2021-2024,TEA_operacional,solo_secundario,S698,1
2021-2024,TEA_operacional,solo_secundario,S663,1
2021-2024,TEA_operacional,solo_secundario,S564,1
2021-2024,TEA_operacional,solo_secundario,S641,1
2021-2024,TEA_operacional,solo_secundario,S0621,1
2021-2024,TEA_operacional,solo_secundario,S640,1
2021-2024,TEA_operacional,solo_secundario,S630,1
2021-2024,TEA_operacional,solo_secundario,S6250,1
2021-2024,TEA_operacional,solo_secundario,S6240,1
2021-2024,TEA_operacional,solo_secundario,S6231,1
2021-2024,TEA_operacional,solo_secundario,S6210,1
2021-2024,TEA_operacional,solo_secundario,S607,1
2021-2024,TEA_operacional,solo_secundario,S800,1
2021-2024,TEA_operacional,solo_secundario,S818,1
2021-2024,TEA_operacional,solo_secundario,S8221,1
2021-2024,TEA_operacional,solo_secundario,S045,1
2021-2024,TEA_operacional,solo_secundario,S9241,1
2021-2024,TEA_operacional,solo_secundario,S9240,1
2021-2024,TEA_operacional,solo_secundario,S913,1
2021-2024,TEA_operacional,solo_secundario,S911,1
2021-2024,TEA_operacional,solo_secundario,S910,1
2021-2024,TEA_operacional,solo_secundario,S900,1
2021-2024,TEA_operacional,solo_secundario,S853,1
2021-2024,TEA_operacional,solo_secundario,S851,1
2021-2024,TEA_operacional,solo_secundario,S837,1
2021-2024,TEA_operacional,solo_secundario,S835,1
2021-2024,TEA_operacional,solo_secundario,S0201,1
2021-2024,TEA_operacional,solo_secundario,S834,1
2021-2024,TEA_operacional,solo_secundario,S833,1
2021-2024,TEA_operacional,solo_secundario,S830,1
2021-2024,TEA_operacional,solo_secundario,S8291,1
2021-2024,TEA_operacional,solo_secundario,S0261,1
2021-2024,TEA_operacional,solo_secundario,S8251,1
2021-2024,TEA_operacional,solo_secundario,S0290,1
2021-2024,TEA_operacional,solo_secundario,S032,1
2021-2024,TEA_operacional,solo_secundario,S598,1
2021-2024,TEA_operacional,solo_secundario,S551,1
2021-2024,TEA_operacional,solo_secundario,T487,1
2021-2024,TEA_operacional,solo_secundario,S2200,1
2021-2024,TEA_operacional,solo_secundario,S3700,1
2021-2024,TEA_operacional,solo_secundario,S3681,1
2021-2024,TEA_operacional,solo_secundario,S199,1
2021-2024,TEA_operacional,solo_secundario,S3680,1
2021-2024,TEA_operacional,solo_secundario,S211,1
2021-2024,TEA_operacional,solo_secundario,S3661,1
2021-2024,TEA_operacional,solo_secundario,S3631,1
2021-2024,TEA_operacional,solo_secundario,S217,1
2021-2024,TEA_operacional,solo_secundario,S3610,1
2021-2024,TEA_operacional,solo_secundario,S3600,1
2021-2024,TEA_operacional,solo_secundario,S531,1
2021-2024,TEA_operacional,solo_secundario,S3281,1
2021-2024,TEA_operacional,solo_secundario,S2210,1
2021-2024,TEA_operacional,solo_secundario,S2240,1
2021-2024,TEA_operacional,solo_secundario,S241,1
2021-2024,TEA_operacional,solo_secundario,S250,1
2021-2024,TEA_operacional,solo_secundario,S3230,1
2021-2024,TEA_operacional,solo_secundario,S2721,1
2021-2024,TEA_operacional,solo_secundario,S3210,1
2021-2024,TEA_operacional,solo_secundario,S314,1
2021-2024,TEA_operacional,solo_secundario,S142,1
2021-2024,TEA_operacional,solo_secundario,S3710,1
2021-2024,TEA_operacional,solo_secundario,S141,1
2021-2024,TEA_operacional,solo_secundario,S134,1
2021-2024,TEA_operacional,solo_secundario,S530,1
2021-2024,TEA_operacional,solo_secundario,S5291,1
2021-2024,TEA_operacional,solo_secundario,S0681,1
2021-2024,TEA_operacional,solo_secundario,S5201,1
2021-2024,TEA_operacional,solo_secundario,S0691,1
2021-2024,TEA_operacional,solo_secundario,S081,1
2021-2024,TEA_operacional,solo_secundario,S510,1
2021-2024,TEA_operacional,solo_secundario,S509,1
2021-2024,TEA_operacional,solo_secundario,S507,1
2021-2024,TEA_operacional,solo_secundario,S500,1
2021-2024,TEA_operacional,solo_secundario,S499,1
2021-2024,TEA_operacional,solo_secundario,S430,1
2021-2024,TEA_operacional,solo_secundario,S4290,1
2021-2024,TEA_operacional,solo_secundario,S4241,1
2021-2024,TEA_operacional,solo_secundario,S4231,1
2021-2024,TEA_operacional,solo_secundario,S117,1
2021-2024,TEA_operacional,solo_secundario,S3721,1
2021-2024,TEA_operacional,solo_secundario,S1270,1
2021-2024,TEA_operacional,solo_secundario,S131,1
2021-2024,TEA_operacional,solo_secundario,S933,1
2021-2024,TEA_operacional,solo_secundario,S934,1
2021-2024,TEA_operacional,solo_secundario,S997,1
2021-2024,TEA_operacional,solo_secundario,R042,1
2021-2024,TEA_operacional,solo_secundario,Q898,1
2021-2024,TEA_operacional,solo_secundario,T412,1
2021-2024,TEA_operacional,solo_secundario,Q923,1
2021-2024,TEA_operacional,solo_secundario,Q930,1
2021-2024,TEA_operacional,solo_secundario,Q935,1
2021-2024,TEA_operacional,solo_secundario,Q969,1
2021-2024,TEA_operacional,solo_secundario,Q992,1
2021-2024,TEA_operacional,solo_secundario,Q998,1
2021-2024,TEA_operacional,solo_secundario,R001,1
2021-2024,TEA_operacional,solo_secundario,R05,1
2021-2024,TEA_operacional,solo_secundario,S998,1
2021-2024,TEA_operacional,solo_secundario,R074,1
2021-2024,TEA_operacional,solo_secundario,T406,1
2021-2024,TEA_operacional,solo_secundario,T404,1
2021-2024,TEA_operacional,solo_secundario,R090,1
2021-2024,TEA_operacional,solo_secundario,T399,1
2021-2024,TEA_operacional,solo_secundario,T392,1
2021-2024,TEA_operacional,solo_secundario,T389,1
2021-2024,TEA_operacional,solo_secundario,T381,1
2021-2024,TEA_operacional,solo_secundario,T380,1
2021-2024,TEA_operacional,solo_secundario,Q893,1
2021-2024,TEA_operacional,solo_secundario,T413,1
2021-2024,TEA_operacional,solo_secundario,Q874,1
2021-2024,TEA_operacional,solo_secundario,Q872,1
2021-2024,TEA_operacional,solo_secundario,T486,1
2021-2024,TEA_operacional,solo_secundario,T485,1
2021-2024,TEA_operacional,solo_secundario,Q704,1
2021-2024,TEA_operacional,solo_secundario,Q709,1
2021-2024,TEA_operacional,solo_secundario,Q724,1
2021-2024,TEA_operacional,solo_secundario,Q728,1
2021-2024,TEA_operacional,solo_secundario,Q729,1
2021-2024,TEA_operacional,solo_secundario,T451,1
2021-2024,TEA_operacional,solo_secundario,T449,1
2021-2024,TEA_operacional,solo_secundario,Q753,1
2021-2024,TEA_operacional,solo_secundario,Q759,1
2021-2024,TEA_operacional,solo_secundario,T446,1
2021-2024,TEA_operacional,solo_secundario,T443,1
2021-2024,TEA_operacional,solo_secundario,Q763,1
2021-2024,TEA_operacional,solo_secundario,Q780,1
2021-2024,TEA_operacional,solo_secundario,Q781,1
2021-2024,TEA_operacional,solo_secundario,Q790,1
2021-2024,TEA_operacional,solo_secundario,Q828,1
2021-2024,TEA_operacional,solo_secundario,Q833,1
2021-2024,TEA_operacional,solo_secundario,T371,1
2021-2024,TEA_operacional,solo_secundario,R15,1
2021-2024,TEA_operacional,solo_secundario,R17,1
2021-2024,TEA_operacional,solo_secundario,T204,1
2021-2024,TEA_operacional,solo_secundario,R571,1
2021-2024,TEA_operacional,solo_secundario,T180,1
2021-2024,TEA_operacional,solo_secundario,T174,1
2021-2024,TEA_operacional,solo_secundario,R91,1
2021-2024,TEA_operacional,solo_secundario,S001,1
2021-2024,TEA_operacional,solo_secundario,S003,1
2021-2024,TEA_operacional,solo_secundario,T171,1
2021-2024,TEA_operacional,solo_secundario,T150,1
2021-2024,TEA_operacional,solo_secundario,T148,1
2021-2024,TEA_operacional,solo_secundario,S005,1
2021-2024,TEA_operacional,solo_secundario,S008,1
2021-2024,TEA_operacional,solo_secundario,T120,1
2021-2024,TEA_operacional,solo_secundario,T111,1
2021-2024,TEA_operacional,solo_secundario,T07,1
2021-2024,TEA_operacional,solo_secundario,T019,1
2021-2024,TEA_operacional,solo_secundario,T018,1
2021-2024,TEA_operacional,solo_secundario,T016,1
2021-2024,TEA_operacional,solo_secundario,T009,1
2021-2024,TEA_operacional,solo_secundario,T008,1
2021-2024,TEA_operacional,solo_secundario,T201,1
2021-2024,TEA_operacional,solo_secundario,T216,1
2021-2024,TEA_operacional,solo_secundario,T363,1
2021-2024,TEA_operacional,solo_secundario,T221,1
2021-2024,TEA_operacional,solo_secundario,R230,1
2021-2024,TEA_operacional,solo_secundario,R250,1
2021-2024,TEA_operacional,solo_secundario,T361,1
2021-2024,TEA_operacional,solo_secundario,R260,1
2021-2024,TEA_operacional,solo_secundario,T293,1
2021-2024,TEA_operacional,solo_secundario,T286,1
2021-2024,TEA_operacional,solo_secundario,T285,1
2021-2024,TEA_operacional,solo_secundario,T280,1
2021-2024,TEA_operacional,solo_secundario,R298,1
2021-2024,TEA_operacional,solo_secundario,T276,1
2021-2024,TEA_operacional,solo_secundario,R33,1
2021-2024,TEA_operacional,solo_secundario,R400,1
2021-2024,TEA_operacional,solo_secundario,T270,1
2021-2024,TEA_operacional,solo_secundario,R42,1
2021-2024,TEA_operacional,solo_secundario,T269,1
2021-2024,TEA_operacional,solo_secundario,R440,1
2021-2024,TEA_operacional,solo_secundario,R443,1
2021-2024,TEA_operacional,solo_secundario,T253,1
2021-2024,TEA_operacional,solo_secundario,T230,1
2021-2024,TEA_operacional,mixto_mismo_dia,F840,1
2021-2024,TEA_operacional,solo_secundario,K908,1
2021-2024,TEA_operacional,solo_secundario,Q059,1
2021-2024,TEA_operacional,solo_secundario,G08,1
2021-2024,TEA_operacional,solo_secundario,G378,1
2021-2024,TEA_operacional,solo_secundario,G360,1
2021-2024,TEA_operacional,solo_secundario,G310,1
2021-2024,TEA_operacional,solo_secundario,G122,1
2021-2024,TEA_operacional,solo_secundario,G120,1
2021-2024,TEA_operacional,solo_secundario,G118,1
2021-2024,TEA_operacional,solo_secundario,G113,1
2021-2024,TEA_operacional,solo_secundario,G062,1
2021-2024,TEA_operacional,solo_secundario,G406,1
2021-2024,TEA_operacional,solo_secundario,G051,1
2021-2024,TEA_operacional,solo_secundario,G040,1
2021-2024,TEA_operacional,solo_secundario,G003,1
2021-2024,TEA_operacional,solo_secundario,F99,1
2021-2024,TEA_operacional,solo_secundario,F989,1
2021-2024,TEA_operacional,solo_secundario,F981,1
2021-2024,TEA_operacional,solo_secundario,F958,1
2021-2024,TEA_operacional,solo_secundario,G379,1
2021-2024,TEA_operacional,solo_secundario,G407,1
2021-2024,TEA_operacional,solo_secundario,F938,1
2021-2024,TEA_operacional,solo_secundario,G619,1
2021-2024,TEA_operacional,solo_secundario,G800,1
2021-2024,TEA_operacional,solo_secundario,G724,1
2021-2024,TEA_operacional,solo_secundario,G723,1
2021-2024,TEA_operacional,solo_secundario,G719,1
2021-2024,TEA_operacional,solo_secundario,G709,1
2021-2024,TEA_operacional,solo_secundario,G702,1
2021-2024,TEA_operacional,solo_secundario,G628,1
2021-2024,TEA_operacional,solo_secundario,G561,1
2021-2024,TEA_operacional,solo_secundario,G412,1
2021-2024,TEA_operacional,solo_secundario,G530,1
2021-2024,TEA_operacional,solo_secundario,G521,1
2021-2024,TEA_operacional,solo_secundario,G472,1
2021-2024,TEA_operacional,solo_secundario,G459,1
2021-2024,TEA_operacional,solo_secundario,G453,1
2021-2024,TEA_operacional,solo_secundario,G440,1
2021-2024,TEA_operacional,solo_secundario,G438,1
2021-2024,TEA_operacional,solo_secundario,F948,1
2021-2024,TEA_operacional,solo_secundario,F910,1
2021-2024,TEA_operacional,solo_secundario,Q058,1
2021-2024,TEA_operacional,solo_secundario,F252,1
2021-2024,TEA_operacional,solo_secundario,F438,1
2021-2024,TEA_operacional,solo_secundario,F413,1
2021-2024,TEA_operacional,solo_secundario,F401,1
2021-2024,TEA_operacional,solo_secundario,F400,1
2021-2024,TEA_operacional,solo_secundario,F380,1
2021-2024,TEA_operacional,solo_secundario,F331,1
2021-2024,TEA_operacional,solo_secundario,F310,1
2021-2024,TEA_operacional,solo_secundario,F251,1
2021-2024,TEA_operacional,solo_secundario,F451,1
2021-2024,TEA_operacional,solo_secundario,F231,1
2021-2024,TEA_operacional,solo_secundario,F228,1
2021-2024,TEA_operacional,solo_secundario,F203,1
2021-2024,TEA_operacional,solo_secundario,F199,1
2021-2024,TEA_operacional,solo_secundario,F198,1
2021-2024,TEA_operacional,solo_secundario,F197,1
2021-2024,TEA_operacional,solo_secundario,F190,1
2021-2024,TEA_operacional,solo_secundario,F444,1
2021-2024,TEA_operacional,solo_secundario,F458,1
2021-2024,TEA_operacional,solo_secundario,F842,1
2021-2024,TEA_operacional,solo_secundario,F700,1
2021-2024,TEA_operacional,solo_secundario,F808,1
2021-2024,TEA_operacional,solo_secundario,F789,1
2021-2024,TEA_operacional,solo_secundario,F788,1
2021-2024,TEA_operacional,solo_secundario,F720,1
2021-2024,TEA_operacional,solo_secundario,F719,1
2021-2024,TEA_operacional,solo_secundario,F718,1
2021-2024,TEA_operacional,solo_secundario,F710,1
2021-2024,TEA_operacional,solo_secundario,F69,1
2021-2024,TEA_operacional,solo_secundario,F502,1
2021-2024,TEA_operacional,solo_secundario,F688,1
2021-2024,TEA_operacional,solo_secundario,F649,1
2021-2024,TEA_operacional,solo_secundario,F630,1
2021-2024,TEA_operacional,solo_secundario,F61,1
2021-2024,TEA_operacional,solo_secundario,F601,1
2021-2024,TEA_operacional,solo_secundario,F513,1
2021-2024,TEA_operacional,solo_secundario,F509,1
2021-2024,TEA_operacional,solo_secundario,G808,1
2021-2024,TEA_operacional,solo_secundario,G820,1
2021-2024,TEA_operacional,solo_secundario,G822,1
2021-2024,TEA_operacional,solo_secundario,I129,1
2021-2024,TEA_operacional,solo_secundario,I219,1
2021-2024,TEA_operacional,solo_secundario,I214,1
2021-2024,TEA_operacional,solo_secundario,I211,1
2021-2024,TEA_operacional,solo_secundario,I209,1
2021-2024,TEA_operacional,solo_secundario,I200,1
2021-2024,TEA_operacional,solo_secundario,I158,1
2021-2024,TEA_operacional,solo_secundario,I151,1
2021-2024,TEA_operacional,solo_secundario,I10,1
2021-2024,TEA_operacional,solo_secundario,I270,1
2021-2024,TEA_operacional,solo_secundario,I080,1
2021-2024,TEA_operacional,solo_secundario,I029,1
2021-2024,TEA_operacional,solo_secundario,H950,1
2021-2024,TEA_operacional,solo_secundario,H908,1
2021-2024,TEA_operacional,solo_secundario,H819,1
2021-2024,TEA_operacional,solo_secundario,H729,1
2021-2024,TEA_operacional,solo_secundario,H728,1
2021-2024,TEA_operacional,solo_secundario,I269,1
2021-2024,TEA_operacional,solo_secundario,I272,1
2021-2024,TEA_operacional,solo_secundario,G839,1
2021-2024,TEA_operacional,solo_secundario,I409,1
2021-2024,TEA_operacional,solo_secundario,I495,1
2021-2024,TEA_operacional,solo_secundario,I489,1
2021-2024,TEA_operacional,solo_secundario,I479,1
2021-2024,TEA_operacional,solo_secundario,I470,1
2021-2024,TEA_operacional,solo_secundario,I461,1
2021-2024,TEA_operacional,solo_secundario,I459,1
2021-2024,TEA_operacional,solo_secundario,I422,1
2021-2024,TEA_operacional,solo_secundario,I408,1
2021-2024,TEA_operacional,solo_secundario,I301,1
2021-2024,TEA_operacional,solo_secundario,I372,1
2021-2024,TEA_operacional,solo_secundario,I352,1
2021-2024,TEA_operacional,solo_secundario,I351,1
2021-2024,TEA_operacional,solo_secundario,I340,1
2021-2024,TEA_operacional,solo_secundario,I319,1
2021-2024,TEA_operacional,solo_secundario,I313,1
2021-2024,TEA_operacional,solo_secundario,I309,1
2021-2024,TEA_operacional,solo_secundario,H708,1
2021-2024,TEA_operacional,solo_secundario,H702,1
2021-2024,TEA_operacional,solo_secundario,H701,1
2021-2024,TEA_operacional,solo_secundario,G952,1
2021-2024,TEA_operacional,solo_secundario,H028,1
2021-2024,TEA_operacional,solo_secundario,H024,1
2021-2024,TEA_operacional,solo_secundario,H001,1
2021-2024,TEA_operacional,solo_secundario,G98,1
2021-2024,TEA_operacional,solo_secundario,G972,1
2021-2024,TEA_operacional,solo_secundario,G961,1
2021-2024,TEA_operacional,solo_secundario,G958,1
2021-2024,TEA_operacional,solo_secundario,G950,1
2021-2024,TEA_operacional,solo_secundario,H608,1
2021-2024,TEA_operacional,solo_secundario,G948,1
2021-2024,TEA_operacional,solo_secundario,G942,1
2021-2024,TEA_operacional,solo_secundario,G941,1
2021-2024,TEA_operacional,solo_secundario,G939,1
2021-2024,TEA_operacional,solo_secundario,G936,1
2021-2024,TEA_operacional,solo_secundario,G92,1
2021-2024,TEA_operacional,solo_secundario,G911,1
2021-2024,TEA_operacional,solo_secundario,H043,1
2021-2024,TEA_operacional,solo_secundario,H045,1
2021-2024,TEA_operacional,solo_secundario,H131,1
2021-2024,TEA_operacional,solo_secundario,H158,1
2021-2024,TEA_operacional,solo_secundario,H600,1
2021-2024,TEA_operacional,solo_secundario,H490,1
2021-2024,TEA_operacional,solo_secundario,H471,1
2021-2024,TEA_operacional,solo_secundario,H470,1
2021-2024,TEA_operacional,solo_secundario,H431,1
2021-2024,TEA_operacional,solo_secundario,H408,1
2021-2024,TEA_operacional,solo_secundario,H405,1
2021-2024,TEA_operacional,solo_secundario,H334,1
2021-2024,TEA_operacional,solo_secundario,H333,1
2021-2024,TEA_operacional,solo_secundario,H268,1
2021-2024,TEA_operacional,solo_secundario,H262,1
2021-2024,TEA_operacional,solo_secundario,H260,1
2021-2024,TEA_operacional,solo_secundario,H259,1
2021-2024,TEA_operacional,solo_secundario,H208,1
2021-2024,TEA_operacional,solo_secundario,H160,1
2021-2024,TEA_operacional,solo_secundario,F133,1
2021-2024,TEA_operacional,solo_secundario,F129,1
2021-2024,TEA_operacional,solo_secundario,F125,1
2021-2024,TEA_operacional,solo_secundario,C384,1
2021-2024,TEA_operacional,solo_secundario,C692,1
2021-2024,TEA_operacional,solo_secundario,C64,1
2021-2024,TEA_operacional,solo_secundario,C509,1
2021-2024,TEA_operacional,solo_secundario,C491,1
2021-2024,TEA_operacional,solo_secundario,C490,1
2021-2024,TEA_operacional,solo_secundario,C433,1
2021-2024,TEA_operacional,solo_secundario,C410,1
2021-2024,TEA_operacional,solo_secundario,C229,1
2021-2024,TEA_operacional,solo_secundario,C720,1
2021-2024,TEA_operacional,solo_secundario,C224,1
2021-2024,TEA_operacional,solo_secundario,C20,1
2021-2024,TEA_operacional,solo_secundario,C169,1
2021-2024,TEA_operacional,solo_secundario,B99,1
2021-2024,TEA_operacional,solo_secundario,B909,1
2021-2024,TEA_operacional,solo_secundario,B829,1
2021-2024,TEA_operacional,solo_secundario,B351,1
2021-2024,TEA_operacional,solo_secundario,C696,1
2021-2024,TEA_operacional,solo_secundario,C723,1
2021-2024,TEA_operacional,solo_secundario,D134,1
2021-2024,TEA_operacional,solo_secundario,C920,1
2021-2024,TEA_operacional,solo_secundario,D119,1
2021-2024,TEA_operacional,solo_secundario,D106,1
2021-2024,TEA_operacional,solo_secundario,D105,1
2021-2024,TEA_operacional,solo_secundario,D101,1
2021-2024,TEA_operacional,solo_secundario,C960,1
2021-2024,TEA_operacional,solo_secundario,C957,1
2021-2024,TEA_operacional,solo_secundario,C921,1
2021-2024,TEA_operacional,solo_secundario,C911,1
2021-2024,TEA_operacional,solo_secundario,C729,1
2021-2024,TEA_operacional,solo_secundario,C859,1
2021-2024,TEA_operacional,solo_secundario,C857,1
2021-2024,TEA_operacional,solo_secundario,C821,1
2021-2024,TEA_operacional,solo_secundario,C819,1
2021-2024,TEA_operacional,solo_secundario,C812,1
2021-2024,TEA_operacional,solo_secundario,C787,1
2021-2024,TEA_operacional,solo_secundario,C751,1
2021-2024,TEA_operacional,solo_secundario,B301,1
2021-2024,TEA_operacional,solo_secundario,B300,1
2021-2024,TEA_operacional,solo_secundario,B269,1
2021-2024,TEA_operacional,solo_secundario,A156,1
2021-2024,TEA_operacional,solo_secundario,A403,1
2021-2024,TEA_operacional,solo_secundario,A392,1
2021-2024,TEA_operacional,solo_secundario,A390,1
2021-2024,TEA_operacional,solo_secundario,A281,1
2021-2024,TEA_operacional,solo_secundario,A279,1
2021-2024,TEA_operacional,solo_secundario,A260,1
2021-2024,TEA_operacional,solo_secundario,A239,1
2021-2024,TEA_operacional,solo_secundario,A152,1
2021-2024,TEA_operacional,solo_secundario,B178,1
2021-2024,TEA_operacional,solo_secundario,A150,1
2021-2024,TEA_operacional,solo_secundario,A085,1
2021-2024,TEA_operacional,solo_secundario,A046,1
2021-2024,TEA_operacional,solo_secundario,A042,1
2021-2024,TEA_operacional,solo_secundario,A038,1
2021-2024,TEA_operacional,solo_secundario,A021,1
2021-2024,TEA_operacional,principal_y_secundario,F845,1
2021-2024,TEA_operacional,solo_secundario,A411,1
2021-2024,TEA_operacional,solo_secundario,A415,1
2021-2024,TEA_operacional,solo_secundario,A490,1
2021-2024,TEA_operacional,solo_secundario,A498,1
2021-2024,TEA_operacional,solo_secundario,B169,1
2021-2024,TEA_operacional,solo_secundario,B159,1
2021-2024,TEA_operacional,solo_secundario,B088,1
2021-2024,TEA_operacional,solo_secundario,B082,1
2021-2024,TEA_operacional,solo_secundario,B07,1
2021-2024,TEA_operacional,solo_secundario,B027,1
2021-2024,TEA_operacional,solo_secundario,B012,1
2021-2024,TEA_operacional,solo_secundario,B005,1
2021-2024,TEA_operacional,solo_secundario,B004,1
2021-2024,TEA_operacional,solo_secundario,B000,1
2021-2024,TEA_operacional,solo_secundario,A90,1
2021-2024,TEA_operacional,solo_secundario,A879,1
2021-2024,TEA_operacional,solo_secundario,A858,1
2021-2024,TEA_operacional,solo_secundario,A850,1
2021-2024,TEA_operacional,solo_secundario,A522,1
2021-2024,TEA_operacional,solo_secundario,D126,1
2021-2024,TEA_operacional,solo_secundario,D141,1
2021-2024,TEA_operacional,solo_secundario,F121,1
2021-2024,TEA_operacional,solo_secundario,E145,1
2021-2024,TEA_operacional,solo_secundario,E343,1
2021-2024,TEA_operacional,solo_secundario,E308,1
2021-2024,TEA_operacional,solo_secundario,E272,1
2021-2024,TEA_operacional,solo_secundario,E236,1
2021-2024,TEA_operacional,solo_secundario,E222,1
2021-2024,TEA_operacional,solo_secundario,E211,1
2021-2024,TEA_operacional,solo_secundario,E148,1
2021-2024,TEA_operacional,solo_secundario,E118,1
2021-2024,TEA_operacional,solo_secundario,E440,1
2021-2024,TEA_operacional,solo_secundario,E100,1
2021-2024,TEA_operacional,solo_secundario,E060,1
2021-2024,TEA_operacional,solo_secundario,E059,1
2021-2024,TEA_operacional,solo_secundario,E041,1
2021-2024,TEA_operacional,solo_secundario,E031,1
2021-2024,TEA_operacional,solo_secundario,D899,1
2021-2024,TEA_operacional,solo_secundario,D763,1
2021-2024,TEA_operacional,solo_secundario,E41,1
2021-2024,TEA_operacional,solo_secundario,E441,1
2021-2024,TEA_operacional,solo_secundario,D152,1
2021-2024,TEA_operacional,solo_secundario,F050,1
2021-2024,TEA_operacional,solo_secundario,F115,1
2021-2024,TEA_operacional,solo_secundario,F105,1
2021-2024,TEA_operacional,solo_secundario,F103,1
2021-2024,TEA_operacional,solo_secundario,F067,1
2021-2024,TEA_operacional,solo_secundario,F065,1
2021-2024,TEA_operacional,solo_secundario,F063,1
2021-2024,TEA_operacional,solo_secundario,F062,1
2021-2024,TEA_operacional,solo_secundario,E850,1
2021-2024,TEA_operacional,solo_secundario,E45,1
2021-2024,TEA_operacional,solo_secundario,E848,1
2021-2024,TEA_operacional,solo_secundario,E761,1
2021-2024,TEA_operacional,solo_secundario,E740,1
2021-2024,TEA_operacional,solo_secundario,E722,1
2021-2024,TEA_operacional,solo_secundario,E711,1
2021-2024,TEA_operacional,solo_secundario,E669,1
2021-2024,TEA_operacional,solo_secundario,E507,1
2021-2024,TEA_operacional,solo_secundario,D721,1
2021-2024,TEA_operacional,solo_secundario,D71,1
2021-2024,TEA_operacional,solo_secundario,D698,1
2021-2024,TEA_operacional,solo_secundario,D223,1
2021-2024,TEA_operacional,solo_secundario,D334,1
2021-2024,TEA_operacional,solo_secundario,D329,1
2021-2024,TEA_operacional,solo_secundario,D293,1
2021-2024,TEA_operacional,solo_secundario,D287,1
2021-2024,TEA_operacional,solo_secundario,D252,1
2021-2024,TEA_operacional,solo_secundario,D24,1
2021-2024,TEA_operacional,solo_secundario,D239,1
2021-2024,TEA_operacional,solo_secundario,D214,1
2021-2024,TEA_operacional,solo_secundario,D689,1
2021-2024,TEA_operacional,solo_secundario,D211,1
2021-2024,TEA_operacional,solo_secundario,D180,1
2021-2024,TEA_operacional,solo_secundario,D176,1
2021-2024,TEA_operacional,solo_secundario,D175,1
2021-2024,TEA_operacional,solo_secundario,D167,1
2021-2024,TEA_operacional,solo_secundario,D164,1
2021-2024,TEA_operacional,solo_secundario,D161,1
2021-2024,TEA_operacional,solo_secundario,D337,1
2021-2024,TEA_operacional,solo_secundario,D370,1
2021-2024,TEA_operacional,solo_secundario,D374,1
2021-2024,TEA_operacional,solo_secundario,D410,1
2021-2024,TEA_operacional,solo_secundario,D688,1
2021-2024,TEA_operacional,solo_secundario,D684,1
2021-2024,TEA_operacional,solo_secundario,D683,1
2021-2024,TEA_operacional,solo_secundario,D539,1
2021-2024,TEA_operacional,solo_secundario,D538,1
2021-2024,TEA_operacional,solo_secundario,D529,1
2021-2024,TEA_operacional,solo_secundario,D510,1
2021-2024,TEA_operacional,solo_secundario,D500,1
2021-2024,TEA_operacional,solo_secundario,D484,1
2021-2024,TEA_operacional,solo_secundario,D441,1
2021-2024,TEA_operacional,solo_secundario,D440,1
2021-2024,TEA_operacional,solo_secundario,D434,1
2021-2024,TEA_operacional,solo_secundario,D431,1
2021-2024,TEA_operacional,solo_secundario,D420,1
2021-2024,TEA_operacional,solo_secundario,D414,1
2021-2024,TEA_operacional,solo_secundario,I498,1
2021-2024,TEA_operacional,solo_secundario,I509,1
2021-2024,TEA_operacional,solo_secundario,I514,1
2021-2024,TEA_operacional,solo_secundario,M7605,1
2021-2024,TEA_operacional,solo_secundario,M8423,1
2021-2024,TEA_operacional,solo_secundario,M8416,1
2021-2024,TEA_operacional,solo_secundario,M8402,1
2021-2024,TEA_operacional,solo_secundario,M8098,1
2021-2024,TEA_operacional,solo_secundario,M7960,1
2021-2024,TEA_operacional,solo_secundario,M7954,1
2021-2024,TEA_operacional,solo_secundario,M7935,1
2021-2024,TEA_operacional,solo_secundario,M7137,1
2021-2024,TEA_operacional,solo_secundario,M8502,1
2021-2024,TEA_operacional,solo_secundario,M7134,1
2021-2024,TEA_operacional,solo_secundario,M7075,1
2021-2024,TEA_operacional,solo_secundario,M7022,1
2021-2024,TEA_operacional,solo_secundario,M674,1
2021-2024,TEA_operacional,solo_secundario,M6654,1
2021-2024,TEA_operacional,solo_secundario,M6597,1
2021-2024,TEA_operacional,solo_secundario,M6596,1
2021-2024,TEA_operacional,solo_secundario,M8445,1
2021-2024,TEA_operacional,solo_secundario,M8542,1
2021-2024,TEA_operacional,solo_secundario,M8987,1
2021-2024,TEA_operacional,solo_secundario,M8616,1
2021-2024,TEA_operacional,solo_secundario,M8698,1
2021-2024,TEA_operacional,solo_secundario,M8688,1
2021-2024,TEA_operacional,solo_secundario,M8684,1
2021-2024,TEA_operacional,solo_secundario,M8664,1
2021-2024,TEA_operacional,solo_secundario,M8648,1
2021-2024,TEA_operacional,solo_secundario,M8618,1
2021-2024,TEA_operacional,solo_secundario,M8617,1
2021-2024,TEA_operacional,solo_secundario,M8615,1
2021-2024,TEA_operacional,solo_secundario,M8555,1
2021-2024,TEA_operacional,solo_secundario,M8614,1
2021-2024,TEA_operacional,solo_secundario,M8606,1
2021-2024,TEA_operacional,solo_secundario,M8605,1
2021-2024,TEA_operacional,solo_secundario,M8588,1
2021-2024,TEA_operacional,solo_secundario,M8580,1
2021-2024,TEA_operacional,solo_secundario,M8562,1
2021-2024,TEA_operacional,solo_secundario,M8559,1
2021-2024,TEA_operacional,solo_secundario,M6515,1
2021-2024,TEA_operacional,solo_secundario,M6255,1
2021-2024,TEA_operacional,solo_secundario,M6246,1
2021-2024,TEA_operacional,solo_secundario,M4015,1
2021-2024,TEA_operacional,solo_secundario,M4155,1
2021-2024,TEA_operacional,solo_secundario,M4146,1
2021-2024,TEA_operacional,solo_secundario,M4144,1
2021-2024,TEA_operacional,solo_secundario,M4129,1
2021-2024,TEA_operacional,solo_secundario,M4125,1
2021-2024,TEA_operacional,solo_secundario,M4110,1
2021-2024,TEA_operacional,solo_secundario,M4109,1
2021-2024,TEA_operacional,solo_secundario,M358,1
2021-2024,TEA_operacional,solo_secundario,M6096,1
2021-2024,TEA_operacional,solo_secundario,M321,1
2021-2024,TEA_operacional,solo_secundario,M2556,1
2021-2024,TEA_operacional,solo_secundario,M2550,1
2021-2024,TEA_operacional,solo_secundario,M2531,1
2021-2024,TEA_operacional,solo_secundario,M2508,1
2021-2024,TEA_operacional,solo_secundario,M2486,1
2021-2024,TEA_operacional,solo_secundario,M2448,1
2021-2024,TEA_operacional,solo_secundario,M4184,1
2021-2024,TEA_operacional,solo_secundario,M4199,1
2021-2024,TEA_operacional,solo_secundario,M4205,1
2021-2024,TEA_operacional,solo_secundario,M4307,1
2021-2024,TEA_operacional,solo_secundario,M6089,1
2021-2024,TEA_operacional,solo_secundario,M5459,1
2021-2024,TEA_operacional,solo_secundario,M5449,1
2021-2024,TEA_operacional,solo_secundario,M5422,1
2021-2024,TEA_operacional,solo_secundario,M5338,1
2021-2024,TEA_operacional,solo_secundario,M512,1
2021-2024,TEA_operacional,solo_secundario,M511,1
2021-2024,TEA_operacional,solo_secundario,M4794,1
2021-2024,TEA_operacional,solo_secundario,M4788,1
2021-2024,TEA_operacional,solo_secundario,M4699,1
2021-2024,TEA_operacional,solo_secundario,M4695,1
2021-2024,TEA_operacional,solo_secundario,M4634,1
2021-2024,TEA_operacional,solo_secundario,M4624,1
2021-2024,TEA_operacional,solo_secundario,M4617,1
2021-2024,TEA_operacional,solo_secundario,M4317,1
2021-2024,TEA_operacional,solo_secundario,M8699,1
2021-2024,TEA_operacional,solo_secundario,M8998,1
2021-2024,TEA_operacional,solo_secundario,M2445,1
2021-2024,TEA_operacional,solo_secundario,O368,1
2021-2024,TEA_operacional,solo_secundario,O664,1
2021-2024,TEA_operacional,solo_secundario,O641,1
2021-2024,TEA_operacional,solo_secundario,O622,1
2021-2024,TEA_operacional,solo_secundario,O620,1
2021-2024,TEA_operacional,solo_secundario,O610,1
2021-2024,TEA_operacional,solo_secundario,O601,1
2021-2024,TEA_operacional,solo_secundario,O470,1
2021-2024,TEA_operacional,solo_secundario,O363,1
2021-2024,TEA_operacional,solo_secundario,O688,1
2021-2024,TEA_operacional,solo_secundario,O339,1
2021-2024,TEA_operacional,solo_secundario,O280,1
2021-2024,TEA_operacional,solo_secundario,O266,1
2021-2024,TEA_operacional,solo_secundario,O240,1
2021-2024,TEA_operacional,solo_secundario,O233,1
2021-2024,TEA_operacional,solo_secundario,O230,1
2021-2024,TEA_operacional,solo_secundario,O218,1
2021-2024,TEA_operacional,solo_secundario,O668,1
2021-2024,TEA_operacional,solo_secundario,O689,1
2021-2024,TEA_operacional,solo_secundario,M9135,1
2021-2024,TEA_operacional,solo_secundario,P220,1
2021-2024,TEA_operacional,solo_secundario,Q057,1
2021-2024,TEA_operacional,solo_secundario,Q046,1
2021-2024,TEA_operacional,solo_secundario,Q044,1
2021-2024,TEA_operacional,solo_secundario,Q031,1
2021-2024,TEA_operacional,solo_secundario,P968,1
2021-2024,TEA_operacional,solo_secundario,P942,1
2021-2024,TEA_operacional,solo_secundario,P288,1
2021-2024,TEA_operacional,solo_secundario,O998,1
2021-2024,TEA_operacional,solo_secundario,O698,1
2021-2024,TEA_operacional,solo_secundario,O991,1
2021-2024,TEA_operacional,solo_secundario,O839,1
2021-2024,TEA_operacional,solo_secundario,O829,1
2021-2024,TEA_operacional,solo_secundario,O813,1
2021-2024,TEA_operacional,solo_secundario,O758,1
2021-2024,TEA_operacional,solo_secundario,O709,1
2021-2024,TEA_operacional,solo_secundario,O701,1
2021-2024,TEA_operacional,solo_secundario,O121,1
2021-2024,TEA_operacional,solo_secundario,O064,1
2021-2024,TEA_operacional,solo_secundario,O060,1
2021-2024,TEA_operacional,solo_secundario,N058,1
2021-2024,TEA_operacional,solo_secundario,N289,1
2021-2024,TEA_operacional,solo_secundario,N23,1
2021-2024,TEA_operacional,solo_secundario,N209,1
2021-2024,TEA_operacional,solo_secundario,N136,1
2021-2024,TEA_operacional,solo_secundario,N135,1
2021-2024,TEA_operacional,solo_secundario,N110,1
2021-2024,TEA_operacional,solo_secundario,N082,1
2021-2024,TEA_operacional,solo_secundario,N040,1
2021-2024,TEA_operacional,solo_secundario,O048,1
2021-2024,TEA_operacional,solo_secundario,N039,1
2021-2024,TEA_operacional,solo_secundario,N029,1
2021-2024,TEA_operacional,solo_secundario,N001,1
2021-2024,TEA_operacional,solo_secundario,M9971,1
2021-2024,TEA_operacional,solo_secundario,M952,1
2021-2024,TEA_operacional,solo_secundario,M9488,1
2021-2024,TEA_operacional,solo_secundario,M925,1
2021-2024,TEA_operacional,solo_secundario,N360,1
2021-2024,TEA_operacional,solo_secundario,N410,1
2021-2024,TEA_operacional,solo_secundario,N482,1
2021-2024,TEA_operacional,solo_secundario,N492,1
2021-2024,TEA_operacional,solo_secundario,O044,1
2021-2024,TEA_operacional,solo_secundario,O034,1
2021-2024,TEA_operacional,solo_secundario,N995,1
2021-2024,TEA_operacional,solo_secundario,N991,1
2021-2024,TEA_operacional,solo_secundario,N922,1
2021-2024,TEA_operacional,solo_secundario,N920,1
2021-2024,TEA_operacional,solo_secundario,N871,1
2021-2024,TEA_operacional,solo_secundario,N870,1
2021-2024,TEA_operacional,solo_secundario,N840,1
2021-2024,TEA_operacional,solo_secundario,N831,1
2021-2024,TEA_operacional,solo_secundario,N803,1
2021-2024,TEA_operacional,solo_secundario,N750,1
2021-2024,TEA_operacional,solo_secundario,N709,1
2021-2024,TEA_operacional,solo_secundario,N700,1
2021-2024,TEA_operacional,solo_secundario,N61,1
2021-2024,TEA_operacional,solo_secundario,M2446,1
2021-2024,TEA_operacional,solo_secundario,M2441,1
2021-2024,TEA_operacional,solo_secundario,I518,1
2021-2024,TEA_operacional,solo_secundario,J841,1
2021-2024,TEA_operacional,solo_secundario,K048,1
2021-2024,TEA_operacional,solo_secundario,K045,1
2021-2024,TEA_operacional,solo_secundario,J980,1
2021-2024,TEA_operacional,solo_secundario,J9619,1
2021-2024,TEA_operacional,solo_secundario,J9601,1
2021-2024,TEA_operacional,solo_secundario,J930,1
2021-2024,TEA_operacional,solo_secundario,J860,1
2021-2024,TEA_operacional,solo_secundario,J81,1
2021-2024,TEA_operacional,solo_secundario,K070,1
2021-2024,TEA_operacional,solo_secundario,J698,1
2021-2024,TEA_operacional,solo_secundario,J680,1
2021-2024,TEA_operacional,solo_secundario,J458,1
2021-2024,TEA_operacional,solo_secundario,J451,1
2021-2024,TEA_operacional,solo_secundario,J398,1
2021-2024,TEA_operacional,solo_secundario,J392,1
2021-2024,TEA_operacional,solo_secundario,J387,1
2021-2024,TEA_operacional,solo_secundario,K061,1
2021-2024,TEA_operacional,solo_secundario,K072,1
2021-2024,TEA_operacional,solo_secundario,K30,1
2021-2024,TEA_operacional,solo_secundario,K228,1
2021-2024,TEA_operacional,solo_secundario,K296,1
2021-2024,TEA_operacional,solo_secundario,K294,1
2021-2024,TEA_operacional,solo_secundario,K290,1
2021-2024,TEA_operacional,solo_secundario,K275,1
2021-2024,TEA_operacional,solo_secundario,K269,1
2021-2024,TEA_operacional,solo_secundario,K264,1
2021-2024,TEA_operacional,solo_secundario,K253,1
2021-2024,TEA_operacional,solo_secundario,K123,1
2021-2024,TEA_operacional,solo_secundario,K078,1
2021-2024,TEA_operacional,solo_secundario,K120,1
2021-2024,TEA_operacional,solo_secundario,K117,1
2021-2024,TEA_operacional,solo_secundario,K116,1
2021-2024,TEA_operacional,solo_secundario,K115,1
2021-2024,TEA_operacional,solo_secundario,K114,1
2021-2024,TEA_operacional,solo_secundario,K088,1
2021-2024,TEA_operacional,solo_secundario,K083,1
2021-2024,TEA_operacional,solo_secundario,J386,1
2021-2024,TEA_operacional,solo_secundario,J381,1
2021-2024,TEA_operacional,solo_secundario,J359,1
2021-2024,TEA_operacional,solo_secundario,I660,1
2021-2024,TEA_operacional,solo_secundario,I742,1
2021-2024,TEA_operacional,solo_secundario,I714,1
2021-2024,TEA_operacional,solo_secundario,I712,1
2021-2024,TEA_operacional,solo_secundario,I7010,1
2021-2024,TEA_operacional,solo_secundario,I691,1
2021-2024,TEA_operacional,solo_secundario,I676,1
2021-2024,TEA_operacional,solo_secundario,I670,1
2021-2024,TEA_operacional,solo_secundario,I635,1
2021-2024,TEA_operacional,solo_secundario,J358,1
2021-2024,TEA_operacional,solo_secundario,I634,1
2021-2024,TEA_operacional,solo_secundario,I633,1
2021-2024,TEA_operacional,solo_secundario,I619,1
2021-2024,TEA_operacional,solo_secundario,I615,1
2021-2024,TEA_operacional,solo_secundario,I613,1
2021-2024,TEA_operacional,solo_secundario,I612,1
2021-2024,TEA_operacional,solo_secundario,I611,1
2021-2024,TEA_operacional,solo_secundario,I881,1
2021-2024,TEA_operacional,solo_secundario,I959,1
2021-2024,TEA_operacional,solo_secundario,J010,1
2021-2024,TEA_operacional,solo_secundario,J012,1
2021-2024,TEA_operacional,solo_secundario,J348,1
2021-2024,TEA_operacional,solo_secundario,J341,1
2021-2024,TEA_operacional,solo_secundario,J339,1
2021-2024,TEA_operacional,solo_secundario,J324,1
2021-2024,TEA_operacional,solo_secundario,J322,1
2021-2024,TEA_operacional,solo_secundario,J310,1
2021-2024,TEA_operacional,solo_secundario,J168,1
2021-2024,TEA_operacional,solo_secundario,J155,1
2021-2024,TEA_operacional,solo_secundario,J152,1
2021-2024,TEA_operacional,solo_secundario,J151,1
2021-2024,TEA_operacional,solo_secundario,J118,1
2021-2024,TEA_operacional,solo_secundario,J060,1
2021-2024,TEA_operacional,solo_secundario,J042,1
2021-2024,TEA_operacional,solo_secundario,J038,1
2021-2024,TEA_operacional,solo_secundario,J020,1
2021-2024,TEA_operacional,solo_secundario,K298,1
2021-2024,TEA_operacional,solo_secundario,K311,1
2021-2024,TEA_operacional,solo_secundario,M2361,1
2021-2024,TEA_operacional,solo_secundario,L52,1
2021-2024,TEA_operacional,solo_secundario,L984,1
2021-2024,TEA_operacional,solo_secundario,L980,1
2021-2024,TEA_operacional,solo_secundario,L931,1
2021-2024,TEA_operacional,solo_secundario,L892,1
2021-2024,TEA_operacional,solo_secundario,L721,1
2021-2024,TEA_operacional,solo_secundario,L551,1
2021-2024,TEA_operacional,solo_secundario,L539,1
2021-2024,TEA_operacional,solo_secundario,L512,1
2021-2024,TEA_operacional,solo_secundario,M0640,1
2021-2024,TEA_operacional,solo_secundario,L42,1
2021-2024,TEA_operacional,solo_secundario,L301,1
2021-2024,TEA_operacional,solo_secundario,L298,1
2021-2024,TEA_operacional,solo_secundario,L255,1
2021-2024,TEA_operacional,solo_secundario,L089,1
2021-2024,TEA_operacional,solo_secundario,L080,1
2021-2024,TEA_operacional,solo_secundario,L048,1
2021-2024,TEA_operacional,solo_secundario,M0092,1
2021-2024,TEA_operacional,solo_secundario,M0808,1
2021-2024,TEA_operacional,solo_secundario,K314,1
2021-2024,TEA_operacional,solo_secundario,M2154,1
2021-2024,TEA_operacional,solo_secundario,M2359,1
2021-2024,TEA_operacional,solo_secundario,M2350,1
2021-2024,TEA_operacional,solo_secundario,M2322,1
2021-2024,TEA_operacional,solo_secundario,M222,1
2021-2024,TEA_operacional,solo_secundario,M221,1
2021-2024,TEA_operacional,solo_secundario,M2187,1
2021-2024,TEA_operacional,solo_secundario,M2167,1
2021-2024,TEA_operacional,solo_secundario,M2109,1
2021-2024,TEA_operacional,solo_secundario,M0829,1
2021-2024,TEA_operacional,solo_secundario,M2107,1
2021-2024,TEA_operacional,solo_secundario,M204,1
2021-2024,TEA_operacional,solo_secundario,M171,1
2021-2024,TEA_operacional,solo_secundario,M0897,1
2021-2024,TEA_operacional,solo_secundario,M0896,1
2021-2024,TEA_operacional,solo_secundario,M0890,1
2021-2024,TEA_operacional,solo_secundario,M0885,1
2021-2024,TEA_operacional,solo_secundario,L042,1
2021-2024,TEA_operacional,solo_secundario,L029,1
2021-2024,TEA_operacional,solo_secundario,K928,1
2021-2024,TEA_operacional,solo_secundario,K523,1
2021-2024,TEA_operacional,solo_secundario,K658,1
2021-2024,TEA_operacional,solo_secundario,K643,1
2021-2024,TEA_operacional,solo_secundario,K635,1
2021-2024,TEA_operacional,solo_secundario,K628,1
2021-2024,TEA_operacional,solo_secundario,K580,1
2021-2024,TEA_operacional,solo_secundario,K573,1
2021-2024,TEA_operacional,solo_secundario,K560,1
2021-2024,TEA_operacional,solo_secundario,K521,1
2021-2024,TEA_operacional,solo_secundario,K921,1
2021-2024,TEA_operacional,solo_secundario,K515,1
2021-2024,TEA_operacional,solo_secundario,K513,1
2021-2024,TEA_operacional,solo_secundario,K508,1
2021-2024,TEA_operacional,solo_secundario,K460,1
2021-2024,TEA_operacional,solo_secundario,K440,1
2021-2024,TEA_operacional,solo_secundario,K419,1
2021-2024,TEA_operacional,solo_secundario,K318,1
2021-2024,TEA_operacional,solo_secundario,K660,1
2021-2024,TEA_operacional,solo_secundario,K661,1
2021-2024,TEA_operacional,solo_secundario,K668,1
2021-2024,TEA_operacional,solo_secundario,K703,1
2021-2024,TEA_operacional,solo_secundario,K911,1
2021-2024,TEA_operacional,solo_secundario,K909,1
2021-2024,TEA_operacional,mixto_mismo_dia,R451,1
2021-2024,TEA_operacional,solo_secundario,K900,1
2021-2024,TEA_operacional,solo_secundario,K863,1
2021-2024,TEA_operacional,solo_secundario,K853,1
2021-2024,TEA_operacional,solo_secundario,K838,1
2021-2024,TEA_operacional,solo_secundario,K831,1
2021-2024,TEA_operacional,solo_secundario,K830,1
2021-2024,TEA_operacional,solo_secundario,K828,1
2021-2024,TEA_operacional,solo_secundario,K824,1
2021-2024,TEA_operacional,solo_secundario,K819,1
2021-2024,TEA_operacional,solo_secundario,K811,1
2021-2024,TEA_operacional,solo_secundario,K721,1
2021-2024,TEA_operacional,solo_secundario,K712,1
2021-2024,TEA_operacional,solo_secundario,Z924,1
2021-2024,F84_historico,solo_secundario,N47,721
2021-2024,F84_historico,principal,F840,497
2021-2024,F84_historico,solo_secundario,K358,445
2021-2024,F84_historico,solo_secundario,G409,358
2021-2024,F84_historico,solo_secundario,J353,358
2021-2024,F84_historico,solo_secundario,J46,344
2021-2024,F84_historico,solo_secundario,F322,243
2021-2024,F84_historico,solo_secundario,K029,193
2021-2024,F84_historico,solo_secundario,K353,179
2021-2024,F84_historico,solo_secundario,J121,166
2021-2024,F84_historico,solo_secundario,A080,161
2021-2024,F84_historico,solo_secundario,R568,142
2021-2024,F84_historico,solo_secundario,J129,142
2021-2024,F84_historico,solo_secundario,J128,138
2021-2024,F84_historico,solo_secundario,Q531,136
2021-2024,F84_historico,solo_secundario,K352,129
2021-2024,F84_historico,solo_secundario,J209,126
2021-2024,F84_historico,solo_secundario,T432,124
2021-2024,F84_historico,solo_secundario,A099,123
2021-2024,F84_historico,solo_secundario,J159,119
2021-2024,F84_historico,solo_secundario,A090,117
2021-2024,F84_historico,solo_secundario,F329,116
2021-2024,F84_historico,solo_secundario,S4240,106
2021-2024,F84_historico,solo_secundario,Q532,103
2021-2024,F84_historico,solo_secundario,J189,99
2021-2024,F84_historico,solo_secundario,Z518,97
2021-2024,F84_historico,solo_secundario,T435,94
2021-2024,F84_historico,solo_secundario,F603,93
2021-2024,F84_historico,solo_secundario,F323,92
2021-2024,F84_historico,solo_secundario,G403,91
2021-2024,F84_historico,solo_secundario,E101,91
2021-2024,F84_historico,solo_secundario,U071,89
2021-2024,F84_historico,solo_secundario,K590,88
2021-2024,F84_historico,solo_secundario,T391,86
2021-2024,F84_historico,solo_secundario,J351,86
2021-2024,F84_historico,solo_secundario,T424,83
2021-2024,F84_historico,solo_secundario,J206,82
2021-2024,F84_historico,solo_secundario,F412,82
2021-2024,F84_historico,solo_secundario,R458,77
2021-2024,F84_historico,solo_secundario,G408,77
2021-2024,F84_historico,solo_secundario,J123,75
2021-2024,F84_historico,solo_secundario,K802,75
2021-2024,F84_historico,solo_secundario,K028,73
2021-2024,F84_historico,solo_secundario,F29,72
2021-2024,F84_historico,solo_secundario,J352,66
2021-2024,F84_historico,solo_secundario,K564,65
2021-2024,F84_historico,solo_secundario,F432,64
2021-2024,F84_historico,solo_secundario,N10,63
2021-2024,F84_historico,solo_secundario,Z138,63
2021-2024,F84_historico,principal,F849,61
2021-2024,F84_historico,principal,F841,59
2021-2024,F84_historico,solo_secundario,F239,59
2021-2024,F84_historico,solo_secundario,N44,57
2021-2024,F84_historico,solo_secundario,J157,56
2021-2024,F84_historico,solo_secundario,H509,56
2021-2024,F84_historico,solo_secundario,N390,56
2021-2024,F84_historico,solo_secundario,F431,54
2021-2024,F84_historico,solo_secundario,T433,54
2021-2024,F84_historico,solo_secundario,G401,52
2021-2024,F84_historico,solo_secundario,R560,52
2021-2024,F84_historico,solo_secundario,G404,51
2021-2024,F84_historico,solo_secundario,G473,50
2021-2024,F84_historico,solo_secundario,F919,49
2021-2024,F84_historico,solo_secundario,F321,49
2021-2024,F84_historico,solo_secundario,S5250,47
2021-2024,F84_historico,solo_secundario,K409,46
2021-2024,F84_historico,solo_secundario,Z038,44
2021-2024,F84_historico,solo_secundario,K010,43
2021-2024,F84_historico,solo_secundario,K429,42
2021-2024,F84_historico,solo_secundario,K021,42
2021-2024,F84_historico,solo_secundario,J459,42
2021-2024,F84_historico,solo_secundario,S0690,39
2021-2024,F84_historico,solo_secundario,S517,38
2021-2024,F84_historico,principal,F845,38
2021-2024,F84_historico,solo_secundario,J690,38
2021-2024,F84_historico,solo_secundario,F319,37
2021-2024,F84_historico,solo_secundario,L031,37
2021-2024,F84_historico,solo_secundario,G419,37
2021-2024,F84_historico,solo_secundario,J205,37
2021-2024,F84_historico,solo_secundario,T426,35
2021-2024,F84_historico,solo_secundario,Z133,35
2021-2024,F84_historico,solo_secundario,F609,34
2021-2024,F84_historico,solo_secundario,C910,33
2021-2024,F84_historico,solo_secundario,J00,32
2021-2024,F84_historico,solo_secundario,K800,32
2021-2024,F84_historico,solo_secundario,T850,32
2021-2024,F84_historico,solo_secundario,R451,32
2021-2024,F84_historico,solo_secundario,K122,32
2021-2024,F84_historico,solo_secundario,L032,31
2021-2024,F84_historico,solo_secundario,F500,31
2021-2024,F84_historico,solo_secundario,J350,30
2021-2024,F84_historico,solo_secundario,S519,30
2021-2024,F84_historico,solo_secundario,J100,30
2021-2024,F84_historico,solo_secundario,H501,30
2021-2024,F84_historico,solo_secundario,Z470,30
2021-2024,F84_historico,solo_secundario,J158,30
2021-2024,F84_historico,solo_secundario,Q381,29
2021-2024,F84_historico,solo_secundario,Q668,29
2021-2024,F84_historico,solo_secundario,F913,28
2021-2024,F84_historico,solo_secundario,J9609,28
2021-2024,F84_historico,solo_secundario,L600,28
2021-2024,F84_historico,solo_secundario,T181,27
2021-2024,F84_historico,solo_secundario,F982,27
2021-2024,F84_historico,solo_secundario,J208,27
2021-2024,F84_historico,solo_secundario,J120,27
2021-2024,F84_historico,solo_secundario,R509,26
2021-2024,F84_historico,solo_secundario,A084,26
2021-2024,F84_historico,solo_secundario,F209,26
2021-2024,F84_historico,solo_secundario,R11,26
2021-2024,F84_historico,solo_secundario,F419,26
2021-2024,F84_historico,solo_secundario,M4115,26
2021-2024,F84_historico,solo_secundario,F918,25
2021-2024,F84_historico,solo_secundario,J101,25
2021-2024,F84_historico,solo_secundario,T71,25
2021-2024,F84_historico,solo_secundario,S8280,25
2021-2024,F84_historico,solo_secundario,T393,24
2021-2024,F84_historico,solo_secundario,K566,24
2021-2024,F84_historico,solo_secundario,J040,24
2021-2024,F84_historico,solo_secundario,J122,24
2021-2024,F84_historico,solo_secundario,K047,24
2021-2024,F84_historico,solo_secundario,J188,23
2021-2024,F84_historico,principal,F848,23
2021-2024,F84_historico,solo_secundario,F200,23
2021-2024,F84_historico,solo_secundario,T212,23
2021-2024,F84_historico,solo_secundario,M4145,23
2021-2024,F84_historico,solo_secundario,Z134,22
2021-2024,F84_historico,solo_secundario,D70,22
2021-2024,F84_historico,solo_secundario,S8220,22
2021-2024,F84_historico,solo_secundario,S5240,22
2021-2024,F84_historico,solo_secundario,H919,22
2021-2024,F84_historico,solo_secundario,J069,22
2021-2024,F84_historico,solo_secundario,K529,21
2021-2024,F84_historico,solo_secundario,S5260,21
2021-2024,F84_historico,solo_secundario,T202,21
2021-2024,F84_historico,solo_secundario,G410,21
2021-2024,F84_historico,solo_secundario,I880,20
2021-2024,F84_historico,solo_secundario,K922,20
2021-2024,F84_historico,solo_secundario,A020,20
2021-2024,F84_historico,solo_secundario,T509,20
2021-2024,F84_historico,solo_secundario,J13,19
2021-2024,F84_historico,solo_secundario,K001,19
2021-2024,F84_historico,solo_secundario,S6261,19
2021-2024,F84_historico,solo_secundario,M2157,19
2021-2024,F84_historico,solo_secundario,F39,19
2021-2024,F84_historico,solo_secundario,T430,19
2021-2024,F84_historico,solo_secundario,E162,18
2021-2024,F84_historico,solo_secundario,E106,18
2021-2024,F84_historico,solo_secundario,S7230,18
2021-2024,F84_historico,solo_secundario,A86,18
2021-2024,F84_historico,solo_secundario,Q539,18
2021-2024,F84_historico,solo_secundario,L059,18
2021-2024,F84_historico,solo_secundario,S4230,18
2021-2024,F84_historico,solo_secundario,H050,18
2021-2024,F84_historico,solo_secundario,H669,18
2021-2024,F84_historico,solo_secundario,F202,17
2021-2024,F84_historico,solo_secundario,S6260,17
2021-2024,F84_historico,solo_secundario,I471,17
2021-2024,F84_historico,solo_secundario,S5200,17
2021-2024,F84_historico,solo_secundario,F608,17
2021-2024,F84_historico,solo_secundario,J342,16
2021-2024,F84_historico,solo_secundario,D693,16
2021-2024,F84_historico,solo_secundario,G418,16
2021-2024,F84_historico,solo_secundario,S015,16
2021-2024,F84_historico,solo_secundario,S018,16
2021-2024,F84_historico,solo_secundario,S5290,16
2021-2024,F84_historico,solo_secundario,S0210,16
2021-2024,F84_historico,solo_secundario,J36,15
2021-2024,F84_historico,solo_secundario,N62,15
2021-2024,F84_historico,solo_secundario,E46,15
2021-2024,F84_historico,solo_secundario,E109,15
2021-2024,F84_historico,solo_secundario,J181,15
2021-2024,F84_historico,solo_secundario,K810,15
2021-2024,F84_historico,solo_secundario,S8230,15
2021-2024,F84_historico,solo_secundario,K801,14
2021-2024,F84_historico,solo_secundario,T810,14
2021-2024,F84_historico,solo_secundario,O993,14
2021-2024,F84_historico,solo_secundario,K859,14
2021-2024,F84_historico,solo_secundario,R55,14
2021-2024,F84_historico,solo_secundario,E86,14
2021-2024,F84_historico,solo_secundario,Z511,14
2021-2024,F84_historico,solo_secundario,F411,14
2021-2024,F84_historico,solo_secundario,L050,13
2021-2024,F84_historico,solo_secundario,T252,13
2021-2024,F84_historico,solo_secundario,Q541,13
2021-2024,F84_historico,solo_secundario,T242,13
2021-2024,F84_historico,solo_secundario,S7200,13
2021-2024,F84_historico,solo_secundario,F639,13
2021-2024,F84_historico,solo_secundario,R13,13
2021-2024,F84_historico,solo_secundario,G048,13
2021-2024,F84_historico,solo_secundario,J9600,13
2021-2024,F84_historico,solo_secundario,K37,13
2021-2024,F84_historico,solo_secundario,L040,13
2021-2024,F84_historico,solo_secundario,F28,12
2021-2024,F84_historico,solo_secundario,J039,12
2021-2024,F84_historico,solo_secundario,J14,12
2021-2024,F84_historico,solo_secundario,S5280,12
2021-2024,F84_historico,solo_secundario,F09,12
2021-2024,F84_historico,solo_secundario,T543,12
2021-2024,F84_historico,solo_secundario,R104,12
2021-2024,F84_historico,solo_secundario,E111,12
2021-2024,F84_historico,solo_secundario,A083,12
2021-2024,F84_historico,solo_secundario,A082,12
2021-2024,F84_historico,solo_secundario,H700,12
2021-2024,F84_historico,solo_secundario,Z137,12
2021-2024,F84_historico,solo_secundario,K519,12
2021-2024,F84_historico,solo_secundario,F429,12
2021-2024,F84_historico,solo_secundario,K219,12
2021-2024,F84_historico,solo_secundario,N179,12
2021-2024,F84_historico,solo_secundario,S0640,12
2021-2024,F84_historico,solo_secundario,Q665,12
2021-2024,F84_historico,solo_secundario,A419,11
2021-2024,F84_historico,solo_secundario,H500,11
2021-2024,F84_historico,solo_secundario,Q211,11
2021-2024,F84_historico,solo_secundario,T814,11
2021-2024,F84_historico,solo_secundario,S0220,11
2021-2024,F84_historico,solo_secundario,Z018,11
2021-2024,F84_historico,solo_secundario,K650,11
2021-2024,F84_historico,solo_secundario,D487,11
2021-2024,F84_historico,solo_secundario,D480,11
2021-2024,F84_historico,solo_secundario,T751,11
2021-2024,F84_historico,solo_secundario,N049,11
2021-2024,F84_historico,solo_secundario,E43,11
2021-2024,F84_historico,solo_secundario,N433,11
2021-2024,F84_historico,solo_secundario,J050,11
2021-2024,F84_historico,solo_secundario,F430,11
2021-2024,F84_historico,solo_secundario,M930,10
2021-2024,F84_historico,solo_secundario,H652,10
2021-2024,F84_historico,solo_secundario,Z540,10
2021-2024,F84_historico,solo_secundario,R270,10
2021-2024,F84_historico,solo_secundario,R51,10
2021-2024,F84_historico,solo_secundario,T742,10
2021-2024,F84_historico,solo_secundario,S0200,10
2021-2024,F84_historico,solo_secundario,G402,10
2021-2024,F84_historico,solo_secundario,K920,10
2021-2024,F84_historico,solo_secundario,S518,10
2021-2024,F84_historico,solo_secundario,F233,10
2021-2024,F84_historico,solo_secundario,K011,10
2021-2024,F84_historico,solo_secundario,F208,10
2021-2024,F84_historico,solo_secundario,N459,10
2021-2024,F84_historico,solo_secundario,F312,10
2021-2024,F84_historico,solo_secundario,S411,10
2021-2024,F84_historico,solo_secundario,S619,9
2021-2024,F84_historico,solo_secundario,K851,9
2021-2024,F84_historico,solo_secundario,Q540,9
2021-2024,F84_historico,solo_secundario,F410,9
2021-2024,F84_historico,solo_secundario,Q740,9
2021-2024,F84_historico,solo_secundario,M9115,9
2021-2024,F84_historico,solo_secundario,H506,9
2021-2024,F84_historico,solo_secundario,F508,9
2021-2024,F84_historico,solo_secundario,G049,9
2021-2024,F84_historico,solo_secundario,Z033,9
2021-2024,F84_historico,solo_secundario,L720,9
2021-2024,F84_historico,solo_secundario,S009,9
2021-2024,F84_historico,solo_secundario,O420,9
2021-2024,F84_historico,solo_secundario,S7290,9
2021-2024,F84_historico,solo_secundario,Q549,9
2021-2024,F84_historico,solo_secundario,N185,9
2021-2024,F84_historico,solo_secundario,M303,9
2021-2024,F84_historico,solo_secundario,J068,9
2021-2024,F84_historico,solo_secundario,K720,9
2021-2024,F84_historico,solo_secundario,D694,9
2021-2024,F84_historico,principal,F842,9
2021-2024,F84_historico,solo_secundario,T450,9
2021-2024,F84_historico,solo_secundario,S0620,9
2021-2024,F84_historico,solo_secundario,K528,8
2021-2024,F84_historico,solo_secundario,T182,8
2021-2024,F84_historico,solo_secundario,L024,8
2021-2024,F84_historico,solo_secundario,S4200,8
2021-2024,F84_historico,solo_secundario,F238,8
2021-2024,F84_historico,solo_secundario,M2147,8
2021-2024,F84_historico,solo_secundario,K561,8
2021-2024,F84_historico,solo_secundario,K562,8
2021-2024,F84_historico,solo_secundario,H653,8
2021-2024,F84_historico,solo_secundario,E872,8
2021-2024,F84_historico,solo_secundario,C629,8
2021-2024,F84_historico,solo_secundario,D430,8
2021-2024,F84_historico,solo_secundario,N432,8
2021-2024,F84_historico,solo_secundario,S5230,8
2021-2024,F84_historico,solo_secundario,Q070,8
2021-2024,F84_historico,solo_secundario,J22,8
2021-2024,F84_historico,solo_secundario,S099,8
2021-2024,F84_historico,solo_secundario,F318,8
2021-2024,F84_historico,solo_secundario,F192,8
2021-2024,F84_historico,solo_secundario,F328,8
2021-2024,F84_historico,solo_secundario,B270,8
2021-2024,F84_historico,solo_secundario,G610,8
2021-2024,F84_historico,solo_secundario,A38,8
2021-2024,F84_historico,solo_secundario,L020,8
2021-2024,F84_historico,solo_secundario,S8210,8
2021-2024,F84_historico,solo_secundario,K402,8
2021-2024,F84_historico,solo_secundario,T510,8
2021-2024,F84_historico,solo_secundario,T222,8
2021-2024,F84_historico,solo_secundario,Z302,8
2021-2024,F84_historico,solo_secundario,I638,7
2021-2024,F84_historico,solo_secundario,G930,7
2021-2024,F84_historico,solo_secundario,S711,7
2021-2024,F84_historico,solo_secundario,G400,7
2021-2024,F84_historico,solo_secundario,T141,7
2021-2024,F84_historico,solo_secundario,F314,7
2021-2024,F84_historico,solo_secundario,F900,7
2021-2024,F84_historico,solo_secundario,T405,7
2021-2024,F84_historico,solo_secundario,T16,7
2021-2024,F84_historico,solo_secundario,T427,7
2021-2024,F84_historico,solo_secundario,F449,7
2021-2024,F84_historico,solo_secundario,H660,7
2021-2024,F84_historico,solo_secundario,T292,7
2021-2024,F84_historico,solo_secundario,N201,7
2021-2024,F84_historico,solo_secundario,S618,7
2021-2024,F84_historico,solo_secundario,J210,7
2021-2024,F84_historico,solo_secundario,Z430,7
2021-2024,F84_historico,solo_secundario,D162,7
2021-2024,F84_historico,solo_secundario,T568,7
2021-2024,F84_historico,solo_secundario,S011,7
2021-2024,F84_historico,solo_secundario,Z514,7
2021-2024,F84_historico,solo_secundario,K052,7
2021-2024,F84_historico,solo_secundario,D401,7
2021-2024,F84_historico,solo_secundario,E116,7
2021-2024,F84_historico,solo_secundario,S013,7
2021-2024,F84_historico,solo_secundario,B340,7
2021-2024,F84_historico,solo_secundario,B002,7
2021-2024,F84_historico,solo_secundario,Q172,7
2021-2024,F84_historico,solo_secundario,O700,7
2021-2024,F84_historico,solo_secundario,S0280,7
2021-2024,F84_historico,solo_secundario,Z431,7
2021-2024,F84_historico,solo_secundario,K808,7
2021-2024,F84_historico,solo_secundario,K804,7
2021-2024,F84_historico,solo_secundario,K565,7
2021-2024,F84_historico,solo_secundario,K040,6
2021-2024,F84_historico,solo_secundario,D27,6
2021-2024,F84_historico,solo_secundario,T634,6
2021-2024,F84_historico,solo_secundario,G934,6
2021-2024,F84_historico,solo_secundario,F911,6
2021-2024,F84_historico,solo_secundario,G932,6
2021-2024,F84_historico,solo_secundario,S010,6
2021-2024,F84_historico,solo_secundario,J869,6
2021-2024,F84_historico,solo_secundario,R590,6
2021-2024,F84_historico,solo_secundario,F316,6
2021-2024,F84_historico,solo_secundario,S9250,6
2021-2024,F84_historico,solo_secundario,Q851,6
2021-2024,F84_historico,solo_secundario,L023,6
2021-2024,F84_historico,solo_secundario,F809,6
2021-2024,F84_historico,solo_secundario,S9230,6
2021-2024,F84_historico,solo_secundario,G710,6
2021-2024,F84_historico,solo_secundario,N835,6
2021-2024,F84_historico,solo_secundario,D232,6
2021-2024,F84_historico,solo_secundario,F711,6
2021-2024,F84_historico,solo_secundario,B279,6
2021-2024,F84_historico,solo_secundario,F638,6
2021-2024,F84_historico,solo_secundario,K36,6
2021-2024,F84_historico,solo_secundario,F602,6
2021-2024,F84_historico,solo_secundario,S0680,6
2021-2024,F84_historico,solo_secundario,H71,6
2021-2024,F84_historico,solo_secundario,T383,6
2021-2024,F84_historico,solo_secundario,J029,6
2021-2024,F84_historico,solo_secundario,F721,6
2021-2024,F84_historico,solo_secundario,N508,6
2021-2024,F84_historico,solo_secundario,G411,6
2021-2024,F84_historico,solo_secundario,M220,6
2021-2024,F84_historico,solo_secundario,R418,6
2021-2024,F84_historico,solo_secundario,J343,6
2021-2024,F84_historico,solo_secundario,J219,6
2021-2024,F84_historico,solo_secundario,A047,6
2021-2024,F84_historico,solo_secundario,T436,6
2021-2024,F84_historico,solo_secundario,G119,6
2021-2024,F84_historico,solo_secundario,F070,6
2021-2024,F84_historico,solo_secundario,D619,6
2021-2024,F84_historico,solo_secundario,F069,6
2021-2024,F84_historico,solo_secundario,T183,6
2021-2024,F84_historico,solo_secundario,J111,6
2021-2024,F84_historico,solo_secundario,Q892,6
2021-2024,F84_historico,solo_secundario,T465,6
2021-2024,F84_historico,solo_secundario,E840,6
2021-2024,F84_historico,solo_secundario,D649,6
2021-2024,F84_historico,solo_secundario,F439,6
2021-2024,F84_historico,solo_secundario,D593,6
2021-2024,F84_historico,solo_secundario,J390,6
2021-2024,F84_historico,solo_secundario,J450,6
2021-2024,F84_historico,solo_secundario,T633,6
2021-2024,F84_historico,solo_secundario,T421,6
2021-2024,F84_historico,solo_secundario,T233,5
2021-2024,F84_historico,solo_secundario,T232,5
2021-2024,F84_historico,solo_secundario,Z031,5
2021-2024,F84_historico,solo_secundario,L910,5
2021-2024,F84_historico,solo_secundario,Q750,5
2021-2024,F84_historico,solo_secundario,A483,5
2021-2024,F84_historico,solo_secundario,T211,5
2021-2024,F84_historico,solo_secundario,Q760,5
2021-2024,F84_historico,principal_y_secundario,F840,5
2021-2024,F84_historico,solo_secundario,S0600,5
2021-2024,F84_historico,solo_secundario,K805,5
2021-2024,F84_historico,solo_secundario,T140,5
2021-2024,F84_historico,solo_secundario,F448,5
2021-2024,F84_historico,solo_secundario,T189,5
2021-2024,F84_historico,solo_secundario,G479,5
2021-2024,F84_historico,solo_secundario,Z048,5
2021-2024,F84_historico,solo_secundario,H502,5
2021-2024,F84_historico,solo_secundario,S014,5
2021-2024,F84_historico,solo_secundario,F640,5
2021-2024,F84_historico,solo_secundario,B348,5
2021-2024,F84_historico,solo_secundario,M2106,5
2021-2024,F84_historico,solo_secundario,Z098,5
2021-2024,F84_historico,solo_secundario,Q120,5
2021-2024,F84_historico,solo_secundario,A499,5
2021-2024,F84_historico,solo_secundario,R31,5
2021-2024,F84_historico,solo_secundario,A049,5
2021-2024,F84_historico,solo_secundario,B018,5
2021-2024,F84_historico,solo_secundario,M201,5
2021-2024,F84_historico,solo_secundario,Q741,5
2021-2024,F84_historico,solo_secundario,L030,5
2021-2024,F84_historico,solo_secundario,Z478,5
2021-2024,F84_historico,solo_secundario,F952,5
2021-2024,F84_historico,solo_secundario,E871,5
2021-2024,F84_historico,solo_secundario,N059,5
2021-2024,F84_historico,solo_secundario,Q210,5
2021-2024,F84_historico,solo_secundario,D234,5
2021-2024,F84_historico,solo_secundario,K073,5
2021-2024,F84_historico,solo_secundario,I330,5
2021-2024,F84_historico,solo_secundario,S6251,5
2021-2024,F84_historico,solo_secundario,K625,5
2021-2024,F84_historico,solo_secundario,F259,5
2021-2024,F84_historico,solo_secundario,F220,5
2021-2024,F84_historico,solo_secundario,J851,5
2021-2024,F84_historico,solo_secundario,S617,5
2021-2024,F84_historico,solo_secundario,Q556,5
2021-2024,F84_historico,solo_secundario,T604,5
2021-2024,F84_historico,solo_secundario,J40,5
2021-2024,F84_historico,solo_secundario,D690,5
2021-2024,F84_historico,solo_secundario,I639,5
2021-2024,F84_historico,solo_secundario,S5270,5
2021-2024,F84_historico,solo_secundario,DESCONOCIDO,5
2021-2024,F84_historico,solo_secundario,F122,5
2021-2024,F84_historico,solo_secundario,J204,5
2021-2024,F84_historico,solo_secundario,E161,5
2021-2024,F84_historico,solo_secundario,T438,5
2021-2024,F84_historico,solo_secundario,J108,5
2021-2024,F84_historico,solo_secundario,J09,5
2021-2024,F84_historico,solo_secundario,J030,5
2021-2024,F84_historico,solo_secundario,D233,5
2021-2024,F84_historico,solo_secundario,C73,5
2021-2024,F84_historico,solo_secundario,T813,5
2021-2024,F84_historico,solo_secundario,K623,5
2021-2024,F84_historico,solo_secundario,Q676,5
2021-2024,F84_historico,solo_secundario,K610,5
2021-2024,F84_historico,solo_secundario,K403,5
2021-2024,F84_historico,solo_secundario,K388,5
2021-2024,F84_historico,solo_secundario,F341,5
2021-2024,F84_historico,solo_secundario,S7240,5
2021-2024,F84_historico,solo_secundario,H508,4
2021-2024,F84_historico,solo_secundario,R508,4
2021-2024,F84_historico,solo_secundario,K510,4
2021-2024,F84_historico,solo_secundario,S0230,4
2021-2024,F84_historico,solo_secundario,M673,4
2021-2024,F84_historico,solo_secundario,J849,4
2021-2024,F84_historico,solo_secundario,S0260,4
2021-2024,F84_historico,solo_secundario,H650,4
2021-2024,F84_historico,solo_secundario,T149,4
2021-2024,F84_historico,solo_secundario,Q548,4
2021-2024,F84_historico,solo_secundario,J850,4
2021-2024,F84_historico,solo_secundario,S610,4
2021-2024,F84_historico,solo_secundario,S119,4
2021-2024,F84_historico,solo_secundario,S0650,4
2021-2024,F84_historico,solo_secundario,Q379,4
2021-2024,F84_historico,solo_secundario,G35,4
2021-2024,F84_historico,solo_secundario,H659,4
2021-2024,F84_historico,solo_secundario,J180,4
2021-2024,F84_historico,solo_secundario,K621,4
2021-2024,F84_historico,solo_secundario,J154,4
2021-2024,F84_historico,solo_secundario,Q542,4
2021-2024,F84_historico,solo_secundario,I802,4
2021-2024,F84_historico,solo_secundario,K803,4
2021-2024,F84_historico,solo_secundario,I889,4
2021-2024,F84_historico,solo_secundario,R040,4
2021-2024,F84_historico,solo_secundario,H664,4
2021-2024,F84_historico,solo_secundario,Q850,4
2021-2024,F84_historico,solo_secundario,K754,4
2021-2024,F84_historico,solo_secundario,K850,4
2021-2024,F84_historico,solo_secundario,J852,4
2021-2024,F84_historico,solo_secundario,H903,4
2021-2024,F84_historico,solo_secundario,S681,4
2021-2024,F84_historico,solo_secundario,K260,4
2021-2024,F84_historico,solo_secundario,K222,4
2021-2024,F84_historico,solo_secundario,H330,4
2021-2024,F84_historico,solo_secundario,H270,4
2021-2024,F84_historico,solo_secundario,K297,4
2021-2024,F84_historico,solo_secundario,N319,4
2021-2024,F84_historico,solo_secundario,S012,4
2021-2024,F84_historico,solo_secundario,L010,4
2021-2024,F84_historico,solo_secundario,S9200,4
2021-2024,F84_historico,solo_secundario,H000,4
2021-2024,F84_historico,solo_secundario,K137,4
2021-2024,F84_historico,solo_secundario,L022,4
2021-2024,F84_historico,solo_secundario,Q658,4
2021-2024,F84_historico,solo_secundario,S817,4
2021-2024,F84_historico,solo_secundario,K006,4
2021-2024,F84_historico,solo_secundario,N048,4
2021-2024,F84_historico,solo_secundario,J9699,4
2021-2024,F84_historico,solo_secundario,N480,4
2021-2024,F84_historico,solo_secundario,J955,4
2021-2024,F84_historico,solo_secundario,H905,4
2021-2024,F84_historico,solo_secundario,L209,4
2021-2024,F84_historico,solo_secundario,S3280,4
2021-2024,F84_historico,solo_secundario,I442,4
2021-2024,F84_historico,solo_secundario,L282,4
2021-2024,F84_historico,solo_secundario,G918,4
2021-2024,F84_historico,solo_secundario,I456,4
2021-2024,F84_historico,solo_secundario,L509,4
2021-2024,F84_historico,solo_secundario,J90,4
2021-2024,F84_historico,solo_secundario,Q627,4
2021-2024,F84_historico,solo_secundario,S8260,4
2021-2024,F84_historico,solo_secundario,M7957,4
2021-2024,F84_historico,solo_secundario,G938,4
2021-2024,F84_historico,solo_secundario,F232,4
2021-2024,F84_historico,solo_secundario,O990,4
2021-2024,F84_historico,solo_secundario,O820,4
2021-2024,F84_historico,solo_secundario,F929,4
2021-2024,F84_historico,solo_secundario,Z011,4
2021-2024,F84_historico,solo_secundario,T390,4
2021-2024,F84_historico,solo_secundario,C402,4
2021-2024,F84_historico,solo_secundario,Q175,4
2021-2024,F84_historico,solo_secundario,D508,4
2021-2024,F84_historico,solo_secundario,C719,4
2021-2024,F84_historico,solo_secundario,D509,4
2021-2024,F84_historico,solo_secundario,Q311,4
2021-2024,F84_historico,solo_secundario,B09,4
2021-2024,F84_historico,solo_secundario,F388,4
2021-2024,F84_historico,solo_secundario,F941,4
2021-2024,F84_historico,solo_secundario,T58,4
2021-2024,F84_historico,solo_secundario,C716,4
2021-2024,F84_historico,solo_secundario,T658,4
2021-2024,F84_historico,solo_secundario,F959,4
2021-2024,F84_historico,solo_secundario,F302,4
2021-2024,F84_historico,solo_secundario,Q353,4
2021-2024,F84_historico,solo_secundario,Q359,4
2021-2024,F84_historico,solo_secundario,D171,4
2021-2024,F84_historico,solo_secundario,N832,4
2021-2024,F84_historico,solo_secundario,D259,4
2021-2024,F84_historico,solo_secundario,F729,4
2021-2024,F84_historico,solo_secundario,D352,4
2021-2024,F84_historico,solo_secundario,Q369,4
2021-2024,F84_historico,solo_secundario,D367,4
2021-2024,F84_historico,solo_secundario,T858,4
2021-2024,F84_historico,solo_secundario,D376,4
2021-2024,F84_historico,solo_secundario,F83,4
2021-2024,F84_historico,solo_secundario,D391,4
2021-2024,F84_historico,solo_secundario,F901,4
2021-2024,F84_historico,solo_secundario,T520,4
2021-2024,F84_historico,solo_secundario,D580,4
2021-2024,F84_historico,solo_secundario,Z480,4
2021-2024,F84_historico,principal_y_secundario,F849,4
2021-2024,F84_historico,solo_secundario,T213,4
2021-2024,F84_historico,solo_secundario,F988,4
2021-2024,F84_historico,solo_secundario,T461,4
2021-2024,F84_historico,solo_secundario,Q068,4
2021-2024,F84_historico,solo_secundario,F317,4
2021-2024,F84_historico,solo_secundario,F311,4
2021-2024,F84_historico,solo_secundario,A044,4
2021-2024,F84_historico,solo_secundario,E230,4
2021-2024,F84_historico,solo_secundario,N800,4
2021-2024,F84_historico,solo_secundario,F332,4
2021-2024,F84_historico,solo_secundario,Z452,4
2021-2024,F84_historico,solo_secundario,A031,4
2021-2024,F84_historico,solo_secundario,E115,4
2021-2024,F84_historico,solo_secundario,Q250,4
2021-2024,F84_historico,solo_secundario,T434,4
2021-2024,F84_historico,solo_secundario,A418,4
2021-2024,F84_historico,solo_secundario,T511,4
2021-2024,F84_historico,solo_secundario,T407,4
2021-2024,F84_historico,solo_secundario,K071,3
2021-2024,F84_historico,solo_secundario,T783,3
2021-2024,F84_historico,solo_secundario,F068,3
2021-2024,F84_historico,solo_secundario,S5220,3
2021-2024,F84_historico,solo_secundario,T780,3
2021-2024,F84_historico,solo_secundario,K025,3
2021-2024,F84_historico,solo_secundario,K044,3
2021-2024,F84_historico,solo_secundario,K112,3
2021-2024,F84_historico,solo_secundario,K046,3
2021-2024,F84_historico,solo_secundario,I620,3
2021-2024,F84_historico,solo_secundario,I500,3
2021-2024,F84_historico,solo_secundario,F100,3
2021-2024,F84_historico,solo_secundario,K055,3
2021-2024,F84_historico,solo_secundario,S311,3
2021-2024,F84_historico,solo_secundario,I861,3
2021-2024,F84_historico,solo_secundario,K090,3
2021-2024,F84_historico,solo_secundario,K079,3
2021-2024,F84_historico,solo_secundario,S310,3
2021-2024,F84_historico,solo_secundario,E108,3
2021-2024,F84_historico,solo_secundario,E876,3
2021-2024,F84_historico,solo_secundario,J982,3
2021-2024,F84_historico,solo_secundario,D531,3
2021-2024,F84_historico,solo_secundario,E042,3
2021-2024,F84_historico,solo_secundario,D696,3
2021-2024,F84_historico,solo_secundario,D695,3
2021-2024,F84_historico,solo_secundario,S4220,3
2021-2024,F84_historico,solo_secundario,O241,3
2021-2024,F84_historico,solo_secundario,D66,3
2021-2024,F84_historico,solo_secundario,S3701,3
2021-2024,F84_historico,solo_secundario,D235,3
2021-2024,F84_historico,solo_secundario,J448,3
2021-2024,F84_historico,solo_secundario,E301,3
2021-2024,F84_historico,solo_secundario,J9690,3
2021-2024,F84_historico,solo_secundario,T464,3
2021-2024,F84_historico,solo_secundario,O429,3
2021-2024,F84_historico,solo_secundario,D479,3
2021-2024,F84_historico,solo_secundario,E835,3
2021-2024,F84_historico,solo_secundario,E870,3
2021-2024,F84_historico,solo_secundario,J014,3
2021-2024,F84_historico,solo_secundario,J950,3
2021-2024,F84_historico,solo_secundario,J958,3
2021-2024,F84_historico,solo_secundario,O049,3
2021-2024,F84_historico,solo_secundario,Q213,3
2021-2024,F84_historico,solo_secundario,T203,3
2021-2024,F84_historico,solo_secundario,K250,3
2021-2024,F84_historico,solo_secundario,A46,3
2021-2024,F84_historico,solo_secundario,Z548,3
2021-2024,F84_historico,solo_secundario,Z488,3
2021-2024,F84_historico,solo_secundario,M670,3
2021-2024,F84_historico,solo_secundario,A410,3
2021-2024,F84_historico,solo_secundario,Z450,3
2021-2024,F84_historico,solo_secundario,L905,3
2021-2024,F84_historico,solo_secundario,L603,3
2021-2024,F84_historico,solo_secundario,B084,3
2021-2024,F84_historico,solo_secundario,L519,3
2021-2024,F84_historico,solo_secundario,L511,3
2021-2024,F84_historico,solo_secundario,L088,3
2021-2024,F84_historico,solo_secundario,Z291,3
2021-2024,F84_historico,solo_secundario,L038,3
2021-2024,F84_historico,solo_secundario,L033,3
2021-2024,F84_historico,solo_secundario,M2116,3
2021-2024,F84_historico,solo_secundario,R268,3
2021-2024,F84_historico,solo_secundario,M6595,3
2021-2024,F84_historico,solo_secundario,M2186,3
2021-2024,F84_historico,solo_secundario,R258,3
2021-2024,F84_historico,solo_secundario,A040,3
2021-2024,F84_historico,solo_secundario,R21,3
2021-2024,F84_historico,solo_secundario,Z653,3
2021-2024,F84_historico,solo_secundario,Q048,3
2021-2024,F84_historico,solo_secundario,R103,3
2021-2024,F84_historico,solo_secundario,R101,3
2021-2024,F84_historico,solo_secundario,R100,3
2021-2024,F84_historico,solo_secundario,M6099,3
2021-2024,F84_historico,solo_secundario,M329,3
2021-2024,F84_historico,principal_y_secundario,F841,3
2021-2024,F84_historico,solo_secundario,Q909,3
2021-2024,F84_historico,solo_secundario,Z915,3
2021-2024,F84_historico,solo_secundario,L028,3
2021-2024,F84_historico,solo_secundario,B085,3
2021-2024,F84_historico,solo_secundario,Q667,3
2021-2024,F84_historico,solo_secundario,O680,3
2021-2024,F84_historico,solo_secundario,K550,3
2021-2024,F84_historico,solo_secundario,T848,3
2021-2024,F84_historico,solo_secundario,Q203,3
2021-2024,F84_historico,solo_secundario,S0660,3
2021-2024,F84_historico,solo_secundario,T842,3
2021-2024,F84_historico,solo_secundario,Q204,3
2021-2024,F84_historico,solo_secundario,T827,3
2021-2024,F84_historico,solo_secundario,L021,3
2021-2024,F84_historico,solo_secundario,D160,3
2021-2024,F84_historico,solo_secundario,T818,3
2021-2024,F84_historico,solo_secundario,K317,3
2021-2024,F84_historico,solo_secundario,S097,3
2021-2024,F84_historico,solo_secundario,Q675,3
2021-2024,F84_historico,solo_secundario,K291,3
2021-2024,F84_historico,solo_secundario,S0630,3
2021-2024,F84_historico,solo_secundario,C924,3
2021-2024,F84_historico,solo_secundario,K602,3
2021-2024,F84_historico,solo_secundario,T885,3
2021-2024,F84_historico,solo_secundario,O800,3
2021-2024,F84_historico,solo_secundario,T887,3
2021-2024,F84_historico,solo_secundario,S058,3
2021-2024,F84_historico,solo_secundario,Q181,3
2021-2024,F84_historico,solo_secundario,Q692,3
2021-2024,F84_historico,solo_secundario,C56,3
2021-2024,F84_historico,solo_secundario,Q699,3
2021-2024,F84_historico,solo_secundario,Z016,3
2021-2024,F84_historico,solo_secundario,B679,3
2021-2024,F84_historico,solo_secundario,Z092,3
2021-2024,F84_historico,solo_secundario,K918,3
2021-2024,F84_historico,solo_secundario,O992,3
2021-2024,F84_historico,solo_secundario,B199,3
2021-2024,F84_historico,solo_secundario,K439,3
2021-2024,F84_historico,solo_secundario,D444,3
2021-2024,F84_historico,solo_secundario,H269,3
2021-2024,F84_historico,solo_secundario,N764,3
2021-2024,F84_historico,solo_secundario,H532,3
2021-2024,F84_historico,solo_secundario,F604,3
2021-2024,F84_historico,solo_secundario,N701,3
2021-2024,F84_historico,solo_secundario,T175,3
2021-2024,F84_historico,solo_secundario,F82,3
2021-2024,F84_historico,solo_secundario,F606,3
2021-2024,F84_historico,solo_secundario,S8200,3
2021-2024,F84_historico,solo_secundario,H503,3
2021-2024,F84_historico,solo_secundario,N906,3
2021-2024,F84_historico,solo_secundario,T360,3
2021-2024,F84_historico,solo_secundario,N133,3
2021-2024,F84_historico,solo_secundario,G448,3
2021-2024,F84_historico,solo_secundario,Q374,3
2021-2024,F84_historico,solo_secundario,N132,3
2021-2024,F84_historico,solo_secundario,N12,3
2021-2024,F84_historico,solo_secundario,G431,3
2021-2024,F84_historico,solo_secundario,G060,3
2021-2024,F84_historico,solo_secundario,G039,3
2021-2024,F84_historico,solo_secundario,S8250,3
2021-2024,F84_historico,solo_secundario,S8240,3
2021-2024,F84_historico,solo_secundario,F459,3
2021-2024,F84_historico,solo_secundario,F418,3
2021-2024,F84_historico,solo_secundario,T068,3
2021-2024,F84_historico,solo_secundario,N184,3
2021-2024,F84_historico,solo_secundario,G809,3
2021-2024,F84_historico,solo_secundario,N500,3
2021-2024,F84_historico,solo_secundario,F445,3
2021-2024,F84_historico,solo_secundario,G919,3
2021-2024,F84_historico,solo_secundario,N939,3
2021-2024,F84_historico,solo_secundario,G001,3
2021-2024,F84_historico,solo_secundario,N481,3
2021-2024,F84_historico,solo_secundario,S810,3
2021-2024,F84_historico,solo_secundario,Q870,3
2021-2024,F84_historico,solo_secundario,N178,3
2021-2024,F84_historico,solo_secundario,N170,3
2021-2024,F84_historico,solo_secundario,H611,3
2021-2024,F84_historico,solo_secundario,G700,3
2021-2024,F84_historico,solo_secundario,S661,3
2021-2024,F84_historico,solo_secundario,F320,3
2021-2024,F84_historico,solo_secundario,G405,3
2021-2024,F84_historico,solo_secundario,H46,3
2021-2024,F84_historico,solo_secundario,N200,3
2021-2024,F84_historico,solo_secundario,F309,3
2021-2024,F84_historico,solo_secundario,T185,3
2021-2024,F84_historico,solo_secundario,G259,3
2021-2024,F84_historico,solo_secundario,G240,3
2021-2024,F84_historico,solo_secundario,G210,3
2021-2024,F84_historico,solo_secundario,G249,3
2021-2024,F84_historico,solo_secundario,N288,3
2021-2024,F84_historico,solo_secundario,G111,3
2021-2024,F84_historico,solo_secundario,I400,3
2021-2024,F84_historico,solo_secundario,O021,3
2021-2024,F84_historico,solo_secundario,N751,3
2021-2024,F84_historico,solo_secundario,N40,3
2021-2024,F84_historico,solo_secundario,H186,3
2021-2024,F84_historico,solo_secundario,C621,2
2021-2024,F84_historico,solo_secundario,F920,2
2021-2024,F84_historico,solo_secundario,C710,2
2021-2024,F84_historico,solo_secundario,C712,2
2021-2024,F84_historico,solo_secundario,O821,2
2021-2024,F84_historico,solo_secundario,K551,2
2021-2024,F84_historico,solo_secundario,T824,2
2021-2024,F84_historico,solo_secundario,T825,2
2021-2024,F84_historico,solo_secundario,K769,2
2021-2024,F84_historico,solo_secundario,K760,2
2021-2024,F84_historico,solo_secundario,K381,2
2021-2024,F84_historico,solo_secundario,C717,2
2021-2024,F84_historico,solo_secundario,M7916,2
2021-2024,F84_historico,solo_secundario,Q390,2
2021-2024,F84_historico,solo_secundario,G931,2
2021-2024,F84_historico,solo_secundario,F932,2
2021-2024,F84_historico,solo_secundario,C541,2
2021-2024,F84_historico,solo_secundario,M8403,2
2021-2024,F84_historico,solo_secundario,B350,2
2021-2024,F84_historico,solo_secundario,G838,2
2021-2024,F84_historico,solo_secundario,S019,2
2021-2024,F84_historico,solo_secundario,N488,2
2021-2024,F84_historico,solo_secundario,G909,2
2021-2024,F84_historico,solo_secundario,K858,2
2021-2024,F84_historico,solo_secundario,N202,2
2021-2024,F84_historico,solo_secundario,D165,2
2021-2024,F84_historico,solo_secundario,F930,2
2021-2024,F84_historico,solo_secundario,Q411,2
2021-2024,F84_historico,solo_secundario,N483,2
2021-2024,F84_historico,solo_secundario,Z035,2
2021-2024,F84_historico,solo_secundario,Z032,2
2021-2024,F84_historico,solo_secundario,M7938,2
2021-2024,F84_historico,solo_secundario,D163,2
2021-2024,F84_historico,solo_secundario,S0250,2
2021-2024,F84_historico,solo_secundario,F912,2
2021-2024,F84_historico,solo_secundario,T958,2
2021-2024,F84_historico,solo_secundario,S860,2
2021-2024,F84_historico,solo_secundario,S050,2
2021-2024,F84_historico,solo_secundario,S0651,2
2021-2024,F84_historico,solo_secundario,K518,2
2021-2024,F84_historico,solo_secundario,Q360,2
2021-2024,F84_historico,solo_secundario,D069,2
2021-2024,F84_historico,solo_secundario,N830,2
2021-2024,F84_historico,solo_secundario,K605,2
2021-2024,F84_historico,solo_secundario,F803,2
2021-2024,F84_historico,solo_secundario,T845,2
2021-2024,F84_historico,solo_secundario,K593,2
2021-2024,F84_historico,solo_secundario,K592,2
2021-2024,F84_historico,solo_secundario,C837,2
2021-2024,F84_historico,solo_secundario,M7966,2
2021-2024,F84_historico,solo_secundario,K572,2
2021-2024,F84_historico,solo_secundario,F799,2
2021-2024,F84_historico,solo_secundario,C959,2
2021-2024,F84_historico,solo_secundario,S9220,2
2021-2024,F84_historico,solo_secundario,C925,2
2021-2024,F84_historico,solo_secundario,T273,2
2021-2024,F84_historico,solo_secundario,K509,2
2021-2024,F84_historico,solo_secundario,S9251,2
2021-2024,F84_historico,solo_secundario,S9290,2
2021-2024,F84_historico,solo_secundario,M7955,2
2021-2024,F84_historico,solo_secundario,D110,2
2021-2024,F84_historico,solo_secundario,F791,2
2021-2024,F84_historico,solo_secundario,K469,2
2021-2024,F84_historico,solo_secundario,F89,2
2021-2024,F84_historico,solo_secundario,K500,2
2021-2024,F84_historico,solo_secundario,K649,2
2021-2024,F84_historico,solo_secundario,K642,2
2021-2024,F84_historico,solo_secundario,K626,2
2021-2024,F84_historico,solo_secundario,K501,2
2021-2024,F84_historico,solo_secundario,K638,2
2021-2024,F84_historico,solo_secundario,T841,2
2021-2024,F84_historico,solo_secundario,Q690,2
2021-2024,F84_historico,solo_secundario,K633,2
2021-2024,F84_historico,solo_secundario,K631,2
2021-2024,F84_historico,solo_secundario,T905,2
2021-2024,F84_historico,solo_secundario,B349,2
2021-2024,F84_historico,solo_secundario,B019,2
2021-2024,F84_historico,solo_secundario,K912,2
2021-2024,F84_historico,solo_secundario,G439,2
2021-2024,F84_historico,solo_secundario,G248,2
2021-2024,F84_historico,solo_secundario,M6288,2
2021-2024,F84_historico,solo_secundario,M2319,2
2021-2024,F84_historico,solo_secundario,M2316,2
2021-2024,F84_historico,solo_secundario,M6514,2
2021-2024,F84_historico,solo_secundario,A039,2
2021-2024,F84_historico,solo_secundario,M2196,2
2021-2024,F84_historico,solo_secundario,M2176,2
2021-2024,F84_historico,solo_secundario,G432,2
2021-2024,F84_historico,solo_secundario,G042,2
2021-2024,F84_historico,solo_secundario,A045,2
2021-2024,F84_historico,solo_secundario,K914,2
2021-2024,F84_historico,solo_secundario,Q742,2
2021-2024,F84_historico,solo_secundario,T179,2
2021-2024,F84_historico,solo_secundario,M205,2
2021-2024,F84_historico,solo_secundario,A048,2
2021-2024,F84_historico,solo_secundario,A162,2
2021-2024,F84_historico,solo_secundario,Q039,2
2021-2024,F84_historico,solo_secundario,M0899,2
2021-2024,F84_historico,solo_secundario,M6598,2
2021-2024,F84_historico,solo_secundario,R402,2
2021-2024,F84_historico,solo_secundario,G478,2
2021-2024,F84_historico,solo_secundario,M2555,2
2021-2024,F84_historico,solo_secundario,R068,2
2021-2024,F84_historico,principal_y_secundario,F848,2
2021-2024,F84_historico,solo_secundario,M310,2
2021-2024,F84_historico,solo_secundario,Q878,2
2021-2024,F84_historico,principal,F844,2
2021-2024,F84_historico,solo_secundario,G258,2
2021-2024,F84_historico,solo_secundario,M4199,2
2021-2024,F84_historico,solo_secundario,M4195,2
2021-2024,F84_historico,solo_secundario,M4194,2
2021-2024,F84_historico,solo_secundario,Q786,2
2021-2024,F84_historico,solo_secundario,Q935,2
2021-2024,F84_historico,solo_secundario,G255,2
2021-2024,F84_historico,solo_secundario,M5456,2
2021-2024,F84_historico,solo_secundario,M6000,2
2021-2024,F84_historico,solo_secundario,Z768,2
2021-2024,F84_historico,solo_secundario,R000,2
2021-2024,F84_historico,solo_secundario,M6009,2
2021-2024,F84_historico,solo_secundario,Z763,2
2021-2024,F84_historico,solo_secundario,M6028,2
2021-2024,F84_historico,solo_secundario,M332,2
2021-2024,F84_historico,solo_secundario,M331,2
2021-2024,F84_historico,solo_secundario,M330,2
2021-2024,F84_historico,solo_secundario,G253,2
2021-2024,F84_historico,solo_secundario,M328,2
2021-2024,F84_historico,solo_secundario,Z458,2
2021-2024,F84_historico,solo_secundario,A400,2
2021-2024,F84_historico,solo_secundario,M0099,2
2021-2024,F84_historico,solo_secundario,M7116,2
2021-2024,F84_historico,solo_secundario,L208,2
2021-2024,F84_historico,solo_secundario,S005,2
2021-2024,F84_historico,solo_secundario,T251,2
2021-2024,F84_historico,solo_secundario,B001,2
2021-2024,F84_historico,solo_secundario,B003,2
2021-2024,F84_historico,solo_secundario,T131,2
2021-2024,F84_historico,solo_secundario,L041,2
2021-2024,F84_historico,solo_secundario,T120,2
2021-2024,F84_historico,solo_secundario,G729,2
2021-2024,F84_historico,solo_secundario,B009,2
2021-2024,F84_historico,solo_secundario,S098,2
2021-2024,F84_historico,solo_secundario,B021,2
2021-2024,F84_historico,solo_secundario,Z135,2
2021-2024,F84_historico,solo_secundario,G801,2
2021-2024,F84_historico,solo_secundario,G819,2
2021-2024,F84_historico,solo_secundario,O996,2
2021-2024,F84_historico,solo_secundario,G821,2
2021-2024,F84_historico,solo_secundario,B278,2
2021-2024,F84_historico,solo_secundario,F939,2
2021-2024,F84_historico,solo_secundario,B341,2
2021-2024,F84_historico,solo_secundario,G824,2
2021-2024,F84_historico,solo_secundario,Q100,2
2021-2024,F84_historico,solo_secundario,A870,2
2021-2024,F84_historico,solo_secundario,M0098,2
2021-2024,F84_historico,solo_secundario,L308,2
2021-2024,F84_historico,solo_secundario,M0096,2
2021-2024,F84_historico,solo_secundario,M0095,2
2021-2024,F84_historico,solo_secundario,R456,2
2021-2024,F84_historico,solo_secundario,L988,2
2021-2024,F84_historico,solo_secundario,T173,2
2021-2024,F84_historico,solo_secundario,Q378,2
2021-2024,F84_historico,solo_secundario,L928,2
2021-2024,F84_historico,solo_secundario,L923,2
2021-2024,F84_historico,solo_secundario,Z433,2
2021-2024,F84_historico,solo_secundario,G002,2
2021-2024,F84_historico,solo_secundario,L893,2
2021-2024,F84_historico,solo_secundario,A440,2
2021-2024,F84_historico,solo_secundario,T241,2
2021-2024,F84_historico,solo_secundario,Q038,2
2021-2024,F84_historico,solo_secundario,A600,2
2021-2024,F84_historico,solo_secundario,A630,2
2021-2024,F84_historico,solo_secundario,T243,2
2021-2024,F84_historico,solo_secundario,R572,2
2021-2024,F84_historico,solo_secundario,F949,2
2021-2024,F84_historico,solo_secundario,L500,2
2021-2024,F84_historico,solo_secundario,Q02,2
2021-2024,F84_historico,solo_secundario,O031,2
2021-2024,F84_historico,solo_secundario,I420,2
2021-2024,F84_historico,solo_secundario,D170,2
2021-2024,F84_historico,solo_secundario,F339,2
2021-2024,F84_historico,solo_secundario,J340,2
2021-2024,F84_historico,solo_secundario,D728,2
2021-2024,F84_historico,solo_secundario,H271,2
2021-2024,F84_historico,solo_secundario,J330,2
2021-2024,F84_historico,solo_secundario,J329,2
2021-2024,F84_historico,solo_secundario,D734,2
2021-2024,F84_historico,solo_secundario,D761,2
2021-2024,F84_historico,solo_secundario,I675,2
2021-2024,F84_historico,solo_secundario,S5271,2
2021-2024,F84_historico,solo_secundario,S4270,2
2021-2024,F84_historico,solo_secundario,T542,2
2021-2024,F84_historico,solo_secundario,O335,2
2021-2024,F84_historico,solo_secundario,J211,2
2021-2024,F84_historico,solo_secundario,T529,2
2021-2024,F84_historico,solo_secundario,F130,2
2021-2024,F84_historico,solo_secundario,T428,2
2021-2024,F84_historico,solo_secundario,F334,2
2021-2024,F84_historico,solo_secundario,S6280,2
2021-2024,F84_historico,solo_secundario,E063,2
2021-2024,F84_historico,solo_secundario,Q234,2
2021-2024,F84_historico,solo_secundario,H918,2
2021-2024,F84_historico,solo_secundario,F145,2
2021-2024,F84_historico,solo_secundario,F349,2
2021-2024,F84_historico,solo_secundario,Q282,2
2021-2024,F84_historico,solo_secundario,S5281,2
2021-2024,F84_historico,solo_secundario,T594,2
2021-2024,F84_historico,solo_secundario,T398,2
2021-2024,F84_historico,solo_secundario,J441,2
2021-2024,F84_historico,solo_secundario,M8696,2
2021-2024,F84_historico,solo_secundario,H811,2
2021-2024,F84_historico,solo_secundario,M8697,2
2021-2024,F84_historico,solo_secundario,D589,2
2021-2024,F84_historico,solo_secundario,Q552,2
2021-2024,F84_historico,solo_secundario,S399,2
2021-2024,F84_historico,solo_secundario,D648,2
2021-2024,F84_historico,solo_secundario,S819,2
2021-2024,F84_historico,solo_secundario,F142,2
2021-2024,F84_historico,solo_secundario,I671,2
2021-2024,F84_historico,solo_secundario,O366,2
2021-2024,F84_historico,solo_secundario,O001,2
2021-2024,F84_historico,solo_secundario,O343,2
2021-2024,F84_historico,solo_secundario,D692,2
2021-2024,F84_historico,solo_secundario,J202,2
2021-2024,F84_historico,solo_secundario,J200,2
2021-2024,F84_historico,solo_secundario,O244,2
2021-2024,F84_historico,solo_secundario,N137,2
2021-2024,F84_historico,solo_secundario,E662,2
2021-2024,F84_historico,solo_secundario,E668,2
2021-2024,F84_historico,solo_secundario,T471,2
2021-2024,F84_historico,solo_secundario,E713,2
2021-2024,F84_historico,solo_secundario,M939,2
2021-2024,F84_historico,solo_secundario,T462,2
2021-2024,F84_historico,solo_secundario,I251,2
2021-2024,F84_historico,solo_secundario,E830,2
2021-2024,F84_historico,solo_secundario,Q431,2
2021-2024,F84_historico,solo_secundario,I850,2
2021-2024,F84_historico,solo_secundario,F315,2
2021-2024,F84_historico,solo_secundario,J028,2
2021-2024,F84_historico,solo_secundario,F03,2
2021-2024,F84_historico,solo_secundario,J019,2
2021-2024,F84_historico,solo_secundario,J018,2
2021-2024,F84_historico,solo_secundario,F058,2
2021-2024,F84_historico,solo_secundario,F061,2
2021-2024,F84_historico,solo_secundario,T447,2
2021-2024,F84_historico,solo_secundario,T446,2
2021-2024,F84_historico,solo_secundario,E538,2
2021-2024,F84_historico,solo_secundario,J110,2
2021-2024,F84_historico,solo_secundario,I828,2
2021-2024,F84_historico,solo_secundario,F313,2
2021-2024,F84_historico,solo_secundario,F333,2
2021-2024,F84_historico,solo_secundario,Q430,2
2021-2024,F84_historico,solo_secundario,E149,2
2021-2024,F84_historico,solo_secundario,T402,2
2021-2024,F84_historico,solo_secundario,J156,2
2021-2024,F84_historico,solo_secundario,F079,2
2021-2024,F84_historico,solo_secundario,E232,2
2021-2024,F84_historico,solo_secundario,J153,2
2021-2024,F84_historico,solo_secundario,T505,2
2021-2024,F84_historico,solo_secundario,M938,2
2021-2024,F84_historico,solo_secundario,J150,2
2021-2024,F84_historico,solo_secundario,E274,2
2021-2024,F84_historico,solo_secundario,S7220,2
2021-2024,F84_historico,solo_secundario,Q254,2
2021-2024,F84_historico,solo_secundario,I743,2
2021-2024,F84_historico,solo_secundario,O141,2
2021-2024,F84_historico,solo_secundario,T490,2
2021-2024,F84_historico,solo_secundario,O13,2
2021-2024,F84_historico,solo_secundario,F143,2
2021-2024,F84_historico,solo_secundario,M8686,2
2021-2024,F84_historico,solo_secundario,F422,2
2021-2024,F84_historico,solo_secundario,K108,2
2021-2024,F84_historico,solo_secundario,T796,2
2021-2024,F84_historico,solo_secundario,F308,2
2021-2024,F84_historico,solo_secundario,Q660,2
2021-2024,F84_historico,solo_secundario,O621,2
2021-2024,F84_historico,solo_secundario,S6230,2
2021-2024,F84_historico,solo_secundario,I472,2
2021-2024,F84_historico,solo_secundario,K113,2
2021-2024,F84_historico,solo_secundario,F709,2
2021-2024,F84_historico,solo_secundario,K102,2
2021-2024,F84_historico,solo_secundario,K130,2
2021-2024,F84_historico,solo_secundario,S6220,2
2021-2024,F84_historico,solo_secundario,K092,2
2021-2024,F84_historico,solo_secundario,T310,2
2021-2024,F84_historico,solo_secundario,T409,2
2021-2024,F84_historico,solo_secundario,F21,2
2021-2024,F84_historico,solo_secundario,H492,2
2021-2024,F84_historico,solo_secundario,F191,2
2021-2024,F84_historico,solo_secundario,K075,2
2021-2024,F84_historico,solo_secundario,S202,2
2021-2024,F84_historico,solo_secundario,D236,2
2021-2024,F84_historico,solo_secundario,I499,2
2021-2024,F84_historico,solo_secundario,M8446,2
2021-2024,F84_historico,solo_secundario,T812,2
2021-2024,F84_historico,solo_secundario,D177,2
2021-2024,F84_historico,solo_secundario,K295,2
2021-2024,F84_historico,solo_secundario,S831,2
2021-2024,F84_historico,solo_secundario,I443,2
2021-2024,F84_historico,solo_secundario,F250,2
2021-2024,F84_historico,solo_secundario,Q355,2
2021-2024,F84_historico,solo_secundario,T802,2
2021-2024,F84_historico,solo_secundario,M8506,2
2021-2024,F84_historico,solo_secundario,K20,2
2021-2024,F84_historico,solo_secundario,D225,2
2021-2024,F84_historico,solo_secundario,K259,2
2021-2024,F84_historico,solo_secundario,S198,2
2021-2024,F84_historico,solo_secundario,S8290,2
2021-2024,F84_historico,solo_secundario,M8508,2
2021-2024,F84_historico,solo_secundario,K226,2
2021-2024,F84_historico,solo_secundario,D227,2
2021-2024,F84_historico,solo_secundario,S8281,2
2021-2024,F84_historico,solo_secundario,F205,2
2021-2024,F84_historico,solo_secundario,S2720,2
2021-2024,F84_historico,solo_secundario,S5210,2
2021-2024,F84_historico,solo_secundario,T749,2
2021-2024,F84_historico,solo_secundario,F201,2
2021-2024,F84_historico,solo_secundario,J988,2
2021-2024,F84_historico,solo_secundario,J984,2
2021-2024,F84_historico,solo_secundario,I609,2
2021-2024,F84_historico,solo_secundario,N009,2
2021-2024,F84_historico,solo_secundario,N921,2
2021-2024,F84_historico,solo_secundario,N739,2
2021-2024,F84_historico,solo_secundario,Q505,2
2021-2024,F84_historico,solo_secundario,N028,2
2021-2024,F84_historico,solo_secundario,D432,2
2021-2024,F84_historico,solo_secundario,D383,2
2021-2024,F84_historico,solo_secundario,S3270,2
2021-2024,F84_historico,solo_secundario,O600,2
2021-2024,F84_historico,solo_secundario,H654,2
2021-2024,F84_historico,solo_secundario,Q283,2
2021-2024,F84_historico,solo_secundario,S611,2
2021-2024,F84_historico,solo_secundario,H609,2
2021-2024,F84_historico,solo_secundario,J931,2
2021-2024,F84_historico,solo_secundario,H602,2
2021-2024,F84_historico,solo_secundario,Q621,2
2021-2024,F84_historico,solo_secundario,S312,2
2021-2024,F84_historico,solo_secundario,K051,2
2021-2024,F84_historico,solo_secundario,K050,2
2021-2024,F84_historico,solo_secundario,D481,2
2021-2024,F84_historico,solo_secundario,Q644,2
2021-2024,F84_historico,solo_secundario,D290,2
2021-2024,F84_historico,solo_secundario,F193,2
2021-2024,F84_historico,solo_secundario,F601,2
2021-2024,F84_historico,solo_secundario,S3200,2
2021-2024,F84_historico,solo_secundario,K041,2
2021-2024,F84_historico,solo_secundario,F195,2
2021-2024,F84_historico,solo_secundario,T781,2
2021-2024,F84_historico,solo_secundario,D330,2
2021-2024,F84_historico,solo_secundario,F501,2
2021-2024,F84_historico,solo_secundario,Q763,1
2021-2024,F84_historico,solo_secundario,Q780,1
2021-2024,F84_historico,solo_secundario,Q444,1
2021-2024,F84_historico,solo_secundario,Q833,1
2021-2024,F84_historico,solo_secundario,Q759,1
2021-2024,F84_historico,solo_secundario,Q525,1
2021-2024,F84_historico,solo_secundario,Q828,1
2021-2024,F84_historico,solo_secundario,Q753,1
2021-2024,F84_historico,solo_secundario,Q288,1
2021-2024,F84_historico,solo_secundario,Q790,1
2021-2024,F84_historico,solo_secundario,Q781,1
2021-2024,F84_historico,solo_secundario,Q437,1
2021-2024,F84_historico,solo_secundario,Q373,1
2021-2024,F84_historico,solo_secundario,Q433,1
2021-2024,F84_historico,solo_secundario,Q112,1
2021-2024,F84_historico,solo_secundario,Q279,1
2021-2024,F84_historico,solo_secundario,Q651,1
2021-2024,F84_historico,solo_secundario,Q642,1
2021-2024,F84_historico,solo_secundario,Q330,1
2021-2024,F84_historico,solo_secundario,Q643,1
2021-2024,F84_historico,solo_secundario,Q225,1
2021-2024,F84_historico,solo_secundario,Q691,1
2021-2024,F84_historico,solo_secundario,Q222,1
2021-2024,F84_historico,solo_secundario,Q341,1
2021-2024,F84_historico,solo_secundario,Q188,1
2021-2024,F84_historico,solo_secundario,Q647,1
2021-2024,F84_historico,solo_secundario,Q189,1
2021-2024,F84_historico,solo_secundario,Q652,1
2021-2024,F84_historico,solo_secundario,Q273,1
2021-2024,F84_historico,solo_secundario,Q200,1
2021-2024,F84_historico,solo_secundario,Q201,1
2021-2024,F84_historico,solo_secundario,Q385,1
2021-2024,F84_historico,solo_secundario,Q653,1
2021-2024,F84_historico,solo_secundario,Q666,1
2021-2024,F84_historico,solo_secundario,Q386,1
2021-2024,F84_historico,solo_secundario,Q688,1
2021-2024,F84_historico,solo_secundario,Q677,1
2021-2024,F84_historico,solo_secundario,Q410,1
2021-2024,F84_historico,solo_secundario,Q205,1
2021-2024,F84_historico,solo_secundario,Q226,1
2021-2024,F84_historico,solo_secundario,Q231,1
2021-2024,F84_historico,solo_secundario,Q383,1
2021-2024,F84_historico,solo_secundario,Q180,1
2021-2024,F84_historico,solo_secundario,Q268,1
2021-2024,F84_historico,solo_secundario,Q263,1
2021-2024,F84_historico,solo_secundario,Q253,1
2021-2024,F84_historico,solo_secundario,Q543,1
2021-2024,F84_historico,solo_secundario,Q729,1
2021-2024,F84_historico,solo_secundario,Q078,1
2021-2024,F84_historico,solo_secundario,Q243,1
2021-2024,F84_historico,solo_secundario,Q728,1
2021-2024,F84_historico,solo_secundario,Q724,1
2021-2024,F84_historico,solo_secundario,Q238,1
2021-2024,F84_historico,solo_secundario,Q709,1
2021-2024,F84_historico,solo_secundario,Q105,1
2021-2024,F84_historico,solo_secundario,Q233,1
2021-2024,F84_historico,solo_secundario,Q150,1
2021-2024,F84_historico,solo_secundario,Q550,1
2021-2024,F84_historico,solo_secundario,Q554,1
2021-2024,F84_historico,solo_secundario,Q232,1
2021-2024,F84_historico,solo_secundario,Q704,1
2021-2024,F84_historico,solo_secundario,Q558,1
2021-2024,F84_historico,solo_secundario,Q623,1
2021-2024,F84_historico,solo_secundario,Q315,1
2021-2024,F84_historico,mixto_mismo_dia,F840,1
2021-2024,F84_historico,solo_secundario,S6210,1
2021-2024,F84_historico,solo_secundario,Q872,1
2021-2024,F84_historico,solo_secundario,T253,1
2021-2024,F84_historico,solo_secundario,T270,1
2021-2024,F84_historico,solo_secundario,T276,1
2021-2024,F84_historico,solo_secundario,T280,1
2021-2024,F84_historico,solo_secundario,T285,1
2021-2024,F84_historico,solo_secundario,T286,1
2021-2024,F84_historico,solo_secundario,T293,1
2021-2024,F84_historico,solo_secundario,T361,1
2021-2024,F84_historico,solo_secundario,T363,1
2021-2024,F84_historico,solo_secundario,T371,1
2021-2024,F84_historico,solo_secundario,T380,1
2021-2024,F84_historico,solo_secundario,T381,1
2021-2024,F84_historico,solo_secundario,T389,1
2021-2024,F84_historico,solo_secundario,T392,1
2021-2024,F84_historico,solo_secundario,T399,1
2021-2024,F84_historico,solo_secundario,T404,1
2021-2024,F84_historico,solo_secundario,T406,1
2021-2024,F84_historico,solo_secundario,T412,1
2021-2024,F84_historico,solo_secundario,T413,1
2021-2024,F84_historico,solo_secundario,T443,1
2021-2024,F84_historico,solo_secundario,T449,1
2021-2024,F84_historico,solo_secundario,T451,1
2021-2024,F84_historico,solo_secundario,T485,1
2021-2024,F84_historico,solo_secundario,T486,1
2021-2024,F84_historico,solo_secundario,T487,1
2021-2024,F84_historico,solo_secundario,T492,1
2021-2024,F84_historico,solo_secundario,T269,1
2021-2024,F84_historico,solo_secundario,T230,1
2021-2024,F84_historico,solo_secundario,S851,1
2021-2024,F84_historico,solo_secundario,T221,1
2021-2024,F84_historico,solo_secundario,S900,1
2021-2024,F84_historico,solo_secundario,S910,1
2021-2024,F84_historico,solo_secundario,S911,1
2021-2024,F84_historico,solo_secundario,S913,1
2021-2024,F84_historico,solo_secundario,S9240,1
2021-2024,F84_historico,solo_secundario,S9241,1
2021-2024,F84_historico,solo_secundario,S933,1
2021-2024,F84_historico,solo_secundario,S934,1
2021-2024,F84_historico,solo_secundario,S997,1
2021-2024,F84_historico,solo_secundario,S998,1
2021-2024,F84_historico,solo_secundario,T008,1
2021-2024,F84_historico,solo_secundario,T009,1
2021-2024,F84_historico,solo_secundario,T016,1
2021-2024,F84_historico,solo_secundario,T018,1
2021-2024,F84_historico,solo_secundario,T019,1
2021-2024,F84_historico,solo_secundario,T07,1
2021-2024,F84_historico,solo_secundario,T111,1
2021-2024,F84_historico,solo_secundario,T148,1
2021-2024,F84_historico,solo_secundario,T150,1
2021-2024,F84_historico,solo_secundario,T171,1
2021-2024,F84_historico,solo_secundario,T174,1
2021-2024,F84_historico,solo_secundario,T180,1
2021-2024,F84_historico,solo_secundario,T201,1
2021-2024,F84_historico,solo_secundario,T204,1
2021-2024,F84_historico,solo_secundario,T216,1
2021-2024,F84_historico,solo_secundario,T493,1
2021-2024,F84_historico,solo_secundario,T502,1
2021-2024,F84_historico,solo_secundario,T508,1
2021-2024,F84_historico,solo_secundario,T512,1
2021-2024,F84_historico,solo_secundario,T861,1
2021-2024,F84_historico,solo_secundario,T881,1
2021-2024,F84_historico,solo_secundario,T886,1
2021-2024,F84_historico,solo_secundario,T952,1
2021-2024,F84_historico,solo_secundario,T983,1
2021-2024,F84_historico,solo_secundario,U072,1
2021-2024,F84_historico,solo_secundario,Z015,1
2021-2024,F84_historico,solo_secundario,Z036,1
2021-2024,F84_historico,solo_secundario,Z044,1
2021-2024,F84_historico,solo_secundario,Z046,1
2021-2024,F84_historico,solo_secundario,Z097,1
2021-2024,F84_historico,solo_secundario,Z099,1
2021-2024,F84_historico,solo_secundario,Z122,1
2021-2024,F84_historico,solo_secundario,Z128,1
2021-2024,F84_historico,solo_secundario,Z208,1
2021-2024,F84_historico,solo_secundario,Z238,1
2021-2024,F84_historico,solo_secundario,Z292,1
2021-2024,F84_historico,solo_secundario,Z298,1
2021-2024,F84_historico,solo_secundario,Z411,1
2021-2024,F84_historico,solo_secundario,Z422,1
2021-2024,F84_historico,solo_secundario,Z432,1
2021-2024,F84_historico,solo_secundario,Z510,1
2021-2024,F84_historico,solo_secundario,Z513,1
2021-2024,F84_historico,solo_secundario,Z549,1
2021-2024,F84_historico,solo_secundario,Z751,1
2021-2024,F84_historico,solo_secundario,T859,1
2021-2024,F84_historico,solo_secundario,T856,1
2021-2024,F84_historico,solo_secundario,T849,1
2021-2024,F84_historico,solo_secundario,T609,1
2021-2024,F84_historico,solo_secundario,T518,1
2021-2024,F84_historico,solo_secundario,T519,1
2021-2024,F84_historico,solo_secundario,T522,1
2021-2024,F84_historico,solo_secundario,T528,1
2021-2024,F84_historico,solo_secundario,T539,1
2021-2024,F84_historico,solo_secundario,T549,1
2021-2024,F84_historico,solo_secundario,T571,1
2021-2024,F84_historico,solo_secundario,T578,1
2021-2024,F84_historico,solo_secundario,T592,1
2021-2024,F84_historico,solo_secundario,T600,1
2021-2024,F84_historico,solo_secundario,T603,1
2021-2024,F84_historico,solo_secundario,T639,1
2021-2024,F84_historico,solo_secundario,T843,1
2021-2024,F84_historico,solo_secundario,T670,1
2021-2024,F84_historico,solo_secundario,T740,1
2021-2024,F84_historico,solo_secundario,T743,1
2021-2024,F84_historico,solo_secundario,T782,1
2021-2024,F84_historico,solo_secundario,T784,1
2021-2024,F84_historico,solo_secundario,T793,1
2021-2024,F84_historico,solo_secundario,T797,1
2021-2024,F84_historico,solo_secundario,T811,1
2021-2024,F84_historico,solo_secundario,T821,1
2021-2024,F84_historico,solo_secundario,T828,1
2021-2024,F84_historico,solo_secundario,T829,1
2021-2024,F84_historico,solo_secundario,S853,1
2021-2024,F84_historico,solo_secundario,S837,1
2021-2024,F84_historico,solo_secundario,Q874,1
2021-2024,F84_historico,solo_secundario,S001,1
2021-2024,F84_historico,solo_secundario,S008,1
2021-2024,F84_historico,solo_secundario,S0201,1
2021-2024,F84_historico,solo_secundario,S0261,1
2021-2024,F84_historico,solo_secundario,S0290,1
2021-2024,F84_historico,solo_secundario,S032,1
2021-2024,F84_historico,solo_secundario,S045,1
2021-2024,F84_historico,solo_secundario,S051,1
2021-2024,F84_historico,solo_secundario,S054,1
2021-2024,F84_historico,solo_secundario,S056,1
2021-2024,F84_historico,solo_secundario,S059,1
2021-2024,F84_historico,solo_secundario,S0621,1
2021-2024,F84_historico,solo_secundario,S0681,1
2021-2024,F84_historico,solo_secundario,S0691,1
2021-2024,F84_historico,solo_secundario,S081,1
2021-2024,F84_historico,solo_secundario,S117,1
2021-2024,F84_historico,solo_secundario,S1270,1
2021-2024,F84_historico,solo_secundario,S131,1
2021-2024,F84_historico,solo_secundario,S134,1
2021-2024,F84_historico,solo_secundario,S141,1
2021-2024,F84_historico,solo_secundario,S142,1
2021-2024,F84_historico,solo_secundario,S199,1
2021-2024,F84_historico,solo_secundario,S211,1
2021-2024,F84_historico,solo_secundario,S217,1
2021-2024,F84_historico,solo_secundario,S2200,1
2021-2024,F84_historico,solo_secundario,S2210,1
2021-2024,F84_historico,solo_secundario,S003,1
2021-2024,F84_historico,solo_secundario,R91,1
2021-2024,F84_historico,solo_secundario,S835,1
2021-2024,F84_historico,solo_secundario,R571,1
2021-2024,F84_historico,solo_secundario,Q893,1
2021-2024,F84_historico,solo_secundario,Q898,1
2021-2024,F84_historico,solo_secundario,Q913,1
2021-2024,F84_historico,solo_secundario,Q923,1
2021-2024,F84_historico,solo_secundario,Q930,1
2021-2024,F84_historico,solo_secundario,Q969,1
2021-2024,F84_historico,solo_secundario,Q992,1
2021-2024,F84_historico,solo_secundario,Q998,1
2021-2024,F84_historico,solo_secundario,R001,1
2021-2024,F84_historico,solo_secundario,R042,1
2021-2024,F84_historico,solo_secundario,R05,1
2021-2024,F84_historico,solo_secundario,R072,1
2021-2024,F84_historico,solo_secundario,R074,1
2021-2024,F84_historico,solo_secundario,R090,1
2021-2024,F84_historico,solo_secundario,R15,1
2021-2024,F84_historico,solo_secundario,R17,1
2021-2024,F84_historico,solo_secundario,R230,1
2021-2024,F84_historico,solo_secundario,R250,1
2021-2024,F84_historico,solo_secundario,R260,1
2021-2024,F84_historico,solo_secundario,R298,1
2021-2024,F84_historico,solo_secundario,R33,1
2021-2024,F84_historico,solo_secundario,R400,1
2021-2024,F84_historico,solo_secundario,R42,1
2021-2024,F84_historico,solo_secundario,R440,1
2021-2024,F84_historico,solo_secundario,R443,1
2021-2024,F84_historico,solo_secundario,S2240,1
2021-2024,F84_historico,solo_secundario,S241,1
2021-2024,F84_historico,solo_secundario,S250,1
2021-2024,F84_historico,solo_secundario,S2721,1
2021-2024,F84_historico,solo_secundario,S564,1
2021-2024,F84_historico,solo_secundario,S598,1
2021-2024,F84_historico,solo_secundario,S607,1
2021-2024,F84_historico,solo_secundario,Q058,1
2021-2024,F84_historico,solo_secundario,S6231,1
2021-2024,F84_historico,solo_secundario,S6240,1
2021-2024,F84_historico,solo_secundario,S6250,1
2021-2024,F84_historico,solo_secundario,S630,1
2021-2024,F84_historico,solo_secundario,S640,1
2021-2024,F84_historico,solo_secundario,S641,1
2021-2024,F84_historico,solo_secundario,S663,1
2021-2024,F84_historico,solo_secundario,S670,1
2021-2024,F84_historico,solo_secundario,S698,1
2021-2024,F84_historico,solo_secundario,S700,1
2021-2024,F84_historico,solo_secundario,S7271,1
2021-2024,F84_historico,solo_secundario,S7291,1
2021-2024,F84_historico,solo_secundario,S797,1
2021-2024,F84_historico,solo_secundario,S800,1
2021-2024,F84_historico,solo_secundario,S818,1
2021-2024,F84_historico,solo_secundario,S8221,1
2021-2024,F84_historico,solo_secundario,S8251,1
2021-2024,F84_historico,solo_secundario,S8291,1
2021-2024,F84_historico,solo_secundario,S830,1
2021-2024,F84_historico,solo_secundario,S833,1
2021-2024,F84_historico,solo_secundario,S834,1
2021-2024,F84_historico,solo_secundario,S551,1
2021-2024,F84_historico,solo_secundario,S531,1
2021-2024,F84_historico,solo_secundario,S530,1
2021-2024,F84_historico,solo_secundario,S3710,1
2021-2024,F84_historico,solo_secundario,S314,1
2021-2024,F84_historico,solo_secundario,S3210,1
2021-2024,F84_historico,solo_secundario,S3230,1
2021-2024,F84_historico,solo_secundario,S3281,1
2021-2024,F84_historico,solo_secundario,S3600,1
2021-2024,F84_historico,solo_secundario,S3610,1
2021-2024,F84_historico,solo_secundario,S3631,1
2021-2024,F84_historico,solo_secundario,S3661,1
2021-2024,F84_historico,solo_secundario,S3680,1
2021-2024,F84_historico,solo_secundario,S3681,1
2021-2024,F84_historico,solo_secundario,S3700,1
2021-2024,F84_historico,solo_secundario,S3721,1
2021-2024,F84_historico,solo_secundario,S5291,1
2021-2024,F84_historico,solo_secundario,S417,1
2021-2024,F84_historico,solo_secundario,S4231,1
2021-2024,F84_historico,solo_secundario,S4241,1
2021-2024,F84_historico,solo_secundario,S4290,1
2021-2024,F84_historico,solo_secundario,S430,1
2021-2024,F84_historico,solo_secundario,S499,1
2021-2024,F84_historico,solo_secundario,S500,1
2021-2024,F84_historico,solo_secundario,S507,1
2021-2024,F84_historico,solo_secundario,S509,1
2021-2024,F84_historico,solo_secundario,S510,1
2021-2024,F84_historico,solo_secundario,S5201,1
2021-2024,F84_historico,solo_secundario,Q059,1
2021-2024,F84_historico,solo_secundario,K863,1
2021-2024,F84_historico,solo_secundario,Q057,1
2021-2024,F84_historico,solo_secundario,G062,1
2021-2024,F84_historico,solo_secundario,G360,1
2021-2024,F84_historico,solo_secundario,G310,1
2021-2024,F84_historico,solo_secundario,G122,1
2021-2024,F84_historico,solo_secundario,G120,1
2021-2024,F84_historico,solo_secundario,G118,1
2021-2024,F84_historico,solo_secundario,G113,1
2021-2024,F84_historico,solo_secundario,G08,1
2021-2024,F84_historico,solo_secundario,G051,1
2021-2024,F84_historico,solo_secundario,G379,1
2021-2024,F84_historico,solo_secundario,G040,1
2021-2024,F84_historico,solo_secundario,G003,1
2021-2024,F84_historico,solo_secundario,F99,1
2021-2024,F84_historico,solo_secundario,F989,1
2021-2024,F84_historico,solo_secundario,F981,1
2021-2024,F84_historico,solo_secundario,F958,1
2021-2024,F84_historico,solo_secundario,F948,1
2021-2024,F84_historico,solo_secundario,G378,1
2021-2024,F84_historico,solo_secundario,G406,1
2021-2024,F84_historico,solo_secundario,F910,1
2021-2024,F84_historico,solo_secundario,G561,1
2021-2024,F84_historico,solo_secundario,G724,1
2021-2024,F84_historico,solo_secundario,G723,1
2021-2024,F84_historico,solo_secundario,G719,1
2021-2024,F84_historico,solo_secundario,G709,1
2021-2024,F84_historico,solo_secundario,G702,1
2021-2024,F84_historico,solo_secundario,G628,1
2021-2024,F84_historico,solo_secundario,G619,1
2021-2024,F84_historico,solo_secundario,G530,1
2021-2024,F84_historico,solo_secundario,G407,1
2021-2024,F84_historico,solo_secundario,G521,1
2021-2024,F84_historico,solo_secundario,G472,1
2021-2024,F84_historico,solo_secundario,G459,1
2021-2024,F84_historico,solo_secundario,G453,1
2021-2024,F84_historico,solo_secundario,G440,1
2021-2024,F84_historico,solo_secundario,G438,1
2021-2024,F84_historico,solo_secundario,G412,1
2021-2024,F84_historico,solo_secundario,F938,1
2021-2024,F84_historico,solo_secundario,F808,1
2021-2024,F84_historico,solo_secundario,F121,1
2021-2024,F84_historico,solo_secundario,F228,1
2021-2024,F84_historico,solo_secundario,F400,1
2021-2024,F84_historico,solo_secundario,F380,1
2021-2024,F84_historico,solo_secundario,F331,1
2021-2024,F84_historico,solo_secundario,F310,1
2021-2024,F84_historico,solo_secundario,F252,1
2021-2024,F84_historico,solo_secundario,F251,1
2021-2024,F84_historico,solo_secundario,F231,1
2021-2024,F84_historico,solo_secundario,F203,1
2021-2024,F84_historico,solo_secundario,F413,1
2021-2024,F84_historico,solo_secundario,F199,1
2021-2024,F84_historico,solo_secundario,F198,1
2021-2024,F84_historico,solo_secundario,F197,1
2021-2024,F84_historico,solo_secundario,F190,1
2021-2024,F84_historico,solo_secundario,F133,1
2021-2024,F84_historico,solo_secundario,F129,1
2021-2024,F84_historico,solo_secundario,F127,1
2021-2024,F84_historico,solo_secundario,F401,1
2021-2024,F84_historico,solo_secundario,F438,1
2021-2024,F84_historico,solo_secundario,F789,1
2021-2024,F84_historico,solo_secundario,F688,1
2021-2024,F84_historico,solo_secundario,F788,1
2021-2024,F84_historico,solo_secundario,F720,1
2021-2024,F84_historico,solo_secundario,F719,1
2021-2024,F84_historico,solo_secundario,F718,1
2021-2024,F84_historico,solo_secundario,F710,1
2021-2024,F84_historico,solo_secundario,F700,1
2021-2024,F84_historico,solo_secundario,F69,1
2021-2024,F84_historico,solo_secundario,F649,1
2021-2024,F84_historico,solo_secundario,F444,1
2021-2024,F84_historico,solo_secundario,F630,1
2021-2024,F84_historico,solo_secundario,F61,1
2021-2024,F84_historico,solo_secundario,F513,1
2021-2024,F84_historico,solo_secundario,F509,1
2021-2024,F84_historico,solo_secundario,F502,1
2021-2024,F84_historico,solo_secundario,F458,1
2021-2024,F84_historico,solo_secundario,F451,1
2021-2024,F84_historico,solo_secundario,G800,1
2021-2024,F84_historico,solo_secundario,G808,1
2021-2024,F84_historico,solo_secundario,G820,1
2021-2024,F84_historico,solo_secundario,I10,1
2021-2024,F84_historico,solo_secundario,I214,1
2021-2024,F84_historico,solo_secundario,I211,1
2021-2024,F84_historico,solo_secundario,I209,1
2021-2024,F84_historico,solo_secundario,I200,1
2021-2024,F84_historico,solo_secundario,I158,1
2021-2024,F84_historico,solo_secundario,I151,1
2021-2024,F84_historico,solo_secundario,I129,1
2021-2024,F84_historico,solo_secundario,I080,1
2021-2024,F84_historico,solo_secundario,I269,1
2021-2024,F84_historico,solo_secundario,I029,1
2021-2024,F84_historico,solo_secundario,H950,1
2021-2024,F84_historico,solo_secundario,H908,1
2021-2024,F84_historico,solo_secundario,H819,1
2021-2024,F84_historico,solo_secundario,H729,1
2021-2024,F84_historico,solo_secundario,H728,1
2021-2024,F84_historico,solo_secundario,H708,1
2021-2024,F84_historico,solo_secundario,I219,1
2021-2024,F84_historico,solo_secundario,I270,1
2021-2024,F84_historico,solo_secundario,G822,1
2021-2024,F84_historico,solo_secundario,I408,1
2021-2024,F84_historico,solo_secundario,I489,1
2021-2024,F84_historico,solo_secundario,I479,1
2021-2024,F84_historico,solo_secundario,I470,1
2021-2024,F84_historico,solo_secundario,I461,1
2021-2024,F84_historico,solo_secundario,I459,1
2021-2024,F84_historico,solo_secundario,I422,1
2021-2024,F84_historico,solo_secundario,I409,1
2021-2024,F84_historico,solo_secundario,I372,1
2021-2024,F84_historico,solo_secundario,I272,1
2021-2024,F84_historico,solo_secundario,I352,1
2021-2024,F84_historico,solo_secundario,I351,1
2021-2024,F84_historico,solo_secundario,I340,1
2021-2024,F84_historico,solo_secundario,I319,1
2021-2024,F84_historico,solo_secundario,I313,1
2021-2024,F84_historico,solo_secundario,I309,1
2021-2024,F84_historico,solo_secundario,I301,1
2021-2024,F84_historico,solo_secundario,H702,1
2021-2024,F84_historico,solo_secundario,H701,1
2021-2024,F84_historico,solo_secundario,H608,1
2021-2024,F84_historico,solo_secundario,G950,1
2021-2024,F84_historico,solo_secundario,H024,1
2021-2024,F84_historico,solo_secundario,H001,1
2021-2024,F84_historico,solo_secundario,G98,1
2021-2024,F84_historico,solo_secundario,G972,1
2021-2024,F84_historico,solo_secundario,G961,1
2021-2024,F84_historico,solo_secundario,G958,1
2021-2024,F84_historico,solo_secundario,G952,1
2021-2024,F84_historico,solo_secundario,G948,1
2021-2024,F84_historico,solo_secundario,H600,1
2021-2024,F84_historico,solo_secundario,G942,1
2021-2024,F84_historico,solo_secundario,G941,1
2021-2024,F84_historico,solo_secundario,G939,1
2021-2024,F84_historico,solo_secundario,G936,1
2021-2024,F84_historico,solo_secundario,G92,1
2021-2024,F84_historico,solo_secundario,G911,1
2021-2024,F84_historico,solo_secundario,G839,1
2021-2024,F84_historico,solo_secundario,H028,1
2021-2024,F84_historico,solo_secundario,H043,1
2021-2024,F84_historico,solo_secundario,H045,1
2021-2024,F84_historico,solo_secundario,H131,1
2021-2024,F84_historico,solo_secundario,H490,1
2021-2024,F84_historico,solo_secundario,H471,1
2021-2024,F84_historico,solo_secundario,H470,1
2021-2024,F84_historico,solo_secundario,H431,1
2021-2024,F84_historico,solo_secundario,H408,1
2021-2024,F84_historico,solo_secundario,H405,1
2021-2024,F84_historico,solo_secundario,H334,1
2021-2024,F84_historico,solo_secundario,H333,1
2021-2024,F84_historico,solo_secundario,H268,1
2021-2024,F84_historico,solo_secundario,H262,1
2021-2024,F84_historico,solo_secundario,H260,1
2021-2024,F84_historico,solo_secundario,H259,1
2021-2024,F84_historico,solo_secundario,H208,1
2021-2024,F84_historico,solo_secundario,H160,1
2021-2024,F84_historico,solo_secundario,H158,1
2021-2024,F84_historico,solo_secundario,F125,1
2021-2024,F84_historico,solo_secundario,F115,1
2021-2024,F84_historico,solo_secundario,I498,1
2021-2024,F84_historico,solo_secundario,C224,1
2021-2024,F84_historico,solo_secundario,C509,1
2021-2024,F84_historico,solo_secundario,C491,1
2021-2024,F84_historico,solo_secundario,C490,1
2021-2024,F84_historico,solo_secundario,C433,1
2021-2024,F84_historico,solo_secundario,C410,1
2021-2024,F84_historico,solo_secundario,C384,1
2021-2024,F84_historico,solo_secundario,C229,1
2021-2024,F84_historico,solo_secundario,C20,1
2021-2024,F84_historico,solo_secundario,C692,1
2021-2024,F84_historico,solo_secundario,C169,1
2021-2024,F84_historico,solo_secundario,B99,1
2021-2024,F84_historico,solo_secundario,B909,1
2021-2024,F84_historico,solo_secundario,B829,1
2021-2024,F84_historico,solo_secundario,B351,1
2021-2024,F84_historico,solo_secundario,B301,1
2021-2024,F84_historico,solo_secundario,B300,1
2021-2024,F84_historico,solo_secundario,C64,1
2021-2024,F84_historico,solo_secundario,C696,1
2021-2024,F84_historico,solo_secundario,B178,1
2021-2024,F84_historico,solo_secundario,C859,1
2021-2024,F84_historico,solo_secundario,D105,1
2021-2024,F84_historico,solo_secundario,D101,1
2021-2024,F84_historico,solo_secundario,C960,1
2021-2024,F84_historico,solo_secundario,C957,1
2021-2024,F84_historico,solo_secundario,C921,1
2021-2024,F84_historico,solo_secundario,C920,1
2021-2024,F84_historico,solo_secundario,C911,1
2021-2024,F84_historico,solo_secundario,C857,1
2021-2024,F84_historico,solo_secundario,C720,1
2021-2024,F84_historico,solo_secundario,C821,1
2021-2024,F84_historico,solo_secundario,C819,1
2021-2024,F84_historico,solo_secundario,C812,1
2021-2024,F84_historico,solo_secundario,C787,1
2021-2024,F84_historico,solo_secundario,C751,1
2021-2024,F84_historico,solo_secundario,C729,1
2021-2024,F84_historico,solo_secundario,C723,1
2021-2024,F84_historico,solo_secundario,B269,1
2021-2024,F84_historico,solo_secundario,B169,1
2021-2024,F84_historico,solo_secundario,F105,1
2021-2024,F84_historico,solo_secundario,A150,1
2021-2024,F84_historico,solo_secundario,A370,1
2021-2024,F84_historico,solo_secundario,A281,1
2021-2024,F84_historico,solo_secundario,A279,1
2021-2024,F84_historico,solo_secundario,A260,1
2021-2024,F84_historico,solo_secundario,A239,1
2021-2024,F84_historico,solo_secundario,A156,1
2021-2024,F84_historico,solo_secundario,A152,1
2021-2024,F84_historico,solo_secundario,A085,1
2021-2024,F84_historico,solo_secundario,A392,1
2021-2024,F84_historico,solo_secundario,A046,1
2021-2024,F84_historico,solo_secundario,A042,1
2021-2024,F84_historico,solo_secundario,A038,1
2021-2024,F84_historico,solo_secundario,A021,1
2021-2024,F84_historico,principal_y_secundario,F845,1
2021-2024,F84_historico,principal_y_secundario,F842,1
2021-2024,F84_historico,principal,F843,1
2021-2024,F84_historico,solo_secundario,A390,1
2021-2024,F84_historico,solo_secundario,A403,1
2021-2024,F84_historico,solo_secundario,B159,1
2021-2024,F84_historico,solo_secundario,B000,1
2021-2024,F84_historico,solo_secundario,B088,1
2021-2024,F84_historico,solo_secundario,B082,1
2021-2024,F84_historico,solo_secundario,B07,1
2021-2024,F84_historico,solo_secundario,B027,1
2021-2024,F84_historico,solo_secundario,B012,1
2021-2024,F84_historico,solo_secundario,B005,1
2021-2024,F84_historico,solo_secundario,B004,1
2021-2024,F84_historico,solo_secundario,A90,1
2021-2024,F84_historico,solo_secundario,A411,1
2021-2024,F84_historico,solo_secundario,A879,1
2021-2024,F84_historico,solo_secundario,A858,1
2021-2024,F84_historico,solo_secundario,A850,1
2021-2024,F84_historico,solo_secundario,A522,1
2021-2024,F84_historico,solo_secundario,A498,1
2021-2024,F84_historico,solo_secundario,A490,1
2021-2024,F84_historico,solo_secundario,A415,1
2021-2024,F84_historico,solo_secundario,D106,1
2021-2024,F84_historico,solo_secundario,D119,1
2021-2024,F84_historico,solo_secundario,D126,1
2021-2024,F84_historico,solo_secundario,E100,1
2021-2024,F84_historico,solo_secundario,E272,1
2021-2024,F84_historico,solo_secundario,E236,1
2021-2024,F84_historico,solo_secundario,E222,1
2021-2024,F84_historico,solo_secundario,E211,1
2021-2024,F84_historico,solo_secundario,E148,1
2021-2024,F84_historico,solo_secundario,E145,1
2021-2024,F84_historico,solo_secundario,E118,1
2021-2024,F84_historico,solo_secundario,E060,1
2021-2024,F84_historico,solo_secundario,E343,1
2021-2024,F84_historico,solo_secundario,E059,1
2021-2024,F84_historico,solo_secundario,E041,1
2021-2024,F84_historico,solo_secundario,E031,1
2021-2024,F84_historico,solo_secundario,D899,1
2021-2024,F84_historico,solo_secundario,D763,1
2021-2024,F84_historico,solo_secundario,D721,1
2021-2024,F84_historico,solo_secundario,D71,1
2021-2024,F84_historico,solo_secundario,E308,1
2021-2024,F84_historico,solo_secundario,E41,1
2021-2024,F84_historico,solo_secundario,D134,1
2021-2024,F84_historico,solo_secundario,E848,1
2021-2024,F84_historico,solo_secundario,F103,1
2021-2024,F84_historico,solo_secundario,F067,1
2021-2024,F84_historico,solo_secundario,F065,1
2021-2024,F84_historico,solo_secundario,F063,1
2021-2024,F84_historico,solo_secundario,F062,1
2021-2024,F84_historico,solo_secundario,F050,1
2021-2024,F84_historico,solo_secundario,E850,1
2021-2024,F84_historico,solo_secundario,E761,1
2021-2024,F84_historico,solo_secundario,E440,1
2021-2024,F84_historico,solo_secundario,E740,1
2021-2024,F84_historico,solo_secundario,E722,1
2021-2024,F84_historico,solo_secundario,E711,1
2021-2024,F84_historico,solo_secundario,E669,1
2021-2024,F84_historico,solo_secundario,E507,1
2021-2024,F84_historico,solo_secundario,E45,1
2021-2024,F84_historico,solo_secundario,E441,1
2021-2024,F84_historico,solo_secundario,D698,1
2021-2024,F84_historico,solo_secundario,D689,1
2021-2024,F84_historico,solo_secundario,D688,1
2021-2024,F84_historico,solo_secundario,D211,1
2021-2024,F84_historico,solo_secundario,D293,1
2021-2024,F84_historico,solo_secundario,D287,1
2021-2024,F84_historico,solo_secundario,D252,1
2021-2024,F84_historico,solo_secundario,D24,1
2021-2024,F84_historico,solo_secundario,D239,1
2021-2024,F84_historico,solo_secundario,D223,1
2021-2024,F84_historico,solo_secundario,D214,1
2021-2024,F84_historico,solo_secundario,D180,1
2021-2024,F84_historico,solo_secundario,D684,1
2021-2024,F84_historico,solo_secundario,D176,1
2021-2024,F84_historico,solo_secundario,D175,1
2021-2024,F84_historico,solo_secundario,D167,1
2021-2024,F84_historico,solo_secundario,D164,1
2021-2024,F84_historico,solo_secundario,D161,1
2021-2024,F84_historico,solo_secundario,D152,1
2021-2024,F84_historico,solo_secundario,D141,1
2021-2024,F84_historico,solo_secundario,D329,1
2021-2024,F84_historico,solo_secundario,D334,1
2021-2024,F84_historico,solo_secundario,D337,1
2021-2024,F84_historico,solo_secundario,D370,1
2021-2024,F84_historico,solo_secundario,D683,1
2021-2024,F84_historico,solo_secundario,D539,1
2021-2024,F84_historico,solo_secundario,D538,1
2021-2024,F84_historico,solo_secundario,D529,1
2021-2024,F84_historico,solo_secundario,D510,1
2021-2024,F84_historico,solo_secundario,D500,1
2021-2024,F84_historico,solo_secundario,D484,1
2021-2024,F84_historico,solo_secundario,D441,1
2021-2024,F84_historico,solo_secundario,D440,1
2021-2024,F84_historico,solo_secundario,D434,1
2021-2024,F84_historico,solo_secundario,D431,1
2021-2024,F84_historico,solo_secundario,D420,1
2021-2024,F84_historico,solo_secundario,D414,1
2021-2024,F84_historico,solo_secundario,D410,1
2021-2024,F84_historico,solo_secundario,D374,1
2021-2024,F84_historico,solo_secundario,I495,1
2021-2024,F84_historico,solo_secundario,I509,1
2021-2024,F84_historico,solo_secundario,Q046,1
2021-2024,F84_historico,solo_secundario,M7134,1
2021-2024,F84_historico,solo_secundario,M8402,1
2021-2024,F84_historico,solo_secundario,M8098,1
2021-2024,F84_historico,solo_secundario,M7960,1
2021-2024,F84_historico,solo_secundario,M7954,1
2021-2024,F84_historico,solo_secundario,M7935,1
2021-2024,F84_historico,solo_secundario,M7605,1
2021-2024,F84_historico,solo_secundario,M7137,1
2021-2024,F84_historico,solo_secundario,M7075,1
2021-2024,F84_historico,solo_secundario,M8423,1
2021-2024,F84_historico,solo_secundario,M7022,1
2021-2024,F84_historico,solo_secundario,M674,1
2021-2024,F84_historico,solo_secundario,M6654,1
2021-2024,F84_historico,solo_secundario,M6597,1
2021-2024,F84_historico,solo_secundario,M6596,1
2021-2024,F84_historico,solo_secundario,M6515,1
2021-2024,F84_historico,solo_secundario,M6255,1
2021-2024,F84_historico,solo_secundario,M8416,1
2021-2024,F84_historico,solo_secundario,M8445,1
2021-2024,F84_historico,solo_secundario,M6096,1
2021-2024,F84_historico,solo_secundario,M8614,1
2021-2024,F84_historico,solo_secundario,M8684,1
2021-2024,F84_historico,solo_secundario,M8664,1
2021-2024,F84_historico,solo_secundario,M8648,1
2021-2024,F84_historico,solo_secundario,M8618,1
2021-2024,F84_historico,solo_secundario,M8617,1
2021-2024,F84_historico,solo_secundario,M8616,1
2021-2024,F84_historico,solo_secundario,M8615,1
2021-2024,F84_historico,solo_secundario,M8606,1
2021-2024,F84_historico,solo_secundario,M8502,1
2021-2024,F84_historico,solo_secundario,M8605,1
2021-2024,F84_historico,solo_secundario,M8588,1
2021-2024,F84_historico,solo_secundario,M8580,1
2021-2024,F84_historico,solo_secundario,M8562,1
2021-2024,F84_historico,solo_secundario,M8559,1
2021-2024,F84_historico,solo_secundario,M8555,1
2021-2024,F84_historico,solo_secundario,M8542,1
2021-2024,F84_historico,solo_secundario,M6246,1
2021-2024,F84_historico,solo_secundario,M6089,1
2021-2024,F84_historico,solo_secundario,M2359,1
2021-2024,F84_historico,solo_secundario,M2556,1
2021-2024,F84_historico,solo_secundario,M4129,1
2021-2024,F84_historico,solo_secundario,M4125,1
2021-2024,F84_historico,solo_secundario,M4110,1
2021-2024,F84_historico,solo_secundario,M4109,1
2021-2024,F84_historico,solo_secundario,M4015,1
2021-2024,F84_historico,solo_secundario,M358,1
2021-2024,F84_historico,solo_secundario,M321,1
2021-2024,F84_historico,solo_secundario,M2550,1
2021-2024,F84_historico,solo_secundario,M4146,1
2021-2024,F84_historico,solo_secundario,M2531,1
2021-2024,F84_historico,solo_secundario,M2508,1
2021-2024,F84_historico,solo_secundario,M2486,1
2021-2024,F84_historico,solo_secundario,M2448,1
2021-2024,F84_historico,solo_secundario,M2446,1
2021-2024,F84_historico,solo_secundario,M2445,1
2021-2024,F84_historico,solo_secundario,M2441,1
2021-2024,F84_historico,solo_secundario,M4144,1
2021-2024,F84_historico,solo_secundario,M4149,1
2021-2024,F84_historico,solo_secundario,M5459,1
2021-2024,F84_historico,solo_secundario,M4699,1
2021-2024,F84_historico,solo_secundario,M5449,1
2021-2024,F84_historico,solo_secundario,M5422,1
2021-2024,F84_historico,solo_secundario,M5338,1
2021-2024,F84_historico,solo_secundario,M512,1
2021-2024,F84_historico,solo_secundario,M511,1
2021-2024,F84_historico,solo_secundario,M4794,1
2021-2024,F84_historico,solo_secundario,M4788,1
2021-2024,F84_historico,solo_secundario,M4695,1
2021-2024,F84_historico,solo_secundario,M4155,1
2021-2024,F84_historico,solo_secundario,M4634,1
2021-2024,F84_historico,solo_secundario,M4624,1
2021-2024,F84_historico,solo_secundario,M4617,1
2021-2024,F84_historico,solo_secundario,M4317,1
2021-2024,F84_historico,solo_secundario,M4307,1
2021-2024,F84_historico,solo_secundario,M4205,1
2021-2024,F84_historico,solo_secundario,M4184,1
2021-2024,F84_historico,solo_secundario,M8688,1
2021-2024,F84_historico,solo_secundario,M8698,1
2021-2024,F84_historico,solo_secundario,M8699,1
2021-2024,F84_historico,solo_secundario,O339,1
2021-2024,F84_historico,solo_secundario,O622,1
2021-2024,F84_historico,solo_secundario,O620,1
2021-2024,F84_historico,solo_secundario,O610,1
2021-2024,F84_historico,solo_secundario,O601,1
2021-2024,F84_historico,solo_secundario,O470,1
2021-2024,F84_historico,solo_secundario,O368,1
2021-2024,F84_historico,solo_secundario,O363,1
2021-2024,F84_historico,solo_secundario,O280,1
2021-2024,F84_historico,solo_secundario,O664,1
2021-2024,F84_historico,solo_secundario,O266,1
2021-2024,F84_historico,solo_secundario,O240,1
2021-2024,F84_historico,solo_secundario,O233,1
2021-2024,F84_historico,solo_secundario,O230,1
2021-2024,F84_historico,solo_secundario,O218,1
2021-2024,F84_historico,solo_secundario,O121,1
2021-2024,F84_historico,solo_secundario,O064,1
2021-2024,F84_historico,solo_secundario,O641,1
2021-2024,F84_historico,solo_secundario,O668,1
2021-2024,F84_historico,solo_secundario,M8987,1
2021-2024,F84_historico,solo_secundario,O991,1
2021-2024,F84_historico,solo_secundario,Q044,1
2021-2024,F84_historico,solo_secundario,Q031,1
2021-2024,F84_historico,solo_secundario,P968,1
2021-2024,F84_historico,solo_secundario,P942,1
2021-2024,F84_historico,solo_secundario,P288,1
2021-2024,F84_historico,solo_secundario,P220,1
2021-2024,F84_historico,solo_secundario,O998,1
2021-2024,F84_historico,solo_secundario,O839,1
2021-2024,F84_historico,solo_secundario,O688,1
2021-2024,F84_historico,solo_secundario,O829,1
2021-2024,F84_historico,solo_secundario,O813,1
2021-2024,F84_historico,solo_secundario,O758,1
2021-2024,F84_historico,solo_secundario,O709,1
2021-2024,F84_historico,solo_secundario,O701,1
2021-2024,F84_historico,solo_secundario,O698,1
2021-2024,F84_historico,solo_secundario,O689,1
2021-2024,F84_historico,solo_secundario,O060,1
2021-2024,F84_historico,solo_secundario,O048,1
2021-2024,F84_historico,solo_secundario,O044,1
2021-2024,F84_historico,solo_secundario,N039,1
2021-2024,F84_historico,solo_secundario,N209,1
2021-2024,F84_historico,solo_secundario,N136,1
2021-2024,F84_historico,solo_secundario,N135,1
2021-2024,F84_historico,solo_secundario,N110,1
2021-2024,F84_historico,solo_secundario,N082,1
2021-2024,F84_historico,solo_secundario,N058,1
2021-2024,F84_historico,solo_secundario,N040,1
2021-2024,F84_historico,solo_secundario,N029,1
2021-2024,F84_historico,solo_secundario,O034,1
2021-2024,F84_historico,solo_secundario,N001,1
2021-2024,F84_historico,solo_secundario,M9971,1
2021-2024,F84_historico,solo_secundario,M952,1
2021-2024,F84_historico,solo_secundario,M9488,1
2021-2024,F84_historico,solo_secundario,M925,1
2021-2024,F84_historico,solo_secundario,M9135,1
2021-2024,F84_historico,solo_secundario,M8998,1
2021-2024,F84_historico,solo_secundario,N23,1
2021-2024,F84_historico,solo_secundario,N289,1
2021-2024,F84_historico,solo_secundario,N360,1
2021-2024,F84_historico,solo_secundario,N410,1
2021-2024,F84_historico,solo_secundario,N995,1
2021-2024,F84_historico,solo_secundario,N991,1
2021-2024,F84_historico,solo_secundario,N922,1
2021-2024,F84_historico,solo_secundario,N920,1
2021-2024,F84_historico,solo_secundario,N871,1
2021-2024,F84_historico,solo_secundario,N870,1
2021-2024,F84_historico,solo_secundario,N840,1
2021-2024,F84_historico,solo_secundario,N831,1
2021-2024,F84_historico,solo_secundario,N803,1
2021-2024,F84_historico,solo_secundario,N750,1
2021-2024,F84_historico,solo_secundario,N709,1
2021-2024,F84_historico,solo_secundario,N700,1
2021-2024,F84_historico,solo_secundario,N61,1
2021-2024,F84_historico,solo_secundario,N492,1
2021-2024,F84_historico,solo_secundario,N482,1
2021-2024,F84_historico,solo_secundario,M2361,1
2021-2024,F84_historico,solo_secundario,M2350,1
2021-2024,F84_historico,solo_secundario,I514,1
2021-2024,F84_historico,solo_secundario,J698,1
2021-2024,F84_historico,solo_secundario,J980,1
2021-2024,F84_historico,solo_secundario,J9619,1
2021-2024,F84_historico,solo_secundario,J9601,1
2021-2024,F84_historico,solo_secundario,J930,1
2021-2024,F84_historico,solo_secundario,J860,1
2021-2024,F84_historico,solo_secundario,J841,1
2021-2024,F84_historico,solo_secundario,J81,1
2021-2024,F84_historico,solo_secundario,J680,1
2021-2024,F84_historico,solo_secundario,K048,1
2021-2024,F84_historico,solo_secundario,J458,1
2021-2024,F84_historico,solo_secundario,J451,1
2021-2024,F84_historico,solo_secundario,J439,1
2021-2024,F84_historico,solo_secundario,J398,1
2021-2024,F84_historico,solo_secundario,J392,1
2021-2024,F84_historico,solo_secundario,J387,1
2021-2024,F84_historico,solo_secundario,J386,1
2021-2024,F84_historico,solo_secundario,K045,1
2021-2024,F84_historico,solo_secundario,K053,1
2021-2024,F84_historico,solo_secundario,J359,1
2021-2024,F84_historico,solo_secundario,K117,1
2021-2024,F84_historico,solo_secundario,K275,1
2021-2024,F84_historico,solo_secundario,K269,1
2021-2024,F84_historico,solo_secundario,K264,1
2021-2024,F84_historico,solo_secundario,K253,1
2021-2024,F84_historico,solo_secundario,K228,1
2021-2024,F84_historico,solo_secundario,K123,1
2021-2024,F84_historico,solo_secundario,K120,1
2021-2024,F84_historico,solo_secundario,K116,1
2021-2024,F84_historico,solo_secundario,K061,1
2021-2024,F84_historico,solo_secundario,K115,1
2021-2024,F84_historico,solo_secundario,K114,1
2021-2024,F84_historico,solo_secundario,K088,1
2021-2024,F84_historico,solo_secundario,K083,1
2021-2024,F84_historico,solo_secundario,K078,1
2021-2024,F84_historico,solo_secundario,K072,1
2021-2024,F84_historico,solo_secundario,K070,1
2021-2024,F84_historico,solo_secundario,J381,1
2021-2024,F84_historico,solo_secundario,J358,1
2021-2024,F84_historico,solo_secundario,M2322,1
2021-2024,F84_historico,solo_secundario,I635,1
2021-2024,F84_historico,solo_secundario,I714,1
2021-2024,F84_historico,solo_secundario,I712,1
2021-2024,F84_historico,solo_secundario,I7010,1
2021-2024,F84_historico,solo_secundario,I691,1
2021-2024,F84_historico,solo_secundario,I676,1
2021-2024,F84_historico,solo_secundario,I670,1
2021-2024,F84_historico,solo_secundario,I660,1
2021-2024,F84_historico,solo_secundario,I634,1
2021-2024,F84_historico,solo_secundario,I742,1
2021-2024,F84_historico,solo_secundario,I633,1
2021-2024,F84_historico,solo_secundario,I619,1
2021-2024,F84_historico,solo_secundario,I615,1
2021-2024,F84_historico,solo_secundario,I613,1
2021-2024,F84_historico,solo_secundario,I612,1
2021-2024,F84_historico,solo_secundario,I611,1
2021-2024,F84_historico,solo_secundario,I518,1
2021-2024,F84_historico,solo_secundario,I728,1
2021-2024,F84_historico,solo_secundario,I881,1
2021-2024,F84_historico,solo_secundario,J348,1
2021-2024,F84_historico,solo_secundario,J152,1
2021-2024,F84_historico,solo_secundario,J341,1
2021-2024,F84_historico,solo_secundario,J339,1
2021-2024,F84_historico,solo_secundario,J324,1
2021-2024,F84_historico,solo_secundario,J322,1
2021-2024,F84_historico,solo_secundario,J310,1
2021-2024,F84_historico,solo_secundario,J168,1
2021-2024,F84_historico,solo_secundario,J155,1
2021-2024,F84_historico,solo_secundario,J151,1
2021-2024,F84_historico,solo_secundario,I959,1
2021-2024,F84_historico,solo_secundario,J118,1
2021-2024,F84_historico,solo_secundario,J060,1
2021-2024,F84_historico,solo_secundario,J042,1
2021-2024,F84_historico,solo_secundario,J038,1
2021-2024,F84_historico,solo_secundario,J020,1
2021-2024,F84_historico,solo_secundario,J012,1
2021-2024,F84_historico,solo_secundario,J010,1
2021-2024,F84_historico,solo_secundario,K290,1
2021-2024,F84_historico,solo_secundario,K294,1
2021-2024,F84_historico,solo_secundario,K296,1
2021-2024,F84_historico,solo_secundario,L301,1
2021-2024,F84_historico,solo_secundario,L892,1
2021-2024,F84_historico,solo_secundario,L721,1
2021-2024,F84_historico,solo_secundario,L551,1
2021-2024,F84_historico,solo_secundario,L539,1
2021-2024,F84_historico,solo_secundario,L52,1
2021-2024,F84_historico,solo_secundario,L512,1
2021-2024,F84_historico,solo_secundario,L42,1
2021-2024,F84_historico,solo_secundario,L298,1
2021-2024,F84_historico,solo_secundario,L980,1
2021-2024,F84_historico,solo_secundario,L255,1
2021-2024,F84_historico,solo_secundario,L089,1
2021-2024,F84_historico,solo_secundario,L080,1
2021-2024,F84_historico,solo_secundario,L048,1
2021-2024,F84_historico,solo_secundario,L042,1
2021-2024,F84_historico,solo_secundario,L029,1
2021-2024,F84_historico,solo_secundario,K928,1
2021-2024,F84_historico,solo_secundario,L931,1
2021-2024,F84_historico,solo_secundario,L984,1
2021-2024,F84_historico,solo_secundario,K298,1
2021-2024,F84_historico,solo_secundario,M204,1
2021-2024,F84_historico,solo_secundario,M222,1
2021-2024,F84_historico,solo_secundario,M221,1
2021-2024,F84_historico,solo_secundario,M2187,1
2021-2024,F84_historico,solo_secundario,M2167,1
2021-2024,F84_historico,solo_secundario,M2154,1
2021-2024,F84_historico,solo_secundario,M2109,1
2021-2024,F84_historico,solo_secundario,M2107,1
2021-2024,F84_historico,solo_secundario,M171,1
2021-2024,F84_historico,solo_secundario,M0092,1
2021-2024,F84_historico,solo_secundario,M0897,1
2021-2024,F84_historico,solo_secundario,M0896,1
2021-2024,F84_historico,solo_secundario,M0890,1
2021-2024,F84_historico,solo_secundario,M0885,1
2021-2024,F84_historico,solo_secundario,M0829,1
2021-2024,F84_historico,solo_secundario,M0808,1
2021-2024,F84_historico,solo_secundario,M0640,1
2021-2024,F84_historico,solo_secundario,K921,1
2021-2024,F84_historico,solo_secundario,K911,1
2021-2024,F84_historico,solo_secundario,K909,1
2021-2024,F84_historico,solo_secundario,K513,1
2021-2024,F84_historico,solo_secundario,K628,1
2021-2024,F84_historico,solo_secundario,K580,1
2021-2024,F84_historico,solo_secundario,K573,1
2021-2024,F84_historico,solo_secundario,K560,1
2021-2024,F84_historico,solo_secundario,K523,1
2021-2024,F84_historico,solo_secundario,K521,1
2021-2024,F84_historico,solo_secundario,K515,1
2021-2024,F84_historico,solo_secundario,K508,1
2021-2024,F84_historico,solo_secundario,K908,1
2021-2024,F84_historico,solo_secundario,K460,1
2021-2024,F84_historico,solo_secundario,K440,1
2021-2024,F84_historico,solo_secundario,K419,1
2021-2024,F84_historico,solo_secundario,K318,1
2021-2024,F84_historico,solo_secundario,K314,1
2021-2024,F84_historico,solo_secundario,K311,1
2021-2024,F84_historico,solo_secundario,K30,1
2021-2024,F84_historico,solo_secundario,K635,1
2021-2024,F84_historico,solo_secundario,K643,1
2021-2024,F84_historico,solo_secundario,K658,1
2021-2024,F84_historico,solo_secundario,K660,1
2021-2024,F84_historico,solo_secundario,K900,1
2021-2024,F84_historico,mixto_mismo_dia,R451,1
2021-2024,F84_historico,solo_secundario,K853,1
2021-2024,F84_historico,solo_secundario,K838,1
2021-2024,F84_historico,solo_secundario,K831,1
2021-2024,F84_historico,solo_secundario,K830,1
2021-2024,F84_historico,solo_secundario,K828,1
2021-2024,F84_historico,solo_secundario,K824,1
2021-2024,F84_historico,solo_secundario,K819,1
2021-2024,F84_historico,solo_secundario,K811,1
2021-2024,F84_historico,solo_secundario,K721,1
2021-2024,F84_historico,solo_secundario,K712,1
2021-2024,F84_historico,solo_secundario,K703,1
2021-2024,F84_historico,solo_secundario,K668,1
2021-2024,F84_historico,solo_secundario,K661,1
2021-2024,F84_historico,solo_secundario,Z924,1
