year,definition,role,sex,age,records
2019,autismo_F840,principal,HOMBRE,2.0,2
2019,autismo_F840,principal,HOMBRE,3.0,5
2019,autismo_F840,principal,HOMBRE,4.0,6
2019,autismo_F840,principal,HOMBRE,5.0,6
2019,autismo_F840,principal,HOMBRE,6.0,6
2019,autismo_F840,principal,HOMBRE,7.0,3
2019,autismo_F840,principal,HOMBRE,8.0,7
2019,autismo_F840,principal,HOMBRE,9.0,4
2019,autismo_F840,principal,HOMBRE,10.0,5
2019,autismo_F840,principal,HOMBRE,11.0,6
2019,autismo_F840,principal,HOMBRE,12.0,11
2019,autismo_F840,principal,HOMBRE,13.0,14
2019,autismo_F840,principal,HOMBRE,14.0,13
2019,autismo_F840,principal,HOMBRE,15.0,9
2019,autismo_F840,principal,HOMBRE,16.0,8
2019,autismo_F840,principal,HOMBRE,17.0,7
2019,autismo_F840,principal,HOMBRE,18.0,4
2019,autismo_F840,principal,HOMBRE,19.0,1
2019,autismo_F840,principal,HOMBRE,20.0,1
2019,autismo_F840,principal,HOMBRE,21.0,1
2019,autismo_F840,principal,HOMBRE,22.0,1
2019,autismo_F840,principal,HOMBRE,23.0,1
2019,autismo_F840,principal,HOMBRE,25.0,2
2019,autismo_F840,principal,HOMBRE,27.0,1
2019,autismo_F840,principal,HOMBRE,29.0,1
2019,autismo_F840,principal,HOMBRE,31.0,1
2019,autismo_F840,principal,HOMBRE,55.0,1
2019,autismo_F840,principal,MUJER,2.0,2
2019,autismo_F840,principal,MUJER,3.0,2
2019,autismo_F840,principal,MUJER,4.0,1
2019,autismo_F840,principal,MUJER,5.0,1
2019,autismo_F840,principal,MUJER,8.0,2
2019,autismo_F840,principal,MUJER,10.0,1
2019,autismo_F840,principal,MUJER,11.0,2
2019,autismo_F840,principal,MUJER,12.0,6
2019,autismo_F840,principal,MUJER,13.0,2
2019,autismo_F840,principal,MUJER,15.0,1
2019,autismo_F840,principal,MUJER,17.0,1
2019,autismo_F840,principal,MUJER,18.0,1
2019,autismo_F840,principal,MUJER,24.0,1
2019,autismo_F840,solo_secundario,HOMBRE,0.0,1
2019,autismo_F840,solo_secundario,HOMBRE,1.0,6
2019,autismo_F840,solo_secundario,HOMBRE,2.0,57
2019,autismo_F840,solo_secundario,HOMBRE,3.0,83
2019,autismo_F840,solo_secundario,HOMBRE,4.0,93
2019,autismo_F840,solo_secundario,HOMBRE,5.0,93
2019,autismo_F840,solo_secundario,HOMBRE,6.0,71
2019,autismo_F840,solo_secundario,HOMBRE,7.0,83
2019,autismo_F840,solo_secundario,HOMBRE,8.0,68
2019,autismo_F840,solo_secundario,HOMBRE,9.0,63
2019,autismo_F840,solo_secundario,HOMBRE,10.0,54
2019,autismo_F840,solo_secundario,HOMBRE,11.0,26
2019,autismo_F840,solo_secundario,HOMBRE,12.0,41
2019,autismo_F840,solo_secundario,HOMBRE,13.0,38
2019,autismo_F840,solo_secundario,HOMBRE,14.0,31
2019,autismo_F840,solo_secundario,HOMBRE,15.0,27
2019,autismo_F840,solo_secundario,HOMBRE,16.0,16
2019,autismo_F840,solo_secundario,HOMBRE,17.0,14
2019,autismo_F840,solo_secundario,HOMBRE,18.0,16
2019,autismo_F840,solo_secundario,HOMBRE,19.0,13
2019,autismo_F840,solo_secundario,HOMBRE,20.0,6
2019,autismo_F840,solo_secundario,HOMBRE,21.0,8
2019,autismo_F840,solo_secundario,HOMBRE,22.0,2
2019,autismo_F840,solo_secundario,HOMBRE,23.0,2
2019,autismo_F840,solo_secundario,HOMBRE,24.0,4
2019,autismo_F840,solo_secundario,HOMBRE,25.0,7
2019,autismo_F840,solo_secundario,HOMBRE,26.0,3
2019,autismo_F840,solo_secundario,HOMBRE,27.0,5
2019,autismo_F840,solo_secundario,HOMBRE,28.0,4
2019,autismo_F840,solo_secundario,HOMBRE,29.0,2
2019,autismo_F840,solo_secundario,HOMBRE,30.0,4
2019,autismo_F840,solo_secundario,HOMBRE,31.0,4
2019,autismo_F840,solo_secundario,HOMBRE,32.0,5
2019,autismo_F840,solo_secundario,HOMBRE,34.0,1
2019,autismo_F840,solo_secundario,HOMBRE,35.0,5
2019,autismo_F840,solo_secundario,HOMBRE,36.0,1
2019,autismo_F840,solo_secundario,HOMBRE,38.0,1
2019,autismo_F840,solo_secundario,HOMBRE,39.0,1
2019,autismo_F840,solo_secundario,HOMBRE,40.0,2
2019,autismo_F840,solo_secundario,HOMBRE,41.0,1
2019,autismo_F840,solo_secundario,HOMBRE,43.0,1
2019,autismo_F840,solo_secundario,HOMBRE,46.0,1
2019,autismo_F840,solo_secundario,HOMBRE,47.0,1
2019,autismo_F840,solo_secundario,HOMBRE,51.0,1
2019,autismo_F840,solo_secundario,HOMBRE,59.0,1
2019,autismo_F840,solo_secundario,HOMBRE,63.0,1
2019,autismo_F840,solo_secundario,MUJER,1.0,3
2019,autismo_F840,solo_secundario,MUJER,2.0,13
2019,autismo_F840,solo_secundario,MUJER,3.0,26
2019,autismo_F840,solo_secundario,MUJER,4.0,16
2019,autismo_F840,solo_secundario,MUJER,5.0,24
2019,autismo_F840,solo_secundario,MUJER,6.0,16
2019,autismo_F840,solo_secundario,MUJER,7.0,13
2019,autismo_F840,solo_secundario,MUJER,8.0,28
2019,autismo_F840,solo_secundario,MUJER,9.0,8
2019,autismo_F840,solo_secundario,MUJER,10.0,16
2019,autismo_F840,solo_secundario,MUJER,11.0,18
2019,autismo_F840,solo_secundario,MUJER,12.0,15
2019,autismo_F840,solo_secundario,MUJER,13.0,16
2019,autismo_F840,solo_secundario,MUJER,14.0,20
2019,autismo_F840,solo_secundario,MUJER,15.0,9
2019,autismo_F840,solo_secundario,MUJER,16.0,2
2019,autismo_F840,solo_secundario,MUJER,17.0,6
2019,autismo_F840,solo_secundario,MUJER,18.0,2
2019,autismo_F840,solo_secundario,MUJER,19.0,6
2019,autismo_F840,solo_secundario,MUJER,20.0,1
2019,autismo_F840,solo_secundario,MUJER,21.0,1
2019,autismo_F840,solo_secundario,MUJER,22.0,4
2019,autismo_F840,solo_secundario,MUJER,23.0,1
2019,autismo_F840,solo_secundario,MUJER,24.0,2
2019,autismo_F840,solo_secundario,MUJER,25.0,1
2019,autismo_F840,solo_secundario,MUJER,27.0,1
2019,autismo_F840,solo_secundario,MUJER,28.0,1
2019,autismo_F840,solo_secundario,MUJER,30.0,2
2019,autismo_F840,solo_secundario,MUJER,31.0,1
2019,autismo_F840,solo_secundario,MUJER,32.0,2
2019,autismo_F840,solo_secundario,MUJER,36.0,1
2019,autismo_F840,solo_secundario,MUJER,44.0,1
2019,autismo_F840,solo_secundario,MUJER,51.0,1
2019,autismo_F840,solo_secundario,MUJER,57.0,3
2019,autismo_F840,solo_secundario,MUJER,68.0,1
2019,autismo_F840,solo_secundario,,11.0,1
2020,autismo_F840,principal,HOMBRE,2.0,1
2020,autismo_F840,principal,HOMBRE,3.0,1
2020,autismo_F840,principal,HOMBRE,4.0,2
2020,autismo_F840,principal,HOMBRE,5.0,2
2020,autismo_F840,principal,HOMBRE,6.0,3
2020,autismo_F840,principal,HOMBRE,7.0,2
2020,autismo_F840,principal,HOMBRE,8.0,1
2020,autismo_F840,principal,HOMBRE,9.0,9
2020,autismo_F840,principal,HOMBRE,10.0,9
2020,autismo_F840,principal,HOMBRE,11.0,6
2020,autismo_F840,principal,HOMBRE,12.0,2
2020,autismo_F840,principal,HOMBRE,13.0,8
2020,autismo_F840,principal,HOMBRE,14.0,6
2020,autismo_F840,principal,HOMBRE,15.0,12
2020,autismo_F840,principal,HOMBRE,16.0,4
2020,autismo_F840,principal,HOMBRE,17.0,6
2020,autismo_F840,principal,HOMBRE,18.0,6
2020,autismo_F840,principal,HOMBRE,19.0,4
2020,autismo_F840,principal,HOMBRE,22.0,2
2020,autismo_F840,principal,HOMBRE,23.0,1
2020,autismo_F840,principal,HOMBRE,25.0,2
2020,autismo_F840,principal,HOMBRE,26.0,1
2020,autismo_F840,principal,HOMBRE,33.0,1
2020,autismo_F840,principal,HOMBRE,34.0,1
2020,autismo_F840,principal,MUJER,4.0,2
2020,autismo_F840,principal,MUJER,6.0,2
2020,autismo_F840,principal,MUJER,10.0,2
2020,autismo_F840,principal,MUJER,11.0,1
2020,autismo_F840,principal,MUJER,12.0,1
2020,autismo_F840,principal,MUJER,13.0,3
2020,autismo_F840,principal,MUJER,14.0,2
2020,autismo_F840,principal,MUJER,15.0,1
2020,autismo_F840,principal,MUJER,16.0,1
2020,autismo_F840,principal,MUJER,17.0,2
2020,autismo_F840,principal,MUJER,18.0,1
2020,autismo_F840,principal,MUJER,21.0,3
2020,autismo_F840,principal,MUJER,22.0,1
2020,autismo_F840,solo_secundario,HOMBRE,0.0,2
2020,autismo_F840,solo_secundario,HOMBRE,1.0,8
2020,autismo_F840,solo_secundario,HOMBRE,2.0,27
2020,autismo_F840,solo_secundario,HOMBRE,3.0,66
2020,autismo_F840,solo_secundario,HOMBRE,4.0,57
2020,autismo_F840,solo_secundario,HOMBRE,5.0,57
2020,autismo_F840,solo_secundario,HOMBRE,6.0,61
2020,autismo_F840,solo_secundario,HOMBRE,7.0,42
2020,autismo_F840,solo_secundario,HOMBRE,8.0,41
2020,autismo_F840,solo_secundario,HOMBRE,9.0,44
2020,autismo_F840,solo_secundario,HOMBRE,10.0,53
2020,autismo_F840,solo_secundario,HOMBRE,11.0,36
2020,autismo_F840,solo_secundario,HOMBRE,12.0,36
2020,autismo_F840,solo_secundario,HOMBRE,13.0,31
2020,autismo_F840,solo_secundario,HOMBRE,14.0,45
2020,autismo_F840,solo_secundario,HOMBRE,15.0,27
2020,autismo_F840,solo_secundario,HOMBRE,16.0,13
2020,autismo_F840,solo_secundario,HOMBRE,17.0,18
2020,autismo_F840,solo_secundario,HOMBRE,18.0,15
2020,autismo_F840,solo_secundario,HOMBRE,19.0,5
2020,autismo_F840,solo_secundario,HOMBRE,20.0,2
2020,autismo_F840,solo_secundario,HOMBRE,21.0,5
2020,autismo_F840,solo_secundario,HOMBRE,22.0,11
2020,autismo_F840,solo_secundario,HOMBRE,23.0,5
2020,autismo_F840,solo_secundario,HOMBRE,25.0,3
2020,autismo_F840,solo_secundario,HOMBRE,26.0,4
2020,autismo_F840,solo_secundario,HOMBRE,27.0,3
2020,autismo_F840,solo_secundario,HOMBRE,29.0,1
2020,autismo_F840,solo_secundario,HOMBRE,30.0,3
2020,autismo_F840,solo_secundario,HOMBRE,31.0,4
2020,autismo_F840,solo_secundario,HOMBRE,32.0,2
2020,autismo_F840,solo_secundario,HOMBRE,33.0,1
2020,autismo_F840,solo_secundario,HOMBRE,34.0,2
2020,autismo_F840,solo_secundario,HOMBRE,35.0,2
2020,autismo_F840,solo_secundario,HOMBRE,36.0,1
2020,autismo_F840,solo_secundario,HOMBRE,40.0,1
2020,autismo_F840,solo_secundario,HOMBRE,41.0,2
2020,autismo_F840,solo_secundario,HOMBRE,44.0,1
2020,autismo_F840,solo_secundario,HOMBRE,45.0,1
2020,autismo_F840,solo_secundario,HOMBRE,46.0,1
2020,autismo_F840,solo_secundario,HOMBRE,50.0,1
2020,autismo_F840,solo_secundario,HOMBRE,66.0,1
2020,autismo_F840,solo_secundario,MUJER,0.0,1
2020,autismo_F840,solo_secundario,MUJER,1.0,3
2020,autismo_F840,solo_secundario,MUJER,2.0,7
2020,autismo_F840,solo_secundario,MUJER,3.0,9
2020,autismo_F840,solo_secundario,MUJER,4.0,25
2020,autismo_F840,solo_secundario,MUJER,5.0,16
2020,autismo_F840,solo_secundario,MUJER,6.0,14
2020,autismo_F840,solo_secundario,MUJER,7.0,10
2020,autismo_F840,solo_secundario,MUJER,8.0,22
2020,autismo_F840,solo_secundario,MUJER,9.0,14
2020,autismo_F840,solo_secundario,MUJER,10.0,7
2020,autismo_F840,solo_secundario,MUJER,11.0,14
2020,autismo_F840,solo_secundario,MUJER,12.0,15
2020,autismo_F840,solo_secundario,MUJER,13.0,14
2020,autismo_F840,solo_secundario,MUJER,14.0,11
2020,autismo_F840,solo_secundario,MUJER,15.0,10
2020,autismo_F840,solo_secundario,MUJER,16.0,7
2020,autismo_F840,solo_secundario,MUJER,17.0,3
2020,autismo_F840,solo_secundario,MUJER,18.0,4
2020,autismo_F840,solo_secundario,MUJER,19.0,2
2020,autismo_F840,solo_secundario,MUJER,24.0,1
2020,autismo_F840,solo_secundario,MUJER,26.0,1
2020,autismo_F840,solo_secundario,MUJER,27.0,1
2020,autismo_F840,solo_secundario,MUJER,28.0,3
2020,autismo_F840,solo_secundario,MUJER,29.0,2
2020,autismo_F840,solo_secundario,MUJER,31.0,2
2020,autismo_F840,solo_secundario,MUJER,33.0,2
2020,autismo_F840,solo_secundario,MUJER,37.0,4
2020,autismo_F840,solo_secundario,MUJER,39.0,1
2020,autismo_F840,solo_secundario,MUJER,40.0,1
2020,autismo_F840,solo_secundario,MUJER,43.0,1
2020,autismo_F840,solo_secundario,MUJER,63.0,1
2020,autismo_F840,solo_secundario,MUJER,72.0,1
2021,autismo_F840,principal,HOMBRE,1.0,1
2021,autismo_F840,principal,HOMBRE,2.0,5
2021,autismo_F840,principal,HOMBRE,3.0,5
2021,autismo_F840,principal,HOMBRE,4.0,1
2021,autismo_F840,principal,HOMBRE,5.0,6
2021,autismo_F840,principal,HOMBRE,6.0,4
2021,autismo_F840,principal,HOMBRE,8.0,6
2021,autismo_F840,principal,HOMBRE,9.0,1
2021,autismo_F840,principal,HOMBRE,10.0,2
2021,autismo_F840,principal,HOMBRE,11.0,4
2021,autismo_F840,principal,HOMBRE,12.0,5
2021,autismo_F840,principal,HOMBRE,13.0,7
2021,autismo_F840,principal,HOMBRE,14.0,6
2021,autismo_F840,principal,HOMBRE,15.0,8
2021,autismo_F840,principal,HOMBRE,16.0,8
2021,autismo_F840,principal,HOMBRE,17.0,2
2021,autismo_F840,principal,HOMBRE,18.0,4
2021,autismo_F840,principal,HOMBRE,19.0,8
2021,autismo_F840,principal,HOMBRE,20.0,4
2021,autismo_F840,principal,HOMBRE,21.0,5
2021,autismo_F840,principal,HOMBRE,22.0,2
2021,autismo_F840,principal,HOMBRE,23.0,1
2021,autismo_F840,principal,HOMBRE,24.0,1
2021,autismo_F840,principal,HOMBRE,25.0,3
2021,autismo_F840,principal,HOMBRE,26.0,3
2021,autismo_F840,principal,HOMBRE,29.0,1
2021,autismo_F840,principal,HOMBRE,30.0,1
2021,autismo_F840,principal,HOMBRE,31.0,3
2021,autismo_F840,principal,HOMBRE,32.0,1
2021,autismo_F840,principal,HOMBRE,34.0,1
2021,autismo_F840,principal,HOMBRE,36.0,2
2021,autismo_F840,principal,HOMBRE,37.0,1
2021,autismo_F840,principal,MUJER,1.0,3
2021,autismo_F840,principal,MUJER,2.0,2
2021,autismo_F840,principal,MUJER,3.0,3
2021,autismo_F840,principal,MUJER,5.0,2
2021,autismo_F840,principal,MUJER,7.0,2
2021,autismo_F840,principal,MUJER,8.0,1
2021,autismo_F840,principal,MUJER,9.0,1
2021,autismo_F840,principal,MUJER,10.0,1
2021,autismo_F840,principal,MUJER,11.0,2
2021,autismo_F840,principal,MUJER,12.0,3
2021,autismo_F840,principal,MUJER,13.0,3
2021,autismo_F840,principal,MUJER,14.0,2
2021,autismo_F840,principal,MUJER,15.0,1
2021,autismo_F840,principal,MUJER,19.0,1
2021,autismo_F840,solo_secundario,HOMBRE,0.0,1
2021,autismo_F840,solo_secundario,HOMBRE,1.0,14
2021,autismo_F840,solo_secundario,HOMBRE,2.0,79
2021,autismo_F840,solo_secundario,HOMBRE,3.0,95
2021,autismo_F840,solo_secundario,HOMBRE,4.0,105
2021,autismo_F840,solo_secundario,HOMBRE,5.0,101
2021,autismo_F840,solo_secundario,HOMBRE,6.0,119
2021,autismo_F840,solo_secundario,HOMBRE,7.0,86
2021,autismo_F840,solo_secundario,HOMBRE,8.0,97
2021,autismo_F840,solo_secundario,HOMBRE,9.0,63
2021,autismo_F840,solo_secundario,HOMBRE,10.0,68
2021,autismo_F840,solo_secundario,HOMBRE,11.0,81
2021,autismo_F840,solo_secundario,HOMBRE,12.0,69
2021,autismo_F840,solo_secundario,HOMBRE,13.0,56
2021,autismo_F840,solo_secundario,HOMBRE,14.0,50
2021,autismo_F840,solo_secundario,HOMBRE,15.0,33
2021,autismo_F840,solo_secundario,HOMBRE,16.0,29
2021,autismo_F840,solo_secundario,HOMBRE,17.0,22
2021,autismo_F840,solo_secundario,HOMBRE,18.0,12
2021,autismo_F840,solo_secundario,HOMBRE,19.0,15
2021,autismo_F840,solo_secundario,HOMBRE,20.0,16
2021,autismo_F840,solo_secundario,HOMBRE,21.0,5
2021,autismo_F840,solo_secundario,HOMBRE,22.0,5
2021,autismo_F840,solo_secundario,HOMBRE,23.0,4
2021,autismo_F840,solo_secundario,HOMBRE,24.0,6
2021,autismo_F840,solo_secundario,HOMBRE,25.0,7
2021,autismo_F840,solo_secundario,HOMBRE,26.0,6
2021,autismo_F840,solo_secundario,HOMBRE,27.0,4
2021,autismo_F840,solo_secundario,HOMBRE,28.0,9
2021,autismo_F840,solo_secundario,HOMBRE,29.0,10
2021,autismo_F840,solo_secundario,HOMBRE,30.0,5
2021,autismo_F840,solo_secundario,HOMBRE,31.0,2
2021,autismo_F840,solo_secundario,HOMBRE,32.0,3
2021,autismo_F840,solo_secundario,HOMBRE,33.0,3
2021,autismo_F840,solo_secundario,HOMBRE,35.0,5
2021,autismo_F840,solo_secundario,HOMBRE,36.0,2
2021,autismo_F840,solo_secundario,HOMBRE,37.0,1
2021,autismo_F840,solo_secundario,HOMBRE,38.0,1
2021,autismo_F840,solo_secundario,HOMBRE,39.0,3
2021,autismo_F840,solo_secundario,HOMBRE,42.0,1
2021,autismo_F840,solo_secundario,HOMBRE,44.0,1
2021,autismo_F840,solo_secundario,HOMBRE,45.0,1
2021,autismo_F840,solo_secundario,HOMBRE,46.0,2
2021,autismo_F840,solo_secundario,HOMBRE,47.0,1
2021,autismo_F840,solo_secundario,HOMBRE,51.0,3
2021,autismo_F840,solo_secundario,HOMBRE,52.0,1
2021,autismo_F840,solo_secundario,HOMBRE,54.0,1
2021,autismo_F840,solo_secundario,HOMBRE,64.0,1
2021,autismo_F840,solo_secundario,HOMBRE,66.0,1
2021,autismo_F840,solo_secundario,HOMBRE,69.0,2
2021,autismo_F840,solo_secundario,HOMBRE,74.0,2
2021,autismo_F840,solo_secundario,HOMBRE,82.0,1
2021,autismo_F840,solo_secundario,MUJER,1.0,7
2021,autismo_F840,solo_secundario,MUJER,2.0,22
2021,autismo_F840,solo_secundario,MUJER,3.0,30
2021,autismo_F840,solo_secundario,MUJER,4.0,21
2021,autismo_F840,solo_secundario,MUJER,5.0,28
2021,autismo_F840,solo_secundario,MUJER,6.0,26
2021,autismo_F840,solo_secundario,MUJER,7.0,14
2021,autismo_F840,solo_secundario,MUJER,8.0,24
2021,autismo_F840,solo_secundario,MUJER,9.0,9
2021,autismo_F840,solo_secundario,MUJER,10.0,13
2021,autismo_F840,solo_secundario,MUJER,11.0,24
2021,autismo_F840,solo_secundario,MUJER,12.0,34
2021,autismo_F840,solo_secundario,MUJER,13.0,37
2021,autismo_F840,solo_secundario,MUJER,14.0,33
2021,autismo_F840,solo_secundario,MUJER,15.0,21
2021,autismo_F840,solo_secundario,MUJER,16.0,6
2021,autismo_F840,solo_secundario,MUJER,17.0,10
2021,autismo_F840,solo_secundario,MUJER,18.0,8
2021,autismo_F840,solo_secundario,MUJER,19.0,4
2021,autismo_F840,solo_secundario,MUJER,20.0,4
2021,autismo_F840,solo_secundario,MUJER,22.0,1
2021,autismo_F840,solo_secundario,MUJER,24.0,1
2021,autismo_F840,solo_secundario,MUJER,25.0,4
2021,autismo_F840,solo_secundario,MUJER,27.0,3
2021,autismo_F840,solo_secundario,MUJER,28.0,3
2021,autismo_F840,solo_secundario,MUJER,31.0,1
2021,autismo_F840,solo_secundario,MUJER,32.0,2
2021,autismo_F840,solo_secundario,MUJER,33.0,1
2021,autismo_F840,solo_secundario,MUJER,35.0,1
2021,autismo_F840,solo_secundario,MUJER,36.0,1
2021,autismo_F840,solo_secundario,MUJER,38.0,1
2021,autismo_F840,solo_secundario,MUJER,41.0,1
2021,autismo_F840,solo_secundario,MUJER,48.0,1
2021,autismo_F840,solo_secundario,MUJER,50.0,1
2021,autismo_F840,solo_secundario,MUJER,52.0,1
2021,autismo_F840,solo_secundario,,6.0,1
2022,autismo_F840,principal,HOMBRE,1.0,1
2022,autismo_F840,principal,HOMBRE,2.0,1
2022,autismo_F840,principal,HOMBRE,3.0,12
2022,autismo_F840,principal,HOMBRE,4.0,7
2022,autismo_F840,principal,HOMBRE,5.0,3
2022,autismo_F840,principal,HOMBRE,6.0,7
2022,autismo_F840,principal,HOMBRE,7.0,4
2022,autismo_F840,principal,HOMBRE,8.0,5
2022,autismo_F840,principal,HOMBRE,9.0,3
2022,autismo_F840,principal,HOMBRE,10.0,7
2022,autismo_F840,principal,HOMBRE,11.0,11
2022,autismo_F840,principal,HOMBRE,12.0,8
2022,autismo_F840,principal,HOMBRE,13.0,9
2022,autismo_F840,principal,HOMBRE,14.0,20
2022,autismo_F840,principal,HOMBRE,15.0,11
2022,autismo_F840,principal,HOMBRE,16.0,7
2022,autismo_F840,principal,HOMBRE,17.0,9
2022,autismo_F840,principal,HOMBRE,18.0,3
2022,autismo_F840,principal,HOMBRE,19.0,1
2022,autismo_F840,principal,HOMBRE,20.0,10
2022,autismo_F840,principal,HOMBRE,21.0,1
2022,autismo_F840,principal,HOMBRE,22.0,3
2022,autismo_F840,principal,HOMBRE,23.0,2
2022,autismo_F840,principal,HOMBRE,26.0,2
2022,autismo_F840,principal,HOMBRE,27.0,1
2022,autismo_F840,principal,HOMBRE,29.0,1
2022,autismo_F840,principal,HOMBRE,30.0,3
2022,autismo_F840,principal,HOMBRE,36.0,1
2022,autismo_F840,principal,HOMBRE,38.0,1
2022,autismo_F840,principal,HOMBRE,47.0,1
2022,autismo_F840,principal,MUJER,2.0,1
2022,autismo_F840,principal,MUJER,3.0,1
2022,autismo_F840,principal,MUJER,4.0,1
2022,autismo_F840,principal,MUJER,6.0,2
2022,autismo_F840,principal,MUJER,7.0,1
2022,autismo_F840,principal,MUJER,9.0,1
2022,autismo_F840,principal,MUJER,10.0,1
2022,autismo_F840,principal,MUJER,11.0,8
2022,autismo_F840,principal,MUJER,12.0,7
2022,autismo_F840,principal,MUJER,13.0,8
2022,autismo_F840,principal,MUJER,14.0,7
2022,autismo_F840,principal,MUJER,15.0,3
2022,autismo_F840,principal,MUJER,16.0,2
2022,autismo_F840,principal,MUJER,17.0,1
2022,autismo_F840,principal,MUJER,19.0,1
2022,autismo_F840,principal,MUJER,26.0,1
2022,autismo_F840,principal,MUJER,31.0,1
2022,autismo_F840,solo_secundario,HOMBRE,0.0,2
2022,autismo_F840,solo_secundario,HOMBRE,1.0,33
2022,autismo_F840,solo_secundario,HOMBRE,2.0,121
2022,autismo_F840,solo_secundario,HOMBRE,3.0,193
2022,autismo_F840,solo_secundario,HOMBRE,4.0,218
2022,autismo_F840,solo_secundario,HOMBRE,5.0,207
2022,autismo_F840,solo_secundario,HOMBRE,6.0,173
2022,autismo_F840,solo_secundario,HOMBRE,7.0,144
2022,autismo_F840,solo_secundario,HOMBRE,8.0,150
2022,autismo_F840,solo_secundario,HOMBRE,9.0,111
2022,autismo_F840,solo_secundario,HOMBRE,10.0,96
2022,autismo_F840,solo_secundario,HOMBRE,11.0,102
2022,autismo_F840,solo_secundario,HOMBRE,12.0,74
2022,autismo_F840,solo_secundario,HOMBRE,13.0,96
2022,autismo_F840,solo_secundario,HOMBRE,14.0,92
2022,autismo_F840,solo_secundario,HOMBRE,15.0,76
2022,autismo_F840,solo_secundario,HOMBRE,16.0,51
2022,autismo_F840,solo_secundario,HOMBRE,17.0,27
2022,autismo_F840,solo_secundario,HOMBRE,18.0,24
2022,autismo_F840,solo_secundario,HOMBRE,19.0,20
2022,autismo_F840,solo_secundario,HOMBRE,20.0,15
2022,autismo_F840,solo_secundario,HOMBRE,21.0,10
2022,autismo_F840,solo_secundario,HOMBRE,22.0,6
2022,autismo_F840,solo_secundario,HOMBRE,23.0,5
2022,autismo_F840,solo_secundario,HOMBRE,24.0,10
2022,autismo_F840,solo_secundario,HOMBRE,25.0,3
2022,autismo_F840,solo_secundario,HOMBRE,26.0,10
2022,autismo_F840,solo_secundario,HOMBRE,27.0,6
2022,autismo_F840,solo_secundario,HOMBRE,28.0,10
2022,autismo_F840,solo_secundario,HOMBRE,29.0,8
2022,autismo_F840,solo_secundario,HOMBRE,30.0,2
2022,autismo_F840,solo_secundario,HOMBRE,31.0,8
2022,autismo_F840,solo_secundario,HOMBRE,32.0,7
2022,autismo_F840,solo_secundario,HOMBRE,33.0,3
2022,autismo_F840,solo_secundario,HOMBRE,34.0,2
2022,autismo_F840,solo_secundario,HOMBRE,35.0,2
2022,autismo_F840,solo_secundario,HOMBRE,36.0,1
2022,autismo_F840,solo_secundario,HOMBRE,37.0,6
2022,autismo_F840,solo_secundario,HOMBRE,38.0,5
2022,autismo_F840,solo_secundario,HOMBRE,39.0,1
2022,autismo_F840,solo_secundario,HOMBRE,40.0,1
2022,autismo_F840,solo_secundario,HOMBRE,41.0,2
2022,autismo_F840,solo_secundario,HOMBRE,42.0,2
2022,autismo_F840,solo_secundario,HOMBRE,43.0,3
2022,autismo_F840,solo_secundario,HOMBRE,44.0,1
2022,autismo_F840,solo_secundario,HOMBRE,47.0,2
2022,autismo_F840,solo_secundario,HOMBRE,48.0,2
2022,autismo_F840,solo_secundario,HOMBRE,53.0,1
2022,autismo_F840,solo_secundario,HOMBRE,60.0,1
2022,autismo_F840,solo_secundario,HOMBRE,63.0,1
2022,autismo_F840,solo_secundario,HOMBRE,78.0,1
2022,autismo_F840,solo_secundario,MUJER,1.0,11
2022,autismo_F840,solo_secundario,MUJER,2.0,49
2022,autismo_F840,solo_secundario,MUJER,3.0,64
2022,autismo_F840,solo_secundario,MUJER,4.0,66
2022,autismo_F840,solo_secundario,MUJER,5.0,44
2022,autismo_F840,solo_secundario,MUJER,6.0,28
2022,autismo_F840,solo_secundario,MUJER,7.0,27
2022,autismo_F840,solo_secundario,MUJER,8.0,31
2022,autismo_F840,solo_secundario,MUJER,9.0,25
2022,autismo_F840,solo_secundario,MUJER,10.0,16
2022,autismo_F840,solo_secundario,MUJER,11.0,22
2022,autismo_F840,solo_secundario,MUJER,12.0,46
2022,autismo_F840,solo_secundario,MUJER,13.0,55
2022,autismo_F840,solo_secundario,MUJER,14.0,67
2022,autismo_F840,solo_secundario,MUJER,15.0,37
2022,autismo_F840,solo_secundario,MUJER,16.0,26
2022,autismo_F840,solo_secundario,MUJER,17.0,24
2022,autismo_F840,solo_secundario,MUJER,18.0,14
2022,autismo_F840,solo_secundario,MUJER,19.0,4
2022,autismo_F840,solo_secundario,MUJER,20.0,4
2022,autismo_F840,solo_secundario,MUJER,21.0,2
2022,autismo_F840,solo_secundario,MUJER,22.0,5
2022,autismo_F840,solo_secundario,MUJER,23.0,8
2022,autismo_F840,solo_secundario,MUJER,24.0,4
2022,autismo_F840,solo_secundario,MUJER,25.0,5
2022,autismo_F840,solo_secundario,MUJER,26.0,1
2022,autismo_F840,solo_secundario,MUJER,27.0,1
2022,autismo_F840,solo_secundario,MUJER,28.0,2
2022,autismo_F840,solo_secundario,MUJER,29.0,3
2022,autismo_F840,solo_secundario,MUJER,31.0,3
2022,autismo_F840,solo_secundario,MUJER,33.0,2
2022,autismo_F840,solo_secundario,MUJER,34.0,1
2022,autismo_F840,solo_secundario,MUJER,35.0,1
2022,autismo_F840,solo_secundario,MUJER,36.0,2
2022,autismo_F840,solo_secundario,MUJER,37.0,2
2022,autismo_F840,solo_secundario,MUJER,41.0,1
2022,autismo_F840,solo_secundario,MUJER,45.0,1
2022,autismo_F840,solo_secundario,MUJER,47.0,3
2022,autismo_F840,solo_secundario,MUJER,55.0,1
2022,autismo_F840,solo_secundario,MUJER,58.0,1
2022,autismo_F840,solo_secundario,MUJER,65.0,1
2022,autismo_F840,solo_secundario,MUJER,66.0,1
2022,autismo_F840,solo_secundario,MUJER,76.0,1
2023,autismo_F840,principal,HOMBRE,2.0,2
2023,autismo_F840,principal,HOMBRE,3.0,6
2023,autismo_F840,principal,HOMBRE,4.0,3
2023,autismo_F840,principal,HOMBRE,5.0,2
2023,autismo_F840,principal,HOMBRE,6.0,3
2023,autismo_F840,principal,HOMBRE,7.0,8
2023,autismo_F840,principal,HOMBRE,8.0,3
2023,autismo_F840,principal,HOMBRE,9.0,9
2023,autismo_F840,principal,HOMBRE,10.0,7
2023,autismo_F840,principal,HOMBRE,11.0,7
2023,autismo_F840,principal,HOMBRE,12.0,10
2023,autismo_F840,principal,HOMBRE,13.0,18
2023,autismo_F840,principal,HOMBRE,14.0,7
2023,autismo_F840,principal,HOMBRE,15.0,25
2023,autismo_F840,principal,HOMBRE,16.0,36
2023,autismo_F840,principal,HOMBRE,17.0,11
2023,autismo_F840,principal,HOMBRE,18.0,2
2023,autismo_F840,principal,HOMBRE,19.0,2
2023,autismo_F840,principal,HOMBRE,20.0,3
2023,autismo_F840,principal,HOMBRE,21.0,3
2023,autismo_F840,principal,HOMBRE,22.0,4
2023,autismo_F840,principal,HOMBRE,23.0,2
2023,autismo_F840,principal,HOMBRE,25.0,2
2023,autismo_F840,principal,HOMBRE,30.0,3
2023,autismo_F840,principal,HOMBRE,31.0,2
2023,autismo_F840,principal,HOMBRE,33.0,1
2023,autismo_F840,principal,HOMBRE,36.0,1
2023,autismo_F840,principal,HOMBRE,37.0,1
2023,autismo_F840,principal,MUJER,1.0,2
2023,autismo_F840,principal,MUJER,2.0,3
2023,autismo_F840,principal,MUJER,3.0,4
2023,autismo_F840,principal,MUJER,4.0,1
2023,autismo_F840,principal,MUJER,5.0,3
2023,autismo_F840,principal,MUJER,6.0,4
2023,autismo_F840,principal,MUJER,7.0,4
2023,autismo_F840,principal,MUJER,8.0,1
2023,autismo_F840,principal,MUJER,9.0,1
2023,autismo_F840,principal,MUJER,10.0,1
2023,autismo_F840,principal,MUJER,11.0,5
2023,autismo_F840,principal,MUJER,12.0,5
2023,autismo_F840,principal,MUJER,13.0,6
2023,autismo_F840,principal,MUJER,14.0,10
2023,autismo_F840,principal,MUJER,15.0,5
2023,autismo_F840,principal,MUJER,16.0,7
2023,autismo_F840,principal,MUJER,17.0,3
2023,autismo_F840,principal,MUJER,18.0,1
2023,autismo_F840,principal,MUJER,19.0,1
2023,autismo_F840,principal,MUJER,20.0,1
2023,autismo_F840,principal,MUJER,25.0,1
2023,autismo_F840,principal,MUJER,32.0,1
2023,autismo_F840,solo_secundario,HOMBRE,0.0,2
2023,autismo_F840,solo_secundario,HOMBRE,1.0,50
2023,autismo_F840,solo_secundario,HOMBRE,2.0,154
2023,autismo_F840,solo_secundario,HOMBRE,3.0,321
2023,autismo_F840,solo_secundario,HOMBRE,4.0,380
2023,autismo_F840,solo_secundario,HOMBRE,5.0,312
2023,autismo_F840,solo_secundario,HOMBRE,6.0,349
2023,autismo_F840,solo_secundario,HOMBRE,7.0,258
2023,autismo_F840,solo_secundario,HOMBRE,8.0,187
2023,autismo_F840,solo_secundario,HOMBRE,9.0,215
2023,autismo_F840,solo_secundario,HOMBRE,10.0,164
2023,autismo_F840,solo_secundario,HOMBRE,11.0,131
2023,autismo_F840,solo_secundario,HOMBRE,12.0,161
2023,autismo_F840,solo_secundario,HOMBRE,13.0,130
2023,autismo_F840,solo_secundario,HOMBRE,14.0,159
2023,autismo_F840,solo_secundario,HOMBRE,15.0,119
2023,autismo_F840,solo_secundario,HOMBRE,16.0,95
2023,autismo_F840,solo_secundario,HOMBRE,17.0,92
2023,autismo_F840,solo_secundario,HOMBRE,18.0,45
2023,autismo_F840,solo_secundario,HOMBRE,19.0,29
2023,autismo_F840,solo_secundario,HOMBRE,20.0,31
2023,autismo_F840,solo_secundario,HOMBRE,21.0,32
2023,autismo_F840,solo_secundario,HOMBRE,22.0,17
2023,autismo_F840,solo_secundario,HOMBRE,23.0,15
2023,autismo_F840,solo_secundario,HOMBRE,24.0,10
2023,autismo_F840,solo_secundario,HOMBRE,25.0,14
2023,autismo_F840,solo_secundario,HOMBRE,26.0,5
2023,autismo_F840,solo_secundario,HOMBRE,27.0,13
2023,autismo_F840,solo_secundario,HOMBRE,28.0,10
2023,autismo_F840,solo_secundario,HOMBRE,29.0,9
2023,autismo_F840,solo_secundario,HOMBRE,30.0,7
2023,autismo_F840,solo_secundario,HOMBRE,31.0,9
2023,autismo_F840,solo_secundario,HOMBRE,32.0,13
2023,autismo_F840,solo_secundario,HOMBRE,33.0,4
2023,autismo_F840,solo_secundario,HOMBRE,34.0,6
2023,autismo_F840,solo_secundario,HOMBRE,35.0,7
2023,autismo_F840,solo_secundario,HOMBRE,36.0,4
2023,autismo_F840,solo_secundario,HOMBRE,37.0,4
2023,autismo_F840,solo_secundario,HOMBRE,38.0,3
2023,autismo_F840,solo_secundario,HOMBRE,40.0,3
2023,autismo_F840,solo_secundario,HOMBRE,41.0,4
2023,autismo_F840,solo_secundario,HOMBRE,42.0,2
2023,autismo_F840,solo_secundario,HOMBRE,44.0,4
2023,autismo_F840,solo_secundario,HOMBRE,45.0,3
2023,autismo_F840,solo_secundario,HOMBRE,48.0,1
2023,autismo_F840,solo_secundario,HOMBRE,49.0,2
2023,autismo_F840,solo_secundario,HOMBRE,50.0,2
2023,autismo_F840,solo_secundario,HOMBRE,52.0,2
2023,autismo_F840,solo_secundario,HOMBRE,59.0,1
2023,autismo_F840,solo_secundario,HOMBRE,60.0,1
2023,autismo_F840,solo_secundario,HOMBRE,61.0,1
2023,autismo_F840,solo_secundario,HOMBRE,62.0,1
2023,autismo_F840,solo_secundario,HOMBRE,63.0,1
2023,autismo_F840,solo_secundario,HOMBRE,69.0,1
2023,autismo_F840,solo_secundario,HOMBRE,70.0,1
2023,autismo_F840,solo_secundario,HOMBRE,73.0,1
2023,autismo_F840,solo_secundario,MUJER,0.0,3
2023,autismo_F840,solo_secundario,MUJER,1.0,14
2023,autismo_F840,solo_secundario,MUJER,2.0,74
2023,autismo_F840,solo_secundario,MUJER,3.0,89
2023,autismo_F840,solo_secundario,MUJER,4.0,114
2023,autismo_F840,solo_secundario,MUJER,5.0,98
2023,autismo_F840,solo_secundario,MUJER,6.0,70
2023,autismo_F840,solo_secundario,MUJER,7.0,72
2023,autismo_F840,solo_secundario,MUJER,8.0,59
2023,autismo_F840,solo_secundario,MUJER,9.0,34
2023,autismo_F840,solo_secundario,MUJER,10.0,48
2023,autismo_F840,solo_secundario,MUJER,11.0,54
2023,autismo_F840,solo_secundario,MUJER,12.0,95
2023,autismo_F840,solo_secundario,MUJER,13.0,126
2023,autismo_F840,solo_secundario,MUJER,14.0,131
2023,autismo_F840,solo_secundario,MUJER,15.0,97
2023,autismo_F840,solo_secundario,MUJER,16.0,56
2023,autismo_F840,solo_secundario,MUJER,17.0,51
2023,autismo_F840,solo_secundario,MUJER,18.0,21
2023,autismo_F840,solo_secundario,MUJER,19.0,9
2023,autismo_F840,solo_secundario,MUJER,20.0,16
2023,autismo_F840,solo_secundario,MUJER,21.0,17
2023,autismo_F840,solo_secundario,MUJER,22.0,9
2023,autismo_F840,solo_secundario,MUJER,23.0,16
2023,autismo_F840,solo_secundario,MUJER,24.0,7
2023,autismo_F840,solo_secundario,MUJER,25.0,6
2023,autismo_F840,solo_secundario,MUJER,26.0,9
2023,autismo_F840,solo_secundario,MUJER,27.0,10
2023,autismo_F840,solo_secundario,MUJER,28.0,9
2023,autismo_F840,solo_secundario,MUJER,29.0,6
2023,autismo_F840,solo_secundario,MUJER,30.0,4
2023,autismo_F840,solo_secundario,MUJER,31.0,5
2023,autismo_F840,solo_secundario,MUJER,32.0,6
2023,autismo_F840,solo_secundario,MUJER,33.0,3
2023,autismo_F840,solo_secundario,MUJER,34.0,6
2023,autismo_F840,solo_secundario,MUJER,35.0,4
2023,autismo_F840,solo_secundario,MUJER,37.0,2
2023,autismo_F840,solo_secundario,MUJER,38.0,2
2023,autismo_F840,solo_secundario,MUJER,39.0,3
2023,autismo_F840,solo_secundario,MUJER,40.0,1
2023,autismo_F840,solo_secundario,MUJER,41.0,1
2023,autismo_F840,solo_secundario,MUJER,42.0,1
2023,autismo_F840,solo_secundario,MUJER,45.0,4
2023,autismo_F840,solo_secundario,MUJER,47.0,4
2023,autismo_F840,solo_secundario,MUJER,50.0,1
2023,autismo_F840,solo_secundario,MUJER,51.0,1
2023,autismo_F840,solo_secundario,MUJER,58.0,2
2023,autismo_F840,solo_secundario,MUJER,60.0,2
2023,autismo_F840,solo_secundario,MUJER,83.0,1
2023,autismo_F840,solo_secundario,,4.0,1
2023,autismo_F840,solo_secundario,,16.0,1
2024,autismo_F840,principal,HOMBRE,1.0,1
2024,autismo_F840,principal,HOMBRE,2.0,3
2024,autismo_F840,principal,HOMBRE,3.0,2
2024,autismo_F840,principal,HOMBRE,4.0,6
2024,autismo_F840,principal,HOMBRE,5.0,6
2024,autismo_F840,principal,HOMBRE,6.0,6
2024,autismo_F840,principal,HOMBRE,7.0,12
2024,autismo_F840,principal,HOMBRE,8.0,7
2024,autismo_F840,principal,HOMBRE,9.0,2
2024,autismo_F840,principal,HOMBRE,10.0,19
2024,autismo_F840,principal,HOMBRE,11.0,8
2024,autismo_F840,principal,HOMBRE,12.0,11
2024,autismo_F840,principal,HOMBRE,13.0,15
2024,autismo_F840,principal,HOMBRE,14.0,20
2024,autismo_F840,principal,HOMBRE,15.0,9
2024,autismo_F840,principal,HOMBRE,16.0,5
2024,autismo_F840,principal,HOMBRE,17.0,17
2024,autismo_F840,principal,HOMBRE,18.0,4
2024,autismo_F840,principal,HOMBRE,19.0,5
2024,autismo_F840,principal,HOMBRE,20.0,3
2024,autismo_F840,principal,HOMBRE,21.0,6
2024,autismo_F840,principal,HOMBRE,22.0,1
2024,autismo_F840,principal,HOMBRE,24.0,1
2024,autismo_F840,principal,HOMBRE,25.0,2
2024,autismo_F840,principal,HOMBRE,26.0,2
2024,autismo_F840,principal,HOMBRE,29.0,2
2024,autismo_F840,principal,HOMBRE,31.0,1
2024,autismo_F840,principal,HOMBRE,34.0,1
2024,autismo_F840,principal,HOMBRE,35.0,1
2024,autismo_F840,principal,HOMBRE,36.0,2
2024,autismo_F840,principal,HOMBRE,44.0,1
2024,autismo_F840,principal,HOMBRE,46.0,1
2024,autismo_F840,principal,HOMBRE,,1
2024,autismo_F840,principal,MUJER,2.0,1
2024,autismo_F840,principal,MUJER,5.0,3
2024,autismo_F840,principal,MUJER,6.0,5
2024,autismo_F840,principal,MUJER,7.0,2
2024,autismo_F840,principal,MUJER,8.0,1
2024,autismo_F840,principal,MUJER,9.0,7
2024,autismo_F840,principal,MUJER,10.0,6
2024,autismo_F840,principal,MUJER,11.0,7
2024,autismo_F840,principal,MUJER,12.0,11
2024,autismo_F840,principal,MUJER,13.0,13
2024,autismo_F840,principal,MUJER,14.0,11
2024,autismo_F840,principal,MUJER,15.0,7
2024,autismo_F840,principal,MUJER,16.0,7
2024,autismo_F840,principal,MUJER,17.0,8
2024,autismo_F840,principal,MUJER,18.0,4
2024,autismo_F840,principal,MUJER,22.0,1
2024,autismo_F840,principal,MUJER,25.0,1
2024,autismo_F840,principal,MUJER,35.0,1
2024,autismo_F840,principal,MUJER,40.0,1
2024,autismo_F840,solo_secundario,HOMBRE,0.0,3
2024,autismo_F840,solo_secundario,HOMBRE,1.0,30
2024,autismo_F840,solo_secundario,HOMBRE,2.0,172
2024,autismo_F840,solo_secundario,HOMBRE,3.0,262
2024,autismo_F840,solo_secundario,HOMBRE,4.0,406
2024,autismo_F840,solo_secundario,HOMBRE,5.0,465
2024,autismo_F840,solo_secundario,HOMBRE,6.0,442
2024,autismo_F840,solo_secundario,HOMBRE,7.0,375
2024,autismo_F840,solo_secundario,HOMBRE,8.0,338
2024,autismo_F840,solo_secundario,HOMBRE,9.0,268
2024,autismo_F840,solo_secundario,HOMBRE,10.0,258
2024,autismo_F840,solo_secundario,HOMBRE,11.0,197
2024,autismo_F840,solo_secundario,HOMBRE,12.0,241
2024,autismo_F840,solo_secundario,HOMBRE,13.0,211
2024,autismo_F840,solo_secundario,HOMBRE,14.0,215
2024,autismo_F840,solo_secundario,HOMBRE,15.0,155
2024,autismo_F840,solo_secundario,HOMBRE,16.0,121
2024,autismo_F840,solo_secundario,HOMBRE,17.0,117
2024,autismo_F840,solo_secundario,HOMBRE,18.0,71
2024,autismo_F840,solo_secundario,HOMBRE,19.0,51
2024,autismo_F840,solo_secundario,HOMBRE,20.0,49
2024,autismo_F840,solo_secundario,HOMBRE,21.0,38
2024,autismo_F840,solo_secundario,HOMBRE,22.0,19
2024,autismo_F840,solo_secundario,HOMBRE,23.0,29
2024,autismo_F840,solo_secundario,HOMBRE,24.0,17
2024,autismo_F840,solo_secundario,HOMBRE,25.0,17
2024,autismo_F840,solo_secundario,HOMBRE,26.0,19
2024,autismo_F840,solo_secundario,HOMBRE,27.0,12
2024,autismo_F840,solo_secundario,HOMBRE,28.0,13
2024,autismo_F840,solo_secundario,HOMBRE,29.0,13
2024,autismo_F840,solo_secundario,HOMBRE,30.0,6
2024,autismo_F840,solo_secundario,HOMBRE,31.0,9
2024,autismo_F840,solo_secundario,HOMBRE,32.0,11
2024,autismo_F840,solo_secundario,HOMBRE,33.0,7
2024,autismo_F840,solo_secundario,HOMBRE,34.0,5
2024,autismo_F840,solo_secundario,HOMBRE,35.0,6
2024,autismo_F840,solo_secundario,HOMBRE,36.0,7
2024,autismo_F840,solo_secundario,HOMBRE,37.0,3
2024,autismo_F840,solo_secundario,HOMBRE,38.0,4
2024,autismo_F840,solo_secundario,HOMBRE,39.0,5
2024,autismo_F840,solo_secundario,HOMBRE,40.0,3
2024,autismo_F840,solo_secundario,HOMBRE,41.0,2
2024,autismo_F840,solo_secundario,HOMBRE,42.0,2
2024,autismo_F840,solo_secundario,HOMBRE,43.0,3
2024,autismo_F840,solo_secundario,HOMBRE,44.0,3
2024,autismo_F840,solo_secundario,HOMBRE,45.0,3
2024,autismo_F840,solo_secundario,HOMBRE,46.0,2
2024,autismo_F840,solo_secundario,HOMBRE,47.0,2
2024,autismo_F840,solo_secundario,HOMBRE,48.0,4
2024,autismo_F840,solo_secundario,HOMBRE,49.0,1
2024,autismo_F840,solo_secundario,HOMBRE,50.0,2
2024,autismo_F840,solo_secundario,HOMBRE,51.0,1
2024,autismo_F840,solo_secundario,HOMBRE,52.0,3
2024,autismo_F840,solo_secundario,HOMBRE,54.0,1
2024,autismo_F840,solo_secundario,HOMBRE,55.0,2
2024,autismo_F840,solo_secundario,HOMBRE,57.0,1
2024,autismo_F840,solo_secundario,HOMBRE,59.0,1
2024,autismo_F840,solo_secundario,HOMBRE,61.0,1
2024,autismo_F840,solo_secundario,HOMBRE,62.0,2
2024,autismo_F840,solo_secundario,HOMBRE,65.0,1
2024,autismo_F840,solo_secundario,HOMBRE,68.0,1
2024,autismo_F840,solo_secundario,HOMBRE,75.0,1
2024,autismo_F840,solo_secundario,MUJER,0.0,1
2024,autismo_F840,solo_secundario,MUJER,1.0,13
2024,autismo_F840,solo_secundario,MUJER,2.0,53
2024,autismo_F840,solo_secundario,MUJER,3.0,80
2024,autismo_F840,solo_secundario,MUJER,4.0,127
2024,autismo_F840,solo_secundario,MUJER,5.0,124
2024,autismo_F840,solo_secundario,MUJER,6.0,91
2024,autismo_F840,solo_secundario,MUJER,7.0,95
2024,autismo_F840,solo_secundario,MUJER,8.0,106
2024,autismo_F840,solo_secundario,MUJER,9.0,74
2024,autismo_F840,solo_secundario,MUJER,10.0,77
2024,autismo_F840,solo_secundario,MUJER,11.0,90
2024,autismo_F840,solo_secundario,MUJER,12.0,131
2024,autismo_F840,solo_secundario,MUJER,13.0,213
2024,autismo_F840,solo_secundario,MUJER,14.0,208
2024,autismo_F840,solo_secundario,MUJER,15.0,140
2024,autismo_F840,solo_secundario,MUJER,16.0,115
2024,autismo_F840,solo_secundario,MUJER,17.0,95
2024,autismo_F840,solo_secundario,MUJER,18.0,52
2024,autismo_F840,solo_secundario,MUJER,19.0,40
2024,autismo_F840,solo_secundario,MUJER,20.0,32
2024,autismo_F840,solo_secundario,MUJER,21.0,31
2024,autismo_F840,solo_secundario,MUJER,22.0,17
2024,autismo_F840,solo_secundario,MUJER,23.0,12
2024,autismo_F840,solo_secundario,MUJER,24.0,32
2024,autismo_F840,solo_secundario,MUJER,25.0,23
2024,autismo_F840,solo_secundario,MUJER,26.0,11
2024,autismo_F840,solo_secundario,MUJER,27.0,12
2024,autismo_F840,solo_secundario,MUJER,28.0,10
2024,autismo_F840,solo_secundario,MUJER,29.0,13
2024,autismo_F840,solo_secundario,MUJER,30.0,8
2024,autismo_F840,solo_secundario,MUJER,31.0,9
2024,autismo_F840,solo_secundario,MUJER,32.0,11
2024,autismo_F840,solo_secundario,MUJER,33.0,5
2024,autismo_F840,solo_secundario,MUJER,34.0,6
2024,autismo_F840,solo_secundario,MUJER,35.0,2
2024,autismo_F840,solo_secundario,MUJER,36.0,8
2024,autismo_F840,solo_secundario,MUJER,37.0,3
2024,autismo_F840,solo_secundario,MUJER,38.0,6
2024,autismo_F840,solo_secundario,MUJER,39.0,7
2024,autismo_F840,solo_secundario,MUJER,40.0,4
2024,autismo_F840,solo_secundario,MUJER,41.0,7
2024,autismo_F840,solo_secundario,MUJER,42.0,4
2024,autismo_F840,solo_secundario,MUJER,43.0,3
2024,autismo_F840,solo_secundario,MUJER,45.0,2
2024,autismo_F840,solo_secundario,MUJER,47.0,1
2024,autismo_F840,solo_secundario,MUJER,48.0,1
2024,autismo_F840,solo_secundario,MUJER,49.0,2
2024,autismo_F840,solo_secundario,MUJER,50.0,1
2024,autismo_F840,solo_secundario,MUJER,51.0,1
2024,autismo_F840,solo_secundario,MUJER,52.0,1
2024,autismo_F840,solo_secundario,MUJER,53.0,1
2024,autismo_F840,solo_secundario,MUJER,60.0,1
2024,autismo_F840,solo_secundario,MUJER,62.0,1
2024,autismo_F840,solo_secundario,MUJER,79.0,1
2024,autismo_F840,solo_secundario,MUJER,80.0,1
2024,autismo_F840,solo_secundario,MUJER,84.0,2
2024,autismo_F840,solo_secundario,MUJER,88.0,1
2024,autismo_F840,solo_secundario,MUJER,89.0,1
2024,autismo_F840,solo_secundario,,3.0,1
2024,autismo_F840,solo_secundario,,16.0,1
2019,TEA_operacional,principal,HOMBRE,0.0,1
2019,TEA_operacional,principal,HOMBRE,1.0,1
2019,TEA_operacional,principal,HOMBRE,2.0,4
2019,TEA_operacional,principal,HOMBRE,3.0,4
2019,TEA_operacional,principal,HOMBRE,4.0,6
2019,TEA_operacional,principal,HOMBRE,5.0,6
2019,TEA_operacional,principal,HOMBRE,6.0,7
2019,TEA_operacional,principal,HOMBRE,7.0,3
2019,TEA_operacional,principal,HOMBRE,8.0,9
2019,TEA_operacional,principal,HOMBRE,9.0,6
2019,TEA_operacional,principal,HOMBRE,10.0,6
2019,TEA_operacional,principal,HOMBRE,11.0,6
2019,TEA_operacional,principal,HOMBRE,12.0,13
2019,TEA_operacional,principal,HOMBRE,13.0,17
2019,TEA_operacional,principal,HOMBRE,14.0,15
2019,TEA_operacional,principal,HOMBRE,15.0,14
2019,TEA_operacional,principal,HOMBRE,16.0,11
2019,TEA_operacional,principal,HOMBRE,17.0,7
2019,TEA_operacional,principal,HOMBRE,18.0,6
2019,TEA_operacional,principal,HOMBRE,19.0,4
2019,TEA_operacional,principal,HOMBRE,20.0,8
2019,TEA_operacional,principal,HOMBRE,21.0,6
2019,TEA_operacional,principal,HOMBRE,22.0,3
2019,TEA_operacional,principal,HOMBRE,23.0,4
2019,TEA_operacional,principal,HOMBRE,25.0,2
2019,TEA_operacional,principal,HOMBRE,26.0,1
2019,TEA_operacional,principal,HOMBRE,27.0,2
2019,TEA_operacional,principal,HOMBRE,28.0,2
2019,TEA_operacional,principal,HOMBRE,29.0,3
2019,TEA_operacional,principal,HOMBRE,31.0,1
2019,TEA_operacional,principal,HOMBRE,34.0,2
2019,TEA_operacional,principal,HOMBRE,35.0,1
2019,TEA_operacional,principal,HOMBRE,37.0,1
2019,TEA_operacional,principal,HOMBRE,55.0,1
2019,TEA_operacional,principal,MUJER,2.0,2
2019,TEA_operacional,principal,MUJER,3.0,2
2019,TEA_operacional,principal,MUJER,4.0,1
2019,TEA_operacional,principal,MUJER,5.0,1
2019,TEA_operacional,principal,MUJER,8.0,2
2019,TEA_operacional,principal,MUJER,10.0,2
2019,TEA_operacional,principal,MUJER,11.0,2
2019,TEA_operacional,principal,MUJER,12.0,6
2019,TEA_operacional,principal,MUJER,13.0,2
2019,TEA_operacional,principal,MUJER,14.0,3
2019,TEA_operacional,principal,MUJER,15.0,7
2019,TEA_operacional,principal,MUJER,17.0,2
2019,TEA_operacional,principal,MUJER,18.0,1
2019,TEA_operacional,principal,MUJER,22.0,1
2019,TEA_operacional,principal,MUJER,24.0,2
2019,TEA_operacional,principal,MUJER,27.0,1
2019,TEA_operacional,principal,MUJER,31.0,1
2019,TEA_operacional,principal_y_secundario,HOMBRE,3.0,2
2019,TEA_operacional,principal_y_secundario,HOMBRE,10.0,1
2019,TEA_operacional,principal_y_secundario,HOMBRE,17.0,1
2019,TEA_operacional,principal_y_secundario,HOMBRE,21.0,1
2019,TEA_operacional,principal_y_secundario,HOMBRE,30.0,1
2019,TEA_operacional,solo_secundario,HOMBRE,0.0,48
2019,TEA_operacional,solo_secundario,HOMBRE,1.0,49
2019,TEA_operacional,solo_secundario,HOMBRE,2.0,73
2019,TEA_operacional,solo_secundario,HOMBRE,3.0,117
2019,TEA_operacional,solo_secundario,HOMBRE,4.0,122
2019,TEA_operacional,solo_secundario,HOMBRE,5.0,117
2019,TEA_operacional,solo_secundario,HOMBRE,6.0,100
2019,TEA_operacional,solo_secundario,HOMBRE,7.0,116
2019,TEA_operacional,solo_secundario,HOMBRE,8.0,118
2019,TEA_operacional,solo_secundario,HOMBRE,9.0,89
2019,TEA_operacional,solo_secundario,HOMBRE,10.0,95
2019,TEA_operacional,solo_secundario,HOMBRE,11.0,46
2019,TEA_operacional,solo_secundario,HOMBRE,12.0,64
2019,TEA_operacional,solo_secundario,HOMBRE,13.0,63
2019,TEA_operacional,solo_secundario,HOMBRE,14.0,62
2019,TEA_operacional,solo_secundario,HOMBRE,15.0,44
2019,TEA_operacional,solo_secundario,HOMBRE,16.0,30
2019,TEA_operacional,solo_secundario,HOMBRE,17.0,26
2019,TEA_operacional,solo_secundario,HOMBRE,18.0,25
2019,TEA_operacional,solo_secundario,HOMBRE,19.0,23
2019,TEA_operacional,solo_secundario,HOMBRE,20.0,14
2019,TEA_operacional,solo_secundario,HOMBRE,21.0,20
2019,TEA_operacional,solo_secundario,HOMBRE,22.0,11
2019,TEA_operacional,solo_secundario,HOMBRE,23.0,8
2019,TEA_operacional,solo_secundario,HOMBRE,24.0,8
2019,TEA_operacional,solo_secundario,HOMBRE,25.0,8
2019,TEA_operacional,solo_secundario,HOMBRE,26.0,13
2019,TEA_operacional,solo_secundario,HOMBRE,27.0,9
2019,TEA_operacional,solo_secundario,HOMBRE,28.0,9
2019,TEA_operacional,solo_secundario,HOMBRE,29.0,5
2019,TEA_operacional,solo_secundario,HOMBRE,30.0,9
2019,TEA_operacional,solo_secundario,HOMBRE,31.0,7
2019,TEA_operacional,solo_secundario,HOMBRE,32.0,8
2019,TEA_operacional,solo_secundario,HOMBRE,34.0,2
2019,TEA_operacional,solo_secundario,HOMBRE,35.0,7
2019,TEA_operacional,solo_secundario,HOMBRE,36.0,2
2019,TEA_operacional,solo_secundario,HOMBRE,37.0,1
2019,TEA_operacional,solo_secundario,HOMBRE,38.0,1
2019,TEA_operacional,solo_secundario,HOMBRE,39.0,2
2019,TEA_operacional,solo_secundario,HOMBRE,40.0,3
2019,TEA_operacional,solo_secundario,HOMBRE,41.0,1
2019,TEA_operacional,solo_secundario,HOMBRE,43.0,1
2019,TEA_operacional,solo_secundario,HOMBRE,46.0,1
2019,TEA_operacional,solo_secundario,HOMBRE,47.0,1
2019,TEA_operacional,solo_secundario,HOMBRE,48.0,1
2019,TEA_operacional,solo_secundario,HOMBRE,50.0,1
2019,TEA_operacional,solo_secundario,HOMBRE,51.0,2
2019,TEA_operacional,solo_secundario,HOMBRE,54.0,1
2019,TEA_operacional,solo_secundario,HOMBRE,55.0,1
2019,TEA_operacional,solo_secundario,HOMBRE,59.0,1
2019,TEA_operacional,solo_secundario,HOMBRE,63.0,1
2019,TEA_operacional,solo_secundario,HOMBRE,64.0,1
2019,TEA_operacional,solo_secundario,HOMBRE,68.0,1
2019,TEA_operacional,solo_secundario,HOMBRE,74.0,1
2019,TEA_operacional,solo_secundario,HOMBRE,87.0,1
2019,TEA_operacional,solo_secundario,MUJER,0.0,21
2019,TEA_operacional,solo_secundario,MUJER,1.0,28
2019,TEA_operacional,solo_secundario,MUJER,2.0,37
2019,TEA_operacional,solo_secundario,MUJER,3.0,45
2019,TEA_operacional,solo_secundario,MUJER,4.0,29
2019,TEA_operacional,solo_secundario,MUJER,5.0,35
2019,TEA_operacional,solo_secundario,MUJER,6.0,26
2019,TEA_operacional,solo_secundario,MUJER,7.0,19
2019,TEA_operacional,solo_secundario,MUJER,8.0,37
2019,TEA_operacional,solo_secundario,MUJER,9.0,15
2019,TEA_operacional,solo_secundario,MUJER,10.0,24
2019,TEA_operacional,solo_secundario,MUJER,11.0,25
2019,TEA_operacional,solo_secundario,MUJER,12.0,21
2019,TEA_operacional,solo_secundario,MUJER,13.0,24
2019,TEA_operacional,solo_secundario,MUJER,14.0,28
2019,TEA_operacional,solo_secundario,MUJER,15.0,13
2019,TEA_operacional,solo_secundario,MUJER,16.0,6
2019,TEA_operacional,solo_secundario,MUJER,17.0,9
2019,TEA_operacional,solo_secundario,MUJER,18.0,6
2019,TEA_operacional,solo_secundario,MUJER,19.0,8
2019,TEA_operacional,solo_secundario,MUJER,20.0,1
2019,TEA_operacional,solo_secundario,MUJER,21.0,3
2019,TEA_operacional,solo_secundario,MUJER,22.0,5
2019,TEA_operacional,solo_secundario,MUJER,23.0,3
2019,TEA_operacional,solo_secundario,MUJER,24.0,2
2019,TEA_operacional,solo_secundario,MUJER,25.0,3
2019,TEA_operacional,solo_secundario,MUJER,26.0,2
2019,TEA_operacional,solo_secundario,MUJER,27.0,1
2019,TEA_operacional,solo_secundario,MUJER,28.0,1
2019,TEA_operacional,solo_secundario,MUJER,29.0,1
2019,TEA_operacional,solo_secundario,MUJER,30.0,3
2019,TEA_operacional,solo_secundario,MUJER,31.0,5
2019,TEA_operacional,solo_secundario,MUJER,32.0,2
2019,TEA_operacional,solo_secundario,MUJER,33.0,1
2019,TEA_operacional,solo_secundario,MUJER,36.0,2
2019,TEA_operacional,solo_secundario,MUJER,37.0,1
2019,TEA_operacional,solo_secundario,MUJER,39.0,1
2019,TEA_operacional,solo_secundario,MUJER,41.0,1
2019,TEA_operacional,solo_secundario,MUJER,44.0,2
2019,TEA_operacional,solo_secundario,MUJER,45.0,1
2019,TEA_operacional,solo_secundario,MUJER,46.0,1
2019,TEA_operacional,solo_secundario,MUJER,51.0,1
2019,TEA_operacional,solo_secundario,MUJER,52.0,1
2019,TEA_operacional,solo_secundario,MUJER,55.0,1
2019,TEA_operacional,solo_secundario,MUJER,57.0,3
2019,TEA_operacional,solo_secundario,MUJER,59.0,1
2019,TEA_operacional,solo_secundario,MUJER,68.0,1
2019,TEA_operacional,solo_secundario,,11.0,1
2020,TEA_operacional,principal,HOMBRE,0.0,1
2020,TEA_operacional,principal,HOMBRE,1.0,1
2020,TEA_operacional,principal,HOMBRE,2.0,1
2020,TEA_operacional,principal,HOMBRE,3.0,2
2020,TEA_operacional,principal,HOMBRE,4.0,4
2020,TEA_operacional,principal,HOMBRE,5.0,4
2020,TEA_operacional,principal,HOMBRE,6.0,3
2020,TEA_operacional,principal,HOMBRE,7.0,2
2020,TEA_operacional,principal,HOMBRE,8.0,2
2020,TEA_operacional,principal,HOMBRE,9.0,10
2020,TEA_operacional,principal,HOMBRE,10.0,8
2020,TEA_operacional,principal,HOMBRE,11.0,9
2020,TEA_operacional,principal,HOMBRE,12.0,4
2020,TEA_operacional,principal,HOMBRE,13.0,8
2020,TEA_operacional,principal,HOMBRE,14.0,8
2020,TEA_operacional,principal,HOMBRE,15.0,12
2020,TEA_operacional,principal,HOMBRE,16.0,4
2020,TEA_operacional,principal,HOMBRE,17.0,8
2020,TEA_operacional,principal,HOMBRE,18.0,6
2020,TEA_operacional,principal,HOMBRE,19.0,5
2020,TEA_operacional,principal,HOMBRE,20.0,2
2020,TEA_operacional,principal,HOMBRE,22.0,5
2020,TEA_operacional,principal,HOMBRE,23.0,2
2020,TEA_operacional,principal,HOMBRE,25.0,2
2020,TEA_operacional,principal,HOMBRE,26.0,2
2020,TEA_operacional,principal,HOMBRE,30.0,1
2020,TEA_operacional,principal,HOMBRE,33.0,1
2020,TEA_operacional,principal,HOMBRE,34.0,1
2020,TEA_operacional,principal,HOMBRE,35.0,1
2020,TEA_operacional,principal,HOMBRE,37.0,1
2020,TEA_operacional,principal,MUJER,4.0,2
2020,TEA_operacional,principal,MUJER,6.0,2
2020,TEA_operacional,principal,MUJER,9.0,1
2020,TEA_operacional,principal,MUJER,10.0,2
2020,TEA_operacional,principal,MUJER,11.0,1
2020,TEA_operacional,principal,MUJER,12.0,1
2020,TEA_operacional,principal,MUJER,13.0,5
2020,TEA_operacional,principal,MUJER,14.0,4
2020,TEA_operacional,principal,MUJER,15.0,1
2020,TEA_operacional,principal,MUJER,16.0,1
2020,TEA_operacional,principal,MUJER,17.0,2
2020,TEA_operacional,principal,MUJER,18.0,3
2020,TEA_operacional,principal,MUJER,21.0,3
2020,TEA_operacional,principal,MUJER,22.0,3
2020,TEA_operacional,principal,MUJER,27.0,1
2020,TEA_operacional,principal_y_secundario,HOMBRE,10.0,1
2020,TEA_operacional,principal_y_secundario,HOMBRE,11.0,1
2020,TEA_operacional,principal_y_secundario,HOMBRE,13.0,1
2020,TEA_operacional,principal_y_secundario,HOMBRE,14.0,1
2020,TEA_operacional,principal_y_secundario,MUJER,14.0,1
2020,TEA_operacional,solo_secundario,HOMBRE,0.0,17
2020,TEA_operacional,solo_secundario,HOMBRE,1.0,27
2020,TEA_operacional,solo_secundario,HOMBRE,2.0,33
2020,TEA_operacional,solo_secundario,HOMBRE,3.0,91
2020,TEA_operacional,solo_secundario,HOMBRE,4.0,78
2020,TEA_operacional,solo_secundario,HOMBRE,5.0,70
2020,TEA_operacional,solo_secundario,HOMBRE,6.0,71
2020,TEA_operacional,solo_secundario,HOMBRE,7.0,56
2020,TEA_operacional,solo_secundario,HOMBRE,8.0,53
2020,TEA_operacional,solo_secundario,HOMBRE,9.0,54
2020,TEA_operacional,solo_secundario,HOMBRE,10.0,69
2020,TEA_operacional,solo_secundario,HOMBRE,11.0,53
2020,TEA_operacional,solo_secundario,HOMBRE,12.0,48
2020,TEA_operacional,solo_secundario,HOMBRE,13.0,47
2020,TEA_operacional,solo_secundario,HOMBRE,14.0,59
2020,TEA_operacional,solo_secundario,HOMBRE,15.0,45
2020,TEA_operacional,solo_secundario,HOMBRE,16.0,27
2020,TEA_operacional,solo_secundario,HOMBRE,17.0,28
2020,TEA_operacional,solo_secundario,HOMBRE,18.0,21
2020,TEA_operacional,solo_secundario,HOMBRE,19.0,13
2020,TEA_operacional,solo_secundario,HOMBRE,20.0,3
2020,TEA_operacional,solo_secundario,HOMBRE,21.0,9
2020,TEA_operacional,solo_secundario,HOMBRE,22.0,15
2020,TEA_operacional,solo_secundario,HOMBRE,23.0,8
2020,TEA_operacional,solo_secundario,HOMBRE,24.0,3
2020,TEA_operacional,solo_secundario,HOMBRE,25.0,10
2020,TEA_operacional,solo_secundario,HOMBRE,26.0,5
2020,TEA_operacional,solo_secundario,HOMBRE,27.0,6
2020,TEA_operacional,solo_secundario,HOMBRE,28.0,2
2020,TEA_operacional,solo_secundario,HOMBRE,29.0,3
2020,TEA_operacional,solo_secundario,HOMBRE,30.0,5
2020,TEA_operacional,solo_secundario,HOMBRE,31.0,5
2020,TEA_operacional,solo_secundario,HOMBRE,32.0,5
2020,TEA_operacional,solo_secundario,HOMBRE,33.0,5
2020,TEA_operacional,solo_secundario,HOMBRE,34.0,4
2020,TEA_operacional,solo_secundario,HOMBRE,35.0,4
2020,TEA_operacional,solo_secundario,HOMBRE,36.0,1
2020,TEA_operacional,solo_secundario,HOMBRE,37.0,2
2020,TEA_operacional,solo_secundario,HOMBRE,39.0,1
2020,TEA_operacional,solo_secundario,HOMBRE,40.0,4
2020,TEA_operacional,solo_secundario,HOMBRE,41.0,3
2020,TEA_operacional,solo_secundario,HOMBRE,42.0,1
2020,TEA_operacional,solo_secundario,HOMBRE,44.0,1
2020,TEA_operacional,solo_secundario,HOMBRE,45.0,1
2020,TEA_operacional,solo_secundario,HOMBRE,46.0,1
2020,TEA_operacional,solo_secundario,HOMBRE,49.0,1
2020,TEA_operacional,solo_secundario,HOMBRE,50.0,1
2020,TEA_operacional,solo_secundario,HOMBRE,58.0,1
2020,TEA_operacional,solo_secundario,HOMBRE,59.0,1
2020,TEA_operacional,solo_secundario,HOMBRE,64.0,1
2020,TEA_operacional,solo_secundario,HOMBRE,66.0,1
2020,TEA_operacional,solo_secundario,HOMBRE,71.0,1
2020,TEA_operacional,solo_secundario,HOMBRE,91.0,1
2020,TEA_operacional,solo_secundario,MUJER,0.0,13
2020,TEA_operacional,solo_secundario,MUJER,1.0,15
2020,TEA_operacional,solo_secundario,MUJER,2.0,19
2020,TEA_operacional,solo_secundario,MUJER,3.0,21
2020,TEA_operacional,solo_secundario,MUJER,4.0,31
2020,TEA_operacional,solo_secundario,MUJER,5.0,20
2020,TEA_operacional,solo_secundario,MUJER,6.0,16
2020,TEA_operacional,solo_secundario,MUJER,7.0,15
2020,TEA_operacional,solo_secundario,MUJER,8.0,30
2020,TEA_operacional,solo_secundario,MUJER,9.0,17
2020,TEA_operacional,solo_secundario,MUJER,10.0,11
2020,TEA_operacional,solo_secundario,MUJER,11.0,18
2020,TEA_operacional,solo_secundario,MUJER,12.0,20
2020,TEA_operacional,solo_secundario,MUJER,13.0,20
2020,TEA_operacional,solo_secundario,MUJER,14.0,19
2020,TEA_operacional,solo_secundario,MUJER,15.0,13
2020,TEA_operacional,solo_secundario,MUJER,16.0,8
2020,TEA_operacional,solo_secundario,MUJER,17.0,8
2020,TEA_operacional,solo_secundario,MUJER,18.0,7
2020,TEA_operacional,solo_secundario,MUJER,19.0,3
2020,TEA_operacional,solo_secundario,MUJER,20.0,2
2020,TEA_operacional,solo_secundario,MUJER,22.0,1
2020,TEA_operacional,solo_secundario,MUJER,24.0,3
2020,TEA_operacional,solo_secundario,MUJER,25.0,3
2020,TEA_operacional,solo_secundario,MUJER,26.0,4
2020,TEA_operacional,solo_secundario,MUJER,27.0,2
2020,TEA_operacional,solo_secundario,MUJER,28.0,4
2020,TEA_operacional,solo_secundario,MUJER,29.0,2
2020,TEA_operacional,solo_secundario,MUJER,31.0,2
2020,TEA_operacional,solo_secundario,MUJER,33.0,3
2020,TEA_operacional,solo_secundario,MUJER,37.0,5
2020,TEA_operacional,solo_secundario,MUJER,38.0,2
2020,TEA_operacional,solo_secundario,MUJER,39.0,2
2020,TEA_operacional,solo_secundario,MUJER,40.0,1
2020,TEA_operacional,solo_secundario,MUJER,43.0,1
2020,TEA_operacional,solo_secundario,MUJER,46.0,1
2020,TEA_operacional,solo_secundario,MUJER,55.0,1
2020,TEA_operacional,solo_secundario,MUJER,63.0,1
2020,TEA_operacional,solo_secundario,MUJER,72.0,1
2020,TEA_operacional,solo_secundario,MUJER,76.0,1
2021,TEA_operacional,principal,HOMBRE,1.0,1
2021,TEA_operacional,principal,HOMBRE,2.0,7
2021,TEA_operacional,principal,HOMBRE,3.0,6
2021,TEA_operacional,principal,HOMBRE,4.0,2
2021,TEA_operacional,principal,HOMBRE,5.0,6
2021,TEA_operacional,principal,HOMBRE,6.0,4
2021,TEA_operacional,principal,HOMBRE,8.0,6
2021,TEA_operacional,principal,HOMBRE,9.0,5
2021,TEA_operacional,principal,HOMBRE,10.0,2
2021,TEA_operacional,principal,HOMBRE,11.0,4
2021,TEA_operacional,principal,HOMBRE,12.0,4
2021,TEA_operacional,principal,HOMBRE,13.0,7
2021,TEA_operacional,principal,HOMBRE,14.0,10
2021,TEA_operacional,principal,HOMBRE,15.0,8
2021,TEA_operacional,principal,HOMBRE,16.0,11
2021,TEA_operacional,principal,HOMBRE,17.0,3
2021,TEA_operacional,principal,HOMBRE,18.0,6
2021,TEA_operacional,principal,HOMBRE,19.0,12
2021,TEA_operacional,principal,HOMBRE,20.0,7
2021,TEA_operacional,principal,HOMBRE,21.0,5
2021,TEA_operacional,principal,HOMBRE,22.0,2
2021,TEA_operacional,principal,HOMBRE,23.0,2
2021,TEA_operacional,principal,HOMBRE,24.0,1
2021,TEA_operacional,principal,HOMBRE,25.0,3
2021,TEA_operacional,principal,HOMBRE,26.0,3
2021,TEA_operacional,principal,HOMBRE,27.0,2
2021,TEA_operacional,principal,HOMBRE,29.0,1
2021,TEA_operacional,principal,HOMBRE,30.0,3
2021,TEA_operacional,principal,HOMBRE,31.0,5
2021,TEA_operacional,principal,HOMBRE,32.0,1
2021,TEA_operacional,principal,HOMBRE,33.0,2
2021,TEA_operacional,principal,HOMBRE,34.0,2
2021,TEA_operacional,principal,HOMBRE,36.0,4
2021,TEA_operacional,principal,HOMBRE,37.0,1
2021,TEA_operacional,principal,MUJER,1.0,3
2021,TEA_operacional,principal,MUJER,2.0,3
2021,TEA_operacional,principal,MUJER,3.0,3
2021,TEA_operacional,principal,MUJER,5.0,2
2021,TEA_operacional,principal,MUJER,7.0,2
2021,TEA_operacional,principal,MUJER,8.0,1
2021,TEA_operacional,principal,MUJER,9.0,1
2021,TEA_operacional,principal,MUJER,10.0,1
2021,TEA_operacional,principal,MUJER,11.0,3
2021,TEA_operacional,principal,MUJER,12.0,4
2021,TEA_operacional,principal,MUJER,13.0,4
2021,TEA_operacional,principal,MUJER,14.0,2
2021,TEA_operacional,principal,MUJER,15.0,1
2021,TEA_operacional,principal,MUJER,17.0,1
2021,TEA_operacional,principal,MUJER,19.0,1
2021,TEA_operacional,principal,MUJER,20.0,1
2021,TEA_operacional,principal,MUJER,25.0,2
2021,TEA_operacional,principal_y_secundario,HOMBRE,12.0,1
2021,TEA_operacional,principal_y_secundario,HOMBRE,17.0,1
2021,TEA_operacional,principal_y_secundario,MUJER,13.0,1
2021,TEA_operacional,solo_secundario,HOMBRE,0.0,11
2021,TEA_operacional,solo_secundario,HOMBRE,1.0,19
2021,TEA_operacional,solo_secundario,HOMBRE,2.0,92
2021,TEA_operacional,solo_secundario,HOMBRE,3.0,106
2021,TEA_operacional,solo_secundario,HOMBRE,4.0,118
2021,TEA_operacional,solo_secundario,HOMBRE,5.0,112
2021,TEA_operacional,solo_secundario,HOMBRE,6.0,132
2021,TEA_operacional,solo_secundario,HOMBRE,7.0,98
2021,TEA_operacional,solo_secundario,HOMBRE,8.0,121
2021,TEA_operacional,solo_secundario,HOMBRE,9.0,83
2021,TEA_operacional,solo_secundario,HOMBRE,10.0,89
2021,TEA_operacional,solo_secundario,HOMBRE,11.0,105
2021,TEA_operacional,solo_secundario,HOMBRE,12.0,83
2021,TEA_operacional,solo_secundario,HOMBRE,13.0,69
2021,TEA_operacional,solo_secundario,HOMBRE,14.0,72
2021,TEA_operacional,solo_secundario,HOMBRE,15.0,51
2021,TEA_operacional,solo_secundario,HOMBRE,16.0,38
2021,TEA_operacional,solo_secundario,HOMBRE,17.0,28
2021,TEA_operacional,solo_secundario,HOMBRE,18.0,23
2021,TEA_operacional,solo_secundario,HOMBRE,19.0,18
2021,TEA_operacional,solo_secundario,HOMBRE,20.0,27
2021,TEA_operacional,solo_secundario,HOMBRE,21.0,12
2021,TEA_operacional,solo_secundario,HOMBRE,22.0,9
2021,TEA_operacional,solo_secundario,HOMBRE,23.0,7
2021,TEA_operacional,solo_secundario,HOMBRE,24.0,12
2021,TEA_operacional,solo_secundario,HOMBRE,25.0,10
2021,TEA_operacional,solo_secundario,HOMBRE,26.0,10
2021,TEA_operacional,solo_secundario,HOMBRE,27.0,5
2021,TEA_operacional,solo_secundario,HOMBRE,28.0,11
2021,TEA_operacional,solo_secundario,HOMBRE,29.0,14
2021,TEA_operacional,solo_secundario,HOMBRE,30.0,6
2021,TEA_operacional,solo_secundario,HOMBRE,31.0,4
2021,TEA_operacional,solo_secundario,HOMBRE,32.0,5
2021,TEA_operacional,solo_secundario,HOMBRE,33.0,4
2021,TEA_operacional,solo_secundario,HOMBRE,35.0,6
2021,TEA_operacional,solo_secundario,HOMBRE,36.0,3
2021,TEA_operacional,solo_secundario,HOMBRE,37.0,1
2021,TEA_operacional,solo_secundario,HOMBRE,38.0,1
2021,TEA_operacional,solo_secundario,HOMBRE,39.0,3
2021,TEA_operacional,solo_secundario,HOMBRE,40.0,1
2021,TEA_operacional,solo_secundario,HOMBRE,42.0,1
2021,TEA_operacional,solo_secundario,HOMBRE,43.0,1
2021,TEA_operacional,solo_secundario,HOMBRE,44.0,1
2021,TEA_operacional,solo_secundario,HOMBRE,45.0,2
2021,TEA_operacional,solo_secundario,HOMBRE,46.0,2
2021,TEA_operacional,solo_secundario,HOMBRE,47.0,1
2021,TEA_operacional,solo_secundario,HOMBRE,48.0,1
2021,TEA_operacional,solo_secundario,HOMBRE,51.0,3
2021,TEA_operacional,solo_secundario,HOMBRE,52.0,2
2021,TEA_operacional,solo_secundario,HOMBRE,54.0,1
2021,TEA_operacional,solo_secundario,HOMBRE,55.0,1
2021,TEA_operacional,solo_secundario,HOMBRE,57.0,1
2021,TEA_operacional,solo_secundario,HOMBRE,59.0,2
2021,TEA_operacional,solo_secundario,HOMBRE,64.0,2
2021,TEA_operacional,solo_secundario,HOMBRE,66.0,1
2021,TEA_operacional,solo_secundario,HOMBRE,69.0,2
2021,TEA_operacional,solo_secundario,HOMBRE,74.0,2
2021,TEA_operacional,solo_secundario,HOMBRE,77.0,1
2021,TEA_operacional,solo_secundario,HOMBRE,81.0,1
2021,TEA_operacional,solo_secundario,HOMBRE,82.0,1
2021,TEA_operacional,solo_secundario,HOMBRE,87.0,1
2021,TEA_operacional,solo_secundario,MUJER,0.0,5
2021,TEA_operacional,solo_secundario,MUJER,1.0,12
2021,TEA_operacional,solo_secundario,MUJER,2.0,24
2021,TEA_operacional,solo_secundario,MUJER,3.0,33
2021,TEA_operacional,solo_secundario,MUJER,4.0,29
2021,TEA_operacional,solo_secundario,MUJER,5.0,31
2021,TEA_operacional,solo_secundario,MUJER,6.0,28
2021,TEA_operacional,solo_secundario,MUJER,7.0,17
2021,TEA_operacional,solo_secundario,MUJER,8.0,27
2021,TEA_operacional,solo_secundario,MUJER,9.0,11
2021,TEA_operacional,solo_secundario,MUJER,10.0,16
2021,TEA_operacional,solo_secundario,MUJER,11.0,28
2021,TEA_operacional,solo_secundario,MUJER,12.0,40
2021,TEA_operacional,solo_secundario,MUJER,13.0,45
2021,TEA_operacional,solo_secundario,MUJER,14.0,43
2021,TEA_operacional,solo_secundario,MUJER,15.0,25
2021,TEA_operacional,solo_secundario,MUJER,16.0,9
2021,TEA_operacional,solo_secundario,MUJER,17.0,17
2021,TEA_operacional,solo_secundario,MUJER,18.0,11
2021,TEA_operacional,solo_secundario,MUJER,19.0,11
2021,TEA_operacional,solo_secundario,MUJER,20.0,9
2021,TEA_operacional,solo_secundario,MUJER,21.0,3
2021,TEA_operacional,solo_secundario,MUJER,22.0,2
2021,TEA_operacional,solo_secundario,MUJER,23.0,2
2021,TEA_operacional,solo_secundario,MUJER,24.0,1
2021,TEA_operacional,solo_secundario,MUJER,25.0,5
2021,TEA_operacional,solo_secundario,MUJER,26.0,1
2021,TEA_operacional,solo_secundario,MUJER,27.0,3
2021,TEA_operacional,solo_secundario,MUJER,28.0,4
2021,TEA_operacional,solo_secundario,MUJER,31.0,2
2021,TEA_operacional,solo_secundario,MUJER,32.0,5
2021,TEA_operacional,solo_secundario,MUJER,33.0,3
2021,TEA_operacional,solo_secundario,MUJER,35.0,4
2021,TEA_operacional,solo_secundario,MUJER,36.0,3
2021,TEA_operacional,solo_secundario,MUJER,38.0,3
2021,TEA_operacional,solo_secundario,MUJER,41.0,1
2021,TEA_operacional,solo_secundario,MUJER,44.0,1
2021,TEA_operacional,solo_secundario,MUJER,48.0,1
2021,TEA_operacional,solo_secundario,MUJER,50.0,1
2021,TEA_operacional,solo_secundario,MUJER,52.0,1
2021,TEA_operacional,solo_secundario,MUJER,74.0,1
2021,TEA_operacional,solo_secundario,MUJER,79.0,1
2021,TEA_operacional,solo_secundario,,6.0,1
2022,TEA_operacional,principal,HOMBRE,1.0,1
2022,TEA_operacional,principal,HOMBRE,2.0,3
2022,TEA_operacional,principal,HOMBRE,3.0,14
2022,TEA_operacional,principal,HOMBRE,4.0,7
2022,TEA_operacional,principal,HOMBRE,5.0,3
2022,TEA_operacional,principal,HOMBRE,6.0,8
2022,TEA_operacional,principal,HOMBRE,7.0,4
2022,TEA_operacional,principal,HOMBRE,8.0,6
2022,TEA_operacional,principal,HOMBRE,9.0,3
2022,TEA_operacional,principal,HOMBRE,10.0,8
2022,TEA_operacional,principal,HOMBRE,11.0,13
2022,TEA_operacional,principal,HOMBRE,12.0,9
2022,TEA_operacional,principal,HOMBRE,13.0,12
2022,TEA_operacional,principal,HOMBRE,14.0,21
2022,TEA_operacional,principal,HOMBRE,15.0,24
2022,TEA_operacional,principal,HOMBRE,16.0,9
2022,TEA_operacional,principal,HOMBRE,17.0,11
2022,TEA_operacional,principal,HOMBRE,18.0,5
2022,TEA_operacional,principal,HOMBRE,19.0,7
2022,TEA_operacional,principal,HOMBRE,20.0,12
2022,TEA_operacional,principal,HOMBRE,21.0,3
2022,TEA_operacional,principal,HOMBRE,22.0,6
2022,TEA_operacional,principal,HOMBRE,23.0,3
2022,TEA_operacional,principal,HOMBRE,24.0,1
2022,TEA_operacional,principal,HOMBRE,26.0,2
2022,TEA_operacional,principal,HOMBRE,27.0,2
2022,TEA_operacional,principal,HOMBRE,29.0,1
2022,TEA_operacional,principal,HOMBRE,30.0,6
2022,TEA_operacional,principal,HOMBRE,31.0,1
2022,TEA_operacional,principal,HOMBRE,33.0,3
2022,TEA_operacional,principal,HOMBRE,34.0,1
2022,TEA_operacional,principal,HOMBRE,35.0,2
2022,TEA_operacional,principal,HOMBRE,36.0,1
2022,TEA_operacional,principal,HOMBRE,37.0,2
2022,TEA_operacional,principal,HOMBRE,38.0,2
2022,TEA_operacional,principal,HOMBRE,39.0,1
2022,TEA_operacional,principal,HOMBRE,45.0,2
2022,TEA_operacional,principal,HOMBRE,47.0,1
2022,TEA_operacional,principal,MUJER,2.0,3
2022,TEA_operacional,principal,MUJER,3.0,2
2022,TEA_operacional,principal,MUJER,4.0,1
2022,TEA_operacional,principal,MUJER,6.0,2
2022,TEA_operacional,principal,MUJER,7.0,1
2022,TEA_operacional,principal,MUJER,9.0,1
2022,TEA_operacional,principal,MUJER,10.0,1
2022,TEA_operacional,principal,MUJER,11.0,8
2022,TEA_operacional,principal,MUJER,12.0,8
2022,TEA_operacional,principal,MUJER,13.0,10
2022,TEA_operacional,principal,MUJER,14.0,8
2022,TEA_operacional,principal,MUJER,15.0,7
2022,TEA_operacional,principal,MUJER,16.0,4
2022,TEA_operacional,principal,MUJER,17.0,1
2022,TEA_operacional,principal,MUJER,18.0,1
2022,TEA_operacional,principal,MUJER,19.0,1
2022,TEA_operacional,principal,MUJER,23.0,1
2022,TEA_operacional,principal,MUJER,26.0,4
2022,TEA_operacional,principal,MUJER,31.0,1
2022,TEA_operacional,principal,MUJER,49.0,1
2022,TEA_operacional,principal_y_secundario,HOMBRE,3.0,1
2022,TEA_operacional,principal_y_secundario,HOMBRE,8.0,1
2022,TEA_operacional,principal_y_secundario,HOMBRE,10.0,1
2022,TEA_operacional,principal_y_secundario,HOMBRE,17.0,1
2022,TEA_operacional,principal_y_secundario,HOMBRE,38.0,1
2022,TEA_operacional,principal_y_secundario,MUJER,14.0,1
2022,TEA_operacional,principal_y_secundario,MUJER,19.0,1
2022,TEA_operacional,principal_y_secundario,MUJER,25.0,1
2022,TEA_operacional,solo_secundario,HOMBRE,0.0,13
2022,TEA_operacional,solo_secundario,HOMBRE,1.0,44
2022,TEA_operacional,solo_secundario,HOMBRE,2.0,151
2022,TEA_operacional,solo_secundario,HOMBRE,3.0,230
2022,TEA_operacional,solo_secundario,HOMBRE,4.0,244
2022,TEA_operacional,solo_secundario,HOMBRE,5.0,238
2022,TEA_operacional,solo_secundario,HOMBRE,6.0,186
2022,TEA_operacional,solo_secundario,HOMBRE,7.0,166
2022,TEA_operacional,solo_secundario,HOMBRE,8.0,174
2022,TEA_operacional,solo_secundario,HOMBRE,9.0,127
2022,TEA_operacional,solo_secundario,HOMBRE,10.0,113
2022,TEA_operacional,solo_secundario,HOMBRE,11.0,129
2022,TEA_operacional,solo_secundario,HOMBRE,12.0,97
2022,TEA_operacional,solo_secundario,HOMBRE,13.0,122
2022,TEA_operacional,solo_secundario,HOMBRE,14.0,119
2022,TEA_operacional,solo_secundario,HOMBRE,15.0,92
2022,TEA_operacional,solo_secundario,HOMBRE,16.0,65
2022,TEA_operacional,solo_secundario,HOMBRE,17.0,40
2022,TEA_operacional,solo_secundario,HOMBRE,18.0,37
2022,TEA_operacional,solo_secundario,HOMBRE,19.0,36
2022,TEA_operacional,solo_secundario,HOMBRE,20.0,19
2022,TEA_operacional,solo_secundario,HOMBRE,21.0,18
2022,TEA_operacional,solo_secundario,HOMBRE,22.0,10
2022,TEA_operacional,solo_secundario,HOMBRE,23.0,8
2022,TEA_operacional,solo_secundario,HOMBRE,24.0,22
2022,TEA_operacional,solo_secundario,HOMBRE,25.0,5
2022,TEA_operacional,solo_secundario,HOMBRE,26.0,14
2022,TEA_operacional,solo_secundario,HOMBRE,27.0,13
2022,TEA_operacional,solo_secundario,HOMBRE,28.0,15
2022,TEA_operacional,solo_secundario,HOMBRE,29.0,15
2022,TEA_operacional,solo_secundario,HOMBRE,30.0,7
2022,TEA_operacional,solo_secundario,HOMBRE,31.0,9
2022,TEA_operacional,solo_secundario,HOMBRE,32.0,11
2022,TEA_operacional,solo_secundario,HOMBRE,33.0,7
2022,TEA_operacional,solo_secundario,HOMBRE,34.0,3
2022,TEA_operacional,solo_secundario,HOMBRE,35.0,4
2022,TEA_operacional,solo_secundario,HOMBRE,36.0,4
2022,TEA_operacional,solo_secundario,HOMBRE,37.0,7
2022,TEA_operacional,solo_secundario,HOMBRE,38.0,5
2022,TEA_operacional,solo_secundario,HOMBRE,39.0,1
2022,TEA_operacional,solo_secundario,HOMBRE,40.0,1
2022,TEA_operacional,solo_secundario,HOMBRE,41.0,3
2022,TEA_operacional,solo_secundario,HOMBRE,42.0,3
2022,TEA_operacional,solo_secundario,HOMBRE,43.0,4
2022,TEA_operacional,solo_secundario,HOMBRE,44.0,3
2022,TEA_operacional,solo_secundario,HOMBRE,45.0,1
2022,TEA_operacional,solo_secundario,HOMBRE,47.0,3
2022,TEA_operacional,solo_secundario,HOMBRE,48.0,3
2022,TEA_operacional,solo_secundario,HOMBRE,49.0,1
2022,TEA_operacional,solo_secundario,HOMBRE,51.0,1
2022,TEA_operacional,solo_secundario,HOMBRE,52.0,2
2022,TEA_operacional,solo_secundario,HOMBRE,53.0,1
2022,TEA_operacional,solo_secundario,HOMBRE,60.0,1
2022,TEA_operacional,solo_secundario,HOMBRE,62.0,1
2022,TEA_operacional,solo_secundario,HOMBRE,63.0,1
2022,TEA_operacional,solo_secundario,HOMBRE,68.0,1
2022,TEA_operacional,solo_secundario,HOMBRE,69.0,1
2022,TEA_operacional,solo_secundario,HOMBRE,71.0,2
2022,TEA_operacional,solo_secundario,HOMBRE,78.0,2
2022,TEA_operacional,solo_secundario,MUJER,0.0,5
2022,TEA_operacional,solo_secundario,MUJER,1.0,19
2022,TEA_operacional,solo_secundario,MUJER,2.0,60
2022,TEA_operacional,solo_secundario,MUJER,3.0,73
2022,TEA_operacional,solo_secundario,MUJER,4.0,79
2022,TEA_operacional,solo_secundario,MUJER,5.0,54
2022,TEA_operacional,solo_secundario,MUJER,6.0,32
2022,TEA_operacional,solo_secundario,MUJER,7.0,39
2022,TEA_operacional,solo_secundario,MUJER,8.0,32
2022,TEA_operacional,solo_secundario,MUJER,9.0,31
2022,TEA_operacional,solo_secundario,MUJER,10.0,17
2022,TEA_operacional,solo_secundario,MUJER,11.0,26
2022,TEA_operacional,solo_secundario,MUJER,12.0,56
2022,TEA_operacional,solo_secundario,MUJER,13.0,71
2022,TEA_operacional,solo_secundario,MUJER,14.0,79
2022,TEA_operacional,solo_secundario,MUJER,15.0,43
2022,TEA_operacional,solo_secundario,MUJER,16.0,32
2022,TEA_operacional,solo_secundario,MUJER,17.0,29
2022,TEA_operacional,solo_secundario,MUJER,18.0,17
2022,TEA_operacional,solo_secundario,MUJER,19.0,7
2022,TEA_operacional,solo_secundario,MUJER,20.0,10
2022,TEA_operacional,solo_secundario,MUJER,21.0,5
2022,TEA_operacional,solo_secundario,MUJER,22.0,8
2022,TEA_operacional,solo_secundario,MUJER,23.0,9
2022,TEA_operacional,solo_secundario,MUJER,24.0,4
2022,TEA_operacional,solo_secundario,MUJER,25.0,6
2022,TEA_operacional,solo_secundario,MUJER,26.0,2
2022,TEA_operacional,solo_secundario,MUJER,27.0,2
2022,TEA_operacional,solo_secundario,MUJER,28.0,6
2022,TEA_operacional,solo_secundario,MUJER,29.0,6
2022,TEA_operacional,solo_secundario,MUJER,31.0,4
2022,TEA_operacional,solo_secundario,MUJER,33.0,4
2022,TEA_operacional,solo_secundario,MUJER,34.0,1
2022,TEA_operacional,solo_secundario,MUJER,35.0,1
2022,TEA_operacional,solo_secundario,MUJER,36.0,6
2022,TEA_operacional,solo_secundario,MUJER,37.0,4
2022,TEA_operacional,solo_secundario,MUJER,38.0,1
2022,TEA_operacional,solo_secundario,MUJER,39.0,2
2022,TEA_operacional,solo_secundario,MUJER,41.0,1
2022,TEA_operacional,solo_secundario,MUJER,45.0,1
2022,TEA_operacional,solo_secundario,MUJER,47.0,3
2022,TEA_operacional,solo_secundario,MUJER,48.0,2
2022,TEA_operacional,solo_secundario,MUJER,55.0,1
2022,TEA_operacional,solo_secundario,MUJER,56.0,2
2022,TEA_operacional,solo_secundario,MUJER,58.0,1
2022,TEA_operacional,solo_secundario,MUJER,59.0,1
2022,TEA_operacional,solo_secundario,MUJER,60.0,1
2022,TEA_operacional,solo_secundario,MUJER,65.0,1
2022,TEA_operacional,solo_secundario,MUJER,66.0,1
2022,TEA_operacional,solo_secundario,MUJER,73.0,1
2022,TEA_operacional,solo_secundario,MUJER,74.0,1
2022,TEA_operacional,solo_secundario,MUJER,76.0,2
2022,TEA_operacional,solo_secundario,,5.0,1
2023,TEA_operacional,principal,HOMBRE,2.0,2
2023,TEA_operacional,principal,HOMBRE,3.0,6
2023,TEA_operacional,principal,HOMBRE,4.0,3
2023,TEA_operacional,principal,HOMBRE,5.0,2
2023,TEA_operacional,principal,HOMBRE,6.0,5
2023,TEA_operacional,principal,HOMBRE,7.0,8
2023,TEA_operacional,principal,HOMBRE,8.0,3
2023,TEA_operacional,principal,HOMBRE,9.0,10
2023,TEA_operacional,principal,HOMBRE,10.0,9
2023,TEA_operacional,principal,HOMBRE,11.0,6
2023,TEA_operacional,principal,HOMBRE,12.0,12
2023,TEA_operacional,principal,HOMBRE,13.0,18
2023,TEA_operacional,principal,HOMBRE,14.0,10
2023,TEA_operacional,principal,HOMBRE,15.0,29
2023,TEA_operacional,principal,HOMBRE,16.0,61
2023,TEA_operacional,principal,HOMBRE,17.0,12
2023,TEA_operacional,principal,HOMBRE,18.0,2
2023,TEA_operacional,principal,HOMBRE,19.0,5
2023,TEA_operacional,principal,HOMBRE,20.0,7
2023,TEA_operacional,principal,HOMBRE,21.0,7
2023,TEA_operacional,principal,HOMBRE,22.0,8
2023,TEA_operacional,principal,HOMBRE,23.0,3
2023,TEA_operacional,principal,HOMBRE,25.0,3
2023,TEA_operacional,principal,HOMBRE,27.0,2
2023,TEA_operacional,principal,HOMBRE,30.0,3
2023,TEA_operacional,principal,HOMBRE,31.0,6
2023,TEA_operacional,principal,HOMBRE,33.0,2
2023,TEA_operacional,principal,HOMBRE,34.0,1
2023,TEA_operacional,principal,HOMBRE,36.0,2
2023,TEA_operacional,principal,HOMBRE,37.0,2
2023,TEA_operacional,principal,MUJER,0.0,1
2023,TEA_operacional,principal,MUJER,1.0,2
2023,TEA_operacional,principal,MUJER,2.0,3
2023,TEA_operacional,principal,MUJER,3.0,4
2023,TEA_operacional,principal,MUJER,4.0,1
2023,TEA_operacional,principal,MUJER,5.0,3
2023,TEA_operacional,principal,MUJER,6.0,4
2023,TEA_operacional,principal,MUJER,7.0,4
2023,TEA_operacional,principal,MUJER,8.0,1
2023,TEA_operacional,principal,MUJER,9.0,1
2023,TEA_operacional,principal,MUJER,10.0,2
2023,TEA_operacional,principal,MUJER,11.0,5
2023,TEA_operacional,principal,MUJER,12.0,9
2023,TEA_operacional,principal,MUJER,13.0,8
2023,TEA_operacional,principal,MUJER,14.0,11
2023,TEA_operacional,principal,MUJER,15.0,9
2023,TEA_operacional,principal,MUJER,16.0,10
2023,TEA_operacional,principal,MUJER,17.0,4
2023,TEA_operacional,principal,MUJER,18.0,2
2023,TEA_operacional,principal,MUJER,19.0,3
2023,TEA_operacional,principal,MUJER,20.0,1
2023,TEA_operacional,principal,MUJER,21.0,1
2023,TEA_operacional,principal,MUJER,24.0,1
2023,TEA_operacional,principal,MUJER,25.0,2
2023,TEA_operacional,principal,MUJER,27.0,1
2023,TEA_operacional,principal,MUJER,29.0,5
2023,TEA_operacional,principal,MUJER,31.0,1
2023,TEA_operacional,principal,MUJER,32.0,1
2023,TEA_operacional,principal,MUJER,42.0,1
2023,TEA_operacional,principal,MUJER,50.0,1
2023,TEA_operacional,principal_y_secundario,HOMBRE,11.0,1
2023,TEA_operacional,principal_y_secundario,HOMBRE,13.0,1
2023,TEA_operacional,principal_y_secundario,HOMBRE,18.0,1
2023,TEA_operacional,principal_y_secundario,HOMBRE,21.0,1
2023,TEA_operacional,principal_y_secundario,HOMBRE,24.0,1
2023,TEA_operacional,principal_y_secundario,HOMBRE,27.0,2
2023,TEA_operacional,solo_secundario,HOMBRE,0.0,7
2023,TEA_operacional,solo_secundario,HOMBRE,1.0,65
2023,TEA_operacional,solo_secundario,HOMBRE,2.0,183
2023,TEA_operacional,solo_secundario,HOMBRE,3.0,373
2023,TEA_operacional,solo_secundario,HOMBRE,4.0,419
2023,TEA_operacional,solo_secundario,HOMBRE,5.0,351
2023,TEA_operacional,solo_secundario,HOMBRE,6.0,381
2023,TEA_operacional,solo_secundario,HOMBRE,7.0,287
2023,TEA_operacional,solo_secundario,HOMBRE,8.0,212
2023,TEA_operacional,solo_secundario,HOMBRE,9.0,236
2023,TEA_operacional,solo_secundario,HOMBRE,10.0,197
2023,TEA_operacional,solo_secundario,HOMBRE,11.0,149
2023,TEA_operacional,solo_secundario,HOMBRE,12.0,187
2023,TEA_operacional,solo_secundario,HOMBRE,13.0,166
2023,TEA_operacional,solo_secundario,HOMBRE,14.0,182
2023,TEA_operacional,solo_secundario,HOMBRE,15.0,143
2023,TEA_operacional,solo_secundario,HOMBRE,16.0,132
2023,TEA_operacional,solo_secundario,HOMBRE,17.0,114
2023,TEA_operacional,solo_secundario,HOMBRE,18.0,57
2023,TEA_operacional,solo_secundario,HOMBRE,19.0,39
2023,TEA_operacional,solo_secundario,HOMBRE,20.0,41
2023,TEA_operacional,solo_secundario,HOMBRE,21.0,41
2023,TEA_operacional,solo_secundario,HOMBRE,22.0,24
2023,TEA_operacional,solo_secundario,HOMBRE,23.0,22
2023,TEA_operacional,solo_secundario,HOMBRE,24.0,22
2023,TEA_operacional,solo_secundario,HOMBRE,25.0,20
2023,TEA_operacional,solo_secundario,HOMBRE,26.0,15
2023,TEA_operacional,solo_secundario,HOMBRE,27.0,13
2023,TEA_operacional,solo_secundario,HOMBRE,28.0,11
2023,TEA_operacional,solo_secundario,HOMBRE,29.0,11
2023,TEA_operacional,solo_secundario,HOMBRE,30.0,11
2023,TEA_operacional,solo_secundario,HOMBRE,31.0,12
2023,TEA_operacional,solo_secundario,HOMBRE,32.0,14
2023,TEA_operacional,solo_secundario,HOMBRE,33.0,11
2023,TEA_operacional,solo_secundario,HOMBRE,34.0,8
2023,TEA_operacional,solo_secundario,HOMBRE,35.0,10
2023,TEA_operacional,solo_secundario,HOMBRE,36.0,4
2023,TEA_operacional,solo_secundario,HOMBRE,37.0,4
2023,TEA_operacional,solo_secundario,HOMBRE,38.0,4
2023,TEA_operacional,solo_secundario,HOMBRE,39.0,1
2023,TEA_operacional,solo_secundario,HOMBRE,40.0,5
2023,TEA_operacional,solo_secundario,HOMBRE,41.0,4
2023,TEA_operacional,solo_secundario,HOMBRE,42.0,3
2023,TEA_operacional,solo_secundario,HOMBRE,43.0,1
2023,TEA_operacional,solo_secundario,HOMBRE,44.0,4
2023,TEA_operacional,solo_secundario,HOMBRE,45.0,3
2023,TEA_operacional,solo_secundario,HOMBRE,48.0,1
2023,TEA_operacional,solo_secundario,HOMBRE,49.0,5
2023,TEA_operacional,solo_secundario,HOMBRE,50.0,2
2023,TEA_operacional,solo_secundario,HOMBRE,51.0,1
2023,TEA_operacional,solo_secundario,HOMBRE,52.0,2
2023,TEA_operacional,solo_secundario,HOMBRE,53.0,1
2023,TEA_operacional,solo_secundario,HOMBRE,54.0,2
2023,TEA_operacional,solo_secundario,HOMBRE,59.0,1
2023,TEA_operacional,solo_secundario,HOMBRE,60.0,1
2023,TEA_operacional,solo_secundario,HOMBRE,61.0,3
2023,TEA_operacional,solo_secundario,HOMBRE,62.0,2
2023,TEA_operacional,solo_secundario,HOMBRE,63.0,3
2023,TEA_operacional,solo_secundario,HOMBRE,67.0,1
2023,TEA_operacional,solo_secundario,HOMBRE,69.0,1
2023,TEA_operacional,solo_secundario,HOMBRE,70.0,1
2023,TEA_operacional,solo_secundario,HOMBRE,71.0,1
2023,TEA_operacional,solo_secundario,HOMBRE,73.0,1
2023,TEA_operacional,solo_secundario,HOMBRE,77.0,1
2023,TEA_operacional,solo_secundario,HOMBRE,80.0,1
2023,TEA_operacional,solo_secundario,MUJER,0.0,12
2023,TEA_operacional,solo_secundario,MUJER,1.0,18
2023,TEA_operacional,solo_secundario,MUJER,2.0,89
2023,TEA_operacional,solo_secundario,MUJER,3.0,108
2023,TEA_operacional,solo_secundario,MUJER,4.0,133
2023,TEA_operacional,solo_secundario,MUJER,5.0,112
2023,TEA_operacional,solo_secundario,MUJER,6.0,81
2023,TEA_operacional,solo_secundario,MUJER,7.0,79
2023,TEA_operacional,solo_secundario,MUJER,8.0,70
2023,TEA_operacional,solo_secundario,MUJER,9.0,43
2023,TEA_operacional,solo_secundario,MUJER,10.0,59
2023,TEA_operacional,solo_secundario,MUJER,11.0,61
2023,TEA_operacional,solo_secundario,MUJER,12.0,113
2023,TEA_operacional,solo_secundario,MUJER,13.0,143
2023,TEA_operacional,solo_secundario,MUJER,14.0,152
2023,TEA_operacional,solo_secundario,MUJER,15.0,112
2023,TEA_operacional,solo_secundario,MUJER,16.0,79
2023,TEA_operacional,solo_secundario,MUJER,17.0,66
2023,TEA_operacional,solo_secundario,MUJER,18.0,26
2023,TEA_operacional,solo_secundario,MUJER,19.0,18
2023,TEA_operacional,solo_secundario,MUJER,20.0,23
2023,TEA_operacional,solo_secundario,MUJER,21.0,23
2023,TEA_operacional,solo_secundario,MUJER,22.0,12
2023,TEA_operacional,solo_secundario,MUJER,23.0,19
2023,TEA_operacional,solo_secundario,MUJER,24.0,16
2023,TEA_operacional,solo_secundario,MUJER,25.0,11
2023,TEA_operacional,solo_secundario,MUJER,26.0,12
2023,TEA_operacional,solo_secundario,MUJER,27.0,13
2023,TEA_operacional,solo_secundario,MUJER,28.0,14
2023,TEA_operacional,solo_secundario,MUJER,29.0,10
2023,TEA_operacional,solo_secundario,MUJER,30.0,5
2023,TEA_operacional,solo_secundario,MUJER,31.0,9
2023,TEA_operacional,solo_secundario,MUJER,32.0,8
2023,TEA_operacional,solo_secundario,MUJER,33.0,7
2023,TEA_operacional,solo_secundario,MUJER,34.0,10
2023,TEA_operacional,solo_secundario,MUJER,35.0,6
2023,TEA_operacional,solo_secundario,MUJER,36.0,2
2023,TEA_operacional,solo_secundario,MUJER,37.0,4
2023,TEA_operacional,solo_secundario,MUJER,38.0,3
2023,TEA_operacional,solo_secundario,MUJER,39.0,3
2023,TEA_operacional,solo_secundario,MUJER,40.0,2
2023,TEA_operacional,solo_secundario,MUJER,41.0,1
2023,TEA_operacional,solo_secundario,MUJER,42.0,1
2023,TEA_operacional,solo_secundario,MUJER,43.0,2
2023,TEA_operacional,solo_secundario,MUJER,44.0,1
2023,TEA_operacional,solo_secundario,MUJER,45.0,5
2023,TEA_operacional,solo_secundario,MUJER,46.0,2
2023,TEA_operacional,solo_secundario,MUJER,47.0,4
2023,TEA_operacional,solo_secundario,MUJER,49.0,2
2023,TEA_operacional,solo_secundario,MUJER,50.0,1
2023,TEA_operacional,solo_secundario,MUJER,51.0,2
2023,TEA_operacional,solo_secundario,MUJER,56.0,1
2023,TEA_operacional,solo_secundario,MUJER,58.0,2
2023,TEA_operacional,solo_secundario,MUJER,59.0,1
2023,TEA_operacional,solo_secundario,MUJER,60.0,2
2023,TEA_operacional,solo_secundario,MUJER,76.0,1
2023,TEA_operacional,solo_secundario,MUJER,80.0,1
2023,TEA_operacional,solo_secundario,MUJER,83.0,1
2023,TEA_operacional,solo_secundario,,4.0,1
2023,TEA_operacional,solo_secundario,,16.0,1
2024,TEA_operacional,principal,HOMBRE,0.0,1
2024,TEA_operacional,principal,HOMBRE,1.0,1
2024,TEA_operacional,principal,HOMBRE,2.0,4
2024,TEA_operacional,principal,HOMBRE,3.0,4
2024,TEA_operacional,principal,HOMBRE,4.0,6
2024,TEA_operacional,principal,HOMBRE,5.0,5
2024,TEA_operacional,principal,HOMBRE,6.0,7
2024,TEA_operacional,principal,HOMBRE,7.0,13
2024,TEA_operacional,principal,HOMBRE,8.0,7
2024,TEA_operacional,principal,HOMBRE,9.0,2
2024,TEA_operacional,principal,HOMBRE,10.0,22
2024,TEA_operacional,principal,HOMBRE,11.0,11
2024,TEA_operacional,principal,HOMBRE,12.0,18
2024,TEA_operacional,principal,HOMBRE,13.0,18
2024,TEA_operacional,principal,HOMBRE,14.0,23
2024,TEA_operacional,principal,HOMBRE,15.0,12
2024,TEA_operacional,principal,HOMBRE,16.0,11
2024,TEA_operacional,principal,HOMBRE,17.0,17
2024,TEA_operacional,principal,HOMBRE,18.0,6
2024,TEA_operacional,principal,HOMBRE,19.0,8
2024,TEA_operacional,principal,HOMBRE,20.0,5
2024,TEA_operacional,principal,HOMBRE,21.0,12
2024,TEA_operacional,principal,HOMBRE,22.0,6
2024,TEA_operacional,principal,HOMBRE,24.0,7
2024,TEA_operacional,principal,HOMBRE,25.0,7
2024,TEA_operacional,principal,HOMBRE,26.0,2
2024,TEA_operacional,principal,HOMBRE,28.0,2
2024,TEA_operacional,principal,HOMBRE,29.0,4
2024,TEA_operacional,principal,HOMBRE,31.0,1
2024,TEA_operacional,principal,HOMBRE,34.0,3
2024,TEA_operacional,principal,HOMBRE,35.0,4
2024,TEA_operacional,principal,HOMBRE,36.0,2
2024,TEA_operacional,principal,HOMBRE,44.0,1
2024,TEA_operacional,principal,HOMBRE,46.0,1
2024,TEA_operacional,principal,HOMBRE,,2
2024,TEA_operacional,principal,MUJER,5.0,3
2024,TEA_operacional,principal,MUJER,6.0,5
2024,TEA_operacional,principal,MUJER,7.0,2
2024,TEA_operacional,principal,MUJER,8.0,1
2024,TEA_operacional,principal,MUJER,9.0,8
2024,TEA_operacional,principal,MUJER,10.0,5
2024,TEA_operacional,principal,MUJER,11.0,8
2024,TEA_operacional,principal,MUJER,12.0,14
2024,TEA_operacional,principal,MUJER,13.0,18
2024,TEA_operacional,principal,MUJER,14.0,11
2024,TEA_operacional,principal,MUJER,15.0,8
2024,TEA_operacional,principal,MUJER,16.0,10
2024,TEA_operacional,principal,MUJER,17.0,7
2024,TEA_operacional,principal,MUJER,18.0,4
2024,TEA_operacional,principal,MUJER,19.0,2
2024,TEA_operacional,principal,MUJER,21.0,2
2024,TEA_operacional,principal,MUJER,22.0,1
2024,TEA_operacional,principal,MUJER,25.0,1
2024,TEA_operacional,principal,MUJER,28.0,1
2024,TEA_operacional,principal,MUJER,30.0,2
2024,TEA_operacional,principal,MUJER,31.0,1
2024,TEA_operacional,principal,MUJER,35.0,1
2024,TEA_operacional,principal,MUJER,40.0,1
2024,TEA_operacional,principal,MUJER,56.0,2
2024,TEA_operacional,principal_y_secundario,HOMBRE,5.0,1
2024,TEA_operacional,principal_y_secundario,HOMBRE,13.0,1
2024,TEA_operacional,principal_y_secundario,HOMBRE,15.0,1
2024,TEA_operacional,principal_y_secundario,HOMBRE,21.0,1
2024,TEA_operacional,principal_y_secundario,HOMBRE,23.0,2
2024,TEA_operacional,principal_y_secundario,HOMBRE,26.0,1
2024,TEA_operacional,principal_y_secundario,HOMBRE,32.0,1
2024,TEA_operacional,principal_y_secundario,MUJER,2.0,1
2024,TEA_operacional,principal_y_secundario,MUJER,10.0,1
2024,TEA_operacional,principal_y_secundario,MUJER,11.0,1
2024,TEA_operacional,principal_y_secundario,MUJER,13.0,2
2024,TEA_operacional,principal_y_secundario,MUJER,17.0,2
2024,TEA_operacional,solo_secundario,HOMBRE,0.0,11
2024,TEA_operacional,solo_secundario,HOMBRE,1.0,46
2024,TEA_operacional,solo_secundario,HOMBRE,2.0,216
2024,TEA_operacional,solo_secundario,HOMBRE,3.0,312
2024,TEA_operacional,solo_secundario,HOMBRE,4.0,467
2024,TEA_operacional,solo_secundario,HOMBRE,5.0,512
2024,TEA_operacional,solo_secundario,HOMBRE,6.0,489
2024,TEA_operacional,solo_secundario,HOMBRE,7.0,425
2024,TEA_operacional,solo_secundario,HOMBRE,8.0,393
2024,TEA_operacional,solo_secundario,HOMBRE,9.0,304
2024,TEA_operacional,solo_secundario,HOMBRE,10.0,305
2024,TEA_operacional,solo_secundario,HOMBRE,11.0,230
2024,TEA_operacional,solo_secundario,HOMBRE,12.0,290
2024,TEA_operacional,solo_secundario,HOMBRE,13.0,239
2024,TEA_operacional,solo_secundario,HOMBRE,14.0,247
2024,TEA_operacional,solo_secundario,HOMBRE,15.0,187
2024,TEA_operacional,solo_secundario,HOMBRE,16.0,139
2024,TEA_operacional,solo_secundario,HOMBRE,17.0,138
2024,TEA_operacional,solo_secundario,HOMBRE,18.0,83
2024,TEA_operacional,solo_secundario,HOMBRE,19.0,69
2024,TEA_operacional,solo_secundario,HOMBRE,20.0,63
2024,TEA_operacional,solo_secundario,HOMBRE,21.0,55
2024,TEA_operacional,solo_secundario,HOMBRE,22.0,28
2024,TEA_operacional,solo_secundario,HOMBRE,23.0,35
2024,TEA_operacional,solo_secundario,HOMBRE,24.0,28
2024,TEA_operacional,solo_secundario,HOMBRE,25.0,24
2024,TEA_operacional,solo_secundario,HOMBRE,26.0,25
2024,TEA_operacional,solo_secundario,HOMBRE,27.0,16
2024,TEA_operacional,solo_secundario,HOMBRE,28.0,21
2024,TEA_operacional,solo_secundario,HOMBRE,29.0,18
2024,TEA_operacional,solo_secundario,HOMBRE,30.0,11
2024,TEA_operacional,solo_secundario,HOMBRE,31.0,12
2024,TEA_operacional,solo_secundario,HOMBRE,32.0,18
2024,TEA_operacional,solo_secundario,HOMBRE,33.0,9
2024,TEA_operacional,solo_secundario,HOMBRE,34.0,8
2024,TEA_operacional,solo_secundario,HOMBRE,35.0,9
2024,TEA_operacional,solo_secundario,HOMBRE,36.0,10
2024,TEA_operacional,solo_secundario,HOMBRE,37.0,4
2024,TEA_operacional,solo_secundario,HOMBRE,38.0,6
2024,TEA_operacional,solo_secundario,HOMBRE,39.0,5
2024,TEA_operacional,solo_secundario,HOMBRE,40.0,4
2024,TEA_operacional,solo_secundario,HOMBRE,41.0,3
2024,TEA_operacional,solo_secundario,HOMBRE,42.0,5
2024,TEA_operacional,solo_secundario,HOMBRE,43.0,4
2024,TEA_operacional,solo_secundario,HOMBRE,44.0,5
2024,TEA_operacional,solo_secundario,HOMBRE,45.0,4
2024,TEA_operacional,solo_secundario,HOMBRE,46.0,3
2024,TEA_operacional,solo_secundario,HOMBRE,47.0,2
2024,TEA_operacional,solo_secundario,HOMBRE,48.0,4
2024,TEA_operacional,solo_secundario,HOMBRE,49.0,1
2024,TEA_operacional,solo_secundario,HOMBRE,50.0,4
2024,TEA_operacional,solo_secundario,HOMBRE,51.0,2
2024,TEA_operacional,solo_secundario,HOMBRE,52.0,4
2024,TEA_operacional,solo_secundario,HOMBRE,53.0,1
2024,TEA_operacional,solo_secundario,HOMBRE,54.0,1
2024,TEA_operacional,solo_secundario,HOMBRE,55.0,2
2024,TEA_operacional,solo_secundario,HOMBRE,57.0,3
2024,TEA_operacional,solo_secundario,HOMBRE,58.0,1
2024,TEA_operacional,solo_secundario,HOMBRE,59.0,1
2024,TEA_operacional,solo_secundario,HOMBRE,60.0,2
2024,TEA_operacional,solo_secundario,HOMBRE,61.0,3
2024,TEA_operacional,solo_secundario,HOMBRE,62.0,4
2024,TEA_operacional,solo_secundario,HOMBRE,65.0,2
2024,TEA_operacional,solo_secundario,HOMBRE,67.0,2
2024,TEA_operacional,solo_secundario,HOMBRE,68.0,1
2024,TEA_operacional,solo_secundario,HOMBRE,72.0,1
2024,TEA_operacional,solo_secundario,HOMBRE,75.0,1
2024,TEA_operacional,solo_secundario,HOMBRE,78.0,1
2024,TEA_operacional,solo_secundario,HOMBRE,,1
2024,TEA_operacional,solo_secundario,MUJER,0.0,4
2024,TEA_operacional,solo_secundario,MUJER,1.0,22
2024,TEA_operacional,solo_secundario,MUJER,2.0,66
2024,TEA_operacional,solo_secundario,MUJER,3.0,105
2024,TEA_operacional,solo_secundario,MUJER,4.0,150
2024,TEA_operacional,solo_secundario,MUJER,5.0,137
2024,TEA_operacional,solo_secundario,MUJER,6.0,117
2024,TEA_operacional,solo_secundario,MUJER,7.0,108
2024,TEA_operacional,solo_secundario,MUJER,8.0,117
2024,TEA_operacional,solo_secundario,MUJER,9.0,87
2024,TEA_operacional,solo_secundario,MUJER,10.0,89
2024,TEA_operacional,solo_secundario,MUJER,11.0,106
2024,TEA_operacional,solo_secundario,MUJER,12.0,150
2024,TEA_operacional,solo_secundario,MUJER,13.0,243
2024,TEA_operacional,solo_secundario,MUJER,14.0,241
2024,TEA_operacional,solo_secundario,MUJER,15.0,171
2024,TEA_operacional,solo_secundario,MUJER,16.0,136
2024,TEA_operacional,solo_secundario,MUJER,17.0,115
2024,TEA_operacional,solo_secundario,MUJER,18.0,75
2024,TEA_operacional,solo_secundario,MUJER,19.0,54
2024,TEA_operacional,solo_secundario,MUJER,20.0,44
2024,TEA_operacional,solo_secundario,MUJER,21.0,39
2024,TEA_operacional,solo_secundario,MUJER,22.0,29
2024,TEA_operacional,solo_secundario,MUJER,23.0,26
2024,TEA_operacional,solo_secundario,MUJER,24.0,36
2024,TEA_operacional,solo_secundario,MUJER,25.0,34
2024,TEA_operacional,solo_secundario,MUJER,26.0,22
2024,TEA_operacional,solo_secundario,MUJER,27.0,15
2024,TEA_operacional,solo_secundario,MUJER,28.0,16
2024,TEA_operacional,solo_secundario,MUJER,29.0,23
2024,TEA_operacional,solo_secundario,MUJER,30.0,12
2024,TEA_operacional,solo_secundario,MUJER,31.0,16
2024,TEA_operacional,solo_secundario,MUJER,32.0,15
2024,TEA_operacional,solo_secundario,MUJER,33.0,10
2024,TEA_operacional,solo_secundario,MUJER,34.0,9
2024,TEA_operacional,solo_secundario,MUJER,35.0,6
2024,TEA_operacional,solo_secundario,MUJER,36.0,15
2024,TEA_operacional,solo_secundario,MUJER,37.0,6
2024,TEA_operacional,solo_secundario,MUJER,38.0,8
2024,TEA_operacional,solo_secundario,MUJER,39.0,8
2024,TEA_operacional,solo_secundario,MUJER,40.0,4
2024,TEA_operacional,solo_secundario,MUJER,41.0,9
2024,TEA_operacional,solo_secundario,MUJER,42.0,7
2024,TEA_operacional,solo_secundario,MUJER,43.0,3
2024,TEA_operacional,solo_secundario,MUJER,44.0,1
2024,TEA_operacional,solo_secundario,MUJER,45.0,3
2024,TEA_operacional,solo_secundario,MUJER,46.0,1
2024,TEA_operacional,solo_secundario,MUJER,47.0,3
2024,TEA_operacional,solo_secundario,MUJER,48.0,2
2024,TEA_operacional,solo_secundario,MUJER,49.0,2
2024,TEA_operacional,solo_secundario,MUJER,50.0,4
2024,TEA_operacional,solo_secundario,MUJER,51.0,1
2024,TEA_operacional,solo_secundario,MUJER,52.0,1
2024,TEA_operacional,solo_secundario,MUJER,53.0,1
2024,TEA_operacional,solo_secundario,MUJER,54.0,1
2024,TEA_operacional,solo_secundario,MUJER,56.0,2
2024,TEA_operacional,solo_secundario,MUJER,57.0,2
2024,TEA_operacional,solo_secundario,MUJER,60.0,1
2024,TEA_operacional,solo_secundario,MUJER,62.0,1
2024,TEA_operacional,solo_secundario,MUJER,65.0,2
2024,TEA_operacional,solo_secundario,MUJER,66.0,1
2024,TEA_operacional,solo_secundario,MUJER,71.0,1
2024,TEA_operacional,solo_secundario,MUJER,73.0,1
2024,TEA_operacional,solo_secundario,MUJER,74.0,1
2024,TEA_operacional,solo_secundario,MUJER,79.0,1
2024,TEA_operacional,solo_secundario,MUJER,80.0,1
2024,TEA_operacional,solo_secundario,MUJER,81.0,1
2024,TEA_operacional,solo_secundario,MUJER,82.0,1
2024,TEA_operacional,solo_secundario,MUJER,84.0,2
2024,TEA_operacional,solo_secundario,MUJER,88.0,1
2024,TEA_operacional,solo_secundario,MUJER,89.0,1
2024,TEA_operacional,solo_secundario,,3.0,1
2024,TEA_operacional,solo_secundario,,13.0,1
2024,TEA_operacional,solo_secundario,,15.0,1
2024,TEA_operacional,solo_secundario,,16.0,1
2019,F84_historico,principal,HOMBRE,0.0,1
2019,F84_historico,principal,HOMBRE,1.0,1
2019,F84_historico,principal,HOMBRE,2.0,4
2019,F84_historico,principal,HOMBRE,3.0,4
2019,F84_historico,principal,HOMBRE,4.0,6
2019,F84_historico,principal,HOMBRE,5.0,7
2019,F84_historico,principal,HOMBRE,6.0,7
2019,F84_historico,principal,HOMBRE,7.0,3
2019,F84_historico,principal,HOMBRE,8.0,9
2019,F84_historico,principal,HOMBRE,9.0,6
2019,F84_historico,principal,HOMBRE,10.0,6
2019,F84_historico,principal,HOMBRE,11.0,6
2019,F84_historico,principal,HOMBRE,12.0,13
2019,F84_historico,principal,HOMBRE,13.0,17
2019,F84_historico,principal,HOMBRE,14.0,15
2019,F84_historico,principal,HOMBRE,15.0,14
2019,F84_historico,principal,HOMBRE,16.0,11
2019,F84_historico,principal,HOMBRE,17.0,7
2019,F84_historico,principal,HOMBRE,18.0,6
2019,F84_historico,principal,HOMBRE,19.0,4
2019,F84_historico,principal,HOMBRE,20.0,8
2019,F84_historico,principal,HOMBRE,21.0,6
2019,F84_historico,principal,HOMBRE,22.0,3
2019,F84_historico,principal,HOMBRE,23.0,4
2019,F84_historico,principal,HOMBRE,25.0,2
2019,F84_historico,principal,HOMBRE,26.0,1
2019,F84_historico,principal,HOMBRE,27.0,2
2019,F84_historico,principal,HOMBRE,28.0,2
2019,F84_historico,principal,HOMBRE,29.0,3
2019,F84_historico,principal,HOMBRE,31.0,1
2019,F84_historico,principal,HOMBRE,34.0,2
2019,F84_historico,principal,HOMBRE,35.0,1
2019,F84_historico,principal,HOMBRE,37.0,1
2019,F84_historico,principal,HOMBRE,55.0,1
2019,F84_historico,principal,MUJER,1.0,1
2019,F84_historico,principal,MUJER,2.0,2
2019,F84_historico,principal,MUJER,3.0,2
2019,F84_historico,principal,MUJER,4.0,1
2019,F84_historico,principal,MUJER,5.0,4
2019,F84_historico,principal,MUJER,8.0,2
2019,F84_historico,principal,MUJER,10.0,3
2019,F84_historico,principal,MUJER,11.0,2
2019,F84_historico,principal,MUJER,12.0,7
2019,F84_historico,principal,MUJER,13.0,3
2019,F84_historico,principal,MUJER,14.0,3
2019,F84_historico,principal,MUJER,15.0,7
2019,F84_historico,principal,MUJER,16.0,2
2019,F84_historico,principal,MUJER,17.0,2
2019,F84_historico,principal,MUJER,18.0,1
2019,F84_historico,principal,MUJER,19.0,1
2019,F84_historico,principal,MUJER,21.0,1
2019,F84_historico,principal,MUJER,22.0,2
2019,F84_historico,principal,MUJER,24.0,2
2019,F84_historico,principal,MUJER,27.0,1
2019,F84_historico,principal,MUJER,31.0,1
2019,F84_historico,principal_y_secundario,HOMBRE,3.0,2
2019,F84_historico,principal_y_secundario,HOMBRE,10.0,1
2019,F84_historico,principal_y_secundario,HOMBRE,17.0,1
2019,F84_historico,principal_y_secundario,HOMBRE,21.0,1
2019,F84_historico,principal_y_secundario,HOMBRE,30.0,1
2019,F84_historico,principal_y_secundario,MUJER,17.0,1
2019,F84_historico,solo_secundario,HOMBRE,0.0,48
2019,F84_historico,solo_secundario,HOMBRE,1.0,49
2019,F84_historico,solo_secundario,HOMBRE,2.0,74
2019,F84_historico,solo_secundario,HOMBRE,3.0,117
2019,F84_historico,solo_secundario,HOMBRE,4.0,122
2019,F84_historico,solo_secundario,HOMBRE,5.0,118
2019,F84_historico,solo_secundario,HOMBRE,6.0,100
2019,F84_historico,solo_secundario,HOMBRE,7.0,116
2019,F84_historico,solo_secundario,HOMBRE,8.0,118
2019,F84_historico,solo_secundario,HOMBRE,9.0,89
2019,F84_historico,solo_secundario,HOMBRE,10.0,95
2019,F84_historico,solo_secundario,HOMBRE,11.0,47
2019,F84_historico,solo_secundario,HOMBRE,12.0,65
2019,F84_historico,solo_secundario,HOMBRE,13.0,63
2019,F84_historico,solo_secundario,HOMBRE,14.0,62
2019,F84_historico,solo_secundario,HOMBRE,15.0,44
2019,F84_historico,solo_secundario,HOMBRE,16.0,31
2019,F84_historico,solo_secundario,HOMBRE,17.0,27
2019,F84_historico,solo_secundario,HOMBRE,18.0,25
2019,F84_historico,solo_secundario,HOMBRE,19.0,23
2019,F84_historico,solo_secundario,HOMBRE,20.0,14
2019,F84_historico,solo_secundario,HOMBRE,21.0,20
2019,F84_historico,solo_secundario,HOMBRE,22.0,11
2019,F84_historico,solo_secundario,HOMBRE,23.0,8
2019,F84_historico,solo_secundario,HOMBRE,24.0,8
2019,F84_historico,solo_secundario,HOMBRE,25.0,8
2019,F84_historico,solo_secundario,HOMBRE,26.0,13
2019,F84_historico,solo_secundario,HOMBRE,27.0,9
2019,F84_historico,solo_secundario,HOMBRE,28.0,9
2019,F84_historico,solo_secundario,HOMBRE,29.0,5
2019,F84_historico,solo_secundario,HOMBRE,30.0,9
2019,F84_historico,solo_secundario,HOMBRE,31.0,7
2019,F84_historico,solo_secundario,HOMBRE,32.0,8
2019,F84_historico,solo_secundario,HOMBRE,34.0,2
2019,F84_historico,solo_secundario,HOMBRE,35.0,7
2019,F84_historico,solo_secundario,HOMBRE,36.0,4
2019,F84_historico,solo_secundario,HOMBRE,37.0,1
2019,F84_historico,solo_secundario,HOMBRE,38.0,1
2019,F84_historico,solo_secundario,HOMBRE,39.0,2
2019,F84_historico,solo_secundario,HOMBRE,40.0,3
2019,F84_historico,solo_secundario,HOMBRE,41.0,1
2019,F84_historico,solo_secundario,HOMBRE,43.0,1
2019,F84_historico,solo_secundario,HOMBRE,46.0,1
2019,F84_historico,solo_secundario,HOMBRE,47.0,1
2019,F84_historico,solo_secundario,HOMBRE,48.0,1
2019,F84_historico,solo_secundario,HOMBRE,50.0,1
2019,F84_historico,solo_secundario,HOMBRE,51.0,2
2019,F84_historico,solo_secundario,HOMBRE,54.0,1
2019,F84_historico,solo_secundario,HOMBRE,55.0,1
2019,F84_historico,solo_secundario,HOMBRE,59.0,1
2019,F84_historico,solo_secundario,HOMBRE,63.0,1
2019,F84_historico,solo_secundario,HOMBRE,64.0,1
2019,F84_historico,solo_secundario,HOMBRE,68.0,1
2019,F84_historico,solo_secundario,HOMBRE,74.0,1
2019,F84_historico,solo_secundario,HOMBRE,87.0,1
2019,F84_historico,solo_secundario,MUJER,0.0,22
2019,F84_historico,solo_secundario,MUJER,1.0,30
2019,F84_historico,solo_secundario,MUJER,2.0,39
2019,F84_historico,solo_secundario,MUJER,3.0,45
2019,F84_historico,solo_secundario,MUJER,4.0,29
2019,F84_historico,solo_secundario,MUJER,5.0,37
2019,F84_historico,solo_secundario,MUJER,6.0,27
2019,F84_historico,solo_secundario,MUJER,7.0,20
2019,F84_historico,solo_secundario,MUJER,8.0,37
2019,F84_historico,solo_secundario,MUJER,9.0,17
2019,F84_historico,solo_secundario,MUJER,10.0,28
2019,F84_historico,solo_secundario,MUJER,11.0,30
2019,F84_historico,solo_secundario,MUJER,12.0,26
2019,F84_historico,solo_secundario,MUJER,13.0,27
2019,F84_historico,solo_secundario,MUJER,14.0,30
2019,F84_historico,solo_secundario,MUJER,15.0,13
2019,F84_historico,solo_secundario,MUJER,16.0,6
2019,F84_historico,solo_secundario,MUJER,17.0,9
2019,F84_historico,solo_secundario,MUJER,18.0,8
2019,F84_historico,solo_secundario,MUJER,19.0,8
2019,F84_historico,solo_secundario,MUJER,20.0,3
2019,F84_historico,solo_secundario,MUJER,21.0,3
2019,F84_historico,solo_secundario,MUJER,22.0,6
2019,F84_historico,solo_secundario,MUJER,23.0,4
2019,F84_historico,solo_secundario,MUJER,24.0,3
2019,F84_historico,solo_secundario,MUJER,25.0,3
2019,F84_historico,solo_secundario,MUJER,26.0,2
2019,F84_historico,solo_secundario,MUJER,27.0,1
2019,F84_historico,solo_secundario,MUJER,28.0,1
2019,F84_historico,solo_secundario,MUJER,29.0,1
2019,F84_historico,solo_secundario,MUJER,30.0,3
2019,F84_historico,solo_secundario,MUJER,31.0,6
2019,F84_historico,solo_secundario,MUJER,32.0,2
2019,F84_historico,solo_secundario,MUJER,33.0,1
2019,F84_historico,solo_secundario,MUJER,36.0,2
2019,F84_historico,solo_secundario,MUJER,37.0,1
2019,F84_historico,solo_secundario,MUJER,39.0,1
2019,F84_historico,solo_secundario,MUJER,41.0,1
2019,F84_historico,solo_secundario,MUJER,44.0,2
2019,F84_historico,solo_secundario,MUJER,45.0,1
2019,F84_historico,solo_secundario,MUJER,46.0,1
2019,F84_historico,solo_secundario,MUJER,51.0,1
2019,F84_historico,solo_secundario,MUJER,52.0,1
2019,F84_historico,solo_secundario,MUJER,55.0,1
2019,F84_historico,solo_secundario,MUJER,57.0,3
2019,F84_historico,solo_secundario,MUJER,59.0,1
2019,F84_historico,solo_secundario,MUJER,62.0,1
2019,F84_historico,solo_secundario,MUJER,68.0,1
2019,F84_historico,solo_secundario,,11.0,1
2020,F84_historico,principal,HOMBRE,0.0,1
2020,F84_historico,principal,HOMBRE,1.0,1
2020,F84_historico,principal,HOMBRE,2.0,1
2020,F84_historico,principal,HOMBRE,3.0,2
2020,F84_historico,principal,HOMBRE,4.0,3
2020,F84_historico,principal,HOMBRE,5.0,4
2020,F84_historico,principal,HOMBRE,6.0,3
2020,F84_historico,principal,HOMBRE,7.0,2
2020,F84_historico,principal,HOMBRE,8.0,2
2020,F84_historico,principal,HOMBRE,9.0,10
2020,F84_historico,principal,HOMBRE,10.0,8
2020,F84_historico,principal,HOMBRE,11.0,9
2020,F84_historico,principal,HOMBRE,12.0,4
2020,F84_historico,principal,HOMBRE,13.0,8
2020,F84_historico,principal,HOMBRE,14.0,8
2020,F84_historico,principal,HOMBRE,15.0,12
2020,F84_historico,principal,HOMBRE,16.0,4
2020,F84_historico,principal,HOMBRE,17.0,8
2020,F84_historico,principal,HOMBRE,18.0,6
2020,F84_historico,principal,HOMBRE,19.0,5
2020,F84_historico,principal,HOMBRE,20.0,2
2020,F84_historico,principal,HOMBRE,22.0,5
2020,F84_historico,principal,HOMBRE,23.0,2
2020,F84_historico,principal,HOMBRE,25.0,2
2020,F84_historico,principal,HOMBRE,26.0,2
2020,F84_historico,principal,HOMBRE,30.0,1
2020,F84_historico,principal,HOMBRE,33.0,1
2020,F84_historico,principal,HOMBRE,34.0,1
2020,F84_historico,principal,HOMBRE,35.0,1
2020,F84_historico,principal,HOMBRE,37.0,1
2020,F84_historico,principal,MUJER,1.0,1
2020,F84_historico,principal,MUJER,4.0,3
2020,F84_historico,principal,MUJER,6.0,3
2020,F84_historico,principal,MUJER,9.0,1
2020,F84_historico,principal,MUJER,10.0,2
2020,F84_historico,principal,MUJER,11.0,2
2020,F84_historico,principal,MUJER,12.0,1
2020,F84_historico,principal,MUJER,13.0,5
2020,F84_historico,principal,MUJER,14.0,4
2020,F84_historico,principal,MUJER,15.0,1
2020,F84_historico,principal,MUJER,16.0,1
2020,F84_historico,principal,MUJER,17.0,2
2020,F84_historico,principal,MUJER,18.0,3
2020,F84_historico,principal,MUJER,21.0,3
2020,F84_historico,principal,MUJER,22.0,3
2020,F84_historico,principal,MUJER,27.0,1
2020,F84_historico,principal_y_secundario,HOMBRE,4.0,1
2020,F84_historico,principal_y_secundario,HOMBRE,10.0,1
2020,F84_historico,principal_y_secundario,HOMBRE,11.0,1
2020,F84_historico,principal_y_secundario,HOMBRE,13.0,1
2020,F84_historico,principal_y_secundario,HOMBRE,14.0,1
2020,F84_historico,principal_y_secundario,MUJER,4.0,1
2020,F84_historico,principal_y_secundario,MUJER,14.0,1
2020,F84_historico,principal_y_secundario,MUJER,18.0,1
2020,F84_historico,solo_secundario,HOMBRE,0.0,17
2020,F84_historico,solo_secundario,HOMBRE,1.0,28
2020,F84_historico,solo_secundario,HOMBRE,2.0,33
2020,F84_historico,solo_secundario,HOMBRE,3.0,91
2020,F84_historico,solo_secundario,HOMBRE,4.0,78
2020,F84_historico,solo_secundario,HOMBRE,5.0,72
2020,F84_historico,solo_secundario,HOMBRE,6.0,72
2020,F84_historico,solo_secundario,HOMBRE,7.0,56
2020,F84_historico,solo_secundario,HOMBRE,8.0,54
2020,F84_historico,solo_secundario,HOMBRE,9.0,54
2020,F84_historico,solo_secundario,HOMBRE,10.0,70
2020,F84_historico,solo_secundario,HOMBRE,11.0,53
2020,F84_historico,solo_secundario,HOMBRE,12.0,49
2020,F84_historico,solo_secundario,HOMBRE,13.0,47
2020,F84_historico,solo_secundario,HOMBRE,14.0,59
2020,F84_historico,solo_secundario,HOMBRE,15.0,46
2020,F84_historico,solo_secundario,HOMBRE,16.0,27
2020,F84_historico,solo_secundario,HOMBRE,17.0,28
2020,F84_historico,solo_secundario,HOMBRE,18.0,21
2020,F84_historico,solo_secundario,HOMBRE,19.0,13
2020,F84_historico,solo_secundario,HOMBRE,20.0,3
2020,F84_historico,solo_secundario,HOMBRE,21.0,9
2020,F84_historico,solo_secundario,HOMBRE,22.0,15
2020,F84_historico,solo_secundario,HOMBRE,23.0,8
2020,F84_historico,solo_secundario,HOMBRE,24.0,3
2020,F84_historico,solo_secundario,HOMBRE,25.0,10
2020,F84_historico,solo_secundario,HOMBRE,26.0,5
2020,F84_historico,solo_secundario,HOMBRE,27.0,6
2020,F84_historico,solo_secundario,HOMBRE,28.0,2
2020,F84_historico,solo_secundario,HOMBRE,29.0,4
2020,F84_historico,solo_secundario,HOMBRE,30.0,5
2020,F84_historico,solo_secundario,HOMBRE,31.0,5
2020,F84_historico,solo_secundario,HOMBRE,32.0,5
2020,F84_historico,solo_secundario,HOMBRE,33.0,5
2020,F84_historico,solo_secundario,HOMBRE,34.0,4
2020,F84_historico,solo_secundario,HOMBRE,35.0,4
2020,F84_historico,solo_secundario,HOMBRE,36.0,1
2020,F84_historico,solo_secundario,HOMBRE,37.0,2
2020,F84_historico,solo_secundario,HOMBRE,39.0,1
2020,F84_historico,solo_secundario,HOMBRE,40.0,4
2020,F84_historico,solo_secundario,HOMBRE,41.0,3
2020,F84_historico,solo_secundario,HOMBRE,42.0,1
2020,F84_historico,solo_secundario,HOMBRE,44.0,1
2020,F84_historico,solo_secundario,HOMBRE,45.0,1
2020,F84_historico,solo_secundario,HOMBRE,46.0,1
2020,F84_historico,solo_secundario,HOMBRE,49.0,1
2020,F84_historico,solo_secundario,HOMBRE,50.0,1
2020,F84_historico,solo_secundario,HOMBRE,58.0,1
2020,F84_historico,solo_secundario,HOMBRE,59.0,1
2020,F84_historico,solo_secundario,HOMBRE,64.0,1
2020,F84_historico,solo_secundario,HOMBRE,66.0,1
2020,F84_historico,solo_secundario,HOMBRE,71.0,1
2020,F84_historico,solo_secundario,HOMBRE,91.0,1
2020,F84_historico,solo_secundario,MUJER,0.0,13
2020,F84_historico,solo_secundario,MUJER,1.0,15
2020,F84_historico,solo_secundario,MUJER,2.0,20
2020,F84_historico,solo_secundario,MUJER,3.0,23
2020,F84_historico,solo_secundario,MUJER,4.0,30
2020,F84_historico,solo_secundario,MUJER,5.0,24
2020,F84_historico,solo_secundario,MUJER,6.0,18
2020,F84_historico,solo_secundario,MUJER,7.0,15
2020,F84_historico,solo_secundario,MUJER,8.0,30
2020,F84_historico,solo_secundario,MUJER,9.0,17
2020,F84_historico,solo_secundario,MUJER,10.0,12
2020,F84_historico,solo_secundario,MUJER,11.0,18
2020,F84_historico,solo_secundario,MUJER,12.0,21
2020,F84_historico,solo_secundario,MUJER,13.0,24
2020,F84_historico,solo_secundario,MUJER,14.0,22
2020,F84_historico,solo_secundario,MUJER,15.0,14
2020,F84_historico,solo_secundario,MUJER,16.0,8
2020,F84_historico,solo_secundario,MUJER,17.0,8
2020,F84_historico,solo_secundario,MUJER,18.0,6
2020,F84_historico,solo_secundario,MUJER,19.0,3
2020,F84_historico,solo_secundario,MUJER,20.0,2
2020,F84_historico,solo_secundario,MUJER,22.0,1
2020,F84_historico,solo_secundario,MUJER,24.0,4
2020,F84_historico,solo_secundario,MUJER,25.0,3
2020,F84_historico,solo_secundario,MUJER,26.0,4
2020,F84_historico,solo_secundario,MUJER,27.0,2
2020,F84_historico,solo_secundario,MUJER,28.0,4
2020,F84_historico,solo_secundario,MUJER,29.0,2
2020,F84_historico,solo_secundario,MUJER,31.0,2
2020,F84_historico,solo_secundario,MUJER,32.0,1
2020,F84_historico,solo_secundario,MUJER,33.0,4
2020,F84_historico,solo_secundario,MUJER,37.0,5
2020,F84_historico,solo_secundario,MUJER,38.0,2
2020,F84_historico,solo_secundario,MUJER,39.0,2
2020,F84_historico,solo_secundario,MUJER,40.0,1
2020,F84_historico,solo_secundario,MUJER,43.0,1
2020,F84_historico,solo_secundario,MUJER,46.0,1
2020,F84_historico,solo_secundario,MUJER,55.0,1
2020,F84_historico,solo_secundario,MUJER,63.0,1
2020,F84_historico,solo_secundario,MUJER,72.0,1
2020,F84_historico,solo_secundario,MUJER,76.0,1
2021,F84_historico,principal,HOMBRE,1.0,1
2021,F84_historico,principal,HOMBRE,2.0,7
2021,F84_historico,principal,HOMBRE,3.0,6
2021,F84_historico,principal,HOMBRE,4.0,2
2021,F84_historico,principal,HOMBRE,5.0,6
2021,F84_historico,principal,HOMBRE,6.0,4
2021,F84_historico,principal,HOMBRE,7.0,1
2021,F84_historico,principal,HOMBRE,8.0,6
2021,F84_historico,principal,HOMBRE,9.0,5
2021,F84_historico,principal,HOMBRE,10.0,2
2021,F84_historico,principal,HOMBRE,11.0,4
2021,F84_historico,principal,HOMBRE,12.0,4
2021,F84_historico,principal,HOMBRE,13.0,7
2021,F84_historico,principal,HOMBRE,14.0,10
2021,F84_historico,principal,HOMBRE,15.0,8
2021,F84_historico,principal,HOMBRE,16.0,11
2021,F84_historico,principal,HOMBRE,17.0,3
2021,F84_historico,principal,HOMBRE,18.0,6
2021,F84_historico,principal,HOMBRE,19.0,12
2021,F84_historico,principal,HOMBRE,20.0,7
2021,F84_historico,principal,HOMBRE,21.0,5
2021,F84_historico,principal,HOMBRE,22.0,2
2021,F84_historico,principal,HOMBRE,23.0,2
2021,F84_historico,principal,HOMBRE,24.0,1
2021,F84_historico,principal,HOMBRE,25.0,3
2021,F84_historico,principal,HOMBRE,26.0,3
2021,F84_historico,principal,HOMBRE,27.0,2
2021,F84_historico,principal,HOMBRE,29.0,1
2021,F84_historico,principal,HOMBRE,30.0,3
2021,F84_historico,principal,HOMBRE,31.0,5
2021,F84_historico,principal,HOMBRE,32.0,1
2021,F84_historico,principal,HOMBRE,33.0,2
2021,F84_historico,principal,HOMBRE,34.0,2
2021,F84_historico,principal,HOMBRE,36.0,4
2021,F84_historico,principal,HOMBRE,37.0,1
2021,F84_historico,principal,MUJER,1.0,3
2021,F84_historico,principal,MUJER,2.0,4
2021,F84_historico,principal,MUJER,3.0,3
2021,F84_historico,principal,MUJER,5.0,2
2021,F84_historico,principal,MUJER,7.0,2
2021,F84_historico,principal,MUJER,8.0,1
2021,F84_historico,principal,MUJER,9.0,1
2021,F84_historico,principal,MUJER,10.0,1
2021,F84_historico,principal,MUJER,11.0,3
2021,F84_historico,principal,MUJER,12.0,4
2021,F84_historico,principal,MUJER,13.0,4
2021,F84_historico,principal,MUJER,14.0,2
2021,F84_historico,principal,MUJER,15.0,1
2021,F84_historico,principal,MUJER,17.0,1
2021,F84_historico,principal,MUJER,19.0,1
2021,F84_historico,principal,MUJER,20.0,1
2021,F84_historico,principal,MUJER,22.0,1
2021,F84_historico,principal,MUJER,25.0,2
2021,F84_historico,principal_y_secundario,HOMBRE,12.0,1
2021,F84_historico,principal_y_secundario,HOMBRE,17.0,1
2021,F84_historico,principal_y_secundario,MUJER,13.0,1
2021,F84_historico,solo_secundario,HOMBRE,0.0,11
2021,F84_historico,solo_secundario,HOMBRE,1.0,19
2021,F84_historico,solo_secundario,HOMBRE,2.0,92
2021,F84_historico,solo_secundario,HOMBRE,3.0,108
2021,F84_historico,solo_secundario,HOMBRE,4.0,118
2021,F84_historico,solo_secundario,HOMBRE,5.0,112
2021,F84_historico,solo_secundario,HOMBRE,6.0,132
2021,F84_historico,solo_secundario,HOMBRE,7.0,99
2021,F84_historico,solo_secundario,HOMBRE,8.0,122
2021,F84_historico,solo_secundario,HOMBRE,9.0,84
2021,F84_historico,solo_secundario,HOMBRE,10.0,89
2021,F84_historico,solo_secundario,HOMBRE,11.0,105
2021,F84_historico,solo_secundario,HOMBRE,12.0,83
2021,F84_historico,solo_secundario,HOMBRE,13.0,69
2021,F84_historico,solo_secundario,HOMBRE,14.0,72
2021,F84_historico,solo_secundario,HOMBRE,15.0,51
2021,F84_historico,solo_secundario,HOMBRE,16.0,39
2021,F84_historico,solo_secundario,HOMBRE,17.0,28
2021,F84_historico,solo_secundario,HOMBRE,18.0,23
2021,F84_historico,solo_secundario,HOMBRE,19.0,18
2021,F84_historico,solo_secundario,HOMBRE,20.0,27
2021,F84_historico,solo_secundario,HOMBRE,21.0,12
2021,F84_historico,solo_secundario,HOMBRE,22.0,10
2021,F84_historico,solo_secundario,HOMBRE,23.0,7
2021,F84_historico,solo_secundario,HOMBRE,24.0,12
2021,F84_historico,solo_secundario,HOMBRE,25.0,10
2021,F84_historico,solo_secundario,HOMBRE,26.0,10
2021,F84_historico,solo_secundario,HOMBRE,27.0,5
2021,F84_historico,solo_secundario,HOMBRE,28.0,11
2021,F84_historico,solo_secundario,HOMBRE,29.0,14
2021,F84_historico,solo_secundario,HOMBRE,30.0,6
2021,F84_historico,solo_secundario,HOMBRE,31.0,4
2021,F84_historico,solo_secundario,HOMBRE,32.0,5
2021,F84_historico,solo_secundario,HOMBRE,33.0,4
2021,F84_historico,solo_secundario,HOMBRE,35.0,6
2021,F84_historico,solo_secundario,HOMBRE,36.0,3
2021,F84_historico,solo_secundario,HOMBRE,37.0,1
2021,F84_historico,solo_secundario,HOMBRE,38.0,1
2021,F84_historico,solo_secundario,HOMBRE,39.0,3
2021,F84_historico,solo_secundario,HOMBRE,40.0,1
2021,F84_historico,solo_secundario,HOMBRE,42.0,1
2021,F84_historico,solo_secundario,HOMBRE,43.0,1
2021,F84_historico,solo_secundario,HOMBRE,44.0,1
2021,F84_historico,solo_secundario,HOMBRE,45.0,2
2021,F84_historico,solo_secundario,HOMBRE,46.0,2
2021,F84_historico,solo_secundario,HOMBRE,47.0,1
2021,F84_historico,solo_secundario,HOMBRE,48.0,1
2021,F84_historico,solo_secundario,HOMBRE,51.0,3
2021,F84_historico,solo_secundario,HOMBRE,52.0,2
2021,F84_historico,solo_secundario,HOMBRE,54.0,1
2021,F84_historico,solo_secundario,HOMBRE,55.0,1
2021,F84_historico,solo_secundario,HOMBRE,57.0,1
2021,F84_historico,solo_secundario,HOMBRE,59.0,2
2021,F84_historico,solo_secundario,HOMBRE,64.0,3
2021,F84_historico,solo_secundario,HOMBRE,66.0,1
2021,F84_historico,solo_secundario,HOMBRE,69.0,2
2021,F84_historico,solo_secundario,HOMBRE,74.0,2
2021,F84_historico,solo_secundario,HOMBRE,77.0,1
2021,F84_historico,solo_secundario,HOMBRE,81.0,1
2021,F84_historico,solo_secundario,HOMBRE,82.0,1
2021,F84_historico,solo_secundario,HOMBRE,87.0,1
2021,F84_historico,solo_secundario,MUJER,0.0,5
2021,F84_historico,solo_secundario,MUJER,1.0,14
2021,F84_historico,solo_secundario,MUJER,2.0,26
2021,F84_historico,solo_secundario,MUJER,3.0,34
2021,F84_historico,solo_secundario,MUJER,4.0,30
2021,F84_historico,solo_secundario,MUJER,5.0,32
2021,F84_historico,solo_secundario,MUJER,6.0,30
2021,F84_historico,solo_secundario,MUJER,7.0,20
2021,F84_historico,solo_secundario,MUJER,8.0,28
2021,F84_historico,solo_secundario,MUJER,9.0,13
2021,F84_historico,solo_secundario,MUJER,10.0,17
2021,F84_historico,solo_secundario,MUJER,11.0,30
2021,F84_historico,solo_secundario,MUJER,12.0,44
2021,F84_historico,solo_secundario,MUJER,13.0,48
2021,F84_historico,solo_secundario,MUJER,14.0,45
2021,F84_historico,solo_secundario,MUJER,15.0,27
2021,F84_historico,solo_secundario,MUJER,16.0,9
2021,F84_historico,solo_secundario,MUJER,17.0,17
2021,F84_historico,solo_secundario,MUJER,18.0,12
2021,F84_historico,solo_secundario,MUJER,19.0,11
2021,F84_historico,solo_secundario,MUJER,20.0,9
2021,F84_historico,solo_secundario,MUJER,21.0,3
2021,F84_historico,solo_secundario,MUJER,22.0,2
2021,F84_historico,solo_secundario,MUJER,23.0,2
2021,F84_historico,solo_secundario,MUJER,24.0,1
2021,F84_historico,solo_secundario,MUJER,25.0,5
2021,F84_historico,solo_secundario,MUJER,26.0,1
2021,F84_historico,solo_secundario,MUJER,27.0,3
2021,F84_historico,solo_secundario,MUJER,28.0,4
2021,F84_historico,solo_secundario,MUJER,29.0,1
2021,F84_historico,solo_secundario,MUJER,30.0,1
2021,F84_historico,solo_secundario,MUJER,31.0,2
2021,F84_historico,solo_secundario,MUJER,32.0,5
2021,F84_historico,solo_secundario,MUJER,33.0,3
2021,F84_historico,solo_secundario,MUJER,35.0,4
2021,F84_historico,solo_secundario,MUJER,36.0,3
2021,F84_historico,solo_secundario,MUJER,38.0,3
2021,F84_historico,solo_secundario,MUJER,41.0,1
2021,F84_historico,solo_secundario,MUJER,44.0,1
2021,F84_historico,solo_secundario,MUJER,48.0,1
2021,F84_historico,solo_secundario,MUJER,50.0,1
2021,F84_historico,solo_secundario,MUJER,52.0,2
2021,F84_historico,solo_secundario,MUJER,74.0,1
2021,F84_historico,solo_secundario,MUJER,79.0,1
2021,F84_historico,solo_secundario,,6.0,1
2022,F84_historico,principal,HOMBRE,1.0,1
2022,F84_historico,principal,HOMBRE,2.0,3
2022,F84_historico,principal,HOMBRE,3.0,14
2022,F84_historico,principal,HOMBRE,4.0,7
2022,F84_historico,principal,HOMBRE,5.0,3
2022,F84_historico,principal,HOMBRE,6.0,8
2022,F84_historico,principal,HOMBRE,7.0,4
2022,F84_historico,principal,HOMBRE,8.0,6
2022,F84_historico,principal,HOMBRE,9.0,3
2022,F84_historico,principal,HOMBRE,10.0,8
2022,F84_historico,principal,HOMBRE,11.0,13
2022,F84_historico,principal,HOMBRE,12.0,9
2022,F84_historico,principal,HOMBRE,13.0,12
2022,F84_historico,principal,HOMBRE,14.0,21
2022,F84_historico,principal,HOMBRE,15.0,24
2022,F84_historico,principal,HOMBRE,16.0,9
2022,F84_historico,principal,HOMBRE,17.0,11
2022,F84_historico,principal,HOMBRE,18.0,5
2022,F84_historico,principal,HOMBRE,19.0,7
2022,F84_historico,principal,HOMBRE,20.0,12
2022,F84_historico,principal,HOMBRE,21.0,3
2022,F84_historico,principal,HOMBRE,22.0,6
2022,F84_historico,principal,HOMBRE,23.0,3
2022,F84_historico,principal,HOMBRE,24.0,1
2022,F84_historico,principal,HOMBRE,26.0,2
2022,F84_historico,principal,HOMBRE,27.0,2
2022,F84_historico,principal,HOMBRE,29.0,1
2022,F84_historico,principal,HOMBRE,30.0,6
2022,F84_historico,principal,HOMBRE,31.0,1
2022,F84_historico,principal,HOMBRE,33.0,3
2022,F84_historico,principal,HOMBRE,34.0,1
2022,F84_historico,principal,HOMBRE,35.0,2
2022,F84_historico,principal,HOMBRE,36.0,1
2022,F84_historico,principal,HOMBRE,37.0,2
2022,F84_historico,principal,HOMBRE,38.0,2
2022,F84_historico,principal,HOMBRE,39.0,1
2022,F84_historico,principal,HOMBRE,45.0,2
2022,F84_historico,principal,HOMBRE,47.0,1
2022,F84_historico,principal,MUJER,2.0,3
2022,F84_historico,principal,MUJER,3.0,2
2022,F84_historico,principal,MUJER,4.0,2
2022,F84_historico,principal,MUJER,5.0,1
2022,F84_historico,principal,MUJER,6.0,3
2022,F84_historico,principal,MUJER,7.0,1
2022,F84_historico,principal,MUJER,9.0,1
2022,F84_historico,principal,MUJER,10.0,2
2022,F84_historico,principal,MUJER,11.0,8
2022,F84_historico,principal,MUJER,12.0,8
2022,F84_historico,principal,MUJER,13.0,12
2022,F84_historico,principal,MUJER,14.0,9
2022,F84_historico,principal,MUJER,15.0,7
2022,F84_historico,principal,MUJER,16.0,6
2022,F84_historico,principal,MUJER,17.0,1
2022,F84_historico,principal,MUJER,18.0,1
2022,F84_historico,principal,MUJER,19.0,1
2022,F84_historico,principal,MUJER,23.0,1
2022,F84_historico,principal,MUJER,25.0,1
2022,F84_historico,principal,MUJER,26.0,4
2022,F84_historico,principal,MUJER,31.0,1
2022,F84_historico,principal,MUJER,49.0,1
2022,F84_historico,principal_y_secundario,HOMBRE,3.0,1
2022,F84_historico,principal_y_secundario,HOMBRE,8.0,1
2022,F84_historico,principal_y_secundario,HOMBRE,10.0,1
2022,F84_historico,principal_y_secundario,HOMBRE,17.0,1
2022,F84_historico,principal_y_secundario,HOMBRE,38.0,1
2022,F84_historico,principal_y_secundario,MUJER,14.0,1
2022,F84_historico,principal_y_secundario,MUJER,19.0,1
2022,F84_historico,principal_y_secundario,MUJER,25.0,1
2022,F84_historico,solo_secundario,HOMBRE,0.0,13
2022,F84_historico,solo_secundario,HOMBRE,1.0,44
2022,F84_historico,solo_secundario,HOMBRE,2.0,151
2022,F84_historico,solo_secundario,HOMBRE,3.0,230
2022,F84_historico,solo_secundario,HOMBRE,4.0,245
2022,F84_historico,solo_secundario,HOMBRE,5.0,238
2022,F84_historico,solo_secundario,HOMBRE,6.0,186
2022,F84_historico,solo_secundario,HOMBRE,7.0,168
2022,F84_historico,solo_secundario,HOMBRE,8.0,174
2022,F84_historico,solo_secundario,HOMBRE,9.0,129
2022,F84_historico,solo_secundario,HOMBRE,10.0,113
2022,F84_historico,solo_secundario,HOMBRE,11.0,129
2022,F84_historico,solo_secundario,HOMBRE,12.0,98
2022,F84_historico,solo_secundario,HOMBRE,13.0,122
2022,F84_historico,solo_secundario,HOMBRE,14.0,119
2022,F84_historico,solo_secundario,HOMBRE,15.0,92
2022,F84_historico,solo_secundario,HOMBRE,16.0,65
2022,F84_historico,solo_secundario,HOMBRE,17.0,40
2022,F84_historico,solo_secundario,HOMBRE,18.0,37
2022,F84_historico,solo_secundario,HOMBRE,19.0,37
2022,F84_historico,solo_secundario,HOMBRE,20.0,19
2022,F84_historico,solo_secundario,HOMBRE,21.0,18
2022,F84_historico,solo_secundario,HOMBRE,22.0,10
2022,F84_historico,solo_secundario,HOMBRE,23.0,8
2022,F84_historico,solo_secundario,HOMBRE,24.0,22
2022,F84_historico,solo_secundario,HOMBRE,25.0,5
2022,F84_historico,solo_secundario,HOMBRE,26.0,14
2022,F84_historico,solo_secundario,HOMBRE,27.0,13
2022,F84_historico,solo_secundario,HOMBRE,28.0,15
2022,F84_historico,solo_secundario,HOMBRE,29.0,15
2022,F84_historico,solo_secundario,HOMBRE,30.0,7
2022,F84_historico,solo_secundario,HOMBRE,31.0,9
2022,F84_historico,solo_secundario,HOMBRE,32.0,11
2022,F84_historico,solo_secundario,HOMBRE,33.0,7
2022,F84_historico,solo_secundario,HOMBRE,34.0,3
2022,F84_historico,solo_secundario,HOMBRE,35.0,4
2022,F84_historico,solo_secundario,HOMBRE,36.0,4
2022,F84_historico,solo_secundario,HOMBRE,37.0,7
2022,F84_historico,solo_secundario,HOMBRE,38.0,5
2022,F84_historico,solo_secundario,HOMBRE,39.0,1
2022,F84_historico,solo_secundario,HOMBRE,40.0,1
2022,F84_historico,solo_secundario,HOMBRE,41.0,3
2022,F84_historico,solo_secundario,HOMBRE,42.0,3
2022,F84_historico,solo_secundario,HOMBRE,43.0,4
2022,F84_historico,solo_secundario,HOMBRE,44.0,3
2022,F84_historico,solo_secundario,HOMBRE,45.0,1
2022,F84_historico,solo_secundario,HOMBRE,47.0,3
2022,F84_historico,solo_secundario,HOMBRE,48.0,3
2022,F84_historico,solo_secundario,HOMBRE,49.0,1
2022,F84_historico,solo_secundario,HOMBRE,51.0,1
2022,F84_historico,solo_secundario,HOMBRE,52.0,2
2022,F84_historico,solo_secundario,HOMBRE,53.0,1
2022,F84_historico,solo_secundario,HOMBRE,60.0,1
2022,F84_historico,solo_secundario,HOMBRE,62.0,1
2022,F84_historico,solo_secundario,HOMBRE,63.0,1
2022,F84_historico,solo_secundario,HOMBRE,68.0,1
2022,F84_historico,solo_secundario,HOMBRE,69.0,1
2022,F84_historico,solo_secundario,HOMBRE,71.0,2
2022,F84_historico,solo_secundario,HOMBRE,78.0,2
2022,F84_historico,solo_secundario,MUJER,0.0,5
2022,F84_historico,solo_secundario,MUJER,1.0,19
2022,F84_historico,solo_secundario,MUJER,2.0,62
2022,F84_historico,solo_secundario,MUJER,3.0,81
2022,F84_historico,solo_secundario,MUJER,4.0,79
2022,F84_historico,solo_secundario,MUJER,5.0,57
2022,F84_historico,solo_secundario,MUJER,6.0,33
2022,F84_historico,solo_secundario,MUJER,7.0,39
2022,F84_historico,solo_secundario,MUJER,8.0,32
2022,F84_historico,solo_secundario,MUJER,9.0,35
2022,F84_historico,solo_secundario,MUJER,10.0,17
2022,F84_historico,solo_secundario,MUJER,11.0,28
2022,F84_historico,solo_secundario,MUJER,12.0,61
2022,F84_historico,solo_secundario,MUJER,13.0,75
2022,F84_historico,solo_secundario,MUJER,14.0,80
2022,F84_historico,solo_secundario,MUJER,15.0,44
2022,F84_historico,solo_secundario,MUJER,16.0,35
2022,F84_historico,solo_secundario,MUJER,17.0,35
2022,F84_historico,solo_secundario,MUJER,18.0,17
2022,F84_historico,solo_secundario,MUJER,19.0,7
2022,F84_historico,solo_secundario,MUJER,20.0,10
2022,F84_historico,solo_secundario,MUJER,21.0,6
2022,F84_historico,solo_secundario,MUJER,22.0,8
2022,F84_historico,solo_secundario,MUJER,23.0,9
2022,F84_historico,solo_secundario,MUJER,24.0,4
2022,F84_historico,solo_secundario,MUJER,25.0,6
2022,F84_historico,solo_secundario,MUJER,26.0,2
2022,F84_historico,solo_secundario,MUJER,27.0,2
2022,F84_historico,solo_secundario,MUJER,28.0,6
2022,F84_historico,solo_secundario,MUJER,29.0,6
2022,F84_historico,solo_secundario,MUJER,31.0,5
2022,F84_historico,solo_secundario,MUJER,33.0,5
2022,F84_historico,solo_secundario,MUJER,34.0,1
2022,F84_historico,solo_secundario,MUJER,35.0,1
2022,F84_historico,solo_secundario,MUJER,36.0,6
2022,F84_historico,solo_secundario,MUJER,37.0,4
2022,F84_historico,solo_secundario,MUJER,38.0,1
2022,F84_historico,solo_secundario,MUJER,39.0,2
2022,F84_historico,solo_secundario,MUJER,41.0,2
2022,F84_historico,solo_secundario,MUJER,45.0,1
2022,F84_historico,solo_secundario,MUJER,47.0,3
2022,F84_historico,solo_secundario,MUJER,48.0,2
2022,F84_historico,solo_secundario,MUJER,55.0,1
2022,F84_historico,solo_secundario,MUJER,56.0,2
2022,F84_historico,solo_secundario,MUJER,58.0,1
2022,F84_historico,solo_secundario,MUJER,59.0,1
2022,F84_historico,solo_secundario,MUJER,60.0,1
2022,F84_historico,solo_secundario,MUJER,65.0,1
2022,F84_historico,solo_secundario,MUJER,66.0,1
2022,F84_historico,solo_secundario,MUJER,73.0,1
2022,F84_historico,solo_secundario,MUJER,74.0,1
2022,F84_historico,solo_secundario,MUJER,76.0,2
2022,F84_historico,solo_secundario,,5.0,1
2023,F84_historico,principal,HOMBRE,2.0,2
2023,F84_historico,principal,HOMBRE,3.0,6
2023,F84_historico,principal,HOMBRE,4.0,3
2023,F84_historico,principal,HOMBRE,5.0,2
2023,F84_historico,principal,HOMBRE,6.0,6
2023,F84_historico,principal,HOMBRE,7.0,8
2023,F84_historico,principal,HOMBRE,8.0,3
2023,F84_historico,principal,HOMBRE,9.0,12
2023,F84_historico,principal,HOMBRE,10.0,9
2023,F84_historico,principal,HOMBRE,11.0,6
2023,F84_historico,principal,HOMBRE,12.0,12
2023,F84_historico,principal,HOMBRE,13.0,18
2023,F84_historico,principal,HOMBRE,14.0,10
2023,F84_historico,principal,HOMBRE,15.0,29
2023,F84_historico,principal,HOMBRE,16.0,62
2023,F84_historico,principal,HOMBRE,17.0,12
2023,F84_historico,principal,HOMBRE,18.0,2
2023,F84_historico,principal,HOMBRE,19.0,5
2023,F84_historico,principal,HOMBRE,20.0,7
2023,F84_historico,principal,HOMBRE,21.0,7
2023,F84_historico,principal,HOMBRE,22.0,8
2023,F84_historico,principal,HOMBRE,23.0,3
2023,F84_historico,principal,HOMBRE,25.0,3
2023,F84_historico,principal,HOMBRE,27.0,2
2023,F84_historico,principal,HOMBRE,30.0,3
2023,F84_historico,principal,HOMBRE,31.0,6
2023,F84_historico,principal,HOMBRE,33.0,2
2023,F84_historico,principal,HOMBRE,34.0,1
2023,F84_historico,principal,HOMBRE,36.0,2
2023,F84_historico,principal,HOMBRE,37.0,2
2023,F84_historico,principal,MUJER,0.0,1
2023,F84_historico,principal,MUJER,1.0,2
2023,F84_historico,principal,MUJER,2.0,3
2023,F84_historico,principal,MUJER,3.0,4
2023,F84_historico,principal,MUJER,4.0,2
2023,F84_historico,principal,MUJER,5.0,3
2023,F84_historico,principal,MUJER,6.0,4
2023,F84_historico,principal,MUJER,7.0,4
2023,F84_historico,principal,MUJER,8.0,1
2023,F84_historico,principal,MUJER,9.0,1
2023,F84_historico,principal,MUJER,10.0,2
2023,F84_historico,principal,MUJER,11.0,5
2023,F84_historico,principal,MUJER,12.0,10
2023,F84_historico,principal,MUJER,13.0,8
2023,F84_historico,principal,MUJER,14.0,11
2023,F84_historico,principal,MUJER,15.0,9
2023,F84_historico,principal,MUJER,16.0,10
2023,F84_historico,principal,MUJER,17.0,4
2023,F84_historico,principal,MUJER,18.0,2
2023,F84_historico,principal,MUJER,19.0,3
2023,F84_historico,principal,MUJER,20.0,1
2023,F84_historico,principal,MUJER,21.0,1
2023,F84_historico,principal,MUJER,24.0,1
2023,F84_historico,principal,MUJER,25.0,2
2023,F84_historico,principal,MUJER,27.0,1
2023,F84_historico,principal,MUJER,29.0,5
2023,F84_historico,principal,MUJER,31.0,1
2023,F84_historico,principal,MUJER,32.0,1
2023,F84_historico,principal,MUJER,42.0,1
2023,F84_historico,principal,MUJER,50.0,1
2023,F84_historico,principal_y_secundario,HOMBRE,11.0,1
2023,F84_historico,principal_y_secundario,HOMBRE,13.0,1
2023,F84_historico,principal_y_secundario,HOMBRE,18.0,1
2023,F84_historico,principal_y_secundario,HOMBRE,21.0,1
2023,F84_historico,principal_y_secundario,HOMBRE,24.0,1
2023,F84_historico,principal_y_secundario,HOMBRE,27.0,2
2023,F84_historico,principal_y_secundario,MUJER,14.0,1
2023,F84_historico,principal_y_secundario,MUJER,16.0,1
2023,F84_historico,solo_secundario,HOMBRE,0.0,7
2023,F84_historico,solo_secundario,HOMBRE,1.0,65
2023,F84_historico,solo_secundario,HOMBRE,2.0,183
2023,F84_historico,solo_secundario,HOMBRE,3.0,373
2023,F84_historico,solo_secundario,HOMBRE,4.0,419
2023,F84_historico,solo_secundario,HOMBRE,5.0,351
2023,F84_historico,solo_secundario,HOMBRE,6.0,383
2023,F84_historico,solo_secundario,HOMBRE,7.0,287
2023,F84_historico,solo_secundario,HOMBRE,8.0,212
2023,F84_historico,solo_secundario,HOMBRE,9.0,236
2023,F84_historico,solo_secundario,HOMBRE,10.0,200
2023,F84_historico,solo_secundario,HOMBRE,11.0,150
2023,F84_historico,solo_secundario,HOMBRE,12.0,187
2023,F84_historico,solo_secundario,HOMBRE,13.0,167
2023,F84_historico,solo_secundario,HOMBRE,14.0,183
2023,F84_historico,solo_secundario,HOMBRE,15.0,143
2023,F84_historico,solo_secundario,HOMBRE,16.0,133
2023,F84_historico,solo_secundario,HOMBRE,17.0,114
2023,F84_historico,solo_secundario,HOMBRE,18.0,57
2023,F84_historico,solo_secundario,HOMBRE,19.0,39
2023,F84_historico,solo_secundario,HOMBRE,20.0,41
2023,F84_historico,solo_secundario,HOMBRE,21.0,41
2023,F84_historico,solo_secundario,HOMBRE,22.0,24
2023,F84_historico,solo_secundario,HOMBRE,23.0,22
2023,F84_historico,solo_secundario,HOMBRE,24.0,22
2023,F84_historico,solo_secundario,HOMBRE,25.0,20
2023,F84_historico,solo_secundario,HOMBRE,26.0,15
2023,F84_historico,solo_secundario,HOMBRE,27.0,13
2023,F84_historico,solo_secundario,HOMBRE,28.0,11
2023,F84_historico,solo_secundario,HOMBRE,29.0,11
2023,F84_historico,solo_secundario,HOMBRE,30.0,11
2023,F84_historico,solo_secundario,HOMBRE,31.0,12
2023,F84_historico,solo_secundario,HOMBRE,32.0,14
2023,F84_historico,solo_secundario,HOMBRE,33.0,11
2023,F84_historico,solo_secundario,HOMBRE,34.0,8
2023,F84_historico,solo_secundario,HOMBRE,35.0,10
2023,F84_historico,solo_secundario,HOMBRE,36.0,4
2023,F84_historico,solo_secundario,HOMBRE,37.0,4
2023,F84_historico,solo_secundario,HOMBRE,38.0,4
2023,F84_historico,solo_secundario,HOMBRE,39.0,1
2023,F84_historico,solo_secundario,HOMBRE,40.0,5
2023,F84_historico,solo_secundario,HOMBRE,41.0,4
2023,F84_historico,solo_secundario,HOMBRE,42.0,3
2023,F84_historico,solo_secundario,HOMBRE,43.0,1
2023,F84_historico,solo_secundario,HOMBRE,44.0,4
2023,F84_historico,solo_secundario,HOMBRE,45.0,3
2023,F84_historico,solo_secundario,HOMBRE,48.0,1
2023,F84_historico,solo_secundario,HOMBRE,49.0,5
2023,F84_historico,solo_secundario,HOMBRE,50.0,2
2023,F84_historico,solo_secundario,HOMBRE,51.0,1
2023,F84_historico,solo_secundario,HOMBRE,52.0,2
2023,F84_historico,solo_secundario,HOMBRE,53.0,1
2023,F84_historico,solo_secundario,HOMBRE,54.0,2
2023,F84_historico,solo_secundario,HOMBRE,59.0,1
2023,F84_historico,solo_secundario,HOMBRE,60.0,1
2023,F84_historico,solo_secundario,HOMBRE,61.0,3
2023,F84_historico,solo_secundario,HOMBRE,62.0,2
2023,F84_historico,solo_secundario,HOMBRE,63.0,3
2023,F84_historico,solo_secundario,HOMBRE,67.0,1
2023,F84_historico,solo_secundario,HOMBRE,69.0,1
2023,F84_historico,solo_secundario,HOMBRE,70.0,1
2023,F84_historico,solo_secundario,HOMBRE,71.0,1
2023,F84_historico,solo_secundario,HOMBRE,73.0,1
2023,F84_historico,solo_secundario,HOMBRE,77.0,1
2023,F84_historico,solo_secundario,HOMBRE,80.0,1
2023,F84_historico,solo_secundario,MUJER,0.0,13
2023,F84_historico,solo_secundario,MUJER,1.0,19
2023,F84_historico,solo_secundario,MUJER,2.0,89
2023,F84_historico,solo_secundario,MUJER,3.0,113
2023,F84_historico,solo_secundario,MUJER,4.0,137
2023,F84_historico,solo_secundario,MUJER,5.0,113
2023,F84_historico,solo_secundario,MUJER,6.0,83
2023,F84_historico,solo_secundario,MUJER,7.0,81
2023,F84_historico,solo_secundario,MUJER,8.0,71
2023,F84_historico,solo_secundario,MUJER,9.0,45
2023,F84_historico,solo_secundario,MUJER,10.0,67
2023,F84_historico,solo_secundario,MUJER,11.0,65
2023,F84_historico,solo_secundario,MUJER,12.0,116
2023,F84_historico,solo_secundario,MUJER,13.0,145
2023,F84_historico,solo_secundario,MUJER,14.0,154
2023,F84_historico,solo_secundario,MUJER,15.0,114
2023,F84_historico,solo_secundario,MUJER,16.0,81
2023,F84_historico,solo_secundario,MUJER,17.0,68
2023,F84_historico,solo_secundario,MUJER,18.0,26
2023,F84_historico,solo_secundario,MUJER,19.0,19
2023,F84_historico,solo_secundario,MUJER,20.0,23
2023,F84_historico,solo_secundario,MUJER,21.0,23
2023,F84_historico,solo_secundario,MUJER,22.0,12
2023,F84_historico,solo_secundario,MUJER,23.0,19
2023,F84_historico,solo_secundario,MUJER,24.0,17
2023,F84_historico,solo_secundario,MUJER,25.0,11
2023,F84_historico,solo_secundario,MUJER,26.0,12
2023,F84_historico,solo_secundario,MUJER,27.0,13
2023,F84_historico,solo_secundario,MUJER,28.0,14
2023,F84_historico,solo_secundario,MUJER,29.0,11
2023,F84_historico,solo_secundario,MUJER,30.0,5
2023,F84_historico,solo_secundario,MUJER,31.0,9
2023,F84_historico,solo_secundario,MUJER,32.0,8
2023,F84_historico,solo_secundario,MUJER,33.0,7
2023,F84_historico,solo_secundario,MUJER,34.0,10
2023,F84_historico,solo_secundario,MUJER,35.0,6
2023,F84_historico,solo_secundario,MUJER,36.0,2
2023,F84_historico,solo_secundario,MUJER,37.0,4
2023,F84_historico,solo_secundario,MUJER,38.0,3
2023,F84_historico,solo_secundario,MUJER,39.0,4
2023,F84_historico,solo_secundario,MUJER,40.0,2
2023,F84_historico,solo_secundario,MUJER,41.0,2
2023,F84_historico,solo_secundario,MUJER,42.0,2
2023,F84_historico,solo_secundario,MUJER,43.0,2
2023,F84_historico,solo_secundario,MUJER,44.0,1
2023,F84_historico,solo_secundario,MUJER,45.0,5
2023,F84_historico,solo_secundario,MUJER,46.0,2
2023,F84_historico,solo_secundario,MUJER,47.0,4
2023,F84_historico,solo_secundario,MUJER,49.0,2
2023,F84_historico,solo_secundario,MUJER,50.0,1
2023,F84_historico,solo_secundario,MUJER,51.0,2
2023,F84_historico,solo_secundario,MUJER,56.0,1
2023,F84_historico,solo_secundario,MUJER,58.0,2
2023,F84_historico,solo_secundario,MUJER,59.0,1
2023,F84_historico,solo_secundario,MUJER,60.0,2
2023,F84_historico,solo_secundario,MUJER,76.0,1
2023,F84_historico,solo_secundario,MUJER,80.0,1
2023,F84_historico,solo_secundario,MUJER,83.0,1
2023,F84_historico,solo_secundario,,4.0,1
2023,F84_historico,solo_secundario,,16.0,1
2024,F84_historico,principal,HOMBRE,0.0,1
2024,F84_historico,principal,HOMBRE,1.0,1
2024,F84_historico,principal,HOMBRE,2.0,4
2024,F84_historico,principal,HOMBRE,3.0,4
2024,F84_historico,principal,HOMBRE,4.0,6
2024,F84_historico,principal,HOMBRE,5.0,5
2024,F84_historico,principal,HOMBRE,6.0,7
2024,F84_historico,principal,HOMBRE,7.0,13
2024,F84_historico,principal,HOMBRE,8.0,7
2024,F84_historico,principal,HOMBRE,9.0,2
2024,F84_historico,principal,HOMBRE,10.0,22
2024,F84_historico,principal,HOMBRE,11.0,11
2024,F84_historico,principal,HOMBRE,12.0,18
2024,F84_historico,principal,HOMBRE,13.0,18
2024,F84_historico,principal,HOMBRE,14.0,23
2024,F84_historico,principal,HOMBRE,15.0,12
2024,F84_historico,principal,HOMBRE,16.0,11
2024,F84_historico,principal,HOMBRE,17.0,17
2024,F84_historico,principal,HOMBRE,18.0,6
2024,F84_historico,principal,HOMBRE,19.0,8
2024,F84_historico,principal,HOMBRE,20.0,5
2024,F84_historico,principal,HOMBRE,21.0,12
2024,F84_historico,principal,HOMBRE,22.0,6
2024,F84_historico,principal,HOMBRE,24.0,7
2024,F84_historico,principal,HOMBRE,25.0,7
2024,F84_historico,principal,HOMBRE,26.0,2
2024,F84_historico,principal,HOMBRE,28.0,2
2024,F84_historico,principal,HOMBRE,29.0,4
2024,F84_historico,principal,HOMBRE,31.0,1
2024,F84_historico,principal,HOMBRE,34.0,3
2024,F84_historico,principal,HOMBRE,35.0,4
2024,F84_historico,principal,HOMBRE,36.0,2
2024,F84_historico,principal,HOMBRE,44.0,1
2024,F84_historico,principal,HOMBRE,46.0,1
2024,F84_historico,principal,HOMBRE,,2
2024,F84_historico,principal,MUJER,5.0,4
2024,F84_historico,principal,MUJER,6.0,5
2024,F84_historico,principal,MUJER,7.0,2
2024,F84_historico,principal,MUJER,8.0,2
2024,F84_historico,principal,MUJER,9.0,11
2024,F84_historico,principal,MUJER,10.0,5
2024,F84_historico,principal,MUJER,11.0,9
2024,F84_historico,principal,MUJER,12.0,14
2024,F84_historico,principal,MUJER,13.0,20
2024,F84_historico,principal,MUJER,14.0,12
2024,F84_historico,principal,MUJER,15.0,8
2024,F84_historico,principal,MUJER,16.0,10
2024,F84_historico,principal,MUJER,17.0,8
2024,F84_historico,principal,MUJER,18.0,4
2024,F84_historico,principal,MUJER,19.0,2
2024,F84_historico,principal,MUJER,21.0,4
2024,F84_historico,principal,MUJER,22.0,1
2024,F84_historico,principal,MUJER,25.0,1
2024,F84_historico,principal,MUJER,26.0,1
2024,F84_historico,principal,MUJER,28.0,1
2024,F84_historico,principal,MUJER,30.0,2
2024,F84_historico,principal,MUJER,31.0,1
2024,F84_historico,principal,MUJER,35.0,1
2024,F84_historico,principal,MUJER,40.0,1
2024,F84_historico,principal,MUJER,56.0,2
2024,F84_historico,principal_y_secundario,HOMBRE,5.0,1
2024,F84_historico,principal_y_secundario,HOMBRE,13.0,1
2024,F84_historico,principal_y_secundario,HOMBRE,15.0,1
2024,F84_historico,principal_y_secundario,HOMBRE,21.0,1
2024,F84_historico,principal_y_secundario,HOMBRE,23.0,2
2024,F84_historico,principal_y_secundario,HOMBRE,26.0,1
2024,F84_historico,principal_y_secundario,HOMBRE,32.0,1
2024,F84_historico,principal_y_secundario,MUJER,2.0,1
2024,F84_historico,principal_y_secundario,MUJER,10.0,1
2024,F84_historico,principal_y_secundario,MUJER,11.0,1
2024,F84_historico,principal_y_secundario,MUJER,13.0,2
2024,F84_historico,principal_y_secundario,MUJER,17.0,2
2024,F84_historico,solo_secundario,HOMBRE,0.0,11
2024,F84_historico,solo_secundario,HOMBRE,1.0,47
2024,F84_historico,solo_secundario,HOMBRE,2.0,220
2024,F84_historico,solo_secundario,HOMBRE,3.0,312
2024,F84_historico,solo_secundario,HOMBRE,4.0,467
2024,F84_historico,solo_secundario,HOMBRE,5.0,518
2024,F84_historico,solo_secundario,HOMBRE,6.0,494
2024,F84_historico,solo_secundario,HOMBRE,7.0,425
2024,F84_historico,solo_secundario,HOMBRE,8.0,394
2024,F84_historico,solo_secundario,HOMBRE,9.0,304
2024,F84_historico,solo_secundario,HOMBRE,10.0,305
2024,F84_historico,solo_secundario,HOMBRE,11.0,230
2024,F84_historico,solo_secundario,HOMBRE,12.0,290
2024,F84_historico,solo_secundario,HOMBRE,13.0,240
2024,F84_historico,solo_secundario,HOMBRE,14.0,247
2024,F84_historico,solo_secundario,HOMBRE,15.0,187
2024,F84_historico,solo_secundario,HOMBRE,16.0,139
2024,F84_historico,solo_secundario,HOMBRE,17.0,138
2024,F84_historico,solo_secundario,HOMBRE,18.0,84
2024,F84_historico,solo_secundario,HOMBRE,19.0,69
2024,F84_historico,solo_secundario,HOMBRE,20.0,63
2024,F84_historico,solo_secundario,HOMBRE,21.0,55
2024,F84_historico,solo_secundario,HOMBRE,22.0,28
2024,F84_historico,solo_secundario,HOMBRE,23.0,35
2024,F84_historico,solo_secundario,HOMBRE,24.0,28
2024,F84_historico,solo_secundario,HOMBRE,25.0,24
2024,F84_historico,solo_secundario,HOMBRE,26.0,25
2024,F84_historico,solo_secundario,HOMBRE,27.0,16
2024,F84_historico,solo_secundario,HOMBRE,28.0,21
2024,F84_historico,solo_secundario,HOMBRE,29.0,18
2024,F84_historico,solo_secundario,HOMBRE,30.0,11
2024,F84_historico,solo_secundario,HOMBRE,31.0,12
2024,F84_historico,solo_secundario,HOMBRE,32.0,18
2024,F84_historico,solo_secundario,HOMBRE,33.0,9
2024,F84_historico,solo_secundario,HOMBRE,34.0,8
2024,F84_historico,solo_secundario,HOMBRE,35.0,9
2024,F84_historico,solo_secundario,HOMBRE,36.0,10
2024,F84_historico,solo_secundario,HOMBRE,37.0,4
2024,F84_historico,solo_secundario,HOMBRE,38.0,6
2024,F84_historico,solo_secundario,HOMBRE,39.0,5
2024,F84_historico,solo_secundario,HOMBRE,40.0,4
2024,F84_historico,solo_secundario,HOMBRE,41.0,3
2024,F84_historico,solo_secundario,HOMBRE,42.0,5
2024,F84_historico,solo_secundario,HOMBRE,43.0,4
2024,F84_historico,solo_secundario,HOMBRE,44.0,5
2024,F84_historico,solo_secundario,HOMBRE,45.0,4
2024,F84_historico,solo_secundario,HOMBRE,46.0,3
2024,F84_historico,solo_secundario,HOMBRE,47.0,2
2024,F84_historico,solo_secundario,HOMBRE,48.0,4
2024,F84_historico,solo_secundario,HOMBRE,49.0,1
2024,F84_historico,solo_secundario,HOMBRE,50.0,4
2024,F84_historico,solo_secundario,HOMBRE,51.0,2
2024,F84_historico,solo_secundario,HOMBRE,52.0,4
2024,F84_historico,solo_secundario,HOMBRE,53.0,1
2024,F84_historico,solo_secundario,HOMBRE,54.0,1
2024,F84_historico,solo_secundario,HOMBRE,55.0,2
2024,F84_historico,solo_secundario,HOMBRE,57.0,3
2024,F84_historico,solo_secundario,HOMBRE,58.0,1
2024,F84_historico,solo_secundario,HOMBRE,59.0,1
2024,F84_historico,solo_secundario,HOMBRE,60.0,2
2024,F84_historico,solo_secundario,HOMBRE,61.0,3
2024,F84_historico,solo_secundario,HOMBRE,62.0,4
2024,F84_historico,solo_secundario,HOMBRE,65.0,2
2024,F84_historico,solo_secundario,HOMBRE,67.0,2
2024,F84_historico,solo_secundario,HOMBRE,68.0,1
2024,F84_historico,solo_secundario,HOMBRE,72.0,1
2024,F84_historico,solo_secundario,HOMBRE,75.0,1
2024,F84_historico,solo_secundario,HOMBRE,78.0,1
2024,F84_historico,solo_secundario,HOMBRE,,1
2024,F84_historico,solo_secundario,MUJER,0.0,4
2024,F84_historico,solo_secundario,MUJER,1.0,22
2024,F84_historico,solo_secundario,MUJER,2.0,66
2024,F84_historico,solo_secundario,MUJER,3.0,107
2024,F84_historico,solo_secundario,MUJER,4.0,153
2024,F84_historico,solo_secundario,MUJER,5.0,145
2024,F84_historico,solo_secundario,MUJER,6.0,118
2024,F84_historico,solo_secundario,MUJER,7.0,116
2024,F84_historico,solo_secundario,MUJER,8.0,119
2024,F84_historico,solo_secundario,MUJER,9.0,90
2024,F84_historico,solo_secundario,MUJER,10.0,95
2024,F84_historico,solo_secundario,MUJER,11.0,111
2024,F84_historico,solo_secundario,MUJER,12.0,151
2024,F84_historico,solo_secundario,MUJER,13.0,245
2024,F84_historico,solo_secundario,MUJER,14.0,246
2024,F84_historico,solo_secundario,MUJER,15.0,173
2024,F84_historico,solo_secundario,MUJER,16.0,137
2024,F84_historico,solo_secundario,MUJER,17.0,118
2024,F84_historico,solo_secundario,MUJER,18.0,76
2024,F84_historico,solo_secundario,MUJER,19.0,54
2024,F84_historico,solo_secundario,MUJER,20.0,45
2024,F84_historico,solo_secundario,MUJER,21.0,44
2024,F84_historico,solo_secundario,MUJER,22.0,33
2024,F84_historico,solo_secundario,MUJER,23.0,27
2024,F84_historico,solo_secundario,MUJER,24.0,37
2024,F84_historico,solo_secundario,MUJER,25.0,34
2024,F84_historico,solo_secundario,MUJER,26.0,23
2024,F84_historico,solo_secundario,MUJER,27.0,15
2024,F84_historico,solo_secundario,MUJER,28.0,17
2024,F84_historico,solo_secundario,MUJER,29.0,23
2024,F84_historico,solo_secundario,MUJER,30.0,12
2024,F84_historico,solo_secundario,MUJER,31.0,16
2024,F84_historico,solo_secundario,MUJER,32.0,15
2024,F84_historico,solo_secundario,MUJER,33.0,10
2024,F84_historico,solo_secundario,MUJER,34.0,10
2024,F84_historico,solo_secundario,MUJER,35.0,6
2024,F84_historico,solo_secundario,MUJER,36.0,15
2024,F84_historico,solo_secundario,MUJER,37.0,7
2024,F84_historico,solo_secundario,MUJER,38.0,8
2024,F84_historico,solo_secundario,MUJER,39.0,9
2024,F84_historico,solo_secundario,MUJER,40.0,4
2024,F84_historico,solo_secundario,MUJER,41.0,9
2024,F84_historico,solo_secundario,MUJER,42.0,7
2024,F84_historico,solo_secundario,MUJER,43.0,3
2024,F84_historico,solo_secundario,MUJER,44.0,1
2024,F84_historico,solo_secundario,MUJER,45.0,3
2024,F84_historico,solo_secundario,MUJER,46.0,1
2024,F84_historico,solo_secundario,MUJER,47.0,3
2024,F84_historico,solo_secundario,MUJER,48.0,2
2024,F84_historico,solo_secundario,MUJER,49.0,2
2024,F84_historico,solo_secundario,MUJER,50.0,4
2024,F84_historico,solo_secundario,MUJER,51.0,1
2024,F84_historico,solo_secundario,MUJER,52.0,1
2024,F84_historico,solo_secundario,MUJER,53.0,1
2024,F84_historico,solo_secundario,MUJER,54.0,1
2024,F84_historico,solo_secundario,MUJER,56.0,2
2024,F84_historico,solo_secundario,MUJER,57.0,2
2024,F84_historico,solo_secundario,MUJER,60.0,1
2024,F84_historico,solo_secundario,MUJER,62.0,1
2024,F84_historico,solo_secundario,MUJER,65.0,2
2024,F84_historico,solo_secundario,MUJER,66.0,1
2024,F84_historico,solo_secundario,MUJER,71.0,1
2024,F84_historico,solo_secundario,MUJER,73.0,1
2024,F84_historico,solo_secundario,MUJER,74.0,1
2024,F84_historico,solo_secundario,MUJER,79.0,1
2024,F84_historico,solo_secundario,MUJER,80.0,1
2024,F84_historico,solo_secundario,MUJER,81.0,1
2024,F84_historico,solo_secundario,MUJER,82.0,1
2024,F84_historico,solo_secundario,MUJER,84.0,2
2024,F84_historico,solo_secundario,MUJER,88.0,1
2024,F84_historico,solo_secundario,MUJER,89.0,1
2024,F84_historico,solo_secundario,,3.0,1
2024,F84_historico,solo_secundario,,13.0,1
2024,F84_historico,solo_secundario,,15.0,1
2024,F84_historico,solo_secundario,,16.0,1
