year,definition,role,variable,value,records
2019,autismo_F840,principal,TIPO_INGRESO,PROGRAMADA,59
2019,autismo_F840,principal,TIPO_INGRESO,URGENCIA,91
2019,autismo_F840,solo_secundario,TIPO_INGRESO,NO IDENTIFICADA,1
2019,autismo_F840,solo_secundario,TIPO_INGRESO,PROGRAMADA,572
2019,autismo_F840,solo_secundario,TIPO_INGRESO,URGENCIA,677
2020,autismo_F840,principal,TIPO_INGRESO,PROGRAMADA,37
2020,autismo_F840,principal,TIPO_INGRESO,URGENCIA,77
2020,autismo_F840,solo_secundario,TIPO_INGRESO,PROGRAMADA,312
2020,autismo_F840,solo_secundario,TIPO_INGRESO,URGENCIA,658
2021,autismo_F840,principal,TIPO_INGRESO,PROGRAMADA,48
2021,autismo_F840,principal,TIPO_INGRESO,URGENCIA,91
2021,autismo_F840,solo_secundario,TIPO_INGRESO,OBSTETRICA,4
2021,autismo_F840,solo_secundario,TIPO_INGRESO,PROGRAMADA,598
2021,autismo_F840,solo_secundario,TIPO_INGRESO,URGENCIA,1107
2022,autismo_F840,principal,TIPO_INGRESO,OBSTETRICA,1
2022,autismo_F840,principal,TIPO_INGRESO,PROGRAMADA,48
2022,autismo_F840,principal,TIPO_INGRESO,URGENCIA,153
2022,autismo_F840,solo_secundario,TIPO_INGRESO,DESCONOCIDO,1
2022,autismo_F840,solo_secundario,TIPO_INGRESO,OBSTETRICA,10
2022,autismo_F840,solo_secundario,TIPO_INGRESO,PROGRAMADA,1003
2022,autismo_F840,solo_secundario,TIPO_INGRESO,URGENCIA,1845
2023,autismo_F840,principal,TIPO_INGRESO,DESCONOCIDO,1
2023,autismo_F840,principal,TIPO_INGRESO,PROGRAMADA,84
2023,autismo_F840,principal,TIPO_INGRESO,URGENCIA,168
2023,autismo_F840,solo_secundario,TIPO_INGRESO,OBSTETRICA,29
2023,autismo_F840,solo_secundario,TIPO_INGRESO,PROGRAMADA,1630
2023,autismo_F840,solo_secundario,TIPO_INGRESO,URGENCIA,3413
2024,autismo_F840,principal,TIPO_INGRESO,PROGRAMADA,99
2024,autismo_F840,principal,TIPO_INGRESO,URGENCIA,181
2024,autismo_F840,solo_secundario,TIPO_INGRESO,DESCONOCIDO,8
2024,autismo_F840,solo_secundario,TIPO_INGRESO,OBSTETRICA,41
2024,autismo_F840,solo_secundario,TIPO_INGRESO,PROGRAMADA,2372
2024,autismo_F840,solo_secundario,TIPO_INGRESO,URGENCIA,4529
2019,autismo_F840,principal,TIPO_ACTIVIDAD,CIRUGÍA MAYOR AMBULATORIA (CMA),1
2019,autismo_F840,principal,TIPO_ACTIVIDAD,HOSPITALIZACIÓN,133
2019,autismo_F840,principal,TIPO_ACTIVIDAD,HOSPITALIZACIÓN DIURNA,6
2019,autismo_F840,principal,TIPO_ACTIVIDAD,HOSPITALIZACIÓN EN URGENCIA,10
2019,autismo_F840,solo_secundario,TIPO_ACTIVIDAD,CIRUGÍA MAYOR AMBULATORIA (CMA),101
2019,autismo_F840,solo_secundario,TIPO_ACTIVIDAD,HOSPITALIZACIÓN,978
2019,autismo_F840,solo_secundario,TIPO_ACTIVIDAD,HOSPITALIZACIÓN DIURNA,127
2019,autismo_F840,solo_secundario,TIPO_ACTIVIDAD,HOSPITALIZACIÓN EN URGENCIA,44
2020,autismo_F840,principal,TIPO_ACTIVIDAD,CIRUGÍA MAYOR AMBULATORIA (CMA),2
2020,autismo_F840,principal,TIPO_ACTIVIDAD,HOSPITALIZACIÓN,112
2020,autismo_F840,solo_secundario,TIPO_ACTIVIDAD,CIRUGÍA MAYOR AMBULATORIA (CMA),57
2020,autismo_F840,solo_secundario,TIPO_ACTIVIDAD,HOSPITALIZACIÓN,913
2021,autismo_F840,principal,TIPO_ACTIVIDAD,HOSPITALIZACIÓN,139
2021,autismo_F840,solo_secundario,TIPO_ACTIVIDAD,CIRUGÍA MAYOR AMBULATORIA (CMA),150
2021,autismo_F840,solo_secundario,TIPO_ACTIVIDAD,HOSPITALIZACIÓN,1559
2022,autismo_F840,principal,TIPO_ACTIVIDAD,HOSPITALIZACIÓN,202
2022,autismo_F840,solo_secundario,TIPO_ACTIVIDAD,CIRUGÍA MAYOR AMBULATORIA (CMA),302
2022,autismo_F840,solo_secundario,TIPO_ACTIVIDAD,HOSPITALIZACIÓN,2557
2023,autismo_F840,principal,TIPO_ACTIVIDAD,HOSPITALIZACIÓN,253
2023,autismo_F840,solo_secundario,TIPO_ACTIVIDAD,CIRUGÍA MAYOR AMBULATORIA (CMA),581
2023,autismo_F840,solo_secundario,TIPO_ACTIVIDAD,HOSPITALIZACIÓN,4491
2024,autismo_F840,principal,TIPO_ACTIVIDAD,HOSPITALIZACIÓN,280
2024,autismo_F840,solo_secundario,TIPO_ACTIVIDAD,CIRUGÍA MAYOR AMBULATORIA (CMA),1017
2024,autismo_F840,solo_secundario,TIPO_ACTIVIDAD,HOSPITALIZACIÓN,5933
2019,autismo_F840,principal,PREVISION,FONASA INSTITUCIONAL - (MAI) A,63
2019,autismo_F840,principal,PREVISION,FONASA INSTITUCIONAL - (MAI) B,41
2019,autismo_F840,principal,PREVISION,FONASA INSTITUCIONAL - (MAI) C,20
2019,autismo_F840,principal,PREVISION,FONASA INSTITUCIONAL - (MAI) D,21
2019,autismo_F840,principal,PREVISION,ISAPRE,5
2019,autismo_F840,solo_secundario,PREVISION,CAJA DE PREVISIÓN FFAA (SISA),3
2019,autismo_F840,solo_secundario,PREVISION,DIPRECA,5
2019,autismo_F840,solo_secundario,PREVISION,FONASA INSTITUCIONAL - (MAI) A,412
2019,autismo_F840,solo_secundario,PREVISION,FONASA INSTITUCIONAL - (MAI) B,434
2019,autismo_F840,solo_secundario,PREVISION,FONASA INSTITUCIONAL - (MAI) C,148
2019,autismo_F840,solo_secundario,PREVISION,FONASA INSTITUCIONAL - (MAI) D,198
2019,autismo_F840,solo_secundario,PREVISION,FONASA LIBRE ELECCIÓN (FMLE_B),4
2019,autismo_F840,solo_secundario,PREVISION,FONASA LIBRE ELECCIÓN (FMLE_C),1
2019,autismo_F840,solo_secundario,PREVISION,FONASA LIBRE ELECCIÓN (FMLE_D),2
2019,autismo_F840,solo_secundario,PREVISION,ISAPRE,32
2019,autismo_F840,solo_secundario,PREVISION,NO IDENTIFICADA,4
2019,autismo_F840,solo_secundario,PREVISION,PARTICULAR,7
2020,autismo_F840,principal,PREVISION,CAPREDENA,1
2020,autismo_F840,principal,PREVISION,FONASA INSTITUCIONAL - (MAI) A,38
2020,autismo_F840,principal,PREVISION,FONASA INSTITUCIONAL - (MAI) B,44
2020,autismo_F840,principal,PREVISION,FONASA INSTITUCIONAL - (MAI) C,12
2020,autismo_F840,principal,PREVISION,FONASA INSTITUCIONAL - (MAI) D,17
2020,autismo_F840,principal,PREVISION,ISAPRE,2
2020,autismo_F840,solo_secundario,PREVISION,CAJA DE PREVISIÓN FFAA (SISA),1
2020,autismo_F840,solo_secundario,PREVISION,CAPREDENA,1
2020,autismo_F840,solo_secundario,PREVISION,DIPRECA,1
2020,autismo_F840,solo_secundario,PREVISION,FONASA INSTITUCIONAL - (MAI) A,378
2020,autismo_F840,solo_secundario,PREVISION,FONASA INSTITUCIONAL - (MAI) B,301
2020,autismo_F840,solo_secundario,PREVISION,FONASA INSTITUCIONAL - (MAI) C,114
2020,autismo_F840,solo_secundario,PREVISION,FONASA INSTITUCIONAL - (MAI) D,152
2020,autismo_F840,solo_secundario,PREVISION,FONASA LIBRE ELECCIÓN (FMLE_D),1
2020,autismo_F840,solo_secundario,PREVISION,ISAPRE,18
2020,autismo_F840,solo_secundario,PREVISION,PARTICULAR,3
2021,autismo_F840,principal,PREVISION,FONASA INSTITUCIONAL - (MAI) A,37
2021,autismo_F840,principal,PREVISION,FONASA INSTITUCIONAL - (MAI) B,61
2021,autismo_F840,principal,PREVISION,FONASA INSTITUCIONAL - (MAI) C,12
2021,autismo_F840,principal,PREVISION,FONASA INSTITUCIONAL - (MAI) D,22
2021,autismo_F840,principal,PREVISION,ISAPRE,5
2021,autismo_F840,principal,PREVISION,PARTICULAR,2
2021,autismo_F840,solo_secundario,PREVISION,CAJA DE PREVISIÓN FFAA (SISA),3
2021,autismo_F840,solo_secundario,PREVISION,CAPREDENA,2
2021,autismo_F840,solo_secundario,PREVISION,DIPRECA,9
2021,autismo_F840,solo_secundario,PREVISION,FONASA INSTITUCIONAL - (MAI) A,604
2021,autismo_F840,solo_secundario,PREVISION,FONASA INSTITUCIONAL - (MAI) B,573
2021,autismo_F840,solo_secundario,PREVISION,FONASA INSTITUCIONAL - (MAI) C,194
2021,autismo_F840,solo_secundario,PREVISION,FONASA INSTITUCIONAL - (MAI) D,281
2021,autismo_F840,solo_secundario,PREVISION,FONASA LIBRE ELECCIÓN (FMLE_B),2
2021,autismo_F840,solo_secundario,PREVISION,FONASA LIBRE ELECCIÓN (FMLE_C),2
2021,autismo_F840,solo_secundario,PREVISION,FONASA LIBRE ELECCIÓN (FMLE_D),1
2021,autismo_F840,solo_secundario,PREVISION,ISAPRE,33
2021,autismo_F840,solo_secundario,PREVISION,PARTICULAR,5
2022,autismo_F840,principal,PREVISION,CAJA DE PREVISIÓN FFAA (SISA),1
2022,autismo_F840,principal,PREVISION,DIPRECA,1
2022,autismo_F840,principal,PREVISION,FONASA INSTITUCIONAL - (MAI) A,62
2022,autismo_F840,principal,PREVISION,FONASA INSTITUCIONAL - (MAI) B,72
2022,autismo_F840,principal,PREVISION,FONASA INSTITUCIONAL - (MAI) C,29
2022,autismo_F840,principal,PREVISION,FONASA INSTITUCIONAL - (MAI) D,32
2022,autismo_F840,principal,PREVISION,ISAPRE,4
2022,autismo_F840,principal,PREVISION,PARTICULAR,1
2022,autismo_F840,solo_secundario,PREVISION,CAJA DE PREVISIÓN FFAA (SISA),7
2022,autismo_F840,solo_secundario,PREVISION,CAPREDENA,5
2022,autismo_F840,solo_secundario,PREVISION,DIPRECA,20
2022,autismo_F840,solo_secundario,PREVISION,FONASA INSTITUCIONAL - (MAI) A,1003
2022,autismo_F840,solo_secundario,PREVISION,FONASA INSTITUCIONAL - (MAI) B,989
2022,autismo_F840,solo_secundario,PREVISION,FONASA INSTITUCIONAL - (MAI) C,318
2022,autismo_F840,solo_secundario,PREVISION,FONASA INSTITUCIONAL - (MAI) D,424
2022,autismo_F840,solo_secundario,PREVISION,FONASA LIBRE ELECCIÓN (FMLE_B),4
2022,autismo_F840,solo_secundario,PREVISION,FONASA LIBRE ELECCIÓN (FMLE_C),1
2022,autismo_F840,solo_secundario,PREVISION,FONASA LIBRE ELECCIÓN (FMLE_D),11
2022,autismo_F840,solo_secundario,PREVISION,ISAPRE,59
2022,autismo_F840,solo_secundario,PREVISION,PARTICULAR,18
2023,autismo_F840,principal,PREVISION,CAJA DE PREVISIÓN FFAA (SISA),1
2023,autismo_F840,principal,PREVISION,FONASA INSTITUCIONAL - (MAI) A,95
2023,autismo_F840,principal,PREVISION,FONASA INSTITUCIONAL - (MAI) B,94
2023,autismo_F840,principal,PREVISION,FONASA INSTITUCIONAL - (MAI) C,23
2023,autismo_F840,principal,PREVISION,FONASA INSTITUCIONAL - (MAI) D,37
2023,autismo_F840,principal,PREVISION,ISAPRE,2
2023,autismo_F840,principal,PREVISION,PARTICULAR,1
2023,autismo_F840,solo_secundario,PREVISION,CAJA DE PREVISIÓN FFAA (SISA),7
2023,autismo_F840,solo_secundario,PREVISION,CAPREDENA,11
2023,autismo_F840,solo_secundario,PREVISION,DIPRECA,20
2023,autismo_F840,solo_secundario,PREVISION,FONASA INSTITUCIONAL - (MAI) A,1791
2023,autismo_F840,solo_secundario,PREVISION,FONASA INSTITUCIONAL - (MAI) B,1649
2023,autismo_F840,solo_secundario,PREVISION,FONASA INSTITUCIONAL - (MAI) C,682
2023,autismo_F840,solo_secundario,PREVISION,FONASA INSTITUCIONAL - (MAI) D,804
2023,autismo_F840,solo_secundario,PREVISION,FONASA LIBRE ELECCIÓN (FMLE_B),13
2023,autismo_F840,solo_secundario,PREVISION,FONASA LIBRE ELECCIÓN (FMLE_C),4
2023,autismo_F840,solo_secundario,PREVISION,FONASA LIBRE ELECCIÓN (FMLE_D),15
2023,autismo_F840,solo_secundario,PREVISION,ISAPRE,62
2023,autismo_F840,solo_secundario,PREVISION,PARTICULAR,14
2024,autismo_F840,principal,PREVISION,CAJA DE PREVISIÓN FFAA (SISA),1
2024,autismo_F840,principal,PREVISION,CAPREDENA,1
2024,autismo_F840,principal,PREVISION,FONASA INSTITUCIONAL - (MAI) A,117
2024,autismo_F840,principal,PREVISION,FONASA INSTITUCIONAL - (MAI) B,84
2024,autismo_F840,principal,PREVISION,FONASA INSTITUCIONAL - (MAI) C,33
2024,autismo_F840,principal,PREVISION,FONASA INSTITUCIONAL - (MAI) D,41
2024,autismo_F840,principal,PREVISION,ISAPRE,2
2024,autismo_F840,principal,PREVISION,PARTICULAR,1
2024,autismo_F840,solo_secundario,PREVISION,CAJA DE PREVISIÓN FFAA (SISA),6
2024,autismo_F840,solo_secundario,PREVISION,CAPREDENA,10
2024,autismo_F840,solo_secundario,PREVISION,DIPRECA,27
2024,autismo_F840,solo_secundario,PREVISION,FONASA INSTITUCIONAL - (MAI) A,2324
2024,autismo_F840,solo_secundario,PREVISION,FONASA INSTITUCIONAL - (MAI) B,2412
2024,autismo_F840,solo_secundario,PREVISION,FONASA INSTITUCIONAL - (MAI) C,882
2024,autismo_F840,solo_secundario,PREVISION,FONASA INSTITUCIONAL - (MAI) D,1144
2024,autismo_F840,solo_secundario,PREVISION,FONASA LIBRE ELECCIÓN (FMLE_B),27
2024,autismo_F840,solo_secundario,PREVISION,FONASA LIBRE ELECCIÓN (FMLE_C),7
2024,autismo_F840,solo_secundario,PREVISION,FONASA LIBRE ELECCIÓN (FMLE_D),13
2024,autismo_F840,solo_secundario,PREVISION,ISAPRE,81
2024,autismo_F840,solo_secundario,PREVISION,PARTICULAR,17
2019,autismo_F840,principal,TIPOALTA,ALTA VOLUNTARIA,2
2019,autismo_F840,principal,TIPOALTA,DERIVACIÓN OTRO HOSPITAL DE LA RED NACIONAL,1
2019,autismo_F840,principal,TIPOALTA,DERIVACIÓN OTRO HOSPITAL DEL SERVICIO,3
2019,autismo_F840,principal,TIPOALTA,DOMICILIO,144
2019,autismo_F840,solo_secundario,TIPOALTA,ALTA VOLUNTARIA,10
2019,autismo_F840,solo_secundario,TIPOALTA,"DERIVACIÓN A OTROS CENTROS (CÁRCEL, HOGAR DE",5
2019,autismo_F840,solo_secundario,TIPOALTA,DERIVACIÓN INST. PRIVADA (COMPRA DE SERVICIOS,1
2019,autismo_F840,solo_secundario,TIPOALTA,DERIVACIÓN INST. PRIVADA (VOLUNTARIO),2
2019,autismo_F840,solo_secundario,TIPOALTA,DERIVACIÓN OTRO HOSPITAL DE LA RED NACIONAL,9
2019,autismo_F840,solo_secundario,TIPOALTA,DERIVACIÓN OTRO HOSPITAL DEL SERVICIO,11
2019,autismo_F840,solo_secundario,TIPOALTA,DOMICILIO,1198
2019,autismo_F840,solo_secundario,TIPOALTA,FALLECIDO,7
2019,autismo_F840,solo_secundario,TIPOALTA,FUGA DEL PACIENTE,1
2019,autismo_F840,solo_secundario,TIPOALTA,HOSPITALIZACIÓN DOMICILIARIA,6
2020,autismo_F840,principal,TIPOALTA,ALTA VOLUNTARIA,1
2020,autismo_F840,principal,TIPOALTA,"DERIVACIÓN A OTROS CENTROS (CÁRCEL, HOGAR DE",4
2020,autismo_F840,principal,TIPOALTA,DERIVACIÓN OTRO HOSPITAL DEL SERVICIO,3
2020,autismo_F840,principal,TIPOALTA,DOMICILIO,106
2020,autismo_F840,solo_secundario,TIPOALTA,ALTA VOLUNTARIA,5
2020,autismo_F840,solo_secundario,TIPOALTA,"DERIVACIÓN A OTROS CENTROS (CÁRCEL, HOGAR DE",10
2020,autismo_F840,solo_secundario,TIPOALTA,DERIVACIÓN INST. PRIVADA (COMPRA DE SERVICIOS,3
2020,autismo_F840,solo_secundario,TIPOALTA,DERIVACIÓN INST. PRIVADA (VOLUNTARIO),1
2020,autismo_F840,solo_secundario,TIPOALTA,DERIVACIÓN OTRO HOSPITAL DE LA RED NACIONAL,15
2020,autismo_F840,solo_secundario,TIPOALTA,DERIVACIÓN OTRO HOSPITAL DEL SERVICIO,13
2020,autismo_F840,solo_secundario,TIPOALTA,DOMICILIO,914
2020,autismo_F840,solo_secundario,TIPOALTA,FALLECIDO,7
2020,autismo_F840,solo_secundario,TIPOALTA,HOSPITALIZACIÓN DOMICILIARIA,2
2021,autismo_F840,principal,TIPOALTA,ALTA VOLUNTARIA,1
2021,autismo_F840,principal,TIPOALTA,"DERIVACIÓN A OTROS CENTROS (CÁRCEL, HOGAR DE",6
2021,autismo_F840,principal,TIPOALTA,DERIVACIÓN OTRO HOSPITAL DE LA RED NACIONAL,3
2021,autismo_F840,principal,TIPOALTA,DERIVACIÓN OTRO HOSPITAL DEL SERVICIO,1
2021,autismo_F840,principal,TIPOALTA,DOMICILIO,126
2021,autismo_F840,principal,TIPOALTA,FUGA DEL PACIENTE,2
2021,autismo_F840,solo_secundario,TIPOALTA,ALTA VOLUNTARIA,15
2021,autismo_F840,solo_secundario,TIPOALTA,"DERIVACIÓN A OTROS CENTROS (CÁRCEL, HOGAR DE",14
2021,autismo_F840,solo_secundario,TIPOALTA,DERIVACIÓN INST. PRIVADA (COMPRA DE SERVICIOS,3
2021,autismo_F840,solo_secundario,TIPOALTA,DERIVACIÓN INST. PRIVADA (VOLUNTARIO),3
2021,autismo_F840,solo_secundario,TIPOALTA,DERIVACIÓN OTRO HOSPITAL DE LA RED NACIONAL,16
2021,autismo_F840,solo_secundario,TIPOALTA,DERIVACIÓN OTRO HOSPITAL DEL SERVICIO,23
2021,autismo_F840,solo_secundario,TIPOALTA,DOMICILIO,1611
2021,autismo_F840,solo_secundario,TIPOALTA,FALLECIDO,5
2021,autismo_F840,solo_secundario,TIPOALTA,FUGA DEL PACIENTE,1
2021,autismo_F840,solo_secundario,TIPOALTA,HOSPITALIZACIÓN DOMICILIARIA,18
2022,autismo_F840,principal,TIPOALTA,ALTA VOLUNTARIA,1
2022,autismo_F840,principal,TIPOALTA,"DERIVACIÓN A OTROS CENTROS (CÁRCEL, HOGAR DE",5
2022,autismo_F840,principal,TIPOALTA,DERIVACIÓN OTRO HOSPITAL DEL SERVICIO,1
2022,autismo_F840,principal,TIPOALTA,DOMICILIO,194
2022,autismo_F840,principal,TIPOALTA,HOSPITALIZACIÓN DOMICILIARIA,1
2022,autismo_F840,solo_secundario,TIPOALTA,ALTA VOLUNTARIA,30
2022,autismo_F840,solo_secundario,TIPOALTA,"DERIVACIÓN A OTROS CENTROS (CÁRCEL, HOGAR DE",11
2022,autismo_F840,solo_secundario,TIPOALTA,DERIVACIÓN INST. PRIVADA (COMPRA DE SERVICIOS,2
2022,autismo_F840,solo_secundario,TIPOALTA,DERIVACIÓN INST. PRIVADA (VOLUNTARIO),4
2022,autismo_F840,solo_secundario,TIPOALTA,DERIVACIÓN OTRO HOSPITAL DE LA RED NACIONAL,29
2022,autismo_F840,solo_secundario,TIPOALTA,DERIVACIÓN OTRO HOSPITAL DEL SERVICIO,31
2022,autismo_F840,solo_secundario,TIPOALTA,DOMICILIO,2699
2022,autismo_F840,solo_secundario,TIPOALTA,FALLECIDO,10
2022,autismo_F840,solo_secundario,TIPOALTA,FUGA DEL PACIENTE,7
2022,autismo_F840,solo_secundario,TIPOALTA,HOSPITALIZACIÓN DOMICILIARIA,36
2023,autismo_F840,principal,TIPOALTA,ALTA VOLUNTARIA,2
2023,autismo_F840,principal,TIPOALTA,"DERIVACIÓN A OTROS CENTROS (CÁRCEL, HOGAR DE",2
2023,autismo_F840,principal,TIPOALTA,DERIVACIÓN OTRO HOSPITAL DEL SERVICIO,3
2023,autismo_F840,principal,TIPOALTA,DOMICILIO,246
2023,autismo_F840,solo_secundario,TIPOALTA,ALTA VOLUNTARIA,47
2023,autismo_F840,solo_secundario,TIPOALTA,"DERIVACIÓN A OTROS CENTROS (CÁRCEL, HOGAR DE",31
2023,autismo_F840,solo_secundario,TIPOALTA,DERIVACIÓN INST. PRIVADA (COMPRA DE SERVICIOS,7
2023,autismo_F840,solo_secundario,TIPOALTA,DERIVACIÓN INST. PRIVADA (VOLUNTARIO),5
2023,autismo_F840,solo_secundario,TIPOALTA,DERIVACIÓN OTRO HOSPITAL DE LA RED NACIONAL,34
2023,autismo_F840,solo_secundario,TIPOALTA,DERIVACIÓN OTRO HOSPITAL DEL SERVICIO,60
2023,autismo_F840,solo_secundario,TIPOALTA,DOMICILIO,4773
2023,autismo_F840,solo_secundario,TIPOALTA,FALLECIDO,16
2023,autismo_F840,solo_secundario,TIPOALTA,FUGA DEL PACIENTE,5
2023,autismo_F840,solo_secundario,TIPOALTA,HOSPITALIZACIÓN DOMICILIARIA,94
2024,autismo_F840,principal,TIPOALTA,ALTA VOLUNTARIA,5
2024,autismo_F840,principal,TIPOALTA,"DERIVACIÓN A OTROS CENTROS (CÁRCEL, HOGAR DE",6
2024,autismo_F840,principal,TIPOALTA,DERIVACIÓN INST. PRIVADA (VOLUNTARIO),1
2024,autismo_F840,principal,TIPOALTA,DERIVACIÓN OTRO HOSPITAL DEL SERVICIO,1
2024,autismo_F840,principal,TIPOALTA,DOMICILIO,267
2024,autismo_F840,solo_secundario,TIPOALTA,ALTA VOLUNTARIA,79
2024,autismo_F840,solo_secundario,TIPOALTA,"DERIVACIÓN A OTROS CENTROS (CÁRCEL, HOGAR DE",21
2024,autismo_F840,solo_secundario,TIPOALTA,DERIVACIÓN INST. PRIVADA (COMPRA DE SERVICIOS,12
2024,autismo_F840,solo_secundario,TIPOALTA,DERIVACIÓN INST. PRIVADA (VOLUNTARIO),10
2024,autismo_F840,solo_secundario,TIPOALTA,DERIVACIÓN OTRO HOSPITAL DE LA RED NACIONAL,53
2024,autismo_F840,solo_secundario,TIPOALTA,DERIVACIÓN OTRO HOSPITAL DEL SERVICIO,112
2024,autismo_F840,solo_secundario,TIPOALTA,DOMICILIO,6538
2024,autismo_F840,solo_secundario,TIPOALTA,FALLECIDO,18
2024,autismo_F840,solo_secundario,TIPOALTA,FUGA DEL PACIENTE,16
2024,autismo_F840,solo_secundario,TIPOALTA,HOSPITALIZACIÓN DOMICILIARIA,91
2019,autismo_F840,principal,ESPECIALIDAD_MEDICA,ANESTESIOLOGÍA,1
2019,autismo_F840,principal,ESPECIALIDAD_MEDICA,CIRUGÍA PEDIÁTRICA,1
2019,autismo_F840,principal,ESPECIALIDAD_MEDICA,CIRUGÍA Y TRAUMATOLOGÍA BUCOMAXILOFACIAL,1
2019,autismo_F840,principal,ESPECIALIDAD_MEDICA,MEDICINA DE URGENCIA,1
2019,autismo_F840,principal,ESPECIALIDAD_MEDICA,MEDICINA GENERAL,1
2019,autismo_F840,principal,ESPECIALIDAD_MEDICA,NEUROLOGÍA PEDIÁTRICA,26
2019,autismo_F840,principal,ESPECIALIDAD_MEDICA,OTORRINOLARINGOLOGÍA,4
2019,autismo_F840,principal,ESPECIALIDAD_MEDICA,PEDIATRÍA,53
2019,autismo_F840,principal,ESPECIALIDAD_MEDICA,PSIQUIATRÍA ADULTO,20
2019,autismo_F840,principal,ESPECIALIDAD_MEDICA,PSIQUIATRÍA PEDIÁTRICA Y DE LA ADOLESCENCIA,42
2019,autismo_F840,solo_secundario,ESPECIALIDAD_MEDICA,CARDIOLOGÍA PEDIÁTRICA,2
2019,autismo_F840,solo_secundario,ESPECIALIDAD_MEDICA,CIRUGÍA CABEZA CUELLO Y PLÁSTICA MAXILO FACIAL,16
2019,autismo_F840,solo_secundario,ESPECIALIDAD_MEDICA,CIRUGÍA CARDIOVASCULAR,1
2019,autismo_F840,solo_secundario,ESPECIALIDAD_MEDICA,CIRUGÍA GENERAL,32
2019,autismo_F840,solo_secundario,ESPECIALIDAD_MEDICA,CIRUGÍA PEDIÁTRICA,175
2019,autismo_F840,solo_secundario,ESPECIALIDAD_MEDICA,CIRUGÍA PLÁSTICA Y REPARADORA,8
2019,autismo_F840,solo_secundario,ESPECIALIDAD_MEDICA,CIRUGÍA TÓRAX,1
2019,autismo_F840,solo_secundario,ESPECIALIDAD_MEDICA,CIRUGÍA VASCULAR PERIFÉRICA,2
2019,autismo_F840,solo_secundario,ESPECIALIDAD_MEDICA,CIRUGÍA Y TRAUMATOLOGÍA BUCOMAXILOFACIAL,58
2019,autismo_F840,solo_secundario,ESPECIALIDAD_MEDICA,CUIDADOS INTENSIVOS PEDIÁTRICO,3
2019,autismo_F840,solo_secundario,ESPECIALIDAD_MEDICA,DERMATOLOGÍA,1
2019,autismo_F840,solo_secundario,ESPECIALIDAD_MEDICA,ENDOCRINOLOGÍA PEDIÁTRICA,1
2019,autismo_F840,solo_secundario,ESPECIALIDAD_MEDICA,ENFERNEDADES RESPIRATORIAS PEDIÁTRICA,6
2019,autismo_F840,solo_secundario,ESPECIALIDAD_MEDICA,GASTROENTEROLOGÍA PEDIÁTRICA,5
2019,autismo_F840,solo_secundario,ESPECIALIDAD_MEDICA,HEMATOLOGÍA,4
2019,autismo_F840,solo_secundario,ESPECIALIDAD_MEDICA,HEMATOLOGÍA ONCOLÓGICA PEDIÁTRICA,45
2019,autismo_F840,solo_secundario,ESPECIALIDAD_MEDICA,MEDICINA DE URGENCIA,3
2019,autismo_F840,solo_secundario,ESPECIALIDAD_MEDICA,MEDICINA GENERAL,6
2019,autismo_F840,solo_secundario,ESPECIALIDAD_MEDICA,MEDICINA INTENSIVA,4
2019,autismo_F840,solo_secundario,ESPECIALIDAD_MEDICA,MEDICINA INTERNA,29
2019,autismo_F840,solo_secundario,ESPECIALIDAD_MEDICA,NEFROLOGÍA PEDIÁTRICA,1
2019,autismo_F840,solo_secundario,ESPECIALIDAD_MEDICA,NEUROCIRUGÍA,3
2019,autismo_F840,solo_secundario,ESPECIALIDAD_MEDICA,NEUROCIRUGÍA PEDIÁTRICA,5
2019,autismo_F840,solo_secundario,ESPECIALIDAD_MEDICA,NEUROLOGÍA ADULTO,5
2019,autismo_F840,solo_secundario,ESPECIALIDAD_MEDICA,NEUROLOGÍA PEDIÁTRICA,84
2019,autismo_F840,solo_secundario,ESPECIALIDAD_MEDICA,OBSTETRICIA Y GINECOLOGÍA,2
2019,autismo_F840,solo_secundario,ESPECIALIDAD_MEDICA,ODONTOLOGÍA,33
2019,autismo_F840,solo_secundario,ESPECIALIDAD_MEDICA,ODONTOPEDIATRÍA,51
2019,autismo_F840,solo_secundario,ESPECIALIDAD_MEDICA,OFTALMOLOGÍA,17
2019,autismo_F840,solo_secundario,ESPECIALIDAD_MEDICA,ONCOLOGÍA MÉDICA,5
2019,autismo_F840,solo_secundario,ESPECIALIDAD_MEDICA,OTORRINOLARINGOLOGÍA,44
2019,autismo_F840,solo_secundario,ESPECIALIDAD_MEDICA,PEDIATRÍA,456
2019,autismo_F840,solo_secundario,ESPECIALIDAD_MEDICA,PSIQUIATRÍA ADULTO,37
2019,autismo_F840,solo_secundario,ESPECIALIDAD_MEDICA,PSIQUIATRÍA PEDIÁTRICA Y DE LA ADOLESCENCIA,40
2019,autismo_F840,solo_secundario,ESPECIALIDAD_MEDICA,RADIOLOGÍA INTERVENCIONAL,1
2019,autismo_F840,solo_secundario,ESPECIALIDAD_MEDICA,TRAUMATOLOGÍA Y ORTOPEDIA,52
2019,autismo_F840,solo_secundario,ESPECIALIDAD_MEDICA,UROLOGÍA,12
2020,autismo_F840,principal,ESPECIALIDAD_MEDICA,CIRUGÍA PEDIÁTRICA,2
2020,autismo_F840,principal,ESPECIALIDAD_MEDICA,MEDICINA INTERNA,1
2020,autismo_F840,principal,ESPECIALIDAD_MEDICA,NEUROLOGÍA PEDIÁTRICA,12
2020,autismo_F840,principal,ESPECIALIDAD_MEDICA,PEDIATRÍA,32
2020,autismo_F840,principal,ESPECIALIDAD_MEDICA,PSIQUIATRÍA ADULTO,28
2020,autismo_F840,principal,ESPECIALIDAD_MEDICA,PSIQUIATRÍA PEDIÁTRICA Y DE LA ADOLESCENCIA,39
2020,autismo_F840,solo_secundario,ESPECIALIDAD_MEDICA,CARDIOLOGÍA,1
2020,autismo_F840,solo_secundario,ESPECIALIDAD_MEDICA,CARDIOLOGÍA PEDIÁTRICA,3
2020,autismo_F840,solo_secundario,ESPECIALIDAD_MEDICA,"CIRUGÍA DE CABEZA, CUELLO Y MAXILOFACIAL",9
2020,autismo_F840,solo_secundario,ESPECIALIDAD_MEDICA,CIRUGÍA DE TÓRAX,1
2020,autismo_F840,solo_secundario,ESPECIALIDAD_MEDICA,CIRUGÍA GENERAL,31
2020,autismo_F840,solo_secundario,ESPECIALIDAD_MEDICA,CIRUGÍA PEDIÁTRICA,181
2020,autismo_F840,solo_secundario,ESPECIALIDAD_MEDICA,CIRUGÍA PLÁSTICA Y REPARADORA,4
2020,autismo_F840,solo_secundario,ESPECIALIDAD_MEDICA,CIRUGÍA Y TRAUMATOLOGÍA BUCO MAXILOFACIAL,7
2020,autismo_F840,solo_secundario,ESPECIALIDAD_MEDICA,CIRUJANO DENTISTA,5
2020,autismo_F840,solo_secundario,ESPECIALIDAD_MEDICA,ENDOCRINOLOGÍA PEDIÁTRICA,2
2020,autismo_F840,solo_secundario,ESPECIALIDAD_MEDICA,ENFERMEDADES RESPIRATORIAS DEL ADULTO (BRONCOPULMONAR),1
2020,autismo_F840,solo_secundario,ESPECIALIDAD_MEDICA,ENFERMEDADES RESPIRATORIAS PEDIÁTRICAS (BRONCOPULMONAR PEDIATRICO),2
2020,autismo_F840,solo_secundario,ESPECIALIDAD_MEDICA,GASTROENTEROLOGÍA PEDIÁTRICA,6
2020,autismo_F840,solo_secundario,ESPECIALIDAD_MEDICA,HEMATO-ONCOLOGÍA PEDIÁTRICA,43
2020,autismo_F840,solo_secundario,ESPECIALIDAD_MEDICA,HEMATOLOGÍA,4
2020,autismo_F840,solo_secundario,ESPECIALIDAD_MEDICA,MEDICINA DE URGENCIA,2
2020,autismo_F840,solo_secundario,ESPECIALIDAD_MEDICA,MEDICINA INTENSIVA ADULTO,1
2020,autismo_F840,solo_secundario,ESPECIALIDAD_MEDICA,MEDICINA INTENSIVA PEDIÁTRICA,7
2020,autismo_F840,solo_secundario,ESPECIALIDAD_MEDICA,MEDICINA INTERNA,32
2020,autismo_F840,solo_secundario,ESPECIALIDAD_MEDICA,MÉDICO GENERAL,3
2020,autismo_F840,solo_secundario,ESPECIALIDAD_MEDICA,NEFROLOGÍA PEDIÁTRICO,4
2020,autismo_F840,solo_secundario,ESPECIALIDAD_MEDICA,NEUROCIRUGÍA,19
2020,autismo_F840,solo_secundario,ESPECIALIDAD_MEDICA,NEUROLOGÍA ADULTO,6
2020,autismo_F840,solo_secundario,ESPECIALIDAD_MEDICA,NEUROLOGÍA PEDIÁTRICA,39
2020,autismo_F840,solo_secundario,ESPECIALIDAD_MEDICA,OBSTETRICIA Y GINECOLOGÍA,6
2020,autismo_F840,solo_secundario,ESPECIALIDAD_MEDICA,ODONTOPEDIATRÍA,14
2020,autismo_F840,solo_secundario,ESPECIALIDAD_MEDICA,OFTALMOLOGÍA,3
2020,autismo_F840,solo_secundario,ESPECIALIDAD_MEDICA,ONCOLOGÍA MÉDICA,2
2020,autismo_F840,solo_secundario,ESPECIALIDAD_MEDICA,OTORRINOLARINGOLOGÍA,30
2020,autismo_F840,solo_secundario,ESPECIALIDAD_MEDICA,PEDIATRÍA,374
2020,autismo_F840,solo_secundario,ESPECIALIDAD_MEDICA,PSIQUIATRÍA ADULTO,29
2020,autismo_F840,solo_secundario,ESPECIALIDAD_MEDICA,PSIQUIATRÍA PEDIÁTRICA Y DE LA ADOLESCENCIA,39
2020,autismo_F840,solo_secundario,ESPECIALIDAD_MEDICA,RADIOLOGÍA INTERVENCIONAL,2
2020,autismo_F840,solo_secundario,ESPECIALIDAD_MEDICA,TRAUMATOLOGÍA Y ORTOPEDIA,50
2020,autismo_F840,solo_secundario,ESPECIALIDAD_MEDICA,UROLOGÍA,8
2021,autismo_F840,principal,ESPECIALIDAD_MEDICA,CIRUGÍA PEDIÁTRICA,4
2021,autismo_F840,principal,ESPECIALIDAD_MEDICA,MEDICINA INTERNA,1
2021,autismo_F840,principal,ESPECIALIDAD_MEDICA,NEUROLOGÍA PEDIÁTRICA,1
2021,autismo_F840,principal,ESPECIALIDAD_MEDICA,ODONTOPEDIATRÍA,1
2021,autismo_F840,principal,ESPECIALIDAD_MEDICA,OTORRINOLARINGOLOGÍA,1
2021,autismo_F840,principal,ESPECIALIDAD_MEDICA,PEDIATRÍA,51
2021,autismo_F840,principal,ESPECIALIDAD_MEDICA,PSIQUIATRÍA ADULTO,48
2021,autismo_F840,principal,ESPECIALIDAD_MEDICA,PSIQUIATRÍA PEDIÁTRICA Y DE LA ADOLESCENCIA,32
2021,autismo_F840,solo_secundario,ESPECIALIDAD_MEDICA,CARDIOLOGÍA,1
2021,autismo_F840,solo_secundario,ESPECIALIDAD_MEDICA,CARDIOLOGÍA PEDIÁTRICA,7
2021,autismo_F840,solo_secundario,ESPECIALIDAD_MEDICA,CIRUGÍA CARDIOVASCULAR,6
2021,autismo_F840,solo_secundario,ESPECIALIDAD_MEDICA,"CIRUGÍA DE CABEZA, CUELLO Y MAXILOFACIAL",10
2021,autismo_F840,solo_secundario,ESPECIALIDAD_MEDICA,CIRUGÍA DE TÓRAX,3
2021,autismo_F840,solo_secundario,ESPECIALIDAD_MEDICA,CIRUGÍA DIGESTIVA,1
2021,autismo_F840,solo_secundario,ESPECIALIDAD_MEDICA,CIRUGÍA GENERAL,36
2021,autismo_F840,solo_secundario,ESPECIALIDAD_MEDICA,CIRUGÍA PEDIÁTRICA,308
2021,autismo_F840,solo_secundario,ESPECIALIDAD_MEDICA,CIRUGÍA PLÁSTICA Y REPARADORA,7
2021,autismo_F840,solo_secundario,ESPECIALIDAD_MEDICA,CIRUGÍA VASCULAR PERIFÉRICA,1
2021,autismo_F840,solo_secundario,ESPECIALIDAD_MEDICA,CIRUGÍA Y TRAUMATOLOGÍA BUCO MAXILOFACIAL,15
2021,autismo_F840,solo_secundario,ESPECIALIDAD_MEDICA,CIRUJANO DENTISTA,3
2021,autismo_F840,solo_secundario,ESPECIALIDAD_MEDICA,COLOPROCTOLOGÍA,3
2021,autismo_F840,solo_secundario,ESPECIALIDAD_MEDICA,ENDOCRINOLOGÍA PEDIÁTRICA,4
2021,autismo_F840,solo_secundario,ESPECIALIDAD_MEDICA,ENFERMEDADES RESPIRATORIAS DEL ADULTO (BRONCOPULMONAR),1
2021,autismo_F840,solo_secundario,ESPECIALIDAD_MEDICA,ENFERMEDADES RESPIRATORIAS PEDIÁTRICAS (BRONCOPULMONAR PEDIATRICO),5
2021,autismo_F840,solo_secundario,ESPECIALIDAD_MEDICA,GASTROENTEROLOGÍA PEDIÁTRICA,3
2021,autismo_F840,solo_secundario,ESPECIALIDAD_MEDICA,HEMATO-ONCOLOGÍA PEDIÁTRICA,44
2021,autismo_F840,solo_secundario,ESPECIALIDAD_MEDICA,HEMATOLOGÍA,4
2021,autismo_F840,solo_secundario,ESPECIALIDAD_MEDICA,MEDICINA DE URGENCIA,1
2021,autismo_F840,solo_secundario,ESPECIALIDAD_MEDICA,MEDICINA INTENSIVA ADULTO,4
2021,autismo_F840,solo_secundario,ESPECIALIDAD_MEDICA,MEDICINA INTENSIVA PEDIÁTRICA,14
2021,autismo_F840,solo_secundario,ESPECIALIDAD_MEDICA,MEDICINA INTERNA,67
2021,autismo_F840,solo_secundario,ESPECIALIDAD_MEDICA,MÉDICO GENERAL,6
2021,autismo_F840,solo_secundario,ESPECIALIDAD_MEDICA,NEFROLOGÍA PEDIÁTRICO,2
2021,autismo_F840,solo_secundario,ESPECIALIDAD_MEDICA,NEONATOLOGÍA,1
2021,autismo_F840,solo_secundario,ESPECIALIDAD_MEDICA,NEUROCIRUGÍA,40
2021,autismo_F840,solo_secundario,ESPECIALIDAD_MEDICA,NEUROLOGÍA ADULTO,11
2021,autismo_F840,solo_secundario,ESPECIALIDAD_MEDICA,NEUROLOGÍA PEDIÁTRICA,63
2021,autismo_F840,solo_secundario,ESPECIALIDAD_MEDICA,NEURORRADIOLOGIA,2
2021,autismo_F840,solo_secundario,ESPECIALIDAD_MEDICA,OBSTETRICIA Y GINECOLOGÍA,7
2021,autismo_F840,solo_secundario,ESPECIALIDAD_MEDICA,ODONTOPEDIATRÍA,43
2021,autismo_F840,solo_secundario,ESPECIALIDAD_MEDICA,OFTALMOLOGÍA,15
2021,autismo_F840,solo_secundario,ESPECIALIDAD_MEDICA,ONCOLOGÍA MÉDICA,18
2021,autismo_F840,solo_secundario,ESPECIALIDAD_MEDICA,OTORRINOLARINGOLOGÍA,48
2021,autismo_F840,solo_secundario,ESPECIALIDAD_MEDICA,PEDIATRÍA,667
2021,autismo_F840,solo_secundario,ESPECIALIDAD_MEDICA,PSIQUIATRÍA ADULTO,60
2021,autismo_F840,solo_secundario,ESPECIALIDAD_MEDICA,PSIQUIATRÍA PEDIÁTRICA Y DE LA ADOLESCENCIA,79
2021,autismo_F840,solo_secundario,ESPECIALIDAD_MEDICA,TRAUMATOLOGÍA Y ORTOPEDIA,84
2021,autismo_F840,solo_secundario,ESPECIALIDAD_MEDICA,UROLOGÍA,15
2022,autismo_F840,principal,ESPECIALIDAD_MEDICA,CARDIOLOGÍA,1
2022,autismo_F840,principal,ESPECIALIDAD_MEDICA,CIRUGÍA PEDIÁTRICA,1
2022,autismo_F840,principal,ESPECIALIDAD_MEDICA,MEDICINA INTERNA,3
2022,autismo_F840,principal,ESPECIALIDAD_MEDICA,MÉDICO GENERAL,1
2022,autismo_F840,principal,ESPECIALIDAD_MEDICA,NEUROCIRUGÍA,2
2022,autismo_F840,principal,ESPECIALIDAD_MEDICA,NEUROLOGÍA ADULTO,1
2022,autismo_F840,principal,ESPECIALIDAD_MEDICA,NEUROLOGÍA PEDIÁTRICA,6
2022,autismo_F840,principal,ESPECIALIDAD_MEDICA,OBSTETRICIA Y GINECOLOGÍA,1
2022,autismo_F840,principal,ESPECIALIDAD_MEDICA,PEDIATRÍA,66
2022,autismo_F840,principal,ESPECIALIDAD_MEDICA,PSIQUIATRÍA ADULTO,34
2022,autismo_F840,principal,ESPECIALIDAD_MEDICA,PSIQUIATRÍA PEDIÁTRICA Y DE LA ADOLESCENCIA,86
2022,autismo_F840,solo_secundario,ESPECIALIDAD_MEDICA,CARDIOLOGÍA,3
2022,autismo_F840,solo_secundario,ESPECIALIDAD_MEDICA,CARDIOLOGÍA PEDIÁTRICA,14
2022,autismo_F840,solo_secundario,ESPECIALIDAD_MEDICA,CIRUGÍA CARDIOVASCULAR,7
2022,autismo_F840,solo_secundario,ESPECIALIDAD_MEDICA,"CIRUGÍA DE CABEZA, CUELLO Y MAXILOFACIAL",16
2022,autismo_F840,solo_secundario,ESPECIALIDAD_MEDICA,CIRUGÍA DE TÓRAX,4
2022,autismo_F840,solo_secundario,ESPECIALIDAD_MEDICA,CIRUGÍA DIGESTIVA,3
2022,autismo_F840,solo_secundario,ESPECIALIDAD_MEDICA,CIRUGÍA GENERAL,62
2022,autismo_F840,solo_secundario,ESPECIALIDAD_MEDICA,CIRUGÍA PEDIÁTRICA,545
2022,autismo_F840,solo_secundario,ESPECIALIDAD_MEDICA,CIRUGÍA PLÁSTICA Y REPARADORA,16
2022,autismo_F840,solo_secundario,ESPECIALIDAD_MEDICA,CIRUGÍA VASCULAR PERIFÉRICA,1
2022,autismo_F840,solo_secundario,ESPECIALIDAD_MEDICA,CIRUGÍA Y TRAUMATOLOGÍA BUCO MAXILOFACIAL,25
2022,autismo_F840,solo_secundario,ESPECIALIDAD_MEDICA,CIRUJANO DENTISTA,12
2022,autismo_F840,solo_secundario,ESPECIALIDAD_MEDICA,ENDOCRINOLOGÍA PEDIÁTRICA,2
2022,autismo_F840,solo_secundario,ESPECIALIDAD_MEDICA,ENFERMEDADES RESPIRATORIAS DEL ADULTO (BRONCOPULMONAR),2
2022,autismo_F840,solo_secundario,ESPECIALIDAD_MEDICA,ENFERMEDADES RESPIRATORIAS PEDIÁTRICAS (BRONCOPULMONAR PEDIATRICO),28
2022,autismo_F840,solo_secundario,ESPECIALIDAD_MEDICA,GASTROENTEROLOGÍA ADULTO,2
2022,autismo_F840,solo_secundario,ESPECIALIDAD_MEDICA,GASTROENTEROLOGÍA PEDIÁTRICA,11
2022,autismo_F840,solo_secundario,ESPECIALIDAD_MEDICA,HEMATO-ONCOLOGÍA PEDIÁTRICA,50
2022,autismo_F840,solo_secundario,ESPECIALIDAD_MEDICA,HEMATOLOGÍA,2
2022,autismo_F840,solo_secundario,ESPECIALIDAD_MEDICA,INMUNOLOGÍA CLÍNICA,1
2022,autismo_F840,solo_secundario,ESPECIALIDAD_MEDICA,MATRONAS(ES),1
2022,autismo_F840,solo_secundario,ESPECIALIDAD_MEDICA,MEDICINA DE URGENCIA,1
2022,autismo_F840,solo_secundario,ESPECIALIDAD_MEDICA,MEDICINA INTENSIVA ADULTO,13
2022,autismo_F840,solo_secundario,ESPECIALIDAD_MEDICA,MEDICINA INTENSIVA PEDIÁTRICA,33
2022,autismo_F840,solo_secundario,ESPECIALIDAD_MEDICA,MEDICINA INTERNA,71
2022,autismo_F840,solo_secundario,ESPECIALIDAD_MEDICA,MÉDICO GENERAL,10
2022,autismo_F840,solo_secundario,ESPECIALIDAD_MEDICA,NEFROLOGÍA PEDIÁTRICO,2
2022,autismo_F840,solo_secundario,ESPECIALIDAD_MEDICA,NEUROCIRUGÍA,48
2022,autismo_F840,solo_secundario,ESPECIALIDAD_MEDICA,NEUROLOGÍA ADULTO,23
2022,autismo_F840,solo_secundario,ESPECIALIDAD_MEDICA,NEUROLOGÍA PEDIÁTRICA,82
2022,autismo_F840,solo_secundario,ESPECIALIDAD_MEDICA,NEURORRADIOLOGIA,4
2022,autismo_F840,solo_secundario,ESPECIALIDAD_MEDICA,OBSTETRICIA Y GINECOLOGÍA,14
2022,autismo_F840,solo_secundario,ESPECIALIDAD_MEDICA,ODONTOPEDIATRÍA,49
2022,autismo_F840,solo_secundario,ESPECIALIDAD_MEDICA,OFTALMOLOGÍA,27
2022,autismo_F840,solo_secundario,ESPECIALIDAD_MEDICA,ONCOLOGÍA MÉDICA,24
2022,autismo_F840,solo_secundario,ESPECIALIDAD_MEDICA,ORTODONCIA Y ORTOPEDIA DENTO MAXILOFACIAL,2
2022,autismo_F840,solo_secundario,ESPECIALIDAD_MEDICA,OTORRINOLARINGOLOGÍA,96
2022,autismo_F840,solo_secundario,ESPECIALIDAD_MEDICA,PEDIATRÍA,1125
2022,autismo_F840,solo_secundario,ESPECIALIDAD_MEDICA,PSIQUIATRÍA ADULTO,87
2022,autismo_F840,solo_secundario,ESPECIALIDAD_MEDICA,PSIQUIATRÍA PEDIÁTRICA Y DE LA ADOLESCENCIA,197
2022,autismo_F840,solo_secundario,ESPECIALIDAD_MEDICA,TRAUMATOLOGÍA Y ORTOPEDIA,123
2022,autismo_F840,solo_secundario,ESPECIALIDAD_MEDICA,UROLOGÍA,21
2023,autismo_F840,principal,ESPECIALIDAD_MEDICA,CIRUGÍA PEDIÁTRICA,1
2023,autismo_F840,principal,ESPECIALIDAD_MEDICA,MEDICINA INTERNA,3
2023,autismo_F840,principal,ESPECIALIDAD_MEDICA,MÉDICO GENERAL,3
2023,autismo_F840,principal,ESPECIALIDAD_MEDICA,NEUROLOGÍA PEDIÁTRICA,7
2023,autismo_F840,principal,ESPECIALIDAD_MEDICA,PEDIATRÍA,62
2023,autismo_F840,principal,ESPECIALIDAD_MEDICA,PSIQUIATRÍA ADULTO,40
2023,autismo_F840,principal,ESPECIALIDAD_MEDICA,PSIQUIATRÍA PEDIÁTRICA Y DE LA ADOLESCENCIA,137
2023,autismo_F840,solo_secundario,ESPECIALIDAD_MEDICA,CARDIOLOGÍA,2
2023,autismo_F840,solo_secundario,ESPECIALIDAD_MEDICA,CARDIOLOGÍA PEDIÁTRICA,10
2023,autismo_F840,solo_secundario,ESPECIALIDAD_MEDICA,CIRUGÍA CARDIOVASCULAR,8
2023,autismo_F840,solo_secundario,ESPECIALIDAD_MEDICA,"CIRUGÍA DE CABEZA, CUELLO Y MAXILOFACIAL",23
2023,autismo_F840,solo_secundario,ESPECIALIDAD_MEDICA,CIRUGÍA DE TÓRAX,2
2023,autismo_F840,solo_secundario,ESPECIALIDAD_MEDICA,CIRUGÍA DIGESTIVA,6
2023,autismo_F840,solo_secundario,ESPECIALIDAD_MEDICA,CIRUGÍA GENERAL,119
2023,autismo_F840,solo_secundario,ESPECIALIDAD_MEDICA,CIRUGÍA PEDIÁTRICA,878
2023,autismo_F840,solo_secundario,ESPECIALIDAD_MEDICA,CIRUGÍA PLÁSTICA Y REPARADORA,14
2023,autismo_F840,solo_secundario,ESPECIALIDAD_MEDICA,CIRUGÍA VASCULAR PERIFÉRICA,2
2023,autismo_F840,solo_secundario,ESPECIALIDAD_MEDICA,CIRUGÍA Y TRAUMATOLOGÍA BUCO MAXILOFACIAL,40
2023,autismo_F840,solo_secundario,ESPECIALIDAD_MEDICA,CIRUJANO DENTISTA,7
2023,autismo_F840,solo_secundario,ESPECIALIDAD_MEDICA,COLOPROCTOLOGÍA,8
2023,autismo_F840,solo_secundario,ESPECIALIDAD_MEDICA,DERMATOLOGÍA Y VENEROLOGÍA,1
2023,autismo_F840,solo_secundario,ESPECIALIDAD_MEDICA,ENDOCRINOLOGÍA PEDIÁTRICA,4
2023,autismo_F840,solo_secundario,ESPECIALIDAD_MEDICA,ENFERMEDADES RESPIRATORIAS DEL ADULTO (BRONCOPULMONAR),2
2023,autismo_F840,solo_secundario,ESPECIALIDAD_MEDICA,ENFERMEDADES RESPIRATORIAS PEDIÁTRICAS (BRONCOPULMONAR PEDIATRICO),69
2023,autismo_F840,solo_secundario,ESPECIALIDAD_MEDICA,GASTROENTEROLOGÍA ADULTO,4
2023,autismo_F840,solo_secundario,ESPECIALIDAD_MEDICA,GASTROENTEROLOGÍA PEDIÁTRICA,38
2023,autismo_F840,solo_secundario,ESPECIALIDAD_MEDICA,GINECOLOGÍA PEDIÁTRICA Y DE LA ADOLESCENCIA,1
2023,autismo_F840,solo_secundario,ESPECIALIDAD_MEDICA,HEMATO-ONCOLOGÍA PEDIÁTRICA,85
2023,autismo_F840,solo_secundario,ESPECIALIDAD_MEDICA,HEMATOLOGÍA,10
2023,autismo_F840,solo_secundario,ESPECIALIDAD_MEDICA,INMUNOLOGÍA CLÍNICA,2
2023,autismo_F840,solo_secundario,ESPECIALIDAD_MEDICA,MEDICINA DE URGENCIA,1
2023,autismo_F840,solo_secundario,ESPECIALIDAD_MEDICA,MEDICINA FISICA Y REHABILITACIÓN PEDIÁTRICA,1
2023,autismo_F840,solo_secundario,ESPECIALIDAD_MEDICA,MEDICINA INTENSIVA ADULTO,22
2023,autismo_F840,solo_secundario,ESPECIALIDAD_MEDICA,MEDICINA INTENSIVA PEDIÁTRICA,38
2023,autismo_F840,solo_secundario,ESPECIALIDAD_MEDICA,MEDICINA INTERNA,142
2023,autismo_F840,solo_secundario,ESPECIALIDAD_MEDICA,MÉDICO GENERAL,8
2023,autismo_F840,solo_secundario,ESPECIALIDAD_MEDICA,NEFROLOGÍA ADULTO,2
2023,autismo_F840,solo_secundario,ESPECIALIDAD_MEDICA,NEFROLOGÍA PEDIÁTRICO,1
2023,autismo_F840,solo_secundario,ESPECIALIDAD_MEDICA,NEUROCIRUGÍA,51
2023,autismo_F840,solo_secundario,ESPECIALIDAD_MEDICA,NEUROLOGÍA ADULTO,27
2023,autismo_F840,solo_secundario,ESPECIALIDAD_MEDICA,NEUROLOGÍA PEDIÁTRICA,129
2023,autismo_F840,solo_secundario,ESPECIALIDAD_MEDICA,NEURORRADIOLOGIA,2
2023,autismo_F840,solo_secundario,ESPECIALIDAD_MEDICA,OBSTETRICIA Y GINECOLOGÍA,44
2023,autismo_F840,solo_secundario,ESPECIALIDAD_MEDICA,ODONTOPEDIATRÍA,38
2023,autismo_F840,solo_secundario,ESPECIALIDAD_MEDICA,OFTALMOLOGÍA,61
2023,autismo_F840,solo_secundario,ESPECIALIDAD_MEDICA,ONCOLOGÍA MÉDICA,34
2023,autismo_F840,solo_secundario,ESPECIALIDAD_MEDICA,OTORRINOLARINGOLOGÍA,186
2023,autismo_F840,solo_secundario,ESPECIALIDAD_MEDICA,PEDIATRÍA,2009
2023,autismo_F840,solo_secundario,ESPECIALIDAD_MEDICA,PSIQUIATRÍA ADULTO,218
2023,autismo_F840,solo_secundario,ESPECIALIDAD_MEDICA,PSIQUIATRÍA PEDIÁTRICA Y DE LA ADOLESCENCIA,448
2023,autismo_F840,solo_secundario,ESPECIALIDAD_MEDICA,RADIOLOGÍA INTERVENCIONAL,1
2023,autismo_F840,solo_secundario,ESPECIALIDAD_MEDICA,REUMATOLOGÍA PEDIÁTRICA,1
2023,autismo_F840,solo_secundario,ESPECIALIDAD_MEDICA,TRAUMATOLOGÍA Y ORTOPEDIA,227
2023,autismo_F840,solo_secundario,ESPECIALIDAD_MEDICA,UROLOGÍA,46
2024,autismo_F840,principal,ESPECIALIDAD_MEDICA,MEDICINA DE URGENCIA,2
2024,autismo_F840,principal,ESPECIALIDAD_MEDICA,MEDICINA INTENSIVA ADULTO,1
2024,autismo_F840,principal,ESPECIALIDAD_MEDICA,MEDICINA INTENSIVA PEDIÁTRICA,1
2024,autismo_F840,principal,ESPECIALIDAD_MEDICA,MEDICINA INTERNA,3
2024,autismo_F840,principal,ESPECIALIDAD_MEDICA,NEUROLOGÍA PEDIÁTRICA,12
2024,autismo_F840,principal,ESPECIALIDAD_MEDICA,OBSTETRICIA Y GINECOLOGÍA,1
2024,autismo_F840,principal,ESPECIALIDAD_MEDICA,PEDIATRÍA,68
2024,autismo_F840,principal,ESPECIALIDAD_MEDICA,PSIQUIATRÍA ADULTO,44
2024,autismo_F840,principal,ESPECIALIDAD_MEDICA,PSIQUIATRÍA PEDIÁTRICA Y DE LA ADOLESCENCIA,148
2024,autismo_F840,solo_secundario,ESPECIALIDAD_MEDICA,CARDIOLOGÍA,7
2024,autismo_F840,solo_secundario,ESPECIALIDAD_MEDICA,CARDIOLOGÍA PEDIÁTRICA,7
2024,autismo_F840,solo_secundario,ESPECIALIDAD_MEDICA,CIRUGÍA CARDIOVASCULAR,9
2024,autismo_F840,solo_secundario,ESPECIALIDAD_MEDICA,"CIRUGÍA DE CABEZA, CUELLO Y MAXILOFACIAL",31
2024,autismo_F840,solo_secundario,ESPECIALIDAD_MEDICA,CIRUGÍA DE TÓRAX,5
2024,autismo_F840,solo_secundario,ESPECIALIDAD_MEDICA,CIRUGÍA DIGESTIVA,3
2024,autismo_F840,solo_secundario,ESPECIALIDAD_MEDICA,CIRUGÍA GENERAL,184
2024,autismo_F840,solo_secundario,ESPECIALIDAD_MEDICA,CIRUGÍA PEDIÁTRICA,1188
2024,autismo_F840,solo_secundario,ESPECIALIDAD_MEDICA,CIRUGÍA PLÁSTICA Y REPARADORA,22
2024,autismo_F840,solo_secundario,ESPECIALIDAD_MEDICA,CIRUGÍA VASCULAR PERIFÉRICA,3
2024,autismo_F840,solo_secundario,ESPECIALIDAD_MEDICA,CIRUGÍA Y TRAUMATOLOGÍA BUCO MAXILOFACIAL,79
2024,autismo_F840,solo_secundario,ESPECIALIDAD_MEDICA,CIRUJANO DENTISTA,7
2024,autismo_F840,solo_secundario,ESPECIALIDAD_MEDICA,COLOPROCTOLOGÍA,15
2024,autismo_F840,solo_secundario,ESPECIALIDAD_MEDICA,DIABETOLOGÍA,1
2024,autismo_F840,solo_secundario,ESPECIALIDAD_MEDICA,ENDOCRINOLOGÍA PEDIÁTRICA,5
2024,autismo_F840,solo_secundario,ESPECIALIDAD_MEDICA,ENFERMEDADES RESPIRATORIAS DEL ADULTO (BRONCOPULMONAR),4
2024,autismo_F840,solo_secundario,ESPECIALIDAD_MEDICA,ENFERMEDADES RESPIRATORIAS PEDIÁTRICAS (BRONCOPULMONAR PEDIATRICO),58
2024,autismo_F840,solo_secundario,ESPECIALIDAD_MEDICA,GASTROENTEROLOGÍA ADULTO,4
2024,autismo_F840,solo_secundario,ESPECIALIDAD_MEDICA,GASTROENTEROLOGÍA PEDIÁTRICA,20
2024,autismo_F840,solo_secundario,ESPECIALIDAD_MEDICA,GINECOLOGÍA ONCOLÓGICA,1
2024,autismo_F840,solo_secundario,ESPECIALIDAD_MEDICA,HEMATO-ONCOLOGÍA PEDIÁTRICA,102
2024,autismo_F840,solo_secundario,ESPECIALIDAD_MEDICA,HEMATOLOGÍA,24
2024,autismo_F840,solo_secundario,ESPECIALIDAD_MEDICA,IMPLANTOLOGIA BUCO MAXILOFACIAL,1
2024,autismo_F840,solo_secundario,ESPECIALIDAD_MEDICA,INMUNOLOGÍA CLÍNICA,1
2024,autismo_F840,solo_secundario,ESPECIALIDAD_MEDICA,MEDICINA DE URGENCIA,18
2024,autismo_F840,solo_secundario,ESPECIALIDAD_MEDICA,MEDICINA FAMILIAR,1
2024,autismo_F840,solo_secundario,ESPECIALIDAD_MEDICA,MEDICINA INTENSIVA ADULTO,25
2024,autismo_F840,solo_secundario,ESPECIALIDAD_MEDICA,MEDICINA INTENSIVA PEDIÁTRICA,59
2024,autismo_F840,solo_secundario,ESPECIALIDAD_MEDICA,MEDICINA INTERNA,200
2024,autismo_F840,solo_secundario,ESPECIALIDAD_MEDICA,MÉDICO GENERAL,17
2024,autismo_F840,solo_secundario,ESPECIALIDAD_MEDICA,NEFROLOGÍA ADULTO,4
2024,autismo_F840,solo_secundario,ESPECIALIDAD_MEDICA,NEFROLOGÍA PEDIÁTRICO,8
2024,autismo_F840,solo_secundario,ESPECIALIDAD_MEDICA,NEONATOLOGÍA,1
2024,autismo_F840,solo_secundario,ESPECIALIDAD_MEDICA,NEUROCIRUGÍA,69
2024,autismo_F840,solo_secundario,ESPECIALIDAD_MEDICA,NEUROLOGÍA ADULTO,48
2024,autismo_F840,solo_secundario,ESPECIALIDAD_MEDICA,NEUROLOGÍA PEDIÁTRICA,146
2024,autismo_F840,solo_secundario,ESPECIALIDAD_MEDICA,NEURORRADIOLOGIA,5
2024,autismo_F840,solo_secundario,ESPECIALIDAD_MEDICA,OBSTETRICIA Y GINECOLOGÍA,71
2024,autismo_F840,solo_secundario,ESPECIALIDAD_MEDICA,ODONTOPEDIATRÍA,84
2024,autismo_F840,solo_secundario,ESPECIALIDAD_MEDICA,OFTALMOLOGÍA,74
2024,autismo_F840,solo_secundario,ESPECIALIDAD_MEDICA,ONCOLOGÍA MÉDICA,18
2024,autismo_F840,solo_secundario,ESPECIALIDAD_MEDICA,OTORRINOLARINGOLOGÍA,288
2024,autismo_F840,solo_secundario,ESPECIALIDAD_MEDICA,PEDIATRÍA,2489
2024,autismo_F840,solo_secundario,ESPECIALIDAD_MEDICA,PSIQUIATRÍA ADULTO,351
2024,autismo_F840,solo_secundario,ESPECIALIDAD_MEDICA,PSIQUIATRÍA PEDIÁTRICA Y DE LA ADOLESCENCIA,830
2024,autismo_F840,solo_secundario,ESPECIALIDAD_MEDICA,SALUD PÚBLICA (ODONTOLÓGICA),1
2024,autismo_F840,solo_secundario,ESPECIALIDAD_MEDICA,TRAUMATOLOGÍA Y ORTOPEDIA,303
2024,autismo_F840,solo_secundario,ESPECIALIDAD_MEDICA,UROLOGÍA,59
2019,autismo_F840,principal,TIPO_PROCEDENCIA,APS CONSULTORIO (CESFAM),3
2019,autismo_F840,principal,TIPO_PROCEDENCIA,"APS URGENCIA (SAPU, SUR, SUC)",2
2019,autismo_F840,principal,TIPO_PROCEDENCIA,"CENTRO ESPECIALIDADES (CDT, CRS, CONSULTORIO ADOS. ESP)",68
2019,autismo_F840,principal,TIPO_PROCEDENCIA,CIRUGÍA MAYOR AMBULATORIA (CMA),1
2019,autismo_F840,principal,TIPO_PROCEDENCIA,HOSPITALIZACIÓN DIURNA,1
2019,autismo_F840,principal,TIPO_PROCEDENCIA,"OTRAS INSTITUCIONES (CÁRCEL, HOGARES DE ANCIANOS, SENAME, EC",1
2019,autismo_F840,principal,TIPO_PROCEDENCIA,OTROS HOSPITALES DE LA RED,6
2019,autismo_F840,principal,TIPO_PROCEDENCIA,OTROS HOSPITALES RED NACIONAL,4
2019,autismo_F840,principal,TIPO_PROCEDENCIA,SERVICIO EMERGENCIA (DOMICILIO),64
2019,autismo_F840,solo_secundario,TIPO_PROCEDENCIA,APS CONSULTORIO (CESFAM),22
2019,autismo_F840,solo_secundario,TIPO_PROCEDENCIA,"APS URGENCIA (SAPU, SUR, SUC)",34
2019,autismo_F840,solo_secundario,TIPO_PROCEDENCIA,"CENTRO ESPECIALIDADES (CDT, CRS, CONSULTORIO ADOS. ESP)",529
2019,autismo_F840,solo_secundario,TIPO_PROCEDENCIA,CIRUGÍA MAYOR AMBULATORIA (CMA),22
2019,autismo_F840,solo_secundario,TIPO_PROCEDENCIA,CONSULTA PRIVADA,13
2019,autismo_F840,solo_secundario,TIPO_PROCEDENCIA,HOSPITALIZACIÓN DIURNA,17
2019,autismo_F840,solo_secundario,TIPO_PROCEDENCIA,HOSPITALIZACIÓN DOMICILIARIA,1
2019,autismo_F840,solo_secundario,TIPO_PROCEDENCIA,"OTRAS INSTITUCIONES (CÁRCEL, HOGARES DE ANCIANOS, SENAME, EC",6
2019,autismo_F840,solo_secundario,TIPO_PROCEDENCIA,"OTRAS INSTITUCIONES SALUD (CLÍNICAS PRIVADAS, DE REHABILITAC",22
2019,autismo_F840,solo_secundario,TIPO_PROCEDENCIA,OTROS HOSPITALES DE LA RED,79
2019,autismo_F840,solo_secundario,TIPO_PROCEDENCIA,OTROS HOSPITALES RED NACIONAL,24
2019,autismo_F840,solo_secundario,TIPO_PROCEDENCIA,SERVICIO EMERGENCIA (DOMICILIO),481
2020,autismo_F840,principal,TIPO_PROCEDENCIA,APS CONSULTORIO (CESFAM),3
2020,autismo_F840,principal,TIPO_PROCEDENCIA,"APS URGENCIA (SAPU, SUR, SUC)",2
2020,autismo_F840,principal,TIPO_PROCEDENCIA,"CENTRO ESPECIALIDADES (CDT, CRS, CONSULTORIO ADOS. ESP)",41
2020,autismo_F840,principal,TIPO_PROCEDENCIA,"OTRAS INSTITUCIONES (CÁRCEL, HOGARES DE ANCIANOS, SENAME, EC",3
2020,autismo_F840,principal,TIPO_PROCEDENCIA,"OTRAS INSTITUCIONES SALUD (CLÍNICAS PRIVADAS, DE REHABILITAC",2
2020,autismo_F840,principal,TIPO_PROCEDENCIA,OTROS HOSPITALES DE LA RED,13
2020,autismo_F840,principal,TIPO_PROCEDENCIA,OTROS HOSPITALES RED NACIONAL,1
2020,autismo_F840,principal,TIPO_PROCEDENCIA,SERVICIO EMERGENCIA (DOMICILIO),49
2020,autismo_F840,solo_secundario,TIPO_PROCEDENCIA,APS CONSULTORIO (CESFAM),16
2020,autismo_F840,solo_secundario,TIPO_PROCEDENCIA,"APS URGENCIA (SAPU, SUR, SUC)",37
2020,autismo_F840,solo_secundario,TIPO_PROCEDENCIA,"CENTRO ESPECIALIDADES (CDT, CRS, CONSULTORIO ADOS. ESP)",282
2020,autismo_F840,solo_secundario,TIPO_PROCEDENCIA,CIRUGÍA MAYOR AMBULATORIA (CMA),18
2020,autismo_F840,solo_secundario,TIPO_PROCEDENCIA,CONSULTA PRIVADA,9
2020,autismo_F840,solo_secundario,TIPO_PROCEDENCIA,HOSPITALIZACIÓN DIURNA,1
2020,autismo_F840,solo_secundario,TIPO_PROCEDENCIA,"OTRAS INSTITUCIONES (CÁRCEL, HOGARES DE ANCIANOS, SENAME, EC",6
2020,autismo_F840,solo_secundario,TIPO_PROCEDENCIA,"OTRAS INSTITUCIONES SALUD (CLÍNICAS PRIVADAS, DE REHABILITAC",28
2020,autismo_F840,solo_secundario,TIPO_PROCEDENCIA,OTROS HOSPITALES DE LA RED,82
2020,autismo_F840,solo_secundario,TIPO_PROCEDENCIA,OTROS HOSPITALES RED NACIONAL,30
2020,autismo_F840,solo_secundario,TIPO_PROCEDENCIA,SERVICIO EMERGENCIA (DOMICILIO),461
2021,autismo_F840,principal,TIPO_PROCEDENCIA,APS CONSULTORIO (CESFAM),3
2021,autismo_F840,principal,TIPO_PROCEDENCIA,"APS URGENCIA (SAPU, SUR, SUC)",2
2021,autismo_F840,principal,TIPO_PROCEDENCIA,"CENTRO ESPECIALIDADES (CDT, CRS, CONSULTORIO ADOS. ESP)",43
2021,autismo_F840,principal,TIPO_PROCEDENCIA,CONSULTA PRIVADA,1
2021,autismo_F840,principal,TIPO_PROCEDENCIA,"OTRAS INSTITUCIONES (CÁRCEL, HOGARES DE ANCIANOS, SENAME, EC",5
2021,autismo_F840,principal,TIPO_PROCEDENCIA,"OTRAS INSTITUCIONES SALUD (CLÍNICAS PRIVADAS, DE REHABILITAC",3
2021,autismo_F840,principal,TIPO_PROCEDENCIA,OTROS HOSPITALES DE LA RED,6
2021,autismo_F840,principal,TIPO_PROCEDENCIA,OTROS HOSPITALES RED NACIONAL,3
2021,autismo_F840,principal,TIPO_PROCEDENCIA,POSTA RURAL,1
2021,autismo_F840,principal,TIPO_PROCEDENCIA,SERVICIO EMERGENCIA (DOMICILIO),72
2021,autismo_F840,solo_secundario,TIPO_PROCEDENCIA,APS CONSULTORIO (CESFAM),23
2021,autismo_F840,solo_secundario,TIPO_PROCEDENCIA,"APS URGENCIA (SAPU, SUR, SUC)",75
2021,autismo_F840,solo_secundario,TIPO_PROCEDENCIA,"CENTRO ESPECIALIDADES (CDT, CRS, CONSULTORIO ADOS. ESP)",531
2021,autismo_F840,solo_secundario,TIPO_PROCEDENCIA,CIRUGÍA MAYOR AMBULATORIA (CMA),54
2021,autismo_F840,solo_secundario,TIPO_PROCEDENCIA,CONSULTA PRIVADA,12
2021,autismo_F840,solo_secundario,TIPO_PROCEDENCIA,DESCONOCIDO,5
2021,autismo_F840,solo_secundario,TIPO_PROCEDENCIA,"OTRAS INSTITUCIONES (CÁRCEL, HOGARES DE ANCIANOS, SENAME, EC",16
2021,autismo_F840,solo_secundario,TIPO_PROCEDENCIA,"OTRAS INSTITUCIONES SALUD (CLÍNICAS PRIVADAS, DE REHABILITAC",26
2021,autismo_F840,solo_secundario,TIPO_PROCEDENCIA,OTROS HOSPITALES DE LA RED,136
2021,autismo_F840,solo_secundario,TIPO_PROCEDENCIA,OTROS HOSPITALES RED NACIONAL,36
2021,autismo_F840,solo_secundario,TIPO_PROCEDENCIA,SERVICIO EMERGENCIA (DOMICILIO),795
2022,autismo_F840,principal,TIPO_PROCEDENCIA,APS CONSULTORIO (CESFAM),6
2022,autismo_F840,principal,TIPO_PROCEDENCIA,"APS URGENCIA (SAPU, SUR, SUC)",4
2022,autismo_F840,principal,TIPO_PROCEDENCIA,"CENTRO ESPECIALIDADES (CDT, CRS, CONSULTORIO ADOS. ESP)",53
2022,autismo_F840,principal,TIPO_PROCEDENCIA,CONSULTA PRIVADA,2
2022,autismo_F840,principal,TIPO_PROCEDENCIA,"OTRAS INSTITUCIONES (CÁRCEL, HOGARES DE ANCIANOS, SENAME, EC",4
2022,autismo_F840,principal,TIPO_PROCEDENCIA,"OTRAS INSTITUCIONES SALUD (CLÍNICAS PRIVADAS, DE REHABILITAC",3
2022,autismo_F840,principal,TIPO_PROCEDENCIA,OTROS HOSPITALES DE LA RED,13
2022,autismo_F840,principal,TIPO_PROCEDENCIA,OTROS HOSPITALES RED NACIONAL,1
2022,autismo_F840,principal,TIPO_PROCEDENCIA,SERVICIO EMERGENCIA (DOMICILIO),116
2022,autismo_F840,solo_secundario,TIPO_PROCEDENCIA,APS CONSULTORIO (CESFAM),45
2022,autismo_F840,solo_secundario,TIPO_PROCEDENCIA,"APS URGENCIA (SAPU, SUR, SUC)",129
2022,autismo_F840,solo_secundario,TIPO_PROCEDENCIA,CARDIOCIRUGÍA PAGO GRD,1
2022,autismo_F840,solo_secundario,TIPO_PROCEDENCIA,"CENTRO ESPECIALIDADES (CDT, CRS, CONSULTORIO ADOS. ESP)",806
2022,autismo_F840,solo_secundario,TIPO_PROCEDENCIA,CIRUGÍA MAYOR AMBULATORIA (CMA),84
2022,autismo_F840,solo_secundario,TIPO_PROCEDENCIA,CONSULTA PRIVADA,46
2022,autismo_F840,solo_secundario,TIPO_PROCEDENCIA,ESTRATEGIA CRR,8
2022,autismo_F840,solo_secundario,TIPO_PROCEDENCIA,HOSPITALIZACIÓN DIURNA,1
2022,autismo_F840,solo_secundario,TIPO_PROCEDENCIA,HOSPITALIZACIÓN DOMICILIARIA,1
2022,autismo_F840,solo_secundario,TIPO_PROCEDENCIA,"OTRAS INSTITUCIONES (CÁRCEL, HOGARES DE ANCIANOS, SENAME, EC",19
2022,autismo_F840,solo_secundario,TIPO_PROCEDENCIA,"OTRAS INSTITUCIONES SALUD (CLÍNICAS PRIVADAS, DE REHABILITAC",56
2022,autismo_F840,solo_secundario,TIPO_PROCEDENCIA,OTROS HOSPITALES DE LA RED,212
2022,autismo_F840,solo_secundario,TIPO_PROCEDENCIA,OTROS HOSPITALES RED NACIONAL,57
2022,autismo_F840,solo_secundario,TIPO_PROCEDENCIA,PLAN DE RESOLUCIÓN LE,63
2022,autismo_F840,solo_secundario,TIPO_PROCEDENCIA,POSTA RURAL,3
2022,autismo_F840,solo_secundario,TIPO_PROCEDENCIA,SERVICIO EMERGENCIA (DOMICILIO),1328
2023,autismo_F840,principal,TIPO_PROCEDENCIA,APS CONSULTORIO (CESFAM),4
2023,autismo_F840,principal,TIPO_PROCEDENCIA,"APS URGENCIA (SAPU, SUR, SUC)",3
2023,autismo_F840,principal,TIPO_PROCEDENCIA,"CENTRO ESPECIALIDADES (CDT, CRS, CONSULTORIO ADOS. ESP)",86
2023,autismo_F840,principal,TIPO_PROCEDENCIA,CONSULTA PRIVADA,1
2023,autismo_F840,principal,TIPO_PROCEDENCIA,"OTRAS INSTITUCIONES (CÁRCEL, HOGARES DE ANCIANOS, SENAME, EC",2
2023,autismo_F840,principal,TIPO_PROCEDENCIA,"OTRAS INSTITUCIONES SALUD (CLÍNICAS PRIVADAS, DE REHABILITAC",2
2023,autismo_F840,principal,TIPO_PROCEDENCIA,OTROS HOSPITALES DE LA RED,9
2023,autismo_F840,principal,TIPO_PROCEDENCIA,OTROS HOSPITALES RED NACIONAL,2
2023,autismo_F840,principal,TIPO_PROCEDENCIA,SERVICIO EMERGENCIA (DOMICILIO),144
2023,autismo_F840,solo_secundario,TIPO_PROCEDENCIA,APS CONSULTORIO (CESFAM),59
2023,autismo_F840,solo_secundario,TIPO_PROCEDENCIA,"APS URGENCIA (SAPU, SUR, SUC)",240
2023,autismo_F840,solo_secundario,TIPO_PROCEDENCIA,CARDIOCIRUGÍA PAGO GRD,6
2023,autismo_F840,solo_secundario,TIPO_PROCEDENCIA,"CENTRO ESPECIALIDADES (CDT, CRS, CONSULTORIO ADOS. ESP)",1424
2023,autismo_F840,solo_secundario,TIPO_PROCEDENCIA,CIRUGÍA MAYOR AMBULATORIA (CMA),117
2023,autismo_F840,solo_secundario,TIPO_PROCEDENCIA,CONSULTA PRIVADA,70
2023,autismo_F840,solo_secundario,TIPO_PROCEDENCIA,ESTRATEGIA CRR,23
2023,autismo_F840,solo_secundario,TIPO_PROCEDENCIA,HOSPITALIZACIÓN DIURNA,2
2023,autismo_F840,solo_secundario,TIPO_PROCEDENCIA,HOSPITALIZACIÓN DOMICILIARIA,11
2023,autismo_F840,solo_secundario,TIPO_PROCEDENCIA,"OTRAS INSTITUCIONES (CÁRCEL, HOGARES DE ANCIANOS, SENAME, EC",29
2023,autismo_F840,solo_secundario,TIPO_PROCEDENCIA,"OTRAS INSTITUCIONES SALUD (CLÍNICAS PRIVADAS, DE REHABILITAC",60
2023,autismo_F840,solo_secundario,TIPO_PROCEDENCIA,OTROS HOSPITALES DE LA RED,385
2023,autismo_F840,solo_secundario,TIPO_PROCEDENCIA,OTROS HOSPITALES RED NACIONAL,95
2023,autismo_F840,solo_secundario,TIPO_PROCEDENCIA,PLAN DE RESOLUCIÓN LE,38
2023,autismo_F840,solo_secundario,TIPO_PROCEDENCIA,POSTA RURAL,2
2023,autismo_F840,solo_secundario,TIPO_PROCEDENCIA,SERVICIO EMERGENCIA (DOMICILIO),2511
2024,autismo_F840,principal,TIPO_PROCEDENCIA,APS CONSULTORIO (CESFAM),3
2024,autismo_F840,principal,TIPO_PROCEDENCIA,"APS URGENCIA (SAPU, SUR, SUC)",4
2024,autismo_F840,principal,TIPO_PROCEDENCIA,"CENTRO ESPECIALIDADES (CDT, CRS, CONSULTORIO ADOS. ESP)",87
2024,autismo_F840,principal,TIPO_PROCEDENCIA,CONSULTA PRIVADA,2
2024,autismo_F840,principal,TIPO_PROCEDENCIA,"OTRAS INSTITUCIONES (CÁRCEL, HOGARES DE ANCIANOS, SENAME, EC",8
2024,autismo_F840,principal,TIPO_PROCEDENCIA,"OTRAS INSTITUCIONES SALUD (CLÍNICAS PRIVADAS, DE REHABILITAC",2
2024,autismo_F840,principal,TIPO_PROCEDENCIA,OTROS HOSPITALES DE LA RED,13
2024,autismo_F840,principal,TIPO_PROCEDENCIA,OTROS HOSPITALES RED NACIONAL,3
2024,autismo_F840,principal,TIPO_PROCEDENCIA,SERVICIO EMERGENCIA (DOMICILIO),158
2024,autismo_F840,solo_secundario,TIPO_PROCEDENCIA,APS CONSULTORIO (CESFAM),105
2024,autismo_F840,solo_secundario,TIPO_PROCEDENCIA,"APS URGENCIA (SAPU, SUR, SUC)",316
2024,autismo_F840,solo_secundario,TIPO_PROCEDENCIA,CARDIOCIRUGÍA PAGO GRD,6
2024,autismo_F840,solo_secundario,TIPO_PROCEDENCIA,"CENTRO ESPECIALIDADES (CDT, CRS, CONSULTORIO ADOS. ESP)",2075
2024,autismo_F840,solo_secundario,TIPO_PROCEDENCIA,CIRUGÍA MAYOR AMBULATORIA (CMA),195
2024,autismo_F840,solo_secundario,TIPO_PROCEDENCIA,CONSULTA PRIVADA,89
2024,autismo_F840,solo_secundario,TIPO_PROCEDENCIA,DESCONOCIDO,1
2024,autismo_F840,solo_secundario,TIPO_PROCEDENCIA,ESTRATEGIA CRR,96
2024,autismo_F840,solo_secundario,TIPO_PROCEDENCIA,HOSPITALIZACIÓN DIURNA,3
2024,autismo_F840,solo_secundario,TIPO_PROCEDENCIA,HOSPITALIZACIÓN DOMICILIARIA,7
2024,autismo_F840,solo_secundario,TIPO_PROCEDENCIA,"OTRAS INSTITUCIONES (CÁRCEL, HOGARES DE ANCIANOS, SENAME, EC",48
2024,autismo_F840,solo_secundario,TIPO_PROCEDENCIA,"OTRAS INSTITUCIONES SALUD (CLÍNICAS PRIVADAS, DE REHABILITAC",76
2024,autismo_F840,solo_secundario,TIPO_PROCEDENCIA,OTROS HOSPITALES DE LA RED,484
2024,autismo_F840,solo_secundario,TIPO_PROCEDENCIA,OTROS HOSPITALES RED NACIONAL,87
2024,autismo_F840,solo_secundario,TIPO_PROCEDENCIA,POSTA RURAL,7
2024,autismo_F840,solo_secundario,TIPO_PROCEDENCIA,SERVICIO EMERGENCIA (DOMICILIO),3355
2019,autismo_F840,principal,SERVICIO_SALUD,ACONCAGUA,3
2019,autismo_F840,principal,SERVICIO_SALUD,ANTOFAGASTA,23
2019,autismo_F840,principal,SERVICIO_SALUD,ARAUCANÍA SUR,4
2019,autismo_F840,principal,SERVICIO_SALUD,ARICA,3
2019,autismo_F840,principal,SERVICIO_SALUD,AYSEN,1
2019,autismo_F840,principal,SERVICIO_SALUD,BIOBIO,2
2019,autismo_F840,principal,SERVICIO_SALUD,CHILOÉ,2
2019,autismo_F840,principal,SERVICIO_SALUD,CONCEPCIÓN,4
2019,autismo_F840,principal,SERVICIO_SALUD,COQUIMBO,5
2019,autismo_F840,principal,SERVICIO_SALUD,DEL MAULE,2
2019,autismo_F840,principal,SERVICIO_SALUD,DEL RELONCAVÍ,3
2019,autismo_F840,principal,SERVICIO_SALUD,IQUIQUE,4
2019,autismo_F840,principal,SERVICIO_SALUD,LIBERTADOR B. O HIGGINS,3
2019,autismo_F840,principal,SERVICIO_SALUD,MAGALLANES,10
2019,autismo_F840,principal,SERVICIO_SALUD,METROPOLITANO CENTRAL,19
2019,autismo_F840,principal,SERVICIO_SALUD,METROPOLITANO OCCIDENTE,19
2019,autismo_F840,principal,SERVICIO_SALUD,METROPOLITANO ORIENTE,3
2019,autismo_F840,principal,SERVICIO_SALUD,METROPOLITANO SUR,4
2019,autismo_F840,principal,SERVICIO_SALUD,METROPOLITANO SURORIENTE,7
2019,autismo_F840,principal,SERVICIO_SALUD,OSORNO,4
2019,autismo_F840,principal,SERVICIO_SALUD,TALCAHUANO,1
2019,autismo_F840,principal,SERVICIO_SALUD,VALDIVIA,3
2019,autismo_F840,principal,SERVICIO_SALUD,VALPARAISO SAN ANTONIO,1
2019,autismo_F840,principal,SERVICIO_SALUD,VIÑA DEL MAR QUILLOTA,5
2019,autismo_F840,principal,SERVICIO_SALUD,ÑUBLE,15
2019,autismo_F840,solo_secundario,SERVICIO_SALUD,ACONCAGUA,16
2019,autismo_F840,solo_secundario,SERVICIO_SALUD,ANTOFAGASTA,68
2019,autismo_F840,solo_secundario,SERVICIO_SALUD,ARAUCANÍA NORTE,9
2019,autismo_F840,solo_secundario,SERVICIO_SALUD,ARAUCANÍA SUR,56
2019,autismo_F840,solo_secundario,SERVICIO_SALUD,ARAUCO,14
2019,autismo_F840,solo_secundario,SERVICIO_SALUD,ARICA,24
2019,autismo_F840,solo_secundario,SERVICIO_SALUD,ATACAMA,21
2019,autismo_F840,solo_secundario,SERVICIO_SALUD,AYSEN,7
2019,autismo_F840,solo_secundario,SERVICIO_SALUD,BIOBIO,29
2019,autismo_F840,solo_secundario,SERVICIO_SALUD,CHILOÉ,7
2019,autismo_F840,solo_secundario,SERVICIO_SALUD,CONCEPCIÓN,74
2019,autismo_F840,solo_secundario,SERVICIO_SALUD,COQUIMBO,60
2019,autismo_F840,solo_secundario,SERVICIO_SALUD,DEL MAULE,29
2019,autismo_F840,solo_secundario,SERVICIO_SALUD,DEL RELONCAVÍ,46
2019,autismo_F840,solo_secundario,SERVICIO_SALUD,IQUIQUE,29
2019,autismo_F840,solo_secundario,SERVICIO_SALUD,LIBERTADOR B. O HIGGINS,39
2019,autismo_F840,solo_secundario,SERVICIO_SALUD,MAGALLANES,29
2019,autismo_F840,solo_secundario,SERVICIO_SALUD,METROPOLITANO CENTRAL,72
2019,autismo_F840,solo_secundario,SERVICIO_SALUD,METROPOLITANO NORTE,55
2019,autismo_F840,solo_secundario,SERVICIO_SALUD,METROPOLITANO OCCIDENTE,68
2019,autismo_F840,solo_secundario,SERVICIO_SALUD,METROPOLITANO ORIENTE,35
2019,autismo_F840,solo_secundario,SERVICIO_SALUD,METROPOLITANO SUR,54
2019,autismo_F840,solo_secundario,SERVICIO_SALUD,METROPOLITANO SURORIENTE,107
2019,autismo_F840,solo_secundario,SERVICIO_SALUD,OSORNO,25
2019,autismo_F840,solo_secundario,SERVICIO_SALUD,TALCAHUANO,42
2019,autismo_F840,solo_secundario,SERVICIO_SALUD,VALDIVIA,29
2019,autismo_F840,solo_secundario,SERVICIO_SALUD,VALPARAISO SAN ANTONIO,66
2019,autismo_F840,solo_secundario,SERVICIO_SALUD,VIÑA DEL MAR QUILLOTA,57
2019,autismo_F840,solo_secundario,SERVICIO_SALUD,ÑUBLE,83
2020,autismo_F840,principal,SERVICIO_SALUD,ANTOFAGASTA,8
2020,autismo_F840,principal,SERVICIO_SALUD,ARAUCANÍA NORTE,2
2020,autismo_F840,principal,SERVICIO_SALUD,ARAUCANÍA SUR,4
2020,autismo_F840,principal,SERVICIO_SALUD,ARICA,3
2020,autismo_F840,principal,SERVICIO_SALUD,ATACAMA,2
2020,autismo_F840,principal,SERVICIO_SALUD,AYSEN,1
2020,autismo_F840,principal,SERVICIO_SALUD,CHILOÉ,1
2020,autismo_F840,principal,SERVICIO_SALUD,CONCEPCIÓN,7
2020,autismo_F840,principal,SERVICIO_SALUD,COQUIMBO,2
2020,autismo_F840,principal,SERVICIO_SALUD,DEL MAULE,1
2020,autismo_F840,principal,SERVICIO_SALUD,DEL RELONCAVÍ,4
2020,autismo_F840,principal,SERVICIO_SALUD,IQUIQUE,4
2020,autismo_F840,principal,SERVICIO_SALUD,LIBERTADOR B. O HIGGINS,7
2020,autismo_F840,principal,SERVICIO_SALUD,MAGALLANES,4
2020,autismo_F840,principal,SERVICIO_SALUD,METROPOLITANO CENTRAL,16
2020,autismo_F840,principal,SERVICIO_SALUD,METROPOLITANO NORTE,4
2020,autismo_F840,principal,SERVICIO_SALUD,METROPOLITANO OCCIDENTE,15
2020,autismo_F840,principal,SERVICIO_SALUD,METROPOLITANO ORIENTE,2
2020,autismo_F840,principal,SERVICIO_SALUD,METROPOLITANO SURORIENTE,13
2020,autismo_F840,principal,SERVICIO_SALUD,TALCAHUANO,1
2020,autismo_F840,principal,SERVICIO_SALUD,VALDIVIA,2
2020,autismo_F840,principal,SERVICIO_SALUD,VALPARAISO SAN ANTONIO,1
2020,autismo_F840,principal,SERVICIO_SALUD,VIÑA DEL MAR QUILLOTA,3
2020,autismo_F840,principal,SERVICIO_SALUD,ÑUBLE,7
2020,autismo_F840,solo_secundario,SERVICIO_SALUD,ACONCAGUA,8
2020,autismo_F840,solo_secundario,SERVICIO_SALUD,ANTOFAGASTA,42
2020,autismo_F840,solo_secundario,SERVICIO_SALUD,ARAUCANÍA NORTE,18
2020,autismo_F840,solo_secundario,SERVICIO_SALUD,ARAUCANÍA SUR,54
2020,autismo_F840,solo_secundario,SERVICIO_SALUD,ARAUCO,9
2020,autismo_F840,solo_secundario,SERVICIO_SALUD,ARICA,22
2020,autismo_F840,solo_secundario,SERVICIO_SALUD,ATACAMA,10
2020,autismo_F840,solo_secundario,SERVICIO_SALUD,AYSEN,5
2020,autismo_F840,solo_secundario,SERVICIO_SALUD,BIOBIO,25
2020,autismo_F840,solo_secundario,SERVICIO_SALUD,CHILOÉ,8
2020,autismo_F840,solo_secundario,SERVICIO_SALUD,CONCEPCIÓN,53
2020,autismo_F840,solo_secundario,SERVICIO_SALUD,COQUIMBO,67
2020,autismo_F840,solo_secundario,SERVICIO_SALUD,DEL MAULE,38
2020,autismo_F840,solo_secundario,SERVICIO_SALUD,DEL RELONCAVÍ,22
2020,autismo_F840,solo_secundario,SERVICIO_SALUD,IQUIQUE,13
2020,autismo_F840,solo_secundario,SERVICIO_SALUD,LIBERTADOR B. O HIGGINS,31
2020,autismo_F840,solo_secundario,SERVICIO_SALUD,MAGALLANES,29
2020,autismo_F840,solo_secundario,SERVICIO_SALUD,METROPOLITANO CENTRAL,44
2020,autismo_F840,solo_secundario,SERVICIO_SALUD,METROPOLITANO NORTE,35
2020,autismo_F840,solo_secundario,SERVICIO_SALUD,METROPOLITANO OCCIDENTE,38
2020,autismo_F840,solo_secundario,SERVICIO_SALUD,METROPOLITANO ORIENTE,18
2020,autismo_F840,solo_secundario,SERVICIO_SALUD,METROPOLITANO SUR,74
2020,autismo_F840,solo_secundario,SERVICIO_SALUD,METROPOLITANO SURORIENTE,69
2020,autismo_F840,solo_secundario,SERVICIO_SALUD,OSORNO,23
2020,autismo_F840,solo_secundario,SERVICIO_SALUD,TALCAHUANO,34
2020,autismo_F840,solo_secundario,SERVICIO_SALUD,VALDIVIA,24
2020,autismo_F840,solo_secundario,SERVICIO_SALUD,VALPARAISO SAN ANTONIO,30
2020,autismo_F840,solo_secundario,SERVICIO_SALUD,VIÑA DEL MAR QUILLOTA,78
2020,autismo_F840,solo_secundario,SERVICIO_SALUD,ÑUBLE,49
2021,autismo_F840,principal,SERVICIO_SALUD,ANTOFAGASTA,25
2021,autismo_F840,principal,SERVICIO_SALUD,ARAUCANÍA NORTE,1
2021,autismo_F840,principal,SERVICIO_SALUD,ARAUCANÍA SUR,10
2021,autismo_F840,principal,SERVICIO_SALUD,ARICA,6
2021,autismo_F840,principal,SERVICIO_SALUD,ATACAMA,2
2021,autismo_F840,principal,SERVICIO_SALUD,AYSEN,3
2021,autismo_F840,principal,SERVICIO_SALUD,BIOBIO,6
2021,autismo_F840,principal,SERVICIO_SALUD,CONCEPCIÓN,4
2021,autismo_F840,principal,SERVICIO_SALUD,COQUIMBO,2
2021,autismo_F840,principal,SERVICIO_SALUD,DEL MAULE,2
2021,autismo_F840,principal,SERVICIO_SALUD,DEL RELONCAVÍ,3
2021,autismo_F840,principal,SERVICIO_SALUD,IQUIQUE,3
2021,autismo_F840,principal,SERVICIO_SALUD,LIBERTADOR B. O HIGGINS,6
2021,autismo_F840,principal,SERVICIO_SALUD,MAGALLANES,8
2021,autismo_F840,principal,SERVICIO_SALUD,METROPOLITANO CENTRAL,7
2021,autismo_F840,principal,SERVICIO_SALUD,METROPOLITANO OCCIDENTE,2
2021,autismo_F840,principal,SERVICIO_SALUD,METROPOLITANO ORIENTE,3
2021,autismo_F840,principal,SERVICIO_SALUD,METROPOLITANO SUR,3
2021,autismo_F840,principal,SERVICIO_SALUD,METROPOLITANO SURORIENTE,9
2021,autismo_F840,principal,SERVICIO_SALUD,OSORNO,6
2021,autismo_F840,principal,SERVICIO_SALUD,TALCAHUANO,6
2021,autismo_F840,principal,SERVICIO_SALUD,VALDIVIA,3
2021,autismo_F840,principal,SERVICIO_SALUD,VALPARAISO SAN ANTONIO,2
2021,autismo_F840,principal,SERVICIO_SALUD,VIÑA DEL MAR QUILLOTA,2
2021,autismo_F840,principal,SERVICIO_SALUD,ÑUBLE,15
2021,autismo_F840,solo_secundario,SERVICIO_SALUD,ACONCAGUA,21
2021,autismo_F840,solo_secundario,SERVICIO_SALUD,ANTOFAGASTA,82
2021,autismo_F840,solo_secundario,SERVICIO_SALUD,ARAUCANÍA NORTE,20
2021,autismo_F840,solo_secundario,SERVICIO_SALUD,ARAUCANÍA SUR,69
2021,autismo_F840,solo_secundario,SERVICIO_SALUD,ARAUCO,17
2021,autismo_F840,solo_secundario,SERVICIO_SALUD,ARICA,50
2021,autismo_F840,solo_secundario,SERVICIO_SALUD,ATACAMA,18
2021,autismo_F840,solo_secundario,SERVICIO_SALUD,AYSEN,5
2021,autismo_F840,solo_secundario,SERVICIO_SALUD,BIOBIO,39
2021,autismo_F840,solo_secundario,SERVICIO_SALUD,CHILOÉ,11
2021,autismo_F840,solo_secundario,SERVICIO_SALUD,CONCEPCIÓN,93
2021,autismo_F840,solo_secundario,SERVICIO_SALUD,COQUIMBO,109
2021,autismo_F840,solo_secundario,SERVICIO_SALUD,DEL MAULE,72
2021,autismo_F840,solo_secundario,SERVICIO_SALUD,DEL RELONCAVÍ,32
2021,autismo_F840,solo_secundario,SERVICIO_SALUD,IQUIQUE,18
2021,autismo_F840,solo_secundario,SERVICIO_SALUD,LIBERTADOR B. O HIGGINS,73
2021,autismo_F840,solo_secundario,SERVICIO_SALUD,MAGALLANES,25
2021,autismo_F840,solo_secundario,SERVICIO_SALUD,METROPOLITANO CENTRAL,60
2021,autismo_F840,solo_secundario,SERVICIO_SALUD,METROPOLITANO NORTE,56
2021,autismo_F840,solo_secundario,SERVICIO_SALUD,METROPOLITANO OCCIDENTE,79
2021,autismo_F840,solo_secundario,SERVICIO_SALUD,METROPOLITANO ORIENTE,53
2021,autismo_F840,solo_secundario,SERVICIO_SALUD,METROPOLITANO SUR,148
2021,autismo_F840,solo_secundario,SERVICIO_SALUD,METROPOLITANO SURORIENTE,216
2021,autismo_F840,solo_secundario,SERVICIO_SALUD,NO APLICA,1
2021,autismo_F840,solo_secundario,SERVICIO_SALUD,OSORNO,39
2021,autismo_F840,solo_secundario,SERVICIO_SALUD,TALCAHUANO,62
2021,autismo_F840,solo_secundario,SERVICIO_SALUD,VALDIVIA,21
2021,autismo_F840,solo_secundario,SERVICIO_SALUD,VALPARAISO SAN ANTONIO,34
2021,autismo_F840,solo_secundario,SERVICIO_SALUD,VIÑA DEL MAR QUILLOTA,73
2021,autismo_F840,solo_secundario,SERVICIO_SALUD,ÑUBLE,113
2022,autismo_F840,principal,SERVICIO_SALUD,ANTOFAGASTA,24
2022,autismo_F840,principal,SERVICIO_SALUD,ARAUCANÍA NORTE,2
2022,autismo_F840,principal,SERVICIO_SALUD,ARAUCANÍA SUR,4
2022,autismo_F840,principal,SERVICIO_SALUD,ARAUCO,1
2022,autismo_F840,principal,SERVICIO_SALUD,ARICA,14
2022,autismo_F840,principal,SERVICIO_SALUD,ATACAMA,2
2022,autismo_F840,principal,SERVICIO_SALUD,AYSEN,1
2022,autismo_F840,principal,SERVICIO_SALUD,BIOBIO,12
2022,autismo_F840,principal,SERVICIO_SALUD,CHILOÉ,3
2022,autismo_F840,principal,SERVICIO_SALUD,CONCEPCIÓN,6
2022,autismo_F840,principal,SERVICIO_SALUD,COQUIMBO,11
2022,autismo_F840,principal,SERVICIO_SALUD,DEL MAULE,3
2022,autismo_F840,principal,SERVICIO_SALUD,DEL RELONCAVÍ,8
2022,autismo_F840,principal,SERVICIO_SALUD,IQUIQUE,8
2022,autismo_F840,principal,SERVICIO_SALUD,LIBERTADOR B. O HIGGINS,2
2022,autismo_F840,principal,SERVICIO_SALUD,MAGALLANES,14
2022,autismo_F840,principal,SERVICIO_SALUD,METROPOLITANO CENTRAL,16
2022,autismo_F840,principal,SERVICIO_SALUD,METROPOLITANO NORTE,2
2022,autismo_F840,principal,SERVICIO_SALUD,METROPOLITANO OCCIDENTE,3
2022,autismo_F840,principal,SERVICIO_SALUD,METROPOLITANO ORIENTE,1
2022,autismo_F840,principal,SERVICIO_SALUD,METROPOLITANO SUR,1
2022,autismo_F840,principal,SERVICIO_SALUD,METROPOLITANO SURORIENTE,18
2022,autismo_F840,principal,SERVICIO_SALUD,OSORNO,7
2022,autismo_F840,principal,SERVICIO_SALUD,TALCAHUANO,7
2022,autismo_F840,principal,SERVICIO_SALUD,VALDIVIA,6
2022,autismo_F840,principal,SERVICIO_SALUD,VALPARAISO SAN ANTONIO,2
2022,autismo_F840,principal,SERVICIO_SALUD,VIÑA DEL MAR QUILLOTA,3
2022,autismo_F840,principal,SERVICIO_SALUD,ÑUBLE,21
2022,autismo_F840,solo_secundario,SERVICIO_SALUD,ACONCAGUA,24
2022,autismo_F840,solo_secundario,SERVICIO_SALUD,ANTOFAGASTA,143
2022,autismo_F840,solo_secundario,SERVICIO_SALUD,ARAUCANÍA NORTE,53
2022,autismo_F840,solo_secundario,SERVICIO_SALUD,ARAUCANÍA SUR,117
2022,autismo_F840,solo_secundario,SERVICIO_SALUD,ARAUCO,25
2022,autismo_F840,solo_secundario,SERVICIO_SALUD,ARICA,78
2022,autismo_F840,solo_secundario,SERVICIO_SALUD,ATACAMA,41
2022,autismo_F840,solo_secundario,SERVICIO_SALUD,AYSEN,18
2022,autismo_F840,solo_secundario,SERVICIO_SALUD,BIOBIO,76
2022,autismo_F840,solo_secundario,SERVICIO_SALUD,CHILOÉ,10
2022,autismo_F840,solo_secundario,SERVICIO_SALUD,CONCEPCIÓN,133
2022,autismo_F840,solo_secundario,SERVICIO_SALUD,COQUIMBO,187
2022,autismo_F840,solo_secundario,SERVICIO_SALUD,DEL MAULE,168
2022,autismo_F840,solo_secundario,SERVICIO_SALUD,DEL RELONCAVÍ,63
2022,autismo_F840,solo_secundario,SERVICIO_SALUD,IQUIQUE,40
2022,autismo_F840,solo_secundario,SERVICIO_SALUD,LIBERTADOR B. O HIGGINS,117
2022,autismo_F840,solo_secundario,SERVICIO_SALUD,MAGALLANES,38
2022,autismo_F840,solo_secundario,SERVICIO_SALUD,METROPOLITANO CENTRAL,108
2022,autismo_F840,solo_secundario,SERVICIO_SALUD,METROPOLITANO NORTE,55
2022,autismo_F840,solo_secundario,SERVICIO_SALUD,METROPOLITANO OCCIDENTE,114
2022,autismo_F840,solo_secundario,SERVICIO_SALUD,METROPOLITANO ORIENTE,90
2022,autismo_F840,solo_secundario,SERVICIO_SALUD,METROPOLITANO SUR,202
2022,autismo_F840,solo_secundario,SERVICIO_SALUD,METROPOLITANO SURORIENTE,330
2022,autismo_F840,solo_secundario,SERVICIO_SALUD,OSORNO,54
2022,autismo_F840,solo_secundario,SERVICIO_SALUD,TALCAHUANO,140
2022,autismo_F840,solo_secundario,SERVICIO_SALUD,VALDIVIA,34
2022,autismo_F840,solo_secundario,SERVICIO_SALUD,VALPARAISO SAN ANTONIO,77
2022,autismo_F840,solo_secundario,SERVICIO_SALUD,VIÑA DEL MAR QUILLOTA,141
2022,autismo_F840,solo_secundario,SERVICIO_SALUD,ÑUBLE,183
2023,autismo_F840,principal,SERVICIO_SALUD,ANTOFAGASTA,28
2023,autismo_F840,principal,SERVICIO_SALUD,ARAUCANÍA NORTE,6
2023,autismo_F840,principal,SERVICIO_SALUD,ARAUCANÍA SUR,15
2023,autismo_F840,principal,SERVICIO_SALUD,ARICA,9
2023,autismo_F840,principal,SERVICIO_SALUD,ATACAMA,3
2023,autismo_F840,principal,SERVICIO_SALUD,AYSEN,4
2023,autismo_F840,principal,SERVICIO_SALUD,BIOBIO,8
2023,autismo_F840,principal,SERVICIO_SALUD,CONCEPCIÓN,15
2023,autismo_F840,principal,SERVICIO_SALUD,COQUIMBO,2
2023,autismo_F840,principal,SERVICIO_SALUD,DEL MAULE,5
2023,autismo_F840,principal,SERVICIO_SALUD,DEL RELONCAVÍ,8
2023,autismo_F840,principal,SERVICIO_SALUD,IQUIQUE,11
2023,autismo_F840,principal,SERVICIO_SALUD,LIBERTADOR B. O HIGGINS,6
2023,autismo_F840,principal,SERVICIO_SALUD,MAGALLANES,4
2023,autismo_F840,principal,SERVICIO_SALUD,METROPOLITANO CENTRAL,46
2023,autismo_F840,principal,SERVICIO_SALUD,METROPOLITANO NORTE,3
2023,autismo_F840,principal,SERVICIO_SALUD,METROPOLITANO OCCIDENTE,3
2023,autismo_F840,principal,SERVICIO_SALUD,METROPOLITANO ORIENTE,8
2023,autismo_F840,principal,SERVICIO_SALUD,METROPOLITANO SUR,2
2023,autismo_F840,principal,SERVICIO_SALUD,METROPOLITANO SURORIENTE,28
2023,autismo_F840,principal,SERVICIO_SALUD,OSORNO,8
2023,autismo_F840,principal,SERVICIO_SALUD,TALCAHUANO,6
2023,autismo_F840,principal,SERVICIO_SALUD,VALDIVIA,3
2023,autismo_F840,principal,SERVICIO_SALUD,VALPARAISO SAN ANTONIO,1
2023,autismo_F840,principal,SERVICIO_SALUD,VIÑA DEL MAR QUILLOTA,2
2023,autismo_F840,principal,SERVICIO_SALUD,ÑUBLE,19
2023,autismo_F840,solo_secundario,SERVICIO_SALUD,ACONCAGUA,60
2023,autismo_F840,solo_secundario,SERVICIO_SALUD,ANTOFAGASTA,309
2023,autismo_F840,solo_secundario,SERVICIO_SALUD,ARAUCANÍA NORTE,89
2023,autismo_F840,solo_secundario,SERVICIO_SALUD,ARAUCANÍA SUR,210
2023,autismo_F840,solo_secundario,SERVICIO_SALUD,ARAUCO,57
2023,autismo_F840,solo_secundario,SERVICIO_SALUD,ARICA,143
2023,autismo_F840,solo_secundario,SERVICIO_SALUD,ATACAMA,66
2023,autismo_F840,solo_secundario,SERVICIO_SALUD,AYSEN,29
2023,autismo_F840,solo_secundario,SERVICIO_SALUD,BIOBIO,164
2023,autismo_F840,solo_secundario,SERVICIO_SALUD,CHILOÉ,35
2023,autismo_F840,solo_secundario,SERVICIO_SALUD,CONCEPCIÓN,291
2023,autismo_F840,solo_secundario,SERVICIO_SALUD,COQUIMBO,339
2023,autismo_F840,solo_secundario,SERVICIO_SALUD,DEL MAULE,297
2023,autismo_F840,solo_secundario,SERVICIO_SALUD,DEL RELONCAVÍ,107
2023,autismo_F840,solo_secundario,SERVICIO_SALUD,DESCONOCIDO,4
2023,autismo_F840,solo_secundario,SERVICIO_SALUD,IQUIQUE,80
2023,autismo_F840,solo_secundario,SERVICIO_SALUD,LIBERTADOR B. O HIGGINS,146
2023,autismo_F840,solo_secundario,SERVICIO_SALUD,MAGALLANES,78
2023,autismo_F840,solo_secundario,SERVICIO_SALUD,METROPOLITANO CENTRAL,232
2023,autismo_F840,solo_secundario,SERVICIO_SALUD,METROPOLITANO NORTE,61
2023,autismo_F840,solo_secundario,SERVICIO_SALUD,METROPOLITANO OCCIDENTE,221
2023,autismo_F840,solo_secundario,SERVICIO_SALUD,METROPOLITANO ORIENTE,144
2023,autismo_F840,solo_secundario,SERVICIO_SALUD,METROPOLITANO SUR,284
2023,autismo_F840,solo_secundario,SERVICIO_SALUD,METROPOLITANO SURORIENTE,586
2023,autismo_F840,solo_secundario,SERVICIO_SALUD,OSORNO,80
2023,autismo_F840,solo_secundario,SERVICIO_SALUD,TALCAHUANO,177
2023,autismo_F840,solo_secundario,SERVICIO_SALUD,VALDIVIA,80
2023,autismo_F840,solo_secundario,SERVICIO_SALUD,VALPARAISO SAN ANTONIO,147
2023,autismo_F840,solo_secundario,SERVICIO_SALUD,VIÑA DEL MAR QUILLOTA,272
2023,autismo_F840,solo_secundario,SERVICIO_SALUD,ÑUBLE,284
2024,autismo_F840,principal,SERVICIO_SALUD,ACONCAGUA,2
2024,autismo_F840,principal,SERVICIO_SALUD,ANTOFAGASTA,24
2024,autismo_F840,principal,SERVICIO_SALUD,ARAUCANÍA NORTE,12
2024,autismo_F840,principal,SERVICIO_SALUD,ARAUCANÍA SUR,16
2024,autismo_F840,principal,SERVICIO_SALUD,ARICA,10
2024,autismo_F840,principal,SERVICIO_SALUD,AYSEN,5
2024,autismo_F840,principal,SERVICIO_SALUD,BIOBIO,3
2024,autismo_F840,principal,SERVICIO_SALUD,CHILOÉ,2
2024,autismo_F840,principal,SERVICIO_SALUD,CONCEPCIÓN,14
2024,autismo_F840,principal,SERVICIO_SALUD,COQUIMBO,5
2024,autismo_F840,principal,SERVICIO_SALUD,DEL MAULE,7
2024,autismo_F840,principal,SERVICIO_SALUD,DEL RELONCAVÍ,11
2024,autismo_F840,principal,SERVICIO_SALUD,DESCONOCIDO,1
2024,autismo_F840,principal,SERVICIO_SALUD,IQUIQUE,11
2024,autismo_F840,principal,SERVICIO_SALUD,LIBERTADOR B. O HIGGINS,3
2024,autismo_F840,principal,SERVICIO_SALUD,MAGALLANES,11
2024,autismo_F840,principal,SERVICIO_SALUD,METROPOLITANO CENTRAL,46
2024,autismo_F840,principal,SERVICIO_SALUD,METROPOLITANO NORTE,3
2024,autismo_F840,principal,SERVICIO_SALUD,METROPOLITANO OCCIDENTE,3
2024,autismo_F840,principal,SERVICIO_SALUD,METROPOLITANO ORIENTE,7
2024,autismo_F840,principal,SERVICIO_SALUD,METROPOLITANO SUR,14
2024,autismo_F840,principal,SERVICIO_SALUD,METROPOLITANO SURORIENTE,21
2024,autismo_F840,principal,SERVICIO_SALUD,OSORNO,4
2024,autismo_F840,principal,SERVICIO_SALUD,TALCAHUANO,12
2024,autismo_F840,principal,SERVICIO_SALUD,VALDIVIA,4
2024,autismo_F840,principal,SERVICIO_SALUD,VALPARAISO SAN ANTONIO,1
2024,autismo_F840,principal,SERVICIO_SALUD,VIÑA DEL MAR QUILLOTA,4
2024,autismo_F840,principal,SERVICIO_SALUD,ÑUBLE,24
2024,autismo_F840,solo_secundario,SERVICIO_SALUD,ACONCAGUA,57
2024,autismo_F840,solo_secundario,SERVICIO_SALUD,ANTOFAGASTA,378
2024,autismo_F840,solo_secundario,SERVICIO_SALUD,ARAUCANÍA NORTE,102
2024,autismo_F840,solo_secundario,SERVICIO_SALUD,ARAUCANÍA SUR,365
2024,autismo_F840,solo_secundario,SERVICIO_SALUD,ARAUCO,48
2024,autismo_F840,solo_secundario,SERVICIO_SALUD,ARICA,159
2024,autismo_F840,solo_secundario,SERVICIO_SALUD,ATACAMA,93
2024,autismo_F840,solo_secundario,SERVICIO_SALUD,AYSEN,18
2024,autismo_F840,solo_secundario,SERVICIO_SALUD,BIOBIO,183
2024,autismo_F840,solo_secundario,SERVICIO_SALUD,CHILOÉ,51
2024,autismo_F840,solo_secundario,SERVICIO_SALUD,CONCEPCIÓN,362
2024,autismo_F840,solo_secundario,SERVICIO_SALUD,COQUIMBO,512
2024,autismo_F840,solo_secundario,SERVICIO_SALUD,DEL MAULE,449
2024,autismo_F840,solo_secundario,SERVICIO_SALUD,DEL RELONCAVÍ,60
2024,autismo_F840,solo_secundario,SERVICIO_SALUD,DESCONOCIDO,2
2024,autismo_F840,solo_secundario,SERVICIO_SALUD,IQUIQUE,148
2024,autismo_F840,solo_secundario,SERVICIO_SALUD,LIBERTADOR B. O HIGGINS,195
2024,autismo_F840,solo_secundario,SERVICIO_SALUD,MAGALLANES,73
2024,autismo_F840,solo_secundario,SERVICIO_SALUD,METROPOLITANO CENTRAL,400
2024,autismo_F840,solo_secundario,SERVICIO_SALUD,METROPOLITANO NORTE,98
2024,autismo_F840,solo_secundario,SERVICIO_SALUD,METROPOLITANO OCCIDENTE,278
2024,autismo_F840,solo_secundario,SERVICIO_SALUD,METROPOLITANO ORIENTE,204
2024,autismo_F840,solo_secundario,SERVICIO_SALUD,METROPOLITANO SUR,440
2024,autismo_F840,solo_secundario,SERVICIO_SALUD,METROPOLITANO SURORIENTE,697
2024,autismo_F840,solo_secundario,SERVICIO_SALUD,OSORNO,145
2024,autismo_F840,solo_secundario,SERVICIO_SALUD,TALCAHUANO,349
2024,autismo_F840,solo_secundario,SERVICIO_SALUD,VALDIVIA,78
2024,autismo_F840,solo_secundario,SERVICIO_SALUD,VALPARAISO SAN ANTONIO,273
2024,autismo_F840,solo_secundario,SERVICIO_SALUD,VIÑA DEL MAR QUILLOTA,441
2024,autismo_F840,solo_secundario,SERVICIO_SALUD,ÑUBLE,292
2019,autismo_F840,principal,NACIONALIDAD,BOLIVIA (ESTADO PLURINACIONAL DE),1
2019,autismo_F840,principal,NACIONALIDAD,CHILE,139
2019,autismo_F840,principal,NACIONALIDAD,COLOMBIA,1
2019,autismo_F840,principal,NACIONALIDAD,DESCONOCIDO,4
2019,autismo_F840,principal,NACIONALIDAD,PERÚ,2
2019,autismo_F840,principal,NACIONALIDAD,VENEZUELA (REPÚBLICA BOLIVARIANA DE),3
2019,autismo_F840,solo_secundario,NACIONALIDAD,BOLIVIA (ESTADO PLURINACIONAL DE),3
2019,autismo_F840,solo_secundario,NACIONALIDAD,BRASIL,1
2019,autismo_F840,solo_secundario,NACIONALIDAD,CHILE,1215
2019,autismo_F840,solo_secundario,NACIONALIDAD,COLOMBIA,1
2019,autismo_F840,solo_secundario,NACIONALIDAD,DESCONOCIDO,16
2019,autismo_F840,solo_secundario,NACIONALIDAD,ESPAÑA,1
2019,autismo_F840,solo_secundario,NACIONALIDAD,PARAGUAY,1
2019,autismo_F840,solo_secundario,NACIONALIDAD,PERÚ,3
2019,autismo_F840,solo_secundario,NACIONALIDAD,VENEZUELA (REPÚBLICA BOLIVARIANA DE),9
2020,autismo_F840,principal,NACIONALIDAD,CHILE,113
2020,autismo_F840,principal,NACIONALIDAD,VENEZUELA (REPÚBLICA BOLIVARIANA DE),1
2020,autismo_F840,solo_secundario,NACIONALIDAD,CHILE,960
2020,autismo_F840,solo_secundario,NACIONALIDAD,COLOMBIA,1
2020,autismo_F840,solo_secundario,NACIONALIDAD,URUGUAY,1
2020,autismo_F840,solo_secundario,NACIONALIDAD,VENEZUELA (REPÚBLICA BOLIVARIANA DE),8
2021,autismo_F840,principal,NACIONALIDAD,CHILE,135
2021,autismo_F840,principal,NACIONALIDAD,GRECIA,1
2021,autismo_F840,principal,NACIONALIDAD,VENEZUELA (REPÚBLICA BOLIVARIANA DE),3
2021,autismo_F840,solo_secundario,NACIONALIDAD,BOLIVIA (ESTADO PLURINACIONAL DE),1
2021,autismo_F840,solo_secundario,NACIONALIDAD,BRASIL,1
2021,autismo_F840,solo_secundario,NACIONALIDAD,CHILE,1682
2021,autismo_F840,solo_secundario,NACIONALIDAD,EUROPA,2
2021,autismo_F840,solo_secundario,NACIONALIDAD,HAITÍ,1
2021,autismo_F840,solo_secundario,NACIONALIDAD,PERÚ,4
2021,autismo_F840,solo_secundario,NACIONALIDAD,VENEZUELA (REPÚBLICA BOLIVARIANA DE),18
2022,autismo_F840,principal,NACIONALIDAD,CHILE,200
2022,autismo_F840,principal,NACIONALIDAD,COLOMBIA,1
2022,autismo_F840,principal,NACIONALIDAD,VENEZUELA (REPÚBLICA BOLIVARIANA DE),1
2022,autismo_F840,solo_secundario,NACIONALIDAD,BOLIVIA (ESTADO PLURINACIONAL DE),3
2022,autismo_F840,solo_secundario,NACIONALIDAD,BULGARIA,1
2022,autismo_F840,solo_secundario,NACIONALIDAD,CHILE,2821
2022,autismo_F840,solo_secundario,NACIONALIDAD,COLOMBIA,2
2022,autismo_F840,solo_secundario,NACIONALIDAD,CROACIA,1
2022,autismo_F840,solo_secundario,NACIONALIDAD,EUROPA,2
2022,autismo_F840,solo_secundario,NACIONALIDAD,PERÚ,5
2022,autismo_F840,solo_secundario,NACIONALIDAD,VENEZUELA (REPÚBLICA BOLIVARIANA DE),24
2023,autismo_F840,principal,NACIONALIDAD,CHILE,239
2023,autismo_F840,principal,NACIONALIDAD,VENEZUELA (REPÚBLICA BOLIVARIANA DE),14
2023,autismo_F840,solo_secundario,NACIONALIDAD,BOLIVIA (ESTADO PLURINACIONAL DE),21
2023,autismo_F840,solo_secundario,NACIONALIDAD,BULGARIA,1
2023,autismo_F840,solo_secundario,NACIONALIDAD,CHILE,4982
2023,autismo_F840,solo_secundario,NACIONALIDAD,COLOMBIA,6
2023,autismo_F840,solo_secundario,NACIONALIDAD,ECUADOR,1
2023,autismo_F840,solo_secundario,NACIONALIDAD,HAITÍ,2
2023,autismo_F840,solo_secundario,NACIONALIDAD,NICARAGUA,1
2023,autismo_F840,solo_secundario,NACIONALIDAD,PERÚ,13
2023,autismo_F840,solo_secundario,NACIONALIDAD,VENEZUELA (REPÚBLICA BOLIVARIANA DE),45
2024,autismo_F840,principal,NACIONALIDAD,BOLIVIA (ESTADO PLURINACIONAL DE),3
2024,autismo_F840,principal,NACIONALIDAD,CHILE,271
2024,autismo_F840,principal,NACIONALIDAD,COLOMBIA,1
2024,autismo_F840,principal,NACIONALIDAD,PERÚ,1
2024,autismo_F840,principal,NACIONALIDAD,VENEZUELA (REPÚBLICA BOLIVARIANA DE),4
2024,autismo_F840,solo_secundario,NACIONALIDAD,AMÉRICA,1
2024,autismo_F840,solo_secundario,NACIONALIDAD,BOLIVIA (ESTADO PLURINACIONAL DE),17
2024,autismo_F840,solo_secundario,NACIONALIDAD,BULGARIA,3
2024,autismo_F840,solo_secundario,NACIONALIDAD,CANADÁ,1
2024,autismo_F840,solo_secundario,NACIONALIDAD,CHILE,6803
2024,autismo_F840,solo_secundario,NACIONALIDAD,COLOMBIA,13
2024,autismo_F840,solo_secundario,NACIONALIDAD,ECUADOR,5
2024,autismo_F840,solo_secundario,NACIONALIDAD,EL SALVADOR,1
2024,autismo_F840,solo_secundario,NACIONALIDAD,ESPAÑA,1
2024,autismo_F840,solo_secundario,NACIONALIDAD,ESTADOS UNIDOS DE AMÉRICA,1
2024,autismo_F840,solo_secundario,NACIONALIDAD,HAITÍ,3
2024,autismo_F840,solo_secundario,NACIONALIDAD,PARAGUAY,1
2024,autismo_F840,solo_secundario,NACIONALIDAD,PERÚ,29
2024,autismo_F840,solo_secundario,NACIONALIDAD,REPÚBLICA DOMINICANA,1
2024,autismo_F840,solo_secundario,NACIONALIDAD,VENEZUELA (REPÚBLICA BOLIVARIANA DE),69
2024,autismo_F840,solo_secundario,NACIONALIDAD,ÁFRICA,1
2019,autismo_F840,principal,ETNIA,MAPUCHE,2
2019,autismo_F840,principal,ETNIA,NINGUNA,3
2019,autismo_F840,principal,ETNIA,NINGUNO,125
2019,autismo_F840,principal,ETNIA,OTRO,20
2019,autismo_F840,solo_secundario,ETNIA,MAPUCHE,15
2019,autismo_F840,solo_secundario,ETNIA,NINGUNA,5
2019,autismo_F840,solo_secundario,ETNIA,NINGUNO,930
2019,autismo_F840,solo_secundario,ETNIA,OTRO,300
2020,autismo_F840,principal,ETNIA,MAPUCHE,1
2020,autismo_F840,principal,ETNIA,NINGUNO,108
2020,autismo_F840,principal,ETNIA,OTRO,5
2020,autismo_F840,solo_secundario,ETNIA,AYMARA,2
2020,autismo_F840,solo_secundario,ETNIA,MAPUCHE,21
2020,autismo_F840,solo_secundario,ETNIA,NINGUNO,844
2020,autismo_F840,solo_secundario,ETNIA,OTRO,103
2021,autismo_F840,principal,ETNIA,AYMARA,1
2021,autismo_F840,principal,ETNIA,NINGUNO,136
2021,autismo_F840,principal,ETNIA,OTRO,2
2021,autismo_F840,solo_secundario,ETNIA,AYMARA,12
2021,autismo_F840,solo_secundario,ETNIA,MAPUCHE,16
2021,autismo_F840,solo_secundario,ETNIA,NINGUNO,1664
2021,autismo_F840,solo_secundario,ETNIA,OTRO,17
2022,autismo_F840,principal,ETNIA,AYMARA,1
2022,autismo_F840,principal,ETNIA,OTRO,201
2022,autismo_F840,solo_secundario,ETNIA,AYMARA,7
2022,autismo_F840,solo_secundario,ETNIA,MAPUCHE,31
2022,autismo_F840,solo_secundario,ETNIA,OTRO,2819
2022,autismo_F840,solo_secundario,ETNIA,RAPA NUI (PASCUENSE),1
2022,autismo_F840,solo_secundario,ETNIA,YAGÁN (YÁMANA),1
2023,autismo_F840,principal,ETNIA,AYMARA,2
2023,autismo_F840,principal,ETNIA,MAPUCHE,6
2023,autismo_F840,principal,ETNIA,OTRO,245
2023,autismo_F840,solo_secundario,ETNIA,AYMARA,16
2023,autismo_F840,solo_secundario,ETNIA,DIAGUITA,1
2023,autismo_F840,solo_secundario,ETNIA,MAPUCHE,64
2023,autismo_F840,solo_secundario,ETNIA,OTRO,4987
2023,autismo_F840,solo_secundario,ETNIA,QUECHUA,1
2023,autismo_F840,solo_secundario,ETNIA,RAPA NUI (PASCUENSE),1
2023,autismo_F840,solo_secundario,ETNIA,YAGÁN (YÁMANA),2
2024,autismo_F840,principal,ETNIA,AYMARA,3
2024,autismo_F840,principal,ETNIA,MAPUCHE,5
2024,autismo_F840,principal,ETNIA,NINGUNO,272
2024,autismo_F840,solo_secundario,ETNIA,AYMARA,28
2024,autismo_F840,solo_secundario,ETNIA,DIAGUITA,4
2024,autismo_F840,solo_secundario,ETNIA,LICAN ANTAI (ATACAMEÑO),1
2024,autismo_F840,solo_secundario,ETNIA,MAPUCHE,135
2024,autismo_F840,solo_secundario,ETNIA,NINGUNO,6779
2024,autismo_F840,solo_secundario,ETNIA,QUECHUA,1
2024,autismo_F840,solo_secundario,ETNIA,RAPA NUI (PASCUENSE),1
2024,autismo_F840,solo_secundario,ETNIA,YAGÁN (YÁMANA),1
2019,autismo_F840,principal,IR_29301_SEVERIDAD,0,7
2019,autismo_F840,principal,IR_29301_SEVERIDAD,1,108
2019,autismo_F840,principal,IR_29301_SEVERIDAD,2,32
2019,autismo_F840,principal,IR_29301_SEVERIDAD,3,3
2019,autismo_F840,solo_secundario,IR_29301_SEVERIDAD,0,228
2019,autismo_F840,solo_secundario,IR_29301_SEVERIDAD,1,626
2019,autismo_F840,solo_secundario,IR_29301_SEVERIDAD,2,237
2019,autismo_F840,solo_secundario,IR_29301_SEVERIDAD,3,159
2020,autismo_F840,principal,IR_29301_SEVERIDAD,0,2
2020,autismo_F840,principal,IR_29301_SEVERIDAD,1,73
2020,autismo_F840,principal,IR_29301_SEVERIDAD,2,28
2020,autismo_F840,principal,IR_29301_SEVERIDAD,3,11
2020,autismo_F840,solo_secundario,IR_29301_SEVERIDAD,0,59
2020,autismo_F840,solo_secundario,IR_29301_SEVERIDAD,1,482
2020,autismo_F840,solo_secundario,IR_29301_SEVERIDAD,2,268
2020,autismo_F840,solo_secundario,IR_29301_SEVERIDAD,3,161
2021,autismo_F840,principal,IR_29301_SEVERIDAD,1,86
2021,autismo_F840,principal,IR_29301_SEVERIDAD,2,45
2021,autismo_F840,principal,IR_29301_SEVERIDAD,3,8
2021,autismo_F840,solo_secundario,IR_29301_SEVERIDAD,0,150
2021,autismo_F840,solo_secundario,IR_29301_SEVERIDAD,1,812
2021,autismo_F840,solo_secundario,IR_29301_SEVERIDAD,2,426
2021,autismo_F840,solo_secundario,IR_29301_SEVERIDAD,3,321
2022,autismo_F840,principal,IR_29301_SEVERIDAD,1,123
2022,autismo_F840,principal,IR_29301_SEVERIDAD,2,62
2022,autismo_F840,principal,IR_29301_SEVERIDAD,3,17
2022,autismo_F840,solo_secundario,IR_29301_SEVERIDAD,0,302
2022,autismo_F840,solo_secundario,IR_29301_SEVERIDAD,1,1333
2022,autismo_F840,solo_secundario,IR_29301_SEVERIDAD,2,680
2022,autismo_F840,solo_secundario,IR_29301_SEVERIDAD,3,544
2023,autismo_F840,principal,IR_29301_SEVERIDAD,1,179
2023,autismo_F840,principal,IR_29301_SEVERIDAD,2,64
2023,autismo_F840,principal,IR_29301_SEVERIDAD,3,10
2023,autismo_F840,solo_secundario,IR_29301_SEVERIDAD,0,581
2023,autismo_F840,solo_secundario,IR_29301_SEVERIDAD,1,2130
2023,autismo_F840,solo_secundario,IR_29301_SEVERIDAD,2,1201
2023,autismo_F840,solo_secundario,IR_29301_SEVERIDAD,3,1160
2024,autismo_F840,principal,IR_29301_SEVERIDAD,1,190
2024,autismo_F840,principal,IR_29301_SEVERIDAD,2,73
2024,autismo_F840,principal,IR_29301_SEVERIDAD,3,17
2024,autismo_F840,solo_secundario,IR_29301_SEVERIDAD,0,1017
2024,autismo_F840,solo_secundario,IR_29301_SEVERIDAD,1,2833
2024,autismo_F840,solo_secundario,IR_29301_SEVERIDAD,2,1708
2024,autismo_F840,solo_secundario,IR_29301_SEVERIDAD,3,1392
2019,autismo_F840,principal,IR_29301_MORTALIDAD,0,7
2019,autismo_F840,principal,IR_29301_MORTALIDAD,1,131
2019,autismo_F840,principal,IR_29301_MORTALIDAD,2,12
2019,autismo_F840,solo_secundario,IR_29301_MORTALIDAD,0,228
2019,autismo_F840,solo_secundario,IR_29301_MORTALIDAD,1,769
2019,autismo_F840,solo_secundario,IR_29301_MORTALIDAD,2,176
2019,autismo_F840,solo_secundario,IR_29301_MORTALIDAD,3,77
2020,autismo_F840,principal,IR_29301_MORTALIDAD,0,2
2020,autismo_F840,principal,IR_29301_MORTALIDAD,1,89
2020,autismo_F840,principal,IR_29301_MORTALIDAD,2,21
2020,autismo_F840,principal,IR_29301_MORTALIDAD,3,2
2020,autismo_F840,solo_secundario,IR_29301_MORTALIDAD,0,59
2020,autismo_F840,solo_secundario,IR_29301_MORTALIDAD,1,658
2020,autismo_F840,solo_secundario,IR_29301_MORTALIDAD,2,191
2020,autismo_F840,solo_secundario,IR_29301_MORTALIDAD,3,62
2021,autismo_F840,principal,IR_29301_MORTALIDAD,1,114
2021,autismo_F840,principal,IR_29301_MORTALIDAD,2,24
2021,autismo_F840,principal,IR_29301_MORTALIDAD,3,1
2021,autismo_F840,solo_secundario,IR_29301_MORTALIDAD,0,150
2021,autismo_F840,solo_secundario,IR_29301_MORTALIDAD,1,1096
2021,autismo_F840,solo_secundario,IR_29301_MORTALIDAD,2,308
2021,autismo_F840,solo_secundario,IR_29301_MORTALIDAD,3,155
2022,autismo_F840,principal,IR_29301_MORTALIDAD,1,165
2022,autismo_F840,principal,IR_29301_MORTALIDAD,2,37
2022,autismo_F840,solo_secundario,IR_29301_MORTALIDAD,0,302
2022,autismo_F840,solo_secundario,IR_29301_MORTALIDAD,1,1773
2022,autismo_F840,solo_secundario,IR_29301_MORTALIDAD,2,478
2022,autismo_F840,solo_secundario,IR_29301_MORTALIDAD,3,306
2023,autismo_F840,principal,IR_29301_MORTALIDAD,1,224
2023,autismo_F840,principal,IR_29301_MORTALIDAD,2,29
2023,autismo_F840,solo_secundario,IR_29301_MORTALIDAD,0,581
2023,autismo_F840,solo_secundario,IR_29301_MORTALIDAD,1,2915
2023,autismo_F840,solo_secundario,IR_29301_MORTALIDAD,2,820
2023,autismo_F840,solo_secundario,IR_29301_MORTALIDAD,3,756
2024,autismo_F840,principal,IR_29301_MORTALIDAD,1,238
2024,autismo_F840,principal,IR_29301_MORTALIDAD,2,39
2024,autismo_F840,principal,IR_29301_MORTALIDAD,3,3
2024,autismo_F840,solo_secundario,IR_29301_MORTALIDAD,0,1017
2024,autismo_F840,solo_secundario,IR_29301_MORTALIDAD,1,3999
2024,autismo_F840,solo_secundario,IR_29301_MORTALIDAD,2,1037
2024,autismo_F840,solo_secundario,IR_29301_MORTALIDAD,3,897
2019,autismo_F840,principal,prevision_grupo,FONASA MAI A,63
2019,autismo_F840,principal,prevision_grupo,FONASA MAI B,41
2019,autismo_F840,principal,prevision_grupo,FONASA MAI C,20
2019,autismo_F840,principal,prevision_grupo,FONASA MAI D,21
2019,autismo_F840,principal,prevision_grupo,ISAPRE,5
2019,autismo_F840,solo_secundario,prevision_grupo,FFAA y de Orden,8
2019,autismo_F840,solo_secundario,prevision_grupo,FONASA MAI A,412
2019,autismo_F840,solo_secundario,prevision_grupo,FONASA MAI B,434
2019,autismo_F840,solo_secundario,prevision_grupo,FONASA MAI C,148
2019,autismo_F840,solo_secundario,prevision_grupo,FONASA MAI D,198
2019,autismo_F840,solo_secundario,prevision_grupo,FONASA libre elección,7
2019,autismo_F840,solo_secundario,prevision_grupo,ISAPRE,32
2019,autismo_F840,solo_secundario,prevision_grupo,No identificada,4
2019,autismo_F840,solo_secundario,prevision_grupo,Particular,7
2020,autismo_F840,principal,prevision_grupo,FFAA y de Orden,1
2020,autismo_F840,principal,prevision_grupo,FONASA MAI A,38
2020,autismo_F840,principal,prevision_grupo,FONASA MAI B,44
2020,autismo_F840,principal,prevision_grupo,FONASA MAI C,12
2020,autismo_F840,principal,prevision_grupo,FONASA MAI D,17
2020,autismo_F840,principal,prevision_grupo,ISAPRE,2
2020,autismo_F840,solo_secundario,prevision_grupo,FFAA y de Orden,3
2020,autismo_F840,solo_secundario,prevision_grupo,FONASA MAI A,378
2020,autismo_F840,solo_secundario,prevision_grupo,FONASA MAI B,301
2020,autismo_F840,solo_secundario,prevision_grupo,FONASA MAI C,114
2020,autismo_F840,solo_secundario,prevision_grupo,FONASA MAI D,152
2020,autismo_F840,solo_secundario,prevision_grupo,FONASA libre elección,1
2020,autismo_F840,solo_secundario,prevision_grupo,ISAPRE,18
2020,autismo_F840,solo_secundario,prevision_grupo,Particular,3
2021,autismo_F840,principal,prevision_grupo,FONASA MAI A,37
2021,autismo_F840,principal,prevision_grupo,FONASA MAI B,61
2021,autismo_F840,principal,prevision_grupo,FONASA MAI C,12
2021,autismo_F840,principal,prevision_grupo,FONASA MAI D,22
2021,autismo_F840,principal,prevision_grupo,ISAPRE,5
2021,autismo_F840,principal,prevision_grupo,Particular,2
2021,autismo_F840,solo_secundario,prevision_grupo,FFAA y de Orden,14
2021,autismo_F840,solo_secundario,prevision_grupo,FONASA MAI A,604
2021,autismo_F840,solo_secundario,prevision_grupo,FONASA MAI B,573
2021,autismo_F840,solo_secundario,prevision_grupo,FONASA MAI C,194
2021,autismo_F840,solo_secundario,prevision_grupo,FONASA MAI D,281
2021,autismo_F840,solo_secundario,prevision_grupo,FONASA libre elección,5
2021,autismo_F840,solo_secundario,prevision_grupo,ISAPRE,33
2021,autismo_F840,solo_secundario,prevision_grupo,Particular,5
2022,autismo_F840,principal,prevision_grupo,FFAA y de Orden,2
2022,autismo_F840,principal,prevision_grupo,FONASA MAI A,62
2022,autismo_F840,principal,prevision_grupo,FONASA MAI B,72
2022,autismo_F840,principal,prevision_grupo,FONASA MAI C,29
2022,autismo_F840,principal,prevision_grupo,FONASA MAI D,32
2022,autismo_F840,principal,prevision_grupo,ISAPRE,4
2022,autismo_F840,principal,prevision_grupo,Particular,1
2022,autismo_F840,solo_secundario,prevision_grupo,FFAA y de Orden,32
2022,autismo_F840,solo_secundario,prevision_grupo,FONASA MAI A,1003
2022,autismo_F840,solo_secundario,prevision_grupo,FONASA MAI B,989
2022,autismo_F840,solo_secundario,prevision_grupo,FONASA MAI C,318
2022,autismo_F840,solo_secundario,prevision_grupo,FONASA MAI D,424
2022,autismo_F840,solo_secundario,prevision_grupo,FONASA libre elección,16
2022,autismo_F840,solo_secundario,prevision_grupo,ISAPRE,59
2022,autismo_F840,solo_secundario,prevision_grupo,Particular,18
2023,autismo_F840,principal,prevision_grupo,FFAA y de Orden,1
2023,autismo_F840,principal,prevision_grupo,FONASA MAI A,95
2023,autismo_F840,principal,prevision_grupo,FONASA MAI B,94
2023,autismo_F840,principal,prevision_grupo,FONASA MAI C,23
2023,autismo_F840,principal,prevision_grupo,FONASA MAI D,37
2023,autismo_F840,principal,prevision_grupo,ISAPRE,2
2023,autismo_F840,principal,prevision_grupo,Particular,1
2023,autismo_F840,solo_secundario,prevision_grupo,FFAA y de Orden,38
2023,autismo_F840,solo_secundario,prevision_grupo,FONASA MAI A,1791
2023,autismo_F840,solo_secundario,prevision_grupo,FONASA MAI B,1649
2023,autismo_F840,solo_secundario,prevision_grupo,FONASA MAI C,682
2023,autismo_F840,solo_secundario,prevision_grupo,FONASA MAI D,804
2023,autismo_F840,solo_secundario,prevision_grupo,FONASA libre elección,32
2023,autismo_F840,solo_secundario,prevision_grupo,ISAPRE,62
2023,autismo_F840,solo_secundario,prevision_grupo,Particular,14
2024,autismo_F840,principal,prevision_grupo,FFAA y de Orden,2
2024,autismo_F840,principal,prevision_grupo,FONASA MAI A,117
2024,autismo_F840,principal,prevision_grupo,FONASA MAI B,84
2024,autismo_F840,principal,prevision_grupo,FONASA MAI C,33
2024,autismo_F840,principal,prevision_grupo,FONASA MAI D,41
2024,autismo_F840,principal,prevision_grupo,ISAPRE,2
2024,autismo_F840,principal,prevision_grupo,Particular,1
2024,autismo_F840,solo_secundario,prevision_grupo,FFAA y de Orden,43
2024,autismo_F840,solo_secundario,prevision_grupo,FONASA MAI A,2324
2024,autismo_F840,solo_secundario,prevision_grupo,FONASA MAI B,2412
2024,autismo_F840,solo_secundario,prevision_grupo,FONASA MAI C,882
2024,autismo_F840,solo_secundario,prevision_grupo,FONASA MAI D,1144
2024,autismo_F840,solo_secundario,prevision_grupo,FONASA libre elección,47
2024,autismo_F840,solo_secundario,prevision_grupo,ISAPRE,81
2024,autismo_F840,solo_secundario,prevision_grupo,Particular,17
2019,autismo_F840,principal,nacionalidad_grupo,Chile,139
2019,autismo_F840,principal,nacionalidad_grupo,Desconocida,4
2019,autismo_F840,principal,nacionalidad_grupo,Otro país,7
2019,autismo_F840,solo_secundario,nacionalidad_grupo,Chile,1215
2019,autismo_F840,solo_secundario,nacionalidad_grupo,Desconocida,16
2019,autismo_F840,solo_secundario,nacionalidad_grupo,Otro país,19
2020,autismo_F840,principal,nacionalidad_grupo,Chile,113
2020,autismo_F840,principal,nacionalidad_grupo,Otro país,1
2020,autismo_F840,solo_secundario,nacionalidad_grupo,Chile,960
2020,autismo_F840,solo_secundario,nacionalidad_grupo,Otro país,10
2021,autismo_F840,principal,nacionalidad_grupo,Chile,135
2021,autismo_F840,principal,nacionalidad_grupo,Otro país,4
2021,autismo_F840,solo_secundario,nacionalidad_grupo,Chile,1682
2021,autismo_F840,solo_secundario,nacionalidad_grupo,Otro país,27
2022,autismo_F840,principal,nacionalidad_grupo,Chile,200
2022,autismo_F840,principal,nacionalidad_grupo,Otro país,2
2022,autismo_F840,solo_secundario,nacionalidad_grupo,Chile,2821
2022,autismo_F840,solo_secundario,nacionalidad_grupo,Otro país,38
2023,autismo_F840,principal,nacionalidad_grupo,Chile,239
2023,autismo_F840,principal,nacionalidad_grupo,Otro país,14
2023,autismo_F840,solo_secundario,nacionalidad_grupo,Chile,4982
2023,autismo_F840,solo_secundario,nacionalidad_grupo,Otro país,90
2024,autismo_F840,principal,nacionalidad_grupo,Chile,271
2024,autismo_F840,principal,nacionalidad_grupo,Otro país,9
2024,autismo_F840,solo_secundario,nacionalidad_grupo,Chile,6803
2024,autismo_F840,solo_secundario,nacionalidad_grupo,Otro país,147
2019,autismo_F840,principal,etnia_grupo,Ninguno/otro,148
2019,autismo_F840,principal,etnia_grupo,Pueblo originario declarado,2
2019,autismo_F840,solo_secundario,etnia_grupo,Ninguno/otro,1235
2019,autismo_F840,solo_secundario,etnia_grupo,Pueblo originario declarado,15
2020,autismo_F840,principal,etnia_grupo,Ninguno/otro,113
2020,autismo_F840,principal,etnia_grupo,Pueblo originario declarado,1
2020,autismo_F840,solo_secundario,etnia_grupo,Ninguno/otro,947
2020,autismo_F840,solo_secundario,etnia_grupo,Pueblo originario declarado,23
2021,autismo_F840,principal,etnia_grupo,Ninguno/otro,138
2021,autismo_F840,principal,etnia_grupo,Pueblo originario declarado,1
2021,autismo_F840,solo_secundario,etnia_grupo,Ninguno/otro,1681
2021,autismo_F840,solo_secundario,etnia_grupo,Pueblo originario declarado,28
2022,autismo_F840,principal,etnia_grupo,Ninguno/otro,201
2022,autismo_F840,principal,etnia_grupo,Pueblo originario declarado,1
2022,autismo_F840,solo_secundario,etnia_grupo,Ninguno/otro,2819
2022,autismo_F840,solo_secundario,etnia_grupo,Pueblo originario declarado,40
2023,autismo_F840,principal,etnia_grupo,Ninguno/otro,245
2023,autismo_F840,principal,etnia_grupo,Pueblo originario declarado,8
2023,autismo_F840,solo_secundario,etnia_grupo,Ninguno/otro,4987
2023,autismo_F840,solo_secundario,etnia_grupo,Pueblo originario declarado,85
2024,autismo_F840,principal,etnia_grupo,Ninguno/otro,272
2024,autismo_F840,principal,etnia_grupo,Pueblo originario declarado,8
2024,autismo_F840,solo_secundario,etnia_grupo,Ninguno/otro,6779
2024,autismo_F840,solo_secundario,etnia_grupo,Pueblo originario declarado,171
2019,autismo_F840,principal,age_band,0-4,18
2019,autismo_F840,principal,age_band,10-14,60
2019,autismo_F840,principal,age_band,15-19,32
2019,autismo_F840,principal,age_band,20-29,9
2019,autismo_F840,principal,age_band,30-44,1
2019,autismo_F840,principal,age_band,45+,1
2019,autismo_F840,principal,age_band,5-9,29
2019,autismo_F840,solo_secundario,age_band,0-4,298
2019,autismo_F840,solo_secundario,age_band,10-14,276
2019,autismo_F840,solo_secundario,age_band,15-19,111
2019,autismo_F840,solo_secundario,age_band,20-29,55
2019,autismo_F840,solo_secundario,age_band,30-44,33
2019,autismo_F840,solo_secundario,age_band,45+,10
2019,autismo_F840,solo_secundario,age_band,5-9,467
2020,autismo_F840,principal,age_band,0-4,6
2020,autismo_F840,principal,age_band,10-14,40
2020,autismo_F840,principal,age_band,15-19,37
2020,autismo_F840,principal,age_band,20-29,10
2020,autismo_F840,principal,age_band,30-44,2
2020,autismo_F840,principal,age_band,5-9,19
2020,autismo_F840,solo_secundario,age_band,0-4,205
2020,autismo_F840,solo_secundario,age_band,10-14,262
2020,autismo_F840,solo_secundario,age_band,15-19,104
2020,autismo_F840,solo_secundario,age_band,20-29,42
2020,autismo_F840,solo_secundario,age_band,30-44,30
2020,autismo_F840,solo_secundario,age_band,45+,6
2020,autismo_F840,solo_secundario,age_band,5-9,321
2021,autismo_F840,principal,age_band,0-4,20
2021,autismo_F840,principal,age_band,10-14,35
2021,autismo_F840,principal,age_band,15-19,32
2021,autismo_F840,principal,age_band,20-29,20
2021,autismo_F840,principal,age_band,30-44,9
2021,autismo_F840,principal,age_band,5-9,23
2021,autismo_F840,solo_secundario,age_band,0-4,374
2021,autismo_F840,solo_secundario,age_band,10-14,465
2021,autismo_F840,solo_secundario,age_band,15-19,160
2021,autismo_F840,solo_secundario,age_band,20-29,88
2021,autismo_F840,solo_secundario,age_band,30-44,35
2021,autismo_F840,solo_secundario,age_band,45+,19
2021,autismo_F840,solo_secundario,age_band,5-9,568
2022,autismo_F840,principal,age_band,0-4,24
2022,autismo_F840,principal,age_band,10-14,86
2022,autismo_F840,principal,age_band,15-19,38
2022,autismo_F840,principal,age_band,20-29,21
2022,autismo_F840,principal,age_band,30-44,6
2022,autismo_F840,principal,age_band,45+,1
2022,autismo_F840,principal,age_band,5-9,26
2022,autismo_F840,solo_secundario,age_band,0-4,757
2022,autismo_F840,solo_secundario,age_band,10-14,666
2022,autismo_F840,solo_secundario,age_band,15-19,303
2022,autismo_F840,solo_secundario,age_band,20-29,118
2022,autismo_F840,solo_secundario,age_band,30-44,58
2022,autismo_F840,solo_secundario,age_band,45+,17
2022,autismo_F840,solo_secundario,age_band,5-9,940
2023,autismo_F840,principal,age_band,0-4,21
2023,autismo_F840,principal,age_band,10-14,76
2023,autismo_F840,principal,age_band,15-19,93
2023,autismo_F840,principal,age_band,20-29,16
2023,autismo_F840,principal,age_band,30-44,9
2023,autismo_F840,principal,age_band,5-9,38
2023,autismo_F840,solo_secundario,age_band,0-4,1202
2023,autismo_F840,solo_secundario,age_band,10-14,1199
2023,autismo_F840,solo_secundario,age_band,15-19,615
2023,autismo_F840,solo_secundario,age_band,20-29,261
2023,autismo_F840,solo_secundario,age_band,30-44,108
2023,autismo_F840,solo_secundario,age_band,45+,33
2023,autismo_F840,solo_secundario,age_band,5-9,1654
2024,autismo_F840,principal,age_band,0-4,13
2024,autismo_F840,principal,age_band,10-14,121
2024,autismo_F840,principal,age_band,15-19,66
2024,autismo_F840,principal,age_band,20-29,19
2024,autismo_F840,principal,age_band,30-44,8
2024,autismo_F840,principal,age_band,45+,1
2024,autismo_F840,principal,age_band,5-9,51
2024,autismo_F840,principal,age_band,No informado,1
2024,autismo_F840,solo_secundario,age_band,0-4,1148
2024,autismo_F840,solo_secundario,age_band,10-14,1841
2024,autismo_F840,solo_secundario,age_band,15-19,958
2024,autismo_F840,solo_secundario,age_band,20-29,419
2024,autismo_F840,solo_secundario,age_band,30-44,159
2024,autismo_F840,solo_secundario,age_band,45+,47
2024,autismo_F840,solo_secundario,age_band,5-9,2378
2019,autismo_F840,principal,sex,HOMBRE,127
2019,autismo_F840,principal,sex,MUJER,23
2019,autismo_F840,solo_secundario,sex,HOMBRE,968
2019,autismo_F840,solo_secundario,sex,MUJER,281
2019,autismo_F840,solo_secundario,sex,No informado,1
2020,autismo_F840,principal,sex,HOMBRE,92
2020,autismo_F840,principal,sex,MUJER,22
2020,autismo_F840,solo_secundario,sex,HOMBRE,741
2020,autismo_F840,solo_secundario,sex,MUJER,229
2021,autismo_F840,principal,sex,HOMBRE,112
2021,autismo_F840,principal,sex,MUJER,27
2021,autismo_F840,solo_secundario,sex,HOMBRE,1310
2021,autismo_F840,solo_secundario,sex,MUJER,398
2021,autismo_F840,solo_secundario,sex,No informado,1
2022,autismo_F840,principal,sex,HOMBRE,155
2022,autismo_F840,principal,sex,MUJER,47
2022,autismo_F840,solo_secundario,sex,HOMBRE,2147
2022,autismo_F840,solo_secundario,sex,MUJER,712
2023,autismo_F840,principal,sex,HOMBRE,183
2023,autismo_F840,principal,sex,MUJER,70
2023,autismo_F840,solo_secundario,sex,HOMBRE,3597
2023,autismo_F840,solo_secundario,sex,MUJER,1473
2023,autismo_F840,solo_secundario,sex,No informado,2
2024,autismo_F840,principal,sex,HOMBRE,183
2024,autismo_F840,principal,sex,MUJER,97
2024,autismo_F840,solo_secundario,sex,HOMBRE,4729
2024,autismo_F840,solo_secundario,sex,MUJER,2219
2024,autismo_F840,solo_secundario,sex,No informado,2
2019,autismo_F840,principal,los_bin,0,27
2019,autismo_F840,principal,los_bin,1,29
2019,autismo_F840,principal,los_bin,15-30,23
2019,autismo_F840,principal,los_bin,2,12
2019,autismo_F840,principal,los_bin,3-4,14
2019,autismo_F840,principal,los_bin,31-90,14
2019,autismo_F840,principal,los_bin,5-7,14
2019,autismo_F840,principal,los_bin,8-14,16
2019,autismo_F840,principal,los_bin,91+,1
2019,autismo_F840,solo_secundario,los_bin,0,403
2019,autismo_F840,solo_secundario,los_bin,1,199
2019,autismo_F840,solo_secundario,los_bin,15-30,59
2019,autismo_F840,solo_secundario,los_bin,2,130
2019,autismo_F840,solo_secundario,los_bin,3-4,194
2019,autismo_F840,solo_secundario,los_bin,31-90,40
2019,autismo_F840,solo_secundario,los_bin,5-7,116
2019,autismo_F840,solo_secundario,los_bin,8-14,100
2019,autismo_F840,solo_secundario,los_bin,91+,9
2020,autismo_F840,principal,los_bin,0,11
2020,autismo_F840,principal,los_bin,1,4
2020,autismo_F840,principal,los_bin,15-30,22
2020,autismo_F840,principal,los_bin,2,6
2020,autismo_F840,principal,los_bin,3-4,17
2020,autismo_F840,principal,los_bin,31-90,12
2020,autismo_F840,principal,los_bin,5-7,19
2020,autismo_F840,principal,los_bin,8-14,17
2020,autismo_F840,principal,los_bin,91+,6
2020,autismo_F840,solo_secundario,los_bin,0,181
2020,autismo_F840,solo_secundario,los_bin,1,181
2020,autismo_F840,solo_secundario,los_bin,15-30,61
2020,autismo_F840,solo_secundario,los_bin,2,104
2020,autismo_F840,solo_secundario,los_bin,3-4,161
2020,autismo_F840,solo_secundario,los_bin,31-90,37
2020,autismo_F840,solo_secundario,los_bin,5-7,126
2020,autismo_F840,solo_secundario,los_bin,8-14,110
2020,autismo_F840,solo_secundario,los_bin,91+,9
2021,autismo_F840,principal,los_bin,0,16
2021,autismo_F840,principal,los_bin,1,24
2021,autismo_F840,principal,los_bin,15-30,22
2021,autismo_F840,principal,los_bin,2,9
2021,autismo_F840,principal,los_bin,3-4,7
2021,autismo_F840,principal,los_bin,31-90,22
2021,autismo_F840,principal,los_bin,5-7,14
2021,autismo_F840,principal,los_bin,8-14,18
2021,autismo_F840,principal,los_bin,91+,7
2021,autismo_F840,solo_secundario,los_bin,0,373
2021,autismo_F840,solo_secundario,los_bin,1,279
2021,autismo_F840,solo_secundario,los_bin,15-30,99
2021,autismo_F840,solo_secundario,los_bin,2,233
2021,autismo_F840,solo_secundario,los_bin,3-4,269
2021,autismo_F840,solo_secundario,los_bin,31-90,72
2021,autismo_F840,solo_secundario,los_bin,5-7,209
2021,autismo_F840,solo_secundario,los_bin,8-14,167
2021,autismo_F840,solo_secundario,los_bin,91+,8
2022,autismo_F840,principal,los_bin,0,17
2022,autismo_F840,principal,los_bin,1,41
2022,autismo_F840,principal,los_bin,15-30,36
2022,autismo_F840,principal,los_bin,2,10
2022,autismo_F840,principal,los_bin,3-4,22
2022,autismo_F840,principal,los_bin,31-90,17
2022,autismo_F840,principal,los_bin,5-7,20
2022,autismo_F840,principal,los_bin,8-14,33
2022,autismo_F840,principal,los_bin,91+,6
2022,autismo_F840,solo_secundario,los_bin,0,652
2022,autismo_F840,solo_secundario,los_bin,1,521
2022,autismo_F840,solo_secundario,los_bin,15-30,184
2022,autismo_F840,solo_secundario,los_bin,2,332
2022,autismo_F840,solo_secundario,los_bin,3-4,440
2022,autismo_F840,solo_secundario,los_bin,31-90,66
2022,autismo_F840,solo_secundario,los_bin,5-7,367
2022,autismo_F840,solo_secundario,los_bin,8-14,288
2022,autismo_F840,solo_secundario,los_bin,91+,9
2023,autismo_F840,principal,los_bin,0,10
2023,autismo_F840,principal,los_bin,1,58
2023,autismo_F840,principal,los_bin,15-30,43
2023,autismo_F840,principal,los_bin,2,28
2023,autismo_F840,principal,los_bin,3-4,30
2023,autismo_F840,principal,los_bin,31-90,15
2023,autismo_F840,principal,los_bin,5-7,36
2023,autismo_F840,principal,los_bin,8-14,30
2023,autismo_F840,principal,los_bin,91+,3
2023,autismo_F840,solo_secundario,los_bin,0,1019
2023,autismo_F840,solo_secundario,los_bin,1,856
2023,autismo_F840,solo_secundario,los_bin,15-30,336
2023,autismo_F840,solo_secundario,los_bin,2,588
2023,autismo_F840,solo_secundario,los_bin,3-4,890
2023,autismo_F840,solo_secundario,los_bin,31-90,137
2023,autismo_F840,solo_secundario,los_bin,5-7,686
2023,autismo_F840,solo_secundario,los_bin,8-14,544
2023,autismo_F840,solo_secundario,los_bin,91+,16
2024,autismo_F840,principal,los_bin,0,23
2024,autismo_F840,principal,los_bin,1,54
2024,autismo_F840,principal,los_bin,15-30,39
2024,autismo_F840,principal,los_bin,2,24
2024,autismo_F840,principal,los_bin,3-4,32
2024,autismo_F840,principal,los_bin,31-90,23
2024,autismo_F840,principal,los_bin,5-7,33
2024,autismo_F840,principal,los_bin,8-14,48
2024,autismo_F840,principal,los_bin,91+,3
2024,autismo_F840,principal,los_bin,No informado,1
2024,autismo_F840,solo_secundario,los_bin,0,1554
2024,autismo_F840,solo_secundario,los_bin,1,1178
2024,autismo_F840,solo_secundario,los_bin,15-30,488
2024,autismo_F840,solo_secundario,los_bin,2,848
2024,autismo_F840,solo_secundario,los_bin,3-4,1120
2024,autismo_F840,solo_secundario,los_bin,31-90,199
2024,autismo_F840,solo_secundario,los_bin,5-7,835
2024,autismo_F840,solo_secundario,los_bin,8-14,706
2024,autismo_F840,solo_secundario,los_bin,91+,22
2019,TEA_operacional,principal,TIPO_INGRESO,OBSTETRICA,1
2019,TEA_operacional,principal,TIPO_INGRESO,PROGRAMADA,84
2019,TEA_operacional,principal,TIPO_INGRESO,URGENCIA,136
2019,TEA_operacional,principal_y_secundario,TIPO_INGRESO,PROGRAMADA,2
2019,TEA_operacional,principal_y_secundario,TIPO_INGRESO,URGENCIA,4
2019,TEA_operacional,solo_secundario,TIPO_INGRESO,NO IDENTIFICADA,1
2019,TEA_operacional,solo_secundario,TIPO_INGRESO,OBSTETRICA,3
2019,TEA_operacional,solo_secundario,TIPO_INGRESO,PROGRAMADA,935
2019,TEA_operacional,solo_secundario,TIPO_INGRESO,URGENCIA,1158
2020,TEA_operacional,principal,TIPO_INGRESO,PROGRAMADA,48
2020,TEA_operacional,principal,TIPO_INGRESO,URGENCIA,104
2020,TEA_operacional,principal_y_secundario,TIPO_INGRESO,PROGRAMADA,1
2020,TEA_operacional,principal_y_secundario,TIPO_INGRESO,URGENCIA,4
2020,TEA_operacional,solo_secundario,TIPO_INGRESO,OBSTETRICA,6
2020,TEA_operacional,solo_secundario,TIPO_INGRESO,PROGRAMADA,463
2020,TEA_operacional,solo_secundario,TIPO_INGRESO,URGENCIA,972
2021,TEA_operacional,principal,TIPO_INGRESO,PROGRAMADA,60
2021,TEA_operacional,principal,TIPO_INGRESO,URGENCIA,123
2021,TEA_operacional,principal_y_secundario,TIPO_INGRESO,PROGRAMADA,1
2021,TEA_operacional,principal_y_secundario,TIPO_INGRESO,URGENCIA,2
2021,TEA_operacional,solo_secundario,TIPO_INGRESO,OBSTETRICA,11
2021,TEA_operacional,solo_secundario,TIPO_INGRESO,PROGRAMADA,734
2021,TEA_operacional,solo_secundario,TIPO_INGRESO,URGENCIA,1424
2022,TEA_operacional,principal,TIPO_INGRESO,OBSTETRICA,1
2022,TEA_operacional,principal,TIPO_INGRESO,PROGRAMADA,72
2022,TEA_operacional,principal,TIPO_INGRESO,URGENCIA,213
2022,TEA_operacional,principal_y_secundario,TIPO_INGRESO,PROGRAMADA,2
2022,TEA_operacional,principal_y_secundario,TIPO_INGRESO,URGENCIA,6
2022,TEA_operacional,solo_secundario,TIPO_INGRESO,DESCONOCIDO,1
2022,TEA_operacional,solo_secundario,TIPO_INGRESO,OBSTETRICA,19
2022,TEA_operacional,solo_secundario,TIPO_INGRESO,PROGRAMADA,1211
2022,TEA_operacional,solo_secundario,TIPO_INGRESO,URGENCIA,2326
2023,TEA_operacional,principal,TIPO_INGRESO,DESCONOCIDO,4
2023,TEA_operacional,principal,TIPO_INGRESO,PROGRAMADA,115
2023,TEA_operacional,principal,TIPO_INGRESO,URGENCIA,232
2023,TEA_operacional,principal_y_secundario,TIPO_INGRESO,PROGRAMADA,4
2023,TEA_operacional,principal_y_secundario,TIPO_INGRESO,URGENCIA,3
2023,TEA_operacional,solo_secundario,TIPO_INGRESO,DESCONOCIDO,1
2023,TEA_operacional,solo_secundario,TIPO_INGRESO,OBSTETRICA,44
2023,TEA_operacional,solo_secundario,TIPO_INGRESO,PROGRAMADA,1885
2023,TEA_operacional,solo_secundario,TIPO_INGRESO,URGENCIA,4118
2024,TEA_operacional,principal,TIPO_INGRESO,PROGRAMADA,116
2024,TEA_operacional,principal,TIPO_INGRESO,URGENCIA,257
2024,TEA_operacional,principal_y_secundario,TIPO_INGRESO,PROGRAMADA,2
2024,TEA_operacional,principal_y_secundario,TIPO_INGRESO,URGENCIA,13
2024,TEA_operacional,solo_secundario,TIPO_INGRESO,DESCONOCIDO,8
2024,TEA_operacional,solo_secundario,TIPO_INGRESO,OBSTETRICA,77
2024,TEA_operacional,solo_secundario,TIPO_INGRESO,PROGRAMADA,2687
2024,TEA_operacional,solo_secundario,TIPO_INGRESO,URGENCIA,5556
2019,TEA_operacional,principal,TIPO_ACTIVIDAD,CIRUGÍA MAYOR AMBULATORIA (CMA),1
2019,TEA_operacional,principal,TIPO_ACTIVIDAD,HOSPITALIZACIÓN,197
2019,TEA_operacional,principal,TIPO_ACTIVIDAD,HOSPITALIZACIÓN DIURNA,8
2019,TEA_operacional,principal,TIPO_ACTIVIDAD,HOSPITALIZACIÓN EN URGENCIA,15
2019,TEA_operacional,principal_y_secundario,TIPO_ACTIVIDAD,HOSPITALIZACIÓN,6
2019,TEA_operacional,solo_secundario,TIPO_ACTIVIDAD,CIRUGÍA MAYOR AMBULATORIA (CMA),167
2019,TEA_operacional,solo_secundario,TIPO_ACTIVIDAD,HOSPITALIZACIÓN,1699
2019,TEA_operacional,solo_secundario,TIPO_ACTIVIDAD,HOSPITALIZACIÓN DIURNA,155
2019,TEA_operacional,solo_secundario,TIPO_ACTIVIDAD,HOSPITALIZACIÓN EN URGENCIA,76
2020,TEA_operacional,principal,TIPO_ACTIVIDAD,CIRUGÍA MAYOR AMBULATORIA (CMA),2
2020,TEA_operacional,principal,TIPO_ACTIVIDAD,HOSPITALIZACIÓN,150
2020,TEA_operacional,principal_y_secundario,TIPO_ACTIVIDAD,HOSPITALIZACIÓN,5
2020,TEA_operacional,solo_secundario,TIPO_ACTIVIDAD,CIRUGÍA MAYOR AMBULATORIA (CMA),81
2020,TEA_operacional,solo_secundario,TIPO_ACTIVIDAD,HOSPITALIZACIÓN,1360
2021,TEA_operacional,principal,TIPO_ACTIVIDAD,HOSPITALIZACIÓN,183
2021,TEA_operacional,principal_y_secundario,TIPO_ACTIVIDAD,HOSPITALIZACIÓN,3
2021,TEA_operacional,solo_secundario,TIPO_ACTIVIDAD,CIRUGÍA MAYOR AMBULATORIA (CMA),177
2021,TEA_operacional,solo_secundario,TIPO_ACTIVIDAD,HOSPITALIZACIÓN,1992
2022,TEA_operacional,principal,TIPO_ACTIVIDAD,HOSPITALIZACIÓN,286
2022,TEA_operacional,principal_y_secundario,TIPO_ACTIVIDAD,HOSPITALIZACIÓN,8
2022,TEA_operacional,solo_secundario,TIPO_ACTIVIDAD,CIRUGÍA MAYOR AMBULATORIA (CMA),348
2022,TEA_operacional,solo_secundario,TIPO_ACTIVIDAD,HOSPITALIZACIÓN,3209
2023,TEA_operacional,principal,TIPO_ACTIVIDAD,HOSPITALIZACIÓN,351
2023,TEA_operacional,principal_y_secundario,TIPO_ACTIVIDAD,HOSPITALIZACIÓN,7
2023,TEA_operacional,solo_secundario,TIPO_ACTIVIDAD,CIRUGÍA MAYOR AMBULATORIA (CMA),630
2023,TEA_operacional,solo_secundario,TIPO_ACTIVIDAD,HOSPITALIZACIÓN,5418
2024,TEA_operacional,principal,TIPO_ACTIVIDAD,HOSPITALIZACIÓN,373
2024,TEA_operacional,principal_y_secundario,TIPO_ACTIVIDAD,HOSPITALIZACIÓN,15
2024,TEA_operacional,solo_secundario,TIPO_ACTIVIDAD,CIRUGÍA MAYOR AMBULATORIA (CMA),1112
2024,TEA_operacional,solo_secundario,TIPO_ACTIVIDAD,HOSPITALIZACIÓN,7216
2019,TEA_operacional,principal,PREVISION,FONASA INSTITUCIONAL - (MAI) A,88
2019,TEA_operacional,principal,PREVISION,FONASA INSTITUCIONAL - (MAI) B,75
2019,TEA_operacional,principal,PREVISION,FONASA INSTITUCIONAL - (MAI) C,23
2019,TEA_operacional,principal,PREVISION,FONASA INSTITUCIONAL - (MAI) D,27
2019,TEA_operacional,principal,PREVISION,ISAPRE,8
2019,TEA_operacional,principal_y_secundario,PREVISION,FONASA INSTITUCIONAL - (MAI) A,3
2019,TEA_operacional,principal_y_secundario,PREVISION,FONASA INSTITUCIONAL - (MAI) B,1
2019,TEA_operacional,principal_y_secundario,PREVISION,FONASA INSTITUCIONAL - (MAI) C,1
2019,TEA_operacional,principal_y_secundario,PREVISION,ISAPRE,1
2019,TEA_operacional,solo_secundario,PREVISION,CAJA DE PREVISIÓN FFAA (SISA),4
2019,TEA_operacional,solo_secundario,PREVISION,CAPREDENA,1
2019,TEA_operacional,solo_secundario,PREVISION,DIPRECA,8
2019,TEA_operacional,solo_secundario,PREVISION,FONASA INSTITUCIONAL - (MAI) A,722
2019,TEA_operacional,solo_secundario,PREVISION,FONASA INSTITUCIONAL - (MAI) B,736
2019,TEA_operacional,solo_secundario,PREVISION,FONASA INSTITUCIONAL - (MAI) C,237
2019,TEA_operacional,solo_secundario,PREVISION,FONASA INSTITUCIONAL - (MAI) D,309
2019,TEA_operacional,solo_secundario,PREVISION,FONASA LIBRE ELECCIÓN (FMLE_B),12
2019,TEA_operacional,solo_secundario,PREVISION,FONASA LIBRE ELECCIÓN (FMLE_C),3
2019,TEA_operacional,solo_secundario,PREVISION,FONASA LIBRE ELECCIÓN (FMLE_D),5
2019,TEA_operacional,solo_secundario,PREVISION,ISAPRE,42
2019,TEA_operacional,solo_secundario,PREVISION,NO IDENTIFICADA,8
2019,TEA_operacional,solo_secundario,PREVISION,PARTICULAR,10
2020,TEA_operacional,principal,PREVISION,CAPREDENA,1
2020,TEA_operacional,principal,PREVISION,FONASA INSTITUCIONAL - (MAI) A,57
2020,TEA_operacional,principal,PREVISION,FONASA INSTITUCIONAL - (MAI) B,57
2020,TEA_operacional,principal,PREVISION,FONASA INSTITUCIONAL - (MAI) C,16
2020,TEA_operacional,principal,PREVISION,FONASA INSTITUCIONAL - (MAI) D,18
2020,TEA_operacional,principal,PREVISION,ISAPRE,3
2020,TEA_operacional,principal_y_secundario,PREVISION,FONASA INSTITUCIONAL - (MAI) A,2
2020,TEA_operacional,principal_y_secundario,PREVISION,FONASA INSTITUCIONAL - (MAI) C,2
2020,TEA_operacional,principal_y_secundario,PREVISION,FONASA INSTITUCIONAL - (MAI) D,1
2020,TEA_operacional,solo_secundario,PREVISION,CAJA DE PREVISIÓN FFAA (SISA),1
2020,TEA_operacional,solo_secundario,PREVISION,CAPREDENA,1
2020,TEA_operacional,solo_secundario,PREVISION,DIPRECA,3
2020,TEA_operacional,solo_secundario,PREVISION,FONASA INSTITUCIONAL - (MAI) A,558
2020,TEA_operacional,solo_secundario,PREVISION,FONASA INSTITUCIONAL - (MAI) B,465
2020,TEA_operacional,solo_secundario,PREVISION,FONASA INSTITUCIONAL - (MAI) C,164
2020,TEA_operacional,solo_secundario,PREVISION,FONASA INSTITUCIONAL - (MAI) D,211
2020,TEA_operacional,solo_secundario,PREVISION,FONASA LIBRE ELECCIÓN (FMLE_D),2
2020,TEA_operacional,solo_secundario,PREVISION,ISAPRE,24
2020,TEA_operacional,solo_secundario,PREVISION,NO IDENTIFICADA,3
2020,TEA_operacional,solo_secundario,PREVISION,PARTICULAR,9
2021,TEA_operacional,principal,PREVISION,FONASA INSTITUCIONAL - (MAI) A,55
2021,TEA_operacional,principal,PREVISION,FONASA INSTITUCIONAL - (MAI) B,79
2021,TEA_operacional,principal,PREVISION,FONASA INSTITUCIONAL - (MAI) C,14
2021,TEA_operacional,principal,PREVISION,FONASA INSTITUCIONAL - (MAI) D,26
2021,TEA_operacional,principal,PREVISION,ISAPRE,7
2021,TEA_operacional,principal,PREVISION,PARTICULAR,2
2021,TEA_operacional,principal_y_secundario,PREVISION,FONASA INSTITUCIONAL - (MAI) A,1
2021,TEA_operacional,principal_y_secundario,PREVISION,FONASA INSTITUCIONAL - (MAI) B,1
2021,TEA_operacional,principal_y_secundario,PREVISION,FONASA INSTITUCIONAL - (MAI) D,1
2021,TEA_operacional,solo_secundario,PREVISION,CAJA DE PREVISIÓN FFAA (SISA),4
2021,TEA_operacional,solo_secundario,PREVISION,CAPREDENA,4
2021,TEA_operacional,solo_secundario,PREVISION,DIPRECA,11
2021,TEA_operacional,solo_secundario,PREVISION,FONASA INSTITUCIONAL - (MAI) A,768
2021,TEA_operacional,solo_secundario,PREVISION,FONASA INSTITUCIONAL - (MAI) B,725
2021,TEA_operacional,solo_secundario,PREVISION,FONASA INSTITUCIONAL - (MAI) C,254
2021,TEA_operacional,solo_secundario,PREVISION,FONASA INSTITUCIONAL - (MAI) D,344
2021,TEA_operacional,solo_secundario,PREVISION,FONASA LIBRE ELECCIÓN (FMLE_B),3
2021,TEA_operacional,solo_secundario,PREVISION,FONASA LIBRE ELECCIÓN (FMLE_C),2
2021,TEA_operacional,solo_secundario,PREVISION,FONASA LIBRE ELECCIÓN (FMLE_D),3
2021,TEA_operacional,solo_secundario,PREVISION,ISAPRE,41
2021,TEA_operacional,solo_secundario,PREVISION,PARTICULAR,10
2022,TEA_operacional,principal,PREVISION,CAJA DE PREVISIÓN FFAA (SISA),1
2022,TEA_operacional,principal,PREVISION,FONASA INSTITUCIONAL - (MAI) A,79
2022,TEA_operacional,principal,PREVISION,FONASA INSTITUCIONAL - (MAI) B,115
2022,TEA_operacional,principal,PREVISION,FONASA INSTITUCIONAL - (MAI) C,35
2022,TEA_operacional,principal,PREVISION,FONASA INSTITUCIONAL - (MAI) D,48
2022,TEA_operacional,principal,PREVISION,FONASA LIBRE ELECCIÓN (FMLE_D),1
2022,TEA_operacional,principal,PREVISION,ISAPRE,6
2022,TEA_operacional,principal,PREVISION,PARTICULAR,1
2022,TEA_operacional,principal_y_secundario,PREVISION,DIPRECA,1
2022,TEA_operacional,principal_y_secundario,PREVISION,FONASA INSTITUCIONAL - (MAI) A,1
2022,TEA_operacional,principal_y_secundario,PREVISION,FONASA INSTITUCIONAL - (MAI) B,5
2022,TEA_operacional,principal_y_secundario,PREVISION,FONASA INSTITUCIONAL - (MAI) C,1
2022,TEA_operacional,solo_secundario,PREVISION,CAJA DE PREVISIÓN FFAA (SISA),8
2022,TEA_operacional,solo_secundario,PREVISION,CAPREDENA,5
2022,TEA_operacional,solo_secundario,PREVISION,DIPRECA,21
2022,TEA_operacional,solo_secundario,PREVISION,FONASA INSTITUCIONAL - (MAI) A,1227
2022,TEA_operacional,solo_secundario,PREVISION,FONASA INSTITUCIONAL - (MAI) B,1243
2022,TEA_operacional,solo_secundario,PREVISION,FONASA INSTITUCIONAL - (MAI) C,405
2022,TEA_operacional,solo_secundario,PREVISION,FONASA INSTITUCIONAL - (MAI) D,540
2022,TEA_operacional,solo_secundario,PREVISION,FONASA LIBRE ELECCIÓN (FMLE_B),6
2022,TEA_operacional,solo_secundario,PREVISION,FONASA LIBRE ELECCIÓN (FMLE_C),2
2022,TEA_operacional,solo_secundario,PREVISION,FONASA LIBRE ELECCIÓN (FMLE_D),11
2022,TEA_operacional,solo_secundario,PREVISION,ISAPRE,69
2022,TEA_operacional,solo_secundario,PREVISION,PARTICULAR,20
2023,TEA_operacional,principal,PREVISION,CAJA DE PREVISIÓN FFAA (SISA),1
2023,TEA_operacional,principal,PREVISION,FONASA INSTITUCIONAL - (MAI) A,116
2023,TEA_operacional,principal,PREVISION,FONASA INSTITUCIONAL - (MAI) B,156
2023,TEA_operacional,principal,PREVISION,FONASA INSTITUCIONAL - (MAI) C,31
2023,TEA_operacional,principal,PREVISION,FONASA INSTITUCIONAL - (MAI) D,43
2023,TEA_operacional,principal,PREVISION,ISAPRE,3
2023,TEA_operacional,principal,PREVISION,PARTICULAR,1
2023,TEA_operacional,principal_y_secundario,PREVISION,FONASA INSTITUCIONAL - (MAI) A,4
2023,TEA_operacional,principal_y_secundario,PREVISION,FONASA INSTITUCIONAL - (MAI) B,2
2023,TEA_operacional,principal_y_secundario,PREVISION,FONASA INSTITUCIONAL - (MAI) D,1
2023,TEA_operacional,solo_secundario,PREVISION,CAJA DE PREVISIÓN FFAA (SISA),7
2023,TEA_operacional,solo_secundario,PREVISION,CAPREDENA,11
2023,TEA_operacional,solo_secundario,PREVISION,DIPRECA,20
2023,TEA_operacional,solo_secundario,PREVISION,FONASA INSTITUCIONAL - (MAI) A,2114
2023,TEA_operacional,solo_secundario,PREVISION,FONASA INSTITUCIONAL - (MAI) B,2025
2023,TEA_operacional,solo_secundario,PREVISION,FONASA INSTITUCIONAL - (MAI) C,803
2023,TEA_operacional,solo_secundario,PREVISION,FONASA INSTITUCIONAL - (MAI) D,946
2023,TEA_operacional,solo_secundario,PREVISION,FONASA LIBRE ELECCIÓN (FMLE_B),14
2023,TEA_operacional,solo_secundario,PREVISION,FONASA LIBRE ELECCIÓN (FMLE_C),4
2023,TEA_operacional,solo_secundario,PREVISION,FONASA LIBRE ELECCIÓN (FMLE_D),15
2023,TEA_operacional,solo_secundario,PREVISION,ISAPRE,72
2023,TEA_operacional,solo_secundario,PREVISION,PARTICULAR,17
2024,TEA_operacional,principal,PREVISION,CAJA DE PREVISIÓN FFAA (SISA),1
2024,TEA_operacional,principal,PREVISION,CAPREDENA,1
2024,TEA_operacional,principal,PREVISION,FONASA INSTITUCIONAL - (MAI) A,143
2024,TEA_operacional,principal,PREVISION,FONASA INSTITUCIONAL - (MAI) B,136
2024,TEA_operacional,principal,PREVISION,FONASA INSTITUCIONAL - (MAI) C,35
2024,TEA_operacional,principal,PREVISION,FONASA INSTITUCIONAL - (MAI) D,53
2024,TEA_operacional,principal,PREVISION,ISAPRE,3
2024,TEA_operacional,principal,PREVISION,PARTICULAR,1
2024,TEA_operacional,principal_y_secundario,PREVISION,FONASA INSTITUCIONAL - (MAI) A,3
2024,TEA_operacional,principal_y_secundario,PREVISION,FONASA INSTITUCIONAL - (MAI) B,5
2024,TEA_operacional,principal_y_secundario,PREVISION,FONASA INSTITUCIONAL - (MAI) C,6
2024,TEA_operacional,principal_y_secundario,PREVISION,FONASA INSTITUCIONAL - (MAI) D,1
2024,TEA_operacional,solo_secundario,PREVISION,CAJA DE PREVISIÓN FFAA (SISA),9
2024,TEA_operacional,solo_secundario,PREVISION,CAPREDENA,10
2024,TEA_operacional,solo_secundario,PREVISION,DIPRECA,32
2024,TEA_operacional,solo_secundario,PREVISION,FONASA INSTITUCIONAL - (MAI) A,2764
2024,TEA_operacional,solo_secundario,PREVISION,FONASA INSTITUCIONAL - (MAI) B,2950
2024,TEA_operacional,solo_secundario,PREVISION,FONASA INSTITUCIONAL - (MAI) C,1049
2024,TEA_operacional,solo_secundario,PREVISION,FONASA INSTITUCIONAL - (MAI) D,1349
2024,TEA_operacional,solo_secundario,PREVISION,FONASA LIBRE ELECCIÓN (FMLE_B),31
2024,TEA_operacional,solo_secundario,PREVISION,FONASA LIBRE ELECCIÓN (FMLE_C),8
2024,TEA_operacional,solo_secundario,PREVISION,FONASA LIBRE ELECCIÓN (FMLE_D),16
2024,TEA_operacional,solo_secundario,PREVISION,ISAPRE,91
2024,TEA_operacional,solo_secundario,PREVISION,PARTICULAR,19
2019,TEA_operacional,principal,TIPOALTA,ALTA VOLUNTARIA,3
2019,TEA_operacional,principal,TIPOALTA,DERIVACIÓN INST. PRIVADA (VOLUNTARIO),2
2019,TEA_operacional,principal,TIPOALTA,DERIVACIÓN OTRO HOSPITAL DE LA RED NACIONAL,2
2019,TEA_operacional,principal,TIPOALTA,DERIVACIÓN OTRO HOSPITAL DEL SERVICIO,7
2019,TEA_operacional,principal,TIPOALTA,DOMICILIO,205
2019,TEA_operacional,principal,TIPOALTA,FUGA DEL PACIENTE,1
2019,TEA_operacional,principal,TIPOALTA,HOSPITALIZACIÓN DOMICILIARIA,1
2019,TEA_operacional,principal_y_secundario,TIPOALTA,DOMICILIO,6
2019,TEA_operacional,solo_secundario,TIPOALTA,ALTA VOLUNTARIA,20
2019,TEA_operacional,solo_secundario,TIPOALTA,"DERIVACIÓN A OTROS CENTROS (CÁRCEL, HOGAR DE",13
2019,TEA_operacional,solo_secundario,TIPOALTA,DERIVACIÓN INST. PRIVADA (COMPRA DE SERVICIOS,1
2019,TEA_operacional,solo_secundario,TIPOALTA,DERIVACIÓN INST. PRIVADA (VOLUNTARIO),3
2019,TEA_operacional,solo_secundario,TIPOALTA,DERIVACIÓN OTRO HOSPITAL DE LA RED NACIONAL,21
2019,TEA_operacional,solo_secundario,TIPOALTA,DERIVACIÓN OTRO HOSPITAL DEL SERVICIO,24
2019,TEA_operacional,solo_secundario,TIPOALTA,DOMICILIO,1984
2019,TEA_operacional,solo_secundario,TIPOALTA,FALLECIDO,16
2019,TEA_operacional,solo_secundario,TIPOALTA,FUGA DEL PACIENTE,4
2019,TEA_operacional,solo_secundario,TIPOALTA,HOSPITALIZACIÓN DOMICILIARIA,11
2020,TEA_operacional,principal,TIPOALTA,ALTA VOLUNTARIA,3
2020,TEA_operacional,principal,TIPOALTA,"DERIVACIÓN A OTROS CENTROS (CÁRCEL, HOGAR DE",5
2020,TEA_operacional,principal,TIPOALTA,DERIVACIÓN OTRO HOSPITAL DEL SERVICIO,4
2020,TEA_operacional,principal,TIPOALTA,DOMICILIO,140
2020,TEA_operacional,principal_y_secundario,TIPOALTA,DOMICILIO,5
2020,TEA_operacional,solo_secundario,TIPOALTA,ALTA VOLUNTARIA,7
2020,TEA_operacional,solo_secundario,TIPOALTA,"DERIVACIÓN A OTROS CENTROS (CÁRCEL, HOGAR DE",10
2020,TEA_operacional,solo_secundario,TIPOALTA,DERIVACIÓN INST. PRIVADA (COMPRA DE SERVICIOS,6
2020,TEA_operacional,solo_secundario,TIPOALTA,DERIVACIÓN INST. PRIVADA (VOLUNTARIO),1
2020,TEA_operacional,solo_secundario,TIPOALTA,DERIVACIÓN OTRO HOSPITAL DE LA RED NACIONAL,30
2020,TEA_operacional,solo_secundario,TIPOALTA,DERIVACIÓN OTRO HOSPITAL DEL SERVICIO,20
2020,TEA_operacional,solo_secundario,TIPOALTA,DOMICILIO,1342
2020,TEA_operacional,solo_secundario,TIPOALTA,FALLECIDO,16
2020,TEA_operacional,solo_secundario,TIPOALTA,FUGA DEL PACIENTE,4
2020,TEA_operacional,solo_secundario,TIPOALTA,HOSPITALIZACIÓN DOMICILIARIA,5
2021,TEA_operacional,principal,TIPOALTA,ALTA VOLUNTARIA,1
2021,TEA_operacional,principal,TIPOALTA,"DERIVACIÓN A OTROS CENTROS (CÁRCEL, HOGAR DE",8
2021,TEA_operacional,principal,TIPOALTA,DERIVACIÓN OTRO HOSPITAL DE LA RED NACIONAL,4
2021,TEA_operacional,principal,TIPOALTA,DERIVACIÓN OTRO HOSPITAL DEL SERVICIO,1
2021,TEA_operacional,principal,TIPOALTA,DOMICILIO,166
2021,TEA_operacional,principal,TIPOALTA,FUGA DEL PACIENTE,3
2021,TEA_operacional,principal_y_secundario,TIPOALTA,DOMICILIO,3
2021,TEA_operacional,solo_secundario,TIPOALTA,ALTA VOLUNTARIA,19
2021,TEA_operacional,solo_secundario,TIPOALTA,"DERIVACIÓN A OTROS CENTROS (CÁRCEL, HOGAR DE",21
2021,TEA_operacional,solo_secundario,TIPOALTA,DERIVACIÓN INST. PRIVADA (COMPRA DE SERVICIOS,7
2021,TEA_operacional,solo_secundario,TIPOALTA,DERIVACIÓN INST. PRIVADA (VOLUNTARIO),5
2021,TEA_operacional,solo_secundario,TIPOALTA,DERIVACIÓN OTRO HOSPITAL DE LA RED NACIONAL,27
2021,TEA_operacional,solo_secundario,TIPOALTA,DERIVACIÓN OTRO HOSPITAL DEL SERVICIO,28
2021,TEA_operacional,solo_secundario,TIPOALTA,DOMICILIO,2031
2021,TEA_operacional,solo_secundario,TIPOALTA,FALLECIDO,6
2021,TEA_operacional,solo_secundario,TIPOALTA,FUGA DEL PACIENTE,3
2021,TEA_operacional,solo_secundario,TIPOALTA,HOSPITALIZACIÓN DOMICILIARIA,22
2022,TEA_operacional,principal,TIPOALTA,ALTA VOLUNTARIA,4
2022,TEA_operacional,principal,TIPOALTA,"DERIVACIÓN A OTROS CENTROS (CÁRCEL, HOGAR DE",7
2022,TEA_operacional,principal,TIPOALTA,DERIVACIÓN OTRO HOSPITAL DEL SERVICIO,6
2022,TEA_operacional,principal,TIPOALTA,DOMICILIO,267
2022,TEA_operacional,principal,TIPOALTA,FUGA DEL PACIENTE,1
2022,TEA_operacional,principal,TIPOALTA,HOSPITALIZACIÓN DOMICILIARIA,1
2022,TEA_operacional,principal_y_secundario,TIPOALTA,DOMICILIO,8
2022,TEA_operacional,solo_secundario,TIPOALTA,ALTA VOLUNTARIA,40
2022,TEA_operacional,solo_secundario,TIPOALTA,"DERIVACIÓN A OTROS CENTROS (CÁRCEL, HOGAR DE",16
2022,TEA_operacional,solo_secundario,TIPOALTA,DERIVACIÓN INST. PRIVADA (COMPRA DE SERVICIOS,3
2022,TEA_operacional,solo_secundario,TIPOALTA,DERIVACIÓN INST. PRIVADA (VOLUNTARIO),5
2022,TEA_operacional,solo_secundario,TIPOALTA,DERIVACIÓN OTRO HOSPITAL DE LA RED NACIONAL,35
2022,TEA_operacional,solo_secundario,TIPOALTA,DERIVACIÓN OTRO HOSPITAL DEL SERVICIO,43
2022,TEA_operacional,solo_secundario,TIPOALTA,DOMICILIO,3344
2022,TEA_operacional,solo_secundario,TIPOALTA,FALLECIDO,16
2022,TEA_operacional,solo_secundario,TIPOALTA,FUGA DEL PACIENTE,9
2022,TEA_operacional,solo_secundario,TIPOALTA,HOSPITALIZACIÓN DOMICILIARIA,46
2023,TEA_operacional,principal,TIPOALTA,ALTA VOLUNTARIA,4
2023,TEA_operacional,principal,TIPOALTA,"DERIVACIÓN A OTROS CENTROS (CÁRCEL, HOGAR DE",4
2023,TEA_operacional,principal,TIPOALTA,DERIVACIÓN OTRO HOSPITAL DEL SERVICIO,5
2023,TEA_operacional,principal,TIPOALTA,DOMICILIO,338
2023,TEA_operacional,principal_y_secundario,TIPOALTA,DERIVACIÓN INST. PRIVADA (VOLUNTARIO),1
2023,TEA_operacional,principal_y_secundario,TIPOALTA,DOMICILIO,6
2023,TEA_operacional,solo_secundario,TIPOALTA,ALTA VOLUNTARIA,64
2023,TEA_operacional,solo_secundario,TIPOALTA,"DERIVACIÓN A OTROS CENTROS (CÁRCEL, HOGAR DE",39
2023,TEA_operacional,solo_secundario,TIPOALTA,DERIVACIÓN INST. PRIVADA (COMPRA DE SERVICIOS,12
2023,TEA_operacional,solo_secundario,TIPOALTA,DERIVACIÓN INST. PRIVADA (VOLUNTARIO),6
2023,TEA_operacional,solo_secundario,TIPOALTA,DERIVACIÓN OTRO HOSPITAL DE LA RED NACIONAL,47
2023,TEA_operacional,solo_secundario,TIPOALTA,DERIVACIÓN OTRO HOSPITAL DEL SERVICIO,75
2023,TEA_operacional,solo_secundario,TIPOALTA,DOMICILIO,5672
2023,TEA_operacional,solo_secundario,TIPOALTA,FALLECIDO,19
2023,TEA_operacional,solo_secundario,TIPOALTA,FUGA DEL PACIENTE,8
2023,TEA_operacional,solo_secundario,TIPOALTA,HOSPITALIZACIÓN DOMICILIARIA,106
2024,TEA_operacional,principal,TIPOALTA,ALTA VOLUNTARIA,5
2024,TEA_operacional,principal,TIPOALTA,"DERIVACIÓN A OTROS CENTROS (CÁRCEL, HOGAR DE",7
2024,TEA_operacional,principal,TIPOALTA,DERIVACIÓN INST. PRIVADA (VOLUNTARIO),1
2024,TEA_operacional,principal,TIPOALTA,DERIVACIÓN OTRO HOSPITAL DEL SERVICIO,2
2024,TEA_operacional,principal,TIPOALTA,DOMICILIO,357
2024,TEA_operacional,principal,TIPOALTA,HOSPITALIZACIÓN DOMICILIARIA,1
2024,TEA_operacional,principal_y_secundario,TIPOALTA,ALTA VOLUNTARIA,1
2024,TEA_operacional,principal_y_secundario,TIPOALTA,"DERIVACIÓN A OTROS CENTROS (CÁRCEL, HOGAR DE",1
2024,TEA_operacional,principal_y_secundario,TIPOALTA,DOMICILIO,13
2024,TEA_operacional,solo_secundario,TIPOALTA,ALTA VOLUNTARIA,98
2024,TEA_operacional,solo_secundario,TIPOALTA,"DERIVACIÓN A OTROS CENTROS (CÁRCEL, HOGAR DE",26
2024,TEA_operacional,solo_secundario,TIPOALTA,DERIVACIÓN INST. PRIVADA (COMPRA DE SERVICIOS,16
2024,TEA_operacional,solo_secundario,TIPOALTA,DERIVACIÓN INST. PRIVADA (VOLUNTARIO),10
2024,TEA_operacional,solo_secundario,TIPOALTA,DERIVACIÓN OTRO HOSPITAL DE LA RED NACIONAL,67
2024,TEA_operacional,solo_secundario,TIPOALTA,DERIVACIÓN OTRO HOSPITAL DEL SERVICIO,141
2024,TEA_operacional,solo_secundario,TIPOALTA,DOMICILIO,7810
2024,TEA_operacional,solo_secundario,TIPOALTA,FALLECIDO,30
2024,TEA_operacional,solo_secundario,TIPOALTA,FUGA DEL PACIENTE,21
2024,TEA_operacional,solo_secundario,TIPOALTA,HOSPITALIZACIÓN DOMICILIARIA,109
2019,TEA_operacional,principal,ESPECIALIDAD_MEDICA,ANESTESIOLOGÍA,1
2019,TEA_operacional,principal,ESPECIALIDAD_MEDICA,CIRUGÍA PEDIÁTRICA,2
2019,TEA_operacional,principal,ESPECIALIDAD_MEDICA,CIRUGÍA Y TRAUMATOLOGÍA BUCOMAXILOFACIAL,1
2019,TEA_operacional,principal,ESPECIALIDAD_MEDICA,CUIDADOS INTENSIVOS PEDIÁTRICO,1
2019,TEA_operacional,principal,ESPECIALIDAD_MEDICA,HEMATOLOGÍA ONCOLÓGICA PEDIÁTRICA,1
2019,TEA_operacional,principal,ESPECIALIDAD_MEDICA,MEDICINA DE URGENCIA,6
2019,TEA_operacional,principal,ESPECIALIDAD_MEDICA,MEDICINA GENERAL,2
2019,TEA_operacional,principal,ESPECIALIDAD_MEDICA,MEDICINA INTERNA,3
2019,TEA_operacional,principal,ESPECIALIDAD_MEDICA,NEUROLOGÍA PEDIÁTRICA,34
2019,TEA_operacional,principal,ESPECIALIDAD_MEDICA,OTORRINOLARINGOLOGÍA,4
2019,TEA_operacional,principal,ESPECIALIDAD_MEDICA,PEDIATRÍA,61
2019,TEA_operacional,principal,ESPECIALIDAD_MEDICA,PSIQUIATRÍA ADULTO,51
2019,TEA_operacional,principal,ESPECIALIDAD_MEDICA,PSIQUIATRÍA PEDIÁTRICA Y DE LA ADOLESCENCIA,54
2019,TEA_operacional,principal_y_secundario,ESPECIALIDAD_MEDICA,NEUROLOGÍA PEDIÁTRICA,3
2019,TEA_operacional,principal_y_secundario,ESPECIALIDAD_MEDICA,PSIQUIATRÍA ADULTO,3
2019,TEA_operacional,solo_secundario,ESPECIALIDAD_MEDICA,CARDIOLOGÍA,3
2019,TEA_operacional,solo_secundario,ESPECIALIDAD_MEDICA,CARDIOLOGÍA PEDIÁTRICA,5
2019,TEA_operacional,solo_secundario,ESPECIALIDAD_MEDICA,CIRUGÍA CABEZA CUELLO Y PLÁSTICA MAXILO FACIAL,22
2019,TEA_operacional,solo_secundario,ESPECIALIDAD_MEDICA,CIRUGÍA CARDIOVASCULAR,1
2019,TEA_operacional,solo_secundario,ESPECIALIDAD_MEDICA,CIRUGÍA GENERAL,73
2019,TEA_operacional,solo_secundario,ESPECIALIDAD_MEDICA,CIRUGÍA PEDIÁTRICA,303
2019,TEA_operacional,solo_secundario,ESPECIALIDAD_MEDICA,CIRUGÍA PLÁSTICA Y REPARADORA,9
2019,TEA_operacional,solo_secundario,ESPECIALIDAD_MEDICA,CIRUGÍA TÓRAX,2
2019,TEA_operacional,solo_secundario,ESPECIALIDAD_MEDICA,CIRUGÍA VASCULAR PERIFÉRICA,2
2019,TEA_operacional,solo_secundario,ESPECIALIDAD_MEDICA,CIRUGÍA Y TRAUMATOLOGÍA BUCOMAXILOFACIAL,69
2019,TEA_operacional,solo_secundario,ESPECIALIDAD_MEDICA,CUIDADOS INTENSIVOS PEDIÁTRICO,9
2019,TEA_operacional,solo_secundario,ESPECIALIDAD_MEDICA,DERMATOLOGÍA,2
2019,TEA_operacional,solo_secundario,ESPECIALIDAD_MEDICA,ENDOCRINOLOGÍA PEDIÁTRICA,1
2019,TEA_operacional,solo_secundario,ESPECIALIDAD_MEDICA,ENFERMEDADES RESPIRATORIAS,4
2019,TEA_operacional,solo_secundario,ESPECIALIDAD_MEDICA,ENFERNEDADES RESPIRATORIAS PEDIÁTRICA,12
2019,TEA_operacional,solo_secundario,ESPECIALIDAD_MEDICA,GASTROENTEROLOGÍA PEDIÁTRICA,7
2019,TEA_operacional,solo_secundario,ESPECIALIDAD_MEDICA,HEMATOLOGÍA,4
2019,TEA_operacional,solo_secundario,ESPECIALIDAD_MEDICA,HEMATOLOGÍA ONCOLÓGICA PEDIÁTRICA,59
2019,TEA_operacional,solo_secundario,ESPECIALIDAD_MEDICA,MEDICINA DE URGENCIA,7
2019,TEA_operacional,solo_secundario,ESPECIALIDAD_MEDICA,MEDICINA GENERAL,11
2019,TEA_operacional,solo_secundario,ESPECIALIDAD_MEDICA,MEDICINA INTENSIVA,6
2019,TEA_operacional,solo_secundario,ESPECIALIDAD_MEDICA,MEDICINA INTERNA,56
2019,TEA_operacional,solo_secundario,ESPECIALIDAD_MEDICA,NEFROLOGÍA PEDIÁTRICA,1
2019,TEA_operacional,solo_secundario,ESPECIALIDAD_MEDICA,NEUROCIRUGÍA,4
2019,TEA_operacional,solo_secundario,ESPECIALIDAD_MEDICA,NEUROCIRUGÍA PEDIÁTRICA,7
2019,TEA_operacional,solo_secundario,ESPECIALIDAD_MEDICA,NEUROLOGÍA ADULTO,10
2019,TEA_operacional,solo_secundario,ESPECIALIDAD_MEDICA,NEUROLOGÍA PEDIÁTRICA,150
2019,TEA_operacional,solo_secundario,ESPECIALIDAD_MEDICA,OBSTETRICIA Y GINECOLOGÍA,7
2019,TEA_operacional,solo_secundario,ESPECIALIDAD_MEDICA,ODONTOLOGÍA,42
2019,TEA_operacional,solo_secundario,ESPECIALIDAD_MEDICA,ODONTOPEDIATRÍA,59
2019,TEA_operacional,solo_secundario,ESPECIALIDAD_MEDICA,OFTALMOLOGÍA,27
2019,TEA_operacional,solo_secundario,ESPECIALIDAD_MEDICA,ONCOLOGÍA MÉDICA,10
2019,TEA_operacional,solo_secundario,ESPECIALIDAD_MEDICA,OTORRINOLARINGOLOGÍA,69
2019,TEA_operacional,solo_secundario,ESPECIALIDAD_MEDICA,PEDIATRÍA,774
2019,TEA_operacional,solo_secundario,ESPECIALIDAD_MEDICA,PSIQUIATRÍA ADULTO,81
2019,TEA_operacional,solo_secundario,ESPECIALIDAD_MEDICA,PSIQUIATRÍA PEDIÁTRICA Y DE LA ADOLESCENCIA,63
2019,TEA_operacional,solo_secundario,ESPECIALIDAD_MEDICA,RADIOLOGÍA INTERVENCIONAL,1
2019,TEA_operacional,solo_secundario,ESPECIALIDAD_MEDICA,TRAUMATOLOGÍA Y ORTOPEDIA,108
2019,TEA_operacional,solo_secundario,ESPECIALIDAD_MEDICA,UROLOGÍA,17
2020,TEA_operacional,principal,ESPECIALIDAD_MEDICA,CIRUGÍA PEDIÁTRICA,2
2020,TEA_operacional,principal,ESPECIALIDAD_MEDICA,MEDICINA INTERNA,2
2020,TEA_operacional,principal,ESPECIALIDAD_MEDICA,NEUROLOGÍA PEDIÁTRICA,16
2020,TEA_operacional,principal,ESPECIALIDAD_MEDICA,PEDIATRÍA,45
2020,TEA_operacional,principal,ESPECIALIDAD_MEDICA,PSIQUIATRÍA ADULTO,44
2020,TEA_operacional,principal,ESPECIALIDAD_MEDICA,PSIQUIATRÍA PEDIÁTRICA Y DE LA ADOLESCENCIA,43
2020,TEA_operacional,principal_y_secundario,ESPECIALIDAD_MEDICA,PEDIATRÍA,1
2020,TEA_operacional,principal_y_secundario,ESPECIALIDAD_MEDICA,PSIQUIATRÍA ADULTO,1
2020,TEA_operacional,principal_y_secundario,ESPECIALIDAD_MEDICA,PSIQUIATRÍA PEDIÁTRICA Y DE LA ADOLESCENCIA,3
2020,TEA_operacional,solo_secundario,ESPECIALIDAD_MEDICA,CARDIOLOGÍA,1
2020,TEA_operacional,solo_secundario,ESPECIALIDAD_MEDICA,CARDIOLOGÍA PEDIÁTRICA,5
2020,TEA_operacional,solo_secundario,ESPECIALIDAD_MEDICA,CIRUGÍA CARDIOVASCULAR,1
2020,TEA_operacional,solo_secundario,ESPECIALIDAD_MEDICA,"CIRUGÍA DE CABEZA, CUELLO Y MAXILOFACIAL",11
2020,TEA_operacional,solo_secundario,ESPECIALIDAD_MEDICA,CIRUGÍA DE TÓRAX,2
2020,TEA_operacional,solo_secundario,ESPECIALIDAD_MEDICA,CIRUGÍA GENERAL,49
2020,TEA_operacional,solo_secundario,ESPECIALIDAD_MEDICA,CIRUGÍA PEDIÁTRICA,233
2020,TEA_operacional,solo_secundario,ESPECIALIDAD_MEDICA,CIRUGÍA PLÁSTICA Y REPARADORA,4
2020,TEA_operacional,solo_secundario,ESPECIALIDAD_MEDICA,CIRUGÍA Y TRAUMATOLOGÍA BUCO MAXILOFACIAL,8
2020,TEA_operacional,solo_secundario,ESPECIALIDAD_MEDICA,CIRUJANO DENTISTA,5
2020,TEA_operacional,solo_secundario,ESPECIALIDAD_MEDICA,ENDOCRINOLOGÍA PEDIÁTRICA,3
2020,TEA_operacional,solo_secundario,ESPECIALIDAD_MEDICA,ENFERMEDADES RESPIRATORIAS DEL ADULTO (BRONCOPULMONAR),3
2020,TEA_operacional,solo_secundario,ESPECIALIDAD_MEDICA,ENFERMEDADES RESPIRATORIAS PEDIÁTRICAS (BRONCOPULMONAR PEDIATRICO),3
2020,TEA_operacional,solo_secundario,ESPECIALIDAD_MEDICA,GASTROENTEROLOGÍA PEDIÁTRICA,7
2020,TEA_operacional,solo_secundario,ESPECIALIDAD_MEDICA,HEMATO-ONCOLOGÍA PEDIÁTRICA,62
2020,TEA_operacional,solo_secundario,ESPECIALIDAD_MEDICA,HEMATOLOGÍA,5
2020,TEA_operacional,solo_secundario,ESPECIALIDAD_MEDICA,MEDICINA DE URGENCIA,2
2020,TEA_operacional,solo_secundario,ESPECIALIDAD_MEDICA,MEDICINA INTENSIVA ADULTO,3
2020,TEA_operacional,solo_secundario,ESPECIALIDAD_MEDICA,MEDICINA INTENSIVA PEDIÁTRICA,16
2020,TEA_operacional,solo_secundario,ESPECIALIDAD_MEDICA,MEDICINA INTERNA,59
2020,TEA_operacional,solo_secundario,ESPECIALIDAD_MEDICA,MÉDICO GENERAL,5
2020,TEA_operacional,solo_secundario,ESPECIALIDAD_MEDICA,NEFROLOGÍA PEDIÁTRICO,4
2020,TEA_operacional,solo_secundario,ESPECIALIDAD_MEDICA,NEONATOLOGÍA,1
2020,TEA_operacional,solo_secundario,ESPECIALIDAD_MEDICA,NEUROCIRUGÍA,29
2020,TEA_operacional,solo_secundario,ESPECIALIDAD_MEDICA,NEUROLOGÍA ADULTO,14
2020,TEA_operacional,solo_secundario,ESPECIALIDAD_MEDICA,NEUROLOGÍA PEDIÁTRICA,63
2020,TEA_operacional,solo_secundario,ESPECIALIDAD_MEDICA,NEURORRADIOLOGIA,1
2020,TEA_operacional,solo_secundario,ESPECIALIDAD_MEDICA,OBSTETRICIA Y GINECOLOGÍA,15
2020,TEA_operacional,solo_secundario,ESPECIALIDAD_MEDICA,ODONTOPEDIATRÍA,16
2020,TEA_operacional,solo_secundario,ESPECIALIDAD_MEDICA,OFTALMOLOGÍA,5
2020,TEA_operacional,solo_secundario,ESPECIALIDAD_MEDICA,ONCOLOGÍA MÉDICA,2
2020,TEA_operacional,solo_secundario,ESPECIALIDAD_MEDICA,OTORRINOLARINGOLOGÍA,44
2020,TEA_operacional,solo_secundario,ESPECIALIDAD_MEDICA,PEDIATRÍA,542
2020,TEA_operacional,solo_secundario,ESPECIALIDAD_MEDICA,PSIQUIATRÍA ADULTO,68
2020,TEA_operacional,solo_secundario,ESPECIALIDAD_MEDICA,PSIQUIATRÍA PEDIÁTRICA Y DE LA ADOLESCENCIA,57
2020,TEA_operacional,solo_secundario,ESPECIALIDAD_MEDICA,RADIOLOGÍA INTERVENCIONAL,2
2020,TEA_operacional,solo_secundario,ESPECIALIDAD_MEDICA,TRAUMATOLOGÍA Y ORTOPEDIA,80
2020,TEA_operacional,solo_secundario,ESPECIALIDAD_MEDICA,UROLOGÍA,11
2021,TEA_operacional,principal,ESPECIALIDAD_MEDICA,CIRUGÍA PEDIÁTRICA,5
2021,TEA_operacional,principal,ESPECIALIDAD_MEDICA,MEDICINA INTERNA,1
2021,TEA_operacional,principal,ESPECIALIDAD_MEDICA,MÉDICO GENERAL,1
2021,TEA_operacional,principal,ESPECIALIDAD_MEDICA,NEUROLOGÍA PEDIÁTRICA,2
2021,TEA_operacional,principal,ESPECIALIDAD_MEDICA,ODONTOPEDIATRÍA,1
2021,TEA_operacional,principal,ESPECIALIDAD_MEDICA,OTORRINOLARINGOLOGÍA,1
2021,TEA_operacional,principal,ESPECIALIDAD_MEDICA,PEDIATRÍA,58
2021,TEA_operacional,principal,ESPECIALIDAD_MEDICA,PSIQUIATRÍA ADULTO,73
2021,TEA_operacional,principal,ESPECIALIDAD_MEDICA,PSIQUIATRÍA PEDIÁTRICA Y DE LA ADOLESCENCIA,41
2021,TEA_operacional,principal_y_secundario,ESPECIALIDAD_MEDICA,PSIQUIATRÍA ADULTO,1
2021,TEA_operacional,principal_y_secundario,ESPECIALIDAD_MEDICA,PSIQUIATRÍA PEDIÁTRICA Y DE LA ADOLESCENCIA,2
2021,TEA_operacional,solo_secundario,ESPECIALIDAD_MEDICA,CARDIOLOGÍA,5
2021,TEA_operacional,solo_secundario,ESPECIALIDAD_MEDICA,CARDIOLOGÍA PEDIÁTRICA,11
2021,TEA_operacional,solo_secundario,ESPECIALIDAD_MEDICA,CIRUGÍA CARDIOVASCULAR,12
2021,TEA_operacional,solo_secundario,ESPECIALIDAD_MEDICA,"CIRUGÍA DE CABEZA, CUELLO Y MAXILOFACIAL",12
2021,TEA_operacional,solo_secundario,ESPECIALIDAD_MEDICA,CIRUGÍA DE TÓRAX,4
2021,TEA_operacional,solo_secundario,ESPECIALIDAD_MEDICA,CIRUGÍA DIGESTIVA,1
2021,TEA_operacional,solo_secundario,ESPECIALIDAD_MEDICA,CIRUGÍA GENERAL,63
2021,TEA_operacional,solo_secundario,ESPECIALIDAD_MEDICA,CIRUGÍA PEDIÁTRICA,368
2021,TEA_operacional,solo_secundario,ESPECIALIDAD_MEDICA,CIRUGÍA PLÁSTICA Y REPARADORA,8
2021,TEA_operacional,solo_secundario,ESPECIALIDAD_MEDICA,CIRUGÍA VASCULAR PERIFÉRICA,1
2021,TEA_operacional,solo_secundario,ESPECIALIDAD_MEDICA,CIRUGÍA Y TRAUMATOLOGÍA BUCO MAXILOFACIAL,17
2021,TEA_operacional,solo_secundario,ESPECIALIDAD_MEDICA,CIRUJANO DENTISTA,3
2021,TEA_operacional,solo_secundario,ESPECIALIDAD_MEDICA,COLOPROCTOLOGÍA,3
2021,TEA_operacional,solo_secundario,ESPECIALIDAD_MEDICA,ENDOCRINOLOGÍA PEDIÁTRICA,4
2021,TEA_operacional,solo_secundario,ESPECIALIDAD_MEDICA,ENFERMEDADES RESPIRATORIAS DEL ADULTO (BRONCOPULMONAR),5
2021,TEA_operacional,solo_secundario,ESPECIALIDAD_MEDICA,ENFERMEDADES RESPIRATORIAS PEDIÁTRICAS (BRONCOPULMONAR PEDIATRICO),6
2021,TEA_operacional,solo_secundario,ESPECIALIDAD_MEDICA,GASTROENTEROLOGÍA PEDIÁTRICA,3
2021,TEA_operacional,solo_secundario,ESPECIALIDAD_MEDICA,HEMATO-ONCOLOGÍA PEDIÁTRICA,65
2021,TEA_operacional,solo_secundario,ESPECIALIDAD_MEDICA,HEMATOLOGÍA,5
2021,TEA_operacional,solo_secundario,ESPECIALIDAD_MEDICA,MEDICINA DE URGENCIA,3
2021,TEA_operacional,solo_secundario,ESPECIALIDAD_MEDICA,MEDICINA INTENSIVA ADULTO,8
2021,TEA_operacional,solo_secundario,ESPECIALIDAD_MEDICA,MEDICINA INTENSIVA PEDIÁTRICA,15
2021,TEA_operacional,solo_secundario,ESPECIALIDAD_MEDICA,MEDICINA INTERNA,91
2021,TEA_operacional,solo_secundario,ESPECIALIDAD_MEDICA,MÉDICO GENERAL,10
2021,TEA_operacional,solo_secundario,ESPECIALIDAD_MEDICA,NEFROLOGÍA ADULTO,1
2021,TEA_operacional,solo_secundario,ESPECIALIDAD_MEDICA,NEFROLOGÍA PEDIÁTRICO,2
2021,TEA_operacional,solo_secundario,ESPECIALIDAD_MEDICA,NEONATOLOGÍA,3
2021,TEA_operacional,solo_secundario,ESPECIALIDAD_MEDICA,NEUROCIRUGÍA,51
2021,TEA_operacional,solo_secundario,ESPECIALIDAD_MEDICA,NEUROLOGÍA ADULTO,19
2021,TEA_operacional,solo_secundario,ESPECIALIDAD_MEDICA,NEUROLOGÍA PEDIÁTRICA,78
2021,TEA_operacional,solo_secundario,ESPECIALIDAD_MEDICA,NEURORRADIOLOGIA,4
2021,TEA_operacional,solo_secundario,ESPECIALIDAD_MEDICA,OBSTETRICIA Y GINECOLOGÍA,15
2021,TEA_operacional,solo_secundario,ESPECIALIDAD_MEDICA,ODONTOPEDIATRÍA,46
2021,TEA_operacional,solo_secundario,ESPECIALIDAD_MEDICA,OFTALMOLOGÍA,20
2021,TEA_operacional,solo_secundario,ESPECIALIDAD_MEDICA,ONCOLOGÍA MÉDICA,18
2021,TEA_operacional,solo_secundario,ESPECIALIDAD_MEDICA,OTORRINOLARINGOLOGÍA,53
2021,TEA_operacional,solo_secundario,ESPECIALIDAD_MEDICA,PEDIATRÍA,802
2021,TEA_operacional,solo_secundario,ESPECIALIDAD_MEDICA,PSIQUIATRÍA ADULTO,99
2021,TEA_operacional,solo_secundario,ESPECIALIDAD_MEDICA,PSIQUIATRÍA PEDIÁTRICA Y DE LA ADOLESCENCIA,111
2021,TEA_operacional,solo_secundario,ESPECIALIDAD_MEDICA,RADIOTERAPIA ONCOLÓGICA,1
2021,TEA_operacional,solo_secundario,ESPECIALIDAD_MEDICA,TRAUMATOLOGÍA Y ORTOPEDIA,105
2021,TEA_operacional,solo_secundario,ESPECIALIDAD_MEDICA,UROLOGÍA,18
2022,TEA_operacional,principal,ESPECIALIDAD_MEDICA,CARDIOLOGÍA,1
2022,TEA_operacional,principal,ESPECIALIDAD_MEDICA,CIRUGÍA PEDIÁTRICA,1
2022,TEA_operacional,principal,ESPECIALIDAD_MEDICA,MEDICINA DE URGENCIA,1
2022,TEA_operacional,principal,ESPECIALIDAD_MEDICA,MEDICINA INTERNA,6
2022,TEA_operacional,principal,ESPECIALIDAD_MEDICA,MÉDICO GENERAL,1
2022,TEA_operacional,principal,ESPECIALIDAD_MEDICA,NEUROCIRUGÍA,2
2022,TEA_operacional,principal,ESPECIALIDAD_MEDICA,NEUROLOGÍA ADULTO,1
2022,TEA_operacional,principal,ESPECIALIDAD_MEDICA,NEUROLOGÍA PEDIÁTRICA,6
2022,TEA_operacional,principal,ESPECIALIDAD_MEDICA,OBSTETRICIA Y GINECOLOGÍA,1
2022,TEA_operacional,principal,ESPECIALIDAD_MEDICA,PEDIATRÍA,78
2022,TEA_operacional,principal,ESPECIALIDAD_MEDICA,PSIQUIATRÍA ADULTO,71
2022,TEA_operacional,principal,ESPECIALIDAD_MEDICA,PSIQUIATRÍA PEDIÁTRICA Y DE LA ADOLESCENCIA,117
2022,TEA_operacional,principal_y_secundario,ESPECIALIDAD_MEDICA,PEDIATRÍA,3
2022,TEA_operacional,principal_y_secundario,ESPECIALIDAD_MEDICA,PSIQUIATRÍA ADULTO,4
2022,TEA_operacional,principal_y_secundario,ESPECIALIDAD_MEDICA,PSIQUIATRÍA PEDIÁTRICA Y DE LA ADOLESCENCIA,1
2022,TEA_operacional,solo_secundario,ESPECIALIDAD_MEDICA,CARDIOLOGÍA,6
2022,TEA_operacional,solo_secundario,ESPECIALIDAD_MEDICA,CARDIOLOGÍA PEDIÁTRICA,23
2022,TEA_operacional,solo_secundario,ESPECIALIDAD_MEDICA,CIRUGÍA CARDIOVASCULAR,11
2022,TEA_operacional,solo_secundario,ESPECIALIDAD_MEDICA,"CIRUGÍA DE CABEZA, CUELLO Y MAXILOFACIAL",16
2022,TEA_operacional,solo_secundario,ESPECIALIDAD_MEDICA,CIRUGÍA DE TÓRAX,4
2022,TEA_operacional,solo_secundario,ESPECIALIDAD_MEDICA,CIRUGÍA DIGESTIVA,4
2022,TEA_operacional,solo_secundario,ESPECIALIDAD_MEDICA,CIRUGÍA GENERAL,86
2022,TEA_operacional,solo_secundario,ESPECIALIDAD_MEDICA,CIRUGÍA PEDIÁTRICA,614
2022,TEA_operacional,solo_secundario,ESPECIALIDAD_MEDICA,CIRUGÍA PLÁSTICA Y REPARADORA,19
2022,TEA_operacional,solo_secundario,ESPECIALIDAD_MEDICA,CIRUGÍA VASCULAR PERIFÉRICA,3
2022,TEA_operacional,solo_secundario,ESPECIALIDAD_MEDICA,CIRUGÍA Y TRAUMATOLOGÍA BUCO MAXILOFACIAL,28
2022,TEA_operacional,solo_secundario,ESPECIALIDAD_MEDICA,CIRUJANO DENTISTA,12
2022,TEA_operacional,solo_secundario,ESPECIALIDAD_MEDICA,COLOPROCTOLOGÍA,2
2022,TEA_operacional,solo_secundario,ESPECIALIDAD_MEDICA,ENDOCRINOLOGÍA PEDIÁTRICA,3
2022,TEA_operacional,solo_secundario,ESPECIALIDAD_MEDICA,ENFERMEDADES RESPIRATORIAS DEL ADULTO (BRONCOPULMONAR),3
2022,TEA_operacional,solo_secundario,ESPECIALIDAD_MEDICA,ENFERMEDADES RESPIRATORIAS PEDIÁTRICAS (BRONCOPULMONAR PEDIATRICO),34
2022,TEA_operacional,solo_secundario,ESPECIALIDAD_MEDICA,GASTROENTEROLOGÍA ADULTO,2
2022,TEA_operacional,solo_secundario,ESPECIALIDAD_MEDICA,GASTROENTEROLOGÍA PEDIÁTRICA,12
2022,TEA_operacional,solo_secundario,ESPECIALIDAD_MEDICA,HEMATO-ONCOLOGÍA PEDIÁTRICA,84
2022,TEA_operacional,solo_secundario,ESPECIALIDAD_MEDICA,HEMATOLOGÍA,5
2022,TEA_operacional,solo_secundario,ESPECIALIDAD_MEDICA,INMUNOLOGÍA CLÍNICA,1
2022,TEA_operacional,solo_secundario,ESPECIALIDAD_MEDICA,MATRONAS(ES),1
2022,TEA_operacional,solo_secundario,ESPECIALIDAD_MEDICA,MEDICINA DE URGENCIA,6
2022,TEA_operacional,solo_secundario,ESPECIALIDAD_MEDICA,MEDICINA INTENSIVA ADULTO,21
2022,TEA_operacional,solo_secundario,ESPECIALIDAD_MEDICA,MEDICINA INTENSIVA PEDIÁTRICA,44
2022,TEA_operacional,solo_secundario,ESPECIALIDAD_MEDICA,MEDICINA INTERNA,116
2022,TEA_operacional,solo_secundario,ESPECIALIDAD_MEDICA,MÉDICO GENERAL,13
2022,TEA_operacional,solo_secundario,ESPECIALIDAD_MEDICA,NEFROLOGÍA ADULTO,1
2022,TEA_operacional,solo_secundario,ESPECIALIDAD_MEDICA,NEFROLOGÍA PEDIÁTRICO,5
2022,TEA_operacional,solo_secundario,ESPECIALIDAD_MEDICA,NEONATOLOGÍA,1
2022,TEA_operacional,solo_secundario,ESPECIALIDAD_MEDICA,NEUROCIRUGÍA,56
2022,TEA_operacional,solo_secundario,ESPECIALIDAD_MEDICA,NEUROLOGÍA ADULTO,32
2022,TEA_operacional,solo_secundario,ESPECIALIDAD_MEDICA,NEUROLOGÍA PEDIÁTRICA,97
2022,TEA_operacional,solo_secundario,ESPECIALIDAD_MEDICA,NEURORRADIOLOGIA,5
2022,TEA_operacional,solo_secundario,ESPECIALIDAD_MEDICA,OBSTETRICIA Y GINECOLOGÍA,26
2022,TEA_operacional,solo_secundario,ESPECIALIDAD_MEDICA,ODONTOPEDIATRÍA,49
2022,TEA_operacional,solo_secundario,ESPECIALIDAD_MEDICA,OFTALMOLOGÍA,28
2022,TEA_operacional,solo_secundario,ESPECIALIDAD_MEDICA,ONCOLOGÍA MÉDICA,30
2022,TEA_operacional,solo_secundario,ESPECIALIDAD_MEDICA,ORTODONCIA Y ORTOPEDIA DENTO MAXILOFACIAL,2
2022,TEA_operacional,solo_secundario,ESPECIALIDAD_MEDICA,OTORRINOLARINGOLOGÍA,109
2022,TEA_operacional,solo_secundario,ESPECIALIDAD_MEDICA,PEDIATRÍA,1342
2022,TEA_operacional,solo_secundario,ESPECIALIDAD_MEDICA,PERIODONCIA,1
2022,TEA_operacional,solo_secundario,ESPECIALIDAD_MEDICA,PSIQUIATRÍA ADULTO,146
2022,TEA_operacional,solo_secundario,ESPECIALIDAD_MEDICA,PSIQUIATRÍA PEDIÁTRICA Y DE LA ADOLESCENCIA,247
2022,TEA_operacional,solo_secundario,ESPECIALIDAD_MEDICA,TRAUMATOLOGÍA Y ORTOPEDIA,180
2022,TEA_operacional,solo_secundario,ESPECIALIDAD_MEDICA,UROLOGÍA,27
2023,TEA_operacional,principal,ESPECIALIDAD_MEDICA,CIRUGÍA PEDIÁTRICA,1
2023,TEA_operacional,principal,ESPECIALIDAD_MEDICA,MEDICINA INTERNA,3
2023,TEA_operacional,principal,ESPECIALIDAD_MEDICA,MÉDICO GENERAL,3
2023,TEA_operacional,principal,ESPECIALIDAD_MEDICA,NEUROCIRUGÍA,1
2023,TEA_operacional,principal,ESPECIALIDAD_MEDICA,NEUROLOGÍA PEDIÁTRICA,7
2023,TEA_operacional,principal,ESPECIALIDAD_MEDICA,PEDIATRÍA,69
2023,TEA_operacional,principal,ESPECIALIDAD_MEDICA,PSIQUIATRÍA ADULTO,84
2023,TEA_operacional,principal,ESPECIALIDAD_MEDICA,PSIQUIATRÍA PEDIÁTRICA Y DE LA ADOLESCENCIA,183
2023,TEA_operacional,principal_y_secundario,ESPECIALIDAD_MEDICA,MEDICINA INTERNA,1
2023,TEA_operacional,principal_y_secundario,ESPECIALIDAD_MEDICA,PEDIATRÍA,1
2023,TEA_operacional,principal_y_secundario,ESPECIALIDAD_MEDICA,PSIQUIATRÍA ADULTO,4
2023,TEA_operacional,principal_y_secundario,ESPECIALIDAD_MEDICA,PSIQUIATRÍA PEDIÁTRICA Y DE LA ADOLESCENCIA,1
2023,TEA_operacional,solo_secundario,ESPECIALIDAD_MEDICA,CARDIOLOGÍA,3
2023,TEA_operacional,solo_secundario,ESPECIALIDAD_MEDICA,CARDIOLOGÍA PEDIÁTRICA,14
2023,TEA_operacional,solo_secundario,ESPECIALIDAD_MEDICA,CIRUGÍA CARDIOVASCULAR,17
2023,TEA_operacional,solo_secundario,ESPECIALIDAD_MEDICA,"CIRUGÍA DE CABEZA, CUELLO Y MAXILOFACIAL",25
2023,TEA_operacional,solo_secundario,ESPECIALIDAD_MEDICA,CIRUGÍA DE TÓRAX,2
2023,TEA_operacional,solo_secundario,ESPECIALIDAD_MEDICA,CIRUGÍA DIGESTIVA,10
2023,TEA_operacional,solo_secundario,ESPECIALIDAD_MEDICA,CIRUGÍA GENERAL,151
2023,TEA_operacional,solo_secundario,ESPECIALIDAD_MEDICA,CIRUGÍA PEDIÁTRICA,963
2023,TEA_operacional,solo_secundario,ESPECIALIDAD_MEDICA,CIRUGÍA PLÁSTICA Y REPARADORA,23
2023,TEA_operacional,solo_secundario,ESPECIALIDAD_MEDICA,CIRUGÍA VASCULAR PERIFÉRICA,4
2023,TEA_operacional,solo_secundario,ESPECIALIDAD_MEDICA,CIRUGÍA Y TRAUMATOLOGÍA BUCO MAXILOFACIAL,45
2023,TEA_operacional,solo_secundario,ESPECIALIDAD_MEDICA,CIRUJANO DENTISTA,7
2023,TEA_operacional,solo_secundario,ESPECIALIDAD_MEDICA,COLOPROCTOLOGÍA,10
2023,TEA_operacional,solo_secundario,ESPECIALIDAD_MEDICA,DERMATOLOGÍA Y VENEROLOGÍA,1
2023,TEA_operacional,solo_secundario,ESPECIALIDAD_MEDICA,DIABETOLOGÍA,1
2023,TEA_operacional,solo_secundario,ESPECIALIDAD_MEDICA,ENDOCRINOLOGÍA PEDIÁTRICA,5
2023,TEA_operacional,solo_secundario,ESPECIALIDAD_MEDICA,ENFERMEDADES RESPIRATORIAS DEL ADULTO (BRONCOPULMONAR),3
2023,TEA_operacional,solo_secundario,ESPECIALIDAD_MEDICA,ENFERMEDADES RESPIRATORIAS PEDIÁTRICAS (BRONCOPULMONAR PEDIATRICO),83
2023,TEA_operacional,solo_secundario,ESPECIALIDAD_MEDICA,GASTROENTEROLOGÍA ADULTO,6
2023,TEA_operacional,solo_secundario,ESPECIALIDAD_MEDICA,GASTROENTEROLOGÍA PEDIÁTRICA,46
2023,TEA_operacional,solo_secundario,ESPECIALIDAD_MEDICA,GINECOLOGÍA PEDIÁTRICA Y DE LA ADOLESCENCIA,1
2023,TEA_operacional,solo_secundario,ESPECIALIDAD_MEDICA,HEMATO-ONCOLOGÍA PEDIÁTRICA,130
2023,TEA_operacional,solo_secundario,ESPECIALIDAD_MEDICA,HEMATOLOGÍA,14
2023,TEA_operacional,solo_secundario,ESPECIALIDAD_MEDICA,INMUNOLOGÍA CLÍNICA,2
2023,TEA_operacional,solo_secundario,ESPECIALIDAD_MEDICA,MEDICINA DE URGENCIA,2
2023,TEA_operacional,solo_secundario,ESPECIALIDAD_MEDICA,MEDICINA FISICA Y REHABILITACIÓN PEDIÁTRICA,1
2023,TEA_operacional,solo_secundario,ESPECIALIDAD_MEDICA,MEDICINA INTENSIVA ADULTO,24
2023,TEA_operacional,solo_secundario,ESPECIALIDAD_MEDICA,MEDICINA INTENSIVA PEDIÁTRICA,44
2023,TEA_operacional,solo_secundario,ESPECIALIDAD_MEDICA,MEDICINA INTERNA,189
2023,TEA_operacional,solo_secundario,ESPECIALIDAD_MEDICA,MÉDICO GENERAL,14
2023,TEA_operacional,solo_secundario,ESPECIALIDAD_MEDICA,NEFROLOGÍA ADULTO,3
2023,TEA_operacional,solo_secundario,ESPECIALIDAD_MEDICA,NEFROLOGÍA PEDIÁTRICO,2
2023,TEA_operacional,solo_secundario,ESPECIALIDAD_MEDICA,NEONATOLOGÍA,2
2023,TEA_operacional,solo_secundario,ESPECIALIDAD_MEDICA,NEUROCIRUGÍA,58
2023,TEA_operacional,solo_secundario,ESPECIALIDAD_MEDICA,NEUROLOGÍA ADULTO,45
2023,TEA_operacional,solo_secundario,ESPECIALIDAD_MEDICA,NEUROLOGÍA PEDIÁTRICA,140
2023,TEA_operacional,solo_secundario,ESPECIALIDAD_MEDICA,NEURORRADIOLOGIA,2
2023,TEA_operacional,solo_secundario,ESPECIALIDAD_MEDICA,OBSTETRICIA Y GINECOLOGÍA,67
2023,TEA_operacional,solo_secundario,ESPECIALIDAD_MEDICA,ODONTOPEDIATRÍA,41
2023,TEA_operacional,solo_secundario,ESPECIALIDAD_MEDICA,OFTALMOLOGÍA,65
2023,TEA_operacional,solo_secundario,ESPECIALIDAD_MEDICA,ONCOLOGÍA MÉDICA,43
2023,TEA_operacional,solo_secundario,ESPECIALIDAD_MEDICA,OTORRINOLARINGOLOGÍA,201
2023,TEA_operacional,solo_secundario,ESPECIALIDAD_MEDICA,PEDIATRÍA,2325
2023,TEA_operacional,solo_secundario,ESPECIALIDAD_MEDICA,PSIQUIATRÍA ADULTO,312
2023,TEA_operacional,solo_secundario,ESPECIALIDAD_MEDICA,PSIQUIATRÍA PEDIÁTRICA Y DE LA ADOLESCENCIA,560
2023,TEA_operacional,solo_secundario,ESPECIALIDAD_MEDICA,RADIOLOGÍA INTERVENCIONAL,1
2023,TEA_operacional,solo_secundario,ESPECIALIDAD_MEDICA,REUMATOLOGÍA PEDIÁTRICA,1
2023,TEA_operacional,solo_secundario,ESPECIALIDAD_MEDICA,TRAUMATOLOGÍA Y ORTOPEDIA,285
2023,TEA_operacional,solo_secundario,ESPECIALIDAD_MEDICA,UROLOGÍA,55
2024,TEA_operacional,principal,ESPECIALIDAD_MEDICA,CIRUGÍA GENERAL,1
2024,TEA_operacional,principal,ESPECIALIDAD_MEDICA,CIRUGÍA PEDIÁTRICA,1
2024,TEA_operacional,principal,ESPECIALIDAD_MEDICA,MEDICINA DE URGENCIA,2
2024,TEA_operacional,principal,ESPECIALIDAD_MEDICA,MEDICINA INTENSIVA ADULTO,1
2024,TEA_operacional,principal,ESPECIALIDAD_MEDICA,MEDICINA INTENSIVA PEDIÁTRICA,1
2024,TEA_operacional,principal,ESPECIALIDAD_MEDICA,MEDICINA INTERNA,3
2024,TEA_operacional,principal,ESPECIALIDAD_MEDICA,NEUROLOGÍA PEDIÁTRICA,12
2024,TEA_operacional,principal,ESPECIALIDAD_MEDICA,OBSTETRICIA Y GINECOLOGÍA,1
2024,TEA_operacional,principal,ESPECIALIDAD_MEDICA,PEDIATRÍA,78
2024,TEA_operacional,principal,ESPECIALIDAD_MEDICA,PSIQUIATRÍA ADULTO,92
2024,TEA_operacional,principal,ESPECIALIDAD_MEDICA,PSIQUIATRÍA PEDIÁTRICA Y DE LA ADOLESCENCIA,181
2024,TEA_operacional,principal_y_secundario,ESPECIALIDAD_MEDICA,MEDICINA INTERNA,1
2024,TEA_operacional,principal_y_secundario,ESPECIALIDAD_MEDICA,PEDIATRÍA,4
2024,TEA_operacional,principal_y_secundario,ESPECIALIDAD_MEDICA,PSIQUIATRÍA ADULTO,5
2024,TEA_operacional,principal_y_secundario,ESPECIALIDAD_MEDICA,PSIQUIATRÍA PEDIÁTRICA Y DE LA ADOLESCENCIA,5
2024,TEA_operacional,solo_secundario,ESPECIALIDAD_MEDICA,CARDIOLOGÍA,8
2024,TEA_operacional,solo_secundario,ESPECIALIDAD_MEDICA,CARDIOLOGÍA PEDIÁTRICA,17
2024,TEA_operacional,solo_secundario,ESPECIALIDAD_MEDICA,CIRUGÍA CARDIOVASCULAR,12
2024,TEA_operacional,solo_secundario,ESPECIALIDAD_MEDICA,"CIRUGÍA DE CABEZA, CUELLO Y MAXILOFACIAL",35
2024,TEA_operacional,solo_secundario,ESPECIALIDAD_MEDICA,CIRUGÍA DE TÓRAX,6
2024,TEA_operacional,solo_secundario,ESPECIALIDAD_MEDICA,CIRUGÍA DIGESTIVA,5
2024,TEA_operacional,solo_secundario,ESPECIALIDAD_MEDICA,CIRUGÍA GENERAL,242
2024,TEA_operacional,solo_secundario,ESPECIALIDAD_MEDICA,CIRUGÍA PEDIÁTRICA,1319
2024,TEA_operacional,solo_secundario,ESPECIALIDAD_MEDICA,CIRUGÍA PLÁSTICA Y REPARADORA,27
2024,TEA_operacional,solo_secundario,ESPECIALIDAD_MEDICA,CIRUGÍA VASCULAR PERIFÉRICA,3
2024,TEA_operacional,solo_secundario,ESPECIALIDAD_MEDICA,CIRUGÍA Y TRAUMATOLOGÍA BUCO MAXILOFACIAL,87
2024,TEA_operacional,solo_secundario,ESPECIALIDAD_MEDICA,CIRUJANO DENTISTA,8
2024,TEA_operacional,solo_secundario,ESPECIALIDAD_MEDICA,COLOPROCTOLOGÍA,17
2024,TEA_operacional,solo_secundario,ESPECIALIDAD_MEDICA,DIABETOLOGÍA,2
2024,TEA_operacional,solo_secundario,ESPECIALIDAD_MEDICA,ENDOCRINOLOGÍA PEDIÁTRICA,5
2024,TEA_operacional,solo_secundario,ESPECIALIDAD_MEDICA,ENFERMEDADES RESPIRATORIAS DEL ADULTO (BRONCOPULMONAR),10
2024,TEA_operacional,solo_secundario,ESPECIALIDAD_MEDICA,ENFERMEDADES RESPIRATORIAS PEDIÁTRICAS (BRONCOPULMONAR PEDIATRICO),69
2024,TEA_operacional,solo_secundario,ESPECIALIDAD_MEDICA,GASTROENTEROLOGÍA ADULTO,7
2024,TEA_operacional,solo_secundario,ESPECIALIDAD_MEDICA,GASTROENTEROLOGÍA PEDIÁTRICA,25
2024,TEA_operacional,solo_secundario,ESPECIALIDAD_MEDICA,GINECOLOGÍA ONCOLÓGICA,1
2024,TEA_operacional,solo_secundario,ESPECIALIDAD_MEDICA,HEMATO-ONCOLOGÍA PEDIÁTRICA,138
2024,TEA_operacional,solo_secundario,ESPECIALIDAD_MEDICA,HEMATOLOGÍA,31
2024,TEA_operacional,solo_secundario,ESPECIALIDAD_MEDICA,IMPLANTOLOGIA BUCO MAXILOFACIAL,1
2024,TEA_operacional,solo_secundario,ESPECIALIDAD_MEDICA,INMUNOLOGÍA CLÍNICA,1
2024,TEA_operacional,solo_secundario,ESPECIALIDAD_MEDICA,MEDICINA DE URGENCIA,23
2024,TEA_operacional,solo_secundario,ESPECIALIDAD_MEDICA,MEDICINA FAMILIAR,2
2024,TEA_operacional,solo_secundario,ESPECIALIDAD_MEDICA,MEDICINA INTENSIVA ADULTO,31
2024,TEA_operacional,solo_secundario,ESPECIALIDAD_MEDICA,MEDICINA INTENSIVA PEDIÁTRICA,75
2024,TEA_operacional,solo_secundario,ESPECIALIDAD_MEDICA,MEDICINA INTERNA,278
2024,TEA_operacional,solo_secundario,ESPECIALIDAD_MEDICA,MÉDICO GENERAL,24
2024,TEA_operacional,solo_secundario,ESPECIALIDAD_MEDICA,NEFROLOGÍA ADULTO,4
2024,TEA_operacional,solo_secundario,ESPECIALIDAD_MEDICA,NEFROLOGÍA PEDIÁTRICO,8
2024,TEA_operacional,solo_secundario,ESPECIALIDAD_MEDICA,NEONATOLOGÍA,3
2024,TEA_operacional,solo_secundario,ESPECIALIDAD_MEDICA,NEUROCIRUGÍA,81
2024,TEA_operacional,solo_secundario,ESPECIALIDAD_MEDICA,NEUROLOGÍA ADULTO,58
2024,TEA_operacional,solo_secundario,ESPECIALIDAD_MEDICA,NEUROLOGÍA PEDIÁTRICA,159
2024,TEA_operacional,solo_secundario,ESPECIALIDAD_MEDICA,NEURORRADIOLOGIA,5
2024,TEA_operacional,solo_secundario,ESPECIALIDAD_MEDICA,OBSTETRICIA Y GINECOLOGÍA,124
2024,TEA_operacional,solo_secundario,ESPECIALIDAD_MEDICA,ODONTOPEDIATRÍA,86
2024,TEA_operacional,solo_secundario,ESPECIALIDAD_MEDICA,OFTALMOLOGÍA,85
2024,TEA_operacional,solo_secundario,ESPECIALIDAD_MEDICA,ONCOLOGÍA MÉDICA,23
2024,TEA_operacional,solo_secundario,ESPECIALIDAD_MEDICA,OTORRINOLARINGOLOGÍA,326
2024,TEA_operacional,solo_secundario,ESPECIALIDAD_MEDICA,PEDIATRÍA,2965
2024,TEA_operacional,solo_secundario,ESPECIALIDAD_MEDICA,PSIQUIATRÍA ADULTO,489
2024,TEA_operacional,solo_secundario,ESPECIALIDAD_MEDICA,PSIQUIATRÍA PEDIÁTRICA Y DE LA ADOLESCENCIA,974
2024,TEA_operacional,solo_secundario,ESPECIALIDAD_MEDICA,REUMATOLOGÍA PEDIÁTRICA,3
2024,TEA_operacional,solo_secundario,ESPECIALIDAD_MEDICA,SALUD PÚBLICA (ODONTOLÓGICA),1
2024,TEA_operacional,solo_secundario,ESPECIALIDAD_MEDICA,TRAUMATOLOGÍA Y ORTOPEDIA,355
2024,TEA_operacional,solo_secundario,ESPECIALIDAD_MEDICA,UROLOGÍA,70
2019,TEA_operacional,principal,TIPO_PROCEDENCIA,APS CONSULTORIO (CESFAM),5
2019,TEA_operacional,principal,TIPO_PROCEDENCIA,"APS URGENCIA (SAPU, SUR, SUC)",5
2019,TEA_operacional,principal,TIPO_PROCEDENCIA,"CENTRO ESPECIALIDADES (CDT, CRS, CONSULTORIO ADOS. ESP)",88
2019,TEA_operacional,principal,TIPO_PROCEDENCIA,CIRUGÍA MAYOR AMBULATORIA (CMA),1
2019,TEA_operacional,principal,TIPO_PROCEDENCIA,HOSPITALIZACIÓN DIURNA,1
2019,TEA_operacional,principal,TIPO_PROCEDENCIA,HOSPITALIZACIÓN DOMICILIARIA,1
2019,TEA_operacional,principal,TIPO_PROCEDENCIA,"OTRAS INSTITUCIONES (CÁRCEL, HOGARES DE ANCIANOS, SENAME, EC",1
2019,TEA_operacional,principal,TIPO_PROCEDENCIA,"OTRAS INSTITUCIONES SALUD (CLÍNICAS PRIVADAS, DE REHABILITAC",1
2019,TEA_operacional,principal,TIPO_PROCEDENCIA,OTROS HOSPITALES DE LA RED,8
2019,TEA_operacional,principal,TIPO_PROCEDENCIA,OTROS HOSPITALES RED NACIONAL,7
2019,TEA_operacional,principal,TIPO_PROCEDENCIA,SERVICIO EMERGENCIA (DOMICILIO),103
2019,TEA_operacional,principal_y_secundario,TIPO_PROCEDENCIA,"CENTRO ESPECIALIDADES (CDT, CRS, CONSULTORIO ADOS. ESP)",2
2019,TEA_operacional,principal_y_secundario,TIPO_PROCEDENCIA,SERVICIO EMERGENCIA (DOMICILIO),4
2019,TEA_operacional,solo_secundario,TIPO_PROCEDENCIA,APS CONSULTORIO (CESFAM),40
2019,TEA_operacional,solo_secundario,TIPO_PROCEDENCIA,"APS URGENCIA (SAPU, SUR, SUC)",58
2019,TEA_operacional,solo_secundario,TIPO_PROCEDENCIA,"CENTRO ESPECIALIDADES (CDT, CRS, CONSULTORIO ADOS. ESP)",868
2019,TEA_operacional,solo_secundario,TIPO_PROCEDENCIA,CIRUGÍA MAYOR AMBULATORIA (CMA),32
2019,TEA_operacional,solo_secundario,TIPO_PROCEDENCIA,CONSULTA PRIVADA,28
2019,TEA_operacional,solo_secundario,TIPO_PROCEDENCIA,HOSPITALIZACIÓN DIURNA,17
2019,TEA_operacional,solo_secundario,TIPO_PROCEDENCIA,HOSPITALIZACIÓN DOMICILIARIA,1
2019,TEA_operacional,solo_secundario,TIPO_PROCEDENCIA,"OTRAS INSTITUCIONES (CÁRCEL, HOGARES DE ANCIANOS, SENAME, EC",14
2019,TEA_operacional,solo_secundario,TIPO_PROCEDENCIA,"OTRAS INSTITUCIONES SALUD (CLÍNICAS PRIVADAS, DE REHABILITAC",35
2019,TEA_operacional,solo_secundario,TIPO_PROCEDENCIA,OTROS HOSPITALES DE LA RED,144
2019,TEA_operacional,solo_secundario,TIPO_PROCEDENCIA,OTROS HOSPITALES RED NACIONAL,61
2019,TEA_operacional,solo_secundario,TIPO_PROCEDENCIA,SERVICIO EMERGENCIA (DOMICILIO),799
2020,TEA_operacional,principal,TIPO_PROCEDENCIA,APS CONSULTORIO (CESFAM),3
2020,TEA_operacional,principal,TIPO_PROCEDENCIA,"APS URGENCIA (SAPU, SUR, SUC)",2
2020,TEA_operacional,principal,TIPO_PROCEDENCIA,"CENTRO ESPECIALIDADES (CDT, CRS, CONSULTORIO ADOS. ESP)",52
2020,TEA_operacional,principal,TIPO_PROCEDENCIA,"OTRAS INSTITUCIONES (CÁRCEL, HOGARES DE ANCIANOS, SENAME, EC",3
2020,TEA_operacional,principal,TIPO_PROCEDENCIA,"OTRAS INSTITUCIONES SALUD (CLÍNICAS PRIVADAS, DE REHABILITAC",2
2020,TEA_operacional,principal,TIPO_PROCEDENCIA,OTROS HOSPITALES DE LA RED,16
2020,TEA_operacional,principal,TIPO_PROCEDENCIA,OTROS HOSPITALES RED NACIONAL,1
2020,TEA_operacional,principal,TIPO_PROCEDENCIA,SERVICIO EMERGENCIA (DOMICILIO),73
2020,TEA_operacional,principal_y_secundario,TIPO_PROCEDENCIA,"CENTRO ESPECIALIDADES (CDT, CRS, CONSULTORIO ADOS. ESP)",3
2020,TEA_operacional,principal_y_secundario,TIPO_PROCEDENCIA,SERVICIO EMERGENCIA (DOMICILIO),2
2020,TEA_operacional,solo_secundario,TIPO_PROCEDENCIA,APS CONSULTORIO (CESFAM),23
2020,TEA_operacional,solo_secundario,TIPO_PROCEDENCIA,"APS URGENCIA (SAPU, SUR, SUC)",63
2020,TEA_operacional,solo_secundario,TIPO_PROCEDENCIA,"CENTRO ESPECIALIDADES (CDT, CRS, CONSULTORIO ADOS. ESP)",421
2020,TEA_operacional,solo_secundario,TIPO_PROCEDENCIA,CIRUGÍA MAYOR AMBULATORIA (CMA),21
2020,TEA_operacional,solo_secundario,TIPO_PROCEDENCIA,CONSULTA PRIVADA,10
2020,TEA_operacional,solo_secundario,TIPO_PROCEDENCIA,HOSPITALIZACIÓN DIURNA,1
2020,TEA_operacional,solo_secundario,TIPO_PROCEDENCIA,HOSPITALIZACIÓN DOMICILIARIA,1
2020,TEA_operacional,solo_secundario,TIPO_PROCEDENCIA,"OTRAS INSTITUCIONES (CÁRCEL, HOGARES DE ANCIANOS, SENAME, EC",7
2020,TEA_operacional,solo_secundario,TIPO_PROCEDENCIA,"OTRAS INSTITUCIONES SALUD (CLÍNICAS PRIVADAS, DE REHABILITAC",38
2020,TEA_operacional,solo_secundario,TIPO_PROCEDENCIA,OTROS HOSPITALES DE LA RED,125
2020,TEA_operacional,solo_secundario,TIPO_PROCEDENCIA,OTROS HOSPITALES RED NACIONAL,48
2020,TEA_operacional,solo_secundario,TIPO_PROCEDENCIA,SERVICIO EMERGENCIA (DOMICILIO),683
2021,TEA_operacional,principal,TIPO_PROCEDENCIA,APS CONSULTORIO (CESFAM),3
2021,TEA_operacional,principal,TIPO_PROCEDENCIA,"APS URGENCIA (SAPU, SUR, SUC)",3
2021,TEA_operacional,principal,TIPO_PROCEDENCIA,"CENTRO ESPECIALIDADES (CDT, CRS, CONSULTORIO ADOS. ESP)",53
2021,TEA_operacional,principal,TIPO_PROCEDENCIA,CONSULTA PRIVADA,2
2021,TEA_operacional,principal,TIPO_PROCEDENCIA,"OTRAS INSTITUCIONES (CÁRCEL, HOGARES DE ANCIANOS, SENAME, EC",7
2021,TEA_operacional,principal,TIPO_PROCEDENCIA,"OTRAS INSTITUCIONES SALUD (CLÍNICAS PRIVADAS, DE REHABILITAC",4
2021,TEA_operacional,principal,TIPO_PROCEDENCIA,OTROS HOSPITALES DE LA RED,7
2021,TEA_operacional,principal,TIPO_PROCEDENCIA,OTROS HOSPITALES RED NACIONAL,5
2021,TEA_operacional,principal,TIPO_PROCEDENCIA,POSTA RURAL,1
2021,TEA_operacional,principal,TIPO_PROCEDENCIA,SERVICIO EMERGENCIA (DOMICILIO),98
2021,TEA_operacional,principal_y_secundario,TIPO_PROCEDENCIA,"CENTRO ESPECIALIDADES (CDT, CRS, CONSULTORIO ADOS. ESP)",1
2021,TEA_operacional,principal_y_secundario,TIPO_PROCEDENCIA,SERVICIO EMERGENCIA (DOMICILIO),2
2021,TEA_operacional,solo_secundario,TIPO_PROCEDENCIA,APS CONSULTORIO (CESFAM),28
2021,TEA_operacional,solo_secundario,TIPO_PROCEDENCIA,"APS URGENCIA (SAPU, SUR, SUC)",99
2021,TEA_operacional,solo_secundario,TIPO_PROCEDENCIA,"CENTRO ESPECIALIDADES (CDT, CRS, CONSULTORIO ADOS. ESP)",651
2021,TEA_operacional,solo_secundario,TIPO_PROCEDENCIA,CIRUGÍA MAYOR AMBULATORIA (CMA),57
2021,TEA_operacional,solo_secundario,TIPO_PROCEDENCIA,CONSULTA PRIVADA,21
2021,TEA_operacional,solo_secundario,TIPO_PROCEDENCIA,DESCONOCIDO,6
2021,TEA_operacional,solo_secundario,TIPO_PROCEDENCIA,"OTRAS INSTITUCIONES (CÁRCEL, HOGARES DE ANCIANOS, SENAME, EC",19
2021,TEA_operacional,solo_secundario,TIPO_PROCEDENCIA,"OTRAS INSTITUCIONES SALUD (CLÍNICAS PRIVADAS, DE REHABILITAC",39
2021,TEA_operacional,solo_secundario,TIPO_PROCEDENCIA,OTROS HOSPITALES DE LA RED,175
2021,TEA_operacional,solo_secundario,TIPO_PROCEDENCIA,OTROS HOSPITALES RED NACIONAL,61
2021,TEA_operacional,solo_secundario,TIPO_PROCEDENCIA,SERVICIO EMERGENCIA (DOMICILIO),1013
2022,TEA_operacional,principal,TIPO_PROCEDENCIA,APS CONSULTORIO (CESFAM),8
2022,TEA_operacional,principal,TIPO_PROCEDENCIA,"APS URGENCIA (SAPU, SUR, SUC)",8
2022,TEA_operacional,principal,TIPO_PROCEDENCIA,"CENTRO ESPECIALIDADES (CDT, CRS, CONSULTORIO ADOS. ESP)",79
2022,TEA_operacional,principal,TIPO_PROCEDENCIA,CONSULTA PRIVADA,3
2022,TEA_operacional,principal,TIPO_PROCEDENCIA,"OTRAS INSTITUCIONES (CÁRCEL, HOGARES DE ANCIANOS, SENAME, EC",7
2022,TEA_operacional,principal,TIPO_PROCEDENCIA,"OTRAS INSTITUCIONES SALUD (CLÍNICAS PRIVADAS, DE REHABILITAC",3
2022,TEA_operacional,principal,TIPO_PROCEDENCIA,OTROS HOSPITALES DE LA RED,12
2022,TEA_operacional,principal,TIPO_PROCEDENCIA,OTROS HOSPITALES RED NACIONAL,4
2022,TEA_operacional,principal,TIPO_PROCEDENCIA,SERVICIO EMERGENCIA (DOMICILIO),162
2022,TEA_operacional,principal_y_secundario,TIPO_PROCEDENCIA,"CENTRO ESPECIALIDADES (CDT, CRS, CONSULTORIO ADOS. ESP)",3
2022,TEA_operacional,principal_y_secundario,TIPO_PROCEDENCIA,CONSULTA PRIVADA,1
2022,TEA_operacional,principal_y_secundario,TIPO_PROCEDENCIA,OTROS HOSPITALES DE LA RED,1
2022,TEA_operacional,principal_y_secundario,TIPO_PROCEDENCIA,SERVICIO EMERGENCIA (DOMICILIO),3
2022,TEA_operacional,solo_secundario,TIPO_PROCEDENCIA,APS CONSULTORIO (CESFAM),53
2022,TEA_operacional,solo_secundario,TIPO_PROCEDENCIA,"APS URGENCIA (SAPU, SUR, SUC)",153
2022,TEA_operacional,solo_secundario,TIPO_PROCEDENCIA,CARDIOCIRUGÍA PAGO GRD,1
2022,TEA_operacional,solo_secundario,TIPO_PROCEDENCIA,"CENTRO ESPECIALIDADES (CDT, CRS, CONSULTORIO ADOS. ESP)",981
2022,TEA_operacional,solo_secundario,TIPO_PROCEDENCIA,CIRUGÍA MAYOR AMBULATORIA (CMA),92
2022,TEA_operacional,solo_secundario,TIPO_PROCEDENCIA,CONSULTA PRIVADA,56
2022,TEA_operacional,solo_secundario,TIPO_PROCEDENCIA,ESTRATEGIA CRR,9
2022,TEA_operacional,solo_secundario,TIPO_PROCEDENCIA,HOSPITALIZACIÓN DIURNA,1
2022,TEA_operacional,solo_secundario,TIPO_PROCEDENCIA,HOSPITALIZACIÓN DOMICILIARIA,3
2022,TEA_operacional,solo_secundario,TIPO_PROCEDENCIA,"OTRAS INSTITUCIONES (CÁRCEL, HOGARES DE ANCIANOS, SENAME, EC",24
2022,TEA_operacional,solo_secundario,TIPO_PROCEDENCIA,"OTRAS INSTITUCIONES SALUD (CLÍNICAS PRIVADAS, DE REHABILITAC",71
2022,TEA_operacional,solo_secundario,TIPO_PROCEDENCIA,OTROS HOSPITALES DE LA RED,273
2022,TEA_operacional,solo_secundario,TIPO_PROCEDENCIA,OTROS HOSPITALES RED NACIONAL,80
2022,TEA_operacional,solo_secundario,TIPO_PROCEDENCIA,PLAN DE RESOLUCIÓN LE,70
2022,TEA_operacional,solo_secundario,TIPO_PROCEDENCIA,POSTA RURAL,3
2022,TEA_operacional,solo_secundario,TIPO_PROCEDENCIA,SERVICIO EMERGENCIA (DOMICILIO),1687
2023,TEA_operacional,principal,TIPO_PROCEDENCIA,APS CONSULTORIO (CESFAM),5
2023,TEA_operacional,principal,TIPO_PROCEDENCIA,"APS URGENCIA (SAPU, SUR, SUC)",9
2023,TEA_operacional,principal,TIPO_PROCEDENCIA,"CENTRO ESPECIALIDADES (CDT, CRS, CONSULTORIO ADOS. ESP)",120
2023,TEA_operacional,principal,TIPO_PROCEDENCIA,CONSULTA PRIVADA,2
2023,TEA_operacional,principal,TIPO_PROCEDENCIA,"OTRAS INSTITUCIONES (CÁRCEL, HOGARES DE ANCIANOS, SENAME, EC",2
2023,TEA_operacional,principal,TIPO_PROCEDENCIA,"OTRAS INSTITUCIONES SALUD (CLÍNICAS PRIVADAS, DE REHABILITAC",2
2023,TEA_operacional,principal,TIPO_PROCEDENCIA,OTROS HOSPITALES DE LA RED,15
2023,TEA_operacional,principal,TIPO_PROCEDENCIA,OTROS HOSPITALES RED NACIONAL,4
2023,TEA_operacional,principal,TIPO_PROCEDENCIA,SERVICIO EMERGENCIA (DOMICILIO),192
2023,TEA_operacional,principal_y_secundario,TIPO_PROCEDENCIA,"CENTRO ESPECIALIDADES (CDT, CRS, CONSULTORIO ADOS. ESP)",2
2023,TEA_operacional,principal_y_secundario,TIPO_PROCEDENCIA,CONSULTA PRIVADA,1
2023,TEA_operacional,principal_y_secundario,TIPO_PROCEDENCIA,SERVICIO EMERGENCIA (DOMICILIO),4
2023,TEA_operacional,solo_secundario,TIPO_PROCEDENCIA,APS CONSULTORIO (CESFAM),76
2023,TEA_operacional,solo_secundario,TIPO_PROCEDENCIA,"APS URGENCIA (SAPU, SUR, SUC)",302
2023,TEA_operacional,solo_secundario,TIPO_PROCEDENCIA,CARDIOCIRUGÍA PAGO GRD,8
2023,TEA_operacional,solo_secundario,TIPO_PROCEDENCIA,"CENTRO ESPECIALIDADES (CDT, CRS, CONSULTORIO ADOS. ESP)",1673
2023,TEA_operacional,solo_secundario,TIPO_PROCEDENCIA,CIRUGÍA MAYOR AMBULATORIA (CMA),121
2023,TEA_operacional,solo_secundario,TIPO_PROCEDENCIA,CONSULTA PRIVADA,77
2023,TEA_operacional,solo_secundario,TIPO_PROCEDENCIA,ESTRATEGIA CRR,23
2023,TEA_operacional,solo_secundario,TIPO_PROCEDENCIA,HOSPITALIZACIÓN DIURNA,2
2023,TEA_operacional,solo_secundario,TIPO_PROCEDENCIA,HOSPITALIZACIÓN DOMICILIARIA,12
2023,TEA_operacional,solo_secundario,TIPO_PROCEDENCIA,"OTRAS INSTITUCIONES (CÁRCEL, HOGARES DE ANCIANOS, SENAME, EC",34
2023,TEA_operacional,solo_secundario,TIPO_PROCEDENCIA,"OTRAS INSTITUCIONES SALUD (CLÍNICAS PRIVADAS, DE REHABILITAC",77
2023,TEA_operacional,solo_secundario,TIPO_PROCEDENCIA,OTROS HOSPITALES DE LA RED,457
2023,TEA_operacional,solo_secundario,TIPO_PROCEDENCIA,OTROS HOSPITALES RED NACIONAL,116
2023,TEA_operacional,solo_secundario,TIPO_PROCEDENCIA,PLAN DE RESOLUCIÓN LE,44
2023,TEA_operacional,solo_secundario,TIPO_PROCEDENCIA,POSTA RURAL,2
2023,TEA_operacional,solo_secundario,TIPO_PROCEDENCIA,SERVICIO EMERGENCIA (DOMICILIO),3024
2024,TEA_operacional,principal,TIPO_PROCEDENCIA,APS CONSULTORIO (CESFAM),4
2024,TEA_operacional,principal,TIPO_PROCEDENCIA,"APS URGENCIA (SAPU, SUR, SUC)",8
2024,TEA_operacional,principal,TIPO_PROCEDENCIA,"CENTRO ESPECIALIDADES (CDT, CRS, CONSULTORIO ADOS. ESP)",103
2024,TEA_operacional,principal,TIPO_PROCEDENCIA,CONSULTA PRIVADA,6
2024,TEA_operacional,principal,TIPO_PROCEDENCIA,"OTRAS INSTITUCIONES (CÁRCEL, HOGARES DE ANCIANOS, SENAME, EC",10
2024,TEA_operacional,principal,TIPO_PROCEDENCIA,"OTRAS INSTITUCIONES SALUD (CLÍNICAS PRIVADAS, DE REHABILITAC",1
2024,TEA_operacional,principal,TIPO_PROCEDENCIA,OTROS HOSPITALES DE LA RED,18
2024,TEA_operacional,principal,TIPO_PROCEDENCIA,OTROS HOSPITALES RED NACIONAL,5
2024,TEA_operacional,principal,TIPO_PROCEDENCIA,POSTA RURAL,2
2024,TEA_operacional,principal,TIPO_PROCEDENCIA,SERVICIO EMERGENCIA (DOMICILIO),216
2024,TEA_operacional,principal_y_secundario,TIPO_PROCEDENCIA,"CENTRO ESPECIALIDADES (CDT, CRS, CONSULTORIO ADOS. ESP)",5
2024,TEA_operacional,principal_y_secundario,TIPO_PROCEDENCIA,"OTRAS INSTITUCIONES SALUD (CLÍNICAS PRIVADAS, DE REHABILITAC",1
2024,TEA_operacional,principal_y_secundario,TIPO_PROCEDENCIA,SERVICIO EMERGENCIA (DOMICILIO),9
2024,TEA_operacional,solo_secundario,TIPO_PROCEDENCIA,APS CONSULTORIO (CESFAM),123
2024,TEA_operacional,solo_secundario,TIPO_PROCEDENCIA,"APS URGENCIA (SAPU, SUR, SUC)",419
2024,TEA_operacional,solo_secundario,TIPO_PROCEDENCIA,CARDIOCIRUGÍA PAGO GRD,6
2024,TEA_operacional,solo_secundario,TIPO_PROCEDENCIA,"CENTRO ESPECIALIDADES (CDT, CRS, CONSULTORIO ADOS. ESP)",2388
2024,TEA_operacional,solo_secundario,TIPO_PROCEDENCIA,CIRUGÍA MAYOR AMBULATORIA (CMA),209
2024,TEA_operacional,solo_secundario,TIPO_PROCEDENCIA,CONSULTA PRIVADA,107
2024,TEA_operacional,solo_secundario,TIPO_PROCEDENCIA,DESCONOCIDO,1
2024,TEA_operacional,solo_secundario,TIPO_PROCEDENCIA,ESTRATEGIA CRR,96
2024,TEA_operacional,solo_secundario,TIPO_PROCEDENCIA,HOSPITALIZACIÓN DIURNA,3
2024,TEA_operacional,solo_secundario,TIPO_PROCEDENCIA,HOSPITALIZACIÓN DOMICILIARIA,11
2024,TEA_operacional,solo_secundario,TIPO_PROCEDENCIA,"OTRAS INSTITUCIONES (CÁRCEL, HOGARES DE ANCIANOS, SENAME, EC",54
2024,TEA_operacional,solo_secundario,TIPO_PROCEDENCIA,"OTRAS INSTITUCIONES SALUD (CLÍNICAS PRIVADAS, DE REHABILITAC",97
2024,TEA_operacional,solo_secundario,TIPO_PROCEDENCIA,OTROS HOSPITALES DE LA RED,602
2024,TEA_operacional,solo_secundario,TIPO_PROCEDENCIA,OTROS HOSPITALES RED NACIONAL,116
2024,TEA_operacional,solo_secundario,TIPO_PROCEDENCIA,POSTA RURAL,8
2024,TEA_operacional,solo_secundario,TIPO_PROCEDENCIA,SERVICIO EMERGENCIA (DOMICILIO),4088
2019,TEA_operacional,principal,SERVICIO_SALUD,ACONCAGUA,4
2019,TEA_operacional,principal,SERVICIO_SALUD,ANTOFAGASTA,23
2019,TEA_operacional,principal,SERVICIO_SALUD,ARAUCANÍA NORTE,4
2019,TEA_operacional,principal,SERVICIO_SALUD,ARAUCANÍA SUR,4
2019,TEA_operacional,principal,SERVICIO_SALUD,ARAUCO,1
2019,TEA_operacional,principal,SERVICIO_SALUD,ARICA,5
2019,TEA_operacional,principal,SERVICIO_SALUD,ATACAMA,1
2019,TEA_operacional,principal,SERVICIO_SALUD,AYSEN,2
2019,TEA_operacional,principal,SERVICIO_SALUD,BIOBIO,3
2019,TEA_operacional,principal,SERVICIO_SALUD,CHILOÉ,2
2019,TEA_operacional,principal,SERVICIO_SALUD,CONCEPCIÓN,7
2019,TEA_operacional,principal,SERVICIO_SALUD,COQUIMBO,6
2019,TEA_operacional,principal,SERVICIO_SALUD,DEL MAULE,3
2019,TEA_operacional,principal,SERVICIO_SALUD,DEL RELONCAVÍ,5
2019,TEA_operacional,principal,SERVICIO_SALUD,IQUIQUE,6
2019,TEA_operacional,principal,SERVICIO_SALUD,LIBERTADOR B. O HIGGINS,3
2019,TEA_operacional,principal,SERVICIO_SALUD,MAGALLANES,11
2019,TEA_operacional,principal,SERVICIO_SALUD,METROPOLITANO CENTRAL,28
2019,TEA_operacional,principal,SERVICIO_SALUD,METROPOLITANO NORTE,1
2019,TEA_operacional,principal,SERVICIO_SALUD,METROPOLITANO OCCIDENTE,22
2019,TEA_operacional,principal,SERVICIO_SALUD,METROPOLITANO ORIENTE,4
2019,TEA_operacional,principal,SERVICIO_SALUD,METROPOLITANO SUR,13
2019,TEA_operacional,principal,SERVICIO_SALUD,METROPOLITANO SURORIENTE,18
2019,TEA_operacional,principal,SERVICIO_SALUD,OSORNO,7
2019,TEA_operacional,principal,SERVICIO_SALUD,TALCAHUANO,4
2019,TEA_operacional,principal,SERVICIO_SALUD,VALDIVIA,5
2019,TEA_operacional,principal,SERVICIO_SALUD,VALPARAISO SAN ANTONIO,1
2019,TEA_operacional,principal,SERVICIO_SALUD,VIÑA DEL MAR QUILLOTA,6
2019,TEA_operacional,principal,SERVICIO_SALUD,ÑUBLE,22
2019,TEA_operacional,principal_y_secundario,SERVICIO_SALUD,ARAUCANÍA NORTE,1
2019,TEA_operacional,principal_y_secundario,SERVICIO_SALUD,DEL MAULE,1
2019,TEA_operacional,principal_y_secundario,SERVICIO_SALUD,IQUIQUE,1
2019,TEA_operacional,principal_y_secundario,SERVICIO_SALUD,LIBERTADOR B. O HIGGINS,2
2019,TEA_operacional,principal_y_secundario,SERVICIO_SALUD,VIÑA DEL MAR QUILLOTA,1
2019,TEA_operacional,solo_secundario,SERVICIO_SALUD,ACONCAGUA,25
2019,TEA_operacional,solo_secundario,SERVICIO_SALUD,ANTOFAGASTA,87
2019,TEA_operacional,solo_secundario,SERVICIO_SALUD,ARAUCANÍA NORTE,19
2019,TEA_operacional,solo_secundario,SERVICIO_SALUD,ARAUCANÍA SUR,79
2019,TEA_operacional,solo_secundario,SERVICIO_SALUD,ARAUCO,25
2019,TEA_operacional,solo_secundario,SERVICIO_SALUD,ARICA,37
2019,TEA_operacional,solo_secundario,SERVICIO_SALUD,ATACAMA,36
2019,TEA_operacional,solo_secundario,SERVICIO_SALUD,AYSEN,13
2019,TEA_operacional,solo_secundario,SERVICIO_SALUD,BIOBIO,149
2019,TEA_operacional,solo_secundario,SERVICIO_SALUD,CHILOÉ,16
2019,TEA_operacional,solo_secundario,SERVICIO_SALUD,CONCEPCIÓN,109
2019,TEA_operacional,solo_secundario,SERVICIO_SALUD,COQUIMBO,99
2019,TEA_operacional,solo_secundario,SERVICIO_SALUD,DEL MAULE,82
2019,TEA_operacional,solo_secundario,SERVICIO_SALUD,DEL RELONCAVÍ,63
2019,TEA_operacional,solo_secundario,SERVICIO_SALUD,IQUIQUE,61
2019,TEA_operacional,solo_secundario,SERVICIO_SALUD,LIBERTADOR B. O HIGGINS,81
2019,TEA_operacional,solo_secundario,SERVICIO_SALUD,MAGALLANES,51
2019,TEA_operacional,solo_secundario,SERVICIO_SALUD,METROPOLITANO CENTRAL,155
2019,TEA_operacional,solo_secundario,SERVICIO_SALUD,METROPOLITANO NORTE,82
2019,TEA_operacional,solo_secundario,SERVICIO_SALUD,METROPOLITANO OCCIDENTE,90
2019,TEA_operacional,solo_secundario,SERVICIO_SALUD,METROPOLITANO ORIENTE,62
2019,TEA_operacional,solo_secundario,SERVICIO_SALUD,METROPOLITANO SUR,76
2019,TEA_operacional,solo_secundario,SERVICIO_SALUD,METROPOLITANO SURORIENTE,149
2019,TEA_operacional,solo_secundario,SERVICIO_SALUD,OSORNO,39
2019,TEA_operacional,solo_secundario,SERVICIO_SALUD,TALCAHUANO,68
2019,TEA_operacional,solo_secundario,SERVICIO_SALUD,VALDIVIA,56
2019,TEA_operacional,solo_secundario,SERVICIO_SALUD,VALPARAISO SAN ANTONIO,93
2019,TEA_operacional,solo_secundario,SERVICIO_SALUD,VIÑA DEL MAR QUILLOTA,96
2019,TEA_operacional,solo_secundario,SERVICIO_SALUD,ÑUBLE,99
2020,TEA_operacional,principal,SERVICIO_SALUD,ACONCAGUA,1
2020,TEA_operacional,principal,SERVICIO_SALUD,ANTOFAGASTA,11
2020,TEA_operacional,principal,SERVICIO_SALUD,ARAUCANÍA NORTE,3
2020,TEA_operacional,principal,SERVICIO_SALUD,ARAUCANÍA SUR,4
2020,TEA_operacional,principal,SERVICIO_SALUD,ARICA,3
2020,TEA_operacional,principal,SERVICIO_SALUD,ATACAMA,2
2020,TEA_operacional,principal,SERVICIO_SALUD,AYSEN,3
2020,TEA_operacional,principal,SERVICIO_SALUD,BIOBIO,1
2020,TEA_operacional,principal,SERVICIO_SALUD,CHILOÉ,1
2020,TEA_operacional,principal,SERVICIO_SALUD,CONCEPCIÓN,12
2020,TEA_operacional,principal,SERVICIO_SALUD,COQUIMBO,4
2020,TEA_operacional,principal,SERVICIO_SALUD,DEL MAULE,1
2020,TEA_operacional,principal,SERVICIO_SALUD,DEL RELONCAVÍ,6
2020,TEA_operacional,principal,SERVICIO_SALUD,IQUIQUE,6
2020,TEA_operacional,principal,SERVICIO_SALUD,LIBERTADOR B. O HIGGINS,8
2020,TEA_operacional,principal,SERVICIO_SALUD,MAGALLANES,4
2020,TEA_operacional,principal,SERVICIO_SALUD,METROPOLITANO CENTRAL,20
2020,TEA_operacional,principal,SERVICIO_SALUD,METROPOLITANO NORTE,3
2020,TEA_operacional,principal,SERVICIO_SALUD,METROPOLITANO OCCIDENTE,15
2020,TEA_operacional,principal,SERVICIO_SALUD,METROPOLITANO ORIENTE,1
2020,TEA_operacional,principal,SERVICIO_SALUD,METROPOLITANO SUR,2
2020,TEA_operacional,principal,SERVICIO_SALUD,METROPOLITANO SURORIENTE,15
2020,TEA_operacional,principal,SERVICIO_SALUD,OSORNO,3
2020,TEA_operacional,principal,SERVICIO_SALUD,TALCAHUANO,3
2020,TEA_operacional,principal,SERVICIO_SALUD,VALDIVIA,6
2020,TEA_operacional,principal,SERVICIO_SALUD,VALPARAISO SAN ANTONIO,1
2020,TEA_operacional,principal,SERVICIO_SALUD,VIÑA DEL MAR QUILLOTA,5
2020,TEA_operacional,principal,SERVICIO_SALUD,ÑUBLE,8
2020,TEA_operacional,principal_y_secundario,SERVICIO_SALUD,ANTOFAGASTA,1
2020,TEA_operacional,principal_y_secundario,SERVICIO_SALUD,METROPOLITANO NORTE,2
2020,TEA_operacional,principal_y_secundario,SERVICIO_SALUD,METROPOLITANO ORIENTE,1
2020,TEA_operacional,principal_y_secundario,SERVICIO_SALUD,METROPOLITANO SURORIENTE,1
2020,TEA_operacional,solo_secundario,SERVICIO_SALUD,ACONCAGUA,11
2020,TEA_operacional,solo_secundario,SERVICIO_SALUD,ANTOFAGASTA,81
2020,TEA_operacional,solo_secundario,SERVICIO_SALUD,ARAUCANÍA NORTE,26
2020,TEA_operacional,solo_secundario,SERVICIO_SALUD,ARAUCANÍA SUR,62
2020,TEA_operacional,solo_secundario,SERVICIO_SALUD,ARAUCO,13
2020,TEA_operacional,solo_secundario,SERVICIO_SALUD,ARICA,31
2020,TEA_operacional,solo_secundario,SERVICIO_SALUD,ATACAMA,18
2020,TEA_operacional,solo_secundario,SERVICIO_SALUD,AYSEN,6
2020,TEA_operacional,solo_secundario,SERVICIO_SALUD,BIOBIO,84
2020,TEA_operacional,solo_secundario,SERVICIO_SALUD,CHILOÉ,10
2020,TEA_operacional,solo_secundario,SERVICIO_SALUD,CONCEPCIÓN,68
2020,TEA_operacional,solo_secundario,SERVICIO_SALUD,COQUIMBO,76
2020,TEA_operacional,solo_secundario,SERVICIO_SALUD,DEL MAULE,70
2020,TEA_operacional,solo_secundario,SERVICIO_SALUD,DEL RELONCAVÍ,34
2020,TEA_operacional,solo_secundario,SERVICIO_SALUD,IQUIQUE,27
2020,TEA_operacional,solo_secundario,SERVICIO_SALUD,LIBERTADOR B. O HIGGINS,52
2020,TEA_operacional,solo_secundario,SERVICIO_SALUD,MAGALLANES,35
2020,TEA_operacional,solo_secundario,SERVICIO_SALUD,METROPOLITANO CENTRAL,84
2020,TEA_operacional,solo_secundario,SERVICIO_SALUD,METROPOLITANO NORTE,51
2020,TEA_operacional,solo_secundario,SERVICIO_SALUD,METROPOLITANO OCCIDENTE,53
2020,TEA_operacional,solo_secundario,SERVICIO_SALUD,METROPOLITANO ORIENTE,31
2020,TEA_operacional,solo_secundario,SERVICIO_SALUD,METROPOLITANO SUR,87
2020,TEA_operacional,solo_secundario,SERVICIO_SALUD,METROPOLITANO SURORIENTE,105
2020,TEA_operacional,solo_secundario,SERVICIO_SALUD,OSORNO,28
2020,TEA_operacional,solo_secundario,SERVICIO_SALUD,TALCAHUANO,47
2020,TEA_operacional,solo_secundario,SERVICIO_SALUD,VALDIVIA,46
2020,TEA_operacional,solo_secundario,SERVICIO_SALUD,VALPARAISO SAN ANTONIO,41
2020,TEA_operacional,solo_secundario,SERVICIO_SALUD,VIÑA DEL MAR QUILLOTA,102
2020,TEA_operacional,solo_secundario,SERVICIO_SALUD,ÑUBLE,62
2021,TEA_operacional,principal,SERVICIO_SALUD,ANTOFAGASTA,35
2021,TEA_operacional,principal,SERVICIO_SALUD,ARAUCANÍA NORTE,1
2021,TEA_operacional,principal,SERVICIO_SALUD,ARAUCANÍA SUR,11
2021,TEA_operacional,principal,SERVICIO_SALUD,ARICA,10
2021,TEA_operacional,principal,SERVICIO_SALUD,ATACAMA,3
2021,TEA_operacional,principal,SERVICIO_SALUD,AYSEN,5
2021,TEA_operacional,principal,SERVICIO_SALUD,BIOBIO,7
2021,TEA_operacional,principal,SERVICIO_SALUD,CONCEPCIÓN,3
2021,TEA_operacional,principal,SERVICIO_SALUD,COQUIMBO,2
2021,TEA_operacional,principal,SERVICIO_SALUD,DEL MAULE,4
2021,TEA_operacional,principal,SERVICIO_SALUD,DEL RELONCAVÍ,4
2021,TEA_operacional,principal,SERVICIO_SALUD,IQUIQUE,10
2021,TEA_operacional,principal,SERVICIO_SALUD,LIBERTADOR B. O HIGGINS,6
2021,TEA_operacional,principal,SERVICIO_SALUD,MAGALLANES,11
2021,TEA_operacional,principal,SERVICIO_SALUD,METROPOLITANO CENTRAL,8
2021,TEA_operacional,principal,SERVICIO_SALUD,METROPOLITANO NORTE,1
2021,TEA_operacional,principal,SERVICIO_SALUD,METROPOLITANO OCCIDENTE,3
2021,TEA_operacional,principal,SERVICIO_SALUD,METROPOLITANO ORIENTE,5
2021,TEA_operacional,principal,SERVICIO_SALUD,METROPOLITANO SUR,5
2021,TEA_operacional,principal,SERVICIO_SALUD,METROPOLITANO SURORIENTE,11
2021,TEA_operacional,principal,SERVICIO_SALUD,OSORNO,6
2021,TEA_operacional,principal,SERVICIO_SALUD,TALCAHUANO,7
2021,TEA_operacional,principal,SERVICIO_SALUD,VALDIVIA,4
2021,TEA_operacional,principal,SERVICIO_SALUD,VALPARAISO SAN ANTONIO,2
2021,TEA_operacional,principal,SERVICIO_SALUD,VIÑA DEL MAR QUILLOTA,4
2021,TEA_operacional,principal,SERVICIO_SALUD,ÑUBLE,15
2021,TEA_operacional,principal_y_secundario,SERVICIO_SALUD,CONCEPCIÓN,1
2021,TEA_operacional,principal_y_secundario,SERVICIO_SALUD,METROPOLITANO SUR,1
2021,TEA_operacional,principal_y_secundario,SERVICIO_SALUD,METROPOLITANO SURORIENTE,1
2021,TEA_operacional,solo_secundario,SERVICIO_SALUD,ACONCAGUA,27
2021,TEA_operacional,solo_secundario,SERVICIO_SALUD,ANTOFAGASTA,112
2021,TEA_operacional,solo_secundario,SERVICIO_SALUD,ARAUCANÍA NORTE,25
2021,TEA_operacional,solo_secundario,SERVICIO_SALUD,ARAUCANÍA SUR,89
2021,TEA_operacional,solo_secundario,SERVICIO_SALUD,ARAUCO,19
2021,TEA_operacional,solo_secundario,SERVICIO_SALUD,ARICA,58
2021,TEA_operacional,solo_secundario,SERVICIO_SALUD,ATACAMA,22
2021,TEA_operacional,solo_secundario,SERVICIO_SALUD,AYSEN,11
2021,TEA_operacional,solo_secundario,SERVICIO_SALUD,BIOBIO,68
2021,TEA_operacional,solo_secundario,SERVICIO_SALUD,CHILOÉ,14
2021,TEA_operacional,solo_secundario,SERVICIO_SALUD,CONCEPCIÓN,111
2021,TEA_operacional,solo_secundario,SERVICIO_SALUD,COQUIMBO,136
2021,TEA_operacional,solo_secundario,SERVICIO_SALUD,DEL MAULE,80
2021,TEA_operacional,solo_secundario,SERVICIO_SALUD,DEL RELONCAVÍ,47
2021,TEA_operacional,solo_secundario,SERVICIO_SALUD,IQUIQUE,34
2021,TEA_operacional,solo_secundario,SERVICIO_SALUD,LIBERTADOR B. O HIGGINS,91
2021,TEA_operacional,solo_secundario,SERVICIO_SALUD,MAGALLANES,37
2021,TEA_operacional,solo_secundario,SERVICIO_SALUD,METROPOLITANO CENTRAL,86
2021,TEA_operacional,solo_secundario,SERVICIO_SALUD,METROPOLITANO NORTE,93
2021,TEA_operacional,solo_secundario,SERVICIO_SALUD,METROPOLITANO OCCIDENTE,87
2021,TEA_operacional,solo_secundario,SERVICIO_SALUD,METROPOLITANO ORIENTE,64
2021,TEA_operacional,solo_secundario,SERVICIO_SALUD,METROPOLITANO SUR,178
2021,TEA_operacional,solo_secundario,SERVICIO_SALUD,METROPOLITANO SURORIENTE,246
2021,TEA_operacional,solo_secundario,SERVICIO_SALUD,NO APLICA,1
2021,TEA_operacional,solo_secundario,SERVICIO_SALUD,OSORNO,45
2021,TEA_operacional,solo_secundario,SERVICIO_SALUD,TALCAHUANO,70
2021,TEA_operacional,solo_secundario,SERVICIO_SALUD,VALDIVIA,34
2021,TEA_operacional,solo_secundario,SERVICIO_SALUD,VALPARAISO SAN ANTONIO,40
2021,TEA_operacional,solo_secundario,SERVICIO_SALUD,VIÑA DEL MAR QUILLOTA,104
2021,TEA_operacional,solo_secundario,SERVICIO_SALUD,ÑUBLE,140
2022,TEA_operacional,principal,SERVICIO_SALUD,ANTOFAGASTA,35
2022,TEA_operacional,principal,SERVICIO_SALUD,ARAUCANÍA NORTE,4
2022,TEA_operacional,principal,SERVICIO_SALUD,ARAUCANÍA SUR,8
2022,TEA_operacional,principal,SERVICIO_SALUD,ARAUCO,1
2022,TEA_operacional,principal,SERVICIO_SALUD,ARICA,16
2022,TEA_operacional,principal,SERVICIO_SALUD,ATACAMA,2
2022,TEA_operacional,principal,SERVICIO_SALUD,AYSEN,3
2022,TEA_operacional,principal,SERVICIO_SALUD,BIOBIO,15
2022,TEA_operacional,principal,SERVICIO_SALUD,CHILOÉ,4
2022,TEA_operacional,principal,SERVICIO_SALUD,CONCEPCIÓN,7
2022,TEA_operacional,principal,SERVICIO_SALUD,COQUIMBO,11
2022,TEA_operacional,principal,SERVICIO_SALUD,DEL MAULE,2
2022,TEA_operacional,principal,SERVICIO_SALUD,DEL RELONCAVÍ,12
2022,TEA_operacional,principal,SERVICIO_SALUD,IQUIQUE,22
2022,TEA_operacional,principal,SERVICIO_SALUD,LIBERTADOR B. O HIGGINS,2
2022,TEA_operacional,principal,SERVICIO_SALUD,MAGALLANES,17
2022,TEA_operacional,principal,SERVICIO_SALUD,METROPOLITANO CENTRAL,26
2022,TEA_operacional,principal,SERVICIO_SALUD,METROPOLITANO NORTE,6
2022,TEA_operacional,principal,SERVICIO_SALUD,METROPOLITANO OCCIDENTE,3
2022,TEA_operacional,principal,SERVICIO_SALUD,METROPOLITANO ORIENTE,3
2022,TEA_operacional,principal,SERVICIO_SALUD,METROPOLITANO SUR,10
2022,TEA_operacional,principal,SERVICIO_SALUD,METROPOLITANO SURORIENTE,22
2022,TEA_operacional,principal,SERVICIO_SALUD,OSORNO,10
2022,TEA_operacional,principal,SERVICIO_SALUD,TALCAHUANO,8
2022,TEA_operacional,principal,SERVICIO_SALUD,VALDIVIA,6
2022,TEA_operacional,principal,SERVICIO_SALUD,VALPARAISO SAN ANTONIO,2
2022,TEA_operacional,principal,SERVICIO_SALUD,VIÑA DEL MAR QUILLOTA,4
2022,TEA_operacional,principal,SERVICIO_SALUD,ÑUBLE,25
2022,TEA_operacional,principal_y_secundario,SERVICIO_SALUD,ANTOFAGASTA,1
2022,TEA_operacional,principal_y_secundario,SERVICIO_SALUD,DEL MAULE,1
2022,TEA_operacional,principal_y_secundario,SERVICIO_SALUD,IQUIQUE,1
2022,TEA_operacional,principal_y_secundario,SERVICIO_SALUD,METROPOLITANO SURORIENTE,2
2022,TEA_operacional,principal_y_secundario,SERVICIO_SALUD,OSORNO,1
2022,TEA_operacional,principal_y_secundario,SERVICIO_SALUD,ÑUBLE,2
2022,TEA_operacional,solo_secundario,SERVICIO_SALUD,ACONCAGUA,32
2022,TEA_operacional,solo_secundario,SERVICIO_SALUD,ANTOFAGASTA,176
2022,TEA_operacional,solo_secundario,SERVICIO_SALUD,ARAUCANÍA NORTE,61
2022,TEA_operacional,solo_secundario,SERVICIO_SALUD,ARAUCANÍA SUR,138
2022,TEA_operacional,solo_secundario,SERVICIO_SALUD,ARAUCO,29
2022,TEA_operacional,solo_secundario,SERVICIO_SALUD,ARICA,87
2022,TEA_operacional,solo_secundario,SERVICIO_SALUD,ATACAMA,53
2022,TEA_operacional,solo_secundario,SERVICIO_SALUD,AYSEN,27
2022,TEA_operacional,solo_secundario,SERVICIO_SALUD,BIOBIO,83
2022,TEA_operacional,solo_secundario,SERVICIO_SALUD,CHILOÉ,11
2022,TEA_operacional,solo_secundario,SERVICIO_SALUD,CONCEPCIÓN,158
2022,TEA_operacional,solo_secundario,SERVICIO_SALUD,COQUIMBO,225
2022,TEA_operacional,solo_secundario,SERVICIO_SALUD,DEL MAULE,186
2022,TEA_operacional,solo_secundario,SERVICIO_SALUD,DEL RELONCAVÍ,75
2022,TEA_operacional,solo_secundario,SERVICIO_SALUD,IQUIQUE,70
2022,TEA_operacional,solo_secundario,SERVICIO_SALUD,LIBERTADOR B. O HIGGINS,149
2022,TEA_operacional,solo_secundario,SERVICIO_SALUD,MAGALLANES,43
2022,TEA_operacional,solo_secundario,SERVICIO_SALUD,METROPOLITANO CENTRAL,149
2022,TEA_operacional,solo_secundario,SERVICIO_SALUD,METROPOLITANO NORTE,161
2022,TEA_operacional,solo_secundario,SERVICIO_SALUD,METROPOLITANO OCCIDENTE,131
2022,TEA_operacional,solo_secundario,SERVICIO_SALUD,METROPOLITANO ORIENTE,102
2022,TEA_operacional,solo_secundario,SERVICIO_SALUD,METROPOLITANO SUR,287
2022,TEA_operacional,solo_secundario,SERVICIO_SALUD,METROPOLITANO SURORIENTE,374
2022,TEA_operacional,solo_secundario,SERVICIO_SALUD,OSORNO,58
2022,TEA_operacional,solo_secundario,SERVICIO_SALUD,TALCAHUANO,147
2022,TEA_operacional,solo_secundario,SERVICIO_SALUD,VALDIVIA,57
2022,TEA_operacional,solo_secundario,SERVICIO_SALUD,VALPARAISO SAN ANTONIO,98
2022,TEA_operacional,solo_secundario,SERVICIO_SALUD,VIÑA DEL MAR QUILLOTA,195
2022,TEA_operacional,solo_secundario,SERVICIO_SALUD,ÑUBLE,195
2023,TEA_operacional,principal,SERVICIO_SALUD,ANTOFAGASTA,35
2023,TEA_operacional,principal,SERVICIO_SALUD,ARAUCANÍA NORTE,9
2023,TEA_operacional,principal,SERVICIO_SALUD,ARAUCANÍA SUR,23
2023,TEA_operacional,principal,SERVICIO_SALUD,ARICA,13
2023,TEA_operacional,principal,SERVICIO_SALUD,ATACAMA,4
2023,TEA_operacional,principal,SERVICIO_SALUD,AYSEN,4
2023,TEA_operacional,principal,SERVICIO_SALUD,BIOBIO,12
2023,TEA_operacional,principal,SERVICIO_SALUD,CONCEPCIÓN,16
2023,TEA_operacional,principal,SERVICIO_SALUD,COQUIMBO,2
2023,TEA_operacional,principal,SERVICIO_SALUD,DEL MAULE,5
2023,TEA_operacional,principal,SERVICIO_SALUD,DEL RELONCAVÍ,11
2023,TEA_operacional,principal,SERVICIO_SALUD,IQUIQUE,27
2023,TEA_operacional,principal,SERVICIO_SALUD,LIBERTADOR B. O HIGGINS,7
2023,TEA_operacional,principal,SERVICIO_SALUD,MAGALLANES,4
2023,TEA_operacional,principal,SERVICIO_SALUD,METROPOLITANO CENTRAL,70
2023,TEA_operacional,principal,SERVICIO_SALUD,METROPOLITANO NORTE,7
2023,TEA_operacional,principal,SERVICIO_SALUD,METROPOLITANO OCCIDENTE,4
2023,TEA_operacional,principal,SERVICIO_SALUD,METROPOLITANO ORIENTE,7
2023,TEA_operacional,principal,SERVICIO_SALUD,METROPOLITANO SUR,7
2023,TEA_operacional,principal,SERVICIO_SALUD,METROPOLITANO SURORIENTE,34
2023,TEA_operacional,principal,SERVICIO_SALUD,OSORNO,11
2023,TEA_operacional,principal,SERVICIO_SALUD,TALCAHUANO,9
2023,TEA_operacional,principal,SERVICIO_SALUD,VALDIVIA,3
2023,TEA_operacional,principal,SERVICIO_SALUD,VALPARAISO SAN ANTONIO,1
2023,TEA_operacional,principal,SERVICIO_SALUD,VIÑA DEL MAR QUILLOTA,6
2023,TEA_operacional,principal,SERVICIO_SALUD,ÑUBLE,20
2023,TEA_operacional,principal_y_secundario,SERVICIO_SALUD,ARAUCANÍA SUR,2
2023,TEA_operacional,principal_y_secundario,SERVICIO_SALUD,BIOBIO,1
2023,TEA_operacional,principal_y_secundario,SERVICIO_SALUD,METROPOLITANO OCCIDENTE,1
2023,TEA_operacional,principal_y_secundario,SERVICIO_SALUD,METROPOLITANO ORIENTE,1
2023,TEA_operacional,principal_y_secundario,SERVICIO_SALUD,METROPOLITANO SURORIENTE,1
2023,TEA_operacional,principal_y_secundario,SERVICIO_SALUD,ÑUBLE,1
2023,TEA_operacional,solo_secundario,SERVICIO_SALUD,ACONCAGUA,62
2023,TEA_operacional,solo_secundario,SERVICIO_SALUD,ANTOFAGASTA,373
2023,TEA_operacional,solo_secundario,SERVICIO_SALUD,ARAUCANÍA NORTE,94
2023,TEA_operacional,solo_secundario,SERVICIO_SALUD,ARAUCANÍA SUR,241
2023,TEA_operacional,solo_secundario,SERVICIO_SALUD,ARAUCO,61
2023,TEA_operacional,solo_secundario,SERVICIO_SALUD,ARICA,152
2023,TEA_operacional,solo_secundario,SERVICIO_SALUD,ATACAMA,101
2023,TEA_operacional,solo_secundario,SERVICIO_SALUD,AYSEN,41
2023,TEA_operacional,solo_secundario,SERVICIO_SALUD,BIOBIO,178
2023,TEA_operacional,solo_secundario,SERVICIO_SALUD,CHILOÉ,45
2023,TEA_operacional,solo_secundario,SERVICIO_SALUD,CONCEPCIÓN,330
2023,TEA_operacional,solo_secundario,SERVICIO_SALUD,COQUIMBO,360
2023,TEA_operacional,solo_secundario,SERVICIO_SALUD,DEL MAULE,314
2023,TEA_operacional,solo_secundario,SERVICIO_SALUD,DEL RELONCAVÍ,123
2023,TEA_operacional,solo_secundario,SERVICIO_SALUD,DESCONOCIDO,5
2023,TEA_operacional,solo_secundario,SERVICIO_SALUD,IQUIQUE,103
2023,TEA_operacional,solo_secundario,SERVICIO_SALUD,LIBERTADOR B. O HIGGINS,219
2023,TEA_operacional,solo_secundario,SERVICIO_SALUD,MAGALLANES,78
2023,TEA_operacional,solo_secundario,SERVICIO_SALUD,METROPOLITANO CENTRAL,283
2023,TEA_operacional,solo_secundario,SERVICIO_SALUD,METROPOLITANO NORTE,222
2023,TEA_operacional,solo_secundario,SERVICIO_SALUD,METROPOLITANO OCCIDENTE,250
2023,TEA_operacional,solo_secundario,SERVICIO_SALUD,METROPOLITANO ORIENTE,160
2023,TEA_operacional,solo_secundario,SERVICIO_SALUD,METROPOLITANO SUR,398
2023,TEA_operacional,solo_secundario,SERVICIO_SALUD,METROPOLITANO SURORIENTE,646
2023,TEA_operacional,solo_secundario,SERVICIO_SALUD,OSORNO,87
2023,TEA_operacional,solo_secundario,SERVICIO_SALUD,TALCAHUANO,196
2023,TEA_operacional,solo_secundario,SERVICIO_SALUD,VALDIVIA,86
2023,TEA_operacional,solo_secundario,SERVICIO_SALUD,VALPARAISO SAN ANTONIO,171
2023,TEA_operacional,solo_secundario,SERVICIO_SALUD,VIÑA DEL MAR QUILLOTA,375
2023,TEA_operacional,solo_secundario,SERVICIO_SALUD,ÑUBLE,294
2024,TEA_operacional,principal,SERVICIO_SALUD,ACONCAGUA,2
2024,TEA_operacional,principal,SERVICIO_SALUD,ANTOFAGASTA,26
2024,TEA_operacional,principal,SERVICIO_SALUD,ARAUCANÍA NORTE,13
2024,TEA_operacional,principal,SERVICIO_SALUD,ARAUCANÍA SUR,27
2024,TEA_operacional,principal,SERVICIO_SALUD,ARICA,12
2024,TEA_operacional,principal,SERVICIO_SALUD,ATACAMA,1
2024,TEA_operacional,principal,SERVICIO_SALUD,AYSEN,14
2024,TEA_operacional,principal,SERVICIO_SALUD,BIOBIO,7
2024,TEA_operacional,principal,SERVICIO_SALUD,CHILOÉ,2
2024,TEA_operacional,principal,SERVICIO_SALUD,CONCEPCIÓN,15
2024,TEA_operacional,principal,SERVICIO_SALUD,COQUIMBO,6
2024,TEA_operacional,principal,SERVICIO_SALUD,DEL MAULE,11
2024,TEA_operacional,principal,SERVICIO_SALUD,DEL RELONCAVÍ,17
2024,TEA_operacional,principal,SERVICIO_SALUD,DESCONOCIDO,1
2024,TEA_operacional,principal,SERVICIO_SALUD,IQUIQUE,33
2024,TEA_operacional,principal,SERVICIO_SALUD,LIBERTADOR B. O HIGGINS,7
2024,TEA_operacional,principal,SERVICIO_SALUD,MAGALLANES,11
2024,TEA_operacional,principal,SERVICIO_SALUD,METROPOLITANO CENTRAL,47
2024,TEA_operacional,principal,SERVICIO_SALUD,METROPOLITANO NORTE,9
2024,TEA_operacional,principal,SERVICIO_SALUD,METROPOLITANO OCCIDENTE,4
2024,TEA_operacional,principal,SERVICIO_SALUD,METROPOLITANO ORIENTE,11
2024,TEA_operacional,principal,SERVICIO_SALUD,METROPOLITANO SUR,16
2024,TEA_operacional,principal,SERVICIO_SALUD,METROPOLITANO SURORIENTE,26
2024,TEA_operacional,principal,SERVICIO_SALUD,OSORNO,6
2024,TEA_operacional,principal,SERVICIO_SALUD,TALCAHUANO,13
2024,TEA_operacional,principal,SERVICIO_SALUD,VALDIVIA,5
2024,TEA_operacional,principal,SERVICIO_SALUD,VALPARAISO SAN ANTONIO,1
2024,TEA_operacional,principal,SERVICIO_SALUD,VIÑA DEL MAR QUILLOTA,5
2024,TEA_operacional,principal,SERVICIO_SALUD,ÑUBLE,25
2024,TEA_operacional,principal_y_secundario,SERVICIO_SALUD,ANTOFAGASTA,2
2024,TEA_operacional,principal_y_secundario,SERVICIO_SALUD,ATACAMA,1
2024,TEA_operacional,principal_y_secundario,SERVICIO_SALUD,BIOBIO,1
2024,TEA_operacional,principal_y_secundario,SERVICIO_SALUD,DEL MAULE,1
2024,TEA_operacional,principal_y_secundario,SERVICIO_SALUD,DEL RELONCAVÍ,3
2024,TEA_operacional,principal_y_secundario,SERVICIO_SALUD,METROPOLITANO ORIENTE,2
2024,TEA_operacional,principal_y_secundario,SERVICIO_SALUD,METROPOLITANO SURORIENTE,3
2024,TEA_operacional,principal_y_secundario,SERVICIO_SALUD,ÑUBLE,2
2024,TEA_operacional,solo_secundario,SERVICIO_SALUD,ACONCAGUA,63
2024,TEA_operacional,solo_secundario,SERVICIO_SALUD,ANTOFAGASTA,450
2024,TEA_operacional,solo_secundario,SERVICIO_SALUD,ARAUCANÍA NORTE,109
2024,TEA_operacional,solo_secundario,SERVICIO_SALUD,ARAUCANÍA SUR,420
2024,TEA_operacional,solo_secundario,SERVICIO_SALUD,ARAUCO,48
2024,TEA_operacional,solo_secundario,SERVICIO_SALUD,ARICA,172
2024,TEA_operacional,solo_secundario,SERVICIO_SALUD,ATACAMA,105
2024,TEA_operacional,solo_secundario,SERVICIO_SALUD,AYSEN,57
2024,TEA_operacional,solo_secundario,SERVICIO_SALUD,BIOBIO,210
2024,TEA_operacional,solo_secundario,SERVICIO_SALUD,CHILOÉ,61
2024,TEA_operacional,solo_secundario,SERVICIO_SALUD,CONCEPCIÓN,433
2024,TEA_operacional,solo_secundario,SERVICIO_SALUD,COQUIMBO,553
2024,TEA_operacional,solo_secundario,SERVICIO_SALUD,DEL MAULE,475
2024,TEA_operacional,solo_secundario,SERVICIO_SALUD,DEL RELONCAVÍ,161
2024,TEA_operacional,solo_secundario,SERVICIO_SALUD,DESCONOCIDO,3
2024,TEA_operacional,solo_secundario,SERVICIO_SALUD,IQUIQUE,194
2024,TEA_operacional,solo_secundario,SERVICIO_SALUD,LIBERTADOR B. O HIGGINS,299
2024,TEA_operacional,solo_secundario,SERVICIO_SALUD,MAGALLANES,75
2024,TEA_operacional,solo_secundario,SERVICIO_SALUD,METROPOLITANO CENTRAL,427
2024,TEA_operacional,solo_secundario,SERVICIO_SALUD,METROPOLITANO NORTE,276
2024,TEA_operacional,solo_secundario,SERVICIO_SALUD,METROPOLITANO OCCIDENTE,325
2024,TEA_operacional,solo_secundario,SERVICIO_SALUD,METROPOLITANO ORIENTE,229
2024,TEA_operacional,solo_secundario,SERVICIO_SALUD,METROPOLITANO SUR,606
2024,TEA_operacional,solo_secundario,SERVICIO_SALUD,METROPOLITANO SURORIENTE,769
2024,TEA_operacional,solo_secundario,SERVICIO_SALUD,OSORNO,146
2024,TEA_operacional,solo_secundario,SERVICIO_SALUD,TALCAHUANO,359
2024,TEA_operacional,solo_secundario,SERVICIO_SALUD,VALDIVIA,100
2024,TEA_operacional,solo_secundario,SERVICIO_SALUD,VALPARAISO SAN ANTONIO,305
2024,TEA_operacional,solo_secundario,SERVICIO_SALUD,VIÑA DEL MAR QUILLOTA,545
2024,TEA_operacional,solo_secundario,SERVICIO_SALUD,ÑUBLE,353
2019,TEA_operacional,principal,NACIONALIDAD,BOLIVIA (ESTADO PLURINACIONAL DE),1
2019,TEA_operacional,principal,NACIONALIDAD,CHILE,209
2019,TEA_operacional,principal,NACIONALIDAD,COLOMBIA,1
2019,TEA_operacional,principal,NACIONALIDAD,DESCONOCIDO,5
2019,TEA_operacional,principal,NACIONALIDAD,PERÚ,2
2019,TEA_operacional,principal,NACIONALIDAD,VENEZUELA (REPÚBLICA BOLIVARIANA DE),3
2019,TEA_operacional,principal_y_secundario,NACIONALIDAD,CHILE,6
2019,TEA_operacional,solo_secundario,NACIONALIDAD,BOLIVIA (ESTADO PLURINACIONAL DE),5
2019,TEA_operacional,solo_secundario,NACIONALIDAD,BRASIL,1
2019,TEA_operacional,solo_secundario,NACIONALIDAD,CHILE,2043
2019,TEA_operacional,solo_secundario,NACIONALIDAD,COLOMBIA,1
2019,TEA_operacional,solo_secundario,NACIONALIDAD,DESCONOCIDO,26
2019,TEA_operacional,solo_secundario,NACIONALIDAD,ESPAÑA,1
2019,TEA_operacional,solo_secundario,NACIONALIDAD,HAITÍ,2
2019,TEA_operacional,solo_secundario,NACIONALIDAD,HONDURAS,1
2019,TEA_operacional,solo_secundario,NACIONALIDAD,PARAGUAY,1
2019,TEA_operacional,solo_secundario,NACIONALIDAD,PERÚ,3
2019,TEA_operacional,solo_secundario,NACIONALIDAD,VENEZUELA (REPÚBLICA BOLIVARIANA DE),13
2020,TEA_operacional,principal,NACIONALIDAD,CHILE,151
2020,TEA_operacional,principal,NACIONALIDAD,VENEZUELA (REPÚBLICA BOLIVARIANA DE),1
2020,TEA_operacional,principal_y_secundario,NACIONALIDAD,CHILE,5
2020,TEA_operacional,solo_secundario,NACIONALIDAD,BOLIVIA (ESTADO PLURINACIONAL DE),1
2020,TEA_operacional,solo_secundario,NACIONALIDAD,CHILE,1424
2020,TEA_operacional,solo_secundario,NACIONALIDAD,COLOMBIA,2
2020,TEA_operacional,solo_secundario,NACIONALIDAD,ECUADOR,1
2020,TEA_operacional,solo_secundario,NACIONALIDAD,HAITÍ,1
2020,TEA_operacional,solo_secundario,NACIONALIDAD,URUGUAY,1
2020,TEA_operacional,solo_secundario,NACIONALIDAD,VENEZUELA (REPÚBLICA BOLIVARIANA DE),11
2021,TEA_operacional,principal,NACIONALIDAD,BOLIVIA (ESTADO PLURINACIONAL DE),1
2021,TEA_operacional,principal,NACIONALIDAD,CHILE,177
2021,TEA_operacional,principal,NACIONALIDAD,GRECIA,2
2021,TEA_operacional,principal,NACIONALIDAD,VENEZUELA (REPÚBLICA BOLIVARIANA DE),3
2021,TEA_operacional,principal_y_secundario,NACIONALIDAD,CHILE,3
2021,TEA_operacional,solo_secundario,NACIONALIDAD,BOLIVIA (ESTADO PLURINACIONAL DE),4
2021,TEA_operacional,solo_secundario,NACIONALIDAD,BRASIL,1
2021,TEA_operacional,solo_secundario,NACIONALIDAD,CHILE,2129
2021,TEA_operacional,solo_secundario,NACIONALIDAD,EUROPA,2
2021,TEA_operacional,solo_secundario,NACIONALIDAD,HAITÍ,1
2021,TEA_operacional,solo_secundario,NACIONALIDAD,PARAGUAY,1
2021,TEA_operacional,solo_secundario,NACIONALIDAD,PERÚ,4
2021,TEA_operacional,solo_secundario,NACIONALIDAD,VENEZUELA (REPÚBLICA BOLIVARIANA DE),27
2022,TEA_operacional,principal,NACIONALIDAD,CHILE,281
2022,TEA_operacional,principal,NACIONALIDAD,COLOMBIA,1
2022,TEA_operacional,principal,NACIONALIDAD,PERÚ,3
2022,TEA_operacional,principal,NACIONALIDAD,VENEZUELA (REPÚBLICA BOLIVARIANA DE),1
2022,TEA_operacional,principal_y_secundario,NACIONALIDAD,CHILE,8
2022,TEA_operacional,solo_secundario,NACIONALIDAD,BOLIVIA (ESTADO PLURINACIONAL DE),5
2022,TEA_operacional,solo_secundario,NACIONALIDAD,BULGARIA,1
2022,TEA_operacional,solo_secundario,NACIONALIDAD,CHILE,3497
2022,TEA_operacional,solo_secundario,NACIONALIDAD,COLOMBIA,4
2022,TEA_operacional,solo_secundario,NACIONALIDAD,CROACIA,1
2022,TEA_operacional,solo_secundario,NACIONALIDAD,ECUADOR,3
2022,TEA_operacional,solo_secundario,NACIONALIDAD,EUROPA,2
2022,TEA_operacional,solo_secundario,NACIONALIDAD,PERÚ,6
2022,TEA_operacional,solo_secundario,NACIONALIDAD,VENEZUELA (REPÚBLICA BOLIVARIANA DE),38
2023,TEA_operacional,principal,NACIONALIDAD,CHILE,312
2023,TEA_operacional,principal,NACIONALIDAD,PERÚ,1
2023,TEA_operacional,principal,NACIONALIDAD,VENEZUELA (REPÚBLICA BOLIVARIANA DE),38
2023,TEA_operacional,principal_y_secundario,NACIONALIDAD,CHILE,7
2023,TEA_operacional,solo_secundario,NACIONALIDAD,BOLIVIA (ESTADO PLURINACIONAL DE),22
2023,TEA_operacional,solo_secundario,NACIONALIDAD,BULGARIA,1
2023,TEA_operacional,solo_secundario,NACIONALIDAD,CHILE,5912
2023,TEA_operacional,solo_secundario,NACIONALIDAD,CHINA,1
2023,TEA_operacional,solo_secundario,NACIONALIDAD,COLOMBIA,9
2023,TEA_operacional,solo_secundario,NACIONALIDAD,ECUADOR,2
2023,TEA_operacional,solo_secundario,NACIONALIDAD,HAITÍ,4
2023,TEA_operacional,solo_secundario,NACIONALIDAD,NICARAGUA,1
2023,TEA_operacional,solo_secundario,NACIONALIDAD,PERÚ,17
2023,TEA_operacional,solo_secundario,NACIONALIDAD,VENEZUELA (REPÚBLICA BOLIVARIANA DE),79
2024,TEA_operacional,principal,NACIONALIDAD,BOLIVIA (ESTADO PLURINACIONAL DE),4
2024,TEA_operacional,principal,NACIONALIDAD,CHILE,362
2024,TEA_operacional,principal,NACIONALIDAD,COLOMBIA,1
2024,TEA_operacional,principal,NACIONALIDAD,PERÚ,1
2024,TEA_operacional,principal,NACIONALIDAD,VENEZUELA (REPÚBLICA BOLIVARIANA DE),5
2024,TEA_operacional,principal_y_secundario,NACIONALIDAD,CHILE,15
2024,TEA_operacional,solo_secundario,NACIONALIDAD,AMÉRICA,1
2024,TEA_operacional,solo_secundario,NACIONALIDAD,ARGENTINA,1
2024,TEA_operacional,solo_secundario,NACIONALIDAD,BOLIVIA (ESTADO PLURINACIONAL DE),18
2024,TEA_operacional,solo_secundario,NACIONALIDAD,BULGARIA,4
2024,TEA_operacional,solo_secundario,NACIONALIDAD,CANADÁ,1
2024,TEA_operacional,solo_secundario,NACIONALIDAD,CHAD,1
2024,TEA_operacional,solo_secundario,NACIONALIDAD,CHILE,8149
2024,TEA_operacional,solo_secundario,NACIONALIDAD,COLOMBIA,17
2024,TEA_operacional,solo_secundario,NACIONALIDAD,ECUADOR,6
2024,TEA_operacional,solo_secundario,NACIONALIDAD,EL SALVADOR,1
2024,TEA_operacional,solo_secundario,NACIONALIDAD,ESPAÑA,1
2024,TEA_operacional,solo_secundario,NACIONALIDAD,ESTADOS UNIDOS DE AMÉRICA,1
2024,TEA_operacional,solo_secundario,NACIONALIDAD,HAITÍ,4
2024,TEA_operacional,solo_secundario,NACIONALIDAD,MÉXICO,2
2024,TEA_operacional,solo_secundario,NACIONALIDAD,PARAGUAY,1
2024,TEA_operacional,solo_secundario,NACIONALIDAD,PERÚ,36
2024,TEA_operacional,solo_secundario,NACIONALIDAD,REPÚBLICA DOMINICANA,1
2024,TEA_operacional,solo_secundario,NACIONALIDAD,VENEZUELA (REPÚBLICA BOLIVARIANA DE),82
2024,TEA_operacional,solo_secundario,NACIONALIDAD,ÁFRICA,1
2019,TEA_operacional,principal,ETNIA,MAPUCHE,2
2019,TEA_operacional,principal,ETNIA,NINGUNA,4
2019,TEA_operacional,principal,ETNIA,NINGUNO,180
2019,TEA_operacional,principal,ETNIA,OTRO,35
2019,TEA_operacional,principal_y_secundario,ETNIA,NINGUNO,5
2019,TEA_operacional,principal_y_secundario,ETNIA,OTRO,1
2019,TEA_operacional,solo_secundario,ETNIA,MAPUCHE,21
2019,TEA_operacional,solo_secundario,ETNIA,NINGUNA,10
2019,TEA_operacional,solo_secundario,ETNIA,NINGUNO,1485
2019,TEA_operacional,solo_secundario,ETNIA,OTRO,581
2020,TEA_operacional,principal,ETNIA,MAPUCHE,1
2020,TEA_operacional,principal,ETNIA,NINGUNO,144
2020,TEA_operacional,principal,ETNIA,OTRO,7
2020,TEA_operacional,principal_y_secundario,ETNIA,NINGUNO,5
2020,TEA_operacional,solo_secundario,ETNIA,AYMARA,3
2020,TEA_operacional,solo_secundario,ETNIA,MAPUCHE,25
2020,TEA_operacional,solo_secundario,ETNIA,NINGUNO,1243
2020,TEA_operacional,solo_secundario,ETNIA,OTRO,170
2021,TEA_operacional,principal,ETNIA,AYMARA,1
2021,TEA_operacional,principal,ETNIA,NINGUNO,178
2021,TEA_operacional,principal,ETNIA,OTRO,4
2021,TEA_operacional,principal_y_secundario,ETNIA,NINGUNO,3
2021,TEA_operacional,solo_secundario,ETNIA,AYMARA,12
2021,TEA_operacional,solo_secundario,ETNIA,MAPUCHE,21
2021,TEA_operacional,solo_secundario,ETNIA,NINGUNO,2104
2021,TEA_operacional,solo_secundario,ETNIA,OTRO,32
2022,TEA_operacional,principal,ETNIA,AYMARA,1
2022,TEA_operacional,principal,ETNIA,OTRO,285
2022,TEA_operacional,principal_y_secundario,ETNIA,OTRO,8
2022,TEA_operacional,solo_secundario,ETNIA,AYMARA,8
2022,TEA_operacional,solo_secundario,ETNIA,MAPUCHE,38
2022,TEA_operacional,solo_secundario,ETNIA,OTRO,3509
2022,TEA_operacional,solo_secundario,ETNIA,RAPA NUI (PASCUENSE),1
2022,TEA_operacional,solo_secundario,ETNIA,YAGÁN (YÁMANA),1
2023,TEA_operacional,principal,ETNIA,AYMARA,2
2023,TEA_operacional,principal,ETNIA,DIAGUITA,1
2023,TEA_operacional,principal,ETNIA,MAPUCHE,10
2023,TEA_operacional,principal,ETNIA,OTRO,338
2023,TEA_operacional,principal_y_secundario,ETNIA,OTRO,7
2023,TEA_operacional,solo_secundario,ETNIA,AYMARA,16
2023,TEA_operacional,solo_secundario,ETNIA,DIAGUITA,1
2023,TEA_operacional,solo_secundario,ETNIA,LICAN ANTAI (ATACAMEÑO),1
2023,TEA_operacional,solo_secundario,ETNIA,MAPUCHE,78
2023,TEA_operacional,solo_secundario,ETNIA,OTRO,5948
2023,TEA_operacional,solo_secundario,ETNIA,QUECHUA,1
2023,TEA_operacional,solo_secundario,ETNIA,RAPA NUI (PASCUENSE),1
2023,TEA_operacional,solo_secundario,ETNIA,YAGÁN (YÁMANA),2
2024,TEA_operacional,principal,ETNIA,AYMARA,4
2024,TEA_operacional,principal,ETNIA,DIAGUITA,1
2024,TEA_operacional,principal,ETNIA,MAPUCHE,9
2024,TEA_operacional,principal,ETNIA,NINGUNO,359
2024,TEA_operacional,principal_y_secundario,ETNIA,NINGUNO,15
2024,TEA_operacional,solo_secundario,ETNIA,AYMARA,28
2024,TEA_operacional,solo_secundario,ETNIA,DIAGUITA,4
2024,TEA_operacional,solo_secundario,ETNIA,KAWÉSQAR,1
2024,TEA_operacional,solo_secundario,ETNIA,LICAN ANTAI (ATACAMEÑO),1
2024,TEA_operacional,solo_secundario,ETNIA,MAPUCHE,150
2024,TEA_operacional,solo_secundario,ETNIA,NINGUNO,8141
2024,TEA_operacional,solo_secundario,ETNIA,QUECHUA,1
2024,TEA_operacional,solo_secundario,ETNIA,RAPA NUI (PASCUENSE),1
2024,TEA_operacional,solo_secundario,ETNIA,YAGÁN (YÁMANA),1
2019,TEA_operacional,principal,IR_29301_SEVERIDAD,0,9
2019,TEA_operacional,principal,IR_29301_SEVERIDAD,1,152
2019,TEA_operacional,principal,IR_29301_SEVERIDAD,2,54
2019,TEA_operacional,principal,IR_29301_SEVERIDAD,3,6
2019,TEA_operacional,principal_y_secundario,IR_29301_SEVERIDAD,1,3
2019,TEA_operacional,principal_y_secundario,IR_29301_SEVERIDAD,2,3
2019,TEA_operacional,solo_secundario,IR_29301_SEVERIDAD,0,322
2019,TEA_operacional,solo_secundario,IR_29301_SEVERIDAD,1,968
2019,TEA_operacional,solo_secundario,IR_29301_SEVERIDAD,2,466
2019,TEA_operacional,solo_secundario,IR_29301_SEVERIDAD,3,341
2020,TEA_operacional,principal,IR_29301_SEVERIDAD,0,2
2020,TEA_operacional,principal,IR_29301_SEVERIDAD,1,101
2020,TEA_operacional,principal,IR_29301_SEVERIDAD,2,37
2020,TEA_operacional,principal,IR_29301_SEVERIDAD,3,12
2020,TEA_operacional,principal_y_secundario,IR_29301_SEVERIDAD,1,5
2020,TEA_operacional,solo_secundario,IR_29301_SEVERIDAD,0,83
2020,TEA_operacional,solo_secundario,IR_29301_SEVERIDAD,1,672
2020,TEA_operacional,solo_secundario,IR_29301_SEVERIDAD,2,410
2020,TEA_operacional,solo_secundario,IR_29301_SEVERIDAD,3,276
2021,TEA_operacional,principal,IR_29301_SEVERIDAD,1,110
2021,TEA_operacional,principal,IR_29301_SEVERIDAD,2,60
2021,TEA_operacional,principal,IR_29301_SEVERIDAD,3,13
2021,TEA_operacional,principal_y_secundario,IR_29301_SEVERIDAD,1,2
2021,TEA_operacional,principal_y_secundario,IR_29301_SEVERIDAD,3,1
2021,TEA_operacional,solo_secundario,IR_29301_SEVERIDAD,0,177
2021,TEA_operacional,solo_secundario,IR_29301_SEVERIDAD,1,995
2021,TEA_operacional,solo_secundario,IR_29301_SEVERIDAD,2,569
2021,TEA_operacional,solo_secundario,IR_29301_SEVERIDAD,3,428
2022,TEA_operacional,principal,IR_29301_SEVERIDAD,1,175
2022,TEA_operacional,principal,IR_29301_SEVERIDAD,2,83
2022,TEA_operacional,principal,IR_29301_SEVERIDAD,3,28
2022,TEA_operacional,principal_y_secundario,IR_29301_SEVERIDAD,1,5
2022,TEA_operacional,principal_y_secundario,IR_29301_SEVERIDAD,2,3
2022,TEA_operacional,solo_secundario,IR_29301_SEVERIDAD,0,348
2022,TEA_operacional,solo_secundario,IR_29301_SEVERIDAD,1,1602
2022,TEA_operacional,solo_secundario,IR_29301_SEVERIDAD,2,859
2022,TEA_operacional,solo_secundario,IR_29301_SEVERIDAD,3,748
2023,TEA_operacional,principal,IR_29301_SEVERIDAD,1,246
2023,TEA_operacional,principal,IR_29301_SEVERIDAD,2,85
2023,TEA_operacional,principal,IR_29301_SEVERIDAD,3,20
2023,TEA_operacional,principal_y_secundario,IR_29301_SEVERIDAD,1,5
2023,TEA_operacional,principal_y_secundario,IR_29301_SEVERIDAD,2,1
2023,TEA_operacional,principal_y_secundario,IR_29301_SEVERIDAD,3,1
2023,TEA_operacional,solo_secundario,IR_29301_SEVERIDAD,0,630
2023,TEA_operacional,solo_secundario,IR_29301_SEVERIDAD,1,2558
2023,TEA_operacional,solo_secundario,IR_29301_SEVERIDAD,2,1442
2023,TEA_operacional,solo_secundario,IR_29301_SEVERIDAD,3,1418
2024,TEA_operacional,principal,IR_29301_SEVERIDAD,1,250
2024,TEA_operacional,principal,IR_29301_SEVERIDAD,2,97
2024,TEA_operacional,principal,IR_29301_SEVERIDAD,3,26
2024,TEA_operacional,principal_y_secundario,IR_29301_SEVERIDAD,1,6
2024,TEA_operacional,principal_y_secundario,IR_29301_SEVERIDAD,2,7
2024,TEA_operacional,principal_y_secundario,IR_29301_SEVERIDAD,3,2
2024,TEA_operacional,solo_secundario,IR_29301_SEVERIDAD,0,1112
2024,TEA_operacional,solo_secundario,IR_29301_SEVERIDAD,1,3393
2024,TEA_operacional,solo_secundario,IR_29301_SEVERIDAD,2,2064
2024,TEA_operacional,solo_secundario,IR_29301_SEVERIDAD,3,1759
2019,TEA_operacional,principal,IR_29301_MORTALIDAD,0,9
2019,TEA_operacional,principal,IR_29301_MORTALIDAD,1,193
2019,TEA_operacional,principal,IR_29301_MORTALIDAD,2,18
2019,TEA_operacional,principal,IR_29301_MORTALIDAD,3,1
2019,TEA_operacional,principal_y_secundario,IR_29301_MORTALIDAD,1,5
2019,TEA_operacional,principal_y_secundario,IR_29301_MORTALIDAD,2,1
2019,TEA_operacional,solo_secundario,IR_29301_MORTALIDAD,0,322
2019,TEA_operacional,solo_secundario,IR_29301_MORTALIDAD,1,1257
2019,TEA_operacional,solo_secundario,IR_29301_MORTALIDAD,2,345
2019,TEA_operacional,solo_secundario,IR_29301_MORTALIDAD,3,173
2020,TEA_operacional,principal,IR_29301_MORTALIDAD,0,2
2020,TEA_operacional,principal,IR_29301_MORTALIDAD,1,119
2020,TEA_operacional,principal,IR_29301_MORTALIDAD,2,29
2020,TEA_operacional,principal,IR_29301_MORTALIDAD,3,2
2020,TEA_operacional,principal_y_secundario,IR_29301_MORTALIDAD,1,5
2020,TEA_operacional,solo_secundario,IR_29301_MORTALIDAD,0,83
2020,TEA_operacional,solo_secundario,IR_29301_MORTALIDAD,1,926
2020,TEA_operacional,solo_secundario,IR_29301_MORTALIDAD,2,311
2020,TEA_operacional,solo_secundario,IR_29301_MORTALIDAD,3,121
2021,TEA_operacional,principal,IR_29301_MORTALIDAD,1,149
2021,TEA_operacional,principal,IR_29301_MORTALIDAD,2,32
2021,TEA_operacional,principal,IR_29301_MORTALIDAD,3,2
2021,TEA_operacional,principal_y_secundario,IR_29301_MORTALIDAD,1,2
2021,TEA_operacional,principal_y_secundario,IR_29301_MORTALIDAD,3,1
2021,TEA_operacional,solo_secundario,IR_29301_MORTALIDAD,0,177
2021,TEA_operacional,solo_secundario,IR_29301_MORTALIDAD,1,1376
2021,TEA_operacional,solo_secundario,IR_29301_MORTALIDAD,2,406
2021,TEA_operacional,solo_secundario,IR_29301_MORTALIDAD,3,210
2022,TEA_operacional,principal,IR_29301_MORTALIDAD,1,232
2022,TEA_operacional,principal,IR_29301_MORTALIDAD,2,51
2022,TEA_operacional,principal,IR_29301_MORTALIDAD,3,3
2022,TEA_operacional,principal_y_secundario,IR_29301_MORTALIDAD,1,8
2022,TEA_operacional,solo_secundario,IR_29301_MORTALIDAD,0,348
2022,TEA_operacional,solo_secundario,IR_29301_MORTALIDAD,1,2160
2022,TEA_operacional,solo_secundario,IR_29301_MORTALIDAD,2,630
2022,TEA_operacional,solo_secundario,IR_29301_MORTALIDAD,3,419
2023,TEA_operacional,principal,IR_29301_MORTALIDAD,1,307
2023,TEA_operacional,principal,IR_29301_MORTALIDAD,2,43
2023,TEA_operacional,principal,IR_29301_MORTALIDAD,3,1
2023,TEA_operacional,principal_y_secundario,IR_29301_MORTALIDAD,1,6
2023,TEA_operacional,principal_y_secundario,IR_29301_MORTALIDAD,2,1
2023,TEA_operacional,solo_secundario,IR_29301_MORTALIDAD,0,630
2023,TEA_operacional,solo_secundario,IR_29301_MORTALIDAD,1,3509
2023,TEA_operacional,solo_secundario,IR_29301_MORTALIDAD,2,1023
2023,TEA_operacional,solo_secundario,IR_29301_MORTALIDAD,3,886
2024,TEA_operacional,principal,IR_29301_MORTALIDAD,1,325
2024,TEA_operacional,principal,IR_29301_MORTALIDAD,2,45
2024,TEA_operacional,principal,IR_29301_MORTALIDAD,3,3
2024,TEA_operacional,principal_y_secundario,IR_29301_MORTALIDAD,1,11
2024,TEA_operacional,principal_y_secundario,IR_29301_MORTALIDAD,2,3
2024,TEA_operacional,principal_y_secundario,IR_29301_MORTALIDAD,3,1
2024,TEA_operacional,solo_secundario,IR_29301_MORTALIDAD,0,1112
2024,TEA_operacional,solo_secundario,IR_29301_MORTALIDAD,1,4807
2024,TEA_operacional,solo_secundario,IR_29301_MORTALIDAD,2,1278
2024,TEA_operacional,solo_secundario,IR_29301_MORTALIDAD,3,1131
2019,TEA_operacional,principal,prevision_grupo,FONASA MAI A,88
2019,TEA_operacional,principal,prevision_grupo,FONASA MAI B,75
2019,TEA_operacional,principal,prevision_grupo,FONASA MAI C,23
2019,TEA_operacional,principal,prevision_grupo,FONASA MAI D,27
2019,TEA_operacional,principal,prevision_grupo,ISAPRE,8
2019,TEA_operacional,principal_y_secundario,prevision_grupo,FONASA MAI A,3
2019,TEA_operacional,principal_y_secundario,prevision_grupo,FONASA MAI B,1
2019,TEA_operacional,principal_y_secundario,prevision_grupo,FONASA MAI C,1
2019,TEA_operacional,principal_y_secundario,prevision_grupo,ISAPRE,1
2019,TEA_operacional,solo_secundario,prevision_grupo,FFAA y de Orden,13
2019,TEA_operacional,solo_secundario,prevision_grupo,FONASA MAI A,722
2019,TEA_operacional,solo_secundario,prevision_grupo,FONASA MAI B,736
2019,TEA_operacional,solo_secundario,prevision_grupo,FONASA MAI C,237
2019,TEA_operacional,solo_secundario,prevision_grupo,FONASA MAI D,309
2019,TEA_operacional,solo_secundario,prevision_grupo,FONASA libre elección,20
2019,TEA_operacional,solo_secundario,prevision_grupo,ISAPRE,42
2019,TEA_operacional,solo_secundario,prevision_grupo,No identificada,8
2019,TEA_operacional,solo_secundario,prevision_grupo,Particular,10
2020,TEA_operacional,principal,prevision_grupo,FFAA y de Orden,1
2020,TEA_operacional,principal,prevision_grupo,FONASA MAI A,57
2020,TEA_operacional,principal,prevision_grupo,FONASA MAI B,57
2020,TEA_operacional,principal,prevision_grupo,FONASA MAI C,16
2020,TEA_operacional,principal,prevision_grupo,FONASA MAI D,18
2020,TEA_operacional,principal,prevision_grupo,ISAPRE,3
2020,TEA_operacional,principal_y_secundario,prevision_grupo,FONASA MAI A,2
2020,TEA_operacional,principal_y_secundario,prevision_grupo,FONASA MAI C,2
2020,TEA_operacional,principal_y_secundario,prevision_grupo,FONASA MAI D,1
2020,TEA_operacional,solo_secundario,prevision_grupo,FFAA y de Orden,5
2020,TEA_operacional,solo_secundario,prevision_grupo,FONASA MAI A,558
2020,TEA_operacional,solo_secundario,prevision_grupo,FONASA MAI B,465
2020,TEA_operacional,solo_secundario,prevision_grupo,FONASA MAI C,164
2020,TEA_operacional,solo_secundario,prevision_grupo,FONASA MAI D,211
2020,TEA_operacional,solo_secundario,prevision_grupo,FONASA libre elección,2
2020,TEA_operacional,solo_secundario,prevision_grupo,ISAPRE,24
2020,TEA_operacional,solo_secundario,prevision_grupo,No identificada,3
2020,TEA_operacional,solo_secundario,prevision_grupo,Particular,9
2021,TEA_operacional,principal,prevision_grupo,FONASA MAI A,55
2021,TEA_operacional,principal,prevision_grupo,FONASA MAI B,79
2021,TEA_operacional,principal,prevision_grupo,FONASA MAI C,14
2021,TEA_operacional,principal,prevision_grupo,FONASA MAI D,26
2021,TEA_operacional,principal,prevision_grupo,ISAPRE,7
2021,TEA_operacional,principal,prevision_grupo,Particular,2
2021,TEA_operacional,principal_y_secundario,prevision_grupo,FONASA MAI A,1
2021,TEA_operacional,principal_y_secundario,prevision_grupo,FONASA MAI B,1
2021,TEA_operacional,principal_y_secundario,prevision_grupo,FONASA MAI D,1
2021,TEA_operacional,solo_secundario,prevision_grupo,FFAA y de Orden,19
2021,TEA_operacional,solo_secundario,prevision_grupo,FONASA MAI A,768
2021,TEA_operacional,solo_secundario,prevision_grupo,FONASA MAI B,725
2021,TEA_operacional,solo_secundario,prevision_grupo,FONASA MAI C,254
2021,TEA_operacional,solo_secundario,prevision_grupo,FONASA MAI D,344
2021,TEA_operacional,solo_secundario,prevision_grupo,FONASA libre elección,8
2021,TEA_operacional,solo_secundario,prevision_grupo,ISAPRE,41
2021,TEA_operacional,solo_secundario,prevision_grupo,Particular,10
2022,TEA_operacional,principal,prevision_grupo,FFAA y de Orden,1
2022,TEA_operacional,principal,prevision_grupo,FONASA MAI A,79
2022,TEA_operacional,principal,prevision_grupo,FONASA MAI B,115
2022,TEA_operacional,principal,prevision_grupo,FONASA MAI C,35
2022,TEA_operacional,principal,prevision_grupo,FONASA MAI D,48
2022,TEA_operacional,principal,prevision_grupo,FONASA libre elección,1
2022,TEA_operacional,principal,prevision_grupo,ISAPRE,6
2022,TEA_operacional,principal,prevision_grupo,Particular,1
2022,TEA_operacional,principal_y_secundario,prevision_grupo,FFAA y de Orden,1
2022,TEA_operacional,principal_y_secundario,prevision_grupo,FONASA MAI A,1
2022,TEA_operacional,principal_y_secundario,prevision_grupo,FONASA MAI B,5
2022,TEA_operacional,principal_y_secundario,prevision_grupo,FONASA MAI C,1
2022,TEA_operacional,solo_secundario,prevision_grupo,FFAA y de Orden,34
2022,TEA_operacional,solo_secundario,prevision_grupo,FONASA MAI A,1227
2022,TEA_operacional,solo_secundario,prevision_grupo,FONASA MAI B,1243
2022,TEA_operacional,solo_secundario,prevision_grupo,FONASA MAI C,405
2022,TEA_operacional,solo_secundario,prevision_grupo,FONASA MAI D,540
2022,TEA_operacional,solo_secundario,prevision_grupo,FONASA libre elección,19
2022,TEA_operacional,solo_secundario,prevision_grupo,ISAPRE,69
2022,TEA_operacional,solo_secundario,prevision_grupo,Particular,20
2023,TEA_operacional,principal,prevision_grupo,FFAA y de Orden,1
2023,TEA_operacional,principal,prevision_grupo,FONASA MAI A,116
2023,TEA_operacional,principal,prevision_grupo,FONASA MAI B,156
2023,TEA_operacional,principal,prevision_grupo,FONASA MAI C,31
2023,TEA_operacional,principal,prevision_grupo,FONASA MAI D,43
2023,TEA_operacional,principal,prevision_grupo,ISAPRE,3
2023,TEA_operacional,principal,prevision_grupo,Particular,1
2023,TEA_operacional,principal_y_secundario,prevision_grupo,FONASA MAI A,4
2023,TEA_operacional,principal_y_secundario,prevision_grupo,FONASA MAI B,2
2023,TEA_operacional,principal_y_secundario,prevision_grupo,FONASA MAI D,1
2023,TEA_operacional,solo_secundario,prevision_grupo,FFAA y de Orden,38
2023,TEA_operacional,solo_secundario,prevision_grupo,FONASA MAI A,2114
2023,TEA_operacional,solo_secundario,prevision_grupo,FONASA MAI B,2025
2023,TEA_operacional,solo_secundario,prevision_grupo,FONASA MAI C,803
2023,TEA_operacional,solo_secundario,prevision_grupo,FONASA MAI D,946
2023,TEA_operacional,solo_secundario,prevision_grupo,FONASA libre elección,33
2023,TEA_operacional,solo_secundario,prevision_grupo,ISAPRE,72
2023,TEA_operacional,solo_secundario,prevision_grupo,Particular,17
2024,TEA_operacional,principal,prevision_grupo,FFAA y de Orden,2
2024,TEA_operacional,principal,prevision_grupo,FONASA MAI A,143
2024,TEA_operacional,principal,prevision_grupo,FONASA MAI B,136
2024,TEA_operacional,principal,prevision_grupo,FONASA MAI C,35
2024,TEA_operacional,principal,prevision_grupo,FONASA MAI D,53
2024,TEA_operacional,principal,prevision_grupo,ISAPRE,3
2024,TEA_operacional,principal,prevision_grupo,Particular,1
2024,TEA_operacional,principal_y_secundario,prevision_grupo,FONASA MAI A,3
2024,TEA_operacional,principal_y_secundario,prevision_grupo,FONASA MAI B,5
2024,TEA_operacional,principal_y_secundario,prevision_grupo,FONASA MAI C,6
2024,TEA_operacional,principal_y_secundario,prevision_grupo,FONASA MAI D,1
2024,TEA_operacional,solo_secundario,prevision_grupo,FFAA y de Orden,51
2024,TEA_operacional,solo_secundario,prevision_grupo,FONASA MAI A,2764
2024,TEA_operacional,solo_secundario,prevision_grupo,FONASA MAI B,2950
2024,TEA_operacional,solo_secundario,prevision_grupo,FONASA MAI C,1049
2024,TEA_operacional,solo_secundario,prevision_grupo,FONASA MAI D,1349
2024,TEA_operacional,solo_secundario,prevision_grupo,FONASA libre elección,55
2024,TEA_operacional,solo_secundario,prevision_grupo,ISAPRE,91
2024,TEA_operacional,solo_secundario,prevision_grupo,Particular,19
2019,TEA_operacional,principal,nacionalidad_grupo,Chile,209
2019,TEA_operacional,principal,nacionalidad_grupo,Desconocida,5
2019,TEA_operacional,principal,nacionalidad_grupo,Otro país,7
2019,TEA_operacional,principal_y_secundario,nacionalidad_grupo,Chile,6
2019,TEA_operacional,solo_secundario,nacionalidad_grupo,Chile,2043
2019,TEA_operacional,solo_secundario,nacionalidad_grupo,Desconocida,26
2019,TEA_operacional,solo_secundario,nacionalidad_grupo,Otro país,28
2020,TEA_operacional,principal,nacionalidad_grupo,Chile,151
2020,TEA_operacional,principal,nacionalidad_grupo,Otro país,1
2020,TEA_operacional,principal_y_secundario,nacionalidad_grupo,Chile,5
2020,TEA_operacional,solo_secundario,nacionalidad_grupo,Chile,1424
2020,TEA_operacional,solo_secundario,nacionalidad_grupo,Otro país,17
2021,TEA_operacional,principal,nacionalidad_grupo,Chile,177
2021,TEA_operacional,principal,nacionalidad_grupo,Otro país,6
2021,TEA_operacional,principal_y_secundario,nacionalidad_grupo,Chile,3
2021,TEA_operacional,solo_secundario,nacionalidad_grupo,Chile,2129
2021,TEA_operacional,solo_secundario,nacionalidad_grupo,Otro país,40
2022,TEA_operacional,principal,nacionalidad_grupo,Chile,281
2022,TEA_operacional,principal,nacionalidad_grupo,Otro país,5
2022,TEA_operacional,principal_y_secundario,nacionalidad_grupo,Chile,8
2022,TEA_operacional,solo_secundario,nacionalidad_grupo,Chile,3497
2022,TEA_operacional,solo_secundario,nacionalidad_grupo,Otro país,60
2023,TEA_operacional,principal,nacionalidad_grupo,Chile,312
2023,TEA_operacional,principal,nacionalidad_grupo,Otro país,39
2023,TEA_operacional,principal_y_secundario,nacionalidad_grupo,Chile,7
2023,TEA_operacional,solo_secundario,nacionalidad_grupo,Chile,5912
2023,TEA_operacional,solo_secundario,nacionalidad_grupo,Otro país,136
2024,TEA_operacional,principal,nacionalidad_grupo,Chile,362
2024,TEA_operacional,principal,nacionalidad_grupo,Otro país,11
2024,TEA_operacional,principal_y_secundario,nacionalidad_grupo,Chile,15
2024,TEA_operacional,solo_secundario,nacionalidad_grupo,Chile,8149
2024,TEA_operacional,solo_secundario,nacionalidad_grupo,Otro país,179
2019,TEA_operacional,principal,etnia_grupo,Ninguno/otro,219
2019,TEA_operacional,principal,etnia_grupo,Pueblo originario declarado,2
2019,TEA_operacional,principal_y_secundario,etnia_grupo,Ninguno/otro,6
2019,TEA_operacional,solo_secundario,etnia_grupo,Ninguno/otro,2076
2019,TEA_operacional,solo_secundario,etnia_grupo,Pueblo originario declarado,21
2020,TEA_operacional,principal,etnia_grupo,Ninguno/otro,151
2020,TEA_operacional,principal,etnia_grupo,Pueblo originario declarado,1
2020,TEA_operacional,principal_y_secundario,etnia_grupo,Ninguno/otro,5
2020,TEA_operacional,solo_secundario,etnia_grupo,Ninguno/otro,1413
2020,TEA_operacional,solo_secundario,etnia_grupo,Pueblo originario declarado,28
2021,TEA_operacional,principal,etnia_grupo,Ninguno/otro,182
2021,TEA_operacional,principal,etnia_grupo,Pueblo originario declarado,1
2021,TEA_operacional,principal_y_secundario,etnia_grupo,Ninguno/otro,3
2021,TEA_operacional,solo_secundario,etnia_grupo,Ninguno/otro,2136
2021,TEA_operacional,solo_secundario,etnia_grupo,Pueblo originario declarado,33
2022,TEA_operacional,principal,etnia_grupo,Ninguno/otro,285
2022,TEA_operacional,principal,etnia_grupo,Pueblo originario declarado,1
2022,TEA_operacional,principal_y_secundario,etnia_grupo,Ninguno/otro,8
2022,TEA_operacional,solo_secundario,etnia_grupo,Ninguno/otro,3509
2022,TEA_operacional,solo_secundario,etnia_grupo,Pueblo originario declarado,48
2023,TEA_operacional,principal,etnia_grupo,Ninguno/otro,338
2023,TEA_operacional,principal,etnia_grupo,Pueblo originario declarado,13
2023,TEA_operacional,principal_y_secundario,etnia_grupo,Ninguno/otro,7
2023,TEA_operacional,solo_secundario,etnia_grupo,Ninguno/otro,5948
2023,TEA_operacional,solo_secundario,etnia_grupo,Pueblo originario declarado,100
2024,TEA_operacional,principal,etnia_grupo,Ninguno/otro,359
2024,TEA_operacional,principal,etnia_grupo,Pueblo originario declarado,14
2024,TEA_operacional,principal_y_secundario,etnia_grupo,Ninguno/otro,15
2024,TEA_operacional,solo_secundario,etnia_grupo,Ninguno/otro,8141
2024,TEA_operacional,solo_secundario,etnia_grupo,Pueblo originario declarado,187
2019,TEA_operacional,principal,age_band,0-4,21
2019,TEA_operacional,principal,age_band,10-14,72
2019,TEA_operacional,principal,age_band,15-19,52
2019,TEA_operacional,principal,age_band,20-29,35
2019,TEA_operacional,principal,age_band,30-44,6
2019,TEA_operacional,principal,age_band,45+,1
2019,TEA_operacional,principal,age_band,5-9,34
2019,TEA_operacional,principal_y_secundario,age_band,0-4,2
2019,TEA_operacional,principal_y_secundario,age_band,10-14,1
2019,TEA_operacional,principal_y_secundario,age_band,15-19,1
2019,TEA_operacional,principal_y_secundario,age_band,20-29,1
2019,TEA_operacional,principal_y_secundario,age_band,30-44,1
2019,TEA_operacional,solo_secundario,age_band,0-4,569
2019,TEA_operacional,solo_secundario,age_band,10-14,453
2019,TEA_operacional,solo_secundario,age_band,15-19,190
2019,TEA_operacional,solo_secundario,age_band,20-29,127
2019,TEA_operacional,solo_secundario,age_band,30-44,62
2019,TEA_operacional,solo_secundario,age_band,45+,24
2019,TEA_operacional,solo_secundario,age_band,5-9,672
2020,TEA_operacional,principal,age_band,0-4,11
2020,TEA_operacional,principal,age_band,10-14,50
2020,TEA_operacional,principal,age_band,15-19,42
2020,TEA_operacional,principal,age_band,20-29,20
2020,TEA_operacional,principal,age_band,30-44,5
2020,TEA_operacional,principal,age_band,5-9,24
2020,TEA_operacional,principal_y_secundario,age_band,10-14,5
2020,TEA_operacional,solo_secundario,age_band,0-4,345
2020,TEA_operacional,solo_secundario,age_band,10-14,364
2020,TEA_operacional,solo_secundario,age_band,15-19,173
2020,TEA_operacional,solo_secundario,age_band,20-29,85
2020,TEA_operacional,solo_secundario,age_band,30-44,57
2020,TEA_operacional,solo_secundario,age_band,45+,15
2020,TEA_operacional,solo_secundario,age_band,5-9,402
2021,TEA_operacional,principal,age_band,0-4,25
2021,TEA_operacional,principal,age_band,10-14,41
2021,TEA_operacional,principal,age_band,15-19,43
2021,TEA_operacional,principal,age_band,20-29,29
2021,TEA_operacional,principal,age_band,30-44,18
2021,TEA_operacional,principal,age_band,5-9,27
2021,TEA_operacional,principal_y_secundario,age_band,10-14,2
2021,TEA_operacional,principal_y_secundario,age_band,15-19,1
2021,TEA_operacional,solo_secundario,age_band,0-4,449
2021,TEA_operacional,solo_secundario,age_band,10-14,590
2021,TEA_operacional,solo_secundario,age_band,15-19,231
2021,TEA_operacional,solo_secundario,age_band,20-29,147
2021,TEA_operacional,solo_secundario,age_band,30-44,59
2021,TEA_operacional,solo_secundario,age_band,45+,32
2021,TEA_operacional,solo_secundario,age_band,5-9,661
2022,TEA_operacional,principal,age_band,0-4,31
2022,TEA_operacional,principal,age_band,10-14,98
2022,TEA_operacional,principal,age_band,15-19,70
2022,TEA_operacional,principal,age_band,20-29,35
2022,TEA_operacional,principal,age_band,30-44,20
2022,TEA_operacional,principal,age_band,45+,4
2022,TEA_operacional,principal,age_band,5-9,28
2022,TEA_operacional,principal_y_secundario,age_band,0-4,1
2022,TEA_operacional,principal_y_secundario,age_band,10-14,2
2022,TEA_operacional,principal_y_secundario,age_band,15-19,2
2022,TEA_operacional,principal_y_secundario,age_band,20-29,1
2022,TEA_operacional,principal_y_secundario,age_band,30-44,1
2022,TEA_operacional,principal_y_secundario,age_band,5-9,1
2022,TEA_operacional,solo_secundario,age_band,0-4,918
2022,TEA_operacional,solo_secundario,age_band,10-14,829
2022,TEA_operacional,solo_secundario,age_band,15-19,398
2022,TEA_operacional,solo_secundario,age_band,20-29,197
2022,TEA_operacional,solo_secundario,age_band,30-44,96
2022,TEA_operacional,solo_secundario,age_band,45+,39
2022,TEA_operacional,solo_secundario,age_band,5-9,1080
2023,TEA_operacional,principal,age_band,0-4,22
2023,TEA_operacional,principal,age_band,10-14,90
2023,TEA_operacional,principal,age_band,15-19,137
2023,TEA_operacional,principal,age_band,20-29,41
2023,TEA_operacional,principal,age_band,30-44,19
2023,TEA_operacional,principal,age_band,45+,1
2023,TEA_operacional,principal,age_band,5-9,41
2023,TEA_operacional,principal_y_secundario,age_band,10-14,2
2023,TEA_operacional,principal_y_secundario,age_band,15-19,1
2023,TEA_operacional,principal_y_secundario,age_band,20-29,4
2023,TEA_operacional,solo_secundario,age_band,0-4,1408
2023,TEA_operacional,solo_secundario,age_band,10-14,1409
2023,TEA_operacional,solo_secundario,age_band,15-19,787
2023,TEA_operacional,solo_secundario,age_band,20-29,373
2023,TEA_operacional,solo_secundario,age_band,30-44,160
2023,TEA_operacional,solo_secundario,age_band,45+,59
2023,TEA_operacional,solo_secundario,age_band,5-9,1852
2024,TEA_operacional,principal,age_band,0-4,16
2024,TEA_operacional,principal,age_band,10-14,148
2024,TEA_operacional,principal,age_band,15-19,85
2024,TEA_operacional,principal,age_band,20-29,50
2024,TEA_operacional,principal,age_band,30-44,16
2024,TEA_operacional,principal,age_band,45+,3
2024,TEA_operacional,principal,age_band,5-9,53
2024,TEA_operacional,principal,age_band,No informado,2
2024,TEA_operacional,principal_y_secundario,age_band,0-4,1
2024,TEA_operacional,principal_y_secundario,age_band,10-14,5
2024,TEA_operacional,principal_y_secundario,age_band,15-19,3
2024,TEA_operacional,principal_y_secundario,age_band,20-29,4
2024,TEA_operacional,principal_y_secundario,age_band,30-44,1
2024,TEA_operacional,principal_y_secundario,age_band,5-9,1
2024,TEA_operacional,solo_secundario,age_band,0-4,1400
2024,TEA_operacional,solo_secundario,age_band,10-14,2141
2024,TEA_operacional,solo_secundario,age_band,15-19,1169
2024,TEA_operacional,solo_secundario,age_band,20-29,597
2024,TEA_operacional,solo_secundario,age_band,30-44,242
2024,TEA_operacional,solo_secundario,age_band,45+,89
2024,TEA_operacional,solo_secundario,age_band,5-9,2689
2024,TEA_operacional,solo_secundario,age_band,No informado,1
2019,TEA_operacional,principal,sex,HOMBRE,183
2019,TEA_operacional,principal,sex,MUJER,38
2019,TEA_operacional,principal_y_secundario,sex,HOMBRE,6
2019,TEA_operacional,solo_secundario,sex,HOMBRE,1590
2019,TEA_operacional,solo_secundario,sex,MUJER,506
2019,TEA_operacional,solo_secundario,sex,No informado,1
2020,TEA_operacional,principal,sex,HOMBRE,120
2020,TEA_operacional,principal,sex,MUJER,32
2020,TEA_operacional,principal_y_secundario,sex,HOMBRE,4
2020,TEA_operacional,principal_y_secundario,sex,MUJER,1
2020,TEA_operacional,solo_secundario,sex,HOMBRE,1075
2020,TEA_operacional,solo_secundario,sex,MUJER,366
2021,TEA_operacional,principal,sex,HOMBRE,148
2021,TEA_operacional,principal,sex,MUJER,35
2021,TEA_operacional,principal_y_secundario,sex,HOMBRE,2
2021,TEA_operacional,principal_y_secundario,sex,MUJER,1
2021,TEA_operacional,solo_secundario,sex,HOMBRE,1649
2021,TEA_operacional,solo_secundario,sex,MUJER,519
2021,TEA_operacional,solo_secundario,sex,No informado,1
2022,TEA_operacional,principal,sex,HOMBRE,220
2022,TEA_operacional,principal,sex,MUJER,66
2022,TEA_operacional,principal_y_secundario,sex,HOMBRE,5
2022,TEA_operacional,principal_y_secundario,sex,MUJER,3
2022,TEA_operacional,solo_secundario,sex,HOMBRE,2655
2022,TEA_operacional,solo_secundario,sex,MUJER,901
2022,TEA_operacional,solo_secundario,sex,No informado,1
2023,TEA_operacional,principal,sex,HOMBRE,249
2023,TEA_operacional,principal,sex,MUJER,102
2023,TEA_operacional,principal_y_secundario,sex,HOMBRE,7
2023,TEA_operacional,solo_secundario,sex,HOMBRE,4230
2023,TEA_operacional,solo_secundario,sex,MUJER,1816
2023,TEA_operacional,solo_secundario,sex,No informado,2
2024,TEA_operacional,principal,sex,HOMBRE,255
2024,TEA_operacional,principal,sex,MUJER,118
2024,TEA_operacional,principal_y_secundario,sex,HOMBRE,8
2024,TEA_operacional,principal_y_secundario,sex,MUJER,7
2024,TEA_operacional,solo_secundario,sex,HOMBRE,5579
2024,TEA_operacional,solo_secundario,sex,MUJER,2745
2024,TEA_operacional,solo_secundario,sex,No informado,4
2019,TEA_operacional,principal,los_bin,0,34
2019,TEA_operacional,principal,los_bin,1,37
2019,TEA_operacional,principal,los_bin,15-30,43
2019,TEA_operacional,principal,los_bin,2,16
2019,TEA_operacional,principal,los_bin,3-4,16
2019,TEA_operacional,principal,los_bin,31-90,26
2019,TEA_operacional,principal,los_bin,5-7,24
2019,TEA_operacional,principal,los_bin,8-14,21
2019,TEA_operacional,principal,los_bin,91+,4
2019,TEA_operacional,principal_y_secundario,los_bin,1,1
2019,TEA_operacional,principal_y_secundario,los_bin,15-30,2
2019,TEA_operacional,principal_y_secundario,los_bin,3-4,2
2019,TEA_operacional,principal_y_secundario,los_bin,31-90,1
2019,TEA_operacional,solo_secundario,los_bin,0,590
2019,TEA_operacional,solo_secundario,los_bin,1,344
2019,TEA_operacional,solo_secundario,los_bin,15-30,105
2019,TEA_operacional,solo_secundario,los_bin,2,219
2019,TEA_operacional,solo_secundario,los_bin,3-4,336
2019,TEA_operacional,solo_secundario,los_bin,31-90,68
2019,TEA_operacional,solo_secundario,los_bin,5-7,227
2019,TEA_operacional,solo_secundario,los_bin,8-14,190
2019,TEA_operacional,solo_secundario,los_bin,91+,18
2020,TEA_operacional,principal,los_bin,0,13
2020,TEA_operacional,principal,los_bin,1,10
2020,TEA_operacional,principal,los_bin,15-30,28
2020,TEA_operacional,principal,los_bin,2,8
2020,TEA_operacional,principal,los_bin,3-4,23
2020,TEA_operacional,principal,los_bin,31-90,19
2020,TEA_operacional,principal,los_bin,5-7,24
2020,TEA_operacional,principal,los_bin,8-14,19
2020,TEA_operacional,principal,los_bin,91+,8
2020,TEA_operacional,principal_y_secundario,los_bin,15-30,2
2020,TEA_operacional,principal_y_secundario,los_bin,5-7,1
2020,TEA_operacional,principal_y_secundario,los_bin,8-14,1
2020,TEA_operacional,principal_y_secundario,los_bin,91+,1
2020,TEA_operacional,solo_secundario,los_bin,0,231
2020,TEA_operacional,solo_secundario,los_bin,1,257
2020,TEA_operacional,solo_secundario,los_bin,15-30,111
2020,TEA_operacional,solo_secundario,los_bin,2,162
2020,TEA_operacional,solo_secundario,los_bin,3-4,239
2020,TEA_operacional,solo_secundario,los_bin,31-90,68
2020,TEA_operacional,solo_secundario,los_bin,5-7,195
2020,TEA_operacional,solo_secundario,los_bin,8-14,164
2020,TEA_operacional,solo_secundario,los_bin,91+,14
2021,TEA_operacional,principal,los_bin,0,16
2021,TEA_operacional,principal,los_bin,1,34
2021,TEA_operacional,principal,los_bin,15-30,35
2021,TEA_operacional,principal,los_bin,2,8
2021,TEA_operacional,principal,los_bin,3-4,9
2021,TEA_operacional,principal,los_bin,31-90,24
2021,TEA_operacional,principal,los_bin,5-7,16
2021,TEA_operacional,principal,los_bin,8-14,33
2021,TEA_operacional,principal,los_bin,91+,8
2021,TEA_operacional,principal_y_secundario,los_bin,2,1
2021,TEA_operacional,principal_y_secundario,los_bin,31-90,2
2021,TEA_operacional,solo_secundario,los_bin,0,434
2021,TEA_operacional,solo_secundario,los_bin,1,356
2021,TEA_operacional,solo_secundario,los_bin,15-30,139
2021,TEA_operacional,solo_secundario,los_bin,2,285
2021,TEA_operacional,solo_secundario,los_bin,3-4,342
2021,TEA_operacional,solo_secundario,los_bin,31-90,99
2021,TEA_operacional,solo_secundario,los_bin,5-7,277
2021,TEA_operacional,solo_secundario,los_bin,8-14,220
2021,TEA_operacional,solo_secundario,los_bin,91+,17
2022,TEA_operacional,principal,los_bin,0,19
2022,TEA_operacional,principal,los_bin,1,53
2022,TEA_operacional,principal,los_bin,15-30,54
2022,TEA_operacional,principal,los_bin,2,13
2022,TEA_operacional,principal,los_bin,3-4,35
2022,TEA_operacional,principal,los_bin,31-90,28
2022,TEA_operacional,principal,los_bin,5-7,27
2022,TEA_operacional,principal,los_bin,8-14,50
2022,TEA_operacional,principal,los_bin,91+,7
2022,TEA_operacional,principal_y_secundario,los_bin,1,2
2022,TEA_operacional,principal_y_secundario,los_bin,15-30,3
2022,TEA_operacional,principal_y_secundario,los_bin,2,1
2022,TEA_operacional,principal_y_secundario,los_bin,31-90,1
2022,TEA_operacional,principal_y_secundario,los_bin,8-14,1
2022,TEA_operacional,solo_secundario,los_bin,0,726
2022,TEA_operacional,solo_secundario,los_bin,1,633
2022,TEA_operacional,solo_secundario,los_bin,15-30,248
2022,TEA_operacional,solo_secundario,los_bin,2,412
2022,TEA_operacional,solo_secundario,los_bin,3-4,572
2022,TEA_operacional,solo_secundario,los_bin,31-90,99
2022,TEA_operacional,solo_secundario,los_bin,5-7,448
2022,TEA_operacional,solo_secundario,los_bin,8-14,404
2022,TEA_operacional,solo_secundario,los_bin,91+,15
2023,TEA_operacional,principal,los_bin,0,9
2023,TEA_operacional,principal,los_bin,1,82
2023,TEA_operacional,principal,los_bin,15-30,65
2023,TEA_operacional,principal,los_bin,2,31
2023,TEA_operacional,principal,los_bin,3-4,42
2023,TEA_operacional,principal,los_bin,31-90,32
2023,TEA_operacional,principal,los_bin,5-7,48
2023,TEA_operacional,principal,los_bin,8-14,38
2023,TEA_operacional,principal,los_bin,91+,4
2023,TEA_operacional,principal_y_secundario,los_bin,0,1
2023,TEA_operacional,principal_y_secundario,los_bin,15-30,1
2023,TEA_operacional,principal_y_secundario,los_bin,3-4,2
2023,TEA_operacional,principal_y_secundario,los_bin,5-7,1
2023,TEA_operacional,principal_y_secundario,los_bin,8-14,1
2023,TEA_operacional,principal_y_secundario,los_bin,91+,1
2023,TEA_operacional,solo_secundario,los_bin,0,1124
2023,TEA_operacional,solo_secundario,los_bin,1,1030
2023,TEA_operacional,solo_secundario,los_bin,15-30,426
2023,TEA_operacional,solo_secundario,los_bin,2,704
2023,TEA_operacional,solo_secundario,los_bin,3-4,1046
2023,TEA_operacional,solo_secundario,los_bin,31-90,194
2023,TEA_operacional,solo_secundario,los_bin,5-7,830
2023,TEA_operacional,solo_secundario,los_bin,8-14,669
2023,TEA_operacional,solo_secundario,los_bin,91+,25
2024,TEA_operacional,principal,los_bin,0,28
2024,TEA_operacional,principal,los_bin,1,66
2024,TEA_operacional,principal,los_bin,15-30,59
2024,TEA_operacional,principal,los_bin,2,28
2024,TEA_operacional,principal,los_bin,3-4,42
2024,TEA_operacional,principal,los_bin,31-90,28
2024,TEA_operacional,principal,los_bin,5-7,52
2024,TEA_operacional,principal,los_bin,8-14,63
2024,TEA_operacional,principal,los_bin,91+,5
2024,TEA_operacional,principal,los_bin,No informado,2
2024,TEA_operacional,principal_y_secundario,los_bin,0,1
2024,TEA_operacional,principal_y_secundario,los_bin,1,1
2024,TEA_operacional,principal_y_secundario,los_bin,15-30,3
2024,TEA_operacional,principal_y_secundario,los_bin,2,1
2024,TEA_operacional,principal_y_secundario,los_bin,3-4,2
2024,TEA_operacional,principal_y_secundario,los_bin,31-90,2
2024,TEA_operacional,principal_y_secundario,los_bin,5-7,2
2024,TEA_operacional,principal_y_secundario,los_bin,8-14,2
2024,TEA_operacional,principal_y_secundario,los_bin,91+,1
2024,TEA_operacional,solo_secundario,los_bin,0,1721
2024,TEA_operacional,solo_secundario,los_bin,1,1389
2024,TEA_operacional,solo_secundario,los_bin,15-30,625
2024,TEA_operacional,solo_secundario,los_bin,2,1004
2024,TEA_operacional,solo_secundario,los_bin,3-4,1405
2024,TEA_operacional,solo_secundario,los_bin,31-90,247
2024,TEA_operacional,solo_secundario,los_bin,5-7,1028
2024,TEA_operacional,solo_secundario,los_bin,8-14,876
2024,TEA_operacional,solo_secundario,los_bin,91+,32
2024,TEA_operacional,solo_secundario,los_bin,No informado,1
2019,F84_historico,principal,TIPO_INGRESO,OBSTETRICA,1
2019,F84_historico,principal,TIPO_INGRESO,PROGRAMADA,89
2019,F84_historico,principal,TIPO_INGRESO,URGENCIA,144
2019,F84_historico,principal_y_secundario,TIPO_INGRESO,PROGRAMADA,3
2019,F84_historico,principal_y_secundario,TIPO_INGRESO,URGENCIA,4
2019,F84_historico,solo_secundario,TIPO_INGRESO,NO IDENTIFICADA,1
2019,F84_historico,solo_secundario,TIPO_INGRESO,OBSTETRICA,3
2019,F84_historico,solo_secundario,TIPO_INGRESO,PROGRAMADA,954
2019,F84_historico,solo_secundario,TIPO_INGRESO,URGENCIA,1186
2020,F84_historico,principal,TIPO_INGRESO,PROGRAMADA,51
2020,F84_historico,principal,TIPO_INGRESO,URGENCIA,104
2020,F84_historico,principal_y_secundario,TIPO_INGRESO,PROGRAMADA,2
2020,F84_historico,principal_y_secundario,TIPO_INGRESO,URGENCIA,6
2020,F84_historico,solo_secundario,TIPO_INGRESO,OBSTETRICA,6
2020,F84_historico,solo_secundario,TIPO_INGRESO,PROGRAMADA,466
2020,F84_historico,solo_secundario,TIPO_INGRESO,URGENCIA,998
2021,F84_historico,principal,TIPO_INGRESO,PROGRAMADA,61
2021,F84_historico,principal,TIPO_INGRESO,URGENCIA,125
2021,F84_historico,principal_y_secundario,TIPO_INGRESO,PROGRAMADA,1
2021,F84_historico,principal_y_secundario,TIPO_INGRESO,URGENCIA,2
2021,F84_historico,solo_secundario,TIPO_INGRESO,OBSTETRICA,11
2021,F84_historico,solo_secundario,TIPO_INGRESO,PROGRAMADA,749
2021,F84_historico,solo_secundario,TIPO_INGRESO,URGENCIA,1450
2022,F84_historico,principal,TIPO_INGRESO,OBSTETRICA,1
2022,F84_historico,principal,TIPO_INGRESO,PROGRAMADA,75
2022,F84_historico,principal,TIPO_INGRESO,URGENCIA,220
2022,F84_historico,principal_y_secundario,TIPO_INGRESO,PROGRAMADA,2
2022,F84_historico,principal_y_secundario,TIPO_INGRESO,URGENCIA,6
2022,F84_historico,solo_secundario,TIPO_INGRESO,DESCONOCIDO,1
2022,F84_historico,solo_secundario,TIPO_INGRESO,OBSTETRICA,19
2022,F84_historico,solo_secundario,TIPO_INGRESO,PROGRAMADA,1232
2022,F84_historico,solo_secundario,TIPO_INGRESO,URGENCIA,2356
2023,F84_historico,principal,TIPO_INGRESO,DESCONOCIDO,4
2023,F84_historico,principal,TIPO_INGRESO,PROGRAMADA,116
2023,F84_historico,principal,TIPO_INGRESO,URGENCIA,237
2023,F84_historico,principal_y_secundario,TIPO_INGRESO,PROGRAMADA,6
2023,F84_historico,principal_y_secundario,TIPO_INGRESO,URGENCIA,3
2023,F84_historico,solo_secundario,TIPO_INGRESO,DESCONOCIDO,1
2023,F84_historico,solo_secundario,TIPO_INGRESO,OBSTETRICA,44
2023,F84_historico,solo_secundario,TIPO_INGRESO,PROGRAMADA,1895
2023,F84_historico,solo_secundario,TIPO_INGRESO,URGENCIA,4167
2024,F84_historico,principal,TIPO_INGRESO,PROGRAMADA,122
2024,F84_historico,principal,TIPO_INGRESO,URGENCIA,264
2024,F84_historico,principal_y_secundario,TIPO_INGRESO,PROGRAMADA,2
2024,F84_historico,principal_y_secundario,TIPO_INGRESO,URGENCIA,13
2024,F84_historico,solo_secundario,TIPO_INGRESO,DESCONOCIDO,8
2024,F84_historico,solo_secundario,TIPO_INGRESO,OBSTETRICA,78
2024,F84_historico,solo_secundario,TIPO_INGRESO,PROGRAMADA,2703
2024,F84_historico,solo_secundario,TIPO_INGRESO,URGENCIA,5628
2019,F84_historico,principal,TIPO_ACTIVIDAD,CIRUGÍA MAYOR AMBULATORIA (CMA),1
2019,F84_historico,principal,TIPO_ACTIVIDAD,HOSPITALIZACIÓN,208
2019,F84_historico,principal,TIPO_ACTIVIDAD,HOSPITALIZACIÓN DIURNA,8
2019,F84_historico,principal,TIPO_ACTIVIDAD,HOSPITALIZACIÓN EN URGENCIA,17
2019,F84_historico,principal_y_secundario,TIPO_ACTIVIDAD,HOSPITALIZACIÓN,7
2019,F84_historico,solo_secundario,TIPO_ACTIVIDAD,CIRUGÍA MAYOR AMBULATORIA (CMA),167
2019,F84_historico,solo_secundario,TIPO_ACTIVIDAD,HOSPITALIZACIÓN,1745
2019,F84_historico,solo_secundario,TIPO_ACTIVIDAD,HOSPITALIZACIÓN DIURNA,156
2019,F84_historico,solo_secundario,TIPO_ACTIVIDAD,HOSPITALIZACIÓN EN URGENCIA,76
2020,F84_historico,principal,TIPO_ACTIVIDAD,CIRUGÍA MAYOR AMBULATORIA (CMA),2
2020,F84_historico,principal,TIPO_ACTIVIDAD,HOSPITALIZACIÓN,153
2020,F84_historico,principal_y_secundario,TIPO_ACTIVIDAD,HOSPITALIZACIÓN,8
2020,F84_historico,solo_secundario,TIPO_ACTIVIDAD,CIRUGÍA MAYOR AMBULATORIA (CMA),81
2020,F84_historico,solo_secundario,TIPO_ACTIVIDAD,HOSPITALIZACIÓN,1389
2021,F84_historico,principal,TIPO_ACTIVIDAD,HOSPITALIZACIÓN,186
2021,F84_historico,principal_y_secundario,TIPO_ACTIVIDAD,HOSPITALIZACIÓN,3
2021,F84_historico,solo_secundario,TIPO_ACTIVIDAD,CIRUGÍA MAYOR AMBULATORIA (CMA),182
2021,F84_historico,solo_secundario,TIPO_ACTIVIDAD,HOSPITALIZACIÓN,2028
2022,F84_historico,principal,TIPO_ACTIVIDAD,HOSPITALIZACIÓN,296
2022,F84_historico,principal_y_secundario,TIPO_ACTIVIDAD,HOSPITALIZACIÓN,8
2022,F84_historico,solo_secundario,TIPO_ACTIVIDAD,CIRUGÍA MAYOR AMBULATORIA (CMA),351
2022,F84_historico,solo_secundario,TIPO_ACTIVIDAD,HOSPITALIZACIÓN,3257
2023,F84_historico,principal,TIPO_ACTIVIDAD,HOSPITALIZACIÓN,357
2023,F84_historico,principal_y_secundario,TIPO_ACTIVIDAD,HOSPITALIZACIÓN,9
2023,F84_historico,solo_secundario,TIPO_ACTIVIDAD,CIRUGÍA MAYOR AMBULATORIA (CMA),631
2023,F84_historico,solo_secundario,TIPO_ACTIVIDAD,HOSPITALIZACIÓN,5476
2024,F84_historico,principal,TIPO_ACTIVIDAD,HOSPITALIZACIÓN,386
2024,F84_historico,principal_y_secundario,TIPO_ACTIVIDAD,HOSPITALIZACIÓN,15
2024,F84_historico,solo_secundario,TIPO_ACTIVIDAD,CIRUGÍA MAYOR AMBULATORIA (CMA),1113
2024,F84_historico,solo_secundario,TIPO_ACTIVIDAD,HOSPITALIZACIÓN,7304
2019,F84_historico,principal,PREVISION,FONASA INSTITUCIONAL - (MAI) A,95
2019,F84_historico,principal,PREVISION,FONASA INSTITUCIONAL - (MAI) B,80
2019,F84_historico,principal,PREVISION,FONASA INSTITUCIONAL - (MAI) C,23
2019,F84_historico,principal,PREVISION,FONASA INSTITUCIONAL - (MAI) D,28
2019,F84_historico,principal,PREVISION,ISAPRE,8
2019,F84_historico,principal_y_secundario,PREVISION,FONASA INSTITUCIONAL - (MAI) A,3
2019,F84_historico,principal_y_secundario,PREVISION,FONASA INSTITUCIONAL - (MAI) B,2
2019,F84_historico,principal_y_secundario,PREVISION,FONASA INSTITUCIONAL - (MAI) C,1
2019,F84_historico,principal_y_secundario,PREVISION,ISAPRE,1
2019,F84_historico,solo_secundario,PREVISION,CAJA DE PREVISIÓN FFAA (SISA),4
2019,F84_historico,solo_secundario,PREVISION,CAPREDENA,1
2019,F84_historico,solo_secundario,PREVISION,DIPRECA,8
2019,F84_historico,solo_secundario,PREVISION,FONASA INSTITUCIONAL - (MAI) A,735
2019,F84_historico,solo_secundario,PREVISION,FONASA INSTITUCIONAL - (MAI) B,760
2019,F84_historico,solo_secundario,PREVISION,FONASA INSTITUCIONAL - (MAI) C,243
2019,F84_historico,solo_secundario,PREVISION,FONASA INSTITUCIONAL - (MAI) D,311
2019,F84_historico,solo_secundario,PREVISION,FONASA LIBRE ELECCIÓN (FMLE_B),12
2019,F84_historico,solo_secundario,PREVISION,FONASA LIBRE ELECCIÓN (FMLE_C),3
2019,F84_historico,solo_secundario,PREVISION,FONASA LIBRE ELECCIÓN (FMLE_D),5
2019,F84_historico,solo_secundario,PREVISION,ISAPRE,44
2019,F84_historico,solo_secundario,PREVISION,NO IDENTIFICADA,8
2019,F84_historico,solo_secundario,PREVISION,PARTICULAR,10
2020,F84_historico,principal,PREVISION,CAPREDENA,1
2020,F84_historico,principal,PREVISION,FONASA INSTITUCIONAL - (MAI) A,57
2020,F84_historico,principal,PREVISION,FONASA INSTITUCIONAL - (MAI) B,59
2020,F84_historico,principal,PREVISION,FONASA INSTITUCIONAL - (MAI) C,17
2020,F84_historico,principal,PREVISION,FONASA INSTITUCIONAL - (MAI) D,18
2020,F84_historico,principal,PREVISION,ISAPRE,3
2020,F84_historico,principal_y_secundario,PREVISION,FONASA INSTITUCIONAL - (MAI) A,3
2020,F84_historico,principal_y_secundario,PREVISION,FONASA INSTITUCIONAL - (MAI) B,2
2020,F84_historico,principal_y_secundario,PREVISION,FONASA INSTITUCIONAL - (MAI) C,2
2020,F84_historico,principal_y_secundario,PREVISION,FONASA INSTITUCIONAL - (MAI) D,1
2020,F84_historico,solo_secundario,PREVISION,CAJA DE PREVISIÓN FFAA (SISA),1
2020,F84_historico,solo_secundario,PREVISION,CAPREDENA,1
2020,F84_historico,solo_secundario,PREVISION,DIPRECA,3
2020,F84_historico,solo_secundario,PREVISION,FONASA INSTITUCIONAL - (MAI) A,569
2020,F84_historico,solo_secundario,PREVISION,FONASA INSTITUCIONAL - (MAI) B,475
2020,F84_historico,solo_secundario,PREVISION,FONASA INSTITUCIONAL - (MAI) C,165
2020,F84_historico,solo_secundario,PREVISION,FONASA INSTITUCIONAL - (MAI) D,216
2020,F84_historico,solo_secundario,PREVISION,FONASA LIBRE ELECCIÓN (FMLE_D),2
2020,F84_historico,solo_secundario,PREVISION,ISAPRE,26
2020,F84_historico,solo_secundario,PREVISION,NO IDENTIFICADA,3
2020,F84_historico,solo_secundario,PREVISION,PARTICULAR,9
2021,F84_historico,principal,PREVISION,FONASA INSTITUCIONAL - (MAI) A,56
2021,F84_historico,principal,PREVISION,FONASA INSTITUCIONAL - (MAI) B,80
2021,F84_historico,principal,PREVISION,FONASA INSTITUCIONAL - (MAI) C,14
2021,F84_historico,principal,PREVISION,FONASA INSTITUCIONAL - (MAI) D,27
2021,F84_historico,principal,PREVISION,ISAPRE,7
2021,F84_historico,principal,PREVISION,PARTICULAR,2
2021,F84_historico,principal_y_secundario,PREVISION,FONASA INSTITUCIONAL - (MAI) A,1
2021,F84_historico,principal_y_secundario,PREVISION,FONASA INSTITUCIONAL - (MAI) B,1
2021,F84_historico,principal_y_secundario,PREVISION,FONASA INSTITUCIONAL - (MAI) D,1
2021,F84_historico,solo_secundario,PREVISION,CAJA DE PREVISIÓN FFAA (SISA),4
2021,F84_historico,solo_secundario,PREVISION,CAPREDENA,4
2021,F84_historico,solo_secundario,PREVISION,DIPRECA,11
2021,F84_historico,solo_secundario,PREVISION,FONASA INSTITUCIONAL - (MAI) A,783
2021,F84_historico,solo_secundario,PREVISION,FONASA INSTITUCIONAL - (MAI) B,740
2021,F84_historico,solo_secundario,PREVISION,FONASA INSTITUCIONAL - (MAI) C,255
2021,F84_historico,solo_secundario,PREVISION,FONASA INSTITUCIONAL - (MAI) D,351
2021,F84_historico,solo_secundario,PREVISION,FONASA LIBRE ELECCIÓN (FMLE_B),3
2021,F84_historico,solo_secundario,PREVISION,FONASA LIBRE ELECCIÓN (FMLE_C),2
2021,F84_historico,solo_secundario,PREVISION,FONASA LIBRE ELECCIÓN (FMLE_D),3
2021,F84_historico,solo_secundario,PREVISION,ISAPRE,44
2021,F84_historico,solo_secundario,PREVISION,PARTICULAR,10
2022,F84_historico,principal,PREVISION,CAJA DE PREVISIÓN FFAA (SISA),1
2022,F84_historico,principal,PREVISION,FONASA INSTITUCIONAL - (MAI) A,84
2022,F84_historico,principal,PREVISION,FONASA INSTITUCIONAL - (MAI) B,120
2022,F84_historico,principal,PREVISION,FONASA INSTITUCIONAL - (MAI) C,35
2022,F84_historico,principal,PREVISION,FONASA INSTITUCIONAL - (MAI) D,48
2022,F84_historico,principal,PREVISION,FONASA LIBRE ELECCIÓN (FMLE_D),1
2022,F84_historico,principal,PREVISION,ISAPRE,6
2022,F84_historico,principal,PREVISION,PARTICULAR,1
2022,F84_historico,principal_y_secundario,PREVISION,DIPRECA,1
2022,F84_historico,principal_y_secundario,PREVISION,FONASA INSTITUCIONAL - (MAI) A,1
2022,F84_historico,principal_y_secundario,PREVISION,FONASA INSTITUCIONAL - (MAI) B,5
2022,F84_historico,principal_y_secundario,PREVISION,FONASA INSTITUCIONAL - (MAI) C,1
2022,F84_historico,solo_secundario,PREVISION,CAJA DE PREVISIÓN FFAA (SISA),8
2022,F84_historico,solo_secundario,PREVISION,CAPREDENA,5
2022,F84_historico,solo_secundario,PREVISION,DIPRECA,21
2022,F84_historico,solo_secundario,PREVISION,FONASA INSTITUCIONAL - (MAI) A,1238
2022,F84_historico,solo_secundario,PREVISION,FONASA INSTITUCIONAL - (MAI) B,1269
2022,F84_historico,solo_secundario,PREVISION,FONASA INSTITUCIONAL - (MAI) C,410
2022,F84_historico,solo_secundario,PREVISION,FONASA INSTITUCIONAL - (MAI) D,549
2022,F84_historico,solo_secundario,PREVISION,FONASA LIBRE ELECCIÓN (FMLE_B),6
2022,F84_historico,solo_secundario,PREVISION,FONASA LIBRE ELECCIÓN (FMLE_C),2
2022,F84_historico,solo_secundario,PREVISION,FONASA LIBRE ELECCIÓN (FMLE_D),11
2022,F84_historico,solo_secundario,PREVISION,ISAPRE,69
2022,F84_historico,solo_secundario,PREVISION,PARTICULAR,20
2023,F84_historico,principal,PREVISION,CAJA DE PREVISIÓN FFAA (SISA),1
2023,F84_historico,principal,PREVISION,FONASA INSTITUCIONAL - (MAI) A,116
2023,F84_historico,principal,PREVISION,FONASA INSTITUCIONAL - (MAI) B,159
2023,F84_historico,principal,PREVISION,FONASA INSTITUCIONAL - (MAI) C,31
2023,F84_historico,principal,PREVISION,FONASA INSTITUCIONAL - (MAI) D,46
2023,F84_historico,principal,PREVISION,ISAPRE,3
2023,F84_historico,principal,PREVISION,PARTICULAR,1
2023,F84_historico,principal_y_secundario,PREVISION,FONASA INSTITUCIONAL - (MAI) A,5
2023,F84_historico,principal_y_secundario,PREVISION,FONASA INSTITUCIONAL - (MAI) B,2
2023,F84_historico,principal_y_secundario,PREVISION,FONASA INSTITUCIONAL - (MAI) C,1
2023,F84_historico,principal_y_secundario,PREVISION,FONASA INSTITUCIONAL - (MAI) D,1
2023,F84_historico,solo_secundario,PREVISION,CAJA DE PREVISIÓN FFAA (SISA),7
2023,F84_historico,solo_secundario,PREVISION,CAPREDENA,11
2023,F84_historico,solo_secundario,PREVISION,DIPRECA,20
2023,F84_historico,solo_secundario,PREVISION,FONASA INSTITUCIONAL - (MAI) A,2134
2023,F84_historico,solo_secundario,PREVISION,FONASA INSTITUCIONAL - (MAI) B,2054
2023,F84_historico,solo_secundario,PREVISION,FONASA INSTITUCIONAL - (MAI) C,807
2023,F84_historico,solo_secundario,PREVISION,FONASA INSTITUCIONAL - (MAI) D,951
2023,F84_historico,solo_secundario,PREVISION,FONASA LIBRE ELECCIÓN (FMLE_B),14
2023,F84_historico,solo_secundario,PREVISION,FONASA LIBRE ELECCIÓN (FMLE_C),4
2023,F84_historico,solo_secundario,PREVISION,FONASA LIBRE ELECCIÓN (FMLE_D),15
2023,F84_historico,solo_secundario,PREVISION,ISAPRE,73
2023,F84_historico,solo_secundario,PREVISION,PARTICULAR,17
2024,F84_historico,principal,PREVISION,CAJA DE PREVISIÓN FFAA (SISA),1
2024,F84_historico,principal,PREVISION,CAPREDENA,1
2024,F84_historico,principal,PREVISION,FONASA INSTITUCIONAL - (MAI) A,150
2024,F84_historico,principal,PREVISION,FONASA INSTITUCIONAL - (MAI) B,137
2024,F84_historico,principal,PREVISION,FONASA INSTITUCIONAL - (MAI) C,38
2024,F84_historico,principal,PREVISION,FONASA INSTITUCIONAL - (MAI) D,55
2024,F84_historico,principal,PREVISION,ISAPRE,3
2024,F84_historico,principal,PREVISION,PARTICULAR,1
2024,F84_historico,principal_y_secundario,PREVISION,FONASA INSTITUCIONAL - (MAI) A,3
2024,F84_historico,principal_y_secundario,PREVISION,FONASA INSTITUCIONAL - (MAI) B,5
2024,F84_historico,principal_y_secundario,PREVISION,FONASA INSTITUCIONAL - (MAI) C,6
2024,F84_historico,principal_y_secundario,PREVISION,FONASA INSTITUCIONAL - (MAI) D,1
2024,F84_historico,solo_secundario,PREVISION,CAJA DE PREVISIÓN FFAA (SISA),9
2024,F84_historico,solo_secundario,PREVISION,CAPREDENA,10
2024,F84_historico,solo_secundario,PREVISION,DIPRECA,32
2024,F84_historico,solo_secundario,PREVISION,FONASA INSTITUCIONAL - (MAI) A,2801
2024,F84_historico,solo_secundario,PREVISION,FONASA INSTITUCIONAL - (MAI) B,2986
2024,F84_historico,solo_secundario,PREVISION,FONASA INSTITUCIONAL - (MAI) C,1056
2024,F84_historico,solo_secundario,PREVISION,FONASA INSTITUCIONAL - (MAI) D,1357
2024,F84_historico,solo_secundario,PREVISION,FONASA LIBRE ELECCIÓN (FMLE_B),31
2024,F84_historico,solo_secundario,PREVISION,FONASA LIBRE ELECCIÓN (FMLE_C),8
2024,F84_historico,solo_secundario,PREVISION,FONASA LIBRE ELECCIÓN (FMLE_D),16
2024,F84_historico,solo_secundario,PREVISION,ISAPRE,92
2024,F84_historico,solo_secundario,PREVISION,PARTICULAR,19
2019,F84_historico,principal,TIPOALTA,ALTA VOLUNTARIA,3
2019,F84_historico,principal,TIPOALTA,DERIVACIÓN INST. PRIVADA (VOLUNTARIO),2
2019,F84_historico,principal,TIPOALTA,DERIVACIÓN OTRO HOSPITAL DE LA RED NACIONAL,2
2019,F84_historico,principal,TIPOALTA,DERIVACIÓN OTRO HOSPITAL DEL SERVICIO,7
2019,F84_historico,principal,TIPOALTA,DOMICILIO,218
2019,F84_historico,principal,TIPOALTA,FUGA DEL PACIENTE,1
2019,F84_historico,principal,TIPOALTA,HOSPITALIZACIÓN DOMICILIARIA,1
2019,F84_historico,principal_y_secundario,TIPOALTA,DOMICILIO,7
2019,F84_historico,solo_secundario,TIPOALTA,ALTA VOLUNTARIA,20
2019,F84_historico,solo_secundario,TIPOALTA,"DERIVACIÓN A OTROS CENTROS (CÁRCEL, HOGAR DE",14
2019,F84_historico,solo_secundario,TIPOALTA,DERIVACIÓN INST. PRIVADA (COMPRA DE SERVICIOS,1
2019,F84_historico,solo_secundario,TIPOALTA,DERIVACIÓN INST. PRIVADA (VOLUNTARIO),3
2019,F84_historico,solo_secundario,TIPOALTA,DERIVACIÓN OTRO HOSPITAL DE LA RED NACIONAL,22
2019,F84_historico,solo_secundario,TIPOALTA,DERIVACIÓN OTRO HOSPITAL DEL SERVICIO,24
2019,F84_historico,solo_secundario,TIPOALTA,DOMICILIO,2028
2019,F84_historico,solo_secundario,TIPOALTA,FALLECIDO,16
2019,F84_historico,solo_secundario,TIPOALTA,FUGA DEL PACIENTE,4
2019,F84_historico,solo_secundario,TIPOALTA,HOSPITALIZACIÓN DOMICILIARIA,12
2020,F84_historico,principal,TIPOALTA,ALTA VOLUNTARIA,3
2020,F84_historico,principal,TIPOALTA,"DERIVACIÓN A OTROS CENTROS (CÁRCEL, HOGAR DE",5
2020,F84_historico,principal,TIPOALTA,DERIVACIÓN OTRO HOSPITAL DEL SERVICIO,4
2020,F84_historico,principal,TIPOALTA,DOMICILIO,143
2020,F84_historico,principal_y_secundario,TIPOALTA,DOMICILIO,8
2020,F84_historico,solo_secundario,TIPOALTA,ALTA VOLUNTARIA,8
2020,F84_historico,solo_secundario,TIPOALTA,"DERIVACIÓN A OTROS CENTROS (CÁRCEL, HOGAR DE",10
2020,F84_historico,solo_secundario,TIPOALTA,DERIVACIÓN INST. PRIVADA (COMPRA DE SERVICIOS,6
2020,F84_historico,solo_secundario,TIPOALTA,DERIVACIÓN INST. PRIVADA (VOLUNTARIO),2
2020,F84_historico,solo_secundario,TIPOALTA,DERIVACIÓN OTRO HOSPITAL DE LA RED NACIONAL,30
2020,F84_historico,solo_secundario,TIPOALTA,DERIVACIÓN OTRO HOSPITAL DEL SERVICIO,21
2020,F84_historico,solo_secundario,TIPOALTA,DOMICILIO,1366
2020,F84_historico,solo_secundario,TIPOALTA,FALLECIDO,17
2020,F84_historico,solo_secundario,TIPOALTA,FUGA DEL PACIENTE,4
2020,F84_historico,solo_secundario,TIPOALTA,HOSPITALIZACIÓN DOMICILIARIA,6
2021,F84_historico,principal,TIPOALTA,ALTA VOLUNTARIA,1
2021,F84_historico,principal,TIPOALTA,"DERIVACIÓN A OTROS CENTROS (CÁRCEL, HOGAR DE",8
2021,F84_historico,principal,TIPOALTA,DERIVACIÓN OTRO HOSPITAL DE LA RED NACIONAL,4
2021,F84_historico,principal,TIPOALTA,DERIVACIÓN OTRO HOSPITAL DEL SERVICIO,1
2021,F84_historico,principal,TIPOALTA,DOMICILIO,169
2021,F84_historico,principal,TIPOALTA,FUGA DEL PACIENTE,3
2021,F84_historico,principal_y_secundario,TIPOALTA,DOMICILIO,3
2021,F84_historico,solo_secundario,TIPOALTA,ALTA VOLUNTARIA,19
2021,F84_historico,solo_secundario,TIPOALTA,"DERIVACIÓN A OTROS CENTROS (CÁRCEL, HOGAR DE",22
2021,F84_historico,solo_secundario,TIPOALTA,DERIVACIÓN INST. PRIVADA (COMPRA DE SERVICIOS,7
2021,F84_historico,solo_secundario,TIPOALTA,DERIVACIÓN INST. PRIVADA (VOLUNTARIO),5
2021,F84_historico,solo_secundario,TIPOALTA,DERIVACIÓN OTRO HOSPITAL DE LA RED NACIONAL,29
2021,F84_historico,solo_secundario,TIPOALTA,DERIVACIÓN OTRO HOSPITAL DEL SERVICIO,29
2021,F84_historico,solo_secundario,TIPOALTA,DOMICILIO,2066
2021,F84_historico,solo_secundario,TIPOALTA,FALLECIDO,7
2021,F84_historico,solo_secundario,TIPOALTA,FUGA DEL PACIENTE,3
2021,F84_historico,solo_secundario,TIPOALTA,HOSPITALIZACIÓN DOMICILIARIA,23
2022,F84_historico,principal,TIPOALTA,ALTA VOLUNTARIA,4
2022,F84_historico,principal,TIPOALTA,"DERIVACIÓN A OTROS CENTROS (CÁRCEL, HOGAR DE",7
2022,F84_historico,principal,TIPOALTA,DERIVACIÓN OTRO HOSPITAL DEL SERVICIO,7
2022,F84_historico,principal,TIPOALTA,DOMICILIO,275
2022,F84_historico,principal,TIPOALTA,FUGA DEL PACIENTE,2
2022,F84_historico,principal,TIPOALTA,HOSPITALIZACIÓN DOMICILIARIA,1
2022,F84_historico,principal_y_secundario,TIPOALTA,DOMICILIO,8
2022,F84_historico,solo_secundario,TIPOALTA,ALTA VOLUNTARIA,42
2022,F84_historico,solo_secundario,TIPOALTA,"DERIVACIÓN A OTROS CENTROS (CÁRCEL, HOGAR DE",17
2022,F84_historico,solo_secundario,TIPOALTA,DERIVACIÓN INST. PRIVADA (COMPRA DE SERVICIOS,3
2022,F84_historico,solo_secundario,TIPOALTA,DERIVACIÓN INST. PRIVADA (VOLUNTARIO),5
2022,F84_historico,solo_secundario,TIPOALTA,DERIVACIÓN OTRO HOSPITAL DE LA RED NACIONAL,36
2022,F84_historico,solo_secundario,TIPOALTA,DERIVACIÓN OTRO HOSPITAL DEL SERVICIO,44
2022,F84_historico,solo_secundario,TIPOALTA,DOMICILIO,3387
2022,F84_historico,solo_secundario,TIPOALTA,FALLECIDO,18
2022,F84_historico,solo_secundario,TIPOALTA,FUGA DEL PACIENTE,9
2022,F84_historico,solo_secundario,TIPOALTA,HOSPITALIZACIÓN DOMICILIARIA,47
2023,F84_historico,principal,TIPOALTA,ALTA VOLUNTARIA,5
2023,F84_historico,principal,TIPOALTA,"DERIVACIÓN A OTROS CENTROS (CÁRCEL, HOGAR DE",4
2023,F84_historico,principal,TIPOALTA,DERIVACIÓN OTRO HOSPITAL DEL SERVICIO,5
2023,F84_historico,principal,TIPOALTA,DOMICILIO,343
2023,F84_historico,principal_y_secundario,TIPOALTA,DERIVACIÓN INST. PRIVADA (VOLUNTARIO),1
2023,F84_historico,principal_y_secundario,TIPOALTA,DOMICILIO,8
2023,F84_historico,solo_secundario,TIPOALTA,ALTA VOLUNTARIA,64
2023,F84_historico,solo_secundario,TIPOALTA,"DERIVACIÓN A OTROS CENTROS (CÁRCEL, HOGAR DE",39
2023,F84_historico,solo_secundario,TIPOALTA,DERIVACIÓN INST. PRIVADA (COMPRA DE SERVICIOS,12
2023,F84_historico,solo_secundario,TIPOALTA,DERIVACIÓN INST. PRIVADA (VOLUNTARIO),6
2023,F84_historico,solo_secundario,TIPOALTA,DERIVACIÓN OTRO HOSPITAL DE LA RED NACIONAL,47
2023,F84_historico,solo_secundario,TIPOALTA,DERIVACIÓN OTRO HOSPITAL DEL SERVICIO,77
2023,F84_historico,solo_secundario,TIPOALTA,DOMICILIO,5725
2023,F84_historico,solo_secundario,TIPOALTA,FALLECIDO,21
2023,F84_historico,solo_secundario,TIPOALTA,FUGA DEL PACIENTE,8
2023,F84_historico,solo_secundario,TIPOALTA,HOSPITALIZACIÓN DOMICILIARIA,108
2024,F84_historico,principal,TIPOALTA,ALTA VOLUNTARIA,5
2024,F84_historico,principal,TIPOALTA,"DERIVACIÓN A OTROS CENTROS (CÁRCEL, HOGAR DE",8
2024,F84_historico,principal,TIPOALTA,DERIVACIÓN INST. PRIVADA (VOLUNTARIO),1
2024,F84_historico,principal,TIPOALTA,DERIVACIÓN OTRO HOSPITAL DEL SERVICIO,2
2024,F84_historico,principal,TIPOALTA,DOMICILIO,369
2024,F84_historico,principal,TIPOALTA,HOSPITALIZACIÓN DOMICILIARIA,1
2024,F84_historico,principal_y_secundario,TIPOALTA,ALTA VOLUNTARIA,1
2024,F84_historico,principal_y_secundario,TIPOALTA,"DERIVACIÓN A OTROS CENTROS (CÁRCEL, HOGAR DE",1
2024,F84_historico,principal_y_secundario,TIPOALTA,DOMICILIO,13
2024,F84_historico,solo_secundario,TIPOALTA,ALTA VOLUNTARIA,99
2024,F84_historico,solo_secundario,TIPOALTA,"DERIVACIÓN A OTROS CENTROS (CÁRCEL, HOGAR DE",26
2024,F84_historico,solo_secundario,TIPOALTA,DERIVACIÓN INST. PRIVADA (COMPRA DE SERVICIOS,16
2024,F84_historico,solo_secundario,TIPOALTA,DERIVACIÓN INST. PRIVADA (VOLUNTARIO),10
2024,F84_historico,solo_secundario,TIPOALTA,DERIVACIÓN OTRO HOSPITAL DE LA RED NACIONAL,67
2024,F84_historico,solo_secundario,TIPOALTA,DERIVACIÓN OTRO HOSPITAL DEL SERVICIO,143
2024,F84_historico,solo_secundario,TIPOALTA,DOMICILIO,7884
2024,F84_historico,solo_secundario,TIPOALTA,FALLECIDO,32
2024,F84_historico,solo_secundario,TIPOALTA,FUGA DEL PACIENTE,21
2024,F84_historico,solo_secundario,TIPOALTA,HOSPITALIZACIÓN DOMICILIARIA,119
2019,F84_historico,principal,ESPECIALIDAD_MEDICA,ANESTESIOLOGÍA,1
2019,F84_historico,principal,ESPECIALIDAD_MEDICA,CIRUGÍA PEDIÁTRICA,2
2019,F84_historico,principal,ESPECIALIDAD_MEDICA,CIRUGÍA Y TRAUMATOLOGÍA BUCOMAXILOFACIAL,1
2019,F84_historico,principal,ESPECIALIDAD_MEDICA,CUIDADOS INTENSIVOS PEDIÁTRICO,1
2019,F84_historico,principal,ESPECIALIDAD_MEDICA,HEMATOLOGÍA ONCOLÓGICA PEDIÁTRICA,1
2019,F84_historico,principal,ESPECIALIDAD_MEDICA,MEDICINA DE URGENCIA,6
2019,F84_historico,principal,ESPECIALIDAD_MEDICA,MEDICINA GENERAL,2
2019,F84_historico,principal,ESPECIALIDAD_MEDICA,MEDICINA INTERNA,4
2019,F84_historico,principal,ESPECIALIDAD_MEDICA,NEUROLOGÍA ADULTO,2
2019,F84_historico,principal,ESPECIALIDAD_MEDICA,NEUROLOGÍA PEDIÁTRICA,38
2019,F84_historico,principal,ESPECIALIDAD_MEDICA,OTORRINOLARINGOLOGÍA,4
2019,F84_historico,principal,ESPECIALIDAD_MEDICA,PEDIATRÍA,67
2019,F84_historico,principal,ESPECIALIDAD_MEDICA,PSIQUIATRÍA ADULTO,51
2019,F84_historico,principal,ESPECIALIDAD_MEDICA,PSIQUIATRÍA PEDIÁTRICA Y DE LA ADOLESCENCIA,54
2019,F84_historico,principal_y_secundario,ESPECIALIDAD_MEDICA,NEUROLOGÍA PEDIÁTRICA,4
2019,F84_historico,principal_y_secundario,ESPECIALIDAD_MEDICA,PSIQUIATRÍA ADULTO,3
2019,F84_historico,solo_secundario,ESPECIALIDAD_MEDICA,CARDIOLOGÍA,3
2019,F84_historico,solo_secundario,ESPECIALIDAD_MEDICA,CARDIOLOGÍA PEDIÁTRICA,5
2019,F84_historico,solo_secundario,ESPECIALIDAD_MEDICA,CIRUGÍA CABEZA CUELLO Y PLÁSTICA MAXILO FACIAL,22
2019,F84_historico,solo_secundario,ESPECIALIDAD_MEDICA,CIRUGÍA CARDIOVASCULAR,1
2019,F84_historico,solo_secundario,ESPECIALIDAD_MEDICA,CIRUGÍA GENERAL,77
2019,F84_historico,solo_secundario,ESPECIALIDAD_MEDICA,CIRUGÍA PEDIÁTRICA,304
2019,F84_historico,solo_secundario,ESPECIALIDAD_MEDICA,CIRUGÍA PLÁSTICA Y REPARADORA,9
2019,F84_historico,solo_secundario,ESPECIALIDAD_MEDICA,CIRUGÍA TÓRAX,2
2019,F84_historico,solo_secundario,ESPECIALIDAD_MEDICA,CIRUGÍA VASCULAR PERIFÉRICA,2
2019,F84_historico,solo_secundario,ESPECIALIDAD_MEDICA,CIRUGÍA Y TRAUMATOLOGÍA BUCOMAXILOFACIAL,69
2019,F84_historico,solo_secundario,ESPECIALIDAD_MEDICA,CUIDADOS INTENSIVOS PEDIÁTRICO,9
2019,F84_historico,solo_secundario,ESPECIALIDAD_MEDICA,DERMATOLOGÍA,2
2019,F84_historico,solo_secundario,ESPECIALIDAD_MEDICA,ENDOCRINOLOGÍA PEDIÁTRICA,1
2019,F84_historico,solo_secundario,ESPECIALIDAD_MEDICA,ENFERMEDADES RESPIRATORIAS,5
2019,F84_historico,solo_secundario,ESPECIALIDAD_MEDICA,ENFERNEDADES RESPIRATORIAS PEDIÁTRICA,12
2019,F84_historico,solo_secundario,ESPECIALIDAD_MEDICA,GASTROENTEROLOGÍA PEDIÁTRICA,7
2019,F84_historico,solo_secundario,ESPECIALIDAD_MEDICA,HEMATOLOGÍA,4
2019,F84_historico,solo_secundario,ESPECIALIDAD_MEDICA,HEMATOLOGÍA ONCOLÓGICA PEDIÁTRICA,59
2019,F84_historico,solo_secundario,ESPECIALIDAD_MEDICA,MEDICINA DE URGENCIA,7
2019,F84_historico,solo_secundario,ESPECIALIDAD_MEDICA,MEDICINA GENERAL,11
2019,F84_historico,solo_secundario,ESPECIALIDAD_MEDICA,MEDICINA INTENSIVA,6
2019,F84_historico,solo_secundario,ESPECIALIDAD_MEDICA,MEDICINA INTERNA,61
2019,F84_historico,solo_secundario,ESPECIALIDAD_MEDICA,NEFROLOGÍA PEDIÁTRICA,2
2019,F84_historico,solo_secundario,ESPECIALIDAD_MEDICA,NEUROCIRUGÍA,4
2019,F84_historico,solo_secundario,ESPECIALIDAD_MEDICA,NEUROCIRUGÍA PEDIÁTRICA,7
2019,F84_historico,solo_secundario,ESPECIALIDAD_MEDICA,NEUROLOGÍA ADULTO,10
2019,F84_historico,solo_secundario,ESPECIALIDAD_MEDICA,NEUROLOGÍA PEDIÁTRICA,157
2019,F84_historico,solo_secundario,ESPECIALIDAD_MEDICA,OBSTETRICIA Y GINECOLOGÍA,7
2019,F84_historico,solo_secundario,ESPECIALIDAD_MEDICA,ODONTOLOGÍA,42
2019,F84_historico,solo_secundario,ESPECIALIDAD_MEDICA,ODONTOPEDIATRÍA,60
2019,F84_historico,solo_secundario,ESPECIALIDAD_MEDICA,OFTALMOLOGÍA,27
2019,F84_historico,solo_secundario,ESPECIALIDAD_MEDICA,ONCOLOGÍA MÉDICA,10
2019,F84_historico,solo_secundario,ESPECIALIDAD_MEDICA,OTORRINOLARINGOLOGÍA,69
2019,F84_historico,solo_secundario,ESPECIALIDAD_MEDICA,PEDIATRÍA,793
2019,F84_historico,solo_secundario,ESPECIALIDAD_MEDICA,PSIQUIATRÍA ADULTO,81
2019,F84_historico,solo_secundario,ESPECIALIDAD_MEDICA,PSIQUIATRÍA PEDIÁTRICA Y DE LA ADOLESCENCIA,65
2019,F84_historico,solo_secundario,ESPECIALIDAD_MEDICA,RADIOLOGÍA INTERVENCIONAL,1
2019,F84_historico,solo_secundario,ESPECIALIDAD_MEDICA,TRAUMATOLOGÍA Y ORTOPEDIA,114
2019,F84_historico,solo_secundario,ESPECIALIDAD_MEDICA,UROLOGÍA,17
2020,F84_historico,principal,ESPECIALIDAD_MEDICA,CIRUGÍA PEDIÁTRICA,3
2020,F84_historico,principal,ESPECIALIDAD_MEDICA,MEDICINA INTERNA,2
2020,F84_historico,principal,ESPECIALIDAD_MEDICA,NEUROLOGÍA PEDIÁTRICA,18
2020,F84_historico,principal,ESPECIALIDAD_MEDICA,PEDIATRÍA,45
2020,F84_historico,principal,ESPECIALIDAD_MEDICA,PSIQUIATRÍA ADULTO,44
2020,F84_historico,principal,ESPECIALIDAD_MEDICA,PSIQUIATRÍA PEDIÁTRICA Y DE LA ADOLESCENCIA,43
2020,F84_historico,principal_y_secundario,ESPECIALIDAD_MEDICA,NEUROLOGÍA PEDIÁTRICA,1
2020,F84_historico,principal_y_secundario,ESPECIALIDAD_MEDICA,PEDIATRÍA,3
2020,F84_historico,principal_y_secundario,ESPECIALIDAD_MEDICA,PSIQUIATRÍA ADULTO,1
2020,F84_historico,principal_y_secundario,ESPECIALIDAD_MEDICA,PSIQUIATRÍA PEDIÁTRICA Y DE LA ADOLESCENCIA,3
2020,F84_historico,solo_secundario,ESPECIALIDAD_MEDICA,CARDIOLOGÍA,1
2020,F84_historico,solo_secundario,ESPECIALIDAD_MEDICA,CARDIOLOGÍA PEDIÁTRICA,5
2020,F84_historico,solo_secundario,ESPECIALIDAD_MEDICA,CIRUGÍA CARDIOVASCULAR,1
2020,F84_historico,solo_secundario,ESPECIALIDAD_MEDICA,"CIRUGÍA DE CABEZA, CUELLO Y MAXILOFACIAL",11
2020,F84_historico,solo_secundario,ESPECIALIDAD_MEDICA,CIRUGÍA DE TÓRAX,2
2020,F84_historico,solo_secundario,ESPECIALIDAD_MEDICA,CIRUGÍA GENERAL,49
2020,F84_historico,solo_secundario,ESPECIALIDAD_MEDICA,CIRUGÍA PEDIÁTRICA,237
2020,F84_historico,solo_secundario,ESPECIALIDAD_MEDICA,CIRUGÍA PLÁSTICA Y REPARADORA,4
2020,F84_historico,solo_secundario,ESPECIALIDAD_MEDICA,CIRUGÍA Y TRAUMATOLOGÍA BUCO MAXILOFACIAL,8
2020,F84_historico,solo_secundario,ESPECIALIDAD_MEDICA,CIRUJANO DENTISTA,5
2020,F84_historico,solo_secundario,ESPECIALIDAD_MEDICA,ENDOCRINOLOGÍA PEDIÁTRICA,3
2020,F84_historico,solo_secundario,ESPECIALIDAD_MEDICA,ENFERMEDADES RESPIRATORIAS DEL ADULTO (BRONCOPULMONAR),3
2020,F84_historico,solo_secundario,ESPECIALIDAD_MEDICA,ENFERMEDADES RESPIRATORIAS PEDIÁTRICAS (BRONCOPULMONAR PEDIATRICO),3
2020,F84_historico,solo_secundario,ESPECIALIDAD_MEDICA,GASTROENTEROLOGÍA PEDIÁTRICA,7
2020,F84_historico,solo_secundario,ESPECIALIDAD_MEDICA,HEMATO-ONCOLOGÍA PEDIÁTRICA,62
2020,F84_historico,solo_secundario,ESPECIALIDAD_MEDICA,HEMATOLOGÍA,5
2020,F84_historico,solo_secundario,ESPECIALIDAD_MEDICA,MEDICINA DE URGENCIA,2
2020,F84_historico,solo_secundario,ESPECIALIDAD_MEDICA,MEDICINA INTENSIVA ADULTO,3
2020,F84_historico,solo_secundario,ESPECIALIDAD_MEDICA,MEDICINA INTENSIVA PEDIÁTRICA,16
2020,F84_historico,solo_secundario,ESPECIALIDAD_MEDICA,MEDICINA INTERNA,62
2020,F84_historico,solo_secundario,ESPECIALIDAD_MEDICA,MÉDICO GENERAL,5
2020,F84_historico,solo_secundario,ESPECIALIDAD_MEDICA,NEFROLOGÍA PEDIÁTRICO,4
2020,F84_historico,solo_secundario,ESPECIALIDAD_MEDICA,NEONATOLOGÍA,1
2020,F84_historico,solo_secundario,ESPECIALIDAD_MEDICA,NEUROCIRUGÍA,30
2020,F84_historico,solo_secundario,ESPECIALIDAD_MEDICA,NEUROLOGÍA ADULTO,15
2020,F84_historico,solo_secundario,ESPECIALIDAD_MEDICA,NEUROLOGÍA PEDIÁTRICA,66
2020,F84_historico,solo_secundario,ESPECIALIDAD_MEDICA,NEURORRADIOLOGIA,1
2020,F84_historico,solo_secundario,ESPECIALIDAD_MEDICA,OBSTETRICIA Y GINECOLOGÍA,15
2020,F84_historico,solo_secundario,ESPECIALIDAD_MEDICA,ODONTOPEDIATRÍA,16
2020,F84_historico,solo_secundario,ESPECIALIDAD_MEDICA,OFTALMOLOGÍA,5
2020,F84_historico,solo_secundario,ESPECIALIDAD_MEDICA,ONCOLOGÍA MÉDICA,2
2020,F84_historico,solo_secundario,ESPECIALIDAD_MEDICA,OTORRINOLARINGOLOGÍA,44
2020,F84_historico,solo_secundario,ESPECIALIDAD_MEDICA,PEDIATRÍA,554
2020,F84_historico,solo_secundario,ESPECIALIDAD_MEDICA,PSIQUIATRÍA ADULTO,70
2020,F84_historico,solo_secundario,ESPECIALIDAD_MEDICA,PSIQUIATRÍA PEDIÁTRICA Y DE LA ADOLESCENCIA,58
2020,F84_historico,solo_secundario,ESPECIALIDAD_MEDICA,RADIOLOGÍA INTERVENCIONAL,2
2020,F84_historico,solo_secundario,ESPECIALIDAD_MEDICA,TRAUMATOLOGÍA Y ORTOPEDIA,82
2020,F84_historico,solo_secundario,ESPECIALIDAD_MEDICA,UROLOGÍA,11
2021,F84_historico,principal,ESPECIALIDAD_MEDICA,CIRUGÍA PEDIÁTRICA,5
2021,F84_historico,principal,ESPECIALIDAD_MEDICA,MEDICINA INTERNA,1
2021,F84_historico,principal,ESPECIALIDAD_MEDICA,MÉDICO GENERAL,1
2021,F84_historico,principal,ESPECIALIDAD_MEDICA,NEUROLOGÍA PEDIÁTRICA,3
2021,F84_historico,principal,ESPECIALIDAD_MEDICA,ODONTOPEDIATRÍA,1
2021,F84_historico,principal,ESPECIALIDAD_MEDICA,OTORRINOLARINGOLOGÍA,1
2021,F84_historico,principal,ESPECIALIDAD_MEDICA,PEDIATRÍA,60
2021,F84_historico,principal,ESPECIALIDAD_MEDICA,PSIQUIATRÍA ADULTO,73
2021,F84_historico,principal,ESPECIALIDAD_MEDICA,PSIQUIATRÍA PEDIÁTRICA Y DE LA ADOLESCENCIA,41
2021,F84_historico,principal_y_secundario,ESPECIALIDAD_MEDICA,PSIQUIATRÍA ADULTO,1
2021,F84_historico,principal_y_secundario,ESPECIALIDAD_MEDICA,PSIQUIATRÍA PEDIÁTRICA Y DE LA ADOLESCENCIA,2
2021,F84_historico,solo_secundario,ESPECIALIDAD_MEDICA,CARDIOLOGÍA,5
2021,F84_historico,solo_secundario,ESPECIALIDAD_MEDICA,CARDIOLOGÍA PEDIÁTRICA,11
2021,F84_historico,solo_secundario,ESPECIALIDAD_MEDICA,CIRUGÍA CARDIOVASCULAR,12
2021,F84_historico,solo_secundario,ESPECIALIDAD_MEDICA,"CIRUGÍA DE CABEZA, CUELLO Y MAXILOFACIAL",12
2021,F84_historico,solo_secundario,ESPECIALIDAD_MEDICA,CIRUGÍA DE TÓRAX,4
2021,F84_historico,solo_secundario,ESPECIALIDAD_MEDICA,CIRUGÍA DIGESTIVA,2
2021,F84_historico,solo_secundario,ESPECIALIDAD_MEDICA,CIRUGÍA GENERAL,65
2021,F84_historico,solo_secundario,ESPECIALIDAD_MEDICA,CIRUGÍA PEDIÁTRICA,371
2021,F84_historico,solo_secundario,ESPECIALIDAD_MEDICA,CIRUGÍA PLÁSTICA Y REPARADORA,8
2021,F84_historico,solo_secundario,ESPECIALIDAD_MEDICA,CIRUGÍA VASCULAR PERIFÉRICA,1
2021,F84_historico,solo_secundario,ESPECIALIDAD_MEDICA,CIRUGÍA Y TRAUMATOLOGÍA BUCO MAXILOFACIAL,17
2021,F84_historico,solo_secundario,ESPECIALIDAD_MEDICA,CIRUJANO DENTISTA,3
2021,F84_historico,solo_secundario,ESPECIALIDAD_MEDICA,COLOPROCTOLOGÍA,3
2021,F84_historico,solo_secundario,ESPECIALIDAD_MEDICA,ENDOCRINOLOGÍA PEDIÁTRICA,4
2021,F84_historico,solo_secundario,ESPECIALIDAD_MEDICA,ENFERMEDADES RESPIRATORIAS DEL ADULTO (BRONCOPULMONAR),7
2021,F84_historico,solo_secundario,ESPECIALIDAD_MEDICA,ENFERMEDADES RESPIRATORIAS PEDIÁTRICAS (BRONCOPULMONAR PEDIATRICO),6
2021,F84_historico,solo_secundario,ESPECIALIDAD_MEDICA,GASTROENTEROLOGÍA PEDIÁTRICA,4
2021,F84_historico,solo_secundario,ESPECIALIDAD_MEDICA,HEMATO-ONCOLOGÍA PEDIÁTRICA,66
2021,F84_historico,solo_secundario,ESPECIALIDAD_MEDICA,HEMATOLOGÍA,5
2021,F84_historico,solo_secundario,ESPECIALIDAD_MEDICA,MEDICINA DE URGENCIA,3
2021,F84_historico,solo_secundario,ESPECIALIDAD_MEDICA,MEDICINA INTENSIVA ADULTO,8
2021,F84_historico,solo_secundario,ESPECIALIDAD_MEDICA,MEDICINA INTENSIVA PEDIÁTRICA,17
2021,F84_historico,solo_secundario,ESPECIALIDAD_MEDICA,MEDICINA INTERNA,92
2021,F84_historico,solo_secundario,ESPECIALIDAD_MEDICA,MÉDICO GENERAL,10
2021,F84_historico,solo_secundario,ESPECIALIDAD_MEDICA,NEFROLOGÍA ADULTO,1
2021,F84_historico,solo_secundario,ESPECIALIDAD_MEDICA,NEFROLOGÍA PEDIÁTRICO,2
2021,F84_historico,solo_secundario,ESPECIALIDAD_MEDICA,NEONATOLOGÍA,3
2021,F84_historico,solo_secundario,ESPECIALIDAD_MEDICA,NEUROCIRUGÍA,52
2021,F84_historico,solo_secundario,ESPECIALIDAD_MEDICA,NEUROLOGÍA ADULTO,19
2021,F84_historico,solo_secundario,ESPECIALIDAD_MEDICA,NEUROLOGÍA PEDIÁTRICA,80
2021,F84_historico,solo_secundario,ESPECIALIDAD_MEDICA,NEURORRADIOLOGIA,4
2021,F84_historico,solo_secundario,ESPECIALIDAD_MEDICA,OBSTETRICIA Y GINECOLOGÍA,15
2021,F84_historico,solo_secundario,ESPECIALIDAD_MEDICA,ODONTOPEDIATRÍA,47
2021,F84_historico,solo_secundario,ESPECIALIDAD_MEDICA,OFTALMOLOGÍA,21
2021,F84_historico,solo_secundario,ESPECIALIDAD_MEDICA,ONCOLOGÍA MÉDICA,18
2021,F84_historico,solo_secundario,ESPECIALIDAD_MEDICA,OTORRINOLARINGOLOGÍA,54
2021,F84_historico,solo_secundario,ESPECIALIDAD_MEDICA,PEDIATRÍA,821
2021,F84_historico,solo_secundario,ESPECIALIDAD_MEDICA,PSIQUIATRÍA ADULTO,100
2021,F84_historico,solo_secundario,ESPECIALIDAD_MEDICA,PSIQUIATRÍA PEDIÁTRICA Y DE LA ADOLESCENCIA,111
2021,F84_historico,solo_secundario,ESPECIALIDAD_MEDICA,RADIOTERAPIA ONCOLÓGICA,1
2021,F84_historico,solo_secundario,ESPECIALIDAD_MEDICA,TRAUMATOLOGÍA Y ORTOPEDIA,107
2021,F84_historico,solo_secundario,ESPECIALIDAD_MEDICA,UROLOGÍA,18
2022,F84_historico,principal,ESPECIALIDAD_MEDICA,CARDIOLOGÍA,1
2022,F84_historico,principal,ESPECIALIDAD_MEDICA,CIRUGÍA PEDIÁTRICA,3
2022,F84_historico,principal,ESPECIALIDAD_MEDICA,MEDICINA DE URGENCIA,1
2022,F84_historico,principal,ESPECIALIDAD_MEDICA,MEDICINA INTERNA,6
2022,F84_historico,principal,ESPECIALIDAD_MEDICA,MÉDICO GENERAL,1
2022,F84_historico,principal,ESPECIALIDAD_MEDICA,NEUROCIRUGÍA,2
2022,F84_historico,principal,ESPECIALIDAD_MEDICA,NEUROLOGÍA ADULTO,2
2022,F84_historico,principal,ESPECIALIDAD_MEDICA,NEUROLOGÍA PEDIÁTRICA,8
2022,F84_historico,principal,ESPECIALIDAD_MEDICA,OBSTETRICIA Y GINECOLOGÍA,1
2022,F84_historico,principal,ESPECIALIDAD_MEDICA,PEDIATRÍA,82
2022,F84_historico,principal,ESPECIALIDAD_MEDICA,PSIQUIATRÍA ADULTO,72
2022,F84_historico,principal,ESPECIALIDAD_MEDICA,PSIQUIATRÍA PEDIÁTRICA Y DE LA ADOLESCENCIA,117
2022,F84_historico,principal_y_secundario,ESPECIALIDAD_MEDICA,PEDIATRÍA,3
2022,F84_historico,principal_y_secundario,ESPECIALIDAD_MEDICA,PSIQUIATRÍA ADULTO,4
2022,F84_historico,principal_y_secundario,ESPECIALIDAD_MEDICA,PSIQUIATRÍA PEDIÁTRICA Y DE LA ADOLESCENCIA,1
2022,F84_historico,solo_secundario,ESPECIALIDAD_MEDICA,CARDIOLOGÍA,6
2022,F84_historico,solo_secundario,ESPECIALIDAD_MEDICA,CARDIOLOGÍA PEDIÁTRICA,23
2022,F84_historico,solo_secundario,ESPECIALIDAD_MEDICA,CIRUGÍA CARDIOVASCULAR,11
2022,F84_historico,solo_secundario,ESPECIALIDAD_MEDICA,"CIRUGÍA DE CABEZA, CUELLO Y MAXILOFACIAL",17
2022,F84_historico,solo_secundario,ESPECIALIDAD_MEDICA,CIRUGÍA DE TÓRAX,4
2022,F84_historico,solo_secundario,ESPECIALIDAD_MEDICA,CIRUGÍA DIGESTIVA,4
2022,F84_historico,solo_secundario,ESPECIALIDAD_MEDICA,CIRUGÍA GENERAL,89
2022,F84_historico,solo_secundario,ESPECIALIDAD_MEDICA,CIRUGÍA PEDIÁTRICA,619
2022,F84_historico,solo_secundario,ESPECIALIDAD_MEDICA,CIRUGÍA PLÁSTICA Y REPARADORA,19
2022,F84_historico,solo_secundario,ESPECIALIDAD_MEDICA,CIRUGÍA VASCULAR PERIFÉRICA,3
2022,F84_historico,solo_secundario,ESPECIALIDAD_MEDICA,CIRUGÍA Y TRAUMATOLOGÍA BUCO MAXILOFACIAL,28
2022,F84_historico,solo_secundario,ESPECIALIDAD_MEDICA,CIRUJANO DENTISTA,12
2022,F84_historico,solo_secundario,ESPECIALIDAD_MEDICA,COLOPROCTOLOGÍA,2
2022,F84_historico,solo_secundario,ESPECIALIDAD_MEDICA,ENDOCRINOLOGÍA PEDIÁTRICA,3
2022,F84_historico,solo_secundario,ESPECIALIDAD_MEDICA,ENFERMEDADES RESPIRATORIAS DEL ADULTO (BRONCOPULMONAR),3
2022,F84_historico,solo_secundario,ESPECIALIDAD_MEDICA,ENFERMEDADES RESPIRATORIAS PEDIÁTRICAS (BRONCOPULMONAR PEDIATRICO),36
2022,F84_historico,solo_secundario,ESPECIALIDAD_MEDICA,GASTROENTEROLOGÍA ADULTO,2
2022,F84_historico,solo_secundario,ESPECIALIDAD_MEDICA,GASTROENTEROLOGÍA PEDIÁTRICA,13
2022,F84_historico,solo_secundario,ESPECIALIDAD_MEDICA,HEMATO-ONCOLOGÍA PEDIÁTRICA,84
2022,F84_historico,solo_secundario,ESPECIALIDAD_MEDICA,HEMATOLOGÍA,5
2022,F84_historico,solo_secundario,ESPECIALIDAD_MEDICA,INMUNOLOGÍA CLÍNICA,1
2022,F84_historico,solo_secundario,ESPECIALIDAD_MEDICA,MATRONAS(ES),1
2022,F84_historico,solo_secundario,ESPECIALIDAD_MEDICA,MEDICINA DE URGENCIA,6
2022,F84_historico,solo_secundario,ESPECIALIDAD_MEDICA,MEDICINA INTENSIVA ADULTO,21
2022,F84_historico,solo_secundario,ESPECIALIDAD_MEDICA,MEDICINA INTENSIVA PEDIÁTRICA,44
2022,F84_historico,solo_secundario,ESPECIALIDAD_MEDICA,MEDICINA INTERNA,119
2022,F84_historico,solo_secundario,ESPECIALIDAD_MEDICA,MÉDICO GENERAL,13
2022,F84_historico,solo_secundario,ESPECIALIDAD_MEDICA,NEFROLOGÍA ADULTO,1
2022,F84_historico,solo_secundario,ESPECIALIDAD_MEDICA,NEFROLOGÍA PEDIÁTRICO,5
2022,F84_historico,solo_secundario,ESPECIALIDAD_MEDICA,NEONATOLOGÍA,1
2022,F84_historico,solo_secundario,ESPECIALIDAD_MEDICA,NEUROCIRUGÍA,56
2022,F84_historico,solo_secundario,ESPECIALIDAD_MEDICA,NEUROLOGÍA ADULTO,32
2022,F84_historico,solo_secundario,ESPECIALIDAD_MEDICA,NEUROLOGÍA PEDIÁTRICA,99
2022,F84_historico,solo_secundario,ESPECIALIDAD_MEDICA,NEURORRADIOLOGIA,5
2022,F84_historico,solo_secundario,ESPECIALIDAD_MEDICA,OBSTETRICIA Y GINECOLOGÍA,27
2022,F84_historico,solo_secundario,ESPECIALIDAD_MEDICA,ODONTOPEDIATRÍA,52
2022,F84_historico,solo_secundario,ESPECIALIDAD_MEDICA,OFTALMOLOGÍA,28
2022,F84_historico,solo_secundario,ESPECIALIDAD_MEDICA,ONCOLOGÍA MÉDICA,30
2022,F84_historico,solo_secundario,ESPECIALIDAD_MEDICA,ORTODONCIA Y ORTOPEDIA DENTO MAXILOFACIAL,2
2022,F84_historico,solo_secundario,ESPECIALIDAD_MEDICA,OTORRINOLARINGOLOGÍA,110
2022,F84_historico,solo_secundario,ESPECIALIDAD_MEDICA,PEDIATRÍA,1364
2022,F84_historico,solo_secundario,ESPECIALIDAD_MEDICA,PERIODONCIA,1
2022,F84_historico,solo_secundario,ESPECIALIDAD_MEDICA,PSIQUIATRÍA ADULTO,147
2022,F84_historico,solo_secundario,ESPECIALIDAD_MEDICA,PSIQUIATRÍA PEDIÁTRICA Y DE LA ADOLESCENCIA,247
2022,F84_historico,solo_secundario,ESPECIALIDAD_MEDICA,TRAUMATOLOGÍA Y ORTOPEDIA,186
2022,F84_historico,solo_secundario,ESPECIALIDAD_MEDICA,UROLOGÍA,27
2023,F84_historico,principal,ESPECIALIDAD_MEDICA,CIRUGÍA PEDIÁTRICA,1
2023,F84_historico,principal,ESPECIALIDAD_MEDICA,MEDICINA INTERNA,3
2023,F84_historico,principal,ESPECIALIDAD_MEDICA,MÉDICO GENERAL,3
2023,F84_historico,principal,ESPECIALIDAD_MEDICA,NEUROCIRUGÍA,1
2023,F84_historico,principal,ESPECIALIDAD_MEDICA,NEUROLOGÍA PEDIÁTRICA,7
2023,F84_historico,principal,ESPECIALIDAD_MEDICA,PEDIATRÍA,73
2023,F84_historico,principal,ESPECIALIDAD_MEDICA,PSIQUIATRÍA ADULTO,84
2023,F84_historico,principal,ESPECIALIDAD_MEDICA,PSIQUIATRÍA PEDIÁTRICA Y DE LA ADOLESCENCIA,185
2023,F84_historico,principal_y_secundario,ESPECIALIDAD_MEDICA,MEDICINA INTERNA,1
2023,F84_historico,principal_y_secundario,ESPECIALIDAD_MEDICA,PEDIATRÍA,2
2023,F84_historico,principal_y_secundario,ESPECIALIDAD_MEDICA,PSIQUIATRÍA ADULTO,4
2023,F84_historico,principal_y_secundario,ESPECIALIDAD_MEDICA,PSIQUIATRÍA PEDIÁTRICA Y DE LA ADOLESCENCIA,2
2023,F84_historico,solo_secundario,ESPECIALIDAD_MEDICA,CARDIOLOGÍA,3
2023,F84_historico,solo_secundario,ESPECIALIDAD_MEDICA,CARDIOLOGÍA PEDIÁTRICA,15
2023,F84_historico,solo_secundario,ESPECIALIDAD_MEDICA,CIRUGÍA CARDIOVASCULAR,17
2023,F84_historico,solo_secundario,ESPECIALIDAD_MEDICA,"CIRUGÍA DE CABEZA, CUELLO Y MAXILOFACIAL",25
2023,F84_historico,solo_secundario,ESPECIALIDAD_MEDICA,CIRUGÍA DE TÓRAX,2
2023,F84_historico,solo_secundario,ESPECIALIDAD_MEDICA,CIRUGÍA DIGESTIVA,10
2023,F84_historico,solo_secundario,ESPECIALIDAD_MEDICA,CIRUGÍA GENERAL,152
2023,F84_historico,solo_secundario,ESPECIALIDAD_MEDICA,CIRUGÍA PEDIÁTRICA,965
2023,F84_historico,solo_secundario,ESPECIALIDAD_MEDICA,CIRUGÍA PLÁSTICA Y REPARADORA,23
2023,F84_historico,solo_secundario,ESPECIALIDAD_MEDICA,CIRUGÍA VASCULAR PERIFÉRICA,4
2023,F84_historico,solo_secundario,ESPECIALIDAD_MEDICA,CIRUGÍA Y TRAUMATOLOGÍA BUCO MAXILOFACIAL,45
2023,F84_historico,solo_secundario,ESPECIALIDAD_MEDICA,CIRUJANO DENTISTA,7
2023,F84_historico,solo_secundario,ESPECIALIDAD_MEDICA,COLOPROCTOLOGÍA,10
2023,F84_historico,solo_secundario,ESPECIALIDAD_MEDICA,DERMATOLOGÍA Y VENEROLOGÍA,1
2023,F84_historico,solo_secundario,ESPECIALIDAD_MEDICA,DIABETOLOGÍA,1
2023,F84_historico,solo_secundario,ESPECIALIDAD_MEDICA,ENDOCRINOLOGÍA PEDIÁTRICA,5
2023,F84_historico,solo_secundario,ESPECIALIDAD_MEDICA,ENFERMEDADES RESPIRATORIAS DEL ADULTO (BRONCOPULMONAR),4
2023,F84_historico,solo_secundario,ESPECIALIDAD_MEDICA,ENFERMEDADES RESPIRATORIAS PEDIÁTRICAS (BRONCOPULMONAR PEDIATRICO),84
2023,F84_historico,solo_secundario,ESPECIALIDAD_MEDICA,GASTROENTEROLOGÍA ADULTO,6
2023,F84_historico,solo_secundario,ESPECIALIDAD_MEDICA,GASTROENTEROLOGÍA PEDIÁTRICA,47
2023,F84_historico,solo_secundario,ESPECIALIDAD_MEDICA,GINECOLOGÍA PEDIÁTRICA Y DE LA ADOLESCENCIA,1
2023,F84_historico,solo_secundario,ESPECIALIDAD_MEDICA,HEMATO-ONCOLOGÍA PEDIÁTRICA,130
2023,F84_historico,solo_secundario,ESPECIALIDAD_MEDICA,HEMATOLOGÍA,14
2023,F84_historico,solo_secundario,ESPECIALIDAD_MEDICA,INMUNOLOGÍA CLÍNICA,2
2023,F84_historico,solo_secundario,ESPECIALIDAD_MEDICA,MEDICINA DE URGENCIA,2
2023,F84_historico,solo_secundario,ESPECIALIDAD_MEDICA,MEDICINA FISICA Y REHABILITACIÓN PEDIÁTRICA,1
2023,F84_historico,solo_secundario,ESPECIALIDAD_MEDICA,MEDICINA INTENSIVA ADULTO,25
2023,F84_historico,solo_secundario,ESPECIALIDAD_MEDICA,MEDICINA INTENSIVA PEDIÁTRICA,46
2023,F84_historico,solo_secundario,ESPECIALIDAD_MEDICA,MEDICINA INTERNA,192
2023,F84_historico,solo_secundario,ESPECIALIDAD_MEDICA,MÉDICO GENERAL,14
2023,F84_historico,solo_secundario,ESPECIALIDAD_MEDICA,NEFROLOGÍA ADULTO,3
2023,F84_historico,solo_secundario,ESPECIALIDAD_MEDICA,NEFROLOGÍA PEDIÁTRICO,2
2023,F84_historico,solo_secundario,ESPECIALIDAD_MEDICA,NEONATOLOGÍA,2
2023,F84_historico,solo_secundario,ESPECIALIDAD_MEDICA,NEUROCIRUGÍA,58
2023,F84_historico,solo_secundario,ESPECIALIDAD_MEDICA,NEUROLOGÍA ADULTO,45
2023,F84_historico,solo_secundario,ESPECIALIDAD_MEDICA,NEUROLOGÍA PEDIÁTRICA,145
2023,F84_historico,solo_secundario,ESPECIALIDAD_MEDICA,NEURORRADIOLOGIA,2
2023,F84_historico,solo_secundario,ESPECIALIDAD_MEDICA,OBSTETRICIA Y GINECOLOGÍA,68
2023,F84_historico,solo_secundario,ESPECIALIDAD_MEDICA,ODONTOPEDIATRÍA,41
2023,F84_historico,solo_secundario,ESPECIALIDAD_MEDICA,OFTALMOLOGÍA,65
2023,F84_historico,solo_secundario,ESPECIALIDAD_MEDICA,ONCOLOGÍA MÉDICA,43
2023,F84_historico,solo_secundario,ESPECIALIDAD_MEDICA,OTORRINOLARINGOLOGÍA,202
2023,F84_historico,solo_secundario,ESPECIALIDAD_MEDICA,PEDIATRÍA,2355
2023,F84_historico,solo_secundario,ESPECIALIDAD_MEDICA,PSIQUIATRÍA ADULTO,313
2023,F84_historico,solo_secundario,ESPECIALIDAD_MEDICA,PSIQUIATRÍA PEDIÁTRICA Y DE LA ADOLESCENCIA,561
2023,F84_historico,solo_secundario,ESPECIALIDAD_MEDICA,RADIOLOGÍA INTERVENCIONAL,1
2023,F84_historico,solo_secundario,ESPECIALIDAD_MEDICA,REUMATOLOGÍA PEDIÁTRICA,1
2023,F84_historico,solo_secundario,ESPECIALIDAD_MEDICA,TRAUMATOLOGÍA Y ORTOPEDIA,292
2023,F84_historico,solo_secundario,ESPECIALIDAD_MEDICA,UROLOGÍA,55
2024,F84_historico,principal,ESPECIALIDAD_MEDICA,CIRUGÍA GENERAL,1
2024,F84_historico,principal,ESPECIALIDAD_MEDICA,CIRUGÍA PEDIÁTRICA,2
2024,F84_historico,principal,ESPECIALIDAD_MEDICA,MEDICINA DE URGENCIA,2
2024,F84_historico,principal,ESPECIALIDAD_MEDICA,MEDICINA INTENSIVA ADULTO,1
2024,F84_historico,principal,ESPECIALIDAD_MEDICA,MEDICINA INTENSIVA PEDIÁTRICA,1
2024,F84_historico,principal,ESPECIALIDAD_MEDICA,MEDICINA INTERNA,3
2024,F84_historico,principal,ESPECIALIDAD_MEDICA,MÉDICO GENERAL,2
2024,F84_historico,principal,ESPECIALIDAD_MEDICA,NEUROLOGÍA PEDIÁTRICA,18
2024,F84_historico,principal,ESPECIALIDAD_MEDICA,OBSTETRICIA Y GINECOLOGÍA,1
2024,F84_historico,principal,ESPECIALIDAD_MEDICA,PEDIATRÍA,82
2024,F84_historico,principal,ESPECIALIDAD_MEDICA,PSIQUIATRÍA ADULTO,92
2024,F84_historico,principal,ESPECIALIDAD_MEDICA,PSIQUIATRÍA PEDIÁTRICA Y DE LA ADOLESCENCIA,181
2024,F84_historico,principal_y_secundario,ESPECIALIDAD_MEDICA,MEDICINA INTERNA,1
2024,F84_historico,principal_y_secundario,ESPECIALIDAD_MEDICA,PEDIATRÍA,4
2024,F84_historico,principal_y_secundario,ESPECIALIDAD_MEDICA,PSIQUIATRÍA ADULTO,5
2024,F84_historico,principal_y_secundario,ESPECIALIDAD_MEDICA,PSIQUIATRÍA PEDIÁTRICA Y DE LA ADOLESCENCIA,5
2024,F84_historico,solo_secundario,ESPECIALIDAD_MEDICA,CARDIOLOGÍA,8
2024,F84_historico,solo_secundario,ESPECIALIDAD_MEDICA,CARDIOLOGÍA PEDIÁTRICA,17
2024,F84_historico,solo_secundario,ESPECIALIDAD_MEDICA,CIRUGÍA CARDIOVASCULAR,12
2024,F84_historico,solo_secundario,ESPECIALIDAD_MEDICA,"CIRUGÍA DE CABEZA, CUELLO Y MAXILOFACIAL",35
2024,F84_historico,solo_secundario,ESPECIALIDAD_MEDICA,CIRUGÍA DE TÓRAX,6
2024,F84_historico,solo_secundario,ESPECIALIDAD_MEDICA,CIRUGÍA DIGESTIVA,5
2024,F84_historico,solo_secundario,ESPECIALIDAD_MEDICA,CIRUGÍA GENERAL,246
2024,F84_historico,solo_secundario,ESPECIALIDAD_MEDICA,CIRUGÍA PEDIÁTRICA,1325
2024,F84_historico,solo_secundario,ESPECIALIDAD_MEDICA,CIRUGÍA PLÁSTICA Y REPARADORA,29
2024,F84_historico,solo_secundario,ESPECIALIDAD_MEDICA,CIRUGÍA VASCULAR PERIFÉRICA,3
2024,F84_historico,solo_secundario,ESPECIALIDAD_MEDICA,CIRUGÍA Y TRAUMATOLOGÍA BUCO MAXILOFACIAL,88
2024,F84_historico,solo_secundario,ESPECIALIDAD_MEDICA,CIRUJANO DENTISTA,8
2024,F84_historico,solo_secundario,ESPECIALIDAD_MEDICA,COLOPROCTOLOGÍA,17
2024,F84_historico,solo_secundario,ESPECIALIDAD_MEDICA,DIABETOLOGÍA,2
2024,F84_historico,solo_secundario,ESPECIALIDAD_MEDICA,ENDOCRINOLOGÍA PEDIÁTRICA,5
2024,F84_historico,solo_secundario,ESPECIALIDAD_MEDICA,ENFERMEDADES RESPIRATORIAS DEL ADULTO (BRONCOPULMONAR),11
2024,F84_historico,solo_secundario,ESPECIALIDAD_MEDICA,ENFERMEDADES RESPIRATORIAS PEDIÁTRICAS (BRONCOPULMONAR PEDIATRICO),69
2024,F84_historico,solo_secundario,ESPECIALIDAD_MEDICA,GASTROENTEROLOGÍA ADULTO,7
2024,F84_historico,solo_secundario,ESPECIALIDAD_MEDICA,GASTROENTEROLOGÍA PEDIÁTRICA,25
2024,F84_historico,solo_secundario,ESPECIALIDAD_MEDICA,GINECOLOGÍA ONCOLÓGICA,1
2024,F84_historico,solo_secundario,ESPECIALIDAD_MEDICA,HEMATO-ONCOLOGÍA PEDIÁTRICA,138
2024,F84_historico,solo_secundario,ESPECIALIDAD_MEDICA,HEMATOLOGÍA,31
2024,F84_historico,solo_secundario,ESPECIALIDAD_MEDICA,IMPLANTOLOGIA BUCO MAXILOFACIAL,1
2024,F84_historico,solo_secundario,ESPECIALIDAD_MEDICA,INMUNOLOGÍA CLÍNICA,1
2024,F84_historico,solo_secundario,ESPECIALIDAD_MEDICA,MEDICINA DE URGENCIA,23
2024,F84_historico,solo_secundario,ESPECIALIDAD_MEDICA,MEDICINA FAMILIAR,2
2024,F84_historico,solo_secundario,ESPECIALIDAD_MEDICA,MEDICINA INTENSIVA ADULTO,31
2024,F84_historico,solo_secundario,ESPECIALIDAD_MEDICA,MEDICINA INTENSIVA PEDIÁTRICA,76
2024,F84_historico,solo_secundario,ESPECIALIDAD_MEDICA,MEDICINA INTERNA,284
2024,F84_historico,solo_secundario,ESPECIALIDAD_MEDICA,MÉDICO GENERAL,31
2024,F84_historico,solo_secundario,ESPECIALIDAD_MEDICA,NEFROLOGÍA ADULTO,4
2024,F84_historico,solo_secundario,ESPECIALIDAD_MEDICA,NEFROLOGÍA PEDIÁTRICO,8
2024,F84_historico,solo_secundario,ESPECIALIDAD_MEDICA,NEONATOLOGÍA,3
2024,F84_historico,solo_secundario,ESPECIALIDAD_MEDICA,NEUROCIRUGÍA,81
2024,F84_historico,solo_secundario,ESPECIALIDAD_MEDICA,NEUROLOGÍA ADULTO,58
2024,F84_historico,solo_secundario,ESPECIALIDAD_MEDICA,NEUROLOGÍA PEDIÁTRICA,164
2024,F84_historico,solo_secundario,ESPECIALIDAD_MEDICA,NEURORRADIOLOGIA,5
2024,F84_historico,solo_secundario,ESPECIALIDAD_MEDICA,OBSTETRICIA Y GINECOLOGÍA,126
2024,F84_historico,solo_secundario,ESPECIALIDAD_MEDICA,ODONTOPEDIATRÍA,86
2024,F84_historico,solo_secundario,ESPECIALIDAD_MEDICA,OFTALMOLOGÍA,85
2024,F84_historico,solo_secundario,ESPECIALIDAD_MEDICA,ONCOLOGÍA MÉDICA,23
2024,F84_historico,solo_secundario,ESPECIALIDAD_MEDICA,OTORRINOLARINGOLOGÍA,326
2024,F84_historico,solo_secundario,ESPECIALIDAD_MEDICA,PEDIATRÍA,3014
2024,F84_historico,solo_secundario,ESPECIALIDAD_MEDICA,PSIQUIATRÍA ADULTO,490
2024,F84_historico,solo_secundario,ESPECIALIDAD_MEDICA,PSIQUIATRÍA PEDIÁTRICA Y DE LA ADOLESCENCIA,976
2024,F84_historico,solo_secundario,ESPECIALIDAD_MEDICA,REUMATOLOGÍA PEDIÁTRICA,3
2024,F84_historico,solo_secundario,ESPECIALIDAD_MEDICA,SALUD PÚBLICA (ODONTOLÓGICA),1
2024,F84_historico,solo_secundario,ESPECIALIDAD_MEDICA,TRAUMATOLOGÍA Y ORTOPEDIA,357
2024,F84_historico,solo_secundario,ESPECIALIDAD_MEDICA,UROLOGÍA,70
2019,F84_historico,principal,TIPO_PROCEDENCIA,APS CONSULTORIO (CESFAM),5
2019,F84_historico,principal,TIPO_PROCEDENCIA,"APS URGENCIA (SAPU, SUR, SUC)",6
2019,F84_historico,principal,TIPO_PROCEDENCIA,"CENTRO ESPECIALIDADES (CDT, CRS, CONSULTORIO ADOS. ESP)",92
2019,F84_historico,principal,TIPO_PROCEDENCIA,CIRUGÍA MAYOR AMBULATORIA (CMA),1
2019,F84_historico,principal,TIPO_PROCEDENCIA,HOSPITALIZACIÓN DIURNA,1
2019,F84_historico,principal,TIPO_PROCEDENCIA,HOSPITALIZACIÓN DOMICILIARIA,1
2019,F84_historico,principal,TIPO_PROCEDENCIA,"OTRAS INSTITUCIONES (CÁRCEL, HOGARES DE ANCIANOS, SENAME, EC",1
2019,F84_historico,principal,TIPO_PROCEDENCIA,"OTRAS INSTITUCIONES SALUD (CLÍNICAS PRIVADAS, DE REHABILITAC",1
2019,F84_historico,principal,TIPO_PROCEDENCIA,OTROS HOSPITALES DE LA RED,8
2019,F84_historico,principal,TIPO_PROCEDENCIA,OTROS HOSPITALES RED NACIONAL,9
2019,F84_historico,principal,TIPO_PROCEDENCIA,SERVICIO EMERGENCIA (DOMICILIO),109
2019,F84_historico,principal_y_secundario,TIPO_PROCEDENCIA,"CENTRO ESPECIALIDADES (CDT, CRS, CONSULTORIO ADOS. ESP)",2
2019,F84_historico,principal_y_secundario,TIPO_PROCEDENCIA,OTROS HOSPITALES DE LA RED,1
2019,F84_historico,principal_y_secundario,TIPO_PROCEDENCIA,SERVICIO EMERGENCIA (DOMICILIO),4
2019,F84_historico,solo_secundario,TIPO_PROCEDENCIA,APS CONSULTORIO (CESFAM),41
2019,F84_historico,solo_secundario,TIPO_PROCEDENCIA,"APS URGENCIA (SAPU, SUR, SUC)",61
2019,F84_historico,solo_secundario,TIPO_PROCEDENCIA,"CENTRO ESPECIALIDADES (CDT, CRS, CONSULTORIO ADOS. ESP)",890
2019,F84_historico,solo_secundario,TIPO_PROCEDENCIA,CIRUGÍA MAYOR AMBULATORIA (CMA),32
2019,F84_historico,solo_secundario,TIPO_PROCEDENCIA,CONSULTA PRIVADA,28
2019,F84_historico,solo_secundario,TIPO_PROCEDENCIA,HOSPITALIZACIÓN DIURNA,17
2019,F84_historico,solo_secundario,TIPO_PROCEDENCIA,HOSPITALIZACIÓN DOMICILIARIA,1
2019,F84_historico,solo_secundario,TIPO_PROCEDENCIA,"OTRAS INSTITUCIONES (CÁRCEL, HOGARES DE ANCIANOS, SENAME, EC",14
2019,F84_historico,solo_secundario,TIPO_PROCEDENCIA,"OTRAS INSTITUCIONES SALUD (CLÍNICAS PRIVADAS, DE REHABILITAC",35
2019,F84_historico,solo_secundario,TIPO_PROCEDENCIA,OTROS HOSPITALES DE LA RED,147
2019,F84_historico,solo_secundario,TIPO_PROCEDENCIA,OTROS HOSPITALES RED NACIONAL,61
2019,F84_historico,solo_secundario,TIPO_PROCEDENCIA,SERVICIO EMERGENCIA (DOMICILIO),817
2020,F84_historico,principal,TIPO_PROCEDENCIA,APS CONSULTORIO (CESFAM),3
2020,F84_historico,principal,TIPO_PROCEDENCIA,"APS URGENCIA (SAPU, SUR, SUC)",2
2020,F84_historico,principal,TIPO_PROCEDENCIA,"CENTRO ESPECIALIDADES (CDT, CRS, CONSULTORIO ADOS. ESP)",55
2020,F84_historico,principal,TIPO_PROCEDENCIA,"OTRAS INSTITUCIONES (CÁRCEL, HOGARES DE ANCIANOS, SENAME, EC",3
2020,F84_historico,principal,TIPO_PROCEDENCIA,"OTRAS INSTITUCIONES SALUD (CLÍNICAS PRIVADAS, DE REHABILITAC",2
2020,F84_historico,principal,TIPO_PROCEDENCIA,OTROS HOSPITALES DE LA RED,16
2020,F84_historico,principal,TIPO_PROCEDENCIA,OTROS HOSPITALES RED NACIONAL,1
2020,F84_historico,principal,TIPO_PROCEDENCIA,SERVICIO EMERGENCIA (DOMICILIO),73
2020,F84_historico,principal_y_secundario,TIPO_PROCEDENCIA,"CENTRO ESPECIALIDADES (CDT, CRS, CONSULTORIO ADOS. ESP)",4
2020,F84_historico,principal_y_secundario,TIPO_PROCEDENCIA,"OTRAS INSTITUCIONES SALUD (CLÍNICAS PRIVADAS, DE REHABILITAC",1
2020,F84_historico,principal_y_secundario,TIPO_PROCEDENCIA,SERVICIO EMERGENCIA (DOMICILIO),3
2020,F84_historico,solo_secundario,TIPO_PROCEDENCIA,APS CONSULTORIO (CESFAM),23
2020,F84_historico,solo_secundario,TIPO_PROCEDENCIA,"APS URGENCIA (SAPU, SUR, SUC)",64
2020,F84_historico,solo_secundario,TIPO_PROCEDENCIA,"CENTRO ESPECIALIDADES (CDT, CRS, CONSULTORIO ADOS. ESP)",424
2020,F84_historico,solo_secundario,TIPO_PROCEDENCIA,CIRUGÍA MAYOR AMBULATORIA (CMA),21
2020,F84_historico,solo_secundario,TIPO_PROCEDENCIA,CONSULTA PRIVADA,10
2020,F84_historico,solo_secundario,TIPO_PROCEDENCIA,HOSPITALIZACIÓN DIURNA,1
2020,F84_historico,solo_secundario,TIPO_PROCEDENCIA,HOSPITALIZACIÓN DOMICILIARIA,1
2020,F84_historico,solo_secundario,TIPO_PROCEDENCIA,"OTRAS INSTITUCIONES (CÁRCEL, HOGARES DE ANCIANOS, SENAME, EC",7
2020,F84_historico,solo_secundario,TIPO_PROCEDENCIA,"OTRAS INSTITUCIONES SALUD (CLÍNICAS PRIVADAS, DE REHABILITAC",38
2020,F84_historico,solo_secundario,TIPO_PROCEDENCIA,OTROS HOSPITALES DE LA RED,128
2020,F84_historico,solo_secundario,TIPO_PROCEDENCIA,OTROS HOSPITALES RED NACIONAL,48
2020,F84_historico,solo_secundario,TIPO_PROCEDENCIA,SERVICIO EMERGENCIA (DOMICILIO),705
2021,F84_historico,principal,TIPO_PROCEDENCIA,APS CONSULTORIO (CESFAM),3
2021,F84_historico,principal,TIPO_PROCEDENCIA,"APS URGENCIA (SAPU, SUR, SUC)",3
2021,F84_historico,principal,TIPO_PROCEDENCIA,"CENTRO ESPECIALIDADES (CDT, CRS, CONSULTORIO ADOS. ESP)",54
2021,F84_historico,principal,TIPO_PROCEDENCIA,CONSULTA PRIVADA,2
2021,F84_historico,principal,TIPO_PROCEDENCIA,"OTRAS INSTITUCIONES (CÁRCEL, HOGARES DE ANCIANOS, SENAME, EC",7
2021,F84_historico,principal,TIPO_PROCEDENCIA,"OTRAS INSTITUCIONES SALUD (CLÍNICAS PRIVADAS, DE REHABILITAC",4
2021,F84_historico,principal,TIPO_PROCEDENCIA,OTROS HOSPITALES DE LA RED,8
2021,F84_historico,principal,TIPO_PROCEDENCIA,OTROS HOSPITALES RED NACIONAL,5
2021,F84_historico,principal,TIPO_PROCEDENCIA,POSTA RURAL,1
2021,F84_historico,principal,TIPO_PROCEDENCIA,SERVICIO EMERGENCIA (DOMICILIO),99
2021,F84_historico,principal_y_secundario,TIPO_PROCEDENCIA,"CENTRO ESPECIALIDADES (CDT, CRS, CONSULTORIO ADOS. ESP)",1
2021,F84_historico,principal_y_secundario,TIPO_PROCEDENCIA,SERVICIO EMERGENCIA (DOMICILIO),2
2021,F84_historico,solo_secundario,TIPO_PROCEDENCIA,APS CONSULTORIO (CESFAM),29
2021,F84_historico,solo_secundario,TIPO_PROCEDENCIA,"APS URGENCIA (SAPU, SUR, SUC)",102
2021,F84_historico,solo_secundario,TIPO_PROCEDENCIA,"CENTRO ESPECIALIDADES (CDT, CRS, CONSULTORIO ADOS. ESP)",666
2021,F84_historico,solo_secundario,TIPO_PROCEDENCIA,CIRUGÍA MAYOR AMBULATORIA (CMA),57
2021,F84_historico,solo_secundario,TIPO_PROCEDENCIA,CONSULTA PRIVADA,21
2021,F84_historico,solo_secundario,TIPO_PROCEDENCIA,DESCONOCIDO,6
2021,F84_historico,solo_secundario,TIPO_PROCEDENCIA,HOSPITALIZACIÓN DOMICILIARIA,1
2021,F84_historico,solo_secundario,TIPO_PROCEDENCIA,"OTRAS INSTITUCIONES (CÁRCEL, HOGARES DE ANCIANOS, SENAME, EC",20
2021,F84_historico,solo_secundario,TIPO_PROCEDENCIA,"OTRAS INSTITUCIONES SALUD (CLÍNICAS PRIVADAS, DE REHABILITAC",39
2021,F84_historico,solo_secundario,TIPO_PROCEDENCIA,OTROS HOSPITALES DE LA RED,181
2021,F84_historico,solo_secundario,TIPO_PROCEDENCIA,OTROS HOSPITALES RED NACIONAL,62
2021,F84_historico,solo_secundario,TIPO_PROCEDENCIA,SERVICIO EMERGENCIA (DOMICILIO),1026
2022,F84_historico,principal,TIPO_PROCEDENCIA,APS CONSULTORIO (CESFAM),8
2022,F84_historico,principal,TIPO_PROCEDENCIA,"APS URGENCIA (SAPU, SUR, SUC)",9
2022,F84_historico,principal,TIPO_PROCEDENCIA,"CENTRO ESPECIALIDADES (CDT, CRS, CONSULTORIO ADOS. ESP)",80
2022,F84_historico,principal,TIPO_PROCEDENCIA,CONSULTA PRIVADA,3
2022,F84_historico,principal,TIPO_PROCEDENCIA,"OTRAS INSTITUCIONES (CÁRCEL, HOGARES DE ANCIANOS, SENAME, EC",7
2022,F84_historico,principal,TIPO_PROCEDENCIA,"OTRAS INSTITUCIONES SALUD (CLÍNICAS PRIVADAS, DE REHABILITAC",3
2022,F84_historico,principal,TIPO_PROCEDENCIA,OTROS HOSPITALES DE LA RED,14
2022,F84_historico,principal,TIPO_PROCEDENCIA,OTROS HOSPITALES RED NACIONAL,4
2022,F84_historico,principal,TIPO_PROCEDENCIA,PLAN DE RESOLUCIÓN LE,1
2022,F84_historico,principal,TIPO_PROCEDENCIA,SERVICIO EMERGENCIA (DOMICILIO),167
2022,F84_historico,principal_y_secundario,TIPO_PROCEDENCIA,"CENTRO ESPECIALIDADES (CDT, CRS, CONSULTORIO ADOS. ESP)",3
2022,F84_historico,principal_y_secundario,TIPO_PROCEDENCIA,CONSULTA PRIVADA,1
2022,F84_historico,principal_y_secundario,TIPO_PROCEDENCIA,OTROS HOSPITALES DE LA RED,1
2022,F84_historico,principal_y_secundario,TIPO_PROCEDENCIA,SERVICIO EMERGENCIA (DOMICILIO),3
2022,F84_historico,solo_secundario,TIPO_PROCEDENCIA,APS CONSULTORIO (CESFAM),54
2022,F84_historico,solo_secundario,TIPO_PROCEDENCIA,"APS URGENCIA (SAPU, SUR, SUC)",155
2022,F84_historico,solo_secundario,TIPO_PROCEDENCIA,CARDIOCIRUGÍA PAGO GRD,1
2022,F84_historico,solo_secundario,TIPO_PROCEDENCIA,"CENTRO ESPECIALIDADES (CDT, CRS, CONSULTORIO ADOS. ESP)",1001
2022,F84_historico,solo_secundario,TIPO_PROCEDENCIA,CIRUGÍA MAYOR AMBULATORIA (CMA),92
2022,F84_historico,solo_secundario,TIPO_PROCEDENCIA,CONSULTA PRIVADA,56
2022,F84_historico,solo_secundario,TIPO_PROCEDENCIA,ESTRATEGIA CRR,9
2022,F84_historico,solo_secundario,TIPO_PROCEDENCIA,HOSPITALIZACIÓN DIURNA,1
2022,F84_historico,solo_secundario,TIPO_PROCEDENCIA,HOSPITALIZACIÓN DOMICILIARIA,3
2022,F84_historico,solo_secundario,TIPO_PROCEDENCIA,"OTRAS INSTITUCIONES (CÁRCEL, HOGARES DE ANCIANOS, SENAME, EC",24
2022,F84_historico,solo_secundario,TIPO_PROCEDENCIA,"OTRAS INSTITUCIONES SALUD (CLÍNICAS PRIVADAS, DE REHABILITAC",72
2022,F84_historico,solo_secundario,TIPO_PROCEDENCIA,OTROS HOSPITALES DE LA RED,279
2022,F84_historico,solo_secundario,TIPO_PROCEDENCIA,OTROS HOSPITALES RED NACIONAL,82
2022,F84_historico,solo_secundario,TIPO_PROCEDENCIA,PLAN DE RESOLUCIÓN LE,71
2022,F84_historico,solo_secundario,TIPO_PROCEDENCIA,POSTA RURAL,3
2022,F84_historico,solo_secundario,TIPO_PROCEDENCIA,SERVICIO EMERGENCIA (DOMICILIO),1705
2023,F84_historico,principal,TIPO_PROCEDENCIA,APS CONSULTORIO (CESFAM),5
2023,F84_historico,principal,TIPO_PROCEDENCIA,"APS URGENCIA (SAPU, SUR, SUC)",9
2023,F84_historico,principal,TIPO_PROCEDENCIA,"CENTRO ESPECIALIDADES (CDT, CRS, CONSULTORIO ADOS. ESP)",121
2023,F84_historico,principal,TIPO_PROCEDENCIA,CONSULTA PRIVADA,2
2023,F84_historico,principal,TIPO_PROCEDENCIA,"OTRAS INSTITUCIONES (CÁRCEL, HOGARES DE ANCIANOS, SENAME, EC",2
2023,F84_historico,principal,TIPO_PROCEDENCIA,"OTRAS INSTITUCIONES SALUD (CLÍNICAS PRIVADAS, DE REHABILITAC",3
2023,F84_historico,principal,TIPO_PROCEDENCIA,OTROS HOSPITALES DE LA RED,15
2023,F84_historico,principal,TIPO_PROCEDENCIA,OTROS HOSPITALES RED NACIONAL,4
2023,F84_historico,principal,TIPO_PROCEDENCIA,SERVICIO EMERGENCIA (DOMICILIO),196
2023,F84_historico,principal_y_secundario,TIPO_PROCEDENCIA,"CENTRO ESPECIALIDADES (CDT, CRS, CONSULTORIO ADOS. ESP)",4
2023,F84_historico,principal_y_secundario,TIPO_PROCEDENCIA,CONSULTA PRIVADA,1
2023,F84_historico,principal_y_secundario,TIPO_PROCEDENCIA,SERVICIO EMERGENCIA (DOMICILIO),4
2023,F84_historico,solo_secundario,TIPO_PROCEDENCIA,APS CONSULTORIO (CESFAM),76
2023,F84_historico,solo_secundario,TIPO_PROCEDENCIA,"APS URGENCIA (SAPU, SUR, SUC)",307
2023,F84_historico,solo_secundario,TIPO_PROCEDENCIA,CARDIOCIRUGÍA PAGO GRD,8
2023,F84_historico,solo_secundario,TIPO_PROCEDENCIA,"CENTRO ESPECIALIDADES (CDT, CRS, CONSULTORIO ADOS. ESP)",1681
2023,F84_historico,solo_secundario,TIPO_PROCEDENCIA,CIRUGÍA MAYOR AMBULATORIA (CMA),121
2023,F84_historico,solo_secundario,TIPO_PROCEDENCIA,CONSULTA PRIVADA,77
2023,F84_historico,solo_secundario,TIPO_PROCEDENCIA,ESTRATEGIA CRR,23
2023,F84_historico,solo_secundario,TIPO_PROCEDENCIA,HOSPITALIZACIÓN DIURNA,2
2023,F84_historico,solo_secundario,TIPO_PROCEDENCIA,HOSPITALIZACIÓN DOMICILIARIA,12
2023,F84_historico,solo_secundario,TIPO_PROCEDENCIA,"OTRAS INSTITUCIONES (CÁRCEL, HOGARES DE ANCIANOS, SENAME, EC",34
2023,F84_historico,solo_secundario,TIPO_PROCEDENCIA,"OTRAS INSTITUCIONES SALUD (CLÍNICAS PRIVADAS, DE REHABILITAC",77
2023,F84_historico,solo_secundario,TIPO_PROCEDENCIA,OTROS HOSPITALES DE LA RED,465
2023,F84_historico,solo_secundario,TIPO_PROCEDENCIA,OTROS HOSPITALES RED NACIONAL,117
2023,F84_historico,solo_secundario,TIPO_PROCEDENCIA,PLAN DE RESOLUCIÓN LE,45
2023,F84_historico,solo_secundario,TIPO_PROCEDENCIA,POSTA RURAL,2
2023,F84_historico,solo_secundario,TIPO_PROCEDENCIA,SERVICIO EMERGENCIA (DOMICILIO),3060
2024,F84_historico,principal,TIPO_PROCEDENCIA,APS CONSULTORIO (CESFAM),5
2024,F84_historico,principal,TIPO_PROCEDENCIA,"APS URGENCIA (SAPU, SUR, SUC)",8
2024,F84_historico,principal,TIPO_PROCEDENCIA,"CENTRO ESPECIALIDADES (CDT, CRS, CONSULTORIO ADOS. ESP)",110
2024,F84_historico,principal,TIPO_PROCEDENCIA,CONSULTA PRIVADA,6
2024,F84_historico,principal,TIPO_PROCEDENCIA,"OTRAS INSTITUCIONES (CÁRCEL, HOGARES DE ANCIANOS, SENAME, EC",10
2024,F84_historico,principal,TIPO_PROCEDENCIA,"OTRAS INSTITUCIONES SALUD (CLÍNICAS PRIVADAS, DE REHABILITAC",1
2024,F84_historico,principal,TIPO_PROCEDENCIA,OTROS HOSPITALES DE LA RED,19
2024,F84_historico,principal,TIPO_PROCEDENCIA,OTROS HOSPITALES RED NACIONAL,5
2024,F84_historico,principal,TIPO_PROCEDENCIA,POSTA RURAL,2
2024,F84_historico,principal,TIPO_PROCEDENCIA,SERVICIO EMERGENCIA (DOMICILIO),220
2024,F84_historico,principal_y_secundario,TIPO_PROCEDENCIA,"CENTRO ESPECIALIDADES (CDT, CRS, CONSULTORIO ADOS. ESP)",5
2024,F84_historico,principal_y_secundario,TIPO_PROCEDENCIA,"OTRAS INSTITUCIONES SALUD (CLÍNICAS PRIVADAS, DE REHABILITAC",1
2024,F84_historico,principal_y_secundario,TIPO_PROCEDENCIA,SERVICIO EMERGENCIA (DOMICILIO),9
2024,F84_historico,solo_secundario,TIPO_PROCEDENCIA,APS CONSULTORIO (CESFAM),126
2024,F84_historico,solo_secundario,TIPO_PROCEDENCIA,"APS URGENCIA (SAPU, SUR, SUC)",426
2024,F84_historico,solo_secundario,TIPO_PROCEDENCIA,CARDIOCIRUGÍA PAGO GRD,6
2024,F84_historico,solo_secundario,TIPO_PROCEDENCIA,"CENTRO ESPECIALIDADES (CDT, CRS, CONSULTORIO ADOS. ESP)",2408
2024,F84_historico,solo_secundario,TIPO_PROCEDENCIA,CIRUGÍA MAYOR AMBULATORIA (CMA),209
2024,F84_historico,solo_secundario,TIPO_PROCEDENCIA,CONSULTA PRIVADA,108
2024,F84_historico,solo_secundario,TIPO_PROCEDENCIA,DESCONOCIDO,1
2024,F84_historico,solo_secundario,TIPO_PROCEDENCIA,ESTRATEGIA CRR,96
2024,F84_historico,solo_secundario,TIPO_PROCEDENCIA,HOSPITALIZACIÓN DIURNA,3
2024,F84_historico,solo_secundario,TIPO_PROCEDENCIA,HOSPITALIZACIÓN DOMICILIARIA,11
2024,F84_historico,solo_secundario,TIPO_PROCEDENCIA,"OTRAS INSTITUCIONES (CÁRCEL, HOGARES DE ANCIANOS, SENAME, EC",54
2024,F84_historico,solo_secundario,TIPO_PROCEDENCIA,"OTRAS INSTITUCIONES SALUD (CLÍNICAS PRIVADAS, DE REHABILITAC",98
2024,F84_historico,solo_secundario,TIPO_PROCEDENCIA,OTROS HOSPITALES DE LA RED,611
2024,F84_historico,solo_secundario,TIPO_PROCEDENCIA,OTROS HOSPITALES RED NACIONAL,116
2024,F84_historico,solo_secundario,TIPO_PROCEDENCIA,POSTA RURAL,8
2024,F84_historico,solo_secundario,TIPO_PROCEDENCIA,SERVICIO EMERGENCIA (DOMICILIO),4136
2019,F84_historico,principal,SERVICIO_SALUD,ACONCAGUA,5
2019,F84_historico,principal,SERVICIO_SALUD,ANTOFAGASTA,23
2019,F84_historico,principal,SERVICIO_SALUD,ARAUCANÍA NORTE,4
2019,F84_historico,principal,SERVICIO_SALUD,ARAUCANÍA SUR,5
2019,F84_historico,principal,SERVICIO_SALUD,ARAUCO,1
2019,F84_historico,principal,SERVICIO_SALUD,ARICA,5
2019,F84_historico,principal,SERVICIO_SALUD,ATACAMA,2
2019,F84_historico,principal,SERVICIO_SALUD,AYSEN,2
2019,F84_historico,principal,SERVICIO_SALUD,BIOBIO,3
2019,F84_historico,principal,SERVICIO_SALUD,CHILOÉ,2
2019,F84_historico,principal,SERVICIO_SALUD,CONCEPCIÓN,7
2019,F84_historico,principal,SERVICIO_SALUD,COQUIMBO,6
2019,F84_historico,principal,SERVICIO_SALUD,DEL MAULE,3
2019,F84_historico,principal,SERVICIO_SALUD,DEL RELONCAVÍ,5
2019,F84_historico,principal,SERVICIO_SALUD,IQUIQUE,6
2019,F84_historico,principal,SERVICIO_SALUD,LIBERTADOR B. O HIGGINS,4
2019,F84_historico,principal,SERVICIO_SALUD,MAGALLANES,11
2019,F84_historico,principal,SERVICIO_SALUD,METROPOLITANO CENTRAL,31
2019,F84_historico,principal,SERVICIO_SALUD,METROPOLITANO NORTE,1
2019,F84_historico,principal,SERVICIO_SALUD,METROPOLITANO OCCIDENTE,24
2019,F84_historico,principal,SERVICIO_SALUD,METROPOLITANO ORIENTE,4
2019,F84_historico,principal,SERVICIO_SALUD,METROPOLITANO SUR,13
2019,F84_historico,principal,SERVICIO_SALUD,METROPOLITANO SURORIENTE,18
2019,F84_historico,principal,SERVICIO_SALUD,OSORNO,7
2019,F84_historico,principal,SERVICIO_SALUD,TALCAHUANO,4
2019,F84_historico,principal,SERVICIO_SALUD,VALDIVIA,6
2019,F84_historico,principal,SERVICIO_SALUD,VALPARAISO SAN ANTONIO,1
2019,F84_historico,principal,SERVICIO_SALUD,VIÑA DEL MAR QUILLOTA,6
2019,F84_historico,principal,SERVICIO_SALUD,ÑUBLE,25
2019,F84_historico,principal_y_secundario,SERVICIO_SALUD,ARAUCANÍA NORTE,1
2019,F84_historico,principal_y_secundario,SERVICIO_SALUD,DEL MAULE,1
2019,F84_historico,principal_y_secundario,SERVICIO_SALUD,IQUIQUE,1
2019,F84_historico,principal_y_secundario,SERVICIO_SALUD,LIBERTADOR B. O HIGGINS,2
2019,F84_historico,principal_y_secundario,SERVICIO_SALUD,METROPOLITANO CENTRAL,1
2019,F84_historico,principal_y_secundario,SERVICIO_SALUD,VIÑA DEL MAR QUILLOTA,1
2019,F84_historico,solo_secundario,SERVICIO_SALUD,ACONCAGUA,25
2019,F84_historico,solo_secundario,SERVICIO_SALUD,ANTOFAGASTA,90
2019,F84_historico,solo_secundario,SERVICIO_SALUD,ARAUCANÍA NORTE,20
2019,F84_historico,solo_secundario,SERVICIO_SALUD,ARAUCANÍA SUR,80
2019,F84_historico,solo_secundario,SERVICIO_SALUD,ARAUCO,25
2019,F84_historico,solo_secundario,SERVICIO_SALUD,ARICA,37
2019,F84_historico,solo_secundario,SERVICIO_SALUD,ATACAMA,36
2019,F84_historico,solo_secundario,SERVICIO_SALUD,AYSEN,13
2019,F84_historico,solo_secundario,SERVICIO_SALUD,BIOBIO,149
2019,F84_historico,solo_secundario,SERVICIO_SALUD,CHILOÉ,16
2019,F84_historico,solo_secundario,SERVICIO_SALUD,CONCEPCIÓN,109
2019,F84_historico,solo_secundario,SERVICIO_SALUD,COQUIMBO,102
2019,F84_historico,solo_secundario,SERVICIO_SALUD,DEL MAULE,85
2019,F84_historico,solo_secundario,SERVICIO_SALUD,DEL RELONCAVÍ,63
2019,F84_historico,solo_secundario,SERVICIO_SALUD,IQUIQUE,62
2019,F84_historico,solo_secundario,SERVICIO_SALUD,LIBERTADOR B. O HIGGINS,87
2019,F84_historico,solo_secundario,SERVICIO_SALUD,MAGALLANES,52
2019,F84_historico,solo_secundario,SERVICIO_SALUD,METROPOLITANO CENTRAL,157
2019,F84_historico,solo_secundario,SERVICIO_SALUD,METROPOLITANO NORTE,83
2019,F84_historico,solo_secundario,SERVICIO_SALUD,METROPOLITANO OCCIDENTE,95
2019,F84_historico,solo_secundario,SERVICIO_SALUD,METROPOLITANO ORIENTE,62
2019,F84_historico,solo_secundario,SERVICIO_SALUD,METROPOLITANO SUR,82
2019,F84_historico,solo_secundario,SERVICIO_SALUD,METROPOLITANO SURORIENTE,151
2019,F84_historico,solo_secundario,SERVICIO_SALUD,OSORNO,39
2019,F84_historico,solo_secundario,SERVICIO_SALUD,TALCAHUANO,69
2019,F84_historico,solo_secundario,SERVICIO_SALUD,VALDIVIA,58
2019,F84_historico,solo_secundario,SERVICIO_SALUD,VALPARAISO SAN ANTONIO,96
2019,F84_historico,solo_secundario,SERVICIO_SALUD,VIÑA DEL MAR QUILLOTA,100
2019,F84_historico,solo_secundario,SERVICIO_SALUD,ÑUBLE,101
2020,F84_historico,principal,SERVICIO_SALUD,ACONCAGUA,1
2020,F84_historico,principal,SERVICIO_SALUD,ANTOFAGASTA,11
2020,F84_historico,principal,SERVICIO_SALUD,ARAUCANÍA NORTE,3
2020,F84_historico,principal,SERVICIO_SALUD,ARAUCANÍA SUR,4
2020,F84_historico,principal,SERVICIO_SALUD,ARICA,3
2020,F84_historico,principal,SERVICIO_SALUD,ATACAMA,2
2020,F84_historico,principal,SERVICIO_SALUD,AYSEN,3
2020,F84_historico,principal,SERVICIO_SALUD,BIOBIO,1
2020,F84_historico,principal,SERVICIO_SALUD,CHILOÉ,1
2020,F84_historico,principal,SERVICIO_SALUD,CONCEPCIÓN,11
2020,F84_historico,principal,SERVICIO_SALUD,COQUIMBO,4
2020,F84_historico,principal,SERVICIO_SALUD,DEL MAULE,1
2020,F84_historico,principal,SERVICIO_SALUD,DEL RELONCAVÍ,6
2020,F84_historico,principal,SERVICIO_SALUD,IQUIQUE,6
2020,F84_historico,principal,SERVICIO_SALUD,LIBERTADOR B. O HIGGINS,9
2020,F84_historico,principal,SERVICIO_SALUD,MAGALLANES,4
2020,F84_historico,principal,SERVICIO_SALUD,METROPOLITANO CENTRAL,21
2020,F84_historico,principal,SERVICIO_SALUD,METROPOLITANO NORTE,3
2020,F84_historico,principal,SERVICIO_SALUD,METROPOLITANO OCCIDENTE,16
2020,F84_historico,principal,SERVICIO_SALUD,METROPOLITANO ORIENTE,1
2020,F84_historico,principal,SERVICIO_SALUD,METROPOLITANO SUR,2
2020,F84_historico,principal,SERVICIO_SALUD,METROPOLITANO SURORIENTE,16
2020,F84_historico,principal,SERVICIO_SALUD,OSORNO,3
2020,F84_historico,principal,SERVICIO_SALUD,TALCAHUANO,3
2020,F84_historico,principal,SERVICIO_SALUD,VALDIVIA,6
2020,F84_historico,principal,SERVICIO_SALUD,VALPARAISO SAN ANTONIO,1
2020,F84_historico,principal,SERVICIO_SALUD,VIÑA DEL MAR QUILLOTA,5
2020,F84_historico,principal,SERVICIO_SALUD,ÑUBLE,8
2020,F84_historico,principal_y_secundario,SERVICIO_SALUD,ANTOFAGASTA,1
2020,F84_historico,principal_y_secundario,SERVICIO_SALUD,CONCEPCIÓN,1
2020,F84_historico,principal_y_secundario,SERVICIO_SALUD,METROPOLITANO NORTE,2
2020,F84_historico,principal_y_secundario,SERVICIO_SALUD,METROPOLITANO ORIENTE,1
2020,F84_historico,principal_y_secundario,SERVICIO_SALUD,METROPOLITANO SURORIENTE,1
2020,F84_historico,principal_y_secundario,SERVICIO_SALUD,OSORNO,1
2020,F84_historico,principal_y_secundario,SERVICIO_SALUD,VIÑA DEL MAR QUILLOTA,1
2020,F84_historico,solo_secundario,SERVICIO_SALUD,ACONCAGUA,13
2020,F84_historico,solo_secundario,SERVICIO_SALUD,ANTOFAGASTA,81
2020,F84_historico,solo_secundario,SERVICIO_SALUD,ARAUCANÍA NORTE,27
2020,F84_historico,solo_secundario,SERVICIO_SALUD,ARAUCANÍA SUR,63
2020,F84_historico,solo_secundario,SERVICIO_SALUD,ARAUCO,13
2020,F84_historico,solo_secundario,SERVICIO_SALUD,ARICA,32
2020,F84_historico,solo_secundario,SERVICIO_SALUD,ATACAMA,18
2020,F84_historico,solo_secundario,SERVICIO_SALUD,AYSEN,7
2020,F84_historico,solo_secundario,SERVICIO_SALUD,BIOBIO,85
2020,F84_historico,solo_secundario,SERVICIO_SALUD,CHILOÉ,10
2020,F84_historico,solo_secundario,SERVICIO_SALUD,CONCEPCIÓN,69
2020,F84_historico,solo_secundario,SERVICIO_SALUD,COQUIMBO,77
2020,F84_historico,solo_secundario,SERVICIO_SALUD,DEL MAULE,72
2020,F84_historico,solo_secundario,SERVICIO_SALUD,DEL RELONCAVÍ,35
2020,F84_historico,solo_secundario,SERVICIO_SALUD,IQUIQUE,27
2020,F84_historico,solo_secundario,SERVICIO_SALUD,LIBERTADOR B. O HIGGINS,54
2020,F84_historico,solo_secundario,SERVICIO_SALUD,MAGALLANES,35
2020,F84_historico,solo_secundario,SERVICIO_SALUD,METROPOLITANO CENTRAL,88
2020,F84_historico,solo_secundario,SERVICIO_SALUD,METROPOLITANO NORTE,51
2020,F84_historico,solo_secundario,SERVICIO_SALUD,METROPOLITANO OCCIDENTE,53
2020,F84_historico,solo_secundario,SERVICIO_SALUD,METROPOLITANO ORIENTE,32
2020,F84_historico,solo_secundario,SERVICIO_SALUD,METROPOLITANO SUR,88
2020,F84_historico,solo_secundario,SERVICIO_SALUD,METROPOLITANO SURORIENTE,108
2020,F84_historico,solo_secundario,SERVICIO_SALUD,OSORNO,27
2020,F84_historico,solo_secundario,SERVICIO_SALUD,TALCAHUANO,48
2020,F84_historico,solo_secundario,SERVICIO_SALUD,VALDIVIA,48
2020,F84_historico,solo_secundario,SERVICIO_SALUD,VALPARAISO SAN ANTONIO,42
2020,F84_historico,solo_secundario,SERVICIO_SALUD,VIÑA DEL MAR QUILLOTA,104
2020,F84_historico,solo_secundario,SERVICIO_SALUD,ÑUBLE,63
2021,F84_historico,principal,SERVICIO_SALUD,ANTOFAGASTA,35
2021,F84_historico,principal,SERVICIO_SALUD,ARAUCANÍA NORTE,2
2021,F84_historico,principal,SERVICIO_SALUD,ARAUCANÍA SUR,11
2021,F84_historico,principal,SERVICIO_SALUD,ARICA,10
2021,F84_historico,principal,SERVICIO_SALUD,ATACAMA,3
2021,F84_historico,principal,SERVICIO_SALUD,AYSEN,5
2021,F84_historico,principal,SERVICIO_SALUD,BIOBIO,7
2021,F84_historico,principal,SERVICIO_SALUD,CONCEPCIÓN,3
2021,F84_historico,principal,SERVICIO_SALUD,COQUIMBO,2
2021,F84_historico,principal,SERVICIO_SALUD,DEL MAULE,4
2021,F84_historico,principal,SERVICIO_SALUD,DEL RELONCAVÍ,4
2021,F84_historico,principal,SERVICIO_SALUD,IQUIQUE,10
2021,F84_historico,principal,SERVICIO_SALUD,LIBERTADOR B. O HIGGINS,6
2021,F84_historico,principal,SERVICIO_SALUD,MAGALLANES,11
2021,F84_historico,principal,SERVICIO_SALUD,METROPOLITANO CENTRAL,9
2021,F84_historico,principal,SERVICIO_SALUD,METROPOLITANO NORTE,2
2021,F84_historico,principal,SERVICIO_SALUD,METROPOLITANO OCCIDENTE,3
2021,F84_historico,principal,SERVICIO_SALUD,METROPOLITANO ORIENTE,5
2021,F84_historico,principal,SERVICIO_SALUD,METROPOLITANO SUR,5
2021,F84_historico,principal,SERVICIO_SALUD,METROPOLITANO SURORIENTE,11
2021,F84_historico,principal,SERVICIO_SALUD,OSORNO,6
2021,F84_historico,principal,SERVICIO_SALUD,TALCAHUANO,7
2021,F84_historico,principal,SERVICIO_SALUD,VALDIVIA,4
2021,F84_historico,principal,SERVICIO_SALUD,VALPARAISO SAN ANTONIO,2
2021,F84_historico,principal,SERVICIO_SALUD,VIÑA DEL MAR QUILLOTA,4
2021,F84_historico,principal,SERVICIO_SALUD,ÑUBLE,15
2021,F84_historico,principal_y_secundario,SERVICIO_SALUD,CONCEPCIÓN,1
2021,F84_historico,principal_y_secundario,SERVICIO_SALUD,METROPOLITANO SUR,1
2021,F84_historico,principal_y_secundario,SERVICIO_SALUD,METROPOLITANO SURORIENTE,1
2021,F84_historico,solo_secundario,SERVICIO_SALUD,ACONCAGUA,27
2021,F84_historico,solo_secundario,SERVICIO_SALUD,ANTOFAGASTA,116
2021,F84_historico,solo_secundario,SERVICIO_SALUD,ARAUCANÍA NORTE,26
2021,F84_historico,solo_secundario,SERVICIO_SALUD,ARAUCANÍA SUR,89
2021,F84_historico,solo_secundario,SERVICIO_SALUD,ARAUCO,19
2021,F84_historico,solo_secundario,SERVICIO_SALUD,ARICA,58
2021,F84_historico,solo_secundario,SERVICIO_SALUD,ATACAMA,22
2021,F84_historico,solo_secundario,SERVICIO_SALUD,AYSEN,11
2021,F84_historico,solo_secundario,SERVICIO_SALUD,BIOBIO,69
2021,F84_historico,solo_secundario,SERVICIO_SALUD,CHILOÉ,14
2021,F84_historico,solo_secundario,SERVICIO_SALUD,CONCEPCIÓN,112
2021,F84_historico,solo_secundario,SERVICIO_SALUD,COQUIMBO,139
2021,F84_historico,solo_secundario,SERVICIO_SALUD,DEL MAULE,84
2021,F84_historico,solo_secundario,SERVICIO_SALUD,DEL RELONCAVÍ,47
2021,F84_historico,solo_secundario,SERVICIO_SALUD,IQUIQUE,34
2021,F84_historico,solo_secundario,SERVICIO_SALUD,LIBERTADOR B. O HIGGINS,94
2021,F84_historico,solo_secundario,SERVICIO_SALUD,MAGALLANES,37
2021,F84_historico,solo_secundario,SERVICIO_SALUD,METROPOLITANO CENTRAL,90
2021,F84_historico,solo_secundario,SERVICIO_SALUD,METROPOLITANO NORTE,98
2021,F84_historico,solo_secundario,SERVICIO_SALUD,METROPOLITANO OCCIDENTE,90
2021,F84_historico,solo_secundario,SERVICIO_SALUD,METROPOLITANO ORIENTE,64
2021,F84_historico,solo_secundario,SERVICIO_SALUD,METROPOLITANO SUR,180
2021,F84_historico,solo_secundario,SERVICIO_SALUD,METROPOLITANO SURORIENTE,248
2021,F84_historico,solo_secundario,SERVICIO_SALUD,NO APLICA,1
2021,F84_historico,solo_secundario,SERVICIO_SALUD,OSORNO,46
2021,F84_historico,solo_secundario,SERVICIO_SALUD,TALCAHUANO,71
2021,F84_historico,solo_secundario,SERVICIO_SALUD,VALDIVIA,37
2021,F84_historico,solo_secundario,SERVICIO_SALUD,VALPARAISO SAN ANTONIO,41
2021,F84_historico,solo_secundario,SERVICIO_SALUD,VIÑA DEL MAR QUILLOTA,105
2021,F84_historico,solo_secundario,SERVICIO_SALUD,ÑUBLE,141
2022,F84_historico,principal,SERVICIO_SALUD,ANTOFAGASTA,35
2022,F84_historico,principal,SERVICIO_SALUD,ARAUCANÍA NORTE,4
2022,F84_historico,principal,SERVICIO_SALUD,ARAUCANÍA SUR,8
2022,F84_historico,principal,SERVICIO_SALUD,ARAUCO,1
2022,F84_historico,principal,SERVICIO_SALUD,ARICA,16
2022,F84_historico,principal,SERVICIO_SALUD,ATACAMA,2
2022,F84_historico,principal,SERVICIO_SALUD,AYSEN,3
2022,F84_historico,principal,SERVICIO_SALUD,BIOBIO,16
2022,F84_historico,principal,SERVICIO_SALUD,CHILOÉ,4
2022,F84_historico,principal,SERVICIO_SALUD,CONCEPCIÓN,7
2022,F84_historico,principal,SERVICIO_SALUD,COQUIMBO,13
2022,F84_historico,principal,SERVICIO_SALUD,DEL MAULE,4
2022,F84_historico,principal,SERVICIO_SALUD,DEL RELONCAVÍ,12
2022,F84_historico,principal,SERVICIO_SALUD,IQUIQUE,24
2022,F84_historico,principal,SERVICIO_SALUD,LIBERTADOR B. O HIGGINS,2
2022,F84_historico,principal,SERVICIO_SALUD,MAGALLANES,17
2022,F84_historico,principal,SERVICIO_SALUD,METROPOLITANO CENTRAL,27
2022,F84_historico,principal,SERVICIO_SALUD,METROPOLITANO NORTE,7
2022,F84_historico,principal,SERVICIO_SALUD,METROPOLITANO OCCIDENTE,3
2022,F84_historico,principal,SERVICIO_SALUD,METROPOLITANO ORIENTE,3
2022,F84_historico,principal,SERVICIO_SALUD,METROPOLITANO SUR,10
2022,F84_historico,principal,SERVICIO_SALUD,METROPOLITANO SURORIENTE,22
2022,F84_historico,principal,SERVICIO_SALUD,OSORNO,10
2022,F84_historico,principal,SERVICIO_SALUD,TALCAHUANO,8
2022,F84_historico,principal,SERVICIO_SALUD,VALDIVIA,6
2022,F84_historico,principal,SERVICIO_SALUD,VALPARAISO SAN ANTONIO,3
2022,F84_historico,principal,SERVICIO_SALUD,VIÑA DEL MAR QUILLOTA,4
2022,F84_historico,principal,SERVICIO_SALUD,ÑUBLE,25
2022,F84_historico,principal_y_secundario,SERVICIO_SALUD,ANTOFAGASTA,1
2022,F84_historico,principal_y_secundario,SERVICIO_SALUD,DEL MAULE,1
2022,F84_historico,principal_y_secundario,SERVICIO_SALUD,IQUIQUE,1
2022,F84_historico,principal_y_secundario,SERVICIO_SALUD,METROPOLITANO SURORIENTE,2
2022,F84_historico,principal_y_secundario,SERVICIO_SALUD,OSORNO,1
2022,F84_historico,principal_y_secundario,SERVICIO_SALUD,ÑUBLE,2
2022,F84_historico,solo_secundario,SERVICIO_SALUD,ACONCAGUA,33
2022,F84_historico,solo_secundario,SERVICIO_SALUD,ANTOFAGASTA,178
2022,F84_historico,solo_secundario,SERVICIO_SALUD,ARAUCANÍA NORTE,62
2022,F84_historico,solo_secundario,SERVICIO_SALUD,ARAUCANÍA SUR,141
2022,F84_historico,solo_secundario,SERVICIO_SALUD,ARAUCO,31
2022,F84_historico,solo_secundario,SERVICIO_SALUD,ARICA,87
2022,F84_historico,solo_secundario,SERVICIO_SALUD,ATACAMA,54
2022,F84_historico,solo_secundario,SERVICIO_SALUD,AYSEN,27
2022,F84_historico,solo_secundario,SERVICIO_SALUD,BIOBIO,85
2022,F84_historico,solo_secundario,SERVICIO_SALUD,CHILOÉ,11
2022,F84_historico,solo_secundario,SERVICIO_SALUD,CONCEPCIÓN,158
2022,F84_historico,solo_secundario,SERVICIO_SALUD,COQUIMBO,227
2022,F84_historico,solo_secundario,SERVICIO_SALUD,DEL MAULE,193
2022,F84_historico,solo_secundario,SERVICIO_SALUD,DEL RELONCAVÍ,75
2022,F84_historico,solo_secundario,SERVICIO_SALUD,IQUIQUE,70
2022,F84_historico,solo_secundario,SERVICIO_SALUD,LIBERTADOR B. O HIGGINS,149
2022,F84_historico,solo_secundario,SERVICIO_SALUD,MAGALLANES,43
2022,F84_historico,solo_secundario,SERVICIO_SALUD,METROPOLITANO CENTRAL,155
2022,F84_historico,solo_secundario,SERVICIO_SALUD,METROPOLITANO NORTE,164
2022,F84_historico,solo_secundario,SERVICIO_SALUD,METROPOLITANO OCCIDENTE,134
2022,F84_historico,solo_secundario,SERVICIO_SALUD,METROPOLITANO ORIENTE,105
2022,F84_historico,solo_secundario,SERVICIO_SALUD,METROPOLITANO SUR,289
2022,F84_historico,solo_secundario,SERVICIO_SALUD,METROPOLITANO SURORIENTE,378
2022,F84_historico,solo_secundario,SERVICIO_SALUD,OSORNO,58
2022,F84_historico,solo_secundario,SERVICIO_SALUD,TALCAHUANO,147
2022,F84_historico,solo_secundario,SERVICIO_SALUD,VALDIVIA,60
2022,F84_historico,solo_secundario,SERVICIO_SALUD,VALPARAISO SAN ANTONIO,103
2022,F84_historico,solo_secundario,SERVICIO_SALUD,VIÑA DEL MAR QUILLOTA,196
2022,F84_historico,solo_secundario,SERVICIO_SALUD,ÑUBLE,195
2023,F84_historico,principal,SERVICIO_SALUD,ANTOFAGASTA,35
2023,F84_historico,principal,SERVICIO_SALUD,ARAUCANÍA NORTE,9
2023,F84_historico,principal,SERVICIO_SALUD,ARAUCANÍA SUR,24
2023,F84_historico,principal,SERVICIO_SALUD,ARICA,13
2023,F84_historico,principal,SERVICIO_SALUD,ATACAMA,4
2023,F84_historico,principal,SERVICIO_SALUD,AYSEN,4
2023,F84_historico,principal,SERVICIO_SALUD,BIOBIO,13
2023,F84_historico,principal,SERVICIO_SALUD,CONCEPCIÓN,16
2023,F84_historico,principal,SERVICIO_SALUD,COQUIMBO,2
2023,F84_historico,principal,SERVICIO_SALUD,DEL MAULE,5
2023,F84_historico,principal,SERVICIO_SALUD,DEL RELONCAVÍ,11
2023,F84_historico,principal,SERVICIO_SALUD,IQUIQUE,28
2023,F84_historico,principal,SERVICIO_SALUD,LIBERTADOR B. O HIGGINS,7
2023,F84_historico,principal,SERVICIO_SALUD,MAGALLANES,4
2023,F84_historico,principal,SERVICIO_SALUD,METROPOLITANO CENTRAL,72
2023,F84_historico,principal,SERVICIO_SALUD,METROPOLITANO NORTE,7
2023,F84_historico,principal,SERVICIO_SALUD,METROPOLITANO OCCIDENTE,5
2023,F84_historico,principal,SERVICIO_SALUD,METROPOLITANO ORIENTE,7
2023,F84_historico,principal,SERVICIO_SALUD,METROPOLITANO SUR,7
2023,F84_historico,principal,SERVICIO_SALUD,METROPOLITANO SURORIENTE,34
2023,F84_historico,principal,SERVICIO_SALUD,OSORNO,11
2023,F84_historico,principal,SERVICIO_SALUD,TALCAHUANO,9
2023,F84_historico,principal,SERVICIO_SALUD,VALDIVIA,3
2023,F84_historico,principal,SERVICIO_SALUD,VALPARAISO SAN ANTONIO,1
2023,F84_historico,principal,SERVICIO_SALUD,VIÑA DEL MAR QUILLOTA,6
2023,F84_historico,principal,SERVICIO_SALUD,ÑUBLE,20
2023,F84_historico,principal_y_secundario,SERVICIO_SALUD,ARAUCANÍA SUR,3
2023,F84_historico,principal_y_secundario,SERVICIO_SALUD,BIOBIO,1
2023,F84_historico,principal_y_secundario,SERVICIO_SALUD,METROPOLITANO OCCIDENTE,1
2023,F84_historico,principal_y_secundario,SERVICIO_SALUD,METROPOLITANO ORIENTE,1
2023,F84_historico,principal_y_secundario,SERVICIO_SALUD,METROPOLITANO SURORIENTE,2
2023,F84_historico,principal_y_secundario,SERVICIO_SALUD,ÑUBLE,1
2023,F84_historico,solo_secundario,SERVICIO_SALUD,ACONCAGUA,64
2023,F84_historico,solo_secundario,SERVICIO_SALUD,ANTOFAGASTA,377
2023,F84_historico,solo_secundario,SERVICIO_SALUD,ARAUCANÍA NORTE,95
2023,F84_historico,solo_secundario,SERVICIO_SALUD,ARAUCANÍA SUR,243
2023,F84_historico,solo_secundario,SERVICIO_SALUD,ARAUCO,61
2023,F84_historico,solo_secundario,SERVICIO_SALUD,ARICA,152
2023,F84_historico,solo_secundario,SERVICIO_SALUD,ATACAMA,101
2023,F84_historico,solo_secundario,SERVICIO_SALUD,AYSEN,41
2023,F84_historico,solo_secundario,SERVICIO_SALUD,BIOBIO,180
2023,F84_historico,solo_secundario,SERVICIO_SALUD,CHILOÉ,45
2023,F84_historico,solo_secundario,SERVICIO_SALUD,CONCEPCIÓN,330
2023,F84_historico,solo_secundario,SERVICIO_SALUD,COQUIMBO,365
2023,F84_historico,solo_secundario,SERVICIO_SALUD,DEL MAULE,319
2023,F84_historico,solo_secundario,SERVICIO_SALUD,DEL RELONCAVÍ,123
2023,F84_historico,solo_secundario,SERVICIO_SALUD,DESCONOCIDO,5
2023,F84_historico,solo_secundario,SERVICIO_SALUD,IQUIQUE,104
2023,F84_historico,solo_secundario,SERVICIO_SALUD,LIBERTADOR B. O HIGGINS,222
2023,F84_historico,solo_secundario,SERVICIO_SALUD,MAGALLANES,78
2023,F84_historico,solo_secundario,SERVICIO_SALUD,METROPOLITANO CENTRAL,294
2023,F84_historico,solo_secundario,SERVICIO_SALUD,METROPOLITANO NORTE,222
2023,F84_historico,solo_secundario,SERVICIO_SALUD,METROPOLITANO OCCIDENTE,255
2023,F84_historico,solo_secundario,SERVICIO_SALUD,METROPOLITANO ORIENTE,161
2023,F84_historico,solo_secundario,SERVICIO_SALUD,METROPOLITANO SUR,405
2023,F84_historico,solo_secundario,SERVICIO_SALUD,METROPOLITANO SURORIENTE,649
2023,F84_historico,solo_secundario,SERVICIO_SALUD,OSORNO,87
2023,F84_historico,solo_secundario,SERVICIO_SALUD,TALCAHUANO,197
2023,F84_historico,solo_secundario,SERVICIO_SALUD,VALDIVIA,86
2023,F84_historico,solo_secundario,SERVICIO_SALUD,VALPARAISO SAN ANTONIO,175
2023,F84_historico,solo_secundario,SERVICIO_SALUD,VIÑA DEL MAR QUILLOTA,377
2023,F84_historico,solo_secundario,SERVICIO_SALUD,ÑUBLE,294
2024,F84_historico,principal,SERVICIO_SALUD,ACONCAGUA,4
2024,F84_historico,principal,SERVICIO_SALUD,ANTOFAGASTA,26
2024,F84_historico,principal,SERVICIO_SALUD,ARAUCANÍA NORTE,13
2024,F84_historico,principal,SERVICIO_SALUD,ARAUCANÍA SUR,27
2024,F84_historico,principal,SERVICIO_SALUD,ARICA,12
2024,F84_historico,principal,SERVICIO_SALUD,ATACAMA,1
2024,F84_historico,principal,SERVICIO_SALUD,AYSEN,14
2024,F84_historico,principal,SERVICIO_SALUD,BIOBIO,7
2024,F84_historico,principal,SERVICIO_SALUD,CHILOÉ,2
2024,F84_historico,principal,SERVICIO_SALUD,CONCEPCIÓN,15
2024,F84_historico,principal,SERVICIO_SALUD,COQUIMBO,6
2024,F84_historico,principal,SERVICIO_SALUD,DEL MAULE,14
2024,F84_historico,principal,SERVICIO_SALUD,DEL RELONCAVÍ,17
2024,F84_historico,principal,SERVICIO_SALUD,DESCONOCIDO,1
2024,F84_historico,principal,SERVICIO_SALUD,IQUIQUE,33
2024,F84_historico,principal,SERVICIO_SALUD,LIBERTADOR B. O HIGGINS,8
2024,F84_historico,principal,SERVICIO_SALUD,MAGALLANES,11
2024,F84_historico,principal,SERVICIO_SALUD,METROPOLITANO CENTRAL,51
2024,F84_historico,principal,SERVICIO_SALUD,METROPOLITANO NORTE,10
2024,F84_historico,principal,SERVICIO_SALUD,METROPOLITANO OCCIDENTE,4
2024,F84_historico,principal,SERVICIO_SALUD,METROPOLITANO ORIENTE,12
2024,F84_historico,principal,SERVICIO_SALUD,METROPOLITANO SUR,16
2024,F84_historico,principal,SERVICIO_SALUD,METROPOLITANO SURORIENTE,26
2024,F84_historico,principal,SERVICIO_SALUD,OSORNO,6
2024,F84_historico,principal,SERVICIO_SALUD,TALCAHUANO,14
2024,F84_historico,principal,SERVICIO_SALUD,VALDIVIA,5
2024,F84_historico,principal,SERVICIO_SALUD,VALPARAISO SAN ANTONIO,1
2024,F84_historico,principal,SERVICIO_SALUD,VIÑA DEL MAR QUILLOTA,5
2024,F84_historico,principal,SERVICIO_SALUD,ÑUBLE,25
2024,F84_historico,principal_y_secundario,SERVICIO_SALUD,ANTOFAGASTA,2
2024,F84_historico,principal_y_secundario,SERVICIO_SALUD,ATACAMA,1
2024,F84_historico,principal_y_secundario,SERVICIO_SALUD,BIOBIO,1
2024,F84_historico,principal_y_secundario,SERVICIO_SALUD,DEL MAULE,1
2024,F84_historico,principal_y_secundario,SERVICIO_SALUD,DEL RELONCAVÍ,3
2024,F84_historico,principal_y_secundario,SERVICIO_SALUD,METROPOLITANO ORIENTE,2
2024,F84_historico,principal_y_secundario,SERVICIO_SALUD,METROPOLITANO SURORIENTE,3
2024,F84_historico,principal_y_secundario,SERVICIO_SALUD,ÑUBLE,2
2024,F84_historico,solo_secundario,SERVICIO_SALUD,ACONCAGUA,66
2024,F84_historico,solo_secundario,SERVICIO_SALUD,ANTOFAGASTA,455
2024,F84_historico,solo_secundario,SERVICIO_SALUD,ARAUCANÍA NORTE,109
2024,F84_historico,solo_secundario,SERVICIO_SALUD,ARAUCANÍA SUR,428
2024,F84_historico,solo_secundario,SERVICIO_SALUD,ARAUCO,48
2024,F84_historico,solo_secundario,SERVICIO_SALUD,ARICA,173
2024,F84_historico,solo_secundario,SERVICIO_SALUD,ATACAMA,106
2024,F84_historico,solo_secundario,SERVICIO_SALUD,AYSEN,57
2024,F84_historico,solo_secundario,SERVICIO_SALUD,BIOBIO,212
2024,F84_historico,solo_secundario,SERVICIO_SALUD,CHILOÉ,61
2024,F84_historico,solo_secundario,SERVICIO_SALUD,CONCEPCIÓN,435
2024,F84_historico,solo_secundario,SERVICIO_SALUD,COQUIMBO,556
2024,F84_historico,solo_secundario,SERVICIO_SALUD,DEL MAULE,489
2024,F84_historico,solo_secundario,SERVICIO_SALUD,DEL RELONCAVÍ,163
2024,F84_historico,solo_secundario,SERVICIO_SALUD,DESCONOCIDO,3
2024,F84_historico,solo_secundario,SERVICIO_SALUD,IQUIQUE,197
2024,F84_historico,solo_secundario,SERVICIO_SALUD,LIBERTADOR B. O HIGGINS,300
2024,F84_historico,solo_secundario,SERVICIO_SALUD,MAGALLANES,75
2024,F84_historico,solo_secundario,SERVICIO_SALUD,METROPOLITANO CENTRAL,437
2024,F84_historico,solo_secundario,SERVICIO_SALUD,METROPOLITANO NORTE,280
2024,F84_historico,solo_secundario,SERVICIO_SALUD,METROPOLITANO OCCIDENTE,331
2024,F84_historico,solo_secundario,SERVICIO_SALUD,METROPOLITANO ORIENTE,230
2024,F84_historico,solo_secundario,SERVICIO_SALUD,METROPOLITANO SUR,614
2024,F84_historico,solo_secundario,SERVICIO_SALUD,METROPOLITANO SURORIENTE,775
2024,F84_historico,solo_secundario,SERVICIO_SALUD,OSORNO,146
2024,F84_historico,solo_secundario,SERVICIO_SALUD,TALCAHUANO,360
2024,F84_historico,solo_secundario,SERVICIO_SALUD,VALDIVIA,103
2024,F84_historico,solo_secundario,SERVICIO_SALUD,VALPARAISO SAN ANTONIO,307
2024,F84_historico,solo_secundario,SERVICIO_SALUD,VIÑA DEL MAR QUILLOTA,547
2024,F84_historico,solo_secundario,SERVICIO_SALUD,ÑUBLE,354
2019,F84_historico,principal,NACIONALIDAD,BOLIVIA (ESTADO PLURINACIONAL DE),1
2019,F84_historico,principal,NACIONALIDAD,CHILE,222
2019,F84_historico,principal,NACIONALIDAD,COLOMBIA,1
2019,F84_historico,principal,NACIONALIDAD,DESCONOCIDO,5
2019,F84_historico,principal,NACIONALIDAD,PERÚ,2
2019,F84_historico,principal,NACIONALIDAD,VENEZUELA (REPÚBLICA BOLIVARIANA DE),3
2019,F84_historico,principal_y_secundario,NACIONALIDAD,CHILE,7
2019,F84_historico,solo_secundario,NACIONALIDAD,BOLIVIA (ESTADO PLURINACIONAL DE),6
2019,F84_historico,solo_secundario,NACIONALIDAD,BRASIL,1
2019,F84_historico,solo_secundario,NACIONALIDAD,CANADÁ,1
2019,F84_historico,solo_secundario,NACIONALIDAD,CHILE,2088
2019,F84_historico,solo_secundario,NACIONALIDAD,COLOMBIA,1
2019,F84_historico,solo_secundario,NACIONALIDAD,DESCONOCIDO,26
2019,F84_historico,solo_secundario,NACIONALIDAD,ESPAÑA,1
2019,F84_historico,solo_secundario,NACIONALIDAD,HAITÍ,2
2019,F84_historico,solo_secundario,NACIONALIDAD,HONDURAS,1
2019,F84_historico,solo_secundario,NACIONALIDAD,PARAGUAY,1
2019,F84_historico,solo_secundario,NACIONALIDAD,PERÚ,3
2019,F84_historico,solo_secundario,NACIONALIDAD,VENEZUELA (REPÚBLICA BOLIVARIANA DE),13
2020,F84_historico,principal,NACIONALIDAD,CHILE,154
2020,F84_historico,principal,NACIONALIDAD,VENEZUELA (REPÚBLICA BOLIVARIANA DE),1
2020,F84_historico,principal_y_secundario,NACIONALIDAD,CHILE,8
2020,F84_historico,solo_secundario,NACIONALIDAD,BOLIVIA (ESTADO PLURINACIONAL DE),1
2020,F84_historico,solo_secundario,NACIONALIDAD,CHILE,1451
2020,F84_historico,solo_secundario,NACIONALIDAD,COLOMBIA,2
2020,F84_historico,solo_secundario,NACIONALIDAD,ECUADOR,1
2020,F84_historico,solo_secundario,NACIONALIDAD,HAITÍ,1
2020,F84_historico,solo_secundario,NACIONALIDAD,PERÚ,2
2020,F84_historico,solo_secundario,NACIONALIDAD,URUGUAY,1
2020,F84_historico,solo_secundario,NACIONALIDAD,VENEZUELA (REPÚBLICA BOLIVARIANA DE),11
2021,F84_historico,principal,NACIONALIDAD,BOLIVIA (ESTADO PLURINACIONAL DE),1
2021,F84_historico,principal,NACIONALIDAD,CHILE,180
2021,F84_historico,principal,NACIONALIDAD,GRECIA,2
2021,F84_historico,principal,NACIONALIDAD,VENEZUELA (REPÚBLICA BOLIVARIANA DE),3
2021,F84_historico,principal_y_secundario,NACIONALIDAD,CHILE,3
2021,F84_historico,solo_secundario,NACIONALIDAD,BOLIVIA (ESTADO PLURINACIONAL DE),4
2021,F84_historico,solo_secundario,NACIONALIDAD,BRASIL,1
2021,F84_historico,solo_secundario,NACIONALIDAD,CHILE,2170
2021,F84_historico,solo_secundario,NACIONALIDAD,EUROPA,2
2021,F84_historico,solo_secundario,NACIONALIDAD,HAITÍ,1
2021,F84_historico,solo_secundario,NACIONALIDAD,PARAGUAY,1
2021,F84_historico,solo_secundario,NACIONALIDAD,PERÚ,4
2021,F84_historico,solo_secundario,NACIONALIDAD,VENEZUELA (REPÚBLICA BOLIVARIANA DE),27
2022,F84_historico,principal,NACIONALIDAD,CHILE,291
2022,F84_historico,principal,NACIONALIDAD,COLOMBIA,1
2022,F84_historico,principal,NACIONALIDAD,PERÚ,3
2022,F84_historico,principal,NACIONALIDAD,VENEZUELA (REPÚBLICA BOLIVARIANA DE),1
2022,F84_historico,principal_y_secundario,NACIONALIDAD,CHILE,8
2022,F84_historico,solo_secundario,NACIONALIDAD,BOLIVIA (ESTADO PLURINACIONAL DE),5
2022,F84_historico,solo_secundario,NACIONALIDAD,BULGARIA,1
2022,F84_historico,solo_secundario,NACIONALIDAD,CHILE,3547
2022,F84_historico,solo_secundario,NACIONALIDAD,COLOMBIA,4
2022,F84_historico,solo_secundario,NACIONALIDAD,CROACIA,1
2022,F84_historico,solo_secundario,NACIONALIDAD,ECUADOR,3
2022,F84_historico,solo_secundario,NACIONALIDAD,EUROPA,2
2022,F84_historico,solo_secundario,NACIONALIDAD,PERÚ,6
2022,F84_historico,solo_secundario,NACIONALIDAD,VENEZUELA (REPÚBLICA BOLIVARIANA DE),39
2023,F84_historico,principal,NACIONALIDAD,CHILE,317
2023,F84_historico,principal,NACIONALIDAD,PERÚ,1
2023,F84_historico,principal,NACIONALIDAD,VENEZUELA (REPÚBLICA BOLIVARIANA DE),39
2023,F84_historico,principal_y_secundario,NACIONALIDAD,CHILE,9
2023,F84_historico,solo_secundario,NACIONALIDAD,BOLIVIA (ESTADO PLURINACIONAL DE),24
2023,F84_historico,solo_secundario,NACIONALIDAD,BULGARIA,1
2023,F84_historico,solo_secundario,NACIONALIDAD,CHILE,5968
2023,F84_historico,solo_secundario,NACIONALIDAD,CHINA,1
2023,F84_historico,solo_secundario,NACIONALIDAD,COLOMBIA,9
2023,F84_historico,solo_secundario,NACIONALIDAD,ECUADOR,2
2023,F84_historico,solo_secundario,NACIONALIDAD,HAITÍ,4
2023,F84_historico,solo_secundario,NACIONALIDAD,NICARAGUA,1
2023,F84_historico,solo_secundario,NACIONALIDAD,PERÚ,18
2023,F84_historico,solo_secundario,NACIONALIDAD,VENEZUELA (REPÚBLICA BOLIVARIANA DE),79
2024,F84_historico,principal,NACIONALIDAD,BOLIVIA (ESTADO PLURINACIONAL DE),4
2024,F84_historico,principal,NACIONALIDAD,CHILE,373
2024,F84_historico,principal,NACIONALIDAD,COLOMBIA,1
2024,F84_historico,principal,NACIONALIDAD,PERÚ,3
2024,F84_historico,principal,NACIONALIDAD,VENEZUELA (REPÚBLICA BOLIVARIANA DE),5
2024,F84_historico,principal_y_secundario,NACIONALIDAD,CHILE,15
2024,F84_historico,solo_secundario,NACIONALIDAD,AMÉRICA,1
2024,F84_historico,solo_secundario,NACIONALIDAD,ARGENTINA,1
2024,F84_historico,solo_secundario,NACIONALIDAD,BOLIVIA (ESTADO PLURINACIONAL DE),18
2024,F84_historico,solo_secundario,NACIONALIDAD,BULGARIA,4
2024,F84_historico,solo_secundario,NACIONALIDAD,CANADÁ,1
2024,F84_historico,solo_secundario,NACIONALIDAD,CHAD,1
2024,F84_historico,solo_secundario,NACIONALIDAD,CHILE,8233
2024,F84_historico,solo_secundario,NACIONALIDAD,COLOMBIA,17
2024,F84_historico,solo_secundario,NACIONALIDAD,ECUADOR,6
2024,F84_historico,solo_secundario,NACIONALIDAD,EL SALVADOR,1
2024,F84_historico,solo_secundario,NACIONALIDAD,ESPAÑA,1
2024,F84_historico,solo_secundario,NACIONALIDAD,ESTADOS UNIDOS DE AMÉRICA,1
2024,F84_historico,solo_secundario,NACIONALIDAD,HAITÍ,4
2024,F84_historico,solo_secundario,NACIONALIDAD,MÉXICO,2
2024,F84_historico,solo_secundario,NACIONALIDAD,PARAGUAY,1
2024,F84_historico,solo_secundario,NACIONALIDAD,PERÚ,36
2024,F84_historico,solo_secundario,NACIONALIDAD,REPÚBLICA DOMINICANA,1
2024,F84_historico,solo_secundario,NACIONALIDAD,VENEZUELA (REPÚBLICA BOLIVARIANA DE),87
2024,F84_historico,solo_secundario,NACIONALIDAD,ÁFRICA,1
2019,F84_historico,principal,ETNIA,MAPUCHE,2
2019,F84_historico,principal,ETNIA,NINGUNA,4
2019,F84_historico,principal,ETNIA,NINGUNO,191
2019,F84_historico,principal,ETNIA,OTRO,37
2019,F84_historico,principal_y_secundario,ETNIA,NINGUNO,6
2019,F84_historico,principal_y_secundario,ETNIA,OTRO,1
2019,F84_historico,solo_secundario,ETNIA,MAPUCHE,22
2019,F84_historico,solo_secundario,ETNIA,NINGUNA,10
2019,F84_historico,solo_secundario,ETNIA,NINGUNO,1525
2019,F84_historico,solo_secundario,ETNIA,OTRO,587
2020,F84_historico,principal,ETNIA,MAPUCHE,1
2020,F84_historico,principal,ETNIA,NINGUNO,147
2020,F84_historico,principal,ETNIA,OTRO,7
2020,F84_historico,principal_y_secundario,ETNIA,NINGUNO,8
2020,F84_historico,solo_secundario,ETNIA,AYMARA,3
2020,F84_historico,solo_secundario,ETNIA,MAPUCHE,25
2020,F84_historico,solo_secundario,ETNIA,NINGUNO,1269
2020,F84_historico,solo_secundario,ETNIA,OTRO,173
2021,F84_historico,principal,ETNIA,AYMARA,1
2021,F84_historico,principal,ETNIA,NINGUNO,181
2021,F84_historico,principal,ETNIA,OTRO,4
2021,F84_historico,principal_y_secundario,ETNIA,NINGUNO,3
2021,F84_historico,solo_secundario,ETNIA,AYMARA,12
2021,F84_historico,solo_secundario,ETNIA,KAWÉSQAR,1
2021,F84_historico,solo_secundario,ETNIA,MAPUCHE,21
2021,F84_historico,solo_secundario,ETNIA,NINGUNO,2144
2021,F84_historico,solo_secundario,ETNIA,OTRO,32
2022,F84_historico,principal,ETNIA,AYMARA,1
2022,F84_historico,principal,ETNIA,OTRO,295
2022,F84_historico,principal_y_secundario,ETNIA,OTRO,8
2022,F84_historico,solo_secundario,ETNIA,AYMARA,8
2022,F84_historico,solo_secundario,ETNIA,MAPUCHE,38
2022,F84_historico,solo_secundario,ETNIA,OTRO,3560
2022,F84_historico,solo_secundario,ETNIA,RAPA NUI (PASCUENSE),1
2022,F84_historico,solo_secundario,ETNIA,YAGÁN (YÁMANA),1
2023,F84_historico,principal,ETNIA,AYMARA,2
2023,F84_historico,principal,ETNIA,DIAGUITA,1
2023,F84_historico,principal,ETNIA,MAPUCHE,10
2023,F84_historico,principal,ETNIA,OTRO,344
2023,F84_historico,principal_y_secundario,ETNIA,OTRO,9
2023,F84_historico,solo_secundario,ETNIA,AYMARA,16
2023,F84_historico,solo_secundario,ETNIA,DIAGUITA,1
2023,F84_historico,solo_secundario,ETNIA,LICAN ANTAI (ATACAMEÑO),1
2023,F84_historico,solo_secundario,ETNIA,MAPUCHE,78
2023,F84_historico,solo_secundario,ETNIA,OTRO,6007
2023,F84_historico,solo_secundario,ETNIA,QUECHUA,1
2023,F84_historico,solo_secundario,ETNIA,RAPA NUI (PASCUENSE),1
2023,F84_historico,solo_secundario,ETNIA,YAGÁN (YÁMANA),2
2024,F84_historico,principal,ETNIA,AYMARA,4
2024,F84_historico,principal,ETNIA,DIAGUITA,1
2024,F84_historico,principal,ETNIA,MAPUCHE,9
2024,F84_historico,principal,ETNIA,NINGUNO,372
2024,F84_historico,principal_y_secundario,ETNIA,NINGUNO,15
2024,F84_historico,solo_secundario,ETNIA,AYMARA,28
2024,F84_historico,solo_secundario,ETNIA,DIAGUITA,4
2024,F84_historico,solo_secundario,ETNIA,KAWÉSQAR,1
2024,F84_historico,solo_secundario,ETNIA,LICAN ANTAI (ATACAMEÑO),1
2024,F84_historico,solo_secundario,ETNIA,MAPUCHE,151
2024,F84_historico,solo_secundario,ETNIA,NINGUNO,8229
2024,F84_historico,solo_secundario,ETNIA,QUECHUA,1
2024,F84_historico,solo_secundario,ETNIA,RAPA NUI (PASCUENSE),1
2024,F84_historico,solo_secundario,ETNIA,YAGÁN (YÁMANA),1
2019,F84_historico,principal,IR_29301_SEVERIDAD,0,9
2019,F84_historico,principal,IR_29301_SEVERIDAD,1,156
2019,F84_historico,principal,IR_29301_SEVERIDAD,2,60
2019,F84_historico,principal,IR_29301_SEVERIDAD,3,9
2019,F84_historico,principal_y_secundario,IR_29301_SEVERIDAD,1,3
2019,F84_historico,principal_y_secundario,IR_29301_SEVERIDAD,2,4
2019,F84_historico,solo_secundario,IR_29301_SEVERIDAD,0,323
2019,F84_historico,solo_secundario,IR_29301_SEVERIDAD,1,971
2019,F84_historico,solo_secundario,IR_29301_SEVERIDAD,2,491
2019,F84_historico,solo_secundario,IR_29301_SEVERIDAD,3,359
2020,F84_historico,principal,IR_29301_SEVERIDAD,0,2
2020,F84_historico,principal,IR_29301_SEVERIDAD,1,100
2020,F84_historico,principal,IR_29301_SEVERIDAD,2,41
2020,F84_historico,principal,IR_29301_SEVERIDAD,3,12
2020,F84_historico,principal_y_secundario,IR_29301_SEVERIDAD,1,7
2020,F84_historico,principal_y_secundario,IR_29301_SEVERIDAD,3,1
2020,F84_historico,solo_secundario,IR_29301_SEVERIDAD,0,83
2020,F84_historico,solo_secundario,IR_29301_SEVERIDAD,1,678
2020,F84_historico,solo_secundario,IR_29301_SEVERIDAD,2,424
2020,F84_historico,solo_secundario,IR_29301_SEVERIDAD,3,285
2021,F84_historico,principal,IR_29301_SEVERIDAD,1,111
2021,F84_historico,principal,IR_29301_SEVERIDAD,2,62
2021,F84_historico,principal,IR_29301_SEVERIDAD,3,13
2021,F84_historico,principal_y_secundario,IR_29301_SEVERIDAD,1,2
2021,F84_historico,principal_y_secundario,IR_29301_SEVERIDAD,3,1
2021,F84_historico,solo_secundario,IR_29301_SEVERIDAD,0,182
2021,F84_historico,solo_secundario,IR_29301_SEVERIDAD,1,1000
2021,F84_historico,solo_secundario,IR_29301_SEVERIDAD,2,584
2021,F84_historico,solo_secundario,IR_29301_SEVERIDAD,3,444
2022,F84_historico,principal,IR_29301_SEVERIDAD,1,176
2022,F84_historico,principal,IR_29301_SEVERIDAD,2,88
2022,F84_historico,principal,IR_29301_SEVERIDAD,3,32
2022,F84_historico,principal_y_secundario,IR_29301_SEVERIDAD,1,5
2022,F84_historico,principal_y_secundario,IR_29301_SEVERIDAD,2,3
2022,F84_historico,solo_secundario,IR_29301_SEVERIDAD,0,351
2022,F84_historico,solo_secundario,IR_29301_SEVERIDAD,1,1605
2022,F84_historico,solo_secundario,IR_29301_SEVERIDAD,2,879
2022,F84_historico,solo_secundario,IR_29301_SEVERIDAD,3,773
2023,F84_historico,principal,IR_29301_SEVERIDAD,1,249
2023,F84_historico,principal,IR_29301_SEVERIDAD,2,87
2023,F84_historico,principal,IR_29301_SEVERIDAD,3,21
2023,F84_historico,principal_y_secundario,IR_29301_SEVERIDAD,1,5
2023,F84_historico,principal_y_secundario,IR_29301_SEVERIDAD,2,2
2023,F84_historico,principal_y_secundario,IR_29301_SEVERIDAD,3,2
2023,F84_historico,solo_secundario,IR_29301_SEVERIDAD,0,631
2023,F84_historico,solo_secundario,IR_29301_SEVERIDAD,1,2564
2023,F84_historico,solo_secundario,IR_29301_SEVERIDAD,2,1470
2023,F84_historico,solo_secundario,IR_29301_SEVERIDAD,3,1442
2024,F84_historico,principal,IR_29301_SEVERIDAD,1,250
2024,F84_historico,principal,IR_29301_SEVERIDAD,2,103
2024,F84_historico,principal,IR_29301_SEVERIDAD,3,33
2024,F84_historico,principal_y_secundario,IR_29301_SEVERIDAD,1,6
2024,F84_historico,principal_y_secundario,IR_29301_SEVERIDAD,2,7
2024,F84_historico,principal_y_secundario,IR_29301_SEVERIDAD,3,2
2024,F84_historico,solo_secundario,IR_29301_SEVERIDAD,0,1113
2024,F84_historico,solo_secundario,IR_29301_SEVERIDAD,1,3400
2024,F84_historico,solo_secundario,IR_29301_SEVERIDAD,2,2106
2024,F84_historico,solo_secundario,IR_29301_SEVERIDAD,3,1798
2019,F84_historico,principal,IR_29301_MORTALIDAD,0,9
2019,F84_historico,principal,IR_29301_MORTALIDAD,1,198
2019,F84_historico,principal,IR_29301_MORTALIDAD,2,25
2019,F84_historico,principal,IR_29301_MORTALIDAD,3,2
2019,F84_historico,principal_y_secundario,IR_29301_MORTALIDAD,1,5
2019,F84_historico,principal_y_secundario,IR_29301_MORTALIDAD,2,2
2019,F84_historico,solo_secundario,IR_29301_MORTALIDAD,0,323
2019,F84_historico,solo_secundario,IR_29301_MORTALIDAD,1,1263
2019,F84_historico,solo_secundario,IR_29301_MORTALIDAD,2,375
2019,F84_historico,solo_secundario,IR_29301_MORTALIDAD,3,183
2020,F84_historico,principal,IR_29301_MORTALIDAD,0,2
2020,F84_historico,principal,IR_29301_MORTALIDAD,1,122
2020,F84_historico,principal,IR_29301_MORTALIDAD,2,29
2020,F84_historico,principal,IR_29301_MORTALIDAD,3,2
2020,F84_historico,principal_y_secundario,IR_29301_MORTALIDAD,1,7
2020,F84_historico,principal_y_secundario,IR_29301_MORTALIDAD,2,1
2020,F84_historico,solo_secundario,IR_29301_MORTALIDAD,0,83
2020,F84_historico,solo_secundario,IR_29301_MORTALIDAD,1,932
2020,F84_historico,solo_secundario,IR_29301_MORTALIDAD,2,329
2020,F84_historico,solo_secundario,IR_29301_MORTALIDAD,3,126
2021,F84_historico,principal,IR_29301_MORTALIDAD,1,152
2021,F84_historico,principal,IR_29301_MORTALIDAD,2,32
2021,F84_historico,principal,IR_29301_MORTALIDAD,3,2
2021,F84_historico,principal_y_secundario,IR_29301_MORTALIDAD,1,2
2021,F84_historico,principal_y_secundario,IR_29301_MORTALIDAD,3,1
2021,F84_historico,solo_secundario,IR_29301_MORTALIDAD,0,182
2021,F84_historico,solo_secundario,IR_29301_MORTALIDAD,1,1381
2021,F84_historico,solo_secundario,IR_29301_MORTALIDAD,2,429
2021,F84_historico,solo_secundario,IR_29301_MORTALIDAD,3,218
2022,F84_historico,principal,IR_29301_MORTALIDAD,1,240
2022,F84_historico,principal,IR_29301_MORTALIDAD,2,53
2022,F84_historico,principal,IR_29301_MORTALIDAD,3,3
2022,F84_historico,principal_y_secundario,IR_29301_MORTALIDAD,1,8
2022,F84_historico,solo_secundario,IR_29301_MORTALIDAD,0,351
2022,F84_historico,solo_secundario,IR_29301_MORTALIDAD,1,2163
2022,F84_historico,solo_secundario,IR_29301_MORTALIDAD,2,658
2022,F84_historico,solo_secundario,IR_29301_MORTALIDAD,3,436
2023,F84_historico,principal,IR_29301_MORTALIDAD,1,311
2023,F84_historico,principal,IR_29301_MORTALIDAD,2,44
2023,F84_historico,principal,IR_29301_MORTALIDAD,3,2
2023,F84_historico,principal_y_secundario,IR_29301_MORTALIDAD,1,7
2023,F84_historico,principal_y_secundario,IR_29301_MORTALIDAD,2,2
2023,F84_historico,solo_secundario,IR_29301_MORTALIDAD,0,631
2023,F84_historico,solo_secundario,IR_29301_MORTALIDAD,1,3516
2023,F84_historico,solo_secundario,IR_29301_MORTALIDAD,2,1054
2023,F84_historico,solo_secundario,IR_29301_MORTALIDAD,3,906
2024,F84_historico,principal,IR_29301_MORTALIDAD,1,331
2024,F84_historico,principal,IR_29301_MORTALIDAD,2,50
2024,F84_historico,principal,IR_29301_MORTALIDAD,3,5
2024,F84_historico,principal_y_secundario,IR_29301_MORTALIDAD,1,11
2024,F84_historico,principal_y_secundario,IR_29301_MORTALIDAD,2,3
2024,F84_historico,principal_y_secundario,IR_29301_MORTALIDAD,3,1
2024,F84_historico,solo_secundario,IR_29301_MORTALIDAD,0,1113
2024,F84_historico,solo_secundario,IR_29301_MORTALIDAD,1,4816
2024,F84_historico,solo_secundario,IR_29301_MORTALIDAD,2,1328
2024,F84_historico,solo_secundario,IR_29301_MORTALIDAD,3,1160
2019,F84_historico,principal,prevision_grupo,FONASA MAI A,95
2019,F84_historico,principal,prevision_grupo,FONASA MAI B,80
2019,F84_historico,principal,prevision_grupo,FONASA MAI C,23
2019,F84_historico,principal,prevision_grupo,FONASA MAI D,28
2019,F84_historico,principal,prevision_grupo,ISAPRE,8
2019,F84_historico,principal_y_secundario,prevision_grupo,FONASA MAI A,3
2019,F84_historico,principal_y_secundario,prevision_grupo,FONASA MAI B,2
2019,F84_historico,principal_y_secundario,prevision_grupo,FONASA MAI C,1
2019,F84_historico,principal_y_secundario,prevision_grupo,ISAPRE,1
2019,F84_historico,solo_secundario,prevision_grupo,FFAA y de Orden,13
2019,F84_historico,solo_secundario,prevision_grupo,FONASA MAI A,735
2019,F84_historico,solo_secundario,prevision_grupo,FONASA MAI B,760
2019,F84_historico,solo_secundario,prevision_grupo,FONASA MAI C,243
2019,F84_historico,solo_secundario,prevision_grupo,FONASA MAI D,311
2019,F84_historico,solo_secundario,prevision_grupo,FONASA libre elección,20
2019,F84_historico,solo_secundario,prevision_grupo,ISAPRE,44
2019,F84_historico,solo_secundario,prevision_grupo,No identificada,8
2019,F84_historico,solo_secundario,prevision_grupo,Particular,10
2020,F84_historico,principal,prevision_grupo,FFAA y de Orden,1
2020,F84_historico,principal,prevision_grupo,FONASA MAI A,57
2020,F84_historico,principal,prevision_grupo,FONASA MAI B,59
2020,F84_historico,principal,prevision_grupo,FONASA MAI C,17
2020,F84_historico,principal,prevision_grupo,FONASA MAI D,18
2020,F84_historico,principal,prevision_grupo,ISAPRE,3
2020,F84_historico,principal_y_secundario,prevision_grupo,FONASA MAI A,3
2020,F84_historico,principal_y_secundario,prevision_grupo,FONASA MAI B,2
2020,F84_historico,principal_y_secundario,prevision_grupo,FONASA MAI C,2
2020,F84_historico,principal_y_secundario,prevision_grupo,FONASA MAI D,1
2020,F84_historico,solo_secundario,prevision_grupo,FFAA y de Orden,5
2020,F84_historico,solo_secundario,prevision_grupo,FONASA MAI A,569
2020,F84_historico,solo_secundario,prevision_grupo,FONASA MAI B,475
2020,F84_historico,solo_secundario,prevision_grupo,FONASA MAI C,165
2020,F84_historico,solo_secundario,prevision_grupo,FONASA MAI D,216
2020,F84_historico,solo_secundario,prevision_grupo,FONASA libre elección,2
2020,F84_historico,solo_secundario,prevision_grupo,ISAPRE,26
2020,F84_historico,solo_secundario,prevision_grupo,No identificada,3
2020,F84_historico,solo_secundario,prevision_grupo,Particular,9
2021,F84_historico,principal,prevision_grupo,FONASA MAI A,56
2021,F84_historico,principal,prevision_grupo,FONASA MAI B,80
2021,F84_historico,principal,prevision_grupo,FONASA MAI C,14
2021,F84_historico,principal,prevision_grupo,FONASA MAI D,27
2021,F84_historico,principal,prevision_grupo,ISAPRE,7
2021,F84_historico,principal,prevision_grupo,Particular,2
2021,F84_historico,principal_y_secundario,prevision_grupo,FONASA MAI A,1
2021,F84_historico,principal_y_secundario,prevision_grupo,FONASA MAI B,1
2021,F84_historico,principal_y_secundario,prevision_grupo,FONASA MAI D,1
2021,F84_historico,solo_secundario,prevision_grupo,FFAA y de Orden,19
2021,F84_historico,solo_secundario,prevision_grupo,FONASA MAI A,783
2021,F84_historico,solo_secundario,prevision_grupo,FONASA MAI B,740
2021,F84_historico,solo_secundario,prevision_grupo,FONASA MAI C,255
2021,F84_historico,solo_secundario,prevision_grupo,FONASA MAI D,351
2021,F84_historico,solo_secundario,prevision_grupo,FONASA libre elección,8
2021,F84_historico,solo_secundario,prevision_grupo,ISAPRE,44
2021,F84_historico,solo_secundario,prevision_grupo,Particular,10
2022,F84_historico,principal,prevision_grupo,FFAA y de Orden,1
2022,F84_historico,principal,prevision_grupo,FONASA MAI A,84
2022,F84_historico,principal,prevision_grupo,FONASA MAI B,120
2022,F84_historico,principal,prevision_grupo,FONASA MAI C,35
2022,F84_historico,principal,prevision_grupo,FONASA MAI D,48
2022,F84_historico,principal,prevision_grupo,FONASA libre elección,1
2022,F84_historico,principal,prevision_grupo,ISAPRE,6
2022,F84_historico,principal,prevision_grupo,Particular,1
2022,F84_historico,principal_y_secundario,prevision_grupo,FFAA y de Orden,1
2022,F84_historico,principal_y_secundario,prevision_grupo,FONASA MAI A,1
2022,F84_historico,principal_y_secundario,prevision_grupo,FONASA MAI B,5
2022,F84_historico,principal_y_secundario,prevision_grupo,FONASA MAI C,1
2022,F84_historico,solo_secundario,prevision_grupo,FFAA y de Orden,34
2022,F84_historico,solo_secundario,prevision_grupo,FONASA MAI A,1238
2022,F84_historico,solo_secundario,prevision_grupo,FONASA MAI B,1269
2022,F84_historico,solo_secundario,prevision_grupo,FONASA MAI C,410
2022,F84_historico,solo_secundario,prevision_grupo,FONASA MAI D,549
2022,F84_historico,solo_secundario,prevision_grupo,FONASA libre elección,19
2022,F84_historico,solo_secundario,prevision_grupo,ISAPRE,69
2022,F84_historico,solo_secundario,prevision_grupo,Particular,20
2023,F84_historico,principal,prevision_grupo,FFAA y de Orden,1
2023,F84_historico,principal,prevision_grupo,FONASA MAI A,116
2023,F84_historico,principal,prevision_grupo,FONASA MAI B,159
2023,F84_historico,principal,prevision_grupo,FONASA MAI C,31
2023,F84_historico,principal,prevision_grupo,FONASA MAI D,46
2023,F84_historico,principal,prevision_grupo,ISAPRE,3
2023,F84_historico,principal,prevision_grupo,Particular,1
2023,F84_historico,principal_y_secundario,prevision_grupo,FONASA MAI A,5
2023,F84_historico,principal_y_secundario,prevision_grupo,FONASA MAI B,2
2023,F84_historico,principal_y_secundario,prevision_grupo,FONASA MAI C,1
2023,F84_historico,principal_y_secundario,prevision_grupo,FONASA MAI D,1
2023,F84_historico,solo_secundario,prevision_grupo,FFAA y de Orden,38
2023,F84_historico,solo_secundario,prevision_grupo,FONASA MAI A,2134
2023,F84_historico,solo_secundario,prevision_grupo,FONASA MAI B,2054
2023,F84_historico,solo_secundario,prevision_grupo,FONASA MAI C,807
2023,F84_historico,solo_secundario,prevision_grupo,FONASA MAI D,951
2023,F84_historico,solo_secundario,prevision_grupo,FONASA libre elección,33
2023,F84_historico,solo_secundario,prevision_grupo,ISAPRE,73
2023,F84_historico,solo_secundario,prevision_grupo,Particular,17
2024,F84_historico,principal,prevision_grupo,FFAA y de Orden,2
2024,F84_historico,principal,prevision_grupo,FONASA MAI A,150
2024,F84_historico,principal,prevision_grupo,FONASA MAI B,137
2024,F84_historico,principal,prevision_grupo,FONASA MAI C,38
2024,F84_historico,principal,prevision_grupo,FONASA MAI D,55
2024,F84_historico,principal,prevision_grupo,ISAPRE,3
2024,F84_historico,principal,prevision_grupo,Particular,1
2024,F84_historico,principal_y_secundario,prevision_grupo,FONASA MAI A,3
2024,F84_historico,principal_y_secundario,prevision_grupo,FONASA MAI B,5
2024,F84_historico,principal_y_secundario,prevision_grupo,FONASA MAI C,6
2024,F84_historico,principal_y_secundario,prevision_grupo,FONASA MAI D,1
2024,F84_historico,solo_secundario,prevision_grupo,FFAA y de Orden,51
2024,F84_historico,solo_secundario,prevision_grupo,FONASA MAI A,2801
2024,F84_historico,solo_secundario,prevision_grupo,FONASA MAI B,2986
2024,F84_historico,solo_secundario,prevision_grupo,FONASA MAI C,1056
2024,F84_historico,solo_secundario,prevision_grupo,FONASA MAI D,1357
2024,F84_historico,solo_secundario,prevision_grupo,FONASA libre elección,55
2024,F84_historico,solo_secundario,prevision_grupo,ISAPRE,92
2024,F84_historico,solo_secundario,prevision_grupo,Particular,19
2019,F84_historico,principal,nacionalidad_grupo,Chile,222
2019,F84_historico,principal,nacionalidad_grupo,Desconocida,5
2019,F84_historico,principal,nacionalidad_grupo,Otro país,7
2019,F84_historico,principal_y_secundario,nacionalidad_grupo,Chile,7
2019,F84_historico,solo_secundario,nacionalidad_grupo,Chile,2088
2019,F84_historico,solo_secundario,nacionalidad_grupo,Desconocida,26
2019,F84_historico,solo_secundario,nacionalidad_grupo,Otro país,30
2020,F84_historico,principal,nacionalidad_grupo,Chile,154
2020,F84_historico,principal,nacionalidad_grupo,Otro país,1
2020,F84_historico,principal_y_secundario,nacionalidad_grupo,Chile,8
2020,F84_historico,solo_secundario,nacionalidad_grupo,Chile,1451
2020,F84_historico,solo_secundario,nacionalidad_grupo,Otro país,19
2021,F84_historico,principal,nacionalidad_grupo,Chile,180
2021,F84_historico,principal,nacionalidad_grupo,Otro país,6
2021,F84_historico,principal_y_secundario,nacionalidad_grupo,Chile,3
2021,F84_historico,solo_secundario,nacionalidad_grupo,Chile,2170
2021,F84_historico,solo_secundario,nacionalidad_grupo,Otro país,40
2022,F84_historico,principal,nacionalidad_grupo,Chile,291
2022,F84_historico,principal,nacionalidad_grupo,Otro país,5
2022,F84_historico,principal_y_secundario,nacionalidad_grupo,Chile,8
2022,F84_historico,solo_secundario,nacionalidad_grupo,Chile,3547
2022,F84_historico,solo_secundario,nacionalidad_grupo,Otro país,61
2023,F84_historico,principal,nacionalidad_grupo,Chile,317
2023,F84_historico,principal,nacionalidad_grupo,Otro país,40
2023,F84_historico,principal_y_secundario,nacionalidad_grupo,Chile,9
2023,F84_historico,solo_secundario,nacionalidad_grupo,Chile,5968
2023,F84_historico,solo_secundario,nacionalidad_grupo,Otro país,139
2024,F84_historico,principal,nacionalidad_grupo,Chile,373
2024,F84_historico,principal,nacionalidad_grupo,Otro país,13
2024,F84_historico,principal_y_secundario,nacionalidad_grupo,Chile,15
2024,F84_historico,solo_secundario,nacionalidad_grupo,Chile,8233
2024,F84_historico,solo_secundario,nacionalidad_grupo,Otro país,184
2019,F84_historico,principal,etnia_grupo,Ninguno/otro,232
2019,F84_historico,principal,etnia_grupo,Pueblo originario declarado,2
2019,F84_historico,principal_y_secundario,etnia_grupo,Ninguno/otro,7
2019,F84_historico,solo_secundario,etnia_grupo,Ninguno/otro,2122
2019,F84_historico,solo_secundario,etnia_grupo,Pueblo originario declarado,22
2020,F84_historico,principal,etnia_grupo,Ninguno/otro,154
2020,F84_historico,principal,etnia_grupo,Pueblo originario declarado,1
2020,F84_historico,principal_y_secundario,etnia_grupo,Ninguno/otro,8
2020,F84_historico,solo_secundario,etnia_grupo,Ninguno/otro,1442
2020,F84_historico,solo_secundario,etnia_grupo,Pueblo originario declarado,28
2021,F84_historico,principal,etnia_grupo,Ninguno/otro,185
2021,F84_historico,principal,etnia_grupo,Pueblo originario declarado,1
2021,F84_historico,principal_y_secundario,etnia_grupo,Ninguno/otro,3
2021,F84_historico,solo_secundario,etnia_grupo,Ninguno/otro,2176
2021,F84_historico,solo_secundario,etnia_grupo,Pueblo originario declarado,34
2022,F84_historico,principal,etnia_grupo,Ninguno/otro,295
2022,F84_historico,principal,etnia_grupo,Pueblo originario declarado,1
2022,F84_historico,principal_y_secundario,etnia_grupo,Ninguno/otro,8
2022,F84_historico,solo_secundario,etnia_grupo,Ninguno/otro,3560
2022,F84_historico,solo_secundario,etnia_grupo,Pueblo originario declarado,48
2023,F84_historico,principal,etnia_grupo,Ninguno/otro,344
2023,F84_historico,principal,etnia_grupo,Pueblo originario declarado,13
2023,F84_historico,principal_y_secundario,etnia_grupo,Ninguno/otro,9
2023,F84_historico,solo_secundario,etnia_grupo,Ninguno/otro,6007
2023,F84_historico,solo_secundario,etnia_grupo,Pueblo originario declarado,100
2024,F84_historico,principal,etnia_grupo,Ninguno/otro,372
2024,F84_historico,principal,etnia_grupo,Pueblo originario declarado,14
2024,F84_historico,principal_y_secundario,etnia_grupo,Ninguno/otro,15
2024,F84_historico,solo_secundario,etnia_grupo,Ninguno/otro,8229
2024,F84_historico,solo_secundario,etnia_grupo,Pueblo originario declarado,188
2019,F84_historico,principal,age_band,0-4,22
2019,F84_historico,principal,age_band,10-14,75
2019,F84_historico,principal,age_band,15-19,55
2019,F84_historico,principal,age_band,20-29,37
2019,F84_historico,principal,age_band,30-44,6
2019,F84_historico,principal,age_band,45+,1
2019,F84_historico,principal,age_band,5-9,38
2019,F84_historico,principal_y_secundario,age_band,0-4,2
2019,F84_historico,principal_y_secundario,age_band,10-14,1
2019,F84_historico,principal_y_secundario,age_band,15-19,2
2019,F84_historico,principal_y_secundario,age_band,20-29,1
2019,F84_historico,principal_y_secundario,age_band,30-44,1
2019,F84_historico,solo_secundario,age_band,0-4,575
2019,F84_historico,solo_secundario,age_band,10-14,474
2019,F84_historico,solo_secundario,age_band,15-19,194
2019,F84_historico,solo_secundario,age_band,20-29,132
2019,F84_historico,solo_secundario,age_band,30-44,65
2019,F84_historico,solo_secundario,age_band,45+,25
2019,F84_historico,solo_secundario,age_band,5-9,679
2020,F84_historico,principal,age_band,0-4,12
2020,F84_historico,principal,age_band,10-14,51
2020,F84_historico,principal,age_band,15-19,42
2020,F84_historico,principal,age_band,20-29,20
2020,F84_historico,principal,age_band,30-44,5
2020,F84_historico,principal,age_band,5-9,25
2020,F84_historico,principal_y_secundario,age_band,0-4,2
2020,F84_historico,principal_y_secundario,age_band,10-14,5
2020,F84_historico,principal_y_secundario,age_band,15-19,1
2020,F84_historico,solo_secundario,age_band,0-4,348
2020,F84_historico,solo_secundario,age_band,10-14,375
2020,F84_historico,solo_secundario,age_band,15-19,174
2020,F84_historico,solo_secundario,age_band,20-29,87
2020,F84_historico,solo_secundario,age_band,30-44,59
2020,F84_historico,solo_secundario,age_band,45+,15
2020,F84_historico,solo_secundario,age_band,5-9,412
2021,F84_historico,principal,age_band,0-4,26
2021,F84_historico,principal,age_band,10-14,41
2021,F84_historico,principal,age_band,15-19,43
2021,F84_historico,principal,age_band,20-29,30
2021,F84_historico,principal,age_band,30-44,18
2021,F84_historico,principal,age_band,5-9,28
2021,F84_historico,principal_y_secundario,age_band,10-14,2
2021,F84_historico,principal_y_secundario,age_band,15-19,1
2021,F84_historico,solo_secundario,age_band,0-4,457
2021,F84_historico,solo_secundario,age_band,10-14,602
2021,F84_historico,solo_secundario,age_band,15-19,235
2021,F84_historico,solo_secundario,age_band,20-29,149
2021,F84_historico,solo_secundario,age_band,30-44,60
2021,F84_historico,solo_secundario,age_band,45+,34
2021,F84_historico,solo_secundario,age_band,5-9,673
2022,F84_historico,principal,age_band,0-4,32
2022,F84_historico,principal,age_band,10-14,102
2022,F84_historico,principal,age_band,15-19,72
2022,F84_historico,principal,age_band,20-29,36
2022,F84_historico,principal,age_band,30-44,20
2022,F84_historico,principal,age_band,45+,4
2022,F84_historico,principal,age_band,5-9,30
2022,F84_historico,principal_y_secundario,age_band,0-4,1
2022,F84_historico,principal_y_secundario,age_band,10-14,2
2022,F84_historico,principal_y_secundario,age_band,15-19,2
2022,F84_historico,principal_y_secundario,age_band,20-29,1
2022,F84_historico,principal_y_secundario,age_band,30-44,1
2022,F84_historico,principal_y_secundario,age_band,5-9,1
2022,F84_historico,solo_secundario,age_band,0-4,929
2022,F84_historico,solo_secundario,age_band,10-14,842
2022,F84_historico,solo_secundario,age_band,15-19,409
2022,F84_historico,solo_secundario,age_band,20-29,198
2022,F84_historico,solo_secundario,age_band,30-44,99
2022,F84_historico,solo_secundario,age_band,45+,39
2022,F84_historico,solo_secundario,age_band,5-9,1092
2023,F84_historico,principal,age_band,0-4,23
2023,F84_historico,principal,age_band,10-14,91
2023,F84_historico,principal,age_band,15-19,138
2023,F84_historico,principal,age_band,20-29,41
2023,F84_historico,principal,age_band,30-44,19
2023,F84_historico,principal,age_band,45+,1
2023,F84_historico,principal,age_band,5-9,44
2023,F84_historico,principal_y_secundario,age_band,10-14,3
2023,F84_historico,principal_y_secundario,age_band,15-19,2
2023,F84_historico,principal_y_secundario,age_band,20-29,4
2023,F84_historico,solo_secundario,age_band,0-4,1419
2023,F84_historico,solo_secundario,age_band,10-14,1434
2023,F84_historico,solo_secundario,age_band,15-19,795
2023,F84_historico,solo_secundario,age_band,20-29,375
2023,F84_historico,solo_secundario,age_band,30-44,163
2023,F84_historico,solo_secundario,age_band,45+,59
2023,F84_historico,solo_secundario,age_band,5-9,1862
2024,F84_historico,principal,age_band,0-4,16
2024,F84_historico,principal,age_band,10-14,152
2024,F84_historico,principal,age_band,15-19,86
2024,F84_historico,principal,age_band,20-29,53
2024,F84_historico,principal,age_band,30-44,16
2024,F84_historico,principal,age_band,45+,3
2024,F84_historico,principal,age_band,5-9,58
2024,F84_historico,principal,age_band,No informado,2
2024,F84_historico,principal_y_secundario,age_band,0-4,1
2024,F84_historico,principal_y_secundario,age_band,10-14,5
2024,F84_historico,principal_y_secundario,age_band,15-19,3
2024,F84_historico,principal_y_secundario,age_band,20-29,4
2024,F84_historico,principal_y_secundario,age_band,30-44,1
2024,F84_historico,principal_y_secundario,age_band,5-9,1
2024,F84_historico,solo_secundario,age_band,0-4,1410
2024,F84_historico,solo_secundario,age_band,10-14,2161
2024,F84_historico,solo_secundario,age_band,15-19,1177
2024,F84_historico,solo_secundario,age_band,20-29,611
2024,F84_historico,solo_secundario,age_band,30-44,245
2024,F84_historico,solo_secundario,age_band,45+,89
2024,F84_historico,solo_secundario,age_band,5-9,2723
2024,F84_historico,solo_secundario,age_band,No informado,1
2019,F84_historico,principal,sex,HOMBRE,184
2019,F84_historico,principal,sex,MUJER,50
2019,F84_historico,principal_y_secundario,sex,HOMBRE,6
2019,F84_historico,principal_y_secundario,sex,MUJER,1
2019,F84_historico,solo_secundario,sex,HOMBRE,1598
2019,F84_historico,solo_secundario,sex,MUJER,545
2019,F84_historico,solo_secundario,sex,No informado,1
2020,F84_historico,principal,sex,HOMBRE,119
2020,F84_historico,principal,sex,MUJER,36
2020,F84_historico,principal_y_secundario,sex,HOMBRE,5
2020,F84_historico,principal_y_secundario,sex,MUJER,3
2020,F84_historico,solo_secundario,sex,HOMBRE,1084
2020,F84_historico,solo_secundario,sex,MUJER,386
2021,F84_historico,principal,sex,HOMBRE,149
2021,F84_historico,principal,sex,MUJER,37
2021,F84_historico,principal_y_secundario,sex,HOMBRE,2
2021,F84_historico,principal_y_secundario,sex,MUJER,1
2021,F84_historico,solo_secundario,sex,HOMBRE,1657
2021,F84_historico,solo_secundario,sex,MUJER,552
2021,F84_historico,solo_secundario,sex,No informado,1
2022,F84_historico,principal,sex,HOMBRE,220
2022,F84_historico,principal,sex,MUJER,76
2022,F84_historico,principal_y_secundario,sex,HOMBRE,5
2022,F84_historico,principal_y_secundario,sex,MUJER,3
2022,F84_historico,solo_secundario,sex,HOMBRE,2662
2022,F84_historico,solo_secundario,sex,MUJER,945
2022,F84_historico,solo_secundario,sex,No informado,1
2023,F84_historico,principal,sex,HOMBRE,253
2023,F84_historico,principal,sex,MUJER,104
2023,F84_historico,principal_y_secundario,sex,HOMBRE,7
2023,F84_historico,principal_y_secundario,sex,MUJER,2
2023,F84_historico,solo_secundario,sex,HOMBRE,4239
2023,F84_historico,solo_secundario,sex,MUJER,1866
2023,F84_historico,solo_secundario,sex,No informado,2
2024,F84_historico,principal,sex,HOMBRE,255
2024,F84_historico,principal,sex,MUJER,131
2024,F84_historico,principal_y_secundario,sex,HOMBRE,8
2024,F84_historico,principal_y_secundario,sex,MUJER,7
2024,F84_historico,solo_secundario,sex,HOMBRE,5598
2024,F84_historico,solo_secundario,sex,MUJER,2815
2024,F84_historico,solo_secundario,sex,No informado,4
2019,F84_historico,principal,los_bin,0,35
2019,F84_historico,principal,los_bin,1,40
2019,F84_historico,principal,los_bin,15-30,43
2019,F84_historico,principal,los_bin,2,18
2019,F84_historico,principal,los_bin,3-4,18
2019,F84_historico,principal,los_bin,31-90,27
2019,F84_historico,principal,los_bin,5-7,27
2019,F84_historico,principal,los_bin,8-14,22
2019,F84_historico,principal,los_bin,91+,4
2019,F84_historico,principal_y_secundario,los_bin,1,1
2019,F84_historico,principal_y_secundario,los_bin,15-30,2
2019,F84_historico,principal_y_secundario,los_bin,3-4,2
2019,F84_historico,principal_y_secundario,los_bin,31-90,1
2019,F84_historico,principal_y_secundario,los_bin,8-14,1
2019,F84_historico,solo_secundario,los_bin,0,592
2019,F84_historico,solo_secundario,los_bin,1,349
2019,F84_historico,solo_secundario,los_bin,15-30,110
2019,F84_historico,solo_secundario,los_bin,2,224
2019,F84_historico,solo_secundario,los_bin,3-4,343
2019,F84_historico,solo_secundario,los_bin,31-90,72
2019,F84_historico,solo_secundario,los_bin,5-7,232
2019,F84_historico,solo_secundario,los_bin,8-14,203
2019,F84_historico,solo_secundario,los_bin,91+,19
2020,F84_historico,principal,los_bin,0,13
2020,F84_historico,principal,los_bin,1,11
2020,F84_historico,principal,los_bin,15-30,29
2020,F84_historico,principal,los_bin,2,8
2020,F84_historico,principal,los_bin,3-4,22
2020,F84_historico,principal,los_bin,31-90,19
2020,F84_historico,principal,los_bin,5-7,26
2020,F84_historico,principal,los_bin,8-14,19
2020,F84_historico,principal,los_bin,91+,8
2020,F84_historico,principal_y_secundario,los_bin,15-30,2
2020,F84_historico,principal_y_secundario,los_bin,3-4,2
2020,F84_historico,principal_y_secundario,los_bin,5-7,2
2020,F84_historico,principal_y_secundario,los_bin,8-14,1
2020,F84_historico,principal_y_secundario,los_bin,91+,1
2020,F84_historico,solo_secundario,los_bin,0,232
2020,F84_historico,solo_secundario,los_bin,1,266
2020,F84_historico,solo_secundario,los_bin,15-30,116
2020,F84_historico,solo_secundario,los_bin,2,164
2020,F84_historico,solo_secundario,los_bin,3-4,239
2020,F84_historico,solo_secundario,los_bin,31-90,72
2020,F84_historico,solo_secundario,los_bin,5-7,199
2020,F84_historico,solo_secundario,los_bin,8-14,168
2020,F84_historico,solo_secundario,los_bin,91+,14
2021,F84_historico,principal,los_bin,0,16
2021,F84_historico,principal,los_bin,1,35
2021,F84_historico,principal,los_bin,15-30,36
2021,F84_historico,principal,los_bin,2,8
2021,F84_historico,principal,los_bin,3-4,10
2021,F84_historico,principal,los_bin,31-90,24
2021,F84_historico,principal,los_bin,5-7,16
2021,F84_historico,principal,los_bin,8-14,33
2021,F84_historico,principal,los_bin,91+,8
2021,F84_historico,principal_y_secundario,los_bin,2,1
2021,F84_historico,principal_y_secundario,los_bin,31-90,2
2021,F84_historico,solo_secundario,los_bin,0,441
2021,F84_historico,solo_secundario,los_bin,1,365
2021,F84_historico,solo_secundario,los_bin,15-30,144
2021,F84_historico,solo_secundario,los_bin,2,291
2021,F84_historico,solo_secundario,los_bin,3-4,346
2021,F84_historico,solo_secundario,los_bin,31-90,99
2021,F84_historico,solo_secundario,los_bin,5-7,281
2021,F84_historico,solo_secundario,los_bin,8-14,224
2021,F84_historico,solo_secundario,los_bin,91+,19
2022,F84_historico,principal,los_bin,0,20
2022,F84_historico,principal,los_bin,1,54
2022,F84_historico,principal,los_bin,15-30,55
2022,F84_historico,principal,los_bin,2,14
2022,F84_historico,principal,los_bin,3-4,39
2022,F84_historico,principal,los_bin,31-90,28
2022,F84_historico,principal,los_bin,5-7,28
2022,F84_historico,principal,los_bin,8-14,51
2022,F84_historico,principal,los_bin,91+,7
2022,F84_historico,principal_y_secundario,los_bin,1,2
2022,F84_historico,principal_y_secundario,los_bin,15-30,3
2022,F84_historico,principal_y_secundario,los_bin,2,1
2022,F84_historico,principal_y_secundario,los_bin,31-90,1
2022,F84_historico,principal_y_secundario,los_bin,8-14,1
2022,F84_historico,solo_secundario,los_bin,0,736
2022,F84_historico,solo_secundario,los_bin,1,638
2022,F84_historico,solo_secundario,los_bin,15-30,253
2022,F84_historico,solo_secundario,los_bin,2,413
2022,F84_historico,solo_secundario,los_bin,3-4,575
2022,F84_historico,solo_secundario,los_bin,31-90,106
2022,F84_historico,solo_secundario,los_bin,5-7,460
2022,F84_historico,solo_secundario,los_bin,8-14,412
2022,F84_historico,solo_secundario,los_bin,91+,15
2023,F84_historico,principal,los_bin,0,9
2023,F84_historico,principal,los_bin,1,83
2023,F84_historico,principal,los_bin,15-30,65
2023,F84_historico,principal,los_bin,2,32
2023,F84_historico,principal,los_bin,3-4,45
2023,F84_historico,principal,los_bin,31-90,33
2023,F84_historico,principal,los_bin,5-7,48
2023,F84_historico,principal,los_bin,8-14,38
2023,F84_historico,principal,los_bin,91+,4
2023,F84_historico,principal_y_secundario,los_bin,0,1
2023,F84_historico,principal_y_secundario,los_bin,1,1
2023,F84_historico,principal_y_secundario,los_bin,15-30,1
2023,F84_historico,principal_y_secundario,los_bin,3-4,2
2023,F84_historico,principal_y_secundario,los_bin,31-90,1
2023,F84_historico,principal_y_secundario,los_bin,5-7,1
2023,F84_historico,principal_y_secundario,los_bin,8-14,1
2023,F84_historico,principal_y_secundario,los_bin,91+,1
2023,F84_historico,solo_secundario,los_bin,0,1127
2023,F84_historico,solo_secundario,los_bin,1,1037
2023,F84_historico,solo_secundario,los_bin,15-30,430
2023,F84_historico,solo_secundario,los_bin,2,713
2023,F84_historico,solo_secundario,los_bin,3-4,1058
2023,F84_historico,solo_secundario,los_bin,31-90,197
2023,F84_historico,solo_secundario,los_bin,5-7,842
2023,F84_historico,solo_secundario,los_bin,8-14,678
2023,F84_historico,solo_secundario,los_bin,91+,25
2024,F84_historico,principal,los_bin,0,28
2024,F84_historico,principal,los_bin,1,66
2024,F84_historico,principal,los_bin,15-30,61
2024,F84_historico,principal,los_bin,2,31
2024,F84_historico,principal,los_bin,3-4,43
2024,F84_historico,principal,los_bin,31-90,28
2024,F84_historico,principal,los_bin,5-7,53
2024,F84_historico,principal,los_bin,8-14,67
2024,F84_historico,principal,los_bin,91+,7
2024,F84_historico,principal,los_bin,No informado,2
2024,F84_historico,principal_y_secundario,los_bin,0,1
2024,F84_historico,principal_y_secundario,los_bin,1,1
2024,F84_historico,principal_y_secundario,los_bin,15-30,3
2024,F84_historico,principal_y_secundario,los_bin,2,1
2024,F84_historico,principal_y_secundario,los_bin,3-4,2
2024,F84_historico,principal_y_secundario,los_bin,31-90,2
2024,F84_historico,principal_y_secundario,los_bin,5-7,2
2024,F84_historico,principal_y_secundario,los_bin,8-14,2
2024,F84_historico,principal_y_secundario,los_bin,91+,1
2024,F84_historico,solo_secundario,los_bin,0,1724
2024,F84_historico,solo_secundario,los_bin,1,1399
2024,F84_historico,solo_secundario,los_bin,15-30,634
2024,F84_historico,solo_secundario,los_bin,2,1016
2024,F84_historico,solo_secundario,los_bin,3-4,1420
2024,F84_historico,solo_secundario,los_bin,31-90,253
2024,F84_historico,solo_secundario,los_bin,5-7,1042
2024,F84_historico,solo_secundario,los_bin,8-14,896
2024,F84_historico,solo_secundario,los_bin,91+,32
2024,F84_historico,solo_secundario,los_bin,No informado,1
