definition,unit,year,sex,age_group,population,count,rate,rate_lo,rate_hi
autismo_F840,records,2019,HOMBRE,0-4,612613.0,253.0,41.29850329653468,36.36595213217949,46.71346983177107
autismo_F840,records,2019,HOMBRE,10-14,629243.0,239.0,37.98214680179199,33.31903154082837,43.11520500718943
autismo_F840,records,2019,HOMBRE,15-19,647322.0,115.0,17.765501558729657,14.66724354510558,21.32479409303879
autismo_F840,records,2019,HOMBRE,20-24,735379.0,26.0,3.5355918512766884,2.309565981024253,5.180461242859124
autismo_F840,records,2019,HOMBRE,25-29,827193.0,25.0,3.0222692890292833,1.9558533314268045,4.461465667326775
autismo_F840,records,2019,HOMBRE,30-34,769391.0,15.0,1.9495938995907152,1.0911729059455224,3.2155586524258593
autismo_F840,records,2019,HOMBRE,35-39,705386.0,8.0,1.1341308163190083,0.4896371882555794,2.2346898322611044
autismo_F840,records,2019,HOMBRE,40-44,665145.0,4.0,0.6013726330349022,0.1638538023478076,1.539752787046989
autismo_F840,records,2019,HOMBRE,45-49,616547.0,2.0,0.3243872729897315,0.03928480367984354,1.1717983653677595
autismo_F840,records,2019,HOMBRE,5-9,649322.0,404.0,62.21874509103342,56.29883892287182,68.59184785778953
autismo_F840,records,2019,HOMBRE,50-54,597164.0,1.0,0.16745818569103296,0.0042396741907231306,0.9330172935640625
autismo_F840,records,2019,HOMBRE,55-59,540699.0,2.0,0.3698915662873429,0.044795584704977257,1.336175518675633
autismo_F840,records,2019,HOMBRE,60-64,458457.0,1.0,0.2181229646400862,0.005522395335721753,1.2153033743489352
autismo_F840,records,2019,HOMBRE,65-69,361643.0,0.0,0.0,0.0,1.0200334180708421
autismo_F840,records,2019,HOMBRE,70-74,251433.0,0.0,0.0,0.0,1.4671421229965578
autismo_F840,records,2019,HOMBRE,75-79,168861.0,0.0,0.0,0.0,2.184565680716054
autismo_F840,records,2019,HOMBRE,80+,188341.0,0.0,0.0,0.0,1.9586173239570435
autismo_F840,records,2019,MUJER,0-4,589563.0,63.0,10.685880898224617,8.211324285188732,13.671883630229592
autismo_F840,records,2019,MUJER,10-14,607281.0,96.0,15.808167882742914,12.804666738296515,19.304478651452705
autismo_F840,records,2019,MUJER,15-19,625645.0,28.0,4.475381406388607,2.9738584430240045,6.4681721972153845
autismo_F840,records,2019,MUJER,20-24,711606.0,10.0,1.405272018504622,0.6738825552528271,2.5843452756184995
autismo_F840,records,2019,MUJER,25-29,800590.0,3.0,0.3747236413145305,0.07727702355707683,1.0951014963642218
autismo_F840,records,2019,MUJER,30-34,745995.0,5.0,0.670245779127206,0.21762698008946715,1.564130065124119
autismo_F840,records,2019,MUJER,35-39,691342.0,1.0,0.1446462098353637,0.003662124966267039,0.8059170990535651
autismo_F840,records,2019,MUJER,40-44,663414.0,1.0,0.1507354382029924,0.003816290880851154,0.8398441080439814
autismo_F840,records,2019,MUJER,45-49,627382.0,0.0,0.0,0.0,0.5879798040291139
autismo_F840,records,2019,MUJER,5-9,626150.0,92.0,14.692964944502116,11.844603492176379,18.01961718464842
autismo_F840,records,2019,MUJER,50-54,620912.0,1.0,0.16105341819774782,0.0040775195171441165,0.8973322130896001
autismo_F840,records,2019,MUJER,55-59,577392.0,3.0,0.5195776872557984,0.1071494102612439,1.5184264883722538
autismo_F840,records,2019,MUJER,60-64,505861.0,0.0,0.0,0.0,0.7292278815947336
autismo_F840,records,2019,MUJER,65-69,416071.0,1.0,0.24034359520370321,0.006084972993621251,1.339108803771207
autismo_F840,records,2019,MUJER,70-74,306258.0,0.0,0.0,0.0,1.2045006021439228
autismo_F840,records,2019,MUJER,75-79,229448.0,0.0,0.0,0.0,1.6077191582031376
autismo_F840,records,2019,MUJER,80+,338167.0,0.0,0.0,0.0,1.0908454858439574
autismo_F840,records,2020,HOMBRE,0-4,606528.0,164.0,27.03914740951778,23.059176579847982,31.50877809873015
autismo_F840,records,2020,HOMBRE,10-14,643850.0,232.0,36.03323755533121,31.545368802467827,40.98053212950877
autismo_F840,records,2020,HOMBRE,15-19,640628.0,110.0,17.170651298413432,14.11218711832697,20.695278231176964
autismo_F840,records,2020,HOMBRE,20-24,733010.0,26.0,3.547018458138361,2.3170302199964996,5.197203869404919
autismo_F840,records,2020,HOMBRE,25-29,837355.0,14.0,1.6719312597404923,0.9140603777729392,2.8052165595041028
autismo_F840,records,2020,HOMBRE,30-34,810229.0,14.0,1.7279065548135157,0.944662592464673,2.899133593321836
autismo_F840,records,2020,HOMBRE,35-39,725354.0,3.0,0.41359115686961123,0.08529243967712336,1.2086888705021719
autismo_F840,records,2020,HOMBRE,40-44,675288.0,4.0,0.5923398609186007,0.161392675958454,1.5166253028935348
autismo_F840,records,2020,HOMBRE,45-49,631153.0,2.0,0.31688037607363034,0.038375683636767154,1.144680872581444
autismo_F840,records,2020,HOMBRE,5-9,652864.0,262.0,40.13086952259582,35.418206514359646,45.296045200531196
autismo_F840,records,2020,HOMBRE,50-54,601037.0,1.0,0.16637910810815307,0.004212354311679626,0.9270050580810996
autismo_F840,records,2020,HOMBRE,55-59,554862.0,0.0,0.0,0.0,0.6648282733569671
autismo_F840,records,2020,HOMBRE,60-64,471032.0,0.0,0.0,0.0,0.7831483750815094
autismo_F840,records,2020,HOMBRE,65-69,378921.0,1.0,0.2639072524352042,0.006681553142816016,1.4703970988514488
autismo_F840,records,2020,HOMBRE,70-74,264075.0,0.0,0.0,0.0,1.3969059752395854
autismo_F840,records,2020,HOMBRE,75-79,176396.0,0.0,0.0,0.0,2.0912489252102855
autismo_F840,records,2020,HOMBRE,80+,196519.0,0.0,0.0,0.0,1.8771108412489048
autismo_F840,records,2020,MUJER,0-4,583854.0,47.0,8.049957694903178,5.914806127399274,10.704737201534453
autismo_F840,records,2020,MUJER,10-14,621419.0,70.0,11.264541315923717,8.781262579345897,14.232070283019821
autismo_F840,records,2020,MUJER,15-19,619434.0,31.0,5.004568686898039,3.400361617079762,7.103585773988633
autismo_F840,records,2020,MUJER,20-24,710171.0,5.0,0.7040557837478579,0.22860499655976102,1.6430313374275591
autismo_F840,records,2020,MUJER,25-29,811792.0,7.0,0.8622898476457024,0.34668524098782266,1.7766466486122525
autismo_F840,records,2020,MUJER,30-34,785982.0,4.0,0.5089175070167001,0.13866289223243342,1.303030944144229
autismo_F840,records,2020,MUJER,35-39,709886.0,5.0,0.7043384430739583,0.22869677527355387,1.6436909700040105
autismo_F840,records,2020,MUJER,40-44,671719.0,2.0,0.29774355050251666,0.03605812527916658,1.0755520787299393
autismo_F840,records,2020,MUJER,45-49,640360.0,0.0,0.0,0.0,0.5760633790545842
autismo_F840,records,2020,MUJER,5-9,629523.0,78.0,12.390333633560648,9.794044571051467,15.463697124786512
autismo_F840,records,2020,MUJER,50-54,623388.0,0.0,0.0,0.0,0.5917469463823389
autismo_F840,records,2020,MUJER,55-59,590614.0,0.0,0.0,0.0,0.6245838151675943
autismo_F840,records,2020,MUJER,60-64,518362.0,1.0,0.19291537574127735,0.004884194440234793,1.074855678259382
autismo_F840,records,2020,MUJER,65-69,435687.0,0.0,0.0,0.0,0.8466810931044386
autismo_F840,records,2020,MUJER,70-74,319314.0,1.0,0.31317136110536964,0.007928812386644455,1.7448791443340719
autismo_F840,records,2020,MUJER,75-79,237389.0,0.0,0.0,0.0,1.5539386635917989
autismo_F840,records,2020,MUJER,80+,350315.0,0.0,0.0,0.0,1.053017842260233
autismo_F840,records,2021,HOMBRE,0-4,600632.0,306.0,50.94633652552645,45.397412553003676,56.98638536812216
autismo_F840,records,2021,HOMBRE,10-14,655232.0,348.0,53.110959171713226,47.67677949691391,58.99481510161943
autismo_F840,records,2021,HOMBRE,15-19,631851.0,141.0,22.315387646771153,18.78415117999669,26.317585671819394
autismo_F840,records,2021,HOMBRE,20-24,719079.0,49.0,6.814272145341471,5.041236046224286,9.008829154087143
autismo_F840,records,2021,HOMBRE,25-29,827115.0,43.0,5.198793396323365,3.76239255870915,7.002740587510035
autismo_F840,records,2021,HOMBRE,30-34,842111.0,19.0,2.2562346294015874,1.358400634164229,3.5233898585323775
autismo_F840,records,2021,HOMBRE,35-39,738934.0,15.0,2.0299512541038847,1.1361483072619902,3.348095888331819
autismo_F840,records,2021,HOMBRE,40-44,683807.0,2.0,0.292480188123257,0.03542070767686861,1.0565390040938394
autismo_F840,records,2021,HOMBRE,45-49,644339.0,4.0,0.6207912294615102,0.1691447163102536,1.5894721063607347
autismo_F840,records,2021,HOMBRE,5-9,651336.0,483.0,74.15527469693062,67.6885959227371,81.0731184187156
autismo_F840,records,2021,HOMBRE,50-54,602079.0,5.0,0.8304558039725684,0.26964673906886316,1.938006819590564
autismo_F840,records,2021,HOMBRE,55-59,566471.0,0.0,0.0,0.0,0.6512035839635101
autismo_F840,records,2021,HOMBRE,60-64,483184.0,1.0,0.20696049538064173,0.0052397860823805995,1.153110076272993
autismo_F840,records,2021,HOMBRE,65-69,393552.0,3.0,0.7622880839126723,0.1572021290440911,2.227729263157683
autismo_F840,records,2021,HOMBRE,70-74,278885.0,2.0,0.7171414740843,0.08684915952595693,2.590561581915112
autismo_F840,records,2021,HOMBRE,75-79,184713.0,0.0,0.0,0.0,1.9970870778526337
autismo_F840,records,2021,HOMBRE,80+,205192.0,1.0,0.4873484346368279,0.012338594089579455,2.7153316849287
autismo_F840,records,2021,MUJER,0-4,578263.0,88.0,15.21798904650652,12.205272215427378,18.748988132122285
autismo_F840,records,2021,MUJER,10-14,632388.0,152.0,24.035876708602945,20.36670122044925,28.17514537793091
autismo_F840,records,2021,MUJER,15-19,610954.0,51.0,8.347600637691217,6.215336971079781,10.975553212943002
autismo_F840,records,2021,MUJER,20-24,697050.0,6.0,0.8607703894986013,0.3158875623686752,1.8735347568350456
autismo_F840,records,2021,MUJER,25-29,802756.0,10.0,1.2457085341000254,0.5973656623098965,2.2909023466679512
autismo_F840,records,2021,MUJER,30-34,817367.0,4.0,0.4893762532619986,0.13333855827630978,1.2529975733548937
autismo_F840,records,2021,MUJER,35-39,722171.0,3.0,0.4154140778292122,0.08566836980377242,1.214016219114631
autismo_F840,records,2021,MUJER,40-44,678365.0,1.0,0.1474132657197821,0.0037321807558305447,0.8213341476843437
autismo_F840,records,2021,MUJER,45-49,651942.0,1.0,0.15338787806277246,0.003883444843910942,0.8546225570585877
autismo_F840,records,2021,MUJER,5-9,627814.0,107.0,17.04326440633691,13.967366480683099,20.595040454801
autismo_F840,records,2021,MUJER,50-54,622931.0,2.0,0.32106284644687777,0.03888220020258503,1.1597893936445547
autismo_F840,records,2021,MUJER,55-59,601133.0,0.0,0.0,0.0,0.6136544581837855
autismo_F840,records,2021,MUJER,60-64,530360.0,0.0,0.0,0.0,0.6955425473478271
autismo_F840,records,2021,MUJER,65-69,450783.0,0.0,0.0,0.0,0.8183271006479693
autismo_F840,records,2021,MUJER,70-74,336455.0,0.0,0.0,0.0,1.0963960868805442
autismo_F840,records,2021,MUJER,75-79,246241.0,0.0,0.0,0.0,1.4980768653936327
autismo_F840,records,2021,MUJER,80+,362878.0,0.0,0.0,0.0,1.0165618897023063
autismo_F840,records,2022,HOMBRE,0-4,599782.0,588.0,98.03561960845774,90.27071926018641,106.28977720846407
autismo_F840,records,2022,HOMBRE,10-14,660773.0,515.0,77.93901990547434,71.3521790566826,84.97037211446765
autismo_F840,records,2022,HOMBRE,15-19,626479.0,229.0,36.55349979807783,31.97211265640834,41.607117396830496
autismo_F840,records,2022,HOMBRE,20-24,700037.0,62.0,8.856674718622015,6.790361721762219,11.353857278364751
autismo_F840,records,2022,HOMBRE,25-29,808991.0,41.0,5.068041548051832,3.636914115046432,6.875370624115091
autismo_F840,records,2022,HOMBRE,30-34,860590.0,25.0,2.904983790190451,1.8799523405837073,4.2883291343764585
autismo_F840,records,2022,HOMBRE,35-39,750870.0,17.0,2.2640403798260684,1.3188869537479582,3.624947969143342
autismo_F840,records,2022,HOMBRE,40-44,693436.0,9.0,1.2978847362986634,0.5934755474734992,2.4637895135844063
autismo_F840,records,2022,HOMBRE,45-49,655076.0,5.0,0.7632702159749403,0.2478317615236126,1.7812180692503878
autismo_F840,records,2022,HOMBRE,5-9,643572.0,807.0,125.39389532173557,116.89056740306616,134.3522814470973
autismo_F840,records,2022,HOMBRE,50-54,602705.0,1.0,0.1659186500858629,0.004200696523886458,0.9244395501844017
autismo_F840,records,2022,HOMBRE,55-59,575473.0,0.0,0.0,0.0,0.6410169467749026
autismo_F840,records,2022,HOMBRE,60-64,495545.0,2.0,0.4035960407228405,0.04887735292333995,1.4579276690762615
autismo_F840,records,2022,HOMBRE,65-69,406952.0,0.0,0.0,0.0,0.9064654932556998
autismo_F840,records,2022,HOMBRE,70-74,294260.0,0.0,0.0,0.0,1.253612266061964
autismo_F840,records,2022,HOMBRE,75-79,194048.0,1.0,0.5153364116094987,0.013047188316442259,2.871270711854231
autismo_F840,records,2022,HOMBRE,80+,214389.0,0.0,0.0,0.0,1.720647726382387
autismo_F840,records,2022,MUJER,0-4,577504.0,193.0,33.41968194159694,28.870877911153485,38.48174337872245
autismo_F840,records,2022,MUJER,10-14,637702.0,237.0,37.16469448112127,32.583363988012565,42.20977522719797
autismo_F840,records,2022,MUJER,15-19,605608.0,112.0,18.493811178187872,15.227746914267712,22.252860479408362
autismo_F840,records,2022,MUJER,20-24,678709.0,23.0,3.3887866523060692,2.1482000440608093,5.084843857210237
autismo_F840,records,2022,MUJER,25-29,785739.0,13.0,1.6544934132071847,0.8809480617614502,2.829234124583211
autismo_F840,records,2022,MUJER,30-34,835861.0,7.0,0.8374598168834292,0.3367022808241879,1.7254872953400597
autismo_F840,records,2022,MUJER,35-39,732919.0,5.0,0.6822036268673619,0.22150966070171746,1.5920356928013424
autismo_F840,records,2022,MUJER,40-44,686173.0,1.0,0.14573584212727694,0.003689712067407181,0.8119881416113572
autismo_F840,records,2022,MUJER,45-49,661003.0,4.0,0.6051409751544244,0.16488054874581884,1.5494012395410752
autismo_F840,records,2022,MUJER,5-9,620033.0,159.0,25.64379637857985,21.81273229532283,29.9540427593453
autismo_F840,records,2022,MUJER,50-54,622004.0,0.0,0.0,0.0,0.5930636224387521
autismo_F840,records,2022,MUJER,55-59,608970.0,2.0,0.32842340345173,0.039773597803498525,1.1863782563548222
autismo_F840,records,2022,MUJER,60-64,542388.0,0.0,0.0,0.0,0.6801181910576811
autismo_F840,records,2022,MUJER,65-69,464538.0,2.0,0.4305352845192428,0.05213982032556324,1.5552414802930998
autismo_F840,records,2022,MUJER,70-74,354224.0,0.0,0.0,0.0,1.0413973796563574
autismo_F840,records,2022,MUJER,75-79,256314.0,1.0,0.39014646098145245,0.009877653184878654,2.1737569508255103
autismo_F840,records,2022,MUJER,80+,375896.0,0.0,0.0,0.0,0.9813564002048267
autismo_F840,records,2023,HOMBRE,0-4,601871.0,918.0,152.5243781474768,142.81611096968888,162.71887842951938
autismo_F840,records,2023,HOMBRE,10-14,660567.0,794.0,120.19976777525974,111.98338581027181,128.8595423905378
autismo_F840,records,2023,HOMBRE,15-19,628233.0,456.0,72.58453471880655,66.07447796041993,79.56255206245946
autismo_F840,records,2023,HOMBRE,20-24,680267.0,117.0,17.199129165460032,14.224148421014053,20.61270489420426
autismo_F840,records,2023,HOMBRE,25-29,789133.0,53.0,6.716231611147931,5.0309183537321935,8.784996309773415
autismo_F840,records,2023,HOMBRE,30-34,866894.0,45.0,5.190946067223905,3.786311681501367,6.945894249695904
autismo_F840,records,2023,HOMBRE,35-39,767066.0,20.0,2.607337569387771,1.592629524109261,4.026821408154526
autismo_F840,records,2023,HOMBRE,40-44,704660.0,13.0,1.8448613515738086,0.9823109713909972,3.1547690968919584
autismo_F840,records,2023,HOMBRE,45-49,662549.0,6.0,0.9055933976204024,0.3323368163699365,1.9710955751980133
autismo_F840,records,2023,HOMBRE,5-9,633429.0,1346.0,212.4942179786527,201.2924699877394,224.15709307557427
autismo_F840,records,2023,HOMBRE,50-54,605734.0,4.0,0.6603558657760668,0.17992474809509204,1.6907732891671416
autismo_F840,records,2023,HOMBRE,55-59,581931.0,1.0,0.17184167882446544,0.004350654628175827,0.9574405541101777
autismo_F840,records,2023,HOMBRE,60-64,508419.0,4.0,0.7867526587322661,0.21436362009018642,2.014399280004031
autismo_F840,records,2023,HOMBRE,65-69,419254.0,1.0,0.238518893081521,0.0060387755356633155,1.328942214251718
autismo_F840,records,2023,HOMBRE,70-74,310192.0,2.0,0.644761953886625,0.07808366384173833,2.3291018684311524
autismo_F840,records,2023,HOMBRE,75-79,204017.0,0.0,0.0,0.0,1.8081235652489427
autismo_F840,records,2023,HOMBRE,80+,224250.0,0.0,0.0,0.0,1.6449852638189233
autismo_F840,records,2023,MUJER,0-4,579455.0,304.0,52.46309031762605,46.73074614594268,58.70453940526654
autismo_F840,records,2023,MUJER,10-14,637437.0,481.0,75.45843746127068,68.86476353639576,82.51312809301406
autismo_F840,records,2023,MUJER,15-19,607126.0,251.0,41.3423243280637,36.38553734109228,46.785926159574245
autismo_F840,records,2023,MUJER,20-24,659586.0,66.0,10.006276664453157,7.738853647385069,12.730437341378803
autismo_F840,records,2023,MUJER,25-29,766871.0,41.0,5.346401154822649,3.83666977476724,7.252996862019156
autismo_F840,records,2023,MUJER,30-34,842620.0,25.0,2.9669364600887707,1.9200448420200478,4.379783496419544
autismo_F840,records,2023,MUJER,35-39,747993.0,11.0,1.470601997612277,0.7341192186607146,2.631313195885784
autismo_F840,records,2023,MUJER,40-44,695661.0,3.0,0.4312445285850436,0.08893298932894059,1.2602795139791254
autismo_F840,records,2023,MUJER,45-49,666775.0,8.0,1.1998050316823516,0.5179906530311577,2.3640942177186175
autismo_F840,records,2023,MUJER,5-9,610108.0,346.0,56.711270791400864,50.89242523387435,63.01307540800619
autismo_F840,records,2023,MUJER,50-54,623409.0,2.0,0.32081667091748756,0.03885238720390065,1.1589001229889142
autismo_F840,records,2023,MUJER,55-59,614189.0,2.0,0.3256326635612165,0.03943562625575596,1.1762971443194132
autismo_F840,records,2023,MUJER,60-64,554778.0,2.0,0.36050456218523447,0.043658774959346794,1.3022664322889446
autismo_F840,records,2023,MUJER,65-69,477077.0,0.0,0.0,0.0,0.7732251720611003
autismo_F840,records,2023,MUJER,70-74,372694.0,0.0,0.0,0.0,0.9897877223979821
autismo_F840,records,2023,MUJER,75-79,267102.0,0.0,0.0,0.0,1.3810751900449774
autismo_F840,records,2023,MUJER,80+,389542.0,1.0,0.25671172813201143,0.006499378240161491,1.4303062034232248
autismo_F840,records,2024,HOMBRE,0-4,603305.0,885.0,146.69197172242895,137.18533500771176,156.68378387951685
autismo_F840,records,2024,HOMBRE,10-14,657714.0,1195.0,181.68991385313373,171.53329888211476,192.2908764943511
autismo_F840,records,2024,HOMBRE,15-19,635804.0,555.0,87.29105195940888,80.17889741601071,94.86492840094355
autismo_F840,records,2024,HOMBRE,20-24,661712.0,163.0,24.633072998525037,20.996603006902966,28.71840182081201
autismo_F840,records,2024,HOMBRE,25-29,767831.0,80.0,10.418959380384486,8.261586806340242,12.967296835819141
autismo_F840,records,2024,HOMBRE,30-34,861519.0,40.0,4.642962024052864,3.317000140657254,6.32239648388301
autismo_F840,records,2024,HOMBRE,35-39,790820.0,28.0,3.5406287144988746,2.3527220677091543,5.1171942974720155
autismo_F840,records,2024,HOMBRE,40-44,715861.0,14.0,1.955686928048881,1.069192242111331,3.281310355199624
autismo_F840,records,2024,HOMBRE,45-49,667483.0,13.0,1.9476151452546357,1.0370230389393889,3.3304812134779276
autismo_F840,records,2024,HOMBRE,5-9,622349.0,1921.0,308.6692514971503,295.01892983093165,322.7882157098952
autismo_F840,records,2024,HOMBRE,50-54,612505.0,7.0,1.1428478134872369,0.4594840942555351,2.3547032859654005
autismo_F840,records,2024,HOMBRE,55-59,585699.0,4.0,0.6829446524580032,0.18607943220431056,1.7486095546353493
autismo_F840,records,2024,HOMBRE,60-64,521387.0,3.0,0.5753883391799182,0.11865890842993809,1.6815288969119528
autismo_F840,records,2024,HOMBRE,65-69,430924.0,2.0,0.46411896297258914,0.056206959590082005,1.676557274072449
autismo_F840,records,2024,HOMBRE,70-74,326872.0,0.0,0.0,0.0,1.12853944483282
autismo_F840,records,2024,HOMBRE,75-79,213855.0,1.0,0.4676065558439129,0.011838772993051309,2.6053369764274383
autismo_F840,records,2024,HOMBRE,80+,234860.0,0.0,0.0,0.0,1.5706716572059676
autismo_F840,records,2024,MUJER,0-4,580776.0,275.0,47.350441478298,41.91890529431124,53.29041312432225
autismo_F840,records,2024,MUJER,10-14,634559.0,767.0,120.87134529649725,112.4674821426447,129.73686858799147
autismo_F840,records,2024,MUJER,15-19,614278.0,468.0,76.18700327864582,69.43996838333865,83.41253470541929
autismo_F840,records,2024,MUJER,20-24,641616.0,125.0,19.482057804044786,16.21669332942137,23.21199236723096
autismo_F840,records,2024,MUJER,25-29,746460.0,70.0,9.377595584492136,7.310295810618853,11.848027869147568
autismo_F840,records,2024,MUJER,30-34,838059.0,39.0,4.6536103066729195,3.3091718470222835,6.361638484382704
autismo_F840,records,2024,MUJER,35-39,770683.0,27.0,3.5033859576505515,2.3087534215448864,5.097242633503287
autismo_F840,records,2024,MUJER,40-44,705304.0,19.0,2.693873847305559,1.6218880318794067,4.206817708617219
autismo_F840,records,2024,MUJER,45-49,669888.0,6.0,0.8956721123531097,0.32869587953372065,1.949501113994979
autismo_F840,records,2024,MUJER,5-9,599322.0,508.0,84.76244823317015,77.55084923247517,92.46418502785554
autismo_F840,records,2024,MUJER,50-54,628569.0,4.0,0.6363660950508218,0.1733883429864223,1.6293499481208418
autismo_F840,records,2024,MUJER,55-59,616599.0,0.0,0.0,0.0,0.5982623153968682
autismo_F840,records,2024,MUJER,60-64,567088.0,2.0,0.3526789492988742,0.042711056933661964,1.2739976278327103
autismo_F840,records,2024,MUJER,65-69,488891.0,0.0,0.0,0.0,0.7545402664630634
autismo_F840,records,2024,MUJER,70-74,392267.0,0.0,0.0,0.0,0.9404001494170897
autismo_F840,records,2024,MUJER,75-79,277579.0,1.0,0.36025780048202494,0.00912093781744652,2.007227993089858
autismo_F840,records,2024,MUJER,80+,403939.0,5.0,1.2378106595302756,0.4019137518581817,2.8886371653449334
autismo_F840,records,2019,TOTAL,0-4,1202176.0,316.0,26.285668654173765,23.467073271343793,29.34956714180467
autismo_F840,records,2019,TOTAL,10-14,1236524.0,335.0,27.09207423390084,24.268280119152223,30.154231347861266
autismo_F840,records,2019,TOTAL,15-19,1272967.0,143.0,11.233598357223714,9.467902555380832,13.233016763241844
autismo_F840,records,2019,TOTAL,20-24,1446985.0,36.0,2.4879318030249102,1.7425168482959552,3.4443463124521814
autismo_F840,records,2019,TOTAL,25-29,1627783.0,28.0,1.72013100026232,1.1430145575827695,2.4860682255109063
autismo_F840,records,2019,TOTAL,30-34,1515386.0,20.0,1.319795748409976,0.8061655304591665,2.0383174915615294
autismo_F840,records,2019,TOTAL,35-39,1396728.0,9.0,0.6443631115005928,0.2946438460013928,1.223201901259169
autismo_F840,records,2019,TOTAL,40-44,1328559.0,5.0,0.37634760669266476,0.12219904348383628,0.8782697704296664
autismo_F840,records,2019,TOTAL,45-49,1243929.0,2.0,0.16078088058080486,0.019471310544570065,0.5807958225689698
autismo_F840,records,2019,TOTAL,5-9,1275472.0,496.0,38.8875647603397,35.54011873535244,42.46535841038748
autismo_F840,records,2019,TOTAL,50-54,1218076.0,2.0,0.1641933672447368,0.019884578511025992,0.5931228977275605
autismo_F840,records,2019,TOTAL,55-59,1118091.0,5.0,0.44719079216271307,0.14520163297248798,1.0435941331539804
autismo_F840,records,2019,TOTAL,60-64,964318.0,1.0,0.10370023166631755,0.002625462553254204,0.5777807104024708
autismo_F840,records,2019,TOTAL,65-69,777714.0,1.0,0.1285819722931566,0.00325541368475942,0.7164128961210545
autismo_F840,records,2019,TOTAL,70-74,557691.0,0.0,0.0,0.0,0.6614557979443698
autismo_F840,records,2019,TOTAL,75-79,398309.0,0.0,0.0,0.0,0.9261350996623062
autismo_F840,records,2019,TOTAL,80+,526508.0,0.0,0.0,0.0,0.7006312257580009
autismo_F840,records,2020,TOTAL,0-4,1190382.0,211.0,17.725402433840564,15.414256545497485,20.285298193150936
autismo_F840,records,2020,TOTAL,10-14,1265269.0,302.0,23.86844220478017,21.2521031712929,26.717950345620014
autismo_F840,records,2020,TOTAL,15-19,1260062.0,141.0,11.189925575090749,9.419206917780308,13.196805255872137
autismo_F840,records,2020,TOTAL,20-24,1443181.0,31.0,2.148032713845318,1.4594840133802935,3.04896097601401
autismo_F840,records,2020,TOTAL,25-29,1649147.0,21.0,1.273385574481838,0.7882457406208293,1.9465051165810812
autismo_F840,records,2020,TOTAL,30-34,1596211.0,18.0,1.1276704646190259,0.6683289853534106,1.7822055021252192
autismo_F840,records,2020,TOTAL,35-39,1435240.0,8.0,0.5573980658287115,0.24064492187707293,1.0982963978284686
autismo_F840,records,2020,TOTAL,40-44,1347007.0,6.0,0.4454319836496767,0.16346568751987559,0.9695179032119866
autismo_F840,records,2020,TOTAL,45-49,1271513.0,2.0,0.1572929258293073,0.019048903042592956,0.568196130729608
autismo_F840,records,2020,TOTAL,5-9,1282387.0,340.0,26.513057290817827,23.769448902438636,29.486473614384042
autismo_F840,records,2020,TOTAL,50-54,1224425.0,1.0,0.08167098842313739,0.002067730402784154,0.4550416228792207
autismo_F840,records,2020,TOTAL,55-59,1145476.0,0.0,0.0,0.0,0.32203899986677464
autismo_F840,records,2020,TOTAL,60-64,989394.0,1.0,0.10107196930646437,0.0025589207114951047,0.5631369697955413
autismo_F840,records,2020,TOTAL,65-69,814608.0,1.0,0.12275843104904445,0.0031079743857523956,0.6839662010364369
autismo_F840,records,2020,TOTAL,70-74,583389.0,1.0,0.17141221380588254,0.004339781515299376,0.9550477281777507
autismo_F840,records,2020,TOTAL,75-79,413785.0,0.0,0.0,0.0,0.8914966598871238
autismo_F840,records,2020,TOTAL,80+,546834.0,0.0,0.0,0.0,0.6745885321896472
autismo_F840,records,2021,TOTAL,0-4,1178895.0,394.0,33.42112741168637,30.20213543866549,36.8897862991047
autismo_F840,records,2021,TOTAL,10-14,1287620.0,500.0,38.83133222534599,35.501823278578264,42.38900207865452
autismo_F840,records,2021,TOTAL,15-19,1242805.0,192.0,15.448924006581885,13.340881093819037,17.795480715234532
autismo_F840,records,2021,TOTAL,20-24,1416129.0,55.0,3.883826967740933,2.925829989459892,5.055334646487669
autismo_F840,records,2021,TOTAL,25-29,1629871.0,53.0,3.251791092669297,2.4358146707535426,4.253422812554137
autismo_F840,records,2021,TOTAL,30-34,1659478.0,23.0,1.3859780003109412,0.8785911616209843,2.079647509327212
autismo_F840,records,2021,TOTAL,35-39,1461105.0,18.0,1.2319443161169115,0.7301282782825004,1.947003142657645
autismo_F840,records,2021,TOTAL,40-44,1362172.0,3.0,0.22023650464111727,0.04541806195514233,0.6436245253714159
autismo_F840,records,2021,TOTAL,45-49,1296281.0,5.0,0.38571883719656463,0.1252418565201851,0.9001390963319428
autismo_F840,records,2021,TOTAL,5-9,1279150.0,590.0,46.12437947074229,42.47717271864006,50.00098928073406
autismo_F840,records,2021,TOTAL,50-54,1225010.0,7.0,0.5714239067436184,0.22974204712776755,1.1773516429827002
autismo_F840,records,2021,TOTAL,55-59,1167604.0,0.0,0.0,0.0,0.31593583561840616
autismo_F840,records,2021,TOTAL,60-64,1013544.0,1.0,0.09866369886260488,0.0024979485828232296,0.5497189456934182
autismo_F840,records,2021,TOTAL,65-69,844335.0,3.0,0.35530920783812114,0.07327330063252162,1.0383642831035458
autismo_F840,records,2021,TOTAL,70-74,615340.0,2.0,0.3250235642084051,0.03936186149835294,1.1740968680280757
autismo_F840,records,2021,TOTAL,75-79,430954.0,0.0,0.0,0.0,0.8559798619142497
autismo_F840,records,2021,TOTAL,80+,568070.0,1.0,0.176034643617864,0.00445681130569998,0.9808022586897562
autismo_F840,records,2022,TOTAL,0-4,1177286.0,781.0,66.33902042494347,61.76743157957048,71.15941803462731
autismo_F840,records,2022,TOTAL,10-14,1298475.0,752.0,57.914091530449184,53.84824405883303,62.20557702778076
autismo_F840,records,2022,TOTAL,15-19,1232087.0,341.0,27.676616992144222,24.816689215990724,30.77572839621467
autismo_F840,records,2022,TOTAL,20-24,1378746.0,85.0,6.165022418922702,4.924400941492812,7.62314569318054
autismo_F840,records,2022,TOTAL,25-29,1594730.0,54.0,3.38615314191117,2.5437824567509706,4.418195330476677
autismo_F840,records,2022,TOTAL,30-34,1696451.0,32.0,1.8862908507230682,1.290221545525604,2.662879863869954
autismo_F840,records,2022,TOTAL,35-39,1483789.0,22.0,1.482690598191522,0.9291943040573565,2.244811384039458
autismo_F840,records,2022,TOTAL,40-44,1379609.0,10.0,0.7248430533578717,0.3475904184542456,1.333012182583455
autismo_F840,records,2022,TOTAL,45-49,1316079.0,9.0,0.6838495257503538,0.3126995489919932,1.2981594153101117
autismo_F840,records,2022,TOTAL,5-9,1263605.0,966.0,76.44794061435337,71.70246034020637,81.42495606096216
autismo_F840,records,2022,TOTAL,50-54,1224709.0,1.0,0.08165204958892276,0.0020672509130160613,0.45493610244873667
autismo_F840,records,2022,TOTAL,55-59,1184443.0,2.0,0.16885574063082817,0.02044921355809988,0.6099649934799699
autismo_F840,records,2022,TOTAL,60-64,1037933.0,2.0,0.19269066500438853,0.023335733476434892,0.6960649355713674
autismo_F840,records,2022,TOTAL,65-69,871490.0,2.0,0.22949201941502484,0.027792548227055385,0.8290040812543988
autismo_F840,records,2022,TOTAL,70-74,648484.0,0.0,0.0,0.0,0.5688466414150443
autismo_F840,records,2022,TOTAL,75-79,450362.0,2.0,0.44408720096278104,0.05378102027790199,1.6041956620949283
autismo_F840,records,2022,TOTAL,80+,590285.0,0.0,0.0,0.0,0.6249319318827237
autismo_F840,records,2023,TOTAL,0-4,1181326.0,1222.0,103.44308006426677,97.72385659004384,109.40967171195251
autismo_F840,records,2023,TOTAL,10-14,1298004.0,1275.0,98.22774043839618,92.90935945203707,103.77120860184978
autismo_F840,records,2023,TOTAL,15-19,1235359.0,707.0,57.23032737851912,53.088949473190844,61.60896108018622
autismo_F840,records,2023,TOTAL,20-24,1339853.0,183.0,13.658214744453309,11.750958992133182,15.786833611213023
autismo_F840,records,2023,TOTAL,25-29,1556004.0,94.0,6.041115575538366,4.881836319128371,7.392795502378673
autismo_F840,records,2023,TOTAL,30-34,1709514.0,70.0,4.094731017119486,3.1920437099635035,5.173446302986635
autismo_F840,records,2023,TOTAL,35-39,1515059.0,31.0,2.046124936388616,1.3902426228379128,2.9043110204453257
autismo_F840,records,2023,TOTAL,40-44,1400321.0,16.0,1.1425951621092592,0.653091859198107,1.8555029595043522
autismo_F840,records,2023,TOTAL,45-49,1329324.0,14.0,1.053166872786469,0.5757761295440837,1.7670350585587546
autismo_F840,records,2023,TOTAL,5-9,1243537.0,1692.0,136.06350273453864,129.6567996031674,142.7048629194677
autismo_F840,records,2023,TOTAL,50-54,1229143.0,6.0,0.4881449920798475,0.1791406088218255,1.0624861405482262
autismo_F840,records,2023,TOTAL,55-59,1196120.0,3.0,0.25081095542253284,0.05172324874557748,0.7329760450241048
autismo_F840,records,2023,TOTAL,60-64,1063197.0,6.0,0.5643356781480761,0.2071012477923518,1.2283211881258775
autismo_F840,records,2023,TOTAL,65-69,896331.0,1.0,0.11156592821178783,0.002824604748055113,0.6216055665751712
autismo_F840,records,2023,TOTAL,70-74,682886.0,2.0,0.2928746525774434,0.03546847915229848,1.0579639453325973
autismo_F840,records,2023,TOTAL,75-79,471119.0,0.0,0.0,0.0,0.783003753640574
autismo_F840,records,2023,TOTAL,80+,613792.0,1.0,0.16292164120744487,0.004124818828575458,0.9077412854743786
autismo_F840,records,2024,TOTAL,0-4,1184081.0,1160.0,97.96627088856252,92.40906444791332,103.77033187033778
autismo_F840,records,2024,TOTAL,10-14,1292273.0,1962.0,151.82550436324215,145.1810442346168,158.69564117853866
autismo_F840,records,2024,TOTAL,15-19,1250082.0,1023.0,81.83463164816388,76.89609530748022,87.00713722477343
autismo_F840,records,2024,TOTAL,20-24,1303328.0,288.0,22.097277124407672,19.61864935742081,24.802367198742065
autismo_F840,records,2024,TOTAL,25-29,1514291.0,150.0,9.905625801117486,8.383868179976297,11.623734546205087
autismo_F840,records,2024,TOTAL,30-34,1699578.0,79.0,4.648212673969656,3.680033747176938,5.793059875138165
autismo_F840,records,2024,TOTAL,35-39,1561503.0,55.0,3.522247475669275,2.6534388324222546,4.584689236969725
autismo_F840,records,2024,TOTAL,40-44,1421165.0,33.0,2.3220386091692378,1.5983845347112995,3.2610055320226223
autismo_F840,records,2024,TOTAL,45-49,1337371.0,19.0,1.4206977719720257,0.8553528650140261,2.2185955558768353
autismo_F840,records,2024,TOTAL,5-9,1221671.0,2429.0,198.8260341777778,190.99692240971842,206.89368254939836
autismo_F840,records,2024,TOTAL,50-54,1241074.0,11.0,0.8863290988289175,0.442452292710736,1.5858875871464517
autismo_F840,records,2024,TOTAL,55-59,1202298.0,4.0,0.33269622007189564,0.09064852254818064,0.8518344599594854
autismo_F840,records,2024,TOTAL,60-64,1088475.0,5.0,0.45935827648774663,0.14915238201322223,1.0719889826888693
autismo_F840,records,2024,TOTAL,65-69,919815.0,2.0,0.21743502769578665,0.026332390594191762,0.7854500815624839
autismo_F840,records,2024,TOTAL,70-74,719139.0,0.0,0.0,0.0,0.5129577806396171
autismo_F840,records,2024,TOTAL,75-79,491434.0,2.0,0.4069722485623705,0.049286227355853474,1.4701236926472243
autismo_F840,records,2024,TOTAL,80+,638799.0,5.0,0.7827188207871334,0.25414667056749,1.8266046251360242
autismo_F840,persons,2019,HOMBRE,0-4,612613.0,217.0,35.422036424300494,30.865559324521904,40.461714895794856
autismo_F840,persons,2019,HOMBRE,10-14,629243.0,195.0,30.989617683470456,26.792462892800494,35.65777135880096
autismo_F840,persons,2019,HOMBRE,15-19,647322.0,94.0,14.521366491483374,11.734742276500754,17.770474930379663
autismo_F840,persons,2019,HOMBRE,20-24,735379.0,23.0,3.1276389453601476,1.982654799368037,4.692994074461336
autismo_F840,persons,2019,HOMBRE,25-29,827193.0,22.0,2.6595969743457695,1.66675526415596,4.026661781123055
autismo_F840,persons,2019,HOMBRE,30-34,769391.0,12.0,1.5596751196725722,0.8059068937279248,2.72443855571185
autismo_F840,persons,2019,HOMBRE,35-39,705386.0,7.0,0.9923644642791323,0.398981983129785,2.044650072683946
autismo_F840,persons,2019,HOMBRE,40-44,665145.0,4.0,0.6013726330349022,0.1638538023478076,1.539752787046989
autismo_F840,persons,2019,HOMBRE,45-49,616547.0,2.0,0.3243872729897315,0.03928480367984354,1.1717983653677595
autismo_F840,persons,2019,HOMBRE,5-9,649322.0,348.0,53.59436458336542,48.11072408346228,59.531774202420834
autismo_F840,persons,2019,HOMBRE,50-54,597164.0,1.0,0.16745818569103296,0.0042396741907231306,0.9330172935640625
autismo_F840,persons,2019,HOMBRE,55-59,540699.0,2.0,0.3698915662873429,0.044795584704977257,1.336175518675633
autismo_F840,persons,2019,HOMBRE,60-64,458457.0,1.0,0.2181229646400862,0.005522395335721753,1.2153033743489352
autismo_F840,persons,2019,HOMBRE,65-69,361643.0,0.0,0.0,0.0,1.0200334180708421
autismo_F840,persons,2019,HOMBRE,70-74,251433.0,0.0,0.0,0.0,1.4671421229965578
autismo_F840,persons,2019,HOMBRE,75-79,168861.0,0.0,0.0,0.0,2.184565680716054
autismo_F840,persons,2019,HOMBRE,80+,188341.0,0.0,0.0,0.0,1.9586173239570435
autismo_F840,persons,2019,MUJER,0-4,589563.0,61.0,10.346646583995264,7.914364802571147,13.29070038568161
autismo_F840,persons,2019,MUJER,10-14,607281.0,79.0,13.008804820173857,10.299193282779283,16.212852232273978
autismo_F840,persons,2019,MUJER,15-19,625645.0,26.0,4.155711305932278,2.714648597143163,6.089079922819649
autismo_F840,persons,2019,MUJER,20-24,711606.0,10.0,1.405272018504622,0.6738825552528271,2.5843452756184995
autismo_F840,persons,2019,MUJER,25-29,800590.0,3.0,0.3747236413145305,0.07727702355707683,1.0951014963642218
autismo_F840,persons,2019,MUJER,30-34,745995.0,5.0,0.670245779127206,0.21762698008946715,1.564130065124119
autismo_F840,persons,2019,MUJER,35-39,691342.0,1.0,0.1446462098353637,0.003662124966267039,0.8059170990535651
autismo_F840,persons,2019,MUJER,40-44,663414.0,1.0,0.1507354382029924,0.003816290880851154,0.8398441080439814
autismo_F840,persons,2019,MUJER,45-49,627382.0,0.0,0.0,0.0,0.5879798040291139
autismo_F840,persons,2019,MUJER,5-9,626150.0,71.0,11.339135989778807,8.85595928363795,14.302777147185276
autismo_F840,persons,2019,MUJER,50-54,620912.0,1.0,0.16105341819774782,0.0040775195171441165,0.8973322130896001
autismo_F840,persons,2019,MUJER,55-59,577392.0,2.0,0.34638512483719897,0.04194884559258961,1.251262169847168
autismo_F840,persons,2019,MUJER,60-64,505861.0,0.0,0.0,0.0,0.7292278815947336
autismo_F840,persons,2019,MUJER,65-69,416071.0,1.0,0.24034359520370321,0.006084972993621251,1.339108803771207
autismo_F840,persons,2019,MUJER,70-74,306258.0,0.0,0.0,0.0,1.2045006021439228
autismo_F840,persons,2019,MUJER,75-79,229448.0,0.0,0.0,0.0,1.6077191582031376
autismo_F840,persons,2019,MUJER,80+,338167.0,0.0,0.0,0.0,1.0908454858439574
autismo_F840,persons,2020,HOMBRE,0-4,606528.0,134.0,22.092961907776722,18.51081119428735,26.166078512642475
autismo_F840,persons,2020,HOMBRE,10-14,643850.0,189.0,29.35466335326551,25.31866693872451,33.85114090503985
autismo_F840,persons,2020,HOMBRE,15-19,640628.0,74.0,11.551165418932673,9.070149328992953,14.501430393597632
autismo_F840,persons,2020,HOMBRE,20-24,733010.0,21.0,2.864899523880984,1.77341795938339,4.379303247560525
autismo_F840,persons,2020,HOMBRE,25-29,837355.0,13.0,1.5525075983304573,0.8266449105819874,2.654835275141233
autismo_F840,persons,2020,HOMBRE,30-34,810229.0,14.0,1.7279065548135157,0.944662592464673,2.899133593321836
autismo_F840,persons,2020,HOMBRE,35-39,725354.0,3.0,0.41359115686961123,0.08529243967712336,1.2086888705021719
autismo_F840,persons,2020,HOMBRE,40-44,675288.0,3.0,0.4442548956889505,0.09161603980754898,1.2983013276916402
autismo_F840,persons,2020,HOMBRE,45-49,631153.0,2.0,0.31688037607363034,0.038375683636767154,1.144680872581444
autismo_F840,persons,2020,HOMBRE,5-9,652864.0,228.0,34.92304676012156,30.53674655866958,39.76251386888945
autismo_F840,persons,2020,HOMBRE,50-54,601037.0,1.0,0.16637910810815307,0.004212354311679626,0.9270050580810996
autismo_F840,persons,2020,HOMBRE,55-59,554862.0,0.0,0.0,0.0,0.6648282733569671
autismo_F840,persons,2020,HOMBRE,60-64,471032.0,0.0,0.0,0.0,0.7831483750815094
autismo_F840,persons,2020,HOMBRE,65-69,378921.0,1.0,0.2639072524352042,0.006681553142816016,1.4703970988514488
autismo_F840,persons,2020,HOMBRE,70-74,264075.0,0.0,0.0,0.0,1.3969059752395854
autismo_F840,persons,2020,HOMBRE,75-79,176396.0,0.0,0.0,0.0,2.0912489252102855
autismo_F840,persons,2020,HOMBRE,80+,196519.0,0.0,0.0,0.0,1.8771108412489048
autismo_F840,persons,2020,MUJER,0-4,583854.0,42.0,7.1935792167219885,5.184499161173461,9.723629328306503
autismo_F840,persons,2020,MUJER,10-14,621419.0,56.0,9.011633052738974,6.807290762372926,11.702355094965705
autismo_F840,persons,2020,MUJER,15-19,619434.0,28.0,4.520255588165971,3.0036770109257054,6.533027884047081
autismo_F840,persons,2020,MUJER,20-24,710171.0,4.0,0.5632446269982864,0.15346520396162683,1.4421299483369068
autismo_F840,persons,2020,MUJER,25-29,811792.0,6.0,0.7391055836963163,0.2712387229106533,1.608721695030092
autismo_F840,persons,2020,MUJER,30-34,785982.0,4.0,0.5089175070167001,0.13866289223243342,1.303030944144229
autismo_F840,persons,2020,MUJER,35-39,709886.0,4.0,0.5634707544591667,0.1535268160840367,1.4427089244475442
autismo_F840,persons,2020,MUJER,40-44,671719.0,2.0,0.29774355050251666,0.03605812527916658,1.0755520787299393
autismo_F840,persons,2020,MUJER,45-49,640360.0,0.0,0.0,0.0,0.5760633790545842
autismo_F840,persons,2020,MUJER,5-9,629523.0,59.0,9.372175440770233,7.134534183610994,12.089423478185193
autismo_F840,persons,2020,MUJER,50-54,623388.0,0.0,0.0,0.0,0.5917469463823389
autismo_F840,persons,2020,MUJER,55-59,590614.0,0.0,0.0,0.0,0.6245838151675943
autismo_F840,persons,2020,MUJER,60-64,518362.0,1.0,0.19291537574127735,0.004884194440234793,1.074855678259382
autismo_F840,persons,2020,MUJER,65-69,435687.0,0.0,0.0,0.0,0.8466810931044386
autismo_F840,persons,2020,MUJER,70-74,319314.0,1.0,0.31317136110536964,0.007928812386644455,1.7448791443340719
autismo_F840,persons,2020,MUJER,75-79,237389.0,0.0,0.0,0.0,1.5539386635917989
autismo_F840,persons,2020,MUJER,80+,350315.0,0.0,0.0,0.0,1.053017842260233
autismo_F840,persons,2021,HOMBRE,0-4,600632.0,262.0,43.62071950878408,38.49823515528792,49.235067818230796
autismo_F840,persons,2021,HOMBRE,10-14,655232.0,277.0,42.275102559093575,37.44275762192749,47.55807587854897
autismo_F840,persons,2021,HOMBRE,15-19,631851.0,114.0,18.0422283101554,14.88261348988217,21.67422756093373
autismo_F840,persons,2021,HOMBRE,20-24,719079.0,40.0,5.562671139054262,3.9740538163107204,7.574779261247243
autismo_F840,persons,2021,HOMBRE,25-29,827115.0,34.0,4.110673848255684,2.846761137758627,5.744254679845376
autismo_F840,persons,2021,HOMBRE,30-34,842111.0,17.0,2.018736247359315,1.1759882568458664,3.232192290078934
autismo_F840,persons,2021,HOMBRE,35-39,738934.0,13.0,1.7592910868900336,0.9367484093307117,3.0084413382194994
autismo_F840,persons,2021,HOMBRE,40-44,683807.0,2.0,0.292480188123257,0.03542070767686861,1.0565390040938394
autismo_F840,persons,2021,HOMBRE,45-49,644339.0,4.0,0.6207912294615102,0.1691447163102536,1.5894721063607347
autismo_F840,persons,2021,HOMBRE,5-9,651336.0,418.0,64.17578638367908,58.17025904409764,70.63298444873664
autismo_F840,persons,2021,HOMBRE,50-54,602079.0,4.0,0.6643646431780547,0.18101700501534265,1.7010373514777453
autismo_F840,persons,2021,HOMBRE,55-59,566471.0,0.0,0.0,0.0,0.6512035839635101
autismo_F840,persons,2021,HOMBRE,60-64,483184.0,1.0,0.20696049538064173,0.0052397860823805995,1.153110076272993
autismo_F840,persons,2021,HOMBRE,65-69,393552.0,2.0,0.5081920559417815,0.061544415615716594,1.835764439698937
autismo_F840,persons,2021,HOMBRE,70-74,278885.0,2.0,0.7171414740843,0.08684915952595693,2.590561581915112
autismo_F840,persons,2021,HOMBRE,75-79,184713.0,0.0,0.0,0.0,1.9970870778526337
autismo_F840,persons,2021,HOMBRE,80+,205192.0,1.0,0.4873484346368279,0.012338594089579455,2.7153316849287
autismo_F840,persons,2021,MUJER,0-4,578263.0,81.0,14.007467190534411,11.123950865634729,17.41000274617761
autismo_F840,persons,2021,MUJER,10-14,632388.0,121.0,19.133822906190503,15.876738894909673,22.862476810349687
autismo_F840,persons,2021,MUJER,15-19,610954.0,44.0,7.2018515305571285,5.232876347179056,9.668149530129558
autismo_F840,persons,2021,MUJER,20-24,697050.0,6.0,0.8607703894986013,0.3158875623686752,1.8735347568350456
autismo_F840,persons,2021,MUJER,25-29,802756.0,9.0,1.1211376806900228,0.5126555388409846,2.1282685462854425
autismo_F840,persons,2021,MUJER,30-34,817367.0,4.0,0.4893762532619986,0.13333855827630978,1.2529975733548937
autismo_F840,persons,2021,MUJER,35-39,722171.0,3.0,0.4154140778292122,0.08566836980377242,1.214016219114631
autismo_F840,persons,2021,MUJER,40-44,678365.0,1.0,0.1474132657197821,0.0037321807558305447,0.8213341476843437
autismo_F840,persons,2021,MUJER,45-49,651942.0,1.0,0.15338787806277246,0.003883444843910942,0.8546225570585877
autismo_F840,persons,2021,MUJER,5-9,627814.0,89.0,14.17617319779425,11.384631139533486,17.44500097063086
autismo_F840,persons,2021,MUJER,50-54,622931.0,2.0,0.32106284644687777,0.03888220020258503,1.1597893936445547
autismo_F840,persons,2021,MUJER,55-59,601133.0,0.0,0.0,0.0,0.6136544581837855
autismo_F840,persons,2021,MUJER,60-64,530360.0,0.0,0.0,0.0,0.6955425473478271
autismo_F840,persons,2021,MUJER,65-69,450783.0,0.0,0.0,0.0,0.8183271006479693
autismo_F840,persons,2021,MUJER,70-74,336455.0,0.0,0.0,0.0,1.0963960868805442
autismo_F840,persons,2021,MUJER,75-79,246241.0,0.0,0.0,0.0,1.4980768653936327
autismo_F840,persons,2021,MUJER,80+,362878.0,0.0,0.0,0.0,1.0165618897023063
autismo_F840,persons,2022,HOMBRE,0-4,599782.0,517.0,86.1979852679807,78.92694968051235,93.95872020357079
autismo_F840,persons,2022,HOMBRE,10-14,660773.0,433.0,65.52931188169008,59.5016816805749,72.00203725435689
autismo_F840,persons,2022,HOMBRE,15-19,626479.0,180.0,28.73200857490834,24.687802882866983,33.24973812398933
autismo_F840,persons,2022,HOMBRE,20-24,700037.0,47.0,6.713930835084431,4.933143843406242,8.928104705986536
autismo_F840,persons,2022,HOMBRE,25-29,808991.0,37.0,4.573598470193117,3.2202354002833196,6.30410302981502
autismo_F840,persons,2022,HOMBRE,30-34,860590.0,20.0,2.3239870321523606,1.419551654725705,3.589209484501865
autismo_F840,persons,2022,HOMBRE,35-39,750870.0,14.0,1.8645038422097033,1.0193416005834026,3.1283206309794744
autismo_F840,persons,2022,HOMBRE,40-44,693436.0,9.0,1.2978847362986634,0.5934755474734992,2.4637895135844063
autismo_F840,persons,2022,HOMBRE,45-49,655076.0,5.0,0.7632702159749403,0.2478317615236126,1.7812180692503878
autismo_F840,persons,2022,HOMBRE,5-9,643572.0,678.0,105.34951800264773,97.56783444508079,113.58674220115891
autismo_F840,persons,2022,HOMBRE,50-54,602705.0,1.0,0.1659186500858629,0.004200696523886458,0.9244395501844017
autismo_F840,persons,2022,HOMBRE,55-59,575473.0,0.0,0.0,0.0,0.6410169467749026
autismo_F840,persons,2022,HOMBRE,60-64,495545.0,2.0,0.4035960407228405,0.04887735292333995,1.4579276690762615
autismo_F840,persons,2022,HOMBRE,65-69,406952.0,0.0,0.0,0.0,0.9064654932556998
autismo_F840,persons,2022,HOMBRE,70-74,294260.0,0.0,0.0,0.0,1.253612266061964
autismo_F840,persons,2022,HOMBRE,75-79,194048.0,1.0,0.5153364116094987,0.013047188316442259,2.871270711854231
autismo_F840,persons,2022,HOMBRE,80+,214389.0,0.0,0.0,0.0,1.720647726382387
autismo_F840,persons,2022,MUJER,0-4,577504.0,170.0,29.437025544411814,25.178201529314933,34.209888395019405
autismo_F840,persons,2022,MUJER,10-14,637702.0,198.0,31.048985262708914,26.874602698947275,35.68803717368279
autismo_F840,persons,2022,MUJER,15-19,605608.0,94.0,15.521591524550534,12.543025917605151,18.99449705565849
autismo_F840,persons,2022,MUJER,20-24,678709.0,23.0,3.3887866523060692,2.1482000440608093,5.084843857210237
autismo_F840,persons,2022,MUJER,25-29,785739.0,11.0,1.399955965021464,0.6988529737275151,2.5049079291344776
autismo_F840,persons,2022,MUJER,30-34,835861.0,7.0,0.8374598168834292,0.3367022808241879,1.7254872953400597
autismo_F840,persons,2022,MUJER,35-39,732919.0,5.0,0.6822036268673619,0.22150966070171746,1.5920356928013424
autismo_F840,persons,2022,MUJER,40-44,686173.0,1.0,0.14573584212727694,0.003689712067407181,0.8119881416113572
autismo_F840,persons,2022,MUJER,45-49,661003.0,3.0,0.4538557313658183,0.09359596293747553,1.3263590437172483
autismo_F840,persons,2022,MUJER,5-9,620033.0,145.0,23.385852043358984,19.734409508234723,27.517052835604037
autismo_F840,persons,2022,MUJER,50-54,622004.0,0.0,0.0,0.0,0.5930636224387521
autismo_F840,persons,2022,MUJER,55-59,608970.0,2.0,0.32842340345173,0.039773597803498525,1.1863782563548222
autismo_F840,persons,2022,MUJER,60-64,542388.0,0.0,0.0,0.0,0.6801181910576811
autismo_F840,persons,2022,MUJER,65-69,464538.0,2.0,0.4305352845192428,0.05213982032556324,1.5552414802930998
autismo_F840,persons,2022,MUJER,70-74,354224.0,0.0,0.0,0.0,1.0413973796563574
autismo_F840,persons,2022,MUJER,75-79,256314.0,1.0,0.39014646098145245,0.009877653184878654,2.1737569508255103
autismo_F840,persons,2022,MUJER,80+,375896.0,0.0,0.0,0.0,0.9813564002048267
autismo_F840,persons,2023,HOMBRE,0-4,601871.0,790.0,131.25736245806826,122.26284300382136,140.7385298054737
autismo_F840,persons,2023,HOMBRE,10-14,660567.0,671.0,101.57940072695123,94.03791472778228,109.56473656742155
autismo_F840,persons,2023,HOMBRE,15-19,628233.0,318.0,50.61816236969405,45.207018898586384,56.49868653160272
autismo_F840,persons,2023,HOMBRE,20-24,680267.0,96.0,14.112105981915924,11.430851153296347,17.2332967789601
autismo_F840,persons,2023,HOMBRE,25-29,789133.0,43.0,5.449018099610585,3.9434814171967445,7.33979162072599
autismo_F840,persons,2023,HOMBRE,30-34,866894.0,40.0,4.614174281976805,3.2964337556597423,6.28319574988223
autismo_F840,persons,2023,HOMBRE,35-39,767066.0,20.0,2.607337569387771,1.592629524109261,4.026821408154526
autismo_F840,persons,2023,HOMBRE,40-44,704660.0,13.0,1.8448613515738086,0.9823109713909972,3.1547690968919584
autismo_F840,persons,2023,HOMBRE,45-49,662549.0,5.0,0.7546611646836687,0.24503642600297043,1.761127415379492
autismo_F840,persons,2023,HOMBRE,5-9,633429.0,1129.0,178.23623484242117,167.9898225374521,188.94415848979972
autismo_F840,persons,2023,HOMBRE,50-54,605734.0,3.0,0.49526689933205004,0.1021359413365605,1.4473800496162215
autismo_F840,persons,2023,HOMBRE,55-59,581931.0,1.0,0.17184167882446544,0.004350654628175827,0.9574405541101777
autismo_F840,persons,2023,HOMBRE,60-64,508419.0,4.0,0.7867526587322661,0.21436362009018642,2.014399280004031
autismo_F840,persons,2023,HOMBRE,65-69,419254.0,1.0,0.238518893081521,0.0060387755356633155,1.328942214251718
autismo_F840,persons,2023,HOMBRE,70-74,310192.0,2.0,0.644761953886625,0.07808366384173833,2.3291018684311524
autismo_F840,persons,2023,HOMBRE,75-79,204017.0,0.0,0.0,0.0,1.8081235652489427
autismo_F840,persons,2023,HOMBRE,80+,224250.0,0.0,0.0,0.0,1.6449852638189233
autismo_F840,persons,2023,MUJER,0-4,579455.0,267.0,46.07777998291498,40.71607599163302,51.94922735768348
autismo_F840,persons,2023,MUJER,10-14,637437.0,400.0,62.75129934409205,56.7516941487776,69.21258855332778
autismo_F840,persons,2023,MUJER,15-19,607126.0,206.0,33.93035383100048,29.454843969083253,38.89371464663347
autismo_F840,persons,2023,MUJER,20-24,659586.0,60.0,9.09661514950287,6.941675679897278,11.709146859794375
autismo_F840,persons,2023,MUJER,25-29,766871.0,31.0,4.042400873158589,2.7466152689489958,5.7378653650025555
autismo_F840,persons,2023,MUJER,30-34,842620.0,22.0,2.6109040848781184,1.6362396895670184,3.952940161297528
autismo_F840,persons,2023,MUJER,35-39,747993.0,11.0,1.470601997612277,0.7341192186607146,2.631313195885784
autismo_F840,persons,2023,MUJER,40-44,695661.0,3.0,0.4312445285850436,0.08893298932894059,1.2602795139791254
autismo_F840,persons,2023,MUJER,45-49,666775.0,7.0,1.0498294027220576,0.422085868774304,2.163049808661449
autismo_F840,persons,2023,MUJER,5-9,610108.0,290.0,47.53256800435333,42.21875878230145,53.33011957803642
autismo_F840,persons,2023,MUJER,50-54,623409.0,2.0,0.32081667091748756,0.03885238720390065,1.1589001229889142
autismo_F840,persons,2023,MUJER,55-59,614189.0,2.0,0.3256326635612165,0.03943562625575596,1.1762971443194132
autismo_F840,persons,2023,MUJER,60-64,554778.0,2.0,0.36050456218523447,0.043658774959346794,1.3022664322889446
autismo_F840,persons,2023,MUJER,65-69,477077.0,0.0,0.0,0.0,0.7732251720611003
autismo_F840,persons,2023,MUJER,70-74,372694.0,0.0,0.0,0.0,0.9897877223979821
autismo_F840,persons,2023,MUJER,75-79,267102.0,0.0,0.0,0.0,1.3810751900449774
autismo_F840,persons,2023,MUJER,80+,389542.0,1.0,0.25671172813201143,0.006499378240161491,1.4303062034232248
autismo_F840,persons,2024,HOMBRE,0-4,603305.0,775.0,128.45907128235305,119.57304387607614,137.83064493708443
autismo_F840,persons,2024,HOMBRE,10-14,657714.0,953.0,144.8958057757627,135.84129184706242,154.3951790675447
autismo_F840,persons,2024,HOMBRE,15-19,635804.0,427.0,67.15906159759926,60.93932374582461,73.84142529809513
autismo_F840,persons,2024,HOMBRE,20-24,661712.0,140.0,21.157240612230094,17.797859375869002,24.966373649075585
autismo_F840,persons,2024,HOMBRE,25-29,767831.0,68.0,8.856115473326813,6.877120193456953,11.227236612748058
autismo_F840,persons,2024,HOMBRE,30-34,861519.0,38.0,4.410813922850221,3.121354450127757,6.0541867235963
autismo_F840,persons,2024,HOMBRE,35-39,790820.0,25.0,3.161275637945424,2.045810911184508,4.666666459817704
autismo_F840,persons,2024,HOMBRE,40-44,715861.0,13.0,1.815995004616818,0.9669408573736803,3.105406764463894
autismo_F840,persons,2024,HOMBRE,45-49,667483.0,10.0,1.4981654963497197,0.7184285886131082,2.7551796887737634
autismo_F840,persons,2024,HOMBRE,5-9,622349.0,1679.0,269.78431715966445,257.0327265603535,283.0047987973314
autismo_F840,persons,2024,HOMBRE,50-54,612505.0,7.0,1.1428478134872369,0.4594840942555351,2.3547032859654005
autismo_F840,persons,2024,HOMBRE,55-59,585699.0,4.0,0.6829446524580032,0.18607943220431056,1.7486095546353493
autismo_F840,persons,2024,HOMBRE,60-64,521387.0,3.0,0.5753883391799182,0.11865890842993809,1.6815288969119528
autismo_F840,persons,2024,HOMBRE,65-69,430924.0,2.0,0.46411896297258914,0.056206959590082005,1.676557274072449
autismo_F840,persons,2024,HOMBRE,70-74,326872.0,0.0,0.0,0.0,1.12853944483282
autismo_F840,persons,2024,HOMBRE,75-79,213855.0,1.0,0.4676065558439129,0.011838772993051309,2.6053369764274383
autismo_F840,persons,2024,HOMBRE,80+,234860.0,0.0,0.0,0.0,1.5706716572059676
autismo_F840,persons,2024,MUJER,0-4,580776.0,222.0,38.22472002975329,33.36149753527286,43.5975050372033
autismo_F840,persons,2024,MUJER,10-14,634559.0,594.0,93.60831695713085,86.23085063466618,101.44819494008586
autismo_F840,persons,2024,MUJER,15-19,614278.0,371.0,60.39610729995214,54.4060376157603,66.86556820226448
autismo_F840,persons,2024,MUJER,20-24,641616.0,109.0,16.988354405127055,13.949206682140066,20.493011642078002
autismo_F840,persons,2024,MUJER,25-29,746460.0,60.0,8.037939072421832,6.133794302441827,10.34642089417294
autismo_F840,persons,2024,MUJER,30-34,838059.0,36.0,4.295640283082695,3.008613643826416,5.946976822543066
autismo_F840,persons,2024,MUJER,35-39,770683.0,25.0,3.243875886713474,2.0992654369993016,4.78860072137706
autismo_F840,persons,2024,MUJER,40-44,705304.0,17.0,2.4103081791681316,1.4040933370018167,3.859136885074608
autismo_F840,persons,2024,MUJER,45-49,669888.0,6.0,0.8956721123531097,0.32869587953372065,1.949501113994979
autismo_F840,persons,2024,MUJER,5-9,599322.0,418.0,69.7454790580022,63.21874358816526,76.76308488408957
autismo_F840,persons,2024,MUJER,50-54,628569.0,4.0,0.6363660950508218,0.1733883429864223,1.6293499481208418
autismo_F840,persons,2024,MUJER,55-59,616599.0,0.0,0.0,0.0,0.5982623153968682
autismo_F840,persons,2024,MUJER,60-64,567088.0,2.0,0.3526789492988742,0.042711056933661964,1.2739976278327103
autismo_F840,persons,2024,MUJER,65-69,488891.0,0.0,0.0,0.0,0.7545402664630634
autismo_F840,persons,2024,MUJER,70-74,392267.0,0.0,0.0,0.0,0.9404001494170897
autismo_F840,persons,2024,MUJER,75-79,277579.0,1.0,0.36025780048202494,0.00912093781744652,2.007227993089858
autismo_F840,persons,2024,MUJER,80+,403939.0,4.0,0.9902485276242204,0.2698093953855223,2.5354295265878495
autismo_F840,persons,2019,TOTAL,0-4,1202176.0,278.0,23.124733816013627,20.486025638805305,26.009043079701673
autismo_F840,persons,2019,TOTAL,10-14,1236524.0,274.0,22.158890567429342,19.612567837615888,24.944026040215654
autismo_F840,persons,2019,TOTAL,15-19,1272967.0,120.0,9.426795824243676,7.815750575304678,11.272137091484089
autismo_F840,persons,2019,TOTAL,20-24,1446985.0,33.0,2.2806041527728347,1.5698629614494855,3.2028161500754533
autismo_F840,persons,2019,TOTAL,25-29,1627783.0,25.0,1.5358312502342142,0.9939090067797322,2.2671898955530536
autismo_F840,persons,2019,TOTAL,30-34,1515386.0,17.0,1.1218263861484796,0.6535052105277002,1.796152717255314
autismo_F840,persons,2019,TOTAL,35-39,1396728.0,8.0,0.5727672102227491,0.24728022755672552,1.1285797392329295
autismo_F840,persons,2019,TOTAL,40-44,1328559.0,5.0,0.37634760669266476,0.12219904348383628,0.8782697704296664
autismo_F840,persons,2019,TOTAL,45-49,1243929.0,2.0,0.16078088058080486,0.019471310544570065,0.5807958225689698
autismo_F840,persons,2019,TOTAL,5-9,1275472.0,419.0,32.85058394069019,29.78002848796109,36.1517863733086
autismo_F840,persons,2019,TOTAL,50-54,1218076.0,2.0,0.1641933672447368,0.019884578511025992,0.5931228977275605
autismo_F840,persons,2019,TOTAL,55-59,1118091.0,4.0,0.35775263373017047,0.09747555195653348,0.9159888305516898
autismo_F840,persons,2019,TOTAL,60-64,964318.0,1.0,0.10370023166631755,0.002625462553254204,0.5777807104024708
autismo_F840,persons,2019,TOTAL,65-69,777714.0,1.0,0.1285819722931566,0.00325541368475942,0.7164128961210545
autismo_F840,persons,2019,TOTAL,70-74,557691.0,0.0,0.0,0.0,0.6614557979443698
autismo_F840,persons,2019,TOTAL,75-79,398309.0,0.0,0.0,0.0,0.9261350996623062
autismo_F840,persons,2019,TOTAL,80+,526508.0,0.0,0.0,0.0,0.7006312257580009
autismo_F840,persons,2020,TOTAL,0-4,1190382.0,176.0,14.785169802634785,12.681462924601863,17.13815241526103
autismo_F840,persons,2020,TOTAL,10-14,1265269.0,245.0,19.363471325070005,17.014529155392037,21.946064803669003
autismo_F840,persons,2020,TOTAL,15-19,1260062.0,102.0,8.094839777725223,6.600374441399511,9.826583184758267
autismo_F840,persons,2020,TOTAL,20-24,1443181.0,25.0,1.73228444664945,1.1210431572913813,2.5571935673716855
autismo_F840,persons,2020,TOTAL,25-29,1649147.0,19.0,1.1521107578645202,0.6936459372249248,1.7991636628866674
autismo_F840,persons,2020,TOTAL,30-34,1596211.0,18.0,1.1276704646190259,0.6683289853534106,1.7822055021252192
autismo_F840,persons,2020,TOTAL,35-39,1435240.0,7.0,0.4877233076001226,0.19609006518212044,1.0048964188360399
autismo_F840,persons,2020,TOTAL,40-44,1347007.0,5.0,0.37119331970806385,0.12052546052978348,0.8662413839959756
autismo_F840,persons,2020,TOTAL,45-49,1271513.0,2.0,0.1572929258293073,0.019048903042592956,0.568196130729608
autismo_F840,persons,2020,TOTAL,5-9,1282387.0,287.0,22.38013953666093,19.865544744190498,25.12490239540785
autismo_F840,persons,2020,TOTAL,50-54,1224425.0,1.0,0.08167098842313739,0.002067730402784154,0.4550416228792207
autismo_F840,persons,2020,TOTAL,55-59,1145476.0,0.0,0.0,0.0,0.32203899986677464
autismo_F840,persons,2020,TOTAL,60-64,989394.0,1.0,0.10107196930646437,0.0025589207114951047,0.5631369697955413
autismo_F840,persons,2020,TOTAL,65-69,814608.0,1.0,0.12275843104904445,0.0031079743857523956,0.6839662010364369
autismo_F840,persons,2020,TOTAL,70-74,583389.0,1.0,0.17141221380588254,0.004339781515299376,0.9550477281777507
autismo_F840,persons,2020,TOTAL,75-79,413785.0,0.0,0.0,0.0,0.8914966598871238
autismo_F840,persons,2020,TOTAL,80+,546834.0,0.0,0.0,0.0,0.6745885321896472
autismo_F840,persons,2021,TOTAL,0-4,1178895.0,343.0,29.09504239139194,26.097081831604324,32.34296566939323
autismo_F840,persons,2021,TOTAL,10-14,1287620.0,398.0,30.909740451375406,27.94725449448526,34.10079274204689
autismo_F840,persons,2021,TOTAL,15-19,1242805.0,158.0,12.71317704708301,10.808133121817761,14.8573033515533
autismo_F840,persons,2021,TOTAL,20-24,1416129.0,46.0,3.248291645746962,2.3781577390881674,4.332765850468848
autismo_F840,persons,2021,TOTAL,25-29,1629871.0,43.0,2.638245603486411,1.9093114247671863,3.5536995142795735
autismo_F840,persons,2021,TOTAL,30-34,1659478.0,21.0,1.2654581741969462,0.783338554899564,1.934387243153775
autismo_F840,persons,2021,TOTAL,35-39,1461105.0,16.0,1.0950616143261436,0.6259223295821672,1.7783114558885869
autismo_F840,persons,2021,TOTAL,40-44,1362172.0,3.0,0.22023650464111727,0.04541806195514233,0.6436245253714159
autismo_F840,persons,2021,TOTAL,45-49,1296281.0,5.0,0.38571883719656463,0.1252418565201851,0.9001390963319428
autismo_F840,persons,2021,TOTAL,5-9,1279150.0,507.0,39.63569557909549,36.260236013950305,43.2408034199169
autismo_F840,persons,2021,TOTAL,50-54,1225010.0,6.0,0.4897919200659586,0.17974500236658073,1.0660708094234892
autismo_F840,persons,2021,TOTAL,55-59,1167604.0,0.0,0.0,0.0,0.31593583561840616
autismo_F840,persons,2021,TOTAL,60-64,1013544.0,1.0,0.09866369886260488,0.0024979485828232296,0.5497189456934182
autismo_F840,persons,2021,TOTAL,65-69,844335.0,2.0,0.2368728052254141,0.02868639563016634,0.8556660173656144
autismo_F840,persons,2021,TOTAL,70-74,615340.0,2.0,0.3250235642084051,0.03936186149835294,1.1740968680280757
autismo_F840,persons,2021,TOTAL,75-79,430954.0,0.0,0.0,0.0,0.8559798619142497
autismo_F840,persons,2021,TOTAL,80+,568070.0,1.0,0.176034643617864,0.00445681130569998,0.9808022586897562
autismo_F840,persons,2022,TOTAL,0-4,1177286.0,687.0,58.354554458304946,54.07195993990559,62.886152828282285
autismo_F840,persons,2022,TOTAL,10-14,1298475.0,631.0,48.59546776025722,44.877271796497055,52.53955120880454
autismo_F840,persons,2022,TOTAL,15-19,1232087.0,274.0,22.23868931333583,19.683196748963464,25.03385463473896
autismo_F840,persons,2022,TOTAL,20-24,1378746.0,70.0,5.077077286171638,3.9578308193057667,6.414581716432101
autismo_F840,persons,2022,TOTAL,25-29,1594730.0,48.0,3.00991390392104,2.2192729066038286,3.9907091596776425
autismo_F840,persons,2022,TOTAL,30-34,1696451.0,27.0,1.591557905297589,1.0488466882783396,2.3156331921854587
autismo_F840,persons,2022,TOTAL,35-39,1483789.0,19.0,1.2805055166199506,0.770947969311454,1.9996679832230586
autismo_F840,persons,2022,TOTAL,40-44,1379609.0,10.0,0.7248430533578717,0.3475904184542456,1.333012182583455
autismo_F840,persons,2022,TOTAL,45-49,1316079.0,8.0,0.6078662451114257,0.26243349956564166,1.1977388302824763
autismo_F840,persons,2022,TOTAL,5-9,1263605.0,823.0,65.13111296647291,60.75677621055352,69.73719094754614
autismo_F840,persons,2022,TOTAL,50-54,1224709.0,1.0,0.08165204958892276,0.0020672509130160613,0.45493610244873667
autismo_F840,persons,2022,TOTAL,55-59,1184443.0,2.0,0.16885574063082817,0.02044921355809988,0.6099649934799699
autismo_F840,persons,2022,TOTAL,60-64,1037933.0,2.0,0.19269066500438853,0.023335733476434892,0.6960649355713674
autismo_F840,persons,2022,TOTAL,65-69,871490.0,2.0,0.22949201941502484,0.027792548227055385,0.8290040812543988
autismo_F840,persons,2022,TOTAL,70-74,648484.0,0.0,0.0,0.0,0.5688466414150443
autismo_F840,persons,2022,TOTAL,75-79,450362.0,2.0,0.44408720096278104,0.05378102027790199,1.6041956620949283
autismo_F840,persons,2022,TOTAL,80+,590285.0,0.0,0.0,0.0,0.6249319318827237
autismo_F840,persons,2023,TOTAL,0-4,1181326.0,1057.0,89.47572473644024,84.16228342486743,95.0367111802379
autismo_F840,persons,2023,TOTAL,10-14,1298004.0,1071.0,82.5113019682528,77.64308078683199,87.60480127859937
autismo_F840,persons,2023,TOTAL,15-19,1235359.0,524.0,42.41681972608772,38.86229880700954,46.20907263116941
autismo_F840,persons,2023,TOTAL,20-24,1339853.0,156.0,11.643068306747084,9.887690912532953,13.620247149284692
autismo_F840,persons,2023,TOTAL,25-29,1556004.0,74.0,4.755771836062118,3.7343037834954775,5.970436033705353
autismo_F840,persons,2023,TOTAL,30-34,1709514.0,62.0,3.6267617580201157,2.7806174436812205,4.6493448942650515
autismo_F840,persons,2023,TOTAL,35-39,1515059.0,31.0,2.046124936388616,1.3902426228379128,2.9043110204453257
autismo_F840,persons,2023,TOTAL,40-44,1400321.0,16.0,1.1425951621092592,0.653091859198107,1.8555029595043522
autismo_F840,persons,2023,TOTAL,45-49,1329324.0,12.0,0.9027144623884019,0.46644573548075696,1.5768604981311525
autismo_F840,persons,2023,TOTAL,5-9,1243537.0,1419.0,114.10999431460424,108.2493386068399,120.20548196678124
autismo_F840,persons,2023,TOTAL,50-54,1229143.0,5.0,0.4067874933998729,0.1320827918410161,0.9493063117409993
autismo_F840,persons,2023,TOTAL,55-59,1196120.0,3.0,0.25081095542253284,0.05172324874557748,0.7329760450241048
autismo_F840,persons,2023,TOTAL,60-64,1063197.0,6.0,0.5643356781480761,0.2071012477923518,1.2283211881258775
autismo_F840,persons,2023,TOTAL,65-69,896331.0,1.0,0.11156592821178783,0.002824604748055113,0.6216055665751712
autismo_F840,persons,2023,TOTAL,70-74,682886.0,2.0,0.2928746525774434,0.03546847915229848,1.0579639453325973
autismo_F840,persons,2023,TOTAL,75-79,471119.0,0.0,0.0,0.0,0.783003753640574
autismo_F840,persons,2023,TOTAL,80+,613792.0,1.0,0.16292164120744487,0.004124818828575458,0.9077412854743786
autismo_F840,persons,2024,TOTAL,0-4,1184081.0,997.0,84.20032075508348,79.05422563655286,89.59345983268908
autismo_F840,persons,2024,TOTAL,10-14,1292273.0,1547.0,119.71154701831578,113.81978359428022,125.8292016375998
autismo_F840,persons,2024,TOTAL,15-19,1250082.0,798.0,63.83581237070848,59.483005034890425,68.4229098705374
autismo_F840,persons,2024,TOTAL,20-24,1303328.0,249.0,19.1049375138108,16.8054440559286,21.631221355801653
autismo_F840,persons,2024,TOTAL,25-29,1514291.0,128.0,8.452800683620255,7.051969125683506,10.050407644031038
autismo_F840,persons,2024,TOTAL,30-34,1699578.0,74.0,4.354021998401956,3.4188437508217318,5.466075902482654
autismo_F840,persons,2024,TOTAL,35-39,1561503.0,50.0,3.202043159699341,2.376618151707801,4.221494717867133
autismo_F840,persons,2024,TOTAL,40-44,1421165.0,30.0,2.1109441901538526,1.4242451806384842,3.0135040895890106
autismo_F840,persons,2024,TOTAL,45-49,1337371.0,16.0,1.1963770711343373,0.6838328671431879,1.94284141031628
autismo_F840,persons,2024,TOTAL,5-9,1221671.0,2097.0,171.6501414865377,164.38126303433026,179.1576798996602
autismo_F840,persons,2024,TOTAL,50-54,1241074.0,11.0,0.8863290988289175,0.442452292710736,1.5858875871464517
autismo_F840,persons,2024,TOTAL,55-59,1202298.0,4.0,0.33269622007189564,0.09064852254818064,0.8518344599594854
autismo_F840,persons,2024,TOTAL,60-64,1088475.0,5.0,0.45935827648774663,0.14915238201322223,1.0719889826888693
autismo_F840,persons,2024,TOTAL,65-69,919815.0,2.0,0.21743502769578665,0.026332390594191762,0.7854500815624839
autismo_F840,persons,2024,TOTAL,70-74,719139.0,0.0,0.0,0.0,0.5129577806396171
autismo_F840,persons,2024,TOTAL,75-79,491434.0,2.0,0.4069722485623705,0.049286227355853474,1.4701236926472243
autismo_F840,persons,2024,TOTAL,80+,638799.0,4.0,0.6261750566297067,0.1706116280123051,1.6032568421997677
TEA_operacional,records,2019,HOMBRE,0-4,612613.0,427.0,69.70142651233323,63.24623505359872,76.63675692522045
TEA_operacional,records,2019,HOMBRE,10-14,629243.0,388.0,61.66139313428993,55.67783664376114,68.11276336668347
TEA_operacional,records,2019,HOMBRE,15-19,647322.0,191.0,29.506180849716216,25.469856453942857,34.00046003500165
TEA_operacional,records,2019,HOMBRE,20-24,735379.0,83.0,11.286697063690967,8.989791209404007,13.991559154839353
TEA_operacional,records,2019,HOMBRE,25-29,827193.0,54.0,6.528101664303252,4.904110887367851,8.517756605013668
TEA_operacional,records,2019,HOMBRE,30-34,769391.0,30.0,3.8991877991814303,2.6307656343030934,5.566333034153982
TEA_operacional,records,2019,HOMBRE,35-39,705386.0,15.0,2.1264952805981405,1.190183266010853,3.507330578078647
TEA_operacional,records,2019,HOMBRE,40-44,665145.0,5.0,0.7517157912936278,0.24408007128046072,1.7542538964169725
TEA_operacional,records,2019,HOMBRE,45-49,616547.0,3.0,0.48658090948459726,0.10034468141043608,1.4219959013250123
TEA_operacional,records,2019,HOMBRE,5-9,649322.0,571.0,87.93787981925763,80.87200183220712,95.45577802568283
TEA_operacional,records,2019,HOMBRE,50-54,597164.0,4.0,0.6698327427641318,0.18250687811494412,1.7150378581769319
TEA_operacional,records,2019,HOMBRE,55-59,540699.0,3.0,0.5548373494310143,0.11442080027808472,1.6214701839179142
TEA_operacional,records,2019,HOMBRE,60-64,458457.0,2.0,0.4362459292801724,0.05283140589934606,1.5758702926826202
TEA_operacional,records,2019,HOMBRE,65-69,361643.0,1.0,0.27651579043421276,0.007000773686837537,1.5406473762630268
TEA_operacional,records,2019,HOMBRE,70-74,251433.0,1.0,0.3977202674271078,0.010069405362179935,2.215955499452696
TEA_operacional,records,2019,HOMBRE,75-79,168861.0,0.0,0.0,0.0,2.184565680716054
TEA_operacional,records,2019,HOMBRE,80+,188341.0,1.0,0.5309518373588332,0.013442536667156845,2.9582742955272074
TEA_operacional,records,2019,MUJER,0-4,589563.0,165.0,27.986830923921616,23.87936777091843,32.59800574505686
TEA_operacional,records,2019,MUJER,10-14,607281.0,137.0,22.559572915997702,18.940249148878124,26.669104531192875
TEA_operacional,records,2019,MUJER,15-19,625645.0,52.0,8.311422611864556,6.207367948351099,10.89932497516529
TEA_operacional,records,2019,MUJER,20-24,711606.0,17.0,2.3889624314578572,1.3916586523451593,3.8249602751953486
TEA_operacional,records,2019,MUJER,25-29,800590.0,9.0,1.1241709239435915,0.5140425308058224,2.134026586819616
TEA_operacional,records,2019,MUJER,30-34,745995.0,12.0,1.6085898699052943,0.8311818589564566,2.8098827804713116
TEA_operacional,records,2019,MUJER,35-39,691342.0,4.0,0.5785848393414548,0.15764489552585043,1.4814069845899271
TEA_operacional,records,2019,MUJER,40-44,663414.0,3.0,0.4522063146089772,0.09325581354864404,1.3215387480129035
TEA_operacional,records,2019,MUJER,45-49,627382.0,2.0,0.318785046431042,0.03860634805333353,1.1515611968025796
TEA_operacional,records,2019,MUJER,5-9,626150.0,135.0,21.560328994649844,18.076930709488526,25.519258721487347
TEA_operacional,records,2019,MUJER,50-54,620912.0,2.0,0.32210683639549564,0.03900863222871598,1.1635606442980584
TEA_operacional,records,2019,MUJER,55-59,577392.0,5.0,0.8659628120929975,0.2811757679563313,2.0208683319690386
TEA_operacional,records,2019,MUJER,60-64,505861.0,0.0,0.0,0.0,0.7292278815947336
TEA_operacional,records,2019,MUJER,65-69,416071.0,1.0,0.24034359520370321,0.006084972993621251,1.339108803771207
TEA_operacional,records,2019,MUJER,70-74,306258.0,0.0,0.0,0.0,1.2045006021439228
TEA_operacional,records,2019,MUJER,75-79,229448.0,0.0,0.0,0.0,1.6077191582031376
TEA_operacional,records,2019,MUJER,80+,338167.0,0.0,0.0,0.0,1.0908454858439574
TEA_operacional,records,2020,HOMBRE,0-4,606528.0,255.0,42.04257676479899,37.04025712860364,47.53211246855963
TEA_operacional,records,2020,HOMBRE,10-14,643850.0,317.0,49.2350702803448,43.96372190137006,54.96442743832076
TEA_operacional,records,2020,HOMBRE,15-19,640628.0,169.0,26.380364267562456,22.552937031911174,30.6712135685569
TEA_operacional,records,2020,HOMBRE,20-24,733010.0,47.0,6.411917982019345,4.711236158724404,8.52649163594589
TEA_operacional,records,2020,HOMBRE,25-29,837355.0,30.0,3.582709842301055,2.4172392857773484,5.1145410721626625
TEA_operacional,records,2020,HOMBRE,30-34,810229.0,27.0,3.3323912128546374,2.1960668072563156,4.848454257396629
TEA_operacional,records,2020,HOMBRE,35-39,725354.0,10.0,1.3786371895653708,0.6611101194909565,2.5353628768873926
TEA_operacional,records,2020,HOMBRE,40-44,675288.0,9.0,1.3327646870668515,0.6094248820323083,2.5300025250588143
TEA_operacional,records,2020,HOMBRE,45-49,631153.0,3.0,0.4753205641104455,0.0980225274847147,1.3890883937400793
TEA_operacional,records,2020,HOMBRE,5-9,652864.0,325.0,49.7806587589452,44.51504797200753,55.49785203044035
TEA_operacional,records,2020,HOMBRE,50-54,601037.0,1.0,0.16637910810815307,0.004212354311679626,0.9270050580810996
TEA_operacional,records,2020,HOMBRE,55-59,554862.0,2.0,0.3604499857622256,0.04365216550132555,1.3020692834838141
TEA_operacional,records,2020,HOMBRE,60-64,471032.0,1.0,0.212299801287386,0.0053749656040969354,1.1828587847405057
TEA_operacional,records,2020,HOMBRE,65-69,378921.0,1.0,0.2639072524352042,0.006681553142816016,1.4703970988514488
TEA_operacional,records,2020,HOMBRE,70-74,264075.0,1.0,0.37868029915743634,0.00958735510150142,2.109871586079295
TEA_operacional,records,2020,HOMBRE,75-79,176396.0,0.0,0.0,0.0,2.0912489252102855
TEA_operacional,records,2020,HOMBRE,80+,196519.0,1.0,0.5088566499931304,0.012883134956055076,2.835167790869533
TEA_operacional,records,2020,MUJER,0-4,583854.0,101.0,17.29884525926002,14.090193574598947,21.019665139886087
TEA_operacional,records,2020,MUJER,10-14,621419.0,102.0,16.414045917488846,13.38369283748767,19.925531824667207
TEA_operacional,records,2020,MUJER,15-19,619434.0,46.0,7.426134180558381,5.43686355753347,9.905422322731074
TEA_operacional,records,2020,MUJER,20-24,710171.0,12.0,1.689733880994859,0.8731101535717761,2.9516250379383218
TEA_operacional,records,2020,MUJER,25-29,811792.0,16.0,1.9709482231901767,1.1265672060874612,3.20069643425421
TEA_operacional,records,2020,MUJER,30-34,785982.0,5.0,0.6361468837708751,0.2065551615836521,1.4845546182129707
TEA_operacional,records,2020,MUJER,35-39,709886.0,9.0,1.267809197533125,0.5797230960151819,2.406696772639433
TEA_operacional,records,2020,MUJER,40-44,671719.0,2.0,0.29774355050251666,0.03605812527916658,1.0755520787299393
TEA_operacional,records,2020,MUJER,45-49,640360.0,1.0,0.15616215878568304,0.00395368355054811,0.8700798599130017
TEA_operacional,records,2020,MUJER,5-9,629523.0,101.0,16.043893551149043,13.068014797400403,19.4947850524652
TEA_operacional,records,2020,MUJER,50-54,623388.0,0.0,0.0,0.0,0.5917469463823389
TEA_operacional,records,2020,MUJER,55-59,590614.0,1.0,0.16931532269807353,0.004286692828867903,0.9433645986954082
TEA_operacional,records,2020,MUJER,60-64,518362.0,1.0,0.19291537574127735,0.004884194440234793,1.074855678259382
TEA_operacional,records,2020,MUJER,65-69,435687.0,0.0,0.0,0.0,0.8466810931044386
TEA_operacional,records,2020,MUJER,70-74,319314.0,1.0,0.31317136110536964,0.007928812386644455,1.7448791443340719
TEA_operacional,records,2020,MUJER,75-79,237389.0,1.0,0.4212495102974443,0.010665114215186835,2.3470520499850025
TEA_operacional,records,2020,MUJER,80+,350315.0,0.0,0.0,0.0,1.053017842260233
TEA_operacional,records,2021,HOMBRE,0-4,600632.0,362.0,60.269849092289455,54.220411117855164,66.80967276244273
TEA_operacional,records,2021,HOMBRE,10-14,655232.0,446.0,68.06749365110373,61.89612595498473,74.6876164766238
TEA_operacional,records,2021,HOMBRE,15-19,631851.0,199.0,31.49476696246425,27.270716262660304,36.18776277683069
TEA_operacional,records,2021,HOMBRE,20-24,719079.0,84.0,11.681609392013952,9.317709144584393,14.462627301018065
TEA_operacional,records,2021,HOMBRE,25-29,827115.0,59.0,7.133228148443687,5.430143768241833,9.201344596891094
TEA_operacional,records,2021,HOMBRE,30-34,842111.0,32.0,3.7999741126763573,2.599179480054834,5.364429639254263
TEA_operacional,records,2021,HOMBRE,35-39,738934.0,19.0,2.5712715885315873,1.5480734631735353,4.015359094531527
TEA_operacional,records,2021,HOMBRE,40-44,683807.0,4.0,0.584960376246514,0.15938201475362565,1.4977308912315455
TEA_operacional,records,2021,HOMBRE,45-49,644339.0,6.0,0.9311868441922653,0.34172916019220484,2.0268017336400073
TEA_operacional,records,2021,HOMBRE,5-9,651336.0,567.0,87.05184420944029,80.03304844044214,94.52128439678694
TEA_operacional,records,2021,HOMBRE,50-54,602079.0,6.0,0.996546964767082,0.36571517250906455,2.169063199765925
TEA_operacional,records,2021,HOMBRE,55-59,566471.0,4.0,0.706126174155429,0.19239561665580848,1.8079634571590943
TEA_operacional,records,2021,HOMBRE,60-64,483184.0,2.0,0.41392099076128347,0.05012775227324683,1.495224938682564
TEA_operacional,records,2021,HOMBRE,65-69,393552.0,3.0,0.7622880839126723,0.1572021290440911,2.227729263157683
TEA_operacional,records,2021,HOMBRE,70-74,278885.0,2.0,0.7171414740843,0.08684915952595693,2.590561581915112
TEA_operacional,records,2021,HOMBRE,75-79,184713.0,1.0,0.5413804117739413,0.013706565311748428,3.0163785932440588
TEA_operacional,records,2021,HOMBRE,80+,205192.0,3.0,1.462045303910484,0.30150889064661457,4.2727168065725385
TEA_operacional,records,2021,MUJER,0-4,578263.0,112.0,19.368349695553754,15.94783922411747,23.305157565352683
TEA_operacional,records,2021,MUJER,10-14,632388.0,187.0,29.570453582294416,25.483918936630605,34.12587430770673
TEA_operacional,records,2021,MUJER,15-19,610954.0,76.0,12.439561734598676,9.800959790173007,15.569966472652865
TEA_operacional,records,2021,MUJER,20-24,697050.0,18.0,2.5823111684958038,1.5304412567820855,4.081164947640483
TEA_operacional,records,2021,MUJER,25-29,802756.0,15.0,1.8685628011500381,1.0458204152673185,3.0819101783712415
TEA_operacional,records,2021,MUJER,30-34,817367.0,10.0,1.2234406331549965,0.5866873382620577,2.2499508839992046
TEA_operacional,records,2021,MUJER,35-39,722171.0,10.0,1.3847135927640406,0.664023991012161,2.546537598715232
TEA_operacional,records,2021,MUJER,40-44,678365.0,2.0,0.2948265314395642,0.03570486073779823,1.0650148029046251
TEA_operacional,records,2021,MUJER,45-49,651942.0,1.0,0.15338787806277246,0.003883444843910942,0.8546225570585877
TEA_operacional,records,2021,MUJER,5-9,627814.0,120.0,19.113941390284385,15.84735696017271,22.855588656728308
TEA_operacional,records,2021,MUJER,50-54,622931.0,2.0,0.32106284644687777,0.03888220020258503,1.1597893936445547
TEA_operacional,records,2021,MUJER,55-59,601133.0,0.0,0.0,0.0,0.6136544581837855
TEA_operacional,records,2021,MUJER,60-64,530360.0,0.0,0.0,0.0,0.6955425473478271
TEA_operacional,records,2021,MUJER,65-69,450783.0,0.0,0.0,0.0,0.8183271006479693
TEA_operacional,records,2021,MUJER,70-74,336455.0,1.0,0.2972165668514363,0.0075248719692945195,1.6559847203753542
TEA_operacional,records,2021,MUJER,75-79,246241.0,1.0,0.406106213018953,0.010281719122440972,2.262678997786274
TEA_operacional,records,2021,MUJER,80+,362878.0,0.0,0.0,0.0,1.0165618897023063
TEA_operacional,records,2022,HOMBRE,0-4,599782.0,708.0,118.04288891630625,109.50683213249927,127.06761242994777
TEA_operacional,records,2022,HOMBRE,10-14,660773.0,644.0,97.4616093575252,90.07866714980928,105.28838044576099
TEA_operacional,records,2022,HOMBRE,15-19,626479.0,327.0,52.19648224441681,46.691771379755146,58.17176846581557
TEA_operacional,records,2022,HOMBRE,20-24,700037.0,102.0,14.570658408055575,11.880630622922432,17.687785161288435
TEA_operacional,records,2022,HOMBRE,25-29,808991.0,67.0,8.281921554133483,6.418375448577367,10.517747617439051
TEA_operacional,records,2022,HOMBRE,30-34,860590.0,48.0,5.577568877165666,4.112458990167587,7.395047140000147
TEA_operacional,records,2022,HOMBRE,35-39,750870.0,30.0,3.99536537616365,2.6956562416158474,5.703632505601191
TEA_operacional,records,2022,HOMBRE,40-44,693436.0,14.0,2.0189318120201434,1.1037688087005282,3.3874245239410095
TEA_operacional,records,2022,HOMBRE,45-49,655076.0,11.0,1.6791944751448686,0.838247831890779,3.004542757375015
TEA_operacional,records,2022,HOMBRE,5-9,643572.0,916.0,142.33061724251522,133.26146647204612,151.85450050528843
TEA_operacional,records,2022,HOMBRE,50-54,602705.0,4.0,0.6636746003434516,0.18082899156740442,1.6992705677576416
TEA_operacional,records,2022,HOMBRE,55-59,575473.0,0.0,0.0,0.0,0.6410169467749026
TEA_operacional,records,2022,HOMBRE,60-64,495545.0,3.0,0.6053940610842607,0.12484680965312965,1.7692183494419929
TEA_operacional,records,2022,HOMBRE,65-69,406952.0,2.0,0.49145845210245925,0.059517898559035214,1.775316909051672
TEA_operacional,records,2022,HOMBRE,70-74,294260.0,2.0,0.679671039217019,0.08231131602799055,2.4552054875701628
TEA_operacional,records,2022,HOMBRE,75-79,194048.0,2.0,1.0306728232189974,0.12481926046337245,3.7231446176842637
TEA_operacional,records,2022,HOMBRE,80+,214389.0,0.0,0.0,0.0,1.720647726382387
TEA_operacional,records,2022,MUJER,0-4,577504.0,242.0,41.90447165733917,36.790746375174706,47.53017552295625
TEA_operacional,records,2022,MUJER,10-14,637702.0,285.0,44.69172121147495,39.65317536489014,50.193154786760424
TEA_operacional,records,2022,MUJER,15-19,605608.0,143.0,23.612633915007727,19.901202613267113,27.815342020009115
TEA_operacional,records,2022,MUJER,20-24,678709.0,37.0,5.451526353709764,3.8383776503782965,7.514210971407603
TEA_operacional,records,2022,MUJER,25-29,785739.0,27.0,3.4362555505072296,2.2645140602368947,4.999571415592472
TEA_operacional,records,2022,MUJER,30-34,835861.0,10.0,1.1963711669763275,0.5737064770497048,2.2001691719098964
TEA_operacional,records,2022,MUJER,35-39,732919.0,14.0,1.9101701552286132,1.044307798856435,3.2049409446112844
TEA_operacional,records,2022,MUJER,40-44,686173.0,1.0,0.14573584212727694,0.003689712067407181,0.8119881416113572
TEA_operacional,records,2022,MUJER,45-49,661003.0,7.0,1.0589967065202428,0.4257716003588282,2.1819379581790668
TEA_operacional,records,2022,MUJER,5-9,620033.0,192.0,30.966093740171893,26.74069562072304,35.669573087718
TEA_operacional,records,2022,MUJER,50-54,622004.0,0.0,0.0,0.0,0.5930636224387521
TEA_operacional,records,2022,MUJER,55-59,608970.0,5.0,0.821058508629325,0.26659546285012736,1.9160766670480764
TEA_operacional,records,2022,MUJER,60-64,542388.0,1.0,0.18436986069013325,0.004667840731043068,1.0272431158025064
TEA_operacional,records,2022,MUJER,65-69,464538.0,2.0,0.4305352845192428,0.05213982032556324,1.5552414802930998
TEA_operacional,records,2022,MUJER,70-74,354224.0,2.0,0.5646144812322147,0.06837743307736488,2.0395816397883713
TEA_operacional,records,2022,MUJER,75-79,256314.0,2.0,0.7802929219629049,0.09449709284079878,2.8186863252588465
TEA_operacional,records,2022,MUJER,80+,375896.0,0.0,0.0,0.0,0.9813564002048267
TEA_operacional,records,2023,HOMBRE,0-4,601871.0,1058.0,175.78517655776736,165.35117963603827,186.70504186135463
TEA_operacional,records,2023,HOMBRE,10-14,660567.0,938.0,141.9992218805965,133.05619218123567,151.38522749491253
TEA_operacional,records,2023,HOMBRE,15-19,628233.0,595.0,94.71008367914452,87.25193129089628,102.63529867284932
TEA_operacional,records,2023,HOMBRE,20-24,680267.0,177.0,26.019195404157486,22.327123519408264,30.147438593905868
TEA_operacional,records,2023,HOMBRE,25-29,789133.0,77.0,9.75754403883756,7.700501164499078,12.195255869431755
TEA_operacional,records,2023,HOMBRE,30-34,866894.0,68.0,7.844096279360568,6.091247690331512,9.94426113873548
TEA_operacional,records,2023,HOMBRE,35-39,767066.0,27.0,3.519905718673491,2.319640048152933,5.121278018470657
TEA_operacional,records,2023,HOMBRE,40-44,704660.0,17.0,2.4125109982119035,1.4053765602712363,3.8626638117541248
TEA_operacional,records,2023,HOMBRE,45-49,662549.0,9.0,1.3583900964306037,0.6211424509550741,2.57864753420791
TEA_operacional,records,2023,HOMBRE,5-9,633429.0,1495.0,236.01698059293147,224.2033592178706,248.29151508356978
TEA_operacional,records,2023,HOMBRE,50-54,605734.0,8.0,1.3207117315521335,0.5701895843304984,2.602328616223179
TEA_operacional,records,2023,HOMBRE,55-59,581931.0,1.0,0.17184167882446544,0.004350654628175827,0.9574405541101777
TEA_operacional,records,2023,HOMBRE,60-64,508419.0,9.0,1.7701934821475986,0.8094451815094114,3.360378634830556
TEA_operacional,records,2023,HOMBRE,65-69,419254.0,2.0,0.477037786163042,0.057771489012380314,1.7232245053652346
TEA_operacional,records,2023,HOMBRE,70-74,310192.0,3.0,0.9671429308299376,0.19944812338667708,2.8264020573523245
TEA_operacional,records,2023,HOMBRE,75-79,204017.0,1.0,0.4901552321620257,0.012409656050373192,2.730970159809672
TEA_operacional,records,2023,HOMBRE,80+,224250.0,1.0,0.4459308807134894,0.011289992412169398,2.4845678443428754
TEA_operacional,records,2023,MUJER,0-4,579455.0,371.0,64.02567930210284,57.67562964256759,70.8839297342341
TEA_operacional,records,2023,MUJER,10-14,637437.0,563.0,88.32245382680955,81.17649179209668,95.92890896730138
TEA_operacional,records,2023,MUJER,15-19,607126.0,329.0,54.1897398563066,48.491728860739656,60.373299748128076
TEA_operacional,records,2023,MUJER,20-24,659586.0,96.0,14.554584239204592,11.78925996230885,17.77363846402569
TEA_operacional,records,2023,MUJER,25-29,766871.0,68.0,8.867201915315613,6.885729249459486,11.241291319665178
TEA_operacional,records,2023,MUJER,30-34,842620.0,41.0,4.865775794545584,3.4917647181950677,6.600974290396017
TEA_operacional,records,2023,MUJER,35-39,747993.0,18.0,2.4064396324564536,1.4262086383695474,3.8032120979110746
TEA_operacional,records,2023,MUJER,40-44,695661.0,8.0,1.1499854095601163,0.4964820762912541,2.2659297014197017
TEA_operacional,records,2023,MUJER,45-49,666775.0,13.0,1.9496831764838214,1.0381241784715685,3.3340176098622285
TEA_operacional,records,2023,MUJER,5-9,610108.0,398.0,65.23435195080215,58.98208814208159,71.96900016147046
TEA_operacional,records,2023,MUJER,50-54,623409.0,4.0,0.6416333418349751,0.17482349045752063,1.642836191874627
TEA_operacional,records,2023,MUJER,55-59,614189.0,4.0,0.651265327122433,0.17744788226854027,1.667497899735048
TEA_operacional,records,2023,MUJER,60-64,554778.0,2.0,0.36050456218523447,0.043658774959346794,1.3022664322889446
TEA_operacional,records,2023,MUJER,65-69,477077.0,0.0,0.0,0.0,0.7732251720611003
TEA_operacional,records,2023,MUJER,70-74,372694.0,0.0,0.0,0.0,0.9897877223979821
TEA_operacional,records,2023,MUJER,75-79,267102.0,1.0,0.37438881026723875,0.009478704009812685,2.0859609403669377
TEA_operacional,records,2023,MUJER,80+,389542.0,2.0,0.5134234562640229,0.06217796246462897,1.8546620563954492
TEA_operacional,records,2024,HOMBRE,0-4,603305.0,1068.0,177.0248879091007,166.5658662414548,187.9685998704334
TEA_operacional,records,2024,HOMBRE,10-14,657714.0,1404.0,213.4666435563178,202.44541945727573,224.9318843015515
TEA_operacional,records,2024,HOMBRE,15-19,635804.0,671.0,105.53566822479884,97.70045991844492,113.83201323069996
TEA_operacional,records,2024,HOMBRE,20-24,661712.0,242.0,36.57180162971202,32.10883767356326,41.48159091146802
TEA_operacional,records,2024,HOMBRE,25-29,767831.0,120.0,15.628439070576729,12.95752914716112,18.68778225538592
TEA_operacional,records,2024,HOMBRE,30-34,861519.0,63.0,7.312665187883262,5.619252714738415,9.35607540714604
TEA_operacional,records,2024,HOMBRE,35-39,790820.0,40.0,5.058041020712678,3.6135386613627585,6.887616267163711
TEA_operacional,records,2024,HOMBRE,40-44,715861.0,22.0,3.0732223155053844,1.9259720633236912,4.652895518421206
TEA_operacional,records,2024,HOMBRE,45-49,667483.0,15.0,2.2472482445245796,1.257767783266887,3.7064942285400293
TEA_operacional,records,2024,HOMBRE,5-9,622349.0,2158.0,346.7507781003906,332.2737097352543,361.6962872935529
TEA_operacional,records,2024,HOMBRE,50-54,612505.0,12.0,1.9591676802638345,1.0123305293380818,3.422271662790828
TEA_operacional,records,2024,HOMBRE,55-59,585699.0,7.0,1.1951531418015056,0.4805135490277199,2.4624722531031087
TEA_operacional,records,2024,HOMBRE,60-64,521387.0,9.0,1.7261650175397545,0.789312563868745,3.2767988943758026
TEA_operacional,records,2024,HOMBRE,65-69,430924.0,5.0,1.160297407431473,0.3767454098909368,2.707747092137516
TEA_operacional,records,2024,HOMBRE,70-74,326872.0,1.0,0.30593015002814555,0.007745480795017584,1.7045336984932629
TEA_operacional,records,2024,HOMBRE,75-79,213855.0,2.0,0.9352131116878258,0.11325864653338243,3.3783113173523933
TEA_operacional,records,2024,HOMBRE,80+,234860.0,0.0,0.0,0.0,1.5706716572059676
TEA_operacional,records,2024,MUJER,0-4,580776.0,348.0,59.91983139799165,53.78898505331125,66.55800289382533
TEA_operacional,records,2024,MUJER,10-14,634559.0,889.0,140.0972959173221,131.0381468580616,149.6177124461717
TEA_operacional,records,2024,MUJER,15-19,614278.0,584.0,95.07096135625889,87.51566551080339,103.10399096334159
TEA_operacional,records,2024,MUJER,20-24,641616.0,177.0,27.586593850527418,23.672111255294915,31.963522745630662
TEA_operacional,records,2024,MUJER,25-29,746460.0,112.0,15.004152935187419,12.354373112096884,18.05389482251365
TEA_operacional,records,2024,MUJER,30-34,838059.0,65.0,7.756017177788198,5.985930313884138,9.885680580468867
TEA_operacional,records,2024,MUJER,35-39,770683.0,44.0,5.709221560615713,4.1483291260017845,7.664363464655083
TEA_operacional,records,2024,MUJER,40-44,705304.0,25.0,3.544570851717841,2.2938593638812947,5.232485807188158
TEA_operacional,records,2024,MUJER,45-49,669888.0,11.0,1.6420655393140347,0.819713200898783,2.93810883510407
TEA_operacional,records,2024,MUJER,5-9,599322.0,585.0,97.61029963859161,89.85969801027217,105.85055109604922
TEA_operacional,records,2024,MUJER,50-54,628569.0,8.0,1.2727321901016435,0.5494754238195809,2.507789792400407
TEA_operacional,records,2024,MUJER,55-59,616599.0,6.0,0.9730797487508088,0.3571031178271211,2.117984950108366
TEA_operacional,records,2024,MUJER,60-64,567088.0,2.0,0.3526789492988742,0.042711056933661964,1.2739976278327103
TEA_operacional,records,2024,MUJER,65-69,488891.0,3.0,0.6136337138544175,0.12654602414354146,1.793298111387267
TEA_operacional,records,2024,MUJER,70-74,392267.0,3.0,0.7647852100737508,0.1577170964918286,2.2350269254722734
TEA_operacional,records,2024,MUJER,75-79,277579.0,1.0,0.36025780048202494,0.00912093781744652,2.007227993089858
TEA_operacional,records,2024,MUJER,80+,403939.0,7.0,1.7329349233423859,0.6967297169918887,3.5705082603319753
TEA_operacional,records,2019,TOTAL,0-4,1202176.0,592.0,49.24403747870528,45.356596795314424,53.37556403989722
TEA_operacional,records,2019,TOTAL,10-14,1236524.0,525.0,42.457728277008776,38.903095185446496,46.249866117860925
TEA_operacional,records,2019,TOTAL,15-19,1272967.0,243.0,19.089261544093446,16.764384285814575,21.646396953455668
TEA_operacional,records,2019,TOTAL,20-24,1446985.0,100.0,6.910921675069195,5.623001707061451,8.40553245489251
TEA_operacional,records,2019,TOTAL,25-29,1627783.0,63.0,3.87029475059022,2.974040753312158,4.951788247382513
TEA_operacional,records,2019,TOTAL,30-34,1515386.0,42.0,2.77157107166095,1.9975046445247415,3.7463589328719316
TEA_operacional,records,2019,TOTAL,35-39,1396728.0,19.0,1.3603221242790293,0.8190027810974456,2.1243115031405964
TEA_operacional,records,2019,TOTAL,40-44,1328559.0,8.0,0.6021561707082637,0.25996829472748306,1.1864877073726732
TEA_operacional,records,2019,TOTAL,45-49,1243929.0,5.0,0.40195220145201216,0.13051278570709587,0.9380223533113764
TEA_operacional,records,2019,TOTAL,5-9,1275472.0,706.0,55.35205790483837,51.343815373326876,59.5900966713999
TEA_operacional,records,2019,TOTAL,50-54,1218076.0,6.0,0.49258010173421035,0.1807682158987494,1.0721395071012552
TEA_operacional,records,2019,TOTAL,55-59,1118091.0,8.0,0.7155052674603409,0.308904389423446,1.4098306148777973
TEA_operacional,records,2019,TOTAL,60-64,964318.0,2.0,0.2074004633326351,0.025117158296740803,0.7492017848597621
TEA_operacional,records,2019,TOTAL,65-69,777714.0,2.0,0.2571639445863132,0.031143746742885555,0.9289645895179925
TEA_operacional,records,2019,TOTAL,70-74,557691.0,1.0,0.17931076528041515,0.004539755524885622,0.9990556402988211
TEA_operacional,records,2019,TOTAL,75-79,398309.0,0.0,0.0,0.0,0.9261350996623062
TEA_operacional,records,2019,TOTAL,80+,526508.0,1.0,0.18993063733124663,0.004808627406286301,1.058225780223453
TEA_operacional,records,2020,TOTAL,0-4,1190382.0,356.0,29.90636619169309,26.880072429188356,33.180129986629744
TEA_operacional,records,2020,TOTAL,10-14,1265269.0,419.0,33.11548769471156,30.020171596393105,36.44331068661026
TEA_operacional,records,2020,TOTAL,15-19,1260062.0,215.0,17.062652472656108,14.857986277607498,19.502263979726024
TEA_operacional,records,2020,TOTAL,20-24,1443181.0,59.0,4.088191294092702,3.112120629962107,5.273468910869514
TEA_operacional,records,2020,TOTAL,25-29,1649147.0,46.0,2.7893207821983124,2.0421333822255914,3.720563037169276
TEA_operacional,records,2020,TOTAL,30-34,1596211.0,32.0,2.0047474926560462,1.3712458009175832,2.830105298072778
TEA_operacional,records,2020,TOTAL,35-39,1435240.0,19.0,1.32382040634319,0.7970263624457743,2.0673095490360907
TEA_operacional,records,2020,TOTAL,40-44,1347007.0,11.0,0.8166253033577405,0.4076564091527987,1.4611682428749035
TEA_operacional,records,2020,TOTAL,45-49,1271513.0,4.0,0.3145858516586146,0.0857140566888679,0.8054647239472733
TEA_operacional,records,2020,TOTAL,5-9,1282387.0,426.0,33.21930119378939,30.13927307225489,36.52870223235873
TEA_operacional,records,2020,TOTAL,50-54,1224425.0,1.0,0.08167098842313739,0.002067730402784154,0.4550416228792207
TEA_operacional,records,2020,TOTAL,55-59,1145476.0,3.0,0.26189985647887865,0.05401004673128039,0.7653825195588841
TEA_operacional,records,2020,TOTAL,60-64,989394.0,2.0,0.20214393861292873,0.024480568766736505,0.7302134102009877
TEA_operacional,records,2020,TOTAL,65-69,814608.0,1.0,0.12275843104904445,0.0031079743857523956,0.6839662010364369
TEA_operacional,records,2020,TOTAL,70-74,583389.0,2.0,0.34282442761176507,0.04151762863954668,1.2383997071806223
TEA_operacional,records,2020,TOTAL,75-79,413785.0,1.0,0.24167139939823823,0.0061185900852592226,1.3465068552361488
TEA_operacional,records,2020,TOTAL,80+,546834.0,1.0,0.18287085294623232,0.00462988914081602,1.0188911792132345
TEA_operacional,records,2021,TOTAL,0-4,1178895.0,474.0,40.20714312979528,36.66853010074454,43.995058707629276
TEA_operacional,records,2021,TOTAL,10-14,1287620.0,633.0,49.16046659728802,45.40486954865377,53.14385069236754
TEA_operacional,records,2021,TOTAL,15-19,1242805.0,275.0,22.127365113593847,19.589150463032336,24.903177065341207
TEA_operacional,records,2021,TOTAL,20-24,1416129.0,102.0,7.202733649265004,5.872968507373799,8.743627212600598
TEA_operacional,records,2021,TOTAL,25-29,1629871.0,74.0,4.540236619953358,3.565062280594045,5.699851307367064
TEA_operacional,records,2021,TOTAL,30-34,1659478.0,42.0,2.5309163483938923,1.8240618876826145,3.4210636584812
TEA_operacional,records,2021,TOTAL,35-39,1461105.0,29.0,1.9847991759661352,1.3292511583731448,2.85050269751911
TEA_operacional,records,2021,TOTAL,40-44,1362172.0,6.0,0.44047300928223454,0.1616458313260624,0.9587243037236622
TEA_operacional,records,2021,TOTAL,45-49,1296281.0,7.0,0.5400063720751905,0.21711056873624357,1.1126195139558765
TEA_operacional,records,2021,TOTAL,5-9,1279150.0,687.0,53.70754016338975,49.76598634234585,57.8782686304164
TEA_operacional,records,2021,TOTAL,50-54,1225010.0,8.0,0.6530558934212782,0.28194318223920634,1.2867804524202506
TEA_operacional,records,2021,TOTAL,55-59,1167604.0,4.0,0.34258190276840433,0.09334203836457608,0.8771457339477848
TEA_operacional,records,2021,TOTAL,60-64,1013544.0,2.0,0.19732739772520977,0.023897263319990546,0.712814408424692
TEA_operacional,records,2021,TOTAL,65-69,844335.0,3.0,0.35530920783812114,0.07327330063252162,1.0383642831035458
TEA_operacional,records,2021,TOTAL,70-74,615340.0,3.0,0.48753534631260764,0.10054150922995439,1.4247851707580075
TEA_operacional,records,2021,TOTAL,75-79,430954.0,2.0,0.46408665426008344,0.05620304685510866,1.6764405638940492
TEA_operacional,records,2021,TOTAL,80+,568070.0,3.0,0.528103930853592,0.10890772667023454,1.5433437903325864
TEA_operacional,records,2022,TOTAL,0-4,1177286.0,950.0,80.69407093943188,75.64368488829975,85.99299064493927
TEA_operacional,records,2022,TOTAL,10-14,1298475.0,929.0,71.54546679758948,67.01815556291677,76.29814285216017
TEA_operacional,records,2022,TOTAL,15-19,1232087.0,470.0,38.14665685134248,34.77546065478274,41.7564079369876
TEA_operacional,records,2022,TOTAL,20-24,1378746.0,139.0,10.081624896826536,8.47535308893515,11.903770477300219
TEA_operacional,records,2022,TOTAL,25-29,1594730.0,94.0,5.894414728512037,4.763287101834806,7.213270818811476
TEA_operacional,records,2022,TOTAL,30-34,1696451.0,58.0,3.4189021669355615,2.59611575461064,4.419723867338023
TEA_operacional,records,2022,TOTAL,35-39,1483789.0,44.0,2.965381196383044,2.154650516895888,3.980885845649734
TEA_operacional,records,2022,TOTAL,40-44,1379609.0,15.0,1.0872645800368075,0.6085337318604992,1.7932775787549837
TEA_operacional,records,2022,TOTAL,45-49,1316079.0,18.0,1.3676990515007077,0.8105851381565642,2.1615541519565302
TEA_operacional,records,2022,TOTAL,5-9,1263605.0,1108.0,87.68562960735356,82.59793629346882,93.00469422533469
TEA_operacional,records,2022,TOTAL,50-54,1224709.0,4.0,0.32660819835569105,0.0889897415325865,0.8362467063934121
TEA_operacional,records,2022,TOTAL,55-59,1184443.0,5.0,0.4221393515770704,0.13706749840375776,0.9851324275902404
TEA_operacional,records,2022,TOTAL,60-64,1037933.0,4.0,0.38538133000877706,0.10500344180465646,0.9867292662824763
TEA_operacional,records,2022,TOTAL,65-69,871490.0,4.0,0.4589840388300497,0.12505770274200792,1.1751814335682216
TEA_operacional,records,2022,TOTAL,70-74,648484.0,4.0,0.616823236964983,0.16806357190406007,1.5793124696066045
TEA_operacional,records,2022,TOTAL,75-79,450362.0,4.0,0.8881744019255621,0.2419976315999851,2.2740792241360714
TEA_operacional,records,2022,TOTAL,80+,590285.0,0.0,0.0,0.0,0.6249319318827237
TEA_operacional,records,2023,TOTAL,0-4,1181326.0,1429.0,120.96576220281277,114.77448791142875,127.40422750105355
TEA_operacional,records,2023,TOTAL,10-14,1298004.0,1501.0,115.63908893963347,109.86230920713693,121.64079147759811
TEA_operacional,records,2023,TOTAL,15-19,1235359.0,924.0,74.79607142539132,70.05048637740852,79.77854242157719
TEA_operacional,records,2023,TOTAL,20-24,1339853.0,273.0,20.375369536807398,18.029842331686027,22.941300263904324
TEA_operacional,records,2023,TOTAL,25-29,1556004.0,145.0,9.318742111202798,7.86372344198299,10.964933779616297
TEA_operacional,records,2023,TOTAL,30-34,1709514.0,109.0,6.376081155228913,5.235426088682503,7.691451580825614
TEA_operacional,records,2023,TOTAL,35-39,1515059.0,45.0,2.970181359273797,2.1664706647222625,3.9743363457765546
TEA_operacional,records,2023,TOTAL,40-44,1400321.0,25.0,1.7853049407957176,1.1553552255396675,2.635462275973178
TEA_operacional,records,2023,TOTAL,45-49,1329324.0,22.0,1.654976514378737,1.0371649704834645,2.5056543316095423
TEA_operacional,records,2023,TOTAL,5-9,1243537.0,1893.0,152.227074867897,145.44607365996467,159.24262927889438
TEA_operacional,records,2023,TOTAL,50-54,1229143.0,12.0,0.976289984159695,0.5044632812229511,1.705382127887232
TEA_operacional,records,2023,TOTAL,55-59,1196120.0,5.0,0.41801825903755474,0.13572939087369332,0.9755151723341029
TEA_operacional,records,2023,TOTAL,60-64,1063197.0,11.0,1.0346154099381395,0.5164762849440734,1.851212758623468
TEA_operacional,records,2023,TOTAL,65-69,896331.0,2.0,0.22313185642357566,0.02702230298226492,0.8060289856898802
TEA_operacional,records,2023,TOTAL,70-74,682886.0,3.0,0.4393119788661651,0.0905966915261993,1.2838560271761792
TEA_operacional,records,2023,TOTAL,75-79,471119.0,2.0,0.4245211931592655,0.05141148596086445,1.5335165144526033
TEA_operacional,records,2023,TOTAL,80+,613792.0,3.0,0.4887649236223346,0.1007950776314454,1.4283785174362524
TEA_operacional,records,2024,TOTAL,0-4,1184081.0,1416.0,119.58641342948667,113.43807302084844,125.98137965575873
TEA_operacional,records,2024,TOTAL,10-14,1292273.0,2293.0,177.4392872094364,170.25019409114077,184.85392943706918
TEA_operacional,records,2024,TOTAL,15-19,1250082.0,1255.0,100.393414192029,94.9152382578527,106.10532332107886
TEA_operacional,records,2024,TOTAL,20-24,1303328.0,419.0,32.14846914974588,29.143540609575414,35.37911505709743
TEA_operacional,records,2024,TOTAL,25-29,1514291.0,232.0,15.320701239061712,13.4125380811673,17.424204206182445
TEA_operacional,records,2024,TOTAL,30-34,1699578.0,128.0,7.531281294533113,6.283167574127462,8.95471807806844
TEA_operacional,records,2024,TOTAL,35-39,1561503.0,84.0,5.379432508294893,4.290846046391586,6.660103488106504
TEA_operacional,records,2024,TOTAL,40-44,1421165.0,47.0,3.3071458979077026,2.429966412560523,4.397802953256446
TEA_operacional,records,2024,TOTAL,45-49,1337371.0,26.0,1.9441127405932983,1.2699589878647242,2.8485756071520165
TEA_operacional,records,2024,TOTAL,5-9,1221671.0,2743.0,224.5285350966013,216.2038657540402,233.0916455968733
TEA_operacional,records,2024,TOTAL,50-54,1241074.0,20.0,1.6115074524162136,0.9843506177233545,2.4888425591604206
TEA_operacional,records,2024,TOTAL,55-59,1202298.0,13.0,1.081262715233661,0.5757268573185518,1.848992173168289
TEA_operacional,records,2024,TOTAL,60-64,1088475.0,11.0,1.0105882082730426,0.5044819924423473,1.8082214578471671
TEA_operacional,records,2024,TOTAL,65-69,919815.0,8.0,0.8697401107831466,0.37549204750395476,1.7137347423333293
TEA_operacional,records,2024,TOTAL,70-74,719139.0,4.0,0.556220702812669,0.15155142102240665,1.4241459127378286
TEA_operacional,records,2024,TOTAL,75-79,491434.0,3.0,0.6104583728435558,0.12589119248883907,1.7840184174766751
TEA_operacional,records,2024,TOTAL,80+,638799.0,7.0,1.0958063491019867,0.44057098579050147,2.257779890341465
TEA_operacional,persons,2019,HOMBRE,0-4,612613.0,369.0,60.23378544040038,54.244071973630945,66.70421516886314
TEA_operacional,persons,2019,HOMBRE,10-14,629243.0,321.0,51.01367834048214,45.58507460296691,56.910869155852176
TEA_operacional,persons,2019,HOMBRE,15-19,647322.0,155.0,23.944806448722584,20.323602806606104,28.025141657560756
TEA_operacional,persons,2019,HOMBRE,20-24,735379.0,57.0,7.751105212414279,5.870611393978445,10.042455849699653
TEA_operacional,persons,2019,HOMBRE,25-29,827193.0,45.0,5.4400847202527105,3.96803512460024,7.279261369107187
TEA_operacional,persons,2019,HOMBRE,30-34,769391.0,24.0,3.1193502393451444,1.998626557197376,4.641345894838023
TEA_operacional,persons,2019,HOMBRE,35-39,705386.0,12.0,1.7011962244785124,0.8790329137128066,2.971647445253657
TEA_operacional,persons,2019,HOMBRE,40-44,665145.0,5.0,0.7517157912936278,0.24408007128046072,1.7542538964169725
TEA_operacional,persons,2019,HOMBRE,45-49,616547.0,3.0,0.48658090948459726,0.10034468141043608,1.4219959013250123
TEA_operacional,persons,2019,HOMBRE,5-9,649322.0,475.0,73.1532275203982,66.72166838301219,80.03740778098475
TEA_operacional,persons,2019,HOMBRE,50-54,597164.0,4.0,0.6698327427641318,0.18250687811494412,1.7150378581769319
TEA_operacional,persons,2019,HOMBRE,55-59,540699.0,3.0,0.5548373494310143,0.11442080027808472,1.6214701839179142
TEA_operacional,persons,2019,HOMBRE,60-64,458457.0,2.0,0.4362459292801724,0.05283140589934606,1.5758702926826202
TEA_operacional,persons,2019,HOMBRE,65-69,361643.0,1.0,0.27651579043421276,0.007000773686837537,1.5406473762630268
TEA_operacional,persons,2019,HOMBRE,70-74,251433.0,1.0,0.3977202674271078,0.010069405362179935,2.215955499452696
TEA_operacional,persons,2019,HOMBRE,75-79,168861.0,0.0,0.0,0.0,2.184565680716054
TEA_operacional,persons,2019,HOMBRE,80+,188341.0,1.0,0.5309518373588332,0.013442536667156845,2.9582742955272074
TEA_operacional,persons,2019,MUJER,0-4,589563.0,148.0,25.103339252972116,21.22195875829794,29.489136106961265
TEA_operacional,persons,2019,MUJER,10-14,607281.0,109.0,17.94885728353102,14.737879490002125,21.651663987089204
TEA_operacional,persons,2019,MUJER,15-19,625645.0,45.0,7.192577260267404,5.2463152088220095,9.624234269747031
TEA_operacional,persons,2019,MUJER,20-24,711606.0,16.0,2.248435229607395,1.2851750060625575,3.65131794807252
TEA_operacional,persons,2019,MUJER,25-29,800590.0,9.0,1.1241709239435915,0.5140425308058224,2.134026586819616
TEA_operacional,persons,2019,MUJER,30-34,745995.0,10.0,1.340491558254412,0.6428178065714157,2.4652117027617853
TEA_operacional,persons,2019,MUJER,35-39,691342.0,4.0,0.5785848393414548,0.15764489552585043,1.4814069845899271
TEA_operacional,persons,2019,MUJER,40-44,663414.0,3.0,0.4522063146089772,0.09325581354864404,1.3215387480129035
TEA_operacional,persons,2019,MUJER,45-49,627382.0,2.0,0.318785046431042,0.03860634805333353,1.1515611968025796
TEA_operacional,persons,2019,MUJER,5-9,626150.0,104.0,16.609438632915435,13.571114958097974,20.12511490777056
TEA_operacional,persons,2019,MUJER,50-54,620912.0,2.0,0.32210683639549564,0.03900863222871598,1.1635606442980584
TEA_operacional,persons,2019,MUJER,55-59,577392.0,4.0,0.6927702496743979,0.18875657674964752,1.7737669859304759
TEA_operacional,persons,2019,MUJER,60-64,505861.0,0.0,0.0,0.0,0.7292278815947336
TEA_operacional,persons,2019,MUJER,65-69,416071.0,1.0,0.24034359520370321,0.006084972993621251,1.339108803771207
TEA_operacional,persons,2019,MUJER,70-74,306258.0,0.0,0.0,0.0,1.2045006021439228
TEA_operacional,persons,2019,MUJER,75-79,229448.0,0.0,0.0,0.0,1.6077191582031376
TEA_operacional,persons,2019,MUJER,80+,338167.0,0.0,0.0,0.0,1.0908454858439574
TEA_operacional,persons,2020,HOMBRE,0-4,606528.0,212.0,34.953044212303475,30.40603632612405,39.98822705384412
TEA_operacional,persons,2020,HOMBRE,10-14,643850.0,255.0,39.60549817504077,34.89314758980773,44.776822414119025
TEA_operacional,persons,2020,HOMBRE,15-19,640628.0,120.0,18.731619598269198,15.53037419936979,22.39842550893065
TEA_operacional,persons,2020,HOMBRE,20-24,733010.0,38.0,5.1841039003560665,3.6685804620941256,7.115587634446952
TEA_operacional,persons,2020,HOMBRE,25-29,837355.0,26.0,3.1050151966609145,2.0282990148260107,4.549566681171665
TEA_operacional,persons,2020,HOMBRE,30-34,810229.0,26.0,3.2089693160822432,2.0962052969711453,4.701883551826088
TEA_operacional,persons,2020,HOMBRE,35-39,725354.0,10.0,1.3786371895653708,0.6611101194909565,2.5353628768873926
TEA_operacional,persons,2020,HOMBRE,40-44,675288.0,8.0,1.1846797218372014,0.5114606178028488,2.334291327580723
TEA_operacional,persons,2020,HOMBRE,45-49,631153.0,3.0,0.4753205641104455,0.0980225274847147,1.3890883937400793
TEA_operacional,persons,2020,HOMBRE,5-9,652864.0,280.0,42.88795216155279,38.01108781527544,48.2170318071525
TEA_operacional,persons,2020,HOMBRE,50-54,601037.0,1.0,0.16637910810815307,0.004212354311679626,0.9270050580810996
TEA_operacional,persons,2020,HOMBRE,55-59,554862.0,2.0,0.3604499857622256,0.04365216550132555,1.3020692834838141
TEA_operacional,persons,2020,HOMBRE,60-64,471032.0,1.0,0.212299801287386,0.0053749656040969354,1.1828587847405057
TEA_operacional,persons,2020,HOMBRE,65-69,378921.0,1.0,0.2639072524352042,0.006681553142816016,1.4703970988514488
TEA_operacional,persons,2020,HOMBRE,70-74,264075.0,1.0,0.37868029915743634,0.00958735510150142,2.109871586079295
TEA_operacional,persons,2020,HOMBRE,75-79,176396.0,0.0,0.0,0.0,2.0912489252102855
TEA_operacional,persons,2020,HOMBRE,80+,196519.0,1.0,0.5088566499931304,0.012883134956055076,2.835167790869533
TEA_operacional,persons,2020,MUJER,0-4,583854.0,91.0,15.586088302897641,12.548946054464142,19.13626264726245
TEA_operacional,persons,2020,MUJER,10-14,621419.0,78.0,12.551917466314999,9.921769885539439,15.665361060873547
TEA_operacional,persons,2020,MUJER,15-19,619434.0,39.0,6.296070283516888,4.477121451104796,8.606935341914207
TEA_operacional,persons,2020,MUJER,20-24,710171.0,9.0,1.2673004107461443,0.5794904462979105,2.4057309368334057
TEA_operacional,persons,2020,MUJER,25-29,811792.0,12.0,1.4782111673926326,0.7638132808308308,2.5821374253721348
TEA_operacional,persons,2020,MUJER,30-34,785982.0,4.0,0.5089175070167001,0.13866289223243342,1.303030944144229
TEA_operacional,persons,2020,MUJER,35-39,709886.0,7.0,0.9860738203035417,0.39645281799047527,2.0316889418445183
TEA_operacional,persons,2020,MUJER,40-44,671719.0,2.0,0.29774355050251666,0.03605812527916658,1.0755520787299393
TEA_operacional,persons,2020,MUJER,45-49,640360.0,1.0,0.15616215878568304,0.00395368355054811,0.8700798599130017
TEA_operacional,persons,2020,MUJER,5-9,629523.0,77.0,12.231483202361153,9.652895264263023,15.287255350499171
TEA_operacional,persons,2020,MUJER,50-54,623388.0,0.0,0.0,0.0,0.5917469463823389
TEA_operacional,persons,2020,MUJER,55-59,590614.0,1.0,0.16931532269807353,0.004286692828867903,0.9433645986954082
TEA_operacional,persons,2020,MUJER,60-64,518362.0,1.0,0.19291537574127735,0.004884194440234793,1.074855678259382
TEA_operacional,persons,2020,MUJER,65-69,435687.0,0.0,0.0,0.0,0.8466810931044386
TEA_operacional,persons,2020,MUJER,70-74,319314.0,1.0,0.31317136110536964,0.007928812386644455,1.7448791443340719
TEA_operacional,persons,2020,MUJER,75-79,237389.0,1.0,0.4212495102974443,0.010665114215186835,2.3470520499850025
TEA_operacional,persons,2020,MUJER,80+,350315.0,0.0,0.0,0.0,1.053017842260233
TEA_operacional,persons,2021,HOMBRE,0-4,600632.0,305.0,50.77984522969139,45.24025859271526,56.81057174755596
TEA_operacional,persons,2021,HOMBRE,10-14,655232.0,350.0,53.41619456925181,47.96599922616721,59.31604360081248
TEA_operacional,persons,2021,HOMBRE,15-19,631851.0,154.0,24.37283473477133,20.675449640565212,28.54063267833308
TEA_operacional,persons,2021,HOMBRE,20-24,719079.0,71.0,9.873741271821316,7.711473851203975,12.454381105149867
TEA_operacional,persons,2021,HOMBRE,25-29,827115.0,47.0,5.682402084353446,4.175215316741415,7.556390144133157
TEA_operacional,persons,2021,HOMBRE,30-34,842111.0,25.0,2.9687297755284043,1.9212053812180732,4.3824307837720164
TEA_operacional,persons,2021,HOMBRE,35-39,738934.0,15.0,2.0299512541038847,1.1361483072619902,3.348095888331819
TEA_operacional,persons,2021,HOMBRE,40-44,683807.0,4.0,0.584960376246514,0.15938201475362565,1.4977308912315455
TEA_operacional,persons,2021,HOMBRE,45-49,644339.0,6.0,0.9311868441922653,0.34172916019220484,2.0268017336400073
TEA_operacional,persons,2021,HOMBRE,5-9,651336.0,480.0,73.6946829286267,67.2485778741143,80.59197399926485
TEA_operacional,persons,2021,HOMBRE,50-54,602079.0,5.0,0.8304558039725684,0.26964673906886316,1.938006819590564
TEA_operacional,persons,2021,HOMBRE,55-59,566471.0,3.0,0.5295946306165717,0.10921514479922209,1.5477002476282675
TEA_operacional,persons,2021,HOMBRE,60-64,483184.0,2.0,0.41392099076128347,0.05012775227324683,1.495224938682564
TEA_operacional,persons,2021,HOMBRE,65-69,393552.0,2.0,0.5081920559417815,0.061544415615716594,1.835764439698937
TEA_operacional,persons,2021,HOMBRE,70-74,278885.0,2.0,0.7171414740843,0.08684915952595693,2.590561581915112
TEA_operacional,persons,2021,HOMBRE,75-79,184713.0,1.0,0.5413804117739413,0.013706565311748428,3.0163785932440588
TEA_operacional,persons,2021,HOMBRE,80+,205192.0,3.0,1.462045303910484,0.30150889064661457,4.2727168065725385
TEA_operacional,persons,2021,MUJER,0-4,578263.0,101.0,17.46610106474044,14.226426175120826,21.222896105376016
TEA_operacional,persons,2021,MUJER,10-14,632388.0,147.0,23.245222869504165,19.63945424736977,27.32129114922299
TEA_operacional,persons,2021,MUJER,15-19,610954.0,66.0,10.802777295835693,8.35486717799397,13.74378143731063
TEA_operacional,persons,2021,MUJER,20-24,697050.0,17.0,2.4388494369127036,1.4207196714162964,3.9048342035587997
TEA_operacional,persons,2021,MUJER,25-29,802756.0,13.0,1.6194210943300331,0.8622735290678365,2.7692593911672883
TEA_operacional,persons,2021,MUJER,30-34,817367.0,9.0,1.1010965698394968,0.5034914667925587,2.090224275193293
TEA_operacional,persons,2021,MUJER,35-39,722171.0,9.0,1.2462422334876366,0.5698613067235231,2.3657559568882114
TEA_operacional,persons,2021,MUJER,40-44,678365.0,2.0,0.2948265314395642,0.03570486073779823,1.0650148029046251
TEA_operacional,persons,2021,MUJER,45-49,651942.0,1.0,0.15338787806277246,0.003883444843910942,0.8546225570585877
TEA_operacional,persons,2021,MUJER,5-9,627814.0,98.0,15.60971880206558,12.672724258195522,19.023247377907357
TEA_operacional,persons,2021,MUJER,50-54,622931.0,2.0,0.32106284644687777,0.03888220020258503,1.1597893936445547
TEA_operacional,persons,2021,MUJER,55-59,601133.0,0.0,0.0,0.0,0.6136544581837855
TEA_operacional,persons,2021,MUJER,60-64,530360.0,0.0,0.0,0.0,0.6955425473478271
TEA_operacional,persons,2021,MUJER,65-69,450783.0,0.0,0.0,0.0,0.8183271006479693
TEA_operacional,persons,2021,MUJER,70-74,336455.0,1.0,0.2972165668514363,0.0075248719692945195,1.6559847203753542
TEA_operacional,persons,2021,MUJER,75-79,246241.0,1.0,0.406106213018953,0.010281719122440972,2.262678997786274
TEA_operacional,persons,2021,MUJER,80+,362878.0,0.0,0.0,0.0,1.0165618897023063
TEA_operacional,persons,2022,HOMBRE,0-4,599782.0,614.0,102.37052795849158,94.43230808937875,110.79786262474265
TEA_operacional,persons,2022,HOMBRE,10-14,660773.0,536.0,81.11711586278496,74.39438412381848,88.28423134724146
TEA_operacional,persons,2022,HOMBRE,15-19,626479.0,250.0,39.90556746515047,35.111790759297165,45.17113982149698
TEA_operacional,persons,2022,HOMBRE,20-24,700037.0,80.0,11.427967378867118,9.06166739629339,14.22309463177496
TEA_operacional,persons,2022,HOMBRE,25-29,808991.0,59.0,7.293035398416052,5.551796451220525,9.407484306077048
TEA_operacional,persons,2022,HOMBRE,30-34,860590.0,35.0,4.066977306266631,2.832798708156005,5.656180918797927
TEA_operacional,persons,2022,HOMBRE,35-39,750870.0,22.0,2.929934609186677,1.8361744206360102,4.435956209080831
TEA_operacional,persons,2022,HOMBRE,40-44,693436.0,12.0,1.7305129817315512,0.8941813099871102,3.022857920295018
TEA_operacional,persons,2022,HOMBRE,45-49,655076.0,9.0,1.3738863887548927,0.628228342570684,2.6080643240508223
TEA_operacional,persons,2022,HOMBRE,5-9,643572.0,768.0,119.33396729503458,111.0423002417601,128.08082555518027
TEA_operacional,persons,2022,HOMBRE,50-54,602705.0,4.0,0.6636746003434516,0.18082899156740442,1.6992705677576416
TEA_operacional,persons,2022,HOMBRE,55-59,575473.0,0.0,0.0,0.0,0.6410169467749026
TEA_operacional,persons,2022,HOMBRE,60-64,495545.0,3.0,0.6053940610842607,0.12484680965312965,1.7692183494419929
TEA_operacional,persons,2022,HOMBRE,65-69,406952.0,2.0,0.49145845210245925,0.059517898559035214,1.775316909051672
TEA_operacional,persons,2022,HOMBRE,70-74,294260.0,2.0,0.679671039217019,0.08231131602799055,2.4552054875701628
TEA_operacional,persons,2022,HOMBRE,75-79,194048.0,2.0,1.0306728232189974,0.12481926046337245,3.7231446176842637
TEA_operacional,persons,2022,HOMBRE,80+,214389.0,0.0,0.0,0.0,1.720647726382387
TEA_operacional,persons,2022,MUJER,0-4,577504.0,213.0,36.8828614174101,32.09568619211936,42.18271932331132
TEA_operacional,persons,2022,MUJER,10-14,637702.0,235.0,36.85106836735654,32.28975160047371,41.87617692119772
TEA_operacional,persons,2022,MUJER,15-19,605608.0,116.0,19.154304434551722,15.827572373781962,22.97376363560207
TEA_operacional,persons,2022,MUJER,20-24,678709.0,31.0,4.56749505310818,3.1033912883344486,6.483194639123505
TEA_operacional,persons,2022,MUJER,25-29,785739.0,20.0,2.545374481857207,1.5547808604897992,3.9311244449714984
TEA_operacional,persons,2022,MUJER,30-34,835861.0,10.0,1.1963711669763275,0.5737064770497048,2.2001691719098964
TEA_operacional,persons,2022,MUJER,35-39,732919.0,13.0,1.773729429855141,0.9444362188732727,3.0331313444130763
TEA_operacional,persons,2022,MUJER,40-44,686173.0,1.0,0.14573584212727694,0.003689712067407181,0.8119881416113572
TEA_operacional,persons,2022,MUJER,45-49,661003.0,6.0,0.9077114627316366,0.33311410893609417,1.9757057112477077
TEA_operacional,persons,2022,MUJER,5-9,620033.0,170.0,27.417895499110532,23.451190655957813,31.86338047761536
TEA_operacional,persons,2022,MUJER,50-54,622004.0,0.0,0.0,0.0,0.5930636224387521
TEA_operacional,persons,2022,MUJER,55-59,608970.0,5.0,0.821058508629325,0.26659546285012736,1.9160766670480764
TEA_operacional,persons,2022,MUJER,60-64,542388.0,1.0,0.18436986069013325,0.004667840731043068,1.0272431158025064
TEA_operacional,persons,2022,MUJER,65-69,464538.0,2.0,0.4305352845192428,0.05213982032556324,1.5552414802930998
TEA_operacional,persons,2022,MUJER,70-74,354224.0,2.0,0.5646144812322147,0.06837743307736488,2.0395816397883713
TEA_operacional,persons,2022,MUJER,75-79,256314.0,1.0,0.39014646098145245,0.009877653184878654,2.1737569508255103
TEA_operacional,persons,2022,MUJER,80+,375896.0,0.0,0.0,0.0,0.9813564002048267
TEA_operacional,persons,2023,HOMBRE,0-4,601871.0,904.0,150.19829830644773,140.565562510335,160.31730825556966
TEA_operacional,persons,2023,HOMBRE,10-14,660567.0,758.0,114.74990424892555,106.72527863364338,123.21804477813178
TEA_operacional,persons,2023,HOMBRE,15-19,628233.0,377.0,60.009582431995774,54.1041631111913,66.38368051761023
TEA_operacional,persons,2023,HOMBRE,20-24,680267.0,141.0,20.727155660939015,17.44724454843773,24.444509030020207
TEA_operacional,persons,2023,HOMBRE,25-29,789133.0,62.0,7.8567237715315414,6.0237050644406684,10.071965293017305
TEA_operacional,persons,2023,HOMBRE,30-34,866894.0,55.0,6.344489637718106,4.779537864080092,8.258225339656216
TEA_operacional,persons,2023,HOMBRE,35-39,767066.0,25.0,3.259171961734714,2.1091642502508687,4.811180745533027
TEA_operacional,persons,2023,HOMBRE,40-44,704660.0,16.0,2.2705985865523797,1.2978432795449613,3.687309851213484
TEA_operacional,persons,2023,HOMBRE,45-49,662549.0,8.0,1.20745786349387,0.521294602625391,2.3791733472080274
TEA_operacional,persons,2023,HOMBRE,5-9,633429.0,1244.0,196.39138719572358,185.62826934353478,207.61580025612278
TEA_operacional,persons,2023,HOMBRE,50-54,605734.0,7.0,1.1556227651081168,0.46462028737364347,2.38102456882103
TEA_operacional,persons,2023,HOMBRE,55-59,581931.0,1.0,0.17184167882446544,0.004350654628175827,0.9574405541101777
TEA_operacional,persons,2023,HOMBRE,60-64,508419.0,8.0,1.5735053174645321,0.6793279119679834,3.1004327572717214
TEA_operacional,persons,2023,HOMBRE,65-69,419254.0,2.0,0.477037786163042,0.057771489012380314,1.7232245053652346
TEA_operacional,persons,2023,HOMBRE,70-74,310192.0,3.0,0.9671429308299376,0.19944812338667708,2.8264020573523245
TEA_operacional,persons,2023,HOMBRE,75-79,204017.0,1.0,0.4901552321620257,0.012409656050373192,2.730970159809672
TEA_operacional,persons,2023,HOMBRE,80+,224250.0,1.0,0.4459308807134894,0.011289992412169398,2.4845678443428754
TEA_operacional,persons,2023,MUJER,0-4,579455.0,326.0,56.25976132745424,50.317693514177826,62.71060677548096
TEA_operacional,persons,2023,MUJER,10-14,637437.0,460.0,72.16399424570585,65.71919652315101,79.0699647063178
TEA_operacional,persons,2023,MUJER,15-19,607126.0,268.0,44.142402071398685,39.015196451779715,49.75610038474302
TEA_operacional,persons,2023,MUJER,20-24,659586.0,85.0,12.886871461795732,10.293575213057053,15.934816129951054
TEA_operacional,persons,2023,MUJER,25-29,766871.0,47.0,6.128801323821086,4.503212687279315,8.15000649922177
TEA_operacional,persons,2023,MUJER,30-34,842620.0,36.0,4.272388502527829,2.9923283825823295,5.91478655731364
TEA_operacional,persons,2023,MUJER,35-39,747993.0,16.0,2.139057451072403,1.2226561550230448,3.473695288266192
TEA_operacional,persons,2023,MUJER,40-44,695661.0,8.0,1.1499854095601163,0.4964820762912541,2.2659297014197017
TEA_operacional,persons,2023,MUJER,45-49,666775.0,11.0,1.6497319185632335,0.8235402297981838,2.9518261052531893
TEA_operacional,persons,2023,MUJER,5-9,610108.0,332.0,54.41659509463898,48.719921085214374,60.59640537381987
TEA_operacional,persons,2023,MUJER,50-54,623409.0,4.0,0.6416333418349751,0.17482349045752063,1.642836191874627
TEA_operacional,persons,2023,MUJER,55-59,614189.0,4.0,0.651265327122433,0.17744788226854027,1.667497899735048
TEA_operacional,persons,2023,MUJER,60-64,554778.0,2.0,0.36050456218523447,0.043658774959346794,1.3022664322889446
TEA_operacional,persons,2023,MUJER,65-69,477077.0,0.0,0.0,0.0,0.7732251720611003
TEA_operacional,persons,2023,MUJER,70-74,372694.0,0.0,0.0,0.0,0.9897877223979821
TEA_operacional,persons,2023,MUJER,75-79,267102.0,1.0,0.37438881026723875,0.009478704009812685,2.0859609403669377
TEA_operacional,persons,2023,MUJER,80+,389542.0,2.0,0.5134234562640229,0.06217796246462897,1.8546620563954492
TEA_operacional,persons,2024,HOMBRE,0-4,603305.0,927.0,153.65362461773066,143.92029576175207,163.87200501085806
TEA_operacional,persons,2024,HOMBRE,10-14,657714.0,1091.0,165.8775698859991,156.17945165189545,176.02023481326813
TEA_operacional,persons,2024,HOMBRE,15-19,635804.0,517.0,81.31436732074664,74.45527825128036,88.6354114178868
TEA_operacional,persons,2024,HOMBRE,20-24,661712.0,195.0,29.469013709891918,25.47780564362511,33.90810960527539
TEA_operacional,persons,2024,HOMBRE,25-29,767831.0,100.0,13.023699225480607,10.596601498366585,15.84030780112113
TEA_operacional,persons,2024,HOMBRE,30-34,861519.0,55.0,6.384072783072689,4.809357306273974,8.309748244201156
TEA_operacional,persons,2024,HOMBRE,35-39,790820.0,34.0,4.2993348676057765,2.9774143780597693,6.0078895444226355
TEA_operacional,persons,2024,HOMBRE,40-44,715861.0,20.0,2.7938384686412587,1.706549118530545,4.314856920921045
TEA_operacional,persons,2024,HOMBRE,45-49,667483.0,12.0,1.7977985956196638,0.928948768541254,3.1403923467978903
TEA_operacional,persons,2024,HOMBRE,5-9,622349.0,1870.0,300.47449260784543,287.00863932336665,314.4090367774486
TEA_operacional,persons,2024,HOMBRE,50-54,612505.0,12.0,1.9591676802638345,1.0123305293380818,3.422271662790828
TEA_operacional,persons,2024,HOMBRE,55-59,585699.0,6.0,1.0244169786870048,0.3759429764248958,2.229724486898336
TEA_operacional,persons,2024,HOMBRE,60-64,521387.0,9.0,1.7261650175397545,0.789312563868745,3.2767988943758026
TEA_operacional,persons,2024,HOMBRE,65-69,430924.0,5.0,1.160297407431473,0.3767454098909368,2.707747092137516
TEA_operacional,persons,2024,HOMBRE,70-74,326872.0,1.0,0.30593015002814555,0.007745480795017584,1.7045336984932629
TEA_operacional,persons,2024,HOMBRE,75-79,213855.0,2.0,0.9352131116878258,0.11325864653338243,3.3783113173523933
TEA_operacional,persons,2024,HOMBRE,80+,234860.0,0.0,0.0,0.0,1.5706716572059676
TEA_operacional,persons,2024,MUJER,0-4,580776.0,282.0,48.55572544320013,43.053389227688655,54.56637237595517
TEA_operacional,persons,2024,MUJER,10-14,634559.0,691.0,108.8945235982785,100.92556536949233,117.32543734809401
TEA_operacional,persons,2024,MUJER,15-19,614278.0,444.0,72.2799774694845,65.71229197276647,79.32635341507532
TEA_operacional,persons,2024,MUJER,20-24,641616.0,152.0,23.69018228971846,20.073778477153716,27.769918199139315
TEA_operacional,persons,2024,MUJER,25-29,746460.0,95.0,12.726736864667899,10.296690119139692,15.55777585182803
TEA_operacional,persons,2024,MUJER,30-34,838059.0,57.0,6.8014304482142665,5.151337001681832,8.812042040353104
TEA_operacional,persons,2024,MUJER,35-39,770683.0,40.0,5.190201418741558,3.7079559873240964,7.067581218735079
TEA_operacional,persons,2024,MUJER,40-44,705304.0,20.0,2.8356566813742727,1.7320927692745176,4.3794417588266334
TEA_operacional,persons,2024,MUJER,45-49,669888.0,10.0,1.4927868539218496,0.7158493205031936,2.7452881738466397
TEA_operacional,persons,2024,MUJER,5-9,599322.0,476.0,79.42308141533266,72.44745271838761,86.8890845559608
TEA_operacional,persons,2024,MUJER,50-54,628569.0,8.0,1.2727321901016435,0.5494754238195809,2.507789792400407
TEA_operacional,persons,2024,MUJER,55-59,616599.0,5.0,0.8108997906256741,0.26329695476613174,1.892369608014718
TEA_operacional,persons,2024,MUJER,60-64,567088.0,2.0,0.3526789492988742,0.042711056933661964,1.2739976278327103
TEA_operacional,persons,2024,MUJER,65-69,488891.0,3.0,0.6136337138544175,0.12654602414354146,1.793298111387267
TEA_operacional,persons,2024,MUJER,70-74,392267.0,3.0,0.7647852100737508,0.1577170964918286,2.2350269254722734
TEA_operacional,persons,2024,MUJER,75-79,277579.0,1.0,0.36025780048202494,0.00912093781744652,2.007227993089858
TEA_operacional,persons,2024,MUJER,80+,403939.0,6.0,1.4853727914363308,0.5451056356258868,3.233031230586471
TEA_operacional,persons,2019,TOTAL,0-4,1202176.0,517.0,43.00535029812607,39.37773149129334,46.87728678757361
TEA_operacional,persons,2019,TOTAL,10-14,1236524.0,430.0,34.77490125545481,31.565307676025807,38.22235761303752
TEA_operacional,persons,2019,TOTAL,15-19,1272967.0,200.0,15.71132637373946,13.609220245415422,18.04618514584038
TEA_operacional,persons,2019,TOTAL,20-24,1446985.0,73.0,5.044972822800513,3.954453358016783,6.343295900301769
TEA_operacional,persons,2019,TOTAL,25-29,1627783.0,54.0,3.317395500505903,2.4921296003548847,4.328481523256522
TEA_operacional,persons,2019,TOTAL,30-34,1515386.0,34.0,2.2436527722969593,1.553794768103458,3.135279862371903
TEA_operacional,persons,2019,TOTAL,35-39,1396728.0,16.0,1.1455344204454982,0.654771899299042,1.8602761308974216
TEA_operacional,persons,2019,TOTAL,40-44,1328559.0,8.0,0.6021561707082637,0.25996829472748306,1.1864877073726732
TEA_operacional,persons,2019,TOTAL,45-49,1243929.0,5.0,0.40195220145201216,0.13051278570709587,0.9380223533113764
TEA_operacional,persons,2019,TOTAL,5-9,1275472.0,579.0,45.39495966983203,41.77219923126179,49.24781421908212
TEA_operacional,persons,2019,TOTAL,50-54,1218076.0,6.0,0.49258010173421035,0.1807682158987494,1.0721395071012552
TEA_operacional,persons,2019,TOTAL,55-59,1118091.0,7.0,0.6260671090277983,0.2517114484885278,1.289937524021066
TEA_operacional,persons,2019,TOTAL,60-64,964318.0,2.0,0.2074004633326351,0.025117158296740803,0.7492017848597621
TEA_operacional,persons,2019,TOTAL,65-69,777714.0,2.0,0.2571639445863132,0.031143746742885555,0.9289645895179925
TEA_operacional,persons,2019,TOTAL,70-74,557691.0,1.0,0.17931076528041515,0.004539755524885622,0.9990556402988211
TEA_operacional,persons,2019,TOTAL,75-79,398309.0,0.0,0.0,0.0,0.9261350996623062
TEA_operacional,persons,2019,TOTAL,80+,526508.0,1.0,0.18993063733124663,0.004808627406286301,1.058225780223453
TEA_operacional,persons,2020,TOTAL,0-4,1190382.0,303.0,25.454013921581474,22.66834618537217,28.48751176084864
TEA_operacional,persons,2020,TOTAL,10-14,1265269.0,333.0,26.318514086727802,23.567350463493593,29.30263793938023
TEA_operacional,persons,2020,TOTAL,15-19,1260062.0,159.0,12.618426712336378,10.733292364396277,14.739350122617097
TEA_operacional,persons,2020,TOTAL,20-24,1443181.0,47.0,3.256694759700966,2.3928968138484192,4.330713634717126
TEA_operacional,persons,2020,TOTAL,25-29,1649147.0,38.0,2.3042215157290404,1.6306042848330773,3.1627240579074885
TEA_operacional,persons,2020,TOTAL,30-34,1596211.0,30.0,1.8794507743650433,1.2680575451128275,2.683032844329958
TEA_operacional,persons,2020,TOTAL,35-39,1435240.0,17.0,1.1844708898860121,0.6899979424770278,1.8964526362076457
TEA_operacional,persons,2020,TOTAL,40-44,1347007.0,10.0,0.7423866394161277,0.3560032498815844,1.3652754619699659
TEA_operacional,persons,2020,TOTAL,45-49,1271513.0,4.0,0.3145858516586146,0.0857140566888679,0.8054647239472733
TEA_operacional,persons,2020,TOTAL,5-9,1282387.0,357.0,27.83871015535872,25.02548989111899,30.881640101389156
TEA_operacional,persons,2020,TOTAL,50-54,1224425.0,1.0,0.08167098842313739,0.002067730402784154,0.4550416228792207
TEA_operacional,persons,2020,TOTAL,55-59,1145476.0,3.0,0.26189985647887865,0.05401004673128039,0.7653825195588841
TEA_operacional,persons,2020,TOTAL,60-64,989394.0,2.0,0.20214393861292873,0.024480568766736505,0.7302134102009877
TEA_operacional,persons,2020,TOTAL,65-69,814608.0,1.0,0.12275843104904445,0.0031079743857523956,0.6839662010364369
TEA_operacional,persons,2020,TOTAL,70-74,583389.0,2.0,0.34282442761176507,0.04151762863954668,1.2383997071806223
TEA_operacional,persons,2020,TOTAL,75-79,413785.0,1.0,0.24167139939823823,0.0061185900852592226,1.3465068552361488
TEA_operacional,persons,2020,TOTAL,80+,546834.0,1.0,0.18287085294623232,0.00462988914081602,1.0188911792132345
TEA_operacional,persons,2021,TOTAL,0-4,1178895.0,406.0,34.4390297694027,31.17014960347246,37.9575154375396
TEA_operacional,persons,2021,TOTAL,10-14,1287620.0,497.0,38.59834423199391,35.27906334293738,42.1457961470932
TEA_operacional,persons,2021,TOTAL,15-19,1242805.0,220.0,17.701892090875077,15.439868853860013,20.2020628120769
TEA_operacional,persons,2021,TOTAL,20-24,1416129.0,88.0,6.214123148385493,4.983908476635731,7.655973519534894
TEA_operacional,persons,2021,TOTAL,25-29,1629871.0,60.0,3.6812729350973177,2.809199068515684,4.738527982069951
TEA_operacional,persons,2021,TOTAL,30-34,1659478.0,34.0,2.048837043937913,1.4188792128953964,2.8630444088564646
TEA_operacional,persons,2021,TOTAL,35-39,1461105.0,24.0,1.6425924214892154,1.052439958434641,2.4440473199224706
TEA_operacional,persons,2021,TOTAL,40-44,1362172.0,6.0,0.44047300928223454,0.1616458313260624,0.9587243037236622
TEA_operacional,persons,2021,TOTAL,45-49,1296281.0,7.0,0.5400063720751905,0.21711056873624357,1.1126195139558765
TEA_operacional,persons,2021,TOTAL,5-9,1279150.0,578.0,45.186256498456004,41.577098480245425,49.024849745874754
TEA_operacional,persons,2021,TOTAL,50-54,1225010.0,7.0,0.5714239067436184,0.22974204712776755,1.1773516429827002
TEA_operacional,persons,2021,TOTAL,55-59,1167604.0,3.0,0.25693642707630326,0.052986468262835804,0.7508772725806286
TEA_operacional,persons,2021,TOTAL,60-64,1013544.0,2.0,0.19732739772520977,0.023897263319990546,0.712814408424692
TEA_operacional,persons,2021,TOTAL,65-69,844335.0,2.0,0.2368728052254141,0.02868639563016634,0.8556660173656144
TEA_operacional,persons,2021,TOTAL,70-74,615340.0,3.0,0.48753534631260764,0.10054150922995439,1.4247851707580075
TEA_operacional,persons,2021,TOTAL,75-79,430954.0,2.0,0.46408665426008344,0.05620304685510866,1.6764405638940492
TEA_operacional,persons,2021,TOTAL,80+,568070.0,3.0,0.528103930853592,0.10890772667023454,1.5433437903325864
TEA_operacional,persons,2022,TOTAL,0-4,1177286.0,827.0,70.24631228095807,65.53965420959098,75.20169596742848
TEA_operacional,persons,2022,TOTAL,10-14,1298475.0,771.0,59.377346502628086,55.259528140165756,63.72076913336018
TEA_operacional,persons,2022,TOTAL,15-19,1232087.0,366.0,29.705694484236908,26.739964912796342,32.91046039542846
TEA_operacional,persons,2022,TOTAL,20-24,1378746.0,111.0,8.050793982357881,6.622926040777667,9.69523265275081
TEA_operacional,persons,2022,TOTAL,25-29,1594730.0,79.0,4.953816633536712,3.921983279902859,6.1739335915594316
TEA_operacional,persons,2022,TOTAL,30-34,1696451.0,45.0,2.6525965088293146,1.9348220955532733,3.549382829033011
TEA_operacional,persons,2022,TOTAL,35-39,1483789.0,35.0,2.3588259516683303,1.6430087028896805,3.2805558855796257
TEA_operacional,persons,2022,TOTAL,40-44,1379609.0,13.0,0.9422959693652332,0.5017329178777321,1.6113548054672646
TEA_operacional,persons,2022,TOTAL,45-49,1316079.0,15.0,1.1397492095839232,0.6379089805994408,1.8798429935806165
TEA_operacional,persons,2022,TOTAL,5-9,1263605.0,938.0,74.23205827770545,69.55696574529405,79.13872259973004
TEA_operacional,persons,2022,TOTAL,50-54,1224709.0,4.0,0.32660819835569105,0.0889897415325865,0.8362467063934121
TEA_operacional,persons,2022,TOTAL,55-59,1184443.0,5.0,0.4221393515770704,0.13706749840375776,0.9851324275902404
TEA_operacional,persons,2022,TOTAL,60-64,1037933.0,4.0,0.38538133000877706,0.10500344180465646,0.9867292662824763
TEA_operacional,persons,2022,TOTAL,65-69,871490.0,4.0,0.4589840388300497,0.12505770274200792,1.1751814335682216
TEA_operacional,persons,2022,TOTAL,70-74,648484.0,4.0,0.616823236964983,0.16806357190406007,1.5793124696066045
TEA_operacional,persons,2022,TOTAL,75-79,450362.0,3.0,0.6661308014441716,0.13737218568520465,1.9467168788091187
TEA_operacional,persons,2022,TOTAL,80+,590285.0,0.0,0.0,0.0,0.6249319318827237
TEA_operacional,persons,2023,TOTAL,0-4,1181326.0,1230.0,104.12028517107048,98.38210668663304,110.10582416346118
TEA_operacional,persons,2023,TOTAL,10-14,1298004.0,1218.0,93.836382630562,88.6399087548043,99.25799218844254
TEA_operacional,persons,2023,TOTAL,15-19,1235359.0,645.0,52.21154336512706,48.259405118587,56.40107590854779
TEA_operacional,persons,2023,TOTAL,20-24,1339853.0,226.0,16.867522034133597,14.739942384897534,19.21593518101223
TEA_operacional,persons,2023,TOTAL,25-29,1556004.0,109.0,7.005123380145553,5.75193521004315,8.450263725378289
TEA_operacional,persons,2023,TOTAL,30-34,1709514.0,91.0,5.323150322255331,4.285868585857213,6.535649015834189
TEA_operacional,persons,2023,TOTAL,35-39,1515059.0,41.0,2.7061652384494597,1.9419908972822366,3.6712187159533007
TEA_operacional,persons,2023,TOTAL,40-44,1400321.0,24.0,1.7138927431638888,1.0981234198934717,2.550136546816995
TEA_operacional,persons,2023,TOTAL,45-49,1329324.0,19.0,1.4292978987816365,0.8605307031518825,2.2320257192065736
TEA_operacional,persons,2023,TOTAL,5-9,1243537.0,1576.0,126.73527205061048,120.55476373386463,133.1505061789523
TEA_operacional,persons,2023,TOTAL,50-54,1229143.0,11.0,0.8949324854797204,0.4467470723289999,1.6012814223651726
TEA_operacional,persons,2023,TOTAL,55-59,1196120.0,5.0,0.41801825903755474,0.13572939087369332,0.9755151723341029
TEA_operacional,persons,2023,TOTAL,60-64,1063197.0,10.0,0.9405594635801268,0.4510348219692525,1.7297223413927785
TEA_operacional,persons,2023,TOTAL,65-69,896331.0,2.0,0.22313185642357566,0.02702230298226492,0.8060289856898802
TEA_operacional,persons,2023,TOTAL,70-74,682886.0,3.0,0.4393119788661651,0.0905966915261993,1.2838560271761792
TEA_operacional,persons,2023,TOTAL,75-79,471119.0,2.0,0.4245211931592655,0.05141148596086445,1.5335165144526033
TEA_operacional,persons,2023,TOTAL,80+,613792.0,3.0,0.4887649236223346,0.1007950776314454,1.4283785174362524
TEA_operacional,persons,2024,TOTAL,0-4,1184081.0,1209.0,102.10450129678628,96.42944749116495,108.02636031311637
TEA_operacional,persons,2024,TOTAL,10-14,1292273.0,1782.0,137.89655900881624,131.56769306504714,144.4511854617655
TEA_operacional,persons,2024,TOTAL,15-19,1250082.0,961.0,76.87495700282061,72.090770407861,81.89318993712524
TEA_operacional,persons,2024,TOTAL,20-24,1303328.0,347.0,26.624149868643965,23.896217902191008,29.578156708636726
TEA_operacional,persons,2024,TOTAL,25-29,1514291.0,195.0,12.877313541452732,11.133243034564995,14.817101219729887
TEA_operacional,persons,2024,TOTAL,30-34,1699578.0,112.0,6.589871132716475,5.426079505180604,7.92932735609283
TEA_operacional,persons,2024,TOTAL,35-39,1561503.0,74.0,4.7390238763550245,3.7211530329010554,5.949410503975762
TEA_operacional,persons,2024,TOTAL,40-44,1421165.0,40.0,2.81459225353847,2.0107859707907925,3.8326757951387815
TEA_operacional,persons,2024,TOTAL,45-49,1337371.0,22.0,1.645018472809714,1.0309243188486672,2.490577737002315
TEA_operacional,persons,2024,TOTAL,5-9,1221671.0,2346.0,192.03206100496777,184.3392198895748,199.96346709737392
TEA_operacional,persons,2024,TOTAL,50-54,1241074.0,20.0,1.6115074524162136,0.9843506177233545,2.4888425591604206
TEA_operacional,persons,2024,TOTAL,55-59,1202298.0,11.0,0.9149146051977131,0.4567220744970747,1.637034954171258
TEA_operacional,persons,2024,TOTAL,60-64,1088475.0,11.0,1.0105882082730426,0.5044819924423473,1.8082214578471671
TEA_operacional,persons,2024,TOTAL,65-69,919815.0,8.0,0.8697401107831466,0.37549204750395476,1.7137347423333293
TEA_operacional,persons,2024,TOTAL,70-74,719139.0,4.0,0.556220702812669,0.15155142102240665,1.4241459127378286
TEA_operacional,persons,2024,TOTAL,75-79,491434.0,3.0,0.6104583728435558,0.12589119248883907,1.7840184174766751
TEA_operacional,persons,2024,TOTAL,80+,638799.0,6.0,0.93926258494456,0.3446928147180648,2.044379221401205
F84_historico,records,2019,HOMBRE,0-4,612613.0,428.0,69.86466170322863,63.401731874704005,76.80772156883133
F84_historico,records,2019,HOMBRE,10-14,629243.0,390.0,61.97923536694091,55.979882804320084,68.44638168358351
F84_historico,records,2019,HOMBRE,15-19,647322.0,193.0,29.815146094215862,25.756960951740837,34.3312304049387
F84_historico,records,2019,HOMBRE,20-24,735379.0,83.0,11.286697063690967,8.989791209404007,13.991559154839353
F84_historico,records,2019,HOMBRE,25-29,827193.0,54.0,6.528101664303252,4.904110887367851,8.517756605013668
F84_historico,records,2019,HOMBRE,30-34,769391.0,30.0,3.8991877991814303,2.6307656343030934,5.566333034153982
F84_historico,records,2019,HOMBRE,35-39,705386.0,17.0,2.4100279846778925,1.4039301133857625,3.858688266552868
F84_historico,records,2019,HOMBRE,40-44,665145.0,5.0,0.7517157912936278,0.24408007128046072,1.7542538964169725
F84_historico,records,2019,HOMBRE,45-49,616547.0,3.0,0.48658090948459726,0.10034468141043608,1.4219959013250123
F84_historico,records,2019,HOMBRE,5-9,649322.0,573.0,88.2458934088172,81.16739265794652,95.7764034843392
F84_historico,records,2019,HOMBRE,50-54,597164.0,4.0,0.6698327427641318,0.18250687811494412,1.7150378581769319
F84_historico,records,2019,HOMBRE,55-59,540699.0,3.0,0.5548373494310143,0.11442080027808472,1.6214701839179142
F84_historico,records,2019,HOMBRE,60-64,458457.0,2.0,0.4362459292801724,0.05283140589934606,1.5758702926826202
F84_historico,records,2019,HOMBRE,65-69,361643.0,1.0,0.27651579043421276,0.007000773686837537,1.5406473762630268
F84_historico,records,2019,HOMBRE,70-74,251433.0,1.0,0.3977202674271078,0.010069405362179935,2.215955499452696
F84_historico,records,2019,HOMBRE,75-79,168861.0,0.0,0.0,0.0,2.184565680716054
F84_historico,records,2019,HOMBRE,80+,188341.0,1.0,0.5309518373588332,0.013442536667156845,2.9582742955272074
F84_historico,records,2019,MUJER,0-4,589563.0,171.0,29.004533866609677,24.820084341788522,33.69247157682816
F84_historico,records,2019,MUJER,10-14,607281.0,159.0,26.182278055792953,22.27076731079336,30.583033215603887
F84_historico,records,2019,MUJER,15-19,625645.0,58.0,9.270432913233543,7.039428378753087,11.984184280973167
F84_historico,records,2019,MUJER,20-24,711606.0,24.0,3.3726528444110926,2.1609223158161206,5.018240092657062
F84_historico,records,2019,MUJER,25-29,800590.0,9.0,1.1241709239435915,0.5140425308058224,2.134026586819616
F84_historico,records,2019,MUJER,30-34,745995.0,13.0,1.7426390257307354,0.9278818880828693,2.9799658064945307
F84_historico,records,2019,MUJER,35-39,691342.0,4.0,0.5785848393414548,0.15764489552585043,1.4814069845899271
F84_historico,records,2019,MUJER,40-44,663414.0,3.0,0.4522063146089772,0.09325581354864404,1.3215387480129035
F84_historico,records,2019,MUJER,45-49,627382.0,2.0,0.318785046431042,0.03860634805333353,1.1515611968025796
F84_historico,records,2019,MUJER,5-9,626150.0,144.0,22.997684260959833,19.39494070076906,27.07554307235344
F84_historico,records,2019,MUJER,50-54,620912.0,2.0,0.32210683639549564,0.03900863222871598,1.1635606442980584
F84_historico,records,2019,MUJER,55-59,577392.0,5.0,0.8659628120929975,0.2811757679563313,2.0208683319690386
F84_historico,records,2019,MUJER,60-64,505861.0,1.0,0.19768276265614468,0.00500489422673222,1.1014178580556513
F84_historico,records,2019,MUJER,65-69,416071.0,1.0,0.24034359520370321,0.006084972993621251,1.339108803771207
F84_historico,records,2019,MUJER,70-74,306258.0,0.0,0.0,0.0,1.2045006021439228
F84_historico,records,2019,MUJER,75-79,229448.0,0.0,0.0,0.0,1.6077191582031376
F84_historico,records,2019,MUJER,80+,338167.0,0.0,0.0,0.0,1.0908454858439574
F84_historico,records,2020,HOMBRE,0-4,606528.0,256.0,42.20744961485702,37.1950185308231,47.707077366575646
F84_historico,records,2020,HOMBRE,10-14,643850.0,319.0,49.54570163858042,44.257278106135416,55.292107568317164
F84_historico,records,2020,HOMBRE,15-19,640628.0,170.0,26.53646109754803,22.69727844550268,30.839031993102527
F84_historico,records,2020,HOMBRE,20-24,733010.0,47.0,6.411917982019345,4.711236158724404,8.52649163594589
F84_historico,records,2020,HOMBRE,25-29,837355.0,31.0,3.70213350371109,2.515420100093969,5.254882995055711
F84_historico,records,2020,HOMBRE,30-34,810229.0,27.0,3.3323912128546374,2.1960668072563156,4.848454257396629
F84_historico,records,2020,HOMBRE,35-39,725354.0,10.0,1.3786371895653708,0.6611101194909565,2.5353628768873926
F84_historico,records,2020,HOMBRE,40-44,675288.0,9.0,1.3327646870668515,0.6094248820323083,2.5300025250588143
F84_historico,records,2020,HOMBRE,45-49,631153.0,3.0,0.4753205641104455,0.0980225274847147,1.3890883937400793
F84_historico,records,2020,HOMBRE,5-9,652864.0,329.0,50.39334378982453,45.09452102781808,56.14369912092259
F84_historico,records,2020,HOMBRE,50-54,601037.0,1.0,0.16637910810815307,0.004212354311679626,0.9270050580810996
F84_historico,records,2020,HOMBRE,55-59,554862.0,2.0,0.3604499857622256,0.04365216550132555,1.3020692834838141
F84_historico,records,2020,HOMBRE,60-64,471032.0,1.0,0.212299801287386,0.0053749656040969354,1.1828587847405057
F84_historico,records,2020,HOMBRE,65-69,378921.0,1.0,0.2639072524352042,0.006681553142816016,1.4703970988514488
F84_historico,records,2020,HOMBRE,70-74,264075.0,1.0,0.37868029915743634,0.00958735510150142,2.109871586079295
F84_historico,records,2020,HOMBRE,75-79,176396.0,0.0,0.0,0.0,2.0912489252102855
F84_historico,records,2020,HOMBRE,80+,196519.0,1.0,0.5088566499931304,0.012883134956055076,2.835167790869533
F84_historico,records,2020,MUJER,0-4,583854.0,106.0,18.155223737441208,14.864009626863139,21.958220124885205
F84_historico,records,2020,MUJER,10-14,621419.0,112.0,18.023266105477948,14.84030155701039,21.686672485414093
F84_historico,records,2020,MUJER,15-19,619434.0,47.0,7.587571880135737,5.575062422641597,10.089862090335204
F84_historico,records,2020,MUJER,20-24,710171.0,13.0,1.8305450377444306,0.9746881372238237,3.130287764236906
F84_historico,records,2020,MUJER,25-29,811792.0,16.0,1.9709482231901767,1.1265672060874612,3.20069643425421
F84_historico,records,2020,MUJER,30-34,785982.0,7.0,0.8906056372792253,0.35806965700485066,1.8349879973971894
F84_historico,records,2020,MUJER,35-39,709886.0,9.0,1.267809197533125,0.5797230960151819,2.406696772639433
F84_historico,records,2020,MUJER,40-44,671719.0,2.0,0.29774355050251666,0.03605812527916658,1.0755520787299393
F84_historico,records,2020,MUJER,45-49,640360.0,1.0,0.15616215878568304,0.00395368355054811,0.8700798599130017
F84_historico,records,2020,MUJER,5-9,629523.0,108.0,17.155846569545513,14.073273464001108,20.712938254884865
F84_historico,records,2020,MUJER,50-54,623388.0,0.0,0.0,0.0,0.5917469463823389
F84_historico,records,2020,MUJER,55-59,590614.0,1.0,0.16931532269807353,0.004286692828867903,0.9433645986954082
F84_historico,records,2020,MUJER,60-64,518362.0,1.0,0.19291537574127735,0.004884194440234793,1.074855678259382
F84_historico,records,2020,MUJER,65-69,435687.0,0.0,0.0,0.0,0.8466810931044386
F84_historico,records,2020,MUJER,70-74,319314.0,1.0,0.31317136110536964,0.007928812386644455,1.7448791443340719
F84_historico,records,2020,MUJER,75-79,237389.0,1.0,0.4212495102974443,0.010665114215186835,2.3470520499850025
F84_historico,records,2020,MUJER,80+,350315.0,0.0,0.0,0.0,1.053017842260233
F84_historico,records,2021,HOMBRE,0-4,600632.0,364.0,60.602831683959565,54.536262535156304,67.15976331273183
F84_historico,records,2021,HOMBRE,10-14,655232.0,446.0,68.06749365110373,61.89612595498473,74.6876164766238
F84_historico,records,2021,HOMBRE,15-19,631851.0,200.0,31.65303212307965,27.41799612273421,36.35698632517
F84_historico,records,2021,HOMBRE,20-24,719079.0,85.0,11.820676170490307,9.441936283050191,14.616449141039991
F84_historico,records,2021,HOMBRE,25-29,827115.0,59.0,7.133228148443687,5.430143768241833,9.201344596891094
F84_historico,records,2021,HOMBRE,30-34,842111.0,32.0,3.7999741126763573,2.599179480054834,5.364429639254263
F84_historico,records,2021,HOMBRE,35-39,738934.0,19.0,2.5712715885315873,1.5480734631735353,4.015359094531527
F84_historico,records,2021,HOMBRE,40-44,683807.0,4.0,0.584960376246514,0.15938201475362565,1.4977308912315455
F84_historico,records,2021,HOMBRE,45-49,644339.0,6.0,0.9311868441922653,0.34172916019220484,2.0268017336400073
F84_historico,records,2021,HOMBRE,5-9,651336.0,571.0,87.66596656717884,80.62193702435054,95.1606186349172
F84_historico,records,2021,HOMBRE,50-54,602079.0,6.0,0.996546964767082,0.36571517250906455,2.169063199765925
F84_historico,records,2021,HOMBRE,55-59,566471.0,4.0,0.706126174155429,0.19239561665580848,1.8079634571590943
F84_historico,records,2021,HOMBRE,60-64,483184.0,3.0,0.6208814861419252,0.12804068903266694,1.8144791776512308
F84_historico,records,2021,HOMBRE,65-69,393552.0,3.0,0.7622880839126723,0.1572021290440911,2.227729263157683
F84_historico,records,2021,HOMBRE,70-74,278885.0,2.0,0.7171414740843,0.08684915952595693,2.590561581915112
F84_historico,records,2021,HOMBRE,75-79,184713.0,1.0,0.5413804117739413,0.013706565311748428,3.0163785932440588
F84_historico,records,2021,HOMBRE,80+,205192.0,3.0,1.462045303910484,0.30150889064661457,4.2727168065725385
F84_historico,records,2021,MUJER,0-4,578263.0,119.0,20.578871551525864,17.047888794066417,24.625687943061806
F84_historico,records,2021,MUJER,10-14,632388.0,199.0,31.46802279613149,27.247559000610664,36.157033495738766
F84_historico,records,2021,MUJER,15-19,610954.0,79.0,12.930597066227572,10.237275467481163,16.11538203607403
F84_historico,records,2021,MUJER,20-24,697050.0,19.0,2.725772900078904,1.6410933454367307,4.256632030928282
F84_historico,records,2021,MUJER,25-29,802756.0,16.0,1.9931336545600407,1.1392480970109875,3.236724184878212
F84_historico,records,2021,MUJER,30-34,817367.0,11.0,1.345784696470496,0.6718108716447861,2.407980566049517
F84_historico,records,2021,MUJER,35-39,722171.0,10.0,1.3847135927640406,0.664023991012161,2.546537598715232
F84_historico,records,2021,MUJER,40-44,678365.0,2.0,0.2948265314395642,0.03570486073779823,1.0650148029046251
F84_historico,records,2021,MUJER,45-49,651942.0,1.0,0.15338787806277246,0.003883444843910942,0.8546225570585877
F84_historico,records,2021,MUJER,5-9,627814.0,129.0,20.54748699455571,17.154894398944037,24.4146509327015
F84_historico,records,2021,MUJER,50-54,622931.0,3.0,0.4815942696703166,0.09931631639709716,1.407422823674263
F84_historico,records,2021,MUJER,55-59,601133.0,0.0,0.0,0.0,0.6136544581837855
F84_historico,records,2021,MUJER,60-64,530360.0,0.0,0.0,0.0,0.6955425473478271
F84_historico,records,2021,MUJER,65-69,450783.0,0.0,0.0,0.0,0.8183271006479693
F84_historico,records,2021,MUJER,70-74,336455.0,1.0,0.2972165668514363,0.0075248719692945195,1.6559847203753542
F84_historico,records,2021,MUJER,75-79,246241.0,1.0,0.406106213018953,0.010281719122440972,2.262678997786274
F84_historico,records,2021,MUJER,80+,362878.0,0.0,0.0,0.0,1.0165618897023063
F84_historico,records,2022,HOMBRE,0-4,599782.0,709.0,118.20961616053833,109.66742024577893,127.24047452136219
F84_historico,records,2022,HOMBRE,10-14,660773.0,645.0,97.61294726025427,90.22416237935344,105.44555654257618
F84_historico,records,2022,HOMBRE,15-19,626479.0,328.0,52.35610451427741,46.84274761304255,58.34002379768526
F84_historico,records,2022,HOMBRE,20-24,700037.0,102.0,14.570658408055575,11.880630622922432,17.687785161288435
F84_historico,records,2022,HOMBRE,25-29,808991.0,67.0,8.281921554133483,6.418375448577367,10.517747617439051
F84_historico,records,2022,HOMBRE,30-34,860590.0,48.0,5.577568877165666,4.112458990167587,7.395047140000147
F84_historico,records,2022,HOMBRE,35-39,750870.0,30.0,3.99536537616365,2.6956562416158474,5.703632505601191
F84_historico,records,2022,HOMBRE,40-44,693436.0,14.0,2.0189318120201434,1.1037688087005282,3.3874245239410095
F84_historico,records,2022,HOMBRE,45-49,655076.0,11.0,1.6791944751448686,0.838247831890779,3.004542757375015
F84_historico,records,2022,HOMBRE,5-9,643572.0,920.0,142.95214832217684,133.8628927286426,152.4961255648939
F84_historico,records,2022,HOMBRE,50-54,602705.0,4.0,0.6636746003434516,0.18082899156740442,1.6992705677576416
F84_historico,records,2022,HOMBRE,55-59,575473.0,0.0,0.0,0.0,0.6410169467749026
F84_historico,records,2022,HOMBRE,60-64,495545.0,3.0,0.6053940610842607,0.12484680965312965,1.7692183494419929
F84_historico,records,2022,HOMBRE,65-69,406952.0,2.0,0.49145845210245925,0.059517898559035214,1.775316909051672
F84_historico,records,2022,HOMBRE,70-74,294260.0,2.0,0.679671039217019,0.08231131602799055,2.4552054875701628
F84_historico,records,2022,HOMBRE,75-79,194048.0,2.0,1.0306728232189974,0.12481926046337245,3.7231446176842637
F84_historico,records,2022,HOMBRE,80+,214389.0,0.0,0.0,0.0,1.720647726382387
F84_historico,records,2022,MUJER,0-4,577504.0,253.0,43.8092203690364,38.576797794562246,49.5533864597488
F84_historico,records,2022,MUJER,10-14,637702.0,301.0,47.20073012159284,42.01848626795826,52.84562085120471
F84_historico,records,2022,MUJER,15-19,605608.0,155.0,25.594113684099284,21.723483203619956,29.95550050206659
F84_historico,records,2022,MUJER,20-24,678709.0,38.0,5.5988649038100275,3.9620900334600173,7.684879516738338
F84_historico,records,2022,MUJER,25-29,785739.0,28.0,3.56352427460009,2.367936001122196,5.150284756549973
F84_historico,records,2022,MUJER,30-34,835861.0,12.0,1.4356454003715928,0.7418189278746368,2.507783596576101
F84_historico,records,2022,MUJER,35-39,732919.0,14.0,1.9101701552286132,1.044307798856435,3.2049409446112844
F84_historico,records,2022,MUJER,40-44,686173.0,2.0,0.2914716842545539,0.035298573179644924,1.0528959413623038
F84_historico,records,2022,MUJER,45-49,661003.0,7.0,1.0589967065202428,0.4257716003588282,2.1819379581790668
F84_historico,records,2022,MUJER,5-9,620033.0,202.0,32.57891112247251,28.24084851487113,37.39477539769015
F84_historico,records,2022,MUJER,50-54,622004.0,0.0,0.0,0.0,0.5930636224387521
F84_historico,records,2022,MUJER,55-59,608970.0,5.0,0.821058508629325,0.26659546285012736,1.9160766670480764
F84_historico,records,2022,MUJER,60-64,542388.0,1.0,0.18436986069013325,0.004667840731043068,1.0272431158025064
F84_historico,records,2022,MUJER,65-69,464538.0,2.0,0.4305352845192428,0.05213982032556324,1.5552414802930998
F84_historico,records,2022,MUJER,70-74,354224.0,2.0,0.5646144812322147,0.06837743307736488,2.0395816397883713
F84_historico,records,2022,MUJER,75-79,256314.0,2.0,0.7802929219629049,0.09449709284079878,2.8186863252588465
F84_historico,records,2022,MUJER,80+,375896.0,0.0,0.0,0.0,0.9813564002048267
F84_historico,records,2023,HOMBRE,0-4,601871.0,1058.0,175.78517655776736,165.35117963603827,186.70504186135463
F84_historico,records,2023,HOMBRE,10-14,660567.0,944.0,142.9075324683189,133.93548275405692,152.32254282672864
F84_historico,records,2023,HOMBRE,15-19,628233.0,597.0,95.02843690159543,87.55750347447699,102.9664223440954
F84_historico,records,2023,HOMBRE,20-24,680267.0,177.0,26.019195404157486,22.327123519408264,30.147438593905868
F84_historico,records,2023,HOMBRE,25-29,789133.0,77.0,9.75754403883756,7.700501164499078,12.195255869431755
F84_historico,records,2023,HOMBRE,30-34,866894.0,68.0,7.844096279360568,6.091247690331512,9.94426113873548
F84_historico,records,2023,HOMBRE,35-39,767066.0,27.0,3.519905718673491,2.319640048152933,5.121278018470657
F84_historico,records,2023,HOMBRE,40-44,704660.0,17.0,2.4125109982119035,1.4053765602712363,3.8626638117541248
F84_historico,records,2023,HOMBRE,45-49,662549.0,9.0,1.3583900964306037,0.6211424509550741,2.57864753420791
F84_historico,records,2023,HOMBRE,5-9,633429.0,1500.0,236.80633504307508,224.97272279290914,249.10085378454463
F84_historico,records,2023,HOMBRE,50-54,605734.0,8.0,1.3207117315521335,0.5701895843304984,2.602328616223179
F84_historico,records,2023,HOMBRE,55-59,581931.0,1.0,0.17184167882446544,0.004350654628175827,0.9574405541101777
F84_historico,records,2023,HOMBRE,60-64,508419.0,9.0,1.7701934821475986,0.8094451815094114,3.360378634830556
F84_historico,records,2023,HOMBRE,65-69,419254.0,2.0,0.477037786163042,0.057771489012380314,1.7232245053652346
F84_historico,records,2023,HOMBRE,70-74,310192.0,3.0,0.9671429308299376,0.19944812338667708,2.8264020573523245
F84_historico,records,2023,HOMBRE,75-79,204017.0,1.0,0.4901552321620257,0.012409656050373192,2.730970159809672
F84_historico,records,2023,HOMBRE,80+,224250.0,1.0,0.4459308807134894,0.011289992412169398,2.4845678443428754
F84_historico,records,2023,MUJER,0-4,579455.0,383.0,66.09659076200913,59.641992198725085,73.05925361475525
F84_historico,records,2023,MUJER,10-14,637437.0,584.0,91.61689704237439,84.33609592578604,99.3580751681806
F84_historico,records,2023,MUJER,15-19,607126.0,337.0,55.507423500228946,49.738630280884706,61.761661127901
F84_historico,records,2023,MUJER,20-24,659586.0,97.0,14.706194491696307,11.925733046825178,17.94031012368574
F84_historico,records,2023,MUJER,25-29,766871.0,69.0,8.99760194348202,7.000671371957582,11.387041118394787
F84_historico,records,2023,MUJER,30-34,842620.0,41.0,4.865775794545584,3.4917647181950677,6.600974290396017
F84_historico,records,2023,MUJER,35-39,747993.0,19.0,2.540130723148479,1.5293246279533006,3.9667287757486487
F84_historico,records,2023,MUJER,40-44,695661.0,10.0,1.4374817619501452,0.6893283792152259,2.6435801406170216
F84_historico,records,2023,MUJER,45-49,666775.0,13.0,1.9496831764838214,1.0381241784715685,3.3340176098622285
F84_historico,records,2023,MUJER,5-9,610108.0,406.0,66.54559520609466,60.22922747576768,73.34426882082884
F84_historico,records,2023,MUJER,50-54,623409.0,4.0,0.6416333418349751,0.17482349045752063,1.642836191874627
F84_historico,records,2023,MUJER,55-59,614189.0,4.0,0.651265327122433,0.17744788226854027,1.667497899735048
F84_historico,records,2023,MUJER,60-64,554778.0,2.0,0.36050456218523447,0.043658774959346794,1.3022664322889446
F84_historico,records,2023,MUJER,65-69,477077.0,0.0,0.0,0.0,0.7732251720611003
F84_historico,records,2023,MUJER,70-74,372694.0,0.0,0.0,0.0,0.9897877223979821
F84_historico,records,2023,MUJER,75-79,267102.0,1.0,0.37438881026723875,0.009478704009812685,2.0859609403669377
F84_historico,records,2023,MUJER,80+,389542.0,2.0,0.5134234562640229,0.06217796246462897,1.8546620563954492
F84_historico,records,2024,HOMBRE,0-4,603305.0,1073.0,177.85365611092234,167.36980923811967,188.82218178690792
F84_historico,records,2024,HOMBRE,10-14,657714.0,1405.0,213.61868532523255,202.59348522333238,225.08790066894545
F84_historico,records,2024,HOMBRE,15-19,635804.0,672.0,105.69294939950048,97.85179232811893,113.99523879222573
F84_historico,records,2024,HOMBRE,20-24,661712.0,242.0,36.57180162971202,32.10883767356326,41.48159091146802
F84_historico,records,2024,HOMBRE,25-29,767831.0,120.0,15.628439070576729,12.95752914716112,18.68778225538592
F84_historico,records,2024,HOMBRE,30-34,861519.0,63.0,7.312665187883262,5.619252714738415,9.35607540714604
F84_historico,records,2024,HOMBRE,35-39,790820.0,40.0,5.058041020712678,3.6135386613627585,6.887616267163711
F84_historico,records,2024,HOMBRE,40-44,715861.0,22.0,3.0732223155053844,1.9259720633236912,4.652895518421206
F84_historico,records,2024,HOMBRE,45-49,667483.0,15.0,2.2472482445245796,1.257767783266887,3.7064942285400293
F84_historico,records,2024,HOMBRE,5-9,622349.0,2170.0,348.67895666258,334.16126693950264,363.6650778864942
F84_historico,records,2024,HOMBRE,50-54,612505.0,12.0,1.9591676802638345,1.0123305293380818,3.422271662790828
F84_historico,records,2024,HOMBRE,55-59,585699.0,7.0,1.1951531418015056,0.4805135490277199,2.4624722531031087
F84_historico,records,2024,HOMBRE,60-64,521387.0,9.0,1.7261650175397545,0.789312563868745,3.2767988943758026
F84_historico,records,2024,HOMBRE,65-69,430924.0,5.0,1.160297407431473,0.3767454098909368,2.707747092137516
F84_historico,records,2024,HOMBRE,70-74,326872.0,1.0,0.30593015002814555,0.007745480795017584,1.7045336984932629
F84_historico,records,2024,HOMBRE,75-79,213855.0,2.0,0.9352131116878258,0.11325864653338243,3.3783113173523933
F84_historico,records,2024,HOMBRE,80+,234860.0,0.0,0.0,0.0,1.5706716572059676
F84_historico,records,2024,MUJER,0-4,580776.0,353.0,60.78074851577889,54.604826510862516,67.46393242667291
F84_historico,records,2024,MUJER,10-14,634559.0,912.0,143.72186037862517,134.5443302964623,153.36059284475502
F84_historico,records,2024,MUJER,15-19,614278.0,592.0,96.373303292646,88.76536699833612,104.45892914157349
F84_historico,records,2024,MUJER,20-24,641616.0,191.0,29.768584324580434,25.696364210803967,34.30283189754829
F84_historico,records,2024,MUJER,25-29,746460.0,115.0,15.406049888808509,12.719274209073271,18.492629694684318
F84_historico,records,2024,MUJER,30-34,838059.0,66.0,7.87534051898494,6.090787786855255,10.019364083257479
F84_historico,records,2024,MUJER,35-39,770683.0,46.0,5.968731631552791,4.369861721222847,7.96145155797987
F84_historico,records,2024,MUJER,40-44,705304.0,25.0,3.544570851717841,2.2938593638812947,5.232485807188158
F84_historico,records,2024,MUJER,45-49,669888.0,11.0,1.6420655393140347,0.819713200898783,2.93810883510407
F84_historico,records,2024,MUJER,5-9,599322.0,612.0,102.11539039114199,94.18428812675492,110.53599350921489
F84_historico,records,2024,MUJER,50-54,628569.0,8.0,1.2727321901016435,0.5494754238195809,2.507789792400407
F84_historico,records,2024,MUJER,55-59,616599.0,6.0,0.9730797487508088,0.3571031178271211,2.117984950108366
F84_historico,records,2024,MUJER,60-64,567088.0,2.0,0.3526789492988742,0.042711056933661964,1.2739976278327103
F84_historico,records,2024,MUJER,65-69,488891.0,3.0,0.6136337138544175,0.12654602414354146,1.793298111387267
F84_historico,records,2024,MUJER,70-74,392267.0,3.0,0.7647852100737508,0.1577170964918286,2.2350269254722734
F84_historico,records,2024,MUJER,75-79,277579.0,1.0,0.36025780048202494,0.00912093781744652,2.007227993089858
F84_historico,records,2024,MUJER,80+,403939.0,7.0,1.7329349233423859,0.6967297169918887,3.5705082603319753
F84_historico,records,2019,TOTAL,0-4,1202176.0,599.0,49.82631494889267,45.91548745949584,53.98120892185545
F84_historico,records,2019,TOTAL,10-14,1236524.0,549.0,44.39865299824346,40.76192140750941,48.27281387543164
F84_historico,records,2019,TOTAL,15-19,1272967.0,251.0,19.717714599043024,17.353635831681412,22.31397373659936
F84_historico,records,2019,TOTAL,20-24,1446985.0,107.0,7.3946861923240395,6.06012378822419,8.935721329585611
F84_historico,records,2019,TOTAL,25-29,1627783.0,63.0,3.87029475059022,2.974040753312158,4.951788247382513
F84_historico,records,2019,TOTAL,30-34,1515386.0,43.0,2.8375608590814485,2.0535568635296344,3.8221758555499146
F84_historico,records,2019,TOTAL,35-39,1396728.0,21.0,1.5035139268347166,0.9306988178139328,2.298280748645649
F84_historico,records,2019,TOTAL,40-44,1328559.0,8.0,0.6021561707082637,0.25996829472748306,1.1864877073726732
F84_historico,records,2019,TOTAL,45-49,1243929.0,5.0,0.40195220145201216,0.13051278570709587,0.9380223533113764
F84_historico,records,2019,TOTAL,5-9,1275472.0,717.0,56.21448373621687,52.17455227590673,60.48418941166056
F84_historico,records,2019,TOTAL,50-54,1218076.0,6.0,0.49258010173421035,0.1807682158987494,1.0721395071012552
F84_historico,records,2019,TOTAL,55-59,1118091.0,8.0,0.7155052674603409,0.308904389423446,1.4098306148777973
F84_historico,records,2019,TOTAL,60-64,964318.0,3.0,0.31110069499895265,0.06415644246976633,0.9091682484141459
F84_historico,records,2019,TOTAL,65-69,777714.0,2.0,0.2571639445863132,0.031143746742885555,0.9289645895179925
F84_historico,records,2019,TOTAL,70-74,557691.0,1.0,0.17931076528041515,0.004539755524885622,0.9990556402988211
F84_historico,records,2019,TOTAL,75-79,398309.0,0.0,0.0,0.0,0.9261350996623062
F84_historico,records,2019,TOTAL,80+,526508.0,1.0,0.18993063733124663,0.004808627406286301,1.058225780223453
F84_historico,records,2020,TOTAL,0-4,1190382.0,362.0,30.410406071328364,27.35803630308555,33.71021014317379
F84_historico,records,2020,TOTAL,10-14,1265269.0,431.0,34.063902616755804,30.92349250313926,37.43676735297
F84_historico,records,2020,TOTAL,15-19,1260062.0,217.0,17.221374821238953,15.006121043625898,19.67154992965233
F84_historico,records,2020,TOTAL,20-24,1443181.0,60.0,4.157482671958681,3.1725972660398982,5.351504309344658
F84_historico,records,2020,TOTAL,25-29,1649147.0,47.0,2.849958190506971,2.094042081577067,3.7898402228938335
F84_historico,records,2020,TOTAL,30-34,1596211.0,34.0,2.130044210947049,1.4751175367524887,2.97652328515485
F84_historico,records,2020,TOTAL,35-39,1435240.0,19.0,1.32382040634319,0.7970263624457743,2.0673095490360907
F84_historico,records,2020,TOTAL,40-44,1347007.0,11.0,0.8166253033577405,0.4076564091527987,1.4611682428749035
F84_historico,records,2020,TOTAL,45-49,1271513.0,4.0,0.3145858516586146,0.0857140566888679,0.8054647239472733
F84_historico,records,2020,TOTAL,5-9,1282387.0,437.0,34.07707657672762,30.956572705441015,37.42690714923608
F84_historico,records,2020,TOTAL,50-54,1224425.0,1.0,0.08167098842313739,0.002067730402784154,0.4550416228792207
F84_historico,records,2020,TOTAL,55-59,1145476.0,3.0,0.26189985647887865,0.05401004673128039,0.7653825195588841
F84_historico,records,2020,TOTAL,60-64,989394.0,2.0,0.20214393861292873,0.024480568766736505,0.7302134102009877
F84_historico,records,2020,TOTAL,65-69,814608.0,1.0,0.12275843104904445,0.0031079743857523956,0.6839662010364369
F84_historico,records,2020,TOTAL,70-74,583389.0,2.0,0.34282442761176507,0.04151762863954668,1.2383997071806223
F84_historico,records,2020,TOTAL,75-79,413785.0,1.0,0.24167139939823823,0.0061185900852592226,1.3465068552361488
F84_historico,records,2020,TOTAL,80+,546834.0,1.0,0.18287085294623232,0.00462988914081602,1.0188911792132345
F84_historico,records,2021,TOTAL,0-4,1178895.0,483.0,40.97056989808252,37.39774900557886,44.792658089458804
F84_historico,records,2021,TOTAL,10-14,1287620.0,645.0,50.092418570696324,46.30068688579901,54.111909362473156
F84_historico,records,2021,TOTAL,15-19,1242805.0,279.0,22.449217697064302,19.892046085330122,25.243953031910372
F84_historico,records,2021,TOTAL,20-24,1416129.0,104.0,7.343963720819219,6.000550536718793,8.898441243347559
F84_historico,records,2021,TOTAL,25-29,1629871.0,75.0,4.601591168871647,3.619443360943992,5.768134376820789
F84_historico,records,2021,TOTAL,30-34,1659478.0,43.0,2.59117626145089,1.8752471085466145,3.4902974194526006
F84_historico,records,2021,TOTAL,35-39,1461105.0,29.0,1.9847991759661352,1.3292511583731448,2.85050269751911
F84_historico,records,2021,TOTAL,40-44,1362172.0,6.0,0.44047300928223454,0.1616458313260624,0.9587243037236622
F84_historico,records,2021,TOTAL,45-49,1296281.0,7.0,0.5400063720751905,0.21711056873624357,1.1126195139558765
F84_historico,records,2021,TOTAL,5-9,1279150.0,700.0,54.723840050033225,50.74446159360132,58.932366190623654
F84_historico,records,2021,TOTAL,50-54,1225010.0,9.0,0.7346878800989379,0.3359460818587876,1.394666447736685
F84_historico,records,2021,TOTAL,55-59,1167604.0,4.0,0.34258190276840433,0.09334203836457608,0.8771457339477848
F84_historico,records,2021,TOTAL,60-64,1013544.0,3.0,0.29599109658781464,0.06104048002806009,0.8650115899992821
F84_historico,records,2021,TOTAL,65-69,844335.0,3.0,0.35530920783812114,0.07327330063252162,1.0383642831035458
F84_historico,records,2021,TOTAL,70-74,615340.0,3.0,0.48753534631260764,0.10054150922995439,1.4247851707580075
F84_historico,records,2021,TOTAL,75-79,430954.0,2.0,0.46408665426008344,0.05620304685510866,1.6764405638940492
F84_historico,records,2021,TOTAL,80+,568070.0,3.0,0.528103930853592,0.10890772667023454,1.5433437903325864
F84_historico,records,2022,TOTAL,0-4,1177286.0,962.0,81.71336446708786,76.63066898093007,87.04457687102257
F84_historico,records,2022,TOTAL,10-14,1298475.0,946.0,72.85469493059166,68.28547619005255,77.64925635592026
F84_historico,records,2022,TOTAL,15-19,1232087.0,483.0,39.20177714723067,35.783203064338714,42.85885709237459
F84_historico,records,2022,TOTAL,20-24,1378746.0,140.0,10.154154572343275,8.541861316968484,11.982300612351443
F84_historico,records,2022,TOTAL,25-29,1594730.0,95.0,5.957121268177058,4.819666844125973,7.282271834326532
F84_historico,records,2022,TOTAL,30-34,1696451.0,60.0,3.536795345105753,2.698947446758395,4.552556684905331
F84_historico,records,2022,TOTAL,35-39,1483789.0,44.0,2.965381196383044,2.154650516895888,3.980885845649734
F84_historico,records,2022,TOTAL,40-44,1379609.0,16.0,1.1597488853725948,0.6628966941823027,1.8833595314006315
F84_historico,records,2022,TOTAL,45-49,1316079.0,18.0,1.3676990515007077,0.8105851381565642,2.1615541519565302
F84_historico,records,2022,TOTAL,5-9,1263605.0,1122.0,88.79357077567752,83.67335878654173,94.14513961509442
F84_historico,records,2022,TOTAL,50-54,1224709.0,4.0,0.32660819835569105,0.0889897415325865,0.8362467063934121
F84_historico,records,2022,TOTAL,55-59,1184443.0,5.0,0.4221393515770704,0.13706749840375776,0.9851324275902404
F84_historico,records,2022,TOTAL,60-64,1037933.0,4.0,0.38538133000877706,0.10500344180465646,0.9867292662824763
F84_historico,records,2022,TOTAL,65-69,871490.0,4.0,0.4589840388300497,0.12505770274200792,1.1751814335682216
F84_historico,records,2022,TOTAL,70-74,648484.0,4.0,0.616823236964983,0.16806357190406007,1.5793124696066045
F84_historico,records,2022,TOTAL,75-79,450362.0,4.0,0.8881744019255621,0.2419976315999851,2.2740792241360714
F84_historico,records,2022,TOTAL,80+,590285.0,0.0,0.0,0.0,0.6249319318827237
F84_historico,records,2023,TOTAL,0-4,1181326.0,1441.0,121.98156986301834,115.76401525681553,128.44630638992206
F84_historico,records,2023,TOTAL,10-14,1298004.0,1528.0,117.71920579597598,111.8900418845989,123.77327534796106
F84_historico,records,2023,TOTAL,15-19,1235359.0,934.0,75.60555271787392,70.83393860603573,80.61403890486721
F84_historico,records,2023,TOTAL,20-24,1339853.0,274.0,20.450004590055777,18.100053388573336,23.020351378361376
F84_historico,records,2023,TOTAL,25-29,1556004.0,146.0,9.383009298176612,7.922766426748657,11.034407698844332
F84_historico,records,2023,TOTAL,30-34,1709514.0,109.0,6.376081155228913,5.235426088682503,7.691451580825614
F84_historico,records,2023,TOTAL,35-39,1515059.0,46.0,3.036185389479882,2.2228693013916865,4.049845828484964
F84_historico,records,2023,TOTAL,40-44,1400321.0,27.0,1.928129336059375,1.2706493819463376,2.805326953260155
F84_historico,records,2023,TOTAL,45-49,1329324.0,22.0,1.654976514378737,1.0371649704834645,2.5056543316095423
F84_historico,records,2023,TOTAL,5-9,1243537.0,1906.0,153.27248003075098,146.46797148701822,160.31153563106614
F84_historico,records,2023,TOTAL,50-54,1229143.0,12.0,0.976289984159695,0.5044632812229511,1.705382127887232
F84_historico,records,2023,TOTAL,55-59,1196120.0,5.0,0.41801825903755474,0.13572939087369332,0.9755151723341029
F84_historico,records,2023,TOTAL,60-64,1063197.0,11.0,1.0346154099381395,0.5164762849440734,1.851212758623468
F84_historico,records,2023,TOTAL,65-69,896331.0,2.0,0.22313185642357566,0.02702230298226492,0.8060289856898802
F84_historico,records,2023,TOTAL,70-74,682886.0,3.0,0.4393119788661651,0.0905966915261993,1.2838560271761792
F84_historico,records,2023,TOTAL,75-79,471119.0,2.0,0.4245211931592655,0.05141148596086445,1.5335165144526033
F84_historico,records,2023,TOTAL,80+,613792.0,3.0,0.4887649236223346,0.1007950776314454,1.4283785174362524
F84_historico,records,2024,TOTAL,0-4,1184081.0,1426.0,120.43095024749151,114.26065316477923,126.84786548207427
F84_historico,records,2024,TOTAL,10-14,1292273.0,2317.0,179.29647992335984,172.06947649584706,186.74902428625285
F84_historico,records,2024,TOTAL,15-19,1250082.0,1264.0,101.11336696312722,95.61530934011893,106.84514995365521
F84_historico,records,2024,TOTAL,20-24,1303328.0,433.0,33.22264234329348,30.166699947456447,36.50424310892819
F84_historico,records,2024,TOTAL,25-29,1514291.0,235.0,15.518813755084063,13.59794067000681,17.634999993397322
F84_historico,records,2024,TOTAL,30-34,1699578.0,129.0,7.590119429646654,6.336915912172699,9.018626777154719
F84_historico,records,2024,TOTAL,35-39,1561503.0,86.0,5.5075142346828665,4.405300485760833,6.801735275689332
F84_historico,records,2024,TOTAL,40-44,1421165.0,47.0,3.3071458979077026,2.429966412560523,4.397802953256446
F84_historico,records,2024,TOTAL,45-49,1337371.0,26.0,1.9441127405932983,1.2699589878647242,2.8485756071520165
F84_historico,records,2024,TOTAL,5-9,1221671.0,2782.0,227.72088393683734,219.33669039228636,236.34350792442643
F84_historico,records,2024,TOTAL,50-54,1241074.0,20.0,1.6115074524162136,0.9843506177233545,2.4888425591604206
F84_historico,records,2024,TOTAL,55-59,1202298.0,13.0,1.081262715233661,0.5757268573185518,1.848992173168289
F84_historico,records,2024,TOTAL,60-64,1088475.0,11.0,1.0105882082730426,0.5044819924423473,1.8082214578471671
F84_historico,records,2024,TOTAL,65-69,919815.0,8.0,0.8697401107831466,0.37549204750395476,1.7137347423333293
F84_historico,records,2024,TOTAL,70-74,719139.0,4.0,0.556220702812669,0.15155142102240665,1.4241459127378286
F84_historico,records,2024,TOTAL,75-79,491434.0,3.0,0.6104583728435558,0.12589119248883907,1.7840184174766751
F84_historico,records,2024,TOTAL,80+,638799.0,7.0,1.0958063491019867,0.44057098579050147,2.257779890341465
F84_historico,persons,2019,HOMBRE,0-4,612613.0,370.0,60.397020631295774,54.39898332975118,66.8757631109843
F84_historico,persons,2019,HOMBRE,10-14,629243.0,322.0,51.172599456807625,45.73530766791685,57.078465044983275
F84_historico,persons,2019,HOMBRE,15-19,647322.0,157.0,24.25377169322223,20.608313382243022,28.358285839239166
F84_historico,persons,2019,HOMBRE,20-24,735379.0,57.0,7.751105212414279,5.870611393978445,10.042455849699653
F84_historico,persons,2019,HOMBRE,25-29,827193.0,45.0,5.4400847202527105,3.96803512460024,7.279261369107187
F84_historico,persons,2019,HOMBRE,30-34,769391.0,24.0,3.1193502393451444,1.998626557197376,4.641345894838023
F84_historico,persons,2019,HOMBRE,35-39,705386.0,13.0,1.8429625765183886,0.9812999536429418,3.1515221337195345
F84_historico,persons,2019,HOMBRE,40-44,665145.0,5.0,0.7517157912936278,0.24408007128046072,1.7542538964169725
F84_historico,persons,2019,HOMBRE,45-49,616547.0,3.0,0.48658090948459726,0.10034468141043608,1.4219959013250123
F84_historico,persons,2019,HOMBRE,5-9,649322.0,477.0,73.46124110995777,67.01584434083954,80.3592446693988
F84_historico,persons,2019,HOMBRE,50-54,597164.0,4.0,0.6698327427641318,0.18250687811494412,1.7150378581769319
F84_historico,persons,2019,HOMBRE,55-59,540699.0,3.0,0.5548373494310143,0.11442080027808472,1.6214701839179142
F84_historico,persons,2019,HOMBRE,60-64,458457.0,2.0,0.4362459292801724,0.05283140589934606,1.5758702926826202
F84_historico,persons,2019,HOMBRE,65-69,361643.0,1.0,0.27651579043421276,0.007000773686837537,1.5406473762630268
F84_historico,persons,2019,HOMBRE,70-74,251433.0,1.0,0.3977202674271078,0.010069405362179935,2.215955499452696
F84_historico,persons,2019,HOMBRE,75-79,168861.0,0.0,0.0,0.0,2.184565680716054
F84_historico,persons,2019,HOMBRE,80+,188341.0,1.0,0.5309518373588332,0.013442536667156845,2.9582742955272074
F84_historico,persons,2019,MUJER,0-4,589563.0,153.0,25.951425038545498,22.002258495144687,30.40478864911513
F84_historico,persons,2019,MUJER,10-14,607281.0,123.0,20.25421509976436,16.833232966408193,24.166147107045855
F84_historico,persons,2019,MUJER,15-19,625645.0,50.0,7.991752511408227,5.93163275299281,10.536129380772934
F84_historico,persons,2019,MUJER,20-24,711606.0,23.0,3.2321256425606304,2.0488904024199734,4.849775422752623
F84_historico,persons,2019,MUJER,25-29,800590.0,9.0,1.1241709239435915,0.5140425308058224,2.134026586819616
F84_historico,persons,2019,MUJER,30-34,745995.0,11.0,1.474540714079853,0.7360854117302179,2.6383606476319486
F84_historico,persons,2019,MUJER,35-39,691342.0,4.0,0.5785848393414548,0.15764489552585043,1.4814069845899271
F84_historico,persons,2019,MUJER,40-44,663414.0,3.0,0.4522063146089772,0.09325581354864404,1.3215387480129035
F84_historico,persons,2019,MUJER,45-49,627382.0,2.0,0.318785046431042,0.03860634805333353,1.1515611968025796
F84_historico,persons,2019,MUJER,5-9,626150.0,110.0,17.567675477122094,14.438492708200224,21.173799732783575
F84_historico,persons,2019,MUJER,50-54,620912.0,2.0,0.32210683639549564,0.03900863222871598,1.1635606442980584
F84_historico,persons,2019,MUJER,55-59,577392.0,4.0,0.6927702496743979,0.18875657674964752,1.7737669859304759
F84_historico,persons,2019,MUJER,60-64,505861.0,1.0,0.19768276265614468,0.00500489422673222,1.1014178580556513
F84_historico,persons,2019,MUJER,65-69,416071.0,1.0,0.24034359520370321,0.006084972993621251,1.339108803771207
F84_historico,persons,2019,MUJER,70-74,306258.0,0.0,0.0,0.0,1.2045006021439228
F84_historico,persons,2019,MUJER,75-79,229448.0,0.0,0.0,0.0,1.6077191582031376
F84_historico,persons,2019,MUJER,80+,338167.0,0.0,0.0,0.0,1.0908454858439574
F84_historico,persons,2020,HOMBRE,0-4,606528.0,213.0,35.11791706236151,30.55982107782938,40.164162479043966
F84_historico,persons,2020,HOMBRE,10-14,643850.0,257.0,39.91612953327638,35.1847469090511,45.106449366693575
F84_historico,persons,2020,HOMBRE,15-19,640628.0,120.0,18.731619598269198,15.53037419936979,22.39842550893065
F84_historico,persons,2020,HOMBRE,20-24,733010.0,38.0,5.1841039003560665,3.6685804620941256,7.115587634446952
F84_historico,persons,2020,HOMBRE,25-29,837355.0,27.0,3.2244388580709495,2.1249255252270274,4.691389248904244
F84_historico,persons,2020,HOMBRE,30-34,810229.0,26.0,3.2089693160822432,2.0962052969711453,4.701883551826088
F84_historico,persons,2020,HOMBRE,35-39,725354.0,10.0,1.3786371895653708,0.6611101194909565,2.5353628768873926
F84_historico,persons,2020,HOMBRE,40-44,675288.0,8.0,1.1846797218372014,0.5114606178028488,2.334291327580723
F84_historico,persons,2020,HOMBRE,45-49,631153.0,3.0,0.4753205641104455,0.0980225274847147,1.3890883937400793
F84_historico,persons,2020,HOMBRE,5-9,652864.0,284.0,43.500637192432116,38.58800753828241,48.86541990714427
F84_historico,persons,2020,HOMBRE,50-54,601037.0,1.0,0.16637910810815307,0.004212354311679626,0.9270050580810996
F84_historico,persons,2020,HOMBRE,55-59,554862.0,2.0,0.3604499857622256,0.04365216550132555,1.3020692834838141
F84_historico,persons,2020,HOMBRE,60-64,471032.0,1.0,0.212299801287386,0.0053749656040969354,1.1828587847405057
F84_historico,persons,2020,HOMBRE,65-69,378921.0,1.0,0.2639072524352042,0.006681553142816016,1.4703970988514488
F84_historico,persons,2020,HOMBRE,70-74,264075.0,1.0,0.37868029915743634,0.00958735510150142,2.109871586079295
F84_historico,persons,2020,HOMBRE,75-79,176396.0,0.0,0.0,0.0,2.0912489252102855
F84_historico,persons,2020,HOMBRE,80+,196519.0,1.0,0.5088566499931304,0.012883134956055076,2.835167790869533
F84_historico,persons,2020,MUJER,0-4,583854.0,96.0,16.44246678107883,13.318450882411435,20.07906617053724
F84_historico,persons,2020,MUJER,10-14,621419.0,87.0,14.00021563550519,11.21359880142379,17.269214263246507
F84_historico,persons,2020,MUJER,15-19,619434.0,40.0,6.457507983094244,4.613338376935875,8.793293064956728
F84_historico,persons,2020,MUJER,20-24,710171.0,10.0,1.4081115674957159,0.6752442293662277,2.589567307312996
F84_historico,persons,2020,MUJER,25-29,811792.0,12.0,1.4782111673926326,0.7638132808308308,2.5821374253721348
F84_historico,persons,2020,MUJER,30-34,785982.0,5.0,0.6361468837708751,0.2065551615836521,1.4845546182129707
F84_historico,persons,2020,MUJER,35-39,709886.0,7.0,0.9860738203035417,0.39645281799047527,2.0316889418445183
F84_historico,persons,2020,MUJER,40-44,671719.0,2.0,0.29774355050251666,0.03605812527916658,1.0755520787299393
F84_historico,persons,2020,MUJER,45-49,640360.0,1.0,0.15616215878568304,0.00395368355054811,0.8700798599130017
F84_historico,persons,2020,MUJER,5-9,629523.0,81.0,12.866884927159134,10.218163910475925,15.99236313528323
F84_historico,persons,2020,MUJER,50-54,623388.0,0.0,0.0,0.0,0.5917469463823389
F84_historico,persons,2020,MUJER,55-59,590614.0,1.0,0.16931532269807353,0.004286692828867903,0.9433645986954082
F84_historico,persons,2020,MUJER,60-64,518362.0,1.0,0.19291537574127735,0.004884194440234793,1.074855678259382
F84_historico,persons,2020,MUJER,65-69,435687.0,0.0,0.0,0.0,0.8466810931044386
F84_historico,persons,2020,MUJER,70-74,319314.0,1.0,0.31317136110536964,0.007928812386644455,1.7448791443340719
F84_historico,persons,2020,MUJER,75-79,237389.0,1.0,0.4212495102974443,0.010665114215186835,2.3470520499850025
F84_historico,persons,2020,MUJER,80+,350315.0,0.0,0.0,0.0,1.053017842260233
F84_historico,persons,2021,HOMBRE,0-4,600632.0,306.0,50.94633652552645,45.397412553003676,56.98638536812216
F84_historico,persons,2021,HOMBRE,10-14,655232.0,350.0,53.41619456925181,47.96599922616721,59.31604360081248
F84_historico,persons,2021,HOMBRE,15-19,631851.0,155.0,24.531099895386728,20.821230346993,28.711342940116488
F84_historico,persons,2021,HOMBRE,20-24,719079.0,72.0,10.012808050297673,7.834405634177656,12.609474625828032
F84_historico,persons,2021,HOMBRE,25-29,827115.0,47.0,5.682402084353446,4.175215316741415,7.556390144133157
F84_historico,persons,2021,HOMBRE,30-34,842111.0,25.0,2.9687297755284043,1.9212053812180732,4.3824307837720164
F84_historico,persons,2021,HOMBRE,35-39,738934.0,15.0,2.0299512541038847,1.1361483072619902,3.348095888331819
F84_historico,persons,2021,HOMBRE,40-44,683807.0,4.0,0.584960376246514,0.15938201475362565,1.4977308912315455
F84_historico,persons,2021,HOMBRE,45-49,644339.0,6.0,0.9311868441922653,0.34172916019220484,2.0268017336400073
F84_historico,persons,2021,HOMBRE,5-9,651336.0,483.0,74.15527469693062,67.6885959227371,81.0731184187156
F84_historico,persons,2021,HOMBRE,50-54,602079.0,5.0,0.8304558039725684,0.26964673906886316,1.938006819590564
F84_historico,persons,2021,HOMBRE,55-59,566471.0,3.0,0.5295946306165717,0.10921514479922209,1.5477002476282675
F84_historico,persons,2021,HOMBRE,60-64,483184.0,3.0,0.6208814861419252,0.12804068903266694,1.8144791776512308
F84_historico,persons,2021,HOMBRE,65-69,393552.0,2.0,0.5081920559417815,0.061544415615716594,1.835764439698937
F84_historico,persons,2021,HOMBRE,70-74,278885.0,2.0,0.7171414740843,0.08684915952595693,2.590561581915112
F84_historico,persons,2021,HOMBRE,75-79,184713.0,1.0,0.5413804117739413,0.013706565311748428,3.0163785932440588
F84_historico,persons,2021,HOMBRE,80+,205192.0,3.0,1.462045303910484,0.30150889064661457,4.2727168065725385
F84_historico,persons,2021,MUJER,0-4,578263.0,107.0,18.503691227002246,15.164221504235234,22.359816775568273
F84_historico,persons,2021,MUJER,10-14,632388.0,156.0,24.66839977988197,20.949246874118444,28.85748781398531
F84_historico,persons,2021,MUJER,15-19,610954.0,69.0,11.293812627464588,8.787260343142826,14.293042699621457
F84_historico,persons,2021,MUJER,20-24,697050.0,18.0,2.5823111684958038,1.5304412567820855,4.081164947640483
F84_historico,persons,2021,MUJER,25-29,802756.0,14.0,1.7439919477400356,0.9534566264594216,2.926122149424679
F84_historico,persons,2021,MUJER,30-34,817367.0,10.0,1.2234406331549965,0.5866873382620577,2.2499508839992046
F84_historico,persons,2021,MUJER,35-39,722171.0,9.0,1.2462422334876366,0.5698613067235231,2.3657559568882114
F84_historico,persons,2021,MUJER,40-44,678365.0,2.0,0.2948265314395642,0.03570486073779823,1.0650148029046251
F84_historico,persons,2021,MUJER,45-49,651942.0,1.0,0.15338787806277246,0.003883444843910942,0.8546225570585877
F84_historico,persons,2021,MUJER,5-9,627814.0,105.0,16.724698716498835,13.679146581675171,20.246267504202812
F84_historico,persons,2021,MUJER,50-54,622931.0,3.0,0.4815942696703166,0.09931631639709716,1.407422823674263
F84_historico,persons,2021,MUJER,55-59,601133.0,0.0,0.0,0.0,0.6136544581837855
F84_historico,persons,2021,MUJER,60-64,530360.0,0.0,0.0,0.0,0.6955425473478271
F84_historico,persons,2021,MUJER,65-69,450783.0,0.0,0.0,0.0,0.8183271006479693
F84_historico,persons,2021,MUJER,70-74,336455.0,1.0,0.2972165668514363,0.0075248719692945195,1.6559847203753542
F84_historico,persons,2021,MUJER,75-79,246241.0,1.0,0.406106213018953,0.010281719122440972,2.262678997786274
F84_historico,persons,2021,MUJER,80+,362878.0,0.0,0.0,0.0,1.0165618897023063
F84_historico,persons,2022,HOMBRE,0-4,599782.0,615.0,102.53725520272366,94.59244323463868,110.97117666925142
F84_historico,persons,2022,HOMBRE,10-14,660773.0,537.0,81.26845376551402,74.5393180534834,88.44196733267297
F84_historico,persons,2022,HOMBRE,15-19,626479.0,251.0,40.06518973501107,35.26152631412703,45.34062946333025
F84_historico,persons,2022,HOMBRE,20-24,700037.0,80.0,11.427967378867118,9.06166739629339,14.22309463177496
F84_historico,persons,2022,HOMBRE,25-29,808991.0,59.0,7.293035398416052,5.551796451220525,9.407484306077048
F84_historico,persons,2022,HOMBRE,30-34,860590.0,35.0,4.066977306266631,2.832798708156005,5.656180918797927
F84_historico,persons,2022,HOMBRE,35-39,750870.0,22.0,2.929934609186677,1.8361744206360102,4.435956209080831
F84_historico,persons,2022,HOMBRE,40-44,693436.0,12.0,1.7305129817315512,0.8941813099871102,3.022857920295018
F84_historico,persons,2022,HOMBRE,45-49,655076.0,9.0,1.3738863887548927,0.628228342570684,2.6080643240508223
F84_historico,persons,2022,HOMBRE,5-9,643572.0,772.0,119.95549837469623,111.64187882171737,128.72429503293947
F84_historico,persons,2022,HOMBRE,50-54,602705.0,4.0,0.6636746003434516,0.18082899156740442,1.6992705677576416
F84_historico,persons,2022,HOMBRE,55-59,575473.0,0.0,0.0,0.0,0.6410169467749026
F84_historico,persons,2022,HOMBRE,60-64,495545.0,3.0,0.6053940610842607,0.12484680965312965,1.7692183494419929
F84_historico,persons,2022,HOMBRE,65-69,406952.0,2.0,0.49145845210245925,0.059517898559035214,1.775316909051672
F84_historico,persons,2022,HOMBRE,70-74,294260.0,2.0,0.679671039217019,0.08231131602799055,2.4552054875701628
F84_historico,persons,2022,HOMBRE,75-79,194048.0,2.0,1.0306728232189974,0.12481926046337245,3.7231446176842637
F84_historico,persons,2022,HOMBRE,80+,214389.0,0.0,0.0,0.0,1.720647726382387
F84_historico,persons,2022,MUJER,0-4,577504.0,219.0,37.92181526015404,33.06533507672393,43.290821132986736
F84_historico,persons,2022,MUJER,10-14,637702.0,246.0,38.57601199306259,33.90564820845074,43.709945392708235
F84_historico,persons,2022,MUJER,15-19,605608.0,121.0,19.97992100500654,16.57880866216123,23.873456072481567
F84_historico,persons,2022,MUJER,20-24,678709.0,32.0,4.714833603208445,3.2249426943335897,6.655938270955663
F84_historico,persons,2022,MUJER,25-29,785739.0,20.0,2.545374481857207,1.5547808604897992,3.9311244449714984
F84_historico,persons,2022,MUJER,30-34,835861.0,12.0,1.4356454003715928,0.7418189278746368,2.507783596576101
F84_historico,persons,2022,MUJER,35-39,732919.0,13.0,1.773729429855141,0.9444362188732727,3.0331313444130763
F84_historico,persons,2022,MUJER,40-44,686173.0,2.0,0.2914716842545539,0.035298573179644924,1.0528959413623038
F84_historico,persons,2022,MUJER,45-49,661003.0,6.0,0.9077114627316366,0.33311410893609417,1.9757057112477077
F84_historico,persons,2022,MUJER,5-9,620033.0,176.0,28.385585928490904,24.346744768606534,32.90300378912615
F84_historico,persons,2022,MUJER,50-54,622004.0,0.0,0.0,0.0,0.5930636224387521
F84_historico,persons,2022,MUJER,55-59,608970.0,5.0,0.821058508629325,0.26659546285012736,1.9160766670480764
F84_historico,persons,2022,MUJER,60-64,542388.0,1.0,0.18436986069013325,0.004667840731043068,1.0272431158025064
F84_historico,persons,2022,MUJER,65-69,464538.0,2.0,0.4305352845192428,0.05213982032556324,1.5552414802930998
F84_historico,persons,2022,MUJER,70-74,354224.0,2.0,0.5646144812322147,0.06837743307736488,2.0395816397883713
F84_historico,persons,2022,MUJER,75-79,256314.0,1.0,0.39014646098145245,0.009877653184878654,2.1737569508255103
F84_historico,persons,2022,MUJER,80+,375896.0,0.0,0.0,0.0,0.9813564002048267
F84_historico,persons,2023,HOMBRE,0-4,601871.0,904.0,150.19829830644773,140.565562510335,160.31730825556966
F84_historico,persons,2023,HOMBRE,10-14,660567.0,763.0,115.50682973869418,107.45530297474929,124.0018539214635
F84_historico,persons,2023,HOMBRE,15-19,628233.0,378.0,60.16875904322122,54.255309351410524,66.5508770316745
F84_historico,persons,2023,HOMBRE,20-24,680267.0,141.0,20.727155660939015,17.44724454843773,24.444509030020207
F84_historico,persons,2023,HOMBRE,25-29,789133.0,62.0,7.8567237715315414,6.0237050644406684,10.071965293017305
F84_historico,persons,2023,HOMBRE,30-34,866894.0,55.0,6.344489637718106,4.779537864080092,8.258225339656216
F84_historico,persons,2023,HOMBRE,35-39,767066.0,25.0,3.259171961734714,2.1091642502508687,4.811180745533027
F84_historico,persons,2023,HOMBRE,40-44,704660.0,16.0,2.2705985865523797,1.2978432795449613,3.687309851213484
F84_historico,persons,2023,HOMBRE,45-49,662549.0,8.0,1.20745786349387,0.521294602625391,2.3791733472080274
F84_historico,persons,2023,HOMBRE,5-9,633429.0,1249.0,197.1807416458672,186.3957121931935,208.42705759069736
F84_historico,persons,2023,HOMBRE,50-54,605734.0,7.0,1.1556227651081168,0.46462028737364347,2.38102456882103
F84_historico,persons,2023,HOMBRE,55-59,581931.0,1.0,0.17184167882446544,0.004350654628175827,0.9574405541101777
F84_historico,persons,2023,HOMBRE,60-64,508419.0,8.0,1.5735053174645321,0.6793279119679834,3.1004327572717214
F84_historico,persons,2023,HOMBRE,65-69,419254.0,2.0,0.477037786163042,0.057771489012380314,1.7232245053652346
F84_historico,persons,2023,HOMBRE,70-74,310192.0,3.0,0.9671429308299376,0.19944812338667708,2.8264020573523245
F84_historico,persons,2023,HOMBRE,75-79,204017.0,1.0,0.4901552321620257,0.012409656050373192,2.730970159809672
F84_historico,persons,2023,HOMBRE,80+,224250.0,1.0,0.4459308807134894,0.011289992412169398,2.4845678443428754
F84_historico,persons,2023,MUJER,0-4,579455.0,333.0,57.46779301239958,51.46048951789884,63.98377682981713
F84_historico,persons,2023,MUJER,10-14,637437.0,474.0,74.36028972274907,67.81587324412801,81.36577377078929
F84_historico,persons,2023,MUJER,15-19,607126.0,275.0,45.29537525983074,40.09957429134793,50.97754497862285
F84_historico,persons,2023,MUJER,20-24,659586.0,86.0,13.038481714287448,10.42910238303572,16.10241884787536
F84_historico,persons,2023,MUJER,25-29,766871.0,48.0,6.259201351987492,4.615040968231064,8.298792910688665
F84_historico,persons,2023,MUJER,30-34,842620.0,36.0,4.272388502527829,2.9923283825823295,5.91478655731364
F84_historico,persons,2023,MUJER,35-39,747993.0,17.0,2.2727485417644284,1.323959778982864,3.638890579979574
F84_historico,persons,2023,MUJER,40-44,695661.0,10.0,1.4374817619501452,0.6893283792152259,2.6435801406170216
F84_historico,persons,2023,MUJER,45-49,666775.0,11.0,1.6497319185632335,0.8235402297981838,2.9518261052531893
F84_historico,persons,2023,MUJER,5-9,610108.0,338.0,55.40002753610836,49.65068475712211,61.63242929804863
F84_historico,persons,2023,MUJER,50-54,623409.0,4.0,0.6416333418349751,0.17482349045752063,1.642836191874627
F84_historico,persons,2023,MUJER,55-59,614189.0,4.0,0.651265327122433,0.17744788226854027,1.667497899735048
F84_historico,persons,2023,MUJER,60-64,554778.0,2.0,0.36050456218523447,0.043658774959346794,1.3022664322889446
F84_historico,persons,2023,MUJER,65-69,477077.0,0.0,0.0,0.0,0.7732251720611003
F84_historico,persons,2023,MUJER,70-74,372694.0,0.0,0.0,0.0,0.9897877223979821
F84_historico,persons,2023,MUJER,75-79,267102.0,1.0,0.37438881026723875,0.009478704009812685,2.0859609403669377
F84_historico,persons,2023,MUJER,80+,389542.0,2.0,0.5134234562640229,0.06217796246462897,1.8546620563954492
F84_historico,persons,2024,HOMBRE,0-4,603305.0,931.0,154.31663917918797,144.5619909968609,164.55632753596294
F84_historico,persons,2024,HOMBRE,10-14,657714.0,1092.0,166.02961165491385,156.32698314394537,176.1767848114168
F84_historico,persons,2024,HOMBRE,15-19,635804.0,518.0,81.47164849544828,74.60578284418017,88.79946271413752
F84_historico,persons,2024,HOMBRE,20-24,661712.0,195.0,29.469013709891918,25.47780564362511,33.90810960527539
F84_historico,persons,2024,HOMBRE,25-29,767831.0,100.0,13.023699225480607,10.596601498366585,15.84030780112113
F84_historico,persons,2024,HOMBRE,30-34,861519.0,55.0,6.384072783072689,4.809357306273974,8.309748244201156
F84_historico,persons,2024,HOMBRE,35-39,790820.0,34.0,4.2993348676057765,2.9774143780597693,6.0078895444226355
F84_historico,persons,2024,HOMBRE,40-44,715861.0,20.0,2.7938384686412587,1.706549118530545,4.314856920921045
F84_historico,persons,2024,HOMBRE,45-49,667483.0,12.0,1.7977985956196638,0.928948768541254,3.1403923467978903
F84_historico,persons,2024,HOMBRE,5-9,622349.0,1876.0,301.4385818889401,287.95089695424133,315.39495191997247
F84_historico,persons,2024,HOMBRE,50-54,612505.0,12.0,1.9591676802638345,1.0123305293380818,3.422271662790828
F84_historico,persons,2024,HOMBRE,55-59,585699.0,6.0,1.0244169786870048,0.3759429764248958,2.229724486898336
F84_historico,persons,2024,HOMBRE,60-64,521387.0,9.0,1.7261650175397545,0.789312563868745,3.2767988943758026
F84_historico,persons,2024,HOMBRE,65-69,430924.0,5.0,1.160297407431473,0.3767454098909368,2.707747092137516
F84_historico,persons,2024,HOMBRE,70-74,326872.0,1.0,0.30593015002814555,0.007745480795017584,1.7045336984932629
F84_historico,persons,2024,HOMBRE,75-79,213855.0,2.0,0.9352131116878258,0.11325864653338243,3.3783113173523933
F84_historico,persons,2024,HOMBRE,80+,234860.0,0.0,0.0,0.0,1.5706716572059676
F84_historico,persons,2024,MUJER,0-4,580776.0,283.0,48.72790886675758,43.21553045786352,54.74858054849045
F84_historico,persons,2024,MUJER,10-14,634559.0,704.0,110.94319046771065,102.89820398978138,119.45007858179002
F84_historico,persons,2024,MUJER,15-19,614278.0,450.0,73.25673392177484,66.64376544581515,80.34834292347605
F84_historico,persons,2024,MUJER,20-24,641616.0,157.0,24.46946460188025,20.79158661133812,28.610480888924176
F84_historico,persons,2024,MUJER,25-29,746460.0,98.0,13.128633818288991,10.6584595389368,15.99959948197295
F84_historico,persons,2024,MUJER,30-34,838059.0,58.0,6.920753789411008,5.2552185085119,8.946679141288927
F84_historico,persons,2024,MUJER,35-39,770683.0,42.0,5.449711489678636,3.927672691946974,7.36642676411581
F84_historico,persons,2024,MUJER,40-44,705304.0,20.0,2.8356566813742727,1.7320927692745176,4.3794417588266334
F84_historico,persons,2024,MUJER,45-49,669888.0,10.0,1.4927868539218496,0.7158493205031936,2.7452881738466397
F84_historico,persons,2024,MUJER,5-9,599322.0,491.0,81.92590961119399,74.8387128679168,89.50336700283535
F84_historico,persons,2024,MUJER,50-54,628569.0,8.0,1.2727321901016435,0.5494754238195809,2.507789792400407
F84_historico,persons,2024,MUJER,55-59,616599.0,5.0,0.8108997906256741,0.26329695476613174,1.892369608014718
F84_historico,persons,2024,MUJER,60-64,567088.0,2.0,0.3526789492988742,0.042711056933661964,1.2739976278327103
F84_historico,persons,2024,MUJER,65-69,488891.0,3.0,0.6136337138544175,0.12654602414354146,1.793298111387267
F84_historico,persons,2024,MUJER,70-74,392267.0,3.0,0.7647852100737508,0.1577170964918286,2.2350269254722734
F84_historico,persons,2024,MUJER,75-79,277579.0,1.0,0.36025780048202494,0.00912093781744652,2.007227993089858
F84_historico,persons,2024,MUJER,80+,403939.0,6.0,1.4853727914363308,0.5451056356258868,3.233031230586471
F84_historico,persons,2019,TOTAL,0-4,1202176.0,523.0,43.504445272572404,39.855374254449735,47.397813619763454
F84_historico,persons,2019,TOTAL,10-14,1236524.0,445.0,35.987979206226484,32.721537336727515,39.49221982255392
F84_historico,persons,2019,TOTAL,15-19,1272967.0,207.0,16.26122279682034,14.121323866917256,18.633783566054536
F84_historico,persons,2019,TOTAL,20-24,1446985.0,80.0,5.528737340055357,4.383944864044226,6.880992198774588
F84_historico,persons,2019,TOTAL,25-29,1627783.0,54.0,3.317395500505903,2.4921296003548847,4.328481523256522
F84_historico,persons,2019,TOTAL,30-34,1515386.0,35.0,2.309642559717458,1.608750668312876,3.212153693453884
F84_historico,persons,2019,TOTAL,35-39,1396728.0,17.0,1.217130321723342,0.7090232650600041,1.9487435503481432
F84_historico,persons,2019,TOTAL,40-44,1328559.0,8.0,0.6021561707082637,0.25996829472748306,1.1864877073726732
F84_historico,persons,2019,TOTAL,45-49,1243929.0,5.0,0.40195220145201216,0.13051278570709587,0.9380223533113764
F84_historico,persons,2019,TOTAL,5-9,1275472.0,587.0,46.022178456289126,42.373957421326594,49.90047203820161
F84_historico,persons,2019,TOTAL,50-54,1218076.0,6.0,0.49258010173421035,0.1807682158987494,1.0721395071012552
F84_historico,persons,2019,TOTAL,55-59,1118091.0,7.0,0.6260671090277983,0.2517114484885278,1.289937524021066
F84_historico,persons,2019,TOTAL,60-64,964318.0,3.0,0.31110069499895265,0.06415644246976633,0.9091682484141459
F84_historico,persons,2019,TOTAL,65-69,777714.0,2.0,0.2571639445863132,0.031143746742885555,0.9289645895179925
F84_historico,persons,2019,TOTAL,70-74,557691.0,1.0,0.17931076528041515,0.004539755524885622,0.9990556402988211
F84_historico,persons,2019,TOTAL,75-79,398309.0,0.0,0.0,0.0,0.9261350996623062
F84_historico,persons,2019,TOTAL,80+,526508.0,1.0,0.18993063733124663,0.004808627406286301,1.058225780223453
F84_historico,persons,2020,TOTAL,0-4,1190382.0,309.0,25.958053801216753,23.14414077003476,29.01975159934408
F84_historico,persons,2020,TOTAL,10-14,1265269.0,344.0,27.187894431935028,24.390410609304887,30.21827120328667
F84_historico,persons,2020,TOTAL,15-19,1260062.0,160.0,12.6977878866278,10.806492282657198,14.824853731497107
F84_historico,persons,2020,TOTAL,20-24,1443181.0,48.0,3.325986137566944,2.452319620580041,4.409775085878159
F84_historico,persons,2020,TOTAL,25-29,1649147.0,39.0,2.3648589240376996,1.6816458744694365,3.232839999456255
F84_historico,persons,2020,TOTAL,30-34,1596211.0,31.0,1.9420991335105446,1.3195621367815316,2.7566546968570416
F84_historico,persons,2020,TOTAL,35-39,1435240.0,17.0,1.1844708898860121,0.6899979424770278,1.8964526362076457
F84_historico,persons,2020,TOTAL,40-44,1347007.0,10.0,0.7423866394161277,0.3560032498815844,1.3652754619699659
F84_historico,persons,2020,TOTAL,45-49,1271513.0,4.0,0.3145858516586146,0.0857140566888679,0.8054647239472733
F84_historico,persons,2020,TOTAL,5-9,1282387.0,365.0,28.46254679749561,25.61714231237604,31.537617107186996
F84_historico,persons,2020,TOTAL,50-54,1224425.0,1.0,0.08167098842313739,0.002067730402784154,0.4550416228792207
F84_historico,persons,2020,TOTAL,55-59,1145476.0,3.0,0.26189985647887865,0.05401004673128039,0.7653825195588841
F84_historico,persons,2020,TOTAL,60-64,989394.0,2.0,0.20214393861292873,0.024480568766736505,0.7302134102009877
F84_historico,persons,2020,TOTAL,65-69,814608.0,1.0,0.12275843104904445,0.0031079743857523956,0.6839662010364369
F84_historico,persons,2020,TOTAL,70-74,583389.0,2.0,0.34282442761176507,0.04151762863954668,1.2383997071806223
F84_historico,persons,2020,TOTAL,75-79,413785.0,1.0,0.24167139939823823,0.0061185900852592226,1.3465068552361488
F84_historico,persons,2020,TOTAL,80+,546834.0,1.0,0.18287085294623232,0.00462988914081602,1.0188911792132345
F84_historico,persons,2021,TOTAL,0-4,1178895.0,413.0,35.03280614473723,31.735164760342872,38.58001844349566
F84_historico,persons,2021,TOTAL,10-14,1287620.0,506.0,39.29730821205014,35.94743482166362,42.87532253932963
F84_historico,persons,2021,TOTAL,15-19,1242805.0,224.0,18.023744674345533,15.740544409411765,20.545045736239505
F84_historico,persons,2021,TOTAL,20-24,1416129.0,90.0,6.355353219939709,5.110454494689818,7.811808090216811
F84_historico,persons,2021,TOTAL,25-29,1629871.0,61.0,3.742627484015606,2.8628134718012976,4.807561574801691
F84_historico,persons,2021,TOTAL,30-34,1659478.0,35.0,2.1090969569949105,1.4690633080113,2.9332433071775026
F84_historico,persons,2021,TOTAL,35-39,1461105.0,24.0,1.6425924214892154,1.052439958434641,2.4440473199224706
F84_historico,persons,2021,TOTAL,40-44,1362172.0,6.0,0.44047300928223454,0.1616458313260624,0.9587243037236622
F84_historico,persons,2021,TOTAL,45-49,1296281.0,7.0,0.5400063720751905,0.21711056873624357,1.1126195139558765
F84_historico,persons,2021,TOTAL,5-9,1279150.0,588.0,45.96802564202791,42.32713328328431,49.83832635238009
F84_historico,persons,2021,TOTAL,50-54,1225010.0,8.0,0.6530558934212782,0.28194318223920634,1.2867804524202506
F84_historico,persons,2021,TOTAL,55-59,1167604.0,3.0,0.25693642707630326,0.052986468262835804,0.7508772725806286
F84_historico,persons,2021,TOTAL,60-64,1013544.0,3.0,0.29599109658781464,0.06104048002806009,0.8650115899992821
F84_historico,persons,2021,TOTAL,65-69,844335.0,2.0,0.2368728052254141,0.02868639563016634,0.8556660173656144
F84_historico,persons,2021,TOTAL,70-74,615340.0,3.0,0.48753534631260764,0.10054150922995439,1.4247851707580075
F84_historico,persons,2021,TOTAL,75-79,430954.0,2.0,0.46408665426008344,0.05620304685510866,1.6764405638940492
F84_historico,persons,2021,TOTAL,80+,568070.0,3.0,0.528103930853592,0.10890772667023454,1.5433437903325864
F84_historico,persons,2022,TOTAL,0-4,1177286.0,834.0,70.84090017209073,66.11402076288535,75.81649314785436
F84_historico,persons,2022,TOTAL,10-14,1298475.0,783.0,60.301507537688444,56.15119495776927,64.67740369901858
F84_historico,persons,2022,TOTAL,15-19,1232087.0,372.0,30.19267308233915,27.202094037165917,33.42225533361792
F84_historico,persons,2022,TOTAL,20-24,1378746.0,112.0,8.12332365787462,6.688719570722845,9.774469212758216
F84_historico,persons,2022,TOTAL,25-29,1594730.0,79.0,4.953816633536712,3.921983279902859,6.1739335915594316
F84_historico,persons,2022,TOTAL,30-34,1696451.0,47.0,2.7704896869995066,2.0356516142856913,3.6841639599756766
F84_historico,persons,2022,TOTAL,35-39,1483789.0,35.0,2.3588259516683303,1.6430087028896805,3.2805558855796257
F84_historico,persons,2022,TOTAL,40-44,1379609.0,14.0,1.0147802747010204,0.5547898191661982,1.7026288696170855
F84_historico,persons,2022,TOTAL,45-49,1316079.0,15.0,1.1397492095839232,0.6379089805994408,1.8798429935806165
F84_historico,persons,2022,TOTAL,5-9,1263605.0,948.0,75.02344482650828,70.32309471181219,79.95535346778863
F84_historico,persons,2022,TOTAL,50-54,1224709.0,4.0,0.32660819835569105,0.0889897415325865,0.8362467063934121
F84_historico,persons,2022,TOTAL,55-59,1184443.0,5.0,0.4221393515770704,0.13706749840375776,0.9851324275902404
F84_historico,persons,2022,TOTAL,60-64,1037933.0,4.0,0.38538133000877706,0.10500344180465646,0.9867292662824763
F84_historico,persons,2022,TOTAL,65-69,871490.0,4.0,0.4589840388300497,0.12505770274200792,1.1751814335682216
F84_historico,persons,2022,TOTAL,70-74,648484.0,4.0,0.616823236964983,0.16806357190406007,1.5793124696066045
F84_historico,persons,2022,TOTAL,75-79,450362.0,3.0,0.6661308014441716,0.13737218568520465,1.9467168788091187
F84_historico,persons,2022,TOTAL,80+,590285.0,0.0,0.0,0.0,0.6249319318827237
F84_historico,persons,2023,TOTAL,0-4,1181326.0,1237.0,104.71283963952372,98.95812603281225,110.71490710778058
F84_historico,persons,2023,TOTAL,10-14,1298004.0,1237.0,95.30016856650673,90.06274802992745,100.76270824589601
F84_historico,persons,2023,TOTAL,15-19,1235359.0,653.0,52.85912839911313,48.88207569480591,57.07355643166389
F84_historico,persons,2023,TOTAL,20-24,1339853.0,227.0,16.942157087381975,14.80971576256937,19.295421402509817
F84_historico,persons,2023,TOTAL,25-29,1556004.0,110.0,7.069390567119365,5.8101792856827945,8.52052739111367
F84_historico,persons,2023,TOTAL,30-34,1709514.0,91.0,5.323150322255331,4.285868585857213,6.535649015834189
F84_historico,persons,2023,TOTAL,35-39,1515059.0,42.0,2.772169268655544,1.9979357723017848,3.7471675214292413
F84_historico,persons,2023,TOTAL,40-44,1400321.0,26.0,1.8567171384275463,1.212869278943638,2.720520800811028
F84_historico,persons,2023,TOTAL,45-49,1329324.0,19.0,1.4292978987816365,0.8605307031518825,2.2320257192065736
F84_historico,persons,2023,TOTAL,5-9,1243537.0,1587.0,127.61984564994849,121.41753807422067,134.0568721959309
F84_historico,persons,2023,TOTAL,50-54,1229143.0,11.0,0.8949324854797204,0.4467470723289999,1.6012814223651726
F84_historico,persons,2023,TOTAL,55-59,1196120.0,5.0,0.41801825903755474,0.13572939087369332,0.9755151723341029
F84_historico,persons,2023,TOTAL,60-64,1063197.0,10.0,0.9405594635801268,0.4510348219692525,1.7297223413927785
F84_historico,persons,2023,TOTAL,65-69,896331.0,2.0,0.22313185642357566,0.02702230298226492,0.8060289856898802
F84_historico,persons,2023,TOTAL,70-74,682886.0,3.0,0.4393119788661651,0.0905966915261993,1.2838560271761792
F84_historico,persons,2023,TOTAL,75-79,471119.0,2.0,0.4245211931592655,0.05141148596086445,1.5335165144526033
F84_historico,persons,2023,TOTAL,80+,613792.0,3.0,0.4887649236223346,0.1007950776314454,1.4283785174362524
F84_historico,persons,2024,TOTAL,0-4,1184081.0,1214.0,102.52676970578871,96.83982606241702,108.46051369427994
F84_historico,persons,2024,TOTAL,10-14,1292273.0,1796.0,138.97992142527158,132.62595347638342,145.55964291597616
F84_historico,persons,2024,TOTAL,15-19,1250082.0,968.0,77.43492026923033,72.63306248801608,82.4708153163231
F84_historico,persons,2024,TOTAL,20-24,1303328.0,352.0,27.00778315205382,24.259736291082774,29.98187658355766
F84_historico,persons,2024,TOTAL,25-29,1514291.0,198.0,13.075426057475083,11.317499668375547,15.029035160171896
F84_historico,persons,2024,TOTAL,30-34,1699578.0,113.0,6.648709267830014,5.479477462122934,7.993582244007653
F84_historico,persons,2024,TOTAL,35-39,1561503.0,76.0,4.867105602742998,3.8347256378280155,6.091908434587163
F84_historico,persons,2024,TOTAL,40-44,1421165.0,40.0,2.81459225353847,2.0107859707907925,3.8326757951387815
F84_historico,persons,2024,TOTAL,45-49,1337371.0,22.0,1.645018472809714,1.0309243188486672,2.490577737002315
F84_historico,persons,2024,TOTAL,5-9,1221671.0,2367.0,193.7510180727872,186.02347400834398,201.71711979487733
F84_historico,persons,2024,TOTAL,50-54,1241074.0,20.0,1.6115074524162136,0.9843506177233545,2.4888425591604206
F84_historico,persons,2024,TOTAL,55-59,1202298.0,11.0,0.9149146051977131,0.4567220744970747,1.637034954171258
F84_historico,persons,2024,TOTAL,60-64,1088475.0,11.0,1.0105882082730426,0.5044819924423473,1.8082214578471671
F84_historico,persons,2024,TOTAL,65-69,919815.0,8.0,0.8697401107831466,0.37549204750395476,1.7137347423333293
F84_historico,persons,2024,TOTAL,70-74,719139.0,4.0,0.556220702812669,0.15155142102240665,1.4241459127378286
F84_historico,persons,2024,TOTAL,75-79,491434.0,3.0,0.6104583728435558,0.12589119248883907,1.7840184174766751
F84_historico,persons,2024,TOTAL,80+,638799.0,6.0,0.93926258494456,0.3446928147180648,2.044379221401205
