era,definition,first_principal,last_prior_principal,index_role,patients
2019-2020,autismo_F840,G409,G409,solo_secundario,9
2019-2020,autismo_F840,F841,F841,solo_secundario,5
2019-2020,autismo_F840,S4240,S4240,solo_secundario,5
2019-2020,autismo_F840,J353,J353,solo_secundario,5
2019-2020,autismo_F840,K029,K029,solo_secundario,3
2019-2020,autismo_F840,A099,A099,solo_secundario,3
2019-2020,autismo_F840,F845,F845,principal,3
2019-2020,autismo_F840,Z518,Z518,solo_secundario,3
2019-2020,autismo_F840,D480,D480,solo_secundario,2
2019-2020,autismo_F840,D649,D649,solo_secundario,2
2019-2020,autismo_F840,J189,J189,solo_secundario,2
2019-2020,autismo_F840,J129,J129,solo_secundario,2
2019-2020,autismo_F840,J351,J351,solo_secundario,2
2019-2020,autismo_F840,G403,G403,solo_secundario,2
2019-2020,autismo_F840,J159,J159,solo_secundario,2
2019-2020,autismo_F840,F431,F431,solo_secundario,2
2019-2020,autismo_F840,R458,R458,solo_secundario,2
2019-2020,autismo_F840,N47,N47,solo_secundario,2
2019-2020,autismo_F840,Z478,Z478,solo_secundario,1
2019-2020,autismo_F840,M2176,M2389,solo_secundario,1
2019-2020,autismo_F840,M2106,M2106,solo_secundario,1
2019-2020,autismo_F840,L923,Q211,solo_secundario,1
2019-2020,autismo_F840,M2117,M2117,solo_secundario,1
2019-2020,autismo_F840,L600,L600,solo_secundario,1
2019-2020,autismo_F840,Z133,Z133,solo_secundario,1
2019-2020,autismo_F840,M359,M359,solo_secundario,1
2019-2020,autismo_F840,K918,Q375,solo_secundario,1
2019-2020,autismo_F840,M8565,S7240,solo_secundario,1
2019-2020,autismo_F840,M8698,A047,solo_secundario,1
2019-2020,autismo_F840,M8793,M8793,solo_secundario,1
2019-2020,autismo_F840,N10,J159,solo_secundario,1
2019-2020,autismo_F840,N179,N311,solo_secundario,1
2019-2020,autismo_F840,N258,C910,solo_secundario,1
2019-2020,autismo_F840,N390,J121,solo_secundario,1
2019-2020,autismo_F840,N390,N390,solo_secundario,1
2019-2020,autismo_F840,L059,L059,solo_secundario,1
2019-2020,autismo_F840,K801,T810,solo_secundario,1
2019-2020,autismo_F840,K859,K859,solo_secundario,1
2019-2020,autismo_F840,Z511,Z511,solo_secundario,1
2019-2020,autismo_F840,Z518,Q234,solo_secundario,1
2019-2020,autismo_F840,K221,K221,solo_secundario,1
2019-2020,autismo_F840,K222,K222,solo_secundario,1
2019-2020,autismo_F840,K295,K295,solo_secundario,1
2019-2020,autismo_F840,K353,K353,solo_secundario,1
2019-2020,autismo_F840,Z518,H024,solo_secundario,1
2019-2020,autismo_F840,K358,K358,solo_secundario,1
2019-2020,autismo_F840,K429,K429,solo_secundario,1
2019-2020,autismo_F840,K559,I880,solo_secundario,1
2019-2020,autismo_F840,K858,K851,solo_secundario,1
2019-2020,autismo_F840,K561,Z511,solo_secundario,1
2019-2020,autismo_F840,K590,J00,solo_secundario,1
2019-2020,autismo_F840,K590,J159,solo_secundario,1
2019-2020,autismo_F840,K590,J353,solo_secundario,1
2019-2020,autismo_F840,K590,K590,solo_secundario,1
2019-2020,autismo_F840,K635,Q668,solo_secundario,1
2019-2020,autismo_F840,K639,Z518,solo_secundario,1
2019-2020,autismo_F840,K851,K851,solo_secundario,1
2019-2020,autismo_F840,N44,N44,solo_secundario,1
2019-2020,autismo_F840,N832,N832,solo_secundario,1
2019-2020,autismo_F840,N480,Q643,solo_secundario,1
2019-2020,autismo_F840,T243,T243,solo_secundario,1
2019-2020,autismo_F840,S099,S099,solo_secundario,1
2019-2020,autismo_F840,S398,Z513,solo_secundario,1
2019-2020,autismo_F840,S4240,S4240,principal,1
2019-2020,autismo_F840,Z138,G409,solo_secundario,1
2019-2020,autismo_F840,S519,S519,principal,1
2019-2020,autismo_F840,S5240,S5240,solo_secundario,1
2019-2020,autismo_F840,S7231,N390,solo_secundario,1
2019-2020,autismo_F840,S8230,Q647,solo_secundario,1
2019-2020,autismo_F840,T182,T182,solo_secundario,1
2019-2020,autismo_F840,T251,T251,solo_secundario,1
2019-2020,autismo_F840,N831,N831,solo_secundario,1
2019-2020,autismo_F840,T391,T391,solo_secundario,1
2019-2020,autismo_F840,T424,T424,solo_secundario,1
2019-2020,autismo_F840,T634,T634,solo_secundario,1
2019-2020,autismo_F840,T751,G409,solo_secundario,1
2019-2020,autismo_F840,T781,T781,solo_secundario,1
2019-2020,autismo_F840,T824,T824,solo_secundario,1
2019-2020,autismo_F840,T827,T827,solo_secundario,1
2019-2020,autismo_F840,T850,T850,solo_secundario,1
2019-2020,autismo_F840,Z031,Z031,solo_secundario,1
2019-2020,autismo_F840,S0690,S0690,solo_secundario,1
2019-2020,autismo_F840,S0220,S0220,solo_secundario,1
2019-2020,autismo_F840,S011,S011,solo_secundario,1
2019-2020,autismo_F840,R620,R620,solo_secundario,1
2019-2020,autismo_F840,Z048,Z048,solo_secundario,1
2019-2020,autismo_F840,N922,N938,solo_secundario,1
2019-2020,autismo_F840,Z139,Z139,solo_secundario,1
2019-2020,autismo_F840,P398,P398,solo_secundario,1
2019-2020,autismo_F840,K044,K044,solo_secundario,1
2019-2020,autismo_F840,Q230,Q230,solo_secundario,1
2019-2020,autismo_F840,Q279,Q828,solo_secundario,1
2019-2020,autismo_F840,Q282,Q282,solo_secundario,1
2019-2020,autismo_F840,Q539,Q539,solo_secundario,1
2019-2020,autismo_F840,Q542,Z480,solo_secundario,1
2019-2020,autismo_F840,Q641,Q641,solo_secundario,1
2019-2020,autismo_F840,Q665,Q665,solo_secundario,1
2019-2020,autismo_F840,Q680,Q680,principal,1
2019-2020,autismo_F840,Q870,Q870,solo_secundario,1
2019-2020,autismo_F840,R451,R451,principal,1
2019-2020,autismo_F840,R522,N359,solo_secundario,1
2019-2020,autismo_F840,R560,R560,solo_secundario,1
2019-2020,autismo_F840,R560,S611,solo_secundario,1
2019-2020,autismo_F840,R568,G419,solo_secundario,1
2019-2020,autismo_F840,K134,D70,solo_secundario,1
2019-2020,autismo_F840,A080,A080,solo_secundario,1
2019-2020,autismo_F840,K029,K564,solo_secundario,1
2019-2020,autismo_F840,E109,E109,principal,1
2019-2020,autismo_F840,F141,F141,solo_secundario,1
2019-2020,autismo_F840,F209,F209,solo_secundario,1
2019-2020,autismo_F840,F21,F841,solo_secundario,1
2019-2020,autismo_F840,F231,F231,solo_secundario,1
2019-2020,autismo_F840,F239,F239,solo_secundario,1
2019-2020,autismo_F840,F28,F28,solo_secundario,1
2019-2020,autismo_F840,F29,F29,solo_secundario,1
2019-2020,autismo_F840,F313,F313,solo_secundario,1
2019-2020,autismo_F840,F316,F316,solo_secundario,1
2019-2020,autismo_F840,F319,F319,solo_secundario,1
2019-2020,autismo_F840,F320,T439,solo_secundario,1
2019-2020,autismo_F840,F322,F322,solo_secundario,1
2019-2020,autismo_F840,F323,F412,solo_secundario,1
2019-2020,autismo_F840,F323,F600,solo_secundario,1
2019-2020,autismo_F840,F329,F845,principal,1
2019-2020,autismo_F840,F431,T391,solo_secundario,1
2019-2020,autismo_F840,F432,F429,solo_secundario,1
2019-2020,autismo_F840,F432,F432,principal,1
2019-2020,autismo_F840,F432,F432,solo_secundario,1
2019-2020,autismo_F840,F061,F061,solo_secundario,1
2019-2020,autismo_F840,E108,E108,solo_secundario,1
2019-2020,autismo_F840,K021,K021,solo_secundario,1
2019-2020,autismo_F840,DESCONOCIDO,R458,solo_secundario,1
2019-2020,autismo_F840,A419,N10,solo_secundario,1
2019-2020,autismo_F840,A492,A492,solo_secundario,1
2019-2020,autismo_F840,B179,B179,solo_secundario,1
2019-2020,autismo_F840,B24,P351,solo_secundario,1
2019-2020,autismo_F840,C629,C629,solo_secundario,1
2019-2020,autismo_F840,C629,K029,solo_secundario,1
2019-2020,autismo_F840,C629,N131,solo_secundario,1
2019-2020,autismo_F840,C717,T850,solo_secundario,1
2019-2020,autismo_F840,C73,C73,solo_secundario,1
2019-2020,autismo_F840,C910,C910,solo_secundario,1
2019-2020,autismo_F840,C910,Z511,solo_secundario,1
2019-2020,autismo_F840,C920,G409,solo_secundario,1
2019-2020,autismo_F840,C950,C910,solo_secundario,1
2019-2020,autismo_F840,D410,D410,solo_secundario,1
2019-2020,autismo_F840,D619,Z511,solo_secundario,1
2019-2020,autismo_F840,D696,D70,solo_secundario,1
2019-2020,autismo_F840,D70,C910,solo_secundario,1
2019-2020,autismo_F840,D801,Z098,solo_secundario,1
2019-2020,autismo_F840,D848,Z518,solo_secundario,1
2019-2020,autismo_F840,F609,F718,solo_secundario,1
2019-2020,autismo_F840,F638,R458,solo_secundario,1
2019-2020,autismo_F840,F711,F711,principal,1
2019-2020,autismo_F840,F711,F919,solo_secundario,1
2019-2020,autismo_F840,G934,N179,solo_secundario,1
2019-2020,autismo_F840,H050,H050,solo_secundario,1
2019-2020,autismo_F840,H664,T814,solo_secundario,1
2019-2020,autismo_F840,H669,H669,solo_secundario,1
2019-2020,autismo_F840,I151,Z452,solo_secundario,1
2019-2020,autismo_F840,I270,I270,solo_secundario,1
2019-2020,autismo_F840,I471,I471,solo_secundario,1
2019-2020,autismo_F840,I615,I615,solo_secundario,1
2019-2020,autismo_F840,J039,J039,solo_secundario,1
2019-2020,autismo_F840,J050,J050,solo_secundario,1
2019-2020,autismo_F840,J100,K800,solo_secundario,1
2019-2020,autismo_F840,J121,J121,solo_secundario,1
2019-2020,autismo_F840,J14,J14,solo_secundario,1
2019-2020,autismo_F840,J219,J219,solo_secundario,1
2019-2020,autismo_F840,J46,J46,solo_secundario,1
2019-2020,autismo_F840,J690,J690,solo_secundario,1
2019-2020,autismo_F840,K001,K001,solo_secundario,1
2019-2020,autismo_F840,K010,K010,principal,1
2019-2020,autismo_F840,K010,K010,solo_secundario,1
2019-2020,autismo_F840,G901,H169,principal,1
2019-2020,autismo_F840,G808,G808,solo_secundario,1
2019-2020,autismo_F840,G409,G409,principal,1
2019-2020,autismo_F840,G040,A083,solo_secundario,1
2019-2020,autismo_F840,F841,F841,principal,1
2019-2020,autismo_F840,F841,K122,solo_secundario,1
2019-2020,autismo_F840,F845,Q665,solo_secundario,1
2019-2020,autismo_F840,F913,F913,solo_secundario,1
2019-2020,autismo_F840,F918,F918,principal,1
2019-2020,autismo_F840,F918,H471,solo_secundario,1
2019-2020,autismo_F840,F919,F919,solo_secundario,1
2019-2020,autismo_F840,F920,F920,solo_secundario,1
2019-2020,autismo_F840,G048,G048,solo_secundario,1
2019-2020,autismo_F840,G409,G408,solo_secundario,1
2019-2020,autismo_F840,G060,G060,solo_secundario,1
2019-2020,autismo_F840,G121,Z518,solo_secundario,1
2019-2020,autismo_F840,G401,G401,solo_secundario,1
2019-2020,autismo_F840,G403,G402,solo_secundario,1
2019-2020,autismo_F840,G403,G403,principal,1
2019-2020,autismo_F840,G403,J960,solo_secundario,1
2019-2020,autismo_F840,G409,G401,solo_secundario,1
2019-2020,autismo_F840,G409,G403,solo_secundario,1
2019-2020,autismo_F840,J90,T850,solo_secundario,1
2019-2020,TEA_operacional,G409,G409,solo_secundario,18
2019-2020,TEA_operacional,J189,J189,solo_secundario,7
2019-2020,TEA_operacional,G404,G404,solo_secundario,6
2019-2020,TEA_operacional,Z518,Z518,solo_secundario,6
2019-2020,TEA_operacional,J353,J353,solo_secundario,6
2019-2020,TEA_operacional,A099,A099,solo_secundario,5
2019-2020,TEA_operacional,S4240,S4240,solo_secundario,4
2019-2020,TEA_operacional,J690,J690,solo_secundario,4
2019-2020,TEA_operacional,J121,J121,solo_secundario,4
2019-2020,TEA_operacional,J129,J129,solo_secundario,4
2019-2020,TEA_operacional,K353,K353,solo_secundario,3
2019-2020,TEA_operacional,G403,G403,solo_secundario,2
2019-2020,TEA_operacional,G408,G408,solo_secundario,2
2019-2020,TEA_operacional,F609,F609,solo_secundario,2
2019-2020,TEA_operacional,R458,R458,solo_secundario,2
2019-2020,TEA_operacional,R560,R560,solo_secundario,2
2019-2020,TEA_operacional,F432,F432,solo_secundario,2
2019-2020,TEA_operacional,F322,F322,solo_secundario,2
2019-2020,TEA_operacional,K358,K358,solo_secundario,2
2019-2020,TEA_operacional,P220,P220,solo_secundario,2
2019-2020,TEA_operacional,G410,G410,solo_secundario,2
2019-2020,TEA_operacional,Q234,Q234,solo_secundario,2
2019-2020,TEA_operacional,P590,P590,solo_secundario,2
2019-2020,TEA_operacional,T432,T432,solo_secundario,2
2019-2020,TEA_operacional,N47,N47,solo_secundario,2
2019-2020,TEA_operacional,J159,J159,solo_secundario,2
2019-2020,TEA_operacional,N390,N390,solo_secundario,2
2019-2020,TEA_operacional,J351,J351,solo_secundario,2
2019-2020,TEA_operacional,K859,K859,solo_secundario,2
2019-2020,TEA_operacional,K029,K029,solo_secundario,2
2019-2020,TEA_operacional,K590,K590,solo_secundario,2
2019-2020,TEA_operacional,S5250,S5250,solo_secundario,2
2019-2020,TEA_operacional,A080,A080,solo_secundario,2
2019-2020,TEA_operacional,Q531,Q531,solo_secundario,2
2019-2020,TEA_operacional,A419,A419,solo_secundario,2
2019-2020,TEA_operacional,C910,Z511,solo_secundario,2
2019-2020,TEA_operacional,T751,T751,solo_secundario,2
2019-2020,TEA_operacional,D480,D480,solo_secundario,2
2019-2020,TEA_operacional,O821,O821,solo_secundario,1
2019-2020,TEA_operacional,P071,J189,solo_secundario,1
2019-2020,TEA_operacional,O993,O993,solo_secundario,1
2019-2020,TEA_operacional,O991,O991,solo_secundario,1
2019-2020,TEA_operacional,Z432,J981,solo_secundario,1
2019-2020,TEA_operacional,N831,N831,solo_secundario,1
2019-2020,TEA_operacional,P219,P219,solo_secundario,1
2019-2020,TEA_operacional,N480,Q643,solo_secundario,1
2019-2020,TEA_operacional,Z478,Z478,solo_secundario,1
2019-2020,TEA_operacional,Z511,A099,solo_secundario,1
2019-2020,TEA_operacional,N44,N44,solo_secundario,1
2019-2020,TEA_operacional,Z511,Z511,solo_secundario,1
2019-2020,TEA_operacional,Z518,H024,solo_secundario,1
2019-2020,TEA_operacional,N390,L022,solo_secundario,1
2019-2020,TEA_operacional,P210,P210,solo_secundario,1
2019-2020,TEA_operacional,Z138,Z518,solo_secundario,1
2019-2020,TEA_operacional,Z139,Z139,solo_secundario,1
2019-2020,TEA_operacional,N179,N311,solo_secundario,1
2019-2020,TEA_operacional,P915,J209,solo_secundario,1
2019-2020,TEA_operacional,P90,J069,solo_secundario,1
2019-2020,TEA_operacional,P77,K598,solo_secundario,1
2019-2020,TEA_operacional,P704,J120,solo_secundario,1
2019-2020,TEA_operacional,P599,Z033,solo_secundario,1
2019-2020,TEA_operacional,P599,P599,solo_secundario,1
2019-2020,TEA_operacional,P599,A090,solo_secundario,1
2019-2020,TEA_operacional,P598,P598,solo_secundario,1
2019-2020,TEA_operacional,Z138,G409,solo_secundario,1
2019-2020,TEA_operacional,P398,P398,solo_secundario,1
2019-2020,TEA_operacional,P369,M8618,solo_secundario,1
2019-2020,TEA_operacional,P290,P290,solo_secundario,1
2019-2020,TEA_operacional,P285,Z540,solo_secundario,1
2019-2020,TEA_operacional,P238,J208,solo_secundario,1
2019-2020,TEA_operacional,P228,G409,solo_secundario,1
2019-2020,TEA_operacional,N258,C910,solo_secundario,1
2019-2020,TEA_operacional,M8793,M8793,solo_secundario,1
2019-2020,TEA_operacional,N10,J159,solo_secundario,1
2019-2020,TEA_operacional,Q012,Q019,solo_secundario,1
2019-2020,TEA_operacional,K918,K918,solo_secundario,1
2019-2020,TEA_operacional,K914,K914,solo_secundario,1
2019-2020,TEA_operacional,K859,S219,solo_secundario,1
2019-2020,TEA_operacional,Z540,Z540,solo_secundario,1
2019-2020,TEA_operacional,K801,T810,solo_secundario,1
2019-2020,TEA_operacional,K639,Z518,solo_secundario,1
2019-2020,TEA_operacional,K635,Q668,solo_secundario,1
2019-2020,TEA_operacional,Z653,Z653,solo_secundario,1
2019-2020,TEA_operacional,Z763,C222,solo_secundario,1
2019-2020,TEA_operacional,K590,J353,solo_secundario,1
2019-2020,TEA_operacional,K590,J159,solo_secundario,1
2019-2020,TEA_operacional,K590,J00,solo_secundario,1
2019-2020,TEA_operacional,K561,Z511,solo_secundario,1
2019-2020,TEA_operacional,K559,I880,solo_secundario,1
2019-2020,TEA_operacional,K429,K429,solo_secundario,1
2019-2020,TEA_operacional,K918,Q375,solo_secundario,1
2019-2020,TEA_operacional,L031,L031,solo_secundario,1
2019-2020,TEA_operacional,L040,L040,solo_secundario,1
2019-2020,TEA_operacional,Z518,Q234,solo_secundario,1
2019-2020,TEA_operacional,M8698,A047,solo_secundario,1
2019-2020,TEA_operacional,M359,M359,solo_secundario,1
2019-2020,TEA_operacional,M2318,M2318,solo_secundario,1
2019-2020,TEA_operacional,M2176,M2389,solo_secundario,1
2019-2020,TEA_operacional,M2157,N390,solo_secundario,1
2019-2020,TEA_operacional,M2117,M2117,solo_secundario,1
2019-2020,TEA_operacional,M2106,M2106,solo_secundario,1
2019-2020,TEA_operacional,L059,L059,solo_secundario,1
2019-2020,TEA_operacional,L923,Q211,solo_secundario,1
2019-2020,TEA_operacional,Z518,Q668,solo_secundario,1
2019-2020,TEA_operacional,L732,L732,solo_secundario,1
2019-2020,TEA_operacional,L720,C910,solo_secundario,1
2019-2020,TEA_operacional,L600,L600,solo_secundario,1
2019-2020,TEA_operacional,L211,L211,solo_secundario,1
2019-2020,TEA_operacional,P916,P916,solo_secundario,1
2019-2020,TEA_operacional,T634,T634,solo_secundario,1
2019-2020,TEA_operacional,Q02,D65,solo_secundario,1
2019-2020,TEA_operacional,R13,J129,solo_secundario,1
2019-2020,TEA_operacional,S0690,S0690,solo_secundario,1
2019-2020,TEA_operacional,S0620,S009,solo_secundario,1
2019-2020,TEA_operacional,S059,S059,solo_secundario,1
2019-2020,TEA_operacional,S0220,S0220,solo_secundario,1
2019-2020,TEA_operacional,S011,S011,solo_secundario,1
2019-2020,TEA_operacional,R620,R620,solo_secundario,1
2019-2020,TEA_operacional,R568,Z033,solo_secundario,1
2019-2020,TEA_operacional,R568,G419,solo_secundario,1
2019-2020,TEA_operacional,R568,G409,solo_secundario,1
2019-2020,TEA_operacional,R560,T242,solo_secundario,1
2019-2020,TEA_operacional,R560,S611,solo_secundario,1
2019-2020,TEA_operacional,T824,T824,solo_secundario,1
2019-2020,TEA_operacional,T827,T827,solo_secundario,1
2019-2020,TEA_operacional,R522,N359,solo_secundario,1
2019-2020,TEA_operacional,T850,M5492,solo_secundario,1
2019-2020,TEA_operacional,T781,T781,solo_secundario,1
2019-2020,TEA_operacional,S099,S099,solo_secundario,1
2019-2020,TEA_operacional,S398,Z513,solo_secundario,1
2019-2020,TEA_operacional,S830,S830,solo_secundario,1
2019-2020,TEA_operacional,T405,T850,solo_secundario,1
2019-2020,TEA_operacional,T391,T391,solo_secundario,1
2019-2020,TEA_operacional,T251,T251,solo_secundario,1
2019-2020,TEA_operacional,T243,T243,solo_secundario,1
2019-2020,TEA_operacional,T231,T231,solo_secundario,1
2019-2020,TEA_operacional,T182,T182,solo_secundario,1
2019-2020,TEA_operacional,S8230,Q647,solo_secundario,1
2019-2020,TEA_operacional,S4240,S4240,principal,1
2019-2020,TEA_operacional,S6261,Q728,solo_secundario,1
2019-2020,TEA_operacional,S5280,S5280,solo_secundario,1
2019-2020,TEA_operacional,T751,G409,solo_secundario,1
2019-2020,TEA_operacional,S5240,S5240,solo_secundario,1
2019-2020,TEA_operacional,S5200,S5200,solo_secundario,1
2019-2020,TEA_operacional,S519,S519,principal,1
2019-2020,TEA_operacional,R223,R223,solo_secundario,1
2019-2020,TEA_operacional,Q897,K219,solo_secundario,1
2019-2020,TEA_operacional,T421,T421,solo_secundario,1
2019-2020,TEA_operacional,Q871,Q218,solo_secundario,1
2019-2020,TEA_operacional,Q431,J208,solo_secundario,1
2019-2020,TEA_operacional,Q419,Q419,solo_secundario,1
2019-2020,TEA_operacional,Z048,Z048,solo_secundario,1
2019-2020,TEA_operacional,Q315,K918,solo_secundario,1
2019-2020,TEA_operacional,Q315,G409,solo_secundario,1
2019-2020,TEA_operacional,Q311,Q311,solo_secundario,1
2019-2020,TEA_operacional,Q308,J152,solo_secundario,1
2019-2020,TEA_operacional,Q282,Q282,solo_secundario,1
2019-2020,TEA_operacional,Q279,Q828,solo_secundario,1
2019-2020,TEA_operacional,Q239,J22,solo_secundario,1
2019-2020,TEA_operacional,Z133,Z133,solo_secundario,1
2019-2020,TEA_operacional,Q230,Q230,solo_secundario,1
2019-2020,TEA_operacional,Q213,Z048,solo_secundario,1
2019-2020,TEA_operacional,Q213,Q213,solo_secundario,1
2019-2020,TEA_operacional,Q079,Q079,solo_secundario,1
2019-2020,TEA_operacional,Z031,Z031,solo_secundario,1
2019-2020,TEA_operacional,Q539,Q539,solo_secundario,1
2019-2020,TEA_operacional,Q542,Z480,solo_secundario,1
2019-2020,TEA_operacional,Q680,Q680,principal,1
2019-2020,TEA_operacional,Q870,Q870,solo_secundario,1
2019-2020,TEA_operacional,Q828,Q828,solo_secundario,1
2019-2020,TEA_operacional,Q774,Q774,solo_secundario,1
2019-2020,TEA_operacional,Q753,Q753,solo_secundario,1
2019-2020,TEA_operacional,Q753,G409,solo_secundario,1
2019-2020,TEA_operacional,Q750,Q673,solo_secundario,1
2019-2020,TEA_operacional,Q674,R230,solo_secundario,1
2019-2020,TEA_operacional,Q632,H652,solo_secundario,1
2019-2020,TEA_operacional,Q665,Q665,solo_secundario,1
2019-2020,TEA_operacional,T850,T850,solo_secundario,1
2019-2020,TEA_operacional,Q651,Q651,solo_secundario,1
2019-2020,TEA_operacional,T855,K075,solo_secundario,1
2019-2020,TEA_operacional,Q641,Q641,solo_secundario,1
2019-2020,TEA_operacional,T858,T858,solo_secundario,1
2019-2020,TEA_operacional,Q038,G403,solo_secundario,1
2019-2020,TEA_operacional,K025,K025,solo_secundario,1
2019-2020,TEA_operacional,K352,T16,solo_secundario,1
2019-2020,TEA_operacional,G409,G403,solo_secundario,1
2019-2020,TEA_operacional,F432,F429,solo_secundario,1
2019-2020,TEA_operacional,F431,T391,solo_secundario,1
2019-2020,TEA_operacional,F431,F431,solo_secundario,1
2019-2020,TEA_operacional,F419,F419,solo_secundario,1
2019-2020,TEA_operacional,F412,F412,solo_secundario,1
2019-2020,TEA_operacional,F329,F329,solo_secundario,1
2019-2020,TEA_operacional,F329,F329,principal,1
2019-2020,TEA_operacional,F328,F328,solo_secundario,1
2019-2020,TEA_operacional,F323,F600,solo_secundario,1
2019-2020,TEA_operacional,F323,F412,solo_secundario,1
2019-2020,TEA_operacional,F320,T439,solo_secundario,1
2019-2020,TEA_operacional,F319,F319,solo_secundario,1
2019-2020,TEA_operacional,F316,F316,solo_secundario,1
2019-2020,TEA_operacional,F313,F313,solo_secundario,1
2019-2020,TEA_operacional,F29,F609,solo_secundario,1
2019-2020,TEA_operacional,F29,F29,solo_secundario,1
2019-2020,TEA_operacional,F28,F28,solo_secundario,1
2019-2020,TEA_operacional,F432,F432,principal,1
2019-2020,TEA_operacional,F638,R458,solo_secundario,1
2019-2020,TEA_operacional,F711,F919,solo_secundario,1
2019-2020,TEA_operacional,G060,G060,solo_secundario,1
2019-2020,TEA_operacional,G408,G409,solo_secundario,1
2019-2020,TEA_operacional,G404,R568,solo_secundario,1
2019-2020,TEA_operacional,G403,J108,solo_secundario,1
2019-2020,TEA_operacional,G403,G403,principal,1
2019-2020,TEA_operacional,G401,G401,solo_secundario,1
2019-2020,TEA_operacional,G361,G361,solo_secundario,1
2019-2020,TEA_operacional,G121,Z518,solo_secundario,1
2019-2020,TEA_operacional,G048,G048,solo_secundario,1
2019-2020,TEA_operacional,F799,F719,solo_secundario,1
2019-2020,TEA_operacional,G040,A083,solo_secundario,1
2019-2020,TEA_operacional,F920,F920,solo_secundario,1
2019-2020,TEA_operacional,F919,F918,solo_secundario,1
2019-2020,TEA_operacional,F919,F913,solo_secundario,1
2019-2020,TEA_operacional,F918,H471,solo_secundario,1
2019-2020,TEA_operacional,F913,F913,solo_secundario,1
2019-2020,TEA_operacional,F89,F89,principal,1
2019-2020,TEA_operacional,F21,F21,principal,1
2019-2020,TEA_operacional,F209,F209,solo_secundario,1
2019-2020,TEA_operacional,F141,F141,solo_secundario,1
2019-2020,TEA_operacional,B179,B179,solo_secundario,1
2019-2020,TEA_operacional,C910,D70,solo_secundario,1
2019-2020,TEA_operacional,C910,C910,solo_secundario,1
2019-2020,TEA_operacional,C73,C73,solo_secundario,1
2019-2020,TEA_operacional,C717,T850,solo_secundario,1
2019-2020,TEA_operacional,C629,K029,solo_secundario,1
2019-2020,TEA_operacional,C629,C629,solo_secundario,1
2019-2020,TEA_operacional,B24,P351,solo_secundario,1
2019-2020,TEA_operacional,B019,B019,solo_secundario,1
2019-2020,TEA_operacional,C950,C910,solo_secundario,1
2019-2020,TEA_operacional,A86,A86,solo_secundario,1
2019-2020,TEA_operacional,A492,A492,solo_secundario,1
2019-2020,TEA_operacional,A419,N10,solo_secundario,1
2019-2020,TEA_operacional,A099,S0680,solo_secundario,1
2019-2020,TEA_operacional,A099,Q044,solo_secundario,1
2019-2020,TEA_operacional,A099,J129,solo_secundario,1
2019-2020,TEA_operacional,A099,H653,solo_secundario,1
2019-2020,TEA_operacional,C920,G409,solo_secundario,1
2019-2020,TEA_operacional,D27,D27,solo_secundario,1
2019-2020,TEA_operacional,E871,G409,solo_secundario,1
2019-2020,TEA_operacional,D848,Z518,solo_secundario,1
2019-2020,TEA_operacional,E835,J040,solo_secundario,1
2019-2020,TEA_operacional,E762,Z018,solo_secundario,1
2019-2020,TEA_operacional,E760,E760,solo_secundario,1
2019-2020,TEA_operacional,E270,N801,solo_secundario,1
2019-2020,TEA_operacional,E161,G409,solo_secundario,1
2019-2020,TEA_operacional,E109,E109,principal,1
2019-2020,TEA_operacional,E108,E108,solo_secundario,1
2019-2020,TEA_operacional,D801,Z098,solo_secundario,1
2019-2020,TEA_operacional,D401,C629,solo_secundario,1
2019-2020,TEA_operacional,D70,C910,solo_secundario,1
2019-2020,TEA_operacional,D696,D70,solo_secundario,1
2019-2020,TEA_operacional,D649,D649,solo_secundario,1
2019-2020,TEA_operacional,D648,D508,solo_secundario,1
2019-2020,TEA_operacional,D619,Z511,solo_secundario,1
2019-2020,TEA_operacional,D479,J189,solo_secundario,1
2019-2020,TEA_operacional,D410,D410,solo_secundario,1
2019-2020,TEA_operacional,G409,G401,solo_secundario,1
2019-2020,TEA_operacional,G409,G408,solo_secundario,1
2019-2020,TEA_operacional,K295,K295,solo_secundario,1
2019-2020,TEA_operacional,G409,G409,principal,1
2019-2020,TEA_operacional,J352,J352,solo_secundario,1
2019-2020,TEA_operacional,J352,J352,principal,1
2019-2020,TEA_operacional,J22,R13,solo_secundario,1
2019-2020,TEA_operacional,J219,J219,solo_secundario,1
2019-2020,TEA_operacional,J219,A080,solo_secundario,1
2019-2020,TEA_operacional,J209,Q909,solo_secundario,1
2019-2020,TEA_operacional,J209,Q204,solo_secundario,1
2019-2020,TEA_operacional,J209,J459,solo_secundario,1
2019-2020,TEA_operacional,J209,J156,solo_secundario,1
2019-2020,TEA_operacional,J209,H509,solo_secundario,1
2019-2020,TEA_operacional,J209,G934,solo_secundario,1
2019-2020,TEA_operacional,J209,G122,solo_secundario,1
2019-2020,TEA_operacional,J204,J204,solo_secundario,1
2019-2020,TEA_operacional,J189,J209,solo_secundario,1
2019-2020,TEA_operacional,J189,J189,principal,1
2019-2020,TEA_operacional,J159,J129,solo_secundario,1
2019-2020,TEA_operacional,J151,J151,solo_secundario,1
2019-2020,TEA_operacional,J387,J387,solo_secundario,1
2019-2020,TEA_operacional,J448,J448,solo_secundario,1
2019-2020,TEA_operacional,J46,J46,solo_secundario,1
2019-2020,TEA_operacional,K021,K021,solo_secundario,1
2019-2020,TEA_operacional,K222,K222,solo_secundario,1
2019-2020,TEA_operacional,K221,K221,solo_secundario,1
2019-2020,TEA_operacional,K134,D70,solo_secundario,1
2019-2020,TEA_operacional,K044,K044,solo_secundario,1
2019-2020,TEA_operacional,K029,K564,solo_secundario,1
2019-2020,TEA_operacional,K028,K028,solo_secundario,1
2019-2020,TEA_operacional,A090,E86,solo_secundario,1
2019-2020,TEA_operacional,K010,K010,solo_secundario,1
2019-2020,TEA_operacional,J698,J441,solo_secundario,1
2019-2020,TEA_operacional,K010,K010,principal,1
2019-2020,TEA_operacional,K001,K001,solo_secundario,1
2019-2020,TEA_operacional,J9619,J9609,solo_secundario,1
2019-2020,TEA_operacional,J9609,K590,solo_secundario,1
2019-2020,TEA_operacional,J9600,J960,solo_secundario,1
2019-2020,TEA_operacional,J950,J950,solo_secundario,1
2019-2020,TEA_operacional,J90,T850,solo_secundario,1
2019-2020,TEA_operacional,J14,J14,solo_secundario,1
2019-2020,TEA_operacional,J13,J13,solo_secundario,1
2019-2020,TEA_operacional,J128,J981,solo_secundario,1
2019-2020,TEA_operacional,G919,G919,solo_secundario,1
2019-2020,TEA_operacional,H540,H540,solo_secundario,1
2019-2020,TEA_operacional,H351,J9609,solo_secundario,1
2019-2020,TEA_operacional,H050,H050,solo_secundario,1
2019-2020,TEA_operacional,H001,H001,solo_secundario,1
2019-2020,TEA_operacional,G934,G934,solo_secundario,1
2019-2020,TEA_operacional,G930,G409,solo_secundario,1
2019-2020,TEA_operacional,G919,T850,solo_secundario,1
2019-2020,TEA_operacional,G901,H169,principal,1
2019-2020,TEA_operacional,H664,T814,solo_secundario,1
2019-2020,TEA_operacional,G808,G808,solo_secundario,1
2019-2020,TEA_operacional,G800,G800,solo_secundario,1
2019-2020,TEA_operacional,G711,G711,solo_secundario,1
2019-2020,TEA_operacional,G473,G473,solo_secundario,1
2019-2020,TEA_operacional,G439,G439,principal,1
2019-2020,TEA_operacional,G410,J129,solo_secundario,1
2019-2020,TEA_operacional,G409,T391,solo_secundario,1
2019-2020,TEA_operacional,H55,H55,solo_secundario,1
2019-2020,TEA_operacional,H669,H669,solo_secundario,1
2019-2020,TEA_operacional,J128,J129,solo_secundario,1
2019-2020,TEA_operacional,J040,J040,solo_secundario,1
2019-2020,TEA_operacional,J122,J122,solo_secundario,1
2019-2020,TEA_operacional,J121,Q750,solo_secundario,1
2019-2020,TEA_operacional,J121,Q211,solo_secundario,1
2019-2020,TEA_operacional,J120,J120,solo_secundario,1
2019-2020,TEA_operacional,J100,K800,solo_secundario,1
2019-2020,TEA_operacional,J069,J069,solo_secundario,1
2019-2020,TEA_operacional,J050,J050,solo_secundario,1
2019-2020,TEA_operacional,J039,J039,solo_secundario,1
2019-2020,TEA_operacional,H729,F29,solo_secundario,1
2019-2020,TEA_operacional,J00,Z540,solo_secundario,1
2019-2020,TEA_operacional,J00,J209,solo_secundario,1
2019-2020,TEA_operacional,I471,I471,solo_secundario,1
2019-2020,TEA_operacional,I440,I440,solo_secundario,1
2019-2020,TEA_operacional,I359,I359,solo_secundario,1
2019-2020,TEA_operacional,I270,I270,solo_secundario,1
2019-2020,TEA_operacional,I151,Z452,solo_secundario,1
2019-2020,TEA_operacional,Z930,Z430,solo_secundario,1
2019-2020,F84_historico,G409,G409,solo_secundario,18
2019-2020,F84_historico,J189,J189,solo_secundario,7
2019-2020,F84_historico,G404,G404,solo_secundario,6
2019-2020,F84_historico,Z518,Z518,solo_secundario,6
2019-2020,F84_historico,J353,J353,solo_secundario,6
2019-2020,F84_historico,A099,A099,solo_secundario,5
2019-2020,F84_historico,S4240,S4240,solo_secundario,4
2019-2020,F84_historico,J121,J121,solo_secundario,4
2019-2020,F84_historico,J690,J690,solo_secundario,4
2019-2020,F84_historico,J129,J129,solo_secundario,4
2019-2020,F84_historico,J159,J159,solo_secundario,3
2019-2020,F84_historico,K353,K353,solo_secundario,3
2019-2020,F84_historico,F609,F609,solo_secundario,2
2019-2020,F84_historico,R458,R458,solo_secundario,2
2019-2020,F84_historico,F432,F432,solo_secundario,2
2019-2020,F84_historico,R560,R560,solo_secundario,2
2019-2020,F84_historico,G403,G403,solo_secundario,2
2019-2020,F84_historico,F322,F322,solo_secundario,2
2019-2020,F84_historico,G408,G408,solo_secundario,2
2019-2020,F84_historico,A080,A080,solo_secundario,2
2019-2020,F84_historico,P220,P220,solo_secundario,2
2019-2020,F84_historico,G410,G410,solo_secundario,2
2019-2020,F84_historico,Q234,Q234,solo_secundario,2
2019-2020,F84_historico,P590,P590,solo_secundario,2
2019-2020,F84_historico,T432,T432,solo_secundario,2
2019-2020,F84_historico,N47,N47,solo_secundario,2
2019-2020,F84_historico,N390,N390,solo_secundario,2
2019-2020,F84_historico,J351,J351,solo_secundario,2
2019-2020,F84_historico,K859,K859,solo_secundario,2
2019-2020,F84_historico,K590,K590,solo_secundario,2
2019-2020,F84_historico,K029,K029,solo_secundario,2
2019-2020,F84_historico,S5250,S5250,solo_secundario,2
2019-2020,F84_historico,Q531,Q531,solo_secundario,2
2019-2020,F84_historico,K358,K358,solo_secundario,2
2019-2020,F84_historico,T751,T751,solo_secundario,2
2019-2020,F84_historico,D480,D480,solo_secundario,2
2019-2020,F84_historico,C910,Z511,solo_secundario,2
2019-2020,F84_historico,A419,A419,solo_secundario,2
2019-2020,F84_historico,O821,O821,solo_secundario,1
2019-2020,F84_historico,P210,P210,solo_secundario,1
2019-2020,F84_historico,Z139,Z139,solo_secundario,1
2019-2020,F84_historico,P071,J189,solo_secundario,1
2019-2020,F84_historico,O993,O993,solo_secundario,1
2019-2020,F84_historico,O991,O991,solo_secundario,1
2019-2020,F84_historico,Z432,J981,solo_secundario,1
2019-2020,F84_historico,N831,N831,solo_secundario,1
2019-2020,F84_historico,N480,Q643,solo_secundario,1
2019-2020,F84_historico,Z478,Z478,solo_secundario,1
2019-2020,F84_historico,N44,N44,solo_secundario,1
2019-2020,F84_historico,Z511,A099,solo_secundario,1
2019-2020,F84_historico,Z511,Z511,solo_secundario,1
2019-2020,F84_historico,N390,L022,solo_secundario,1
2019-2020,F84_historico,Z518,H024,solo_secundario,1
2019-2020,F84_historico,P219,P219,solo_secundario,1
2019-2020,F84_historico,Z138,Z518,solo_secundario,1
2019-2020,F84_historico,N179,N311,solo_secundario,1
2019-2020,F84_historico,P228,G409,solo_secundario,1
2019-2020,F84_historico,P916,P916,solo_secundario,1
2019-2020,F84_historico,P915,J209,solo_secundario,1
2019-2020,F84_historico,P90,J069,solo_secundario,1
2019-2020,F84_historico,P77,K598,solo_secundario,1
2019-2020,F84_historico,P704,J120,solo_secundario,1
2019-2020,F84_historico,P599,Z033,solo_secundario,1
2019-2020,F84_historico,P599,P599,solo_secundario,1
2019-2020,F84_historico,P599,A090,solo_secundario,1
2019-2020,F84_historico,P598,P598,solo_secundario,1
2019-2020,F84_historico,Z138,G409,solo_secundario,1
2019-2020,F84_historico,P398,P398,solo_secundario,1
2019-2020,F84_historico,P369,M8618,solo_secundario,1
2019-2020,F84_historico,P290,P290,solo_secundario,1
2019-2020,F84_historico,P285,Z540,solo_secundario,1
2019-2020,F84_historico,P238,J208,solo_secundario,1
2019-2020,F84_historico,N258,C910,solo_secundario,1
2019-2020,F84_historico,M8793,M8793,solo_secundario,1
2019-2020,F84_historico,N10,J159,solo_secundario,1
2019-2020,F84_historico,Q02,D65,solo_secundario,1
2019-2020,F84_historico,K918,K918,solo_secundario,1
2019-2020,F84_historico,K914,K914,solo_secundario,1
2019-2020,F84_historico,K859,S219,solo_secundario,1
2019-2020,F84_historico,Z540,Z540,solo_secundario,1
2019-2020,F84_historico,K801,T810,solo_secundario,1
2019-2020,F84_historico,K639,Z518,solo_secundario,1
2019-2020,F84_historico,K635,Q668,solo_secundario,1
2019-2020,F84_historico,Z653,Z653,solo_secundario,1
2019-2020,F84_historico,K590,J353,solo_secundario,1
2019-2020,F84_historico,Z763,C222,solo_secundario,1
2019-2020,F84_historico,K590,J159,solo_secundario,1
2019-2020,F84_historico,K590,J00,solo_secundario,1
2019-2020,F84_historico,K561,Z511,solo_secundario,1
2019-2020,F84_historico,K559,I880,solo_secundario,1
2019-2020,F84_historico,K429,K429,solo_secundario,1
2019-2020,F84_historico,K918,Q375,solo_secundario,1
2019-2020,F84_historico,L031,L031,solo_secundario,1
2019-2020,F84_historico,L040,L040,solo_secundario,1
2019-2020,F84_historico,M2106,M2106,solo_secundario,1
2019-2020,F84_historico,M8698,A047,solo_secundario,1
2019-2020,F84_historico,M359,M359,solo_secundario,1
2019-2020,F84_historico,M2318,M2318,solo_secundario,1
2019-2020,F84_historico,M2176,M2389,solo_secundario,1
2019-2020,F84_historico,M2157,N390,solo_secundario,1
2019-2020,F84_historico,M2117,M2117,solo_secundario,1
2019-2020,F84_historico,L923,Q211,solo_secundario,1
2019-2020,F84_historico,L059,L059,solo_secundario,1
2019-2020,F84_historico,Z518,Q234,solo_secundario,1
2019-2020,F84_historico,L732,L732,solo_secundario,1
2019-2020,F84_historico,L720,C910,solo_secundario,1
2019-2020,F84_historico,Z518,Q668,solo_secundario,1
2019-2020,F84_historico,L600,L600,solo_secundario,1
2019-2020,F84_historico,L211,L211,solo_secundario,1
2019-2020,F84_historico,Q012,Q019,solo_secundario,1
2019-2020,F84_historico,T634,T634,solo_secundario,1
2019-2020,F84_historico,Q038,G403,solo_secundario,1
2019-2020,F84_historico,R223,R223,solo_secundario,1
2019-2020,F84_historico,S0620,S009,solo_secundario,1
2019-2020,F84_historico,T781,T781,solo_secundario,1
2019-2020,F84_historico,S059,S059,solo_secundario,1
2019-2020,F84_historico,S0220,S0220,solo_secundario,1
2019-2020,F84_historico,S011,S011,solo_secundario,1
2019-2020,F84_historico,R620,R620,solo_secundario,1
2019-2020,F84_historico,R568,Z033,solo_secundario,1
2019-2020,F84_historico,R568,R509,solo_secundario,1
2019-2020,F84_historico,R568,G419,solo_secundario,1
2019-2020,F84_historico,R568,G409,solo_secundario,1
2019-2020,F84_historico,R560,T242,solo_secundario,1
2019-2020,F84_historico,R560,S611,solo_secundario,1
2019-2020,F84_historico,T824,T824,solo_secundario,1
2019-2020,F84_historico,T827,T827,solo_secundario,1
2019-2020,F84_historico,R522,N359,solo_secundario,1
2019-2020,F84_historico,S0690,S0690,solo_secundario,1
2019-2020,F84_historico,S099,S099,solo_secundario,1
2019-2020,F84_historico,S398,Z513,solo_secundario,1
2019-2020,F84_historico,S830,S830,solo_secundario,1
2019-2020,F84_historico,T405,T850,solo_secundario,1
2019-2020,F84_historico,T391,T391,solo_secundario,1
2019-2020,F84_historico,T251,T251,solo_secundario,1
2019-2020,F84_historico,T243,T243,solo_secundario,1
2019-2020,F84_historico,T231,T231,solo_secundario,1
2019-2020,F84_historico,T182,T182,solo_secundario,1
2019-2020,F84_historico,S8230,Q647,solo_secundario,1
2019-2020,F84_historico,S4240,S4240,principal,1
2019-2020,F84_historico,S6261,Q728,solo_secundario,1
2019-2020,F84_historico,S5280,S5280,solo_secundario,1
2019-2020,F84_historico,T751,G409,solo_secundario,1
2019-2020,F84_historico,S5240,S5240,solo_secundario,1
2019-2020,F84_historico,S5200,S5200,solo_secundario,1
2019-2020,F84_historico,S519,S519,principal,1
2019-2020,F84_historico,T850,M5492,solo_secundario,1
2019-2020,F84_historico,R13,J129,solo_secundario,1
2019-2020,F84_historico,T421,T421,solo_secundario,1
2019-2020,F84_historico,Q897,K219,solo_secundario,1
2019-2020,F84_historico,Z031,Z031,solo_secundario,1
2019-2020,F84_historico,Q431,J208,solo_secundario,1
2019-2020,F84_historico,Q419,Q419,solo_secundario,1
2019-2020,F84_historico,Q315,K918,solo_secundario,1
2019-2020,F84_historico,Q315,G409,solo_secundario,1
2019-2020,F84_historico,Z048,Z048,solo_secundario,1
2019-2020,F84_historico,Q311,Q311,solo_secundario,1
2019-2020,F84_historico,Q308,J152,solo_secundario,1
2019-2020,F84_historico,Q282,Q282,solo_secundario,1
2019-2020,F84_historico,Q279,Q828,solo_secundario,1
2019-2020,F84_historico,Q239,J22,solo_secundario,1
2019-2020,F84_historico,Z133,Z133,solo_secundario,1
2019-2020,F84_historico,Q230,Q230,solo_secundario,1
2019-2020,F84_historico,Q213,Z048,solo_secundario,1
2019-2020,F84_historico,Q213,Q213,solo_secundario,1
2019-2020,F84_historico,Q539,Q539,solo_secundario,1
2019-2020,F84_historico,Q542,Z480,solo_secundario,1
2019-2020,F84_historico,T858,T858,solo_secundario,1
2019-2020,F84_historico,Q750,Q673,solo_secundario,1
2019-2020,F84_historico,Q871,Q218,solo_secundario,1
2019-2020,F84_historico,Q870,Q870,solo_secundario,1
2019-2020,F84_historico,Q828,Q828,solo_secundario,1
2019-2020,F84_historico,Q774,Q774,solo_secundario,1
2019-2020,F84_historico,Q753,Q753,solo_secundario,1
2019-2020,F84_historico,Q753,G409,solo_secundario,1
2019-2020,F84_historico,Q680,Q680,principal,1
2019-2020,F84_historico,Q632,H652,solo_secundario,1
2019-2020,F84_historico,Q674,R230,solo_secundario,1
2019-2020,F84_historico,Q665,Q665,solo_secundario,1
2019-2020,F84_historico,Q651,Q651,solo_secundario,1
2019-2020,F84_historico,T850,T850,solo_secundario,1
2019-2020,F84_historico,Q641,Q641,solo_secundario,1
2019-2020,F84_historico,T855,K075,solo_secundario,1
2019-2020,F84_historico,Q079,Q079,solo_secundario,1
2019-2020,F84_historico,K021,K021,solo_secundario,1
2019-2020,F84_historico,K352,T16,solo_secundario,1
2019-2020,F84_historico,F432,F432,principal,1
2019-2020,F84_historico,F431,T391,solo_secundario,1
2019-2020,F84_historico,F431,F431,solo_secundario,1
2019-2020,F84_historico,F419,F419,solo_secundario,1
2019-2020,F84_historico,F412,F412,solo_secundario,1
2019-2020,F84_historico,F329,F329,solo_secundario,1
2019-2020,F84_historico,F329,F329,principal,1
2019-2020,F84_historico,F328,F328,solo_secundario,1
2019-2020,F84_historico,F323,F600,solo_secundario,1
2019-2020,F84_historico,F323,F412,solo_secundario,1
2019-2020,F84_historico,F320,T439,solo_secundario,1
2019-2020,F84_historico,F319,F319,solo_secundario,1
2019-2020,F84_historico,F316,F316,solo_secundario,1
2019-2020,F84_historico,F313,F313,solo_secundario,1
2019-2020,F84_historico,F29,F609,solo_secundario,1
2019-2020,F84_historico,F29,F29,solo_secundario,1
2019-2020,F84_historico,F28,F28,solo_secundario,1
2019-2020,F84_historico,F21,F21,principal,1
2019-2020,F84_historico,F432,F429,solo_secundario,1
2019-2020,F84_historico,F638,R458,solo_secundario,1
2019-2020,F84_historico,K295,K295,solo_secundario,1
2019-2020,F84_historico,F711,F919,solo_secundario,1
2019-2020,F84_historico,G408,G409,solo_secundario,1
2019-2020,F84_historico,G404,R568,solo_secundario,1
2019-2020,F84_historico,G403,J108,solo_secundario,1
2019-2020,F84_historico,G403,G403,principal,1
2019-2020,F84_historico,G401,G401,solo_secundario,1
2019-2020,F84_historico,G361,G361,solo_secundario,1
2019-2020,F84_historico,G121,Z518,solo_secundario,1
2019-2020,F84_historico,G060,G060,solo_secundario,1
2019-2020,F84_historico,G048,G048,solo_secundario,1
2019-2020,F84_historico,G040,A083,solo_secundario,1
2019-2020,F84_historico,F920,F920,solo_secundario,1
2019-2020,F84_historico,F919,F918,solo_secundario,1
2019-2020,F84_historico,F919,F913,solo_secundario,1
2019-2020,F84_historico,F918,H471,solo_secundario,1
2019-2020,F84_historico,F913,F913,solo_secundario,1
2019-2020,F84_historico,F89,F89,principal,1
2019-2020,F84_historico,F799,F719,solo_secundario,1
2019-2020,F84_historico,F209,F209,solo_secundario,1
2019-2020,F84_historico,F141,F141,solo_secundario,1
2019-2020,F84_historico,E871,G409,solo_secundario,1
2019-2020,F84_historico,E835,J040,solo_secundario,1
2019-2020,F84_historico,C920,G409,solo_secundario,1
2019-2020,F84_historico,C910,D70,solo_secundario,1
2019-2020,F84_historico,C910,C910,solo_secundario,1
2019-2020,F84_historico,C73,C73,solo_secundario,1
2019-2020,F84_historico,C717,T850,solo_secundario,1
2019-2020,F84_historico,C629,K029,solo_secundario,1
2019-2020,F84_historico,C629,C629,solo_secundario,1
2019-2020,F84_historico,B24,P351,solo_secundario,1
2019-2020,F84_historico,B179,B179,solo_secundario,1
2019-2020,F84_historico,B019,B019,solo_secundario,1
2019-2020,F84_historico,A86,A86,solo_secundario,1
2019-2020,F84_historico,A492,A492,solo_secundario,1
2019-2020,F84_historico,A419,N10,solo_secundario,1
2019-2020,F84_historico,A099,S0680,solo_secundario,1
2019-2020,F84_historico,A099,Q044,solo_secundario,1
2019-2020,F84_historico,A099,J129,solo_secundario,1
2019-2020,F84_historico,A099,H653,solo_secundario,1
2019-2020,F84_historico,C950,C910,solo_secundario,1
2019-2020,F84_historico,D237,Z518,solo_secundario,1
2019-2020,F84_historico,D27,D27,solo_secundario,1
2019-2020,F84_historico,D848,Z518,solo_secundario,1
2019-2020,F84_historico,E762,Z018,solo_secundario,1
2019-2020,F84_historico,E760,E760,solo_secundario,1
2019-2020,F84_historico,E711,E711,solo_secundario,1
2019-2020,F84_historico,E270,N801,solo_secundario,1
2019-2020,F84_historico,E161,G409,solo_secundario,1
2019-2020,F84_historico,E109,E109,principal,1
2019-2020,F84_historico,E108,E108,solo_secundario,1
2019-2020,F84_historico,D801,Z098,solo_secundario,1
2019-2020,F84_historico,D401,C629,solo_secundario,1
2019-2020,F84_historico,D70,C910,solo_secundario,1
2019-2020,F84_historico,D696,D70,solo_secundario,1
2019-2020,F84_historico,D649,D649,solo_secundario,1
2019-2020,F84_historico,D648,D508,solo_secundario,1
2019-2020,F84_historico,D619,Z511,solo_secundario,1
2019-2020,F84_historico,D479,J189,solo_secundario,1
2019-2020,F84_historico,D410,D410,solo_secundario,1
2019-2020,F84_historico,G409,G401,solo_secundario,1
2019-2020,F84_historico,G409,G403,solo_secundario,1
2019-2020,F84_historico,G409,G404,solo_secundario,1
2019-2020,F84_historico,J13,J13,solo_secundario,1
2019-2020,F84_historico,J352,J352,solo_secundario,1
2019-2020,F84_historico,J352,J352,principal,1
2019-2020,F84_historico,J22,R13,solo_secundario,1
2019-2020,F84_historico,J219,J219,solo_secundario,1
2019-2020,F84_historico,J219,A080,solo_secundario,1
2019-2020,F84_historico,J209,Q909,solo_secundario,1
2019-2020,F84_historico,J209,Q204,solo_secundario,1
2019-2020,F84_historico,J209,J459,solo_secundario,1
2019-2020,F84_historico,J209,J156,solo_secundario,1
2019-2020,F84_historico,J209,H509,solo_secundario,1
2019-2020,F84_historico,J209,G934,solo_secundario,1
2019-2020,F84_historico,J209,G122,solo_secundario,1
2019-2020,F84_historico,J204,J204,solo_secundario,1
2019-2020,F84_historico,J189,J209,solo_secundario,1
2019-2020,F84_historico,J189,J189,principal,1
2019-2020,F84_historico,J159,J129,solo_secundario,1
2019-2020,F84_historico,J151,J151,solo_secundario,1
2019-2020,F84_historico,J387,J387,solo_secundario,1
2019-2020,F84_historico,J448,J448,solo_secundario,1
2019-2020,F84_historico,J46,J46,solo_secundario,1
2019-2020,F84_historico,A090,E86,solo_secundario,1
2019-2020,F84_historico,K222,K222,solo_secundario,1
2019-2020,F84_historico,K221,K221,solo_secundario,1
2019-2020,F84_historico,K134,D70,solo_secundario,1
2019-2020,F84_historico,K044,K044,solo_secundario,1
2019-2020,F84_historico,K029,K564,solo_secundario,1
2019-2020,F84_historico,K028,K028,solo_secundario,1
2019-2020,F84_historico,K025,K025,solo_secundario,1
2019-2020,F84_historico,K010,K010,solo_secundario,1
2019-2020,F84_historico,J698,J441,solo_secundario,1
2019-2020,F84_historico,K010,K010,principal,1
2019-2020,F84_historico,K001,K001,solo_secundario,1
2019-2020,F84_historico,J9619,J9609,solo_secundario,1
2019-2020,F84_historico,J9609,K590,solo_secundario,1
2019-2020,F84_historico,J9600,J960,solo_secundario,1
2019-2020,F84_historico,J950,J950,solo_secundario,1
2019-2020,F84_historico,J90,T850,solo_secundario,1
2019-2020,F84_historico,J14,J14,solo_secundario,1
2019-2020,F84_historico,J128,J981,solo_secundario,1
2019-2020,F84_historico,G409,G408,solo_secundario,1
2019-2020,F84_historico,J128,J129,solo_secundario,1
2019-2020,F84_historico,H540,H540,solo_secundario,1
2019-2020,F84_historico,H351,J9609,solo_secundario,1
2019-2020,F84_historico,H050,H050,solo_secundario,1
2019-2020,F84_historico,H001,H001,solo_secundario,1
2019-2020,F84_historico,G934,G934,solo_secundario,1
2019-2020,F84_historico,G930,G409,solo_secundario,1
2019-2020,F84_historico,G919,T850,solo_secundario,1
2019-2020,F84_historico,G919,G919,solo_secundario,1
2019-2020,F84_historico,G901,H169,principal,1
2019-2020,F84_historico,G808,G808,solo_secundario,1
2019-2020,F84_historico,G800,G800,solo_secundario,1
2019-2020,F84_historico,G711,G711,solo_secundario,1
2019-2020,F84_historico,G473,G473,solo_secundario,1
2019-2020,F84_historico,G439,G439,principal,1
2019-2020,F84_historico,G410,J129,solo_secundario,1
2019-2020,F84_historico,G409,T391,solo_secundario,1
2019-2020,F84_historico,G409,G409,principal,1
2019-2020,F84_historico,H55,H55,solo_secundario,1
2019-2020,F84_historico,H664,T814,solo_secundario,1
2019-2020,F84_historico,H669,H669,solo_secundario,1
2019-2020,F84_historico,J040,J040,solo_secundario,1
2019-2020,F84_historico,J122,J122,solo_secundario,1
2019-2020,F84_historico,J121,Q750,solo_secundario,1
2019-2020,F84_historico,J121,Q211,solo_secundario,1
2019-2020,F84_historico,J120,J120,solo_secundario,1
2019-2020,F84_historico,J100,K800,solo_secundario,1
2019-2020,F84_historico,J069,J069,solo_secundario,1
2019-2020,F84_historico,J050,J050,solo_secundario,1
2019-2020,F84_historico,J039,J039,solo_secundario,1
2019-2020,F84_historico,H729,F29,solo_secundario,1
2019-2020,F84_historico,J00,Z540,solo_secundario,1
2019-2020,F84_historico,J00,J209,solo_secundario,1
2019-2020,F84_historico,I471,I471,solo_secundario,1
2019-2020,F84_historico,I440,I440,solo_secundario,1
2019-2020,F84_historico,I359,I359,solo_secundario,1
2019-2020,F84_historico,I270,I270,solo_secundario,1
2019-2020,F84_historico,I151,Z452,solo_secundario,1
2019-2020,F84_historico,Z930,Z430,solo_secundario,1
2021-2024,autismo_F840,N47,N47,solo_secundario,66
2021-2024,autismo_F840,J353,J353,solo_secundario,47
2021-2024,autismo_F840,G409,G409,solo_secundario,46
2021-2024,autismo_F840,K358,K358,solo_secundario,35
2021-2024,autismo_F840,F322,F322,solo_secundario,27
2021-2024,autismo_F840,J209,J209,solo_secundario,26
2021-2024,autismo_F840,J46,J46,solo_secundario,25
2021-2024,autismo_F840,Q532,Q532,solo_secundario,20
2021-2024,autismo_F840,J351,J351,solo_secundario,17
2021-2024,autismo_F840,T432,T432,solo_secundario,16
2021-2024,autismo_F840,J128,J128,solo_secundario,16
2021-2024,autismo_F840,E101,E101,solo_secundario,15
2021-2024,autismo_F840,A099,A099,solo_secundario,15
2021-2024,autismo_F840,J121,J121,solo_secundario,14
2021-2024,autismo_F840,F29,F29,solo_secundario,13
2021-2024,autismo_F840,J129,J129,solo_secundario,13
2021-2024,autismo_F840,T424,T424,solo_secundario,13
2021-2024,autismo_F840,Q531,Q531,solo_secundario,12
2021-2024,autismo_F840,K353,K353,solo_secundario,12
2021-2024,autismo_F840,U071,U071,solo_secundario,12
2021-2024,autismo_F840,F603,F603,solo_secundario,11
2021-2024,autismo_F840,G401,G401,solo_secundario,11
2021-2024,autismo_F840,F329,F329,solo_secundario,11
2021-2024,autismo_F840,J205,J205,solo_secundario,10
2021-2024,autismo_F840,P220,P220,solo_secundario,10
2021-2024,autismo_F840,S4240,S4240,solo_secundario,10
2021-2024,autismo_F840,T391,T391,solo_secundario,10
2021-2024,autismo_F840,K802,K802,solo_secundario,10
2021-2024,autismo_F840,Z518,Z518,solo_secundario,10
2021-2024,autismo_F840,C910,C910,solo_secundario,9
2021-2024,autismo_F840,H509,H509,solo_secundario,9
2021-2024,autismo_F840,G408,G408,solo_secundario,9
2021-2024,autismo_F840,F431,F431,solo_secundario,9
2021-2024,autismo_F840,J206,J206,solo_secundario,8
2021-2024,autismo_F840,J352,J352,solo_secundario,8
2021-2024,autismo_F840,J9600,J9600,solo_secundario,8
2021-2024,autismo_F840,N390,N390,solo_secundario,8
2021-2024,autismo_F840,A080,A080,solo_secundario,8
2021-2024,autismo_F840,F323,F323,solo_secundario,7
2021-2024,autismo_F840,K590,K590,solo_secundario,7
2021-2024,autismo_F840,F841,F841,solo_secundario,7
2021-2024,autismo_F840,R560,R560,solo_secundario,7
2021-2024,autismo_F840,R568,R568,solo_secundario,7
2021-2024,autismo_F840,P599,P599,solo_secundario,7
2021-2024,autismo_F840,R458,R458,solo_secundario,7
2021-2024,autismo_F840,K409,K409,solo_secundario,7
2021-2024,autismo_F840,F919,F919,solo_secundario,6
2021-2024,autismo_F840,K029,K029,solo_secundario,6
2021-2024,autismo_F840,F845,F845,solo_secundario,6
2021-2024,autismo_F840,J459,J459,solo_secundario,6
2021-2024,autismo_F840,G473,G473,solo_secundario,6
2021-2024,autismo_F840,J159,J159,solo_secundario,6
2021-2024,autismo_F840,F609,F609,solo_secundario,6
2021-2024,autismo_F840,N433,N433,solo_secundario,6
2021-2024,autismo_F840,G710,G710,solo_secundario,6
2021-2024,autismo_F840,K352,K352,solo_secundario,5
2021-2024,autismo_F840,J690,J690,solo_secundario,5
2021-2024,autismo_F840,J069,J069,solo_secundario,5
2021-2024,autismo_F840,G404,G404,solo_secundario,5
2021-2024,autismo_F840,J123,J123,solo_secundario,5
2021-2024,autismo_F840,Z138,Z138,solo_secundario,5
2021-2024,autismo_F840,Q381,Q381,solo_secundario,5
2021-2024,autismo_F840,Q665,Q665,solo_secundario,5
2021-2024,autismo_F840,F419,F419,solo_secundario,5
2021-2024,autismo_F840,Z038,Z038,solo_secundario,5
2021-2024,autismo_F840,J210,J210,solo_secundario,5
2021-2024,autismo_F840,F432,F432,solo_secundario,5
2021-2024,autismo_F840,Q539,Q539,solo_secundario,5
2021-2024,autismo_F840,J219,J219,solo_secundario,5
2021-2024,autismo_F840,N44,N44,solo_secundario,5
2021-2024,autismo_F840,F412,F412,solo_secundario,5
2021-2024,autismo_F840,P073,P073,solo_secundario,5
2021-2024,autismo_F840,C910,Z511,solo_secundario,5
2021-2024,autismo_F840,K562,K562,solo_secundario,4
2021-2024,autismo_F840,F919,F919,principal,4
2021-2024,autismo_F840,S519,S519,solo_secundario,4
2021-2024,autismo_F840,K800,K800,solo_secundario,4
2021-2024,autismo_F840,L600,L600,solo_secundario,4
2021-2024,autismo_F840,S8230,S8230,solo_secundario,4
2021-2024,autismo_F840,S8280,S8280,solo_secundario,4
2021-2024,autismo_F840,F913,F913,solo_secundario,4
2021-2024,autismo_F840,J029,J029,solo_secundario,4
2021-2024,autismo_F840,K565,K565,solo_secundario,4
2021-2024,autismo_F840,K219,K219,solo_secundario,4
2021-2024,autismo_F840,T509,T509,solo_secundario,4
2021-2024,autismo_F840,R509,R509,solo_secundario,4
2021-2024,autismo_F840,G403,G403,solo_secundario,4
2021-2024,autismo_F840,H669,H669,solo_secundario,4
2021-2024,autismo_F840,N10,N10,solo_secundario,4
2021-2024,autismo_F840,S5250,S5250,solo_secundario,4
2021-2024,autismo_F840,F321,F321,solo_secundario,4
2021-2024,autismo_F840,F410,F410,solo_secundario,4
2021-2024,autismo_F840,J350,J350,solo_secundario,4
2021-2024,autismo_F840,A090,A090,solo_secundario,4
2021-2024,autismo_F840,F319,F319,solo_secundario,4
2021-2024,autismo_F840,H905,H905,solo_secundario,4
2021-2024,autismo_F840,G401,G409,solo_secundario,3
2021-2024,autismo_F840,E43,E43,solo_secundario,3
2021-2024,autismo_F840,F900,F900,solo_secundario,3
2021-2024,autismo_F840,Q668,Q668,solo_secundario,3
2021-2024,autismo_F840,F209,F209,solo_secundario,3
2021-2024,autismo_F840,G410,G410,solo_secundario,3
2021-2024,autismo_F840,T426,T426,solo_secundario,3
2021-2024,autismo_F840,F200,F200,solo_secundario,3
2021-2024,autismo_F840,H919,H919,solo_secundario,3
2021-2024,autismo_F840,F239,F239,solo_secundario,3
2021-2024,autismo_F840,H501,H501,solo_secundario,3
2021-2024,autismo_F840,E46,E46,solo_secundario,3
2021-2024,autismo_F840,G402,G402,solo_secundario,3
2021-2024,autismo_F840,I471,I471,solo_secundario,3
2021-2024,autismo_F840,J100,J100,solo_secundario,3
2021-2024,autismo_F840,F849,F849,solo_secundario,3
2021-2024,autismo_F840,C719,C719,solo_secundario,3
2021-2024,autismo_F840,F849,F849,principal,3
2021-2024,autismo_F840,K402,K402,solo_secundario,3
2021-2024,autismo_F840,F449,F449,solo_secundario,3
2021-2024,autismo_F840,N500,N500,solo_secundario,3
2021-2024,autismo_F840,K566,K566,solo_secundario,3
2021-2024,autismo_F840,Z470,Z470,solo_secundario,3
2021-2024,autismo_F840,N179,N179,solo_secundario,3
2021-2024,autismo_F840,F39,F39,solo_secundario,3
2021-2024,autismo_F840,N048,N048,solo_secundario,3
2021-2024,autismo_F840,A084,A084,solo_secundario,3
2021-2024,autismo_F840,F388,F388,solo_secundario,3
2021-2024,autismo_F840,S5270,S5270,solo_secundario,3
2021-2024,autismo_F840,M9115,M9115,solo_secundario,3
2021-2024,autismo_F840,F329,F323,solo_secundario,3
2021-2024,autismo_F840,M2157,M2157,solo_secundario,3
2021-2024,autismo_F840,T182,T182,solo_secundario,3
2021-2024,autismo_F840,F500,F500,solo_secundario,3
2021-2024,autismo_F840,T850,T850,solo_secundario,3
2021-2024,autismo_F840,F841,F841,principal,3
2021-2024,autismo_F840,K028,K028,solo_secundario,3
2021-2024,autismo_F840,J9609,J9609,solo_secundario,3
2021-2024,autismo_F840,P221,P221,solo_secundario,3
2021-2024,autismo_F840,J122,J122,solo_secundario,3
2021-2024,autismo_F840,S0690,S0690,solo_secundario,3
2021-2024,autismo_F840,J158,J158,solo_secundario,3
2021-2024,autismo_F840,F312,F312,solo_secundario,3
2021-2024,autismo_F840,S0680,S0680,solo_secundario,3
2021-2024,autismo_F840,J208,J208,solo_secundario,3
2021-2024,autismo_F840,F848,F848,principal,2
2021-2024,autismo_F840,S5280,S5280,solo_secundario,2
2021-2024,autismo_F840,R620,R620,principal,2
2021-2024,autismo_F840,R11,R11,solo_secundario,2
2021-2024,autismo_F840,R55,R55,solo_secundario,2
2021-2024,autismo_F840,F83,F83,solo_secundario,2
2021-2024,autismo_F840,S010,S010,solo_secundario,2
2021-2024,autismo_F840,S411,S411,solo_secundario,2
2021-2024,autismo_F840,S5240,S5240,solo_secundario,2
2021-2024,autismo_F840,S5230,S5230,solo_secundario,2
2021-2024,autismo_F840,G048,G048,solo_secundario,2
2021-2024,autismo_F840,F988,F988,solo_secundario,2
2021-2024,autismo_F840,F918,F918,solo_secundario,2
2021-2024,autismo_F840,S517,S517,solo_secundario,2
2021-2024,autismo_F840,R104,R104,solo_secundario,2
2021-2024,autismo_F840,A020,A020,solo_secundario,2
2021-2024,autismo_F840,G409,G409,principal,2
2021-2024,autismo_F840,K519,K519,solo_secundario,2
2021-2024,autismo_F840,J353,N47,solo_secundario,2
2021-2024,autismo_F840,P284,P284,solo_secundario,2
2021-2024,autismo_F840,P239,P239,solo_secundario,2
2021-2024,autismo_F840,P220,Z518,solo_secundario,2
2021-2024,autismo_F840,K130,K130,solo_secundario,2
2021-2024,autismo_F840,K260,K260,solo_secundario,2
2021-2024,autismo_F840,K36,K36,solo_secundario,2
2021-2024,autismo_F840,O471,O471,solo_secundario,2
2021-2024,autismo_F840,K388,K388,solo_secundario,2
2021-2024,autismo_F840,O244,O244,solo_secundario,2
2021-2024,autismo_F840,K429,K429,solo_secundario,2
2021-2024,autismo_F840,O034,O034,solo_secundario,2
2021-2024,autismo_F840,K469,K469,solo_secundario,2
2021-2024,autismo_F840,N939,N939,solo_secundario,2
2021-2024,autismo_F840,P598,P598,solo_secundario,2
2021-2024,autismo_F840,N508,N508,solo_secundario,2
2021-2024,autismo_F840,K561,K561,solo_secundario,2
2021-2024,autismo_F840,N47,N47,principal,2
2021-2024,autismo_F840,K650,K650,solo_secundario,2
2021-2024,autismo_F840,K805,K805,solo_secundario,2
2021-2024,autismo_F840,N110,N110,solo_secundario,2
2021-2024,autismo_F840,K922,K922,solo_secundario,2
2021-2024,autismo_F840,L032,L032,solo_secundario,2
2021-2024,autismo_F840,L050,L050,solo_secundario,2
2021-2024,autismo_F840,L059,L059,principal,2
2021-2024,autismo_F840,L059,L059,solo_secundario,2
2021-2024,autismo_F840,L720,L720,solo_secundario,2
2021-2024,autismo_F840,M2106,M2106,solo_secundario,2
2021-2024,autismo_F840,P551,P551,solo_secundario,2
2021-2024,autismo_F840,J209,J206,solo_secundario,2
2021-2024,autismo_F840,Q753,Q753,solo_secundario,2
2021-2024,autismo_F840,I200,I200,solo_secundario,2
2021-2024,autismo_F840,G409,J128,solo_secundario,2
2021-2024,autismo_F840,Q740,Q740,solo_secundario,2
2021-2024,autismo_F840,G418,G418,solo_secundario,2
2021-2024,autismo_F840,G419,G419,solo_secundario,2
2021-2024,autismo_F840,G918,G918,solo_secundario,2
2021-2024,autismo_F840,G934,G934,solo_secundario,2
2021-2024,autismo_F840,Q644,Q644,solo_secundario,2
2021-2024,autismo_F840,H508,H508,solo_secundario,2
2021-2024,autismo_F840,Q549,Q549,solo_secundario,2
2021-2024,autismo_F840,H663,H663,solo_secundario,2
2021-2024,autismo_F840,H664,H664,solo_secundario,2
2021-2024,autismo_F840,H819,H819,solo_secundario,2
2021-2024,autismo_F840,H903,H903,solo_secundario,2
2021-2024,autismo_F840,I500,I500,solo_secundario,2
2021-2024,autismo_F840,P704,P704,solo_secundario,2
2021-2024,autismo_F840,Q379,Q379,solo_secundario,2
2021-2024,autismo_F840,Q355,Q355,solo_secundario,2
2021-2024,autismo_F840,J101,J101,solo_secundario,2
2021-2024,autismo_F840,J120,J120,solo_secundario,2
2021-2024,autismo_F840,J121,J129,solo_secundario,2
2021-2024,autismo_F840,Q201,Q201,solo_secundario,2
2021-2024,autismo_F840,Q172,Q172,solo_secundario,2
2021-2024,autismo_F840,J129,J46,solo_secundario,2
2021-2024,autismo_F840,J189,J189,solo_secundario,2
2021-2024,autismo_F840,Q039,Q039,solo_secundario,2
2021-2024,autismo_F840,P923,P923,solo_secundario,2
2021-2024,autismo_F840,J208,J206,solo_secundario,2
2021-2024,autismo_F840,J209,J123,solo_secundario,2
2021-2024,autismo_F840,S5290,S5290,solo_secundario,2
2021-2024,autismo_F840,G408,G409,solo_secundario,2
2021-2024,autismo_F840,D694,D694,solo_secundario,2
2021-2024,autismo_F840,D27,D27,solo_secundario,2
2021-2024,autismo_F840,D480,D480,solo_secundario,2
2021-2024,autismo_F840,E106,E106,solo_secundario,2
2021-2024,autismo_F840,Z450,Z450,solo_secundario,2
2021-2024,autismo_F840,T212,T212,solo_secundario,2
2021-2024,autismo_F840,F318,F318,solo_secundario,2
2021-2024,autismo_F840,E109,E109,solo_secundario,2
2021-2024,autismo_F840,T436,T436,solo_secundario,2
2021-2024,autismo_F840,T435,T435,solo_secundario,2
2021-2024,autismo_F840,Z291,Z291,solo_secundario,2
2021-2024,autismo_F840,T433,T433,solo_secundario,2
2021-2024,autismo_F840,B002,B002,solo_secundario,2
2021-2024,autismo_F840,T242,T242,solo_secundario,2
2021-2024,autismo_F840,T432,T432,principal,2
2021-2024,autismo_F840,F28,F28,solo_secundario,2
2021-2024,autismo_F840,T120,T120,solo_secundario,2
2021-2024,autismo_F840,C402,C402,solo_secundario,2
2021-2024,autismo_F840,C629,C629,solo_secundario,2
2021-2024,autismo_F840,F232,F232,solo_secundario,2
2021-2024,autismo_F840,F231,F231,solo_secundario,2
2021-2024,autismo_F840,E872,E872,solo_secundario,2
2021-2024,autismo_F840,T427,T427,solo_secundario,2
2021-2024,autismo_F840,D162,D162,solo_secundario,2
2021-2024,autismo_F840,C910,D70,solo_secundario,2
2021-2024,autismo_F840,F09,F09,solo_secundario,2
2021-2024,autismo_F840,U071,J690,solo_secundario,2
2021-2024,autismo_F840,F191,F191,solo_secundario,2
2021-2024,autismo_F840,F208,F208,solo_secundario,2
2021-2024,autismo_F840,D069,D069,solo_secundario,2
2021-2024,autismo_F840,T141,T141,solo_secundario,2
2021-2024,autismo_F840,A499,A499,solo_secundario,2
2021-2024,autismo_F840,D761,D761,solo_secundario,2
2021-2024,autismo_F840,S8220,S8220,solo_secundario,2
2021-2024,autismo_F840,D593,D593,solo_secundario,2
2021-2024,autismo_F840,F323,F603,solo_secundario,2
2021-2024,autismo_F840,D70,D70,solo_secundario,2
2021-2024,autismo_F840,F329,F329,principal,2
2021-2024,autismo_F840,S7240,S7240,solo_secundario,2
2021-2024,autismo_F840,S7220,S7220,solo_secundario,2
2021-2024,autismo_F840,P393,N10,solo_secundario,1
2021-2024,autismo_F840,P391,Q650,solo_secundario,1
2021-2024,autismo_F840,Q069,D321,solo_secundario,1
2021-2024,autismo_F840,P391,J46,solo_secundario,1
2021-2024,autismo_F840,Q210,H919,solo_secundario,1
2021-2024,autismo_F840,P38,N10,solo_secundario,1
2021-2024,autismo_F840,T886,T782,solo_secundario,1
2021-2024,autismo_F840,P369,Z548,solo_secundario,1
2021-2024,autismo_F840,P369,P369,solo_secundario,1
2021-2024,autismo_F840,P393,T407,solo_secundario,1
2021-2024,autismo_F840,P398,P398,solo_secundario,1
2021-2024,autismo_F840,P398,J46,solo_secundario,1
2021-2024,autismo_F840,P399,E162,solo_secundario,1
2021-2024,autismo_F840,T881,U071,solo_secundario,1
2021-2024,autismo_F840,P399,P399,solo_secundario,1
2021-2024,autismo_F840,Q203,Q203,solo_secundario,1
2021-2024,autismo_F840,P520,P520,solo_secundario,1
2021-2024,autismo_F840,P551,J123,solo_secundario,1
2021-2024,autismo_F840,T857,J101,solo_secundario,1
2021-2024,autismo_F840,P551,J128,solo_secundario,1
2021-2024,autismo_F840,T856,T850,solo_secundario,1
2021-2024,autismo_F840,T850,Z540,solo_secundario,1
2021-2024,autismo_F840,P551,S018,solo_secundario,1
2021-2024,autismo_F840,T543,T543,solo_secundario,1
2021-2024,autismo_F840,P369,B349,solo_secundario,1
2021-2024,autismo_F840,P590,J210,solo_secundario,1
2021-2024,autismo_F840,Q220,Q220,solo_secundario,1
2021-2024,autismo_F840,P220,R620,solo_secundario,1
2021-2024,autismo_F840,P220,T850,solo_secundario,1
2021-2024,autismo_F840,U071,F329,solo_secundario,1
2021-2024,autismo_F840,U071,F208,solo_secundario,1
2021-2024,autismo_F840,P221,J129,solo_secundario,1
2021-2024,autismo_F840,Q224,J00,solo_secundario,1
2021-2024,autismo_F840,P221,Q070,solo_secundario,1
2021-2024,autismo_F840,P228,J123,solo_secundario,1
2021-2024,autismo_F840,U071,C189,solo_secundario,1
2021-2024,autismo_F840,P228,P228,solo_secundario,1
2021-2024,autismo_F840,P229,A085,solo_secundario,1
2021-2024,autismo_F840,P239,J128,solo_secundario,1
2021-2024,autismo_F840,T958,T958,solo_secundario,1
2021-2024,autismo_F840,P368,P368,solo_secundario,1
2021-2024,autismo_F840,Q213,Q668,solo_secundario,1
2021-2024,autismo_F840,Q211,Q211,solo_secundario,1
2021-2024,autismo_F840,P239,J209,solo_secundario,1
2021-2024,autismo_F840,T958,K222,solo_secundario,1
2021-2024,autismo_F840,T511,T424,solo_secundario,1
2021-2024,autismo_F840,P271,K409,solo_secundario,1
2021-2024,autismo_F840,P271,P271,solo_secundario,1
2021-2024,autismo_F840,P284,G473,solo_secundario,1
2021-2024,autismo_F840,Q210,Q210,solo_secundario,1
2021-2024,autismo_F840,P293,Q250,solo_secundario,1
2021-2024,autismo_F840,T952,T952,solo_secundario,1
2021-2024,autismo_F840,P360,Q556,solo_secundario,1
2021-2024,autismo_F840,P590,J209,solo_secundario,1
2021-2024,autismo_F840,P590,K219,solo_secundario,1
2021-2024,autismo_F840,T578,T578,solo_secundario,1
2021-2024,autismo_F840,T812,T812,solo_secundario,1
2021-2024,autismo_F840,T825,T828,solo_secundario,1
2021-2024,autismo_F840,T825,T825,solo_secundario,1
2021-2024,autismo_F840,T821,T821,solo_secundario,1
2021-2024,autismo_F840,T818,Q627,solo_secundario,1
2021-2024,autismo_F840,Q123,H405,solo_secundario,1
2021-2024,autismo_F840,P711,L040,solo_secundario,1
2021-2024,autismo_F840,P711,P711,solo_secundario,1
2021-2024,autismo_F840,T814,J129,solo_secundario,1
2021-2024,autismo_F840,T814,G409,solo_secundario,1
2021-2024,autismo_F840,P728,P728,solo_secundario,1
2021-2024,autismo_F840,P77,Z432,solo_secundario,1
2021-2024,autismo_F840,T813,L929,solo_secundario,1
2021-2024,autismo_F840,P942,P942,solo_secundario,1
2021-2024,autismo_F840,P704,J121,solo_secundario,1
2021-2024,autismo_F840,Q038,Q531,solo_secundario,1
2021-2024,autismo_F840,Q038,S015,solo_secundario,1
2021-2024,autismo_F840,T810,T810,solo_secundario,1
2021-2024,autismo_F840,Q120,Q120,solo_secundario,1
2021-2024,autismo_F840,Q039,T857,solo_secundario,1
2021-2024,autismo_F840,Q039,U071,solo_secundario,1
2021-2024,autismo_F840,Q070,Z518,solo_secundario,1
2021-2024,autismo_F840,T780,T780,solo_secundario,1
2021-2024,autismo_F840,Q040,Q668,solo_secundario,1
2021-2024,autismo_F840,Q057,Q057,solo_secundario,1
2021-2024,autismo_F840,T751,T751,solo_secundario,1
2021-2024,autismo_F840,Q070,Q070,solo_secundario,1
2021-2024,autismo_F840,P704,J206,solo_secundario,1
2021-2024,autismo_F840,Q150,Q150,solo_secundario,1
2021-2024,autismo_F840,T71,T71,solo_secundario,1
2021-2024,autismo_F840,P599,J210,solo_secundario,1
2021-2024,autismo_F840,P590,P590,solo_secundario,1
2021-2024,autismo_F840,T633,T633,solo_secundario,1
2021-2024,autismo_F840,T850,J46,solo_secundario,1
2021-2024,autismo_F840,Q200,J159,solo_secundario,1
2021-2024,autismo_F840,P590,R17,solo_secundario,1
2021-2024,autismo_F840,T850,G911,solo_secundario,1
2021-2024,autismo_F840,Q181,T512,solo_secundario,1
2021-2024,autismo_F840,P599,A379,solo_secundario,1
2021-2024,autismo_F840,P599,C717,solo_secundario,1
2021-2024,autismo_F840,P599,E806,solo_secundario,1
2021-2024,autismo_F840,P599,G934,solo_secundario,1
2021-2024,autismo_F840,P599,J122,solo_secundario,1
2021-2024,autismo_F840,Q181,Q638,solo_secundario,1
2021-2024,autismo_F840,P704,A099,solo_secundario,1
2021-2024,autismo_F840,U071,J100,solo_secundario,1
2021-2024,autismo_F840,P599,J352,solo_secundario,1
2021-2024,autismo_F840,T850,G409,solo_secundario,1
2021-2024,autismo_F840,T841,T841,solo_secundario,1
2021-2024,autismo_F840,P599,R509,solo_secundario,1
2021-2024,autismo_F840,P700,G008,solo_secundario,1
2021-2024,autismo_F840,T827,I422,solo_secundario,1
2021-2024,autismo_F840,Q181,Q181,solo_secundario,1
2021-2024,autismo_F840,T71,F322,principal,1
2021-2024,autismo_F840,P701,P701,solo_secundario,1
2021-2024,autismo_F840,P704,A090,solo_secundario,1
2021-2024,autismo_F840,T71,Q899,solo_secundario,1
2021-2024,autismo_F840,P220,Q532,solo_secundario,1
2021-2024,autismo_F840,S681,S681,solo_secundario,1
2021-2024,autismo_F840,P220,J981,solo_secundario,1
2021-2024,autismo_F840,N185,T824,solo_secundario,1
2021-2024,autismo_F840,N10,J352,solo_secundario,1
2021-2024,autismo_F840,Z514,Z137,solo_secundario,1
2021-2024,autismo_F840,Z511,A090,solo_secundario,1
2021-2024,autismo_F840,N10,Z431,solo_secundario,1
2021-2024,autismo_F840,Z488,Z488,solo_secundario,1
2021-2024,autismo_F840,N12,N12,solo_secundario,1
2021-2024,autismo_F840,N135,N133,solo_secundario,1
2021-2024,autismo_F840,N136,N390,solo_secundario,1
2021-2024,autismo_F840,N178,N178,solo_secundario,1
2021-2024,autismo_F840,N179,M8445,solo_secundario,1
2021-2024,autismo_F840,Z478,Z478,solo_secundario,1
2021-2024,autismo_F840,Z458,Q675,solo_secundario,1
2021-2024,autismo_F840,N185,N136,solo_secundario,1
2021-2024,autismo_F840,N185,N185,solo_secundario,1
2021-2024,autismo_F840,Z452,Z452,solo_secundario,1
2021-2024,autismo_F840,U071,J128,solo_secundario,1
2021-2024,autismo_F840,N185,U071,solo_secundario,1
2021-2024,autismo_F840,N189,D509,solo_secundario,1
2021-2024,autismo_F840,N210,N210,solo_secundario,1
2021-2024,autismo_F840,N319,N319,solo_secundario,1
2021-2024,autismo_F840,N319,Z518,solo_secundario,1
2021-2024,autismo_F840,N390,A080,solo_secundario,1
2021-2024,autismo_F840,N390,E870,solo_secundario,1
2021-2024,autismo_F840,Z432,A418,solo_secundario,1
2021-2024,autismo_F840,N390,J069,solo_secundario,1
2021-2024,autismo_F840,Z432,A080,solo_secundario,1
2021-2024,autismo_F840,N390,N47,solo_secundario,1
2021-2024,autismo_F840,N390,R508,solo_secundario,1
2021-2024,autismo_F840,N390,Z033,solo_secundario,1
2021-2024,autismo_F840,N432,N432,solo_secundario,1
2021-2024,autismo_F840,N10,J123,solo_secundario,1
2021-2024,autismo_F840,N10,E111,solo_secundario,1
2021-2024,autismo_F840,N059,N059,solo_secundario,1
2021-2024,autismo_F840,Z518,I802,solo_secundario,1
2021-2024,autismo_F840,M4195,M4106,solo_secundario,1
2021-2024,autismo_F840,M5338,M4619,solo_secundario,1
2021-2024,autismo_F840,M6028,M6028,solo_secundario,1
2021-2024,autismo_F840,M6089,M6089,solo_secundario,1
2021-2024,autismo_F840,M6097,M6099,solo_secundario,1
2021-2024,autismo_F840,Z762,Z762,solo_secundario,1
2021-2024,autismo_F840,M6099,M6099,solo_secundario,1
2021-2024,autismo_F840,M670,M2147,solo_secundario,1
2021-2024,autismo_F840,M7046,M7046,solo_secundario,1
2021-2024,autismo_F840,M7966,M7966,solo_secundario,1
2021-2024,autismo_F840,Z762,J111,solo_secundario,1
2021-2024,autismo_F840,M8159,M8159,solo_secundario,1
2021-2024,autismo_F840,M8443,M8443,solo_secundario,1
2021-2024,autismo_F840,M8566,M8566,solo_secundario,1
2021-2024,autismo_F840,M8589,D693,solo_secundario,1
2021-2024,autismo_F840,M8665,M8665,solo_secundario,1
2021-2024,autismo_F840,M8691,M8691,solo_secundario,1
2021-2024,autismo_F840,M8698,M8698,solo_secundario,1
2021-2024,autismo_F840,Z653,Z653,principal,1
2021-2024,autismo_F840,Z653,F199,solo_secundario,1
2021-2024,autismo_F840,Z548,Z548,solo_secundario,1
2021-2024,autismo_F840,M922,J189,solo_secundario,1
2021-2024,autismo_F840,M930,M930,solo_secundario,1
2021-2024,autismo_F840,N008,N391,solo_secundario,1
2021-2024,autismo_F840,Z540,Z540,solo_secundario,1
2021-2024,autismo_F840,Z540,T858,solo_secundario,1
2021-2024,autismo_F840,Z518,Z518,principal,1
2021-2024,autismo_F840,Z518,Q046,solo_secundario,1
2021-2024,autismo_F840,N049,H050,solo_secundario,1
2021-2024,autismo_F840,N433,C910,solo_secundario,1
2021-2024,autismo_F840,Z302,T421,solo_secundario,1
2021-2024,autismo_F840,N47,G473,solo_secundario,1
2021-2024,autismo_F840,Z033,C712,solo_secundario,1
2021-2024,autismo_F840,O993,O820,solo_secundario,1
2021-2024,autismo_F840,O993,O993,solo_secundario,1
2021-2024,autismo_F840,O996,O300,solo_secundario,1
2021-2024,autismo_F840,P008,J129,solo_secundario,1
2021-2024,autismo_F840,Z031,Z031,solo_secundario,1
2021-2024,autismo_F840,Z018,Z518,solo_secundario,1
2021-2024,autismo_F840,P050,P050,solo_secundario,1
2021-2024,autismo_F840,P051,K219,solo_secundario,1
2021-2024,autismo_F840,P070,J205,solo_secundario,1
2021-2024,autismo_F840,U071,U071,principal,1
2021-2024,autismo_F840,P071,P071,solo_secundario,1
2021-2024,autismo_F840,P071,R560,solo_secundario,1
2021-2024,autismo_F840,P073,J9609,solo_secundario,1
2021-2024,autismo_F840,P073,P071,solo_secundario,1
2021-2024,autismo_F840,U071,O680,solo_secundario,1
2021-2024,autismo_F840,P073,Q542,solo_secundario,1
2021-2024,autismo_F840,P073,R068,solo_secundario,1
2021-2024,autismo_F840,P209,P209,solo_secundario,1
2021-2024,autismo_F840,P209,P598,solo_secundario,1
2021-2024,autismo_F840,Q230,Q230,solo_secundario,1
2021-2024,autismo_F840,P219,J210,solo_secundario,1
2021-2024,autismo_F840,P220,E46,solo_secundario,1
2021-2024,autismo_F840,P220,G409,solo_secundario,1
2021-2024,autismo_F840,P220,J00,solo_secundario,1
2021-2024,autismo_F840,P220,J040,solo_secundario,1
2021-2024,autismo_F840,P220,J121,solo_secundario,1
2021-2024,autismo_F840,P220,J210,solo_secundario,1
2021-2024,autismo_F840,P220,J9609,solo_secundario,1
2021-2024,autismo_F840,U071,J210,solo_secundario,1
2021-2024,autismo_F840,O993,F329,solo_secundario,1
2021-2024,autismo_F840,O800,O800,solo_secundario,1
2021-2024,autismo_F840,N47,H501,solo_secundario,1
2021-2024,autismo_F840,O610,O610,solo_secundario,1
2021-2024,autismo_F840,Z291,G409,solo_secundario,1
2021-2024,autismo_F840,N47,J219,solo_secundario,1
2021-2024,autismo_F840,Z201,Z201,solo_secundario,1
2021-2024,autismo_F840,N47,J353,solo_secundario,1
2021-2024,autismo_F840,Z138,K092,solo_secundario,1
2021-2024,autismo_F840,Z138,A084,solo_secundario,1
2021-2024,autismo_F840,N47,Q531,solo_secundario,1
2021-2024,autismo_F840,Z137,Z137,solo_secundario,1
2021-2024,autismo_F840,Z134,Z134,solo_secundario,1
2021-2024,autismo_F840,Z098,J209,solo_secundario,1
2021-2024,autismo_F840,N751,N751,solo_secundario,1
2021-2024,autismo_F840,N835,T391,solo_secundario,1
2021-2024,autismo_F840,Z090,Z090,solo_secundario,1
2021-2024,autismo_F840,N940,T432,solo_secundario,1
2021-2024,autismo_F840,Z048,Q273,solo_secundario,1
2021-2024,autismo_F840,N948,N948,solo_secundario,1
2021-2024,autismo_F840,N995,N995,solo_secundario,1
2021-2024,autismo_F840,O021,O021,solo_secundario,1
2021-2024,autismo_F840,O034,O021,solo_secundario,1
2021-2024,autismo_F840,Z048,G473,solo_secundario,1
2021-2024,autismo_F840,Z038,T881,solo_secundario,1
2021-2024,autismo_F840,O240,O600,solo_secundario,1
2021-2024,autismo_F840,Z038,K913,solo_secundario,1
2021-2024,autismo_F840,Z038,A099,solo_secundario,1
2021-2024,autismo_F840,O266,F29,solo_secundario,1
2021-2024,autismo_F840,Z035,Z035,solo_secundario,1
2021-2024,autismo_F840,Z033,Z033,solo_secundario,1
2021-2024,autismo_F840,Z033,G409,solo_secundario,1
2021-2024,autismo_F840,O600,O600,solo_secundario,1
2021-2024,autismo_F840,P210,R509,solo_secundario,1
2021-2024,autismo_F840,T509,J46,solo_secundario,1
2021-2024,autismo_F840,Q234,Q230,solo_secundario,1
2021-2024,autismo_F840,R560,R560,principal,1
2021-2024,autismo_F840,T391,T432,solo_secundario,1
2021-2024,autismo_F840,R568,G401,solo_secundario,1
2021-2024,autismo_F840,R568,G409,solo_secundario,1
2021-2024,autismo_F840,R568,H500,solo_secundario,1
2021-2024,autismo_F840,R568,J00,solo_secundario,1
2021-2024,autismo_F840,R568,J128,solo_secundario,1
2021-2024,autismo_F840,R568,N47,solo_secundario,1
2021-2024,autismo_F840,T390,T390,solo_secundario,1
2021-2024,autismo_F840,T383,T383,solo_secundario,1
2021-2024,autismo_F840,R568,Q531,solo_secundario,1
2021-2024,autismo_F840,R568,R568,principal,1
2021-2024,autismo_F840,T368,T368,solo_secundario,1
2021-2024,autismo_F840,T360,T360,solo_secundario,1
2021-2024,autismo_F840,R590,L048,solo_secundario,1
2021-2024,autismo_F840,T292,T242,solo_secundario,1
2021-2024,autismo_F840,R590,R590,solo_secundario,1
2021-2024,autismo_F840,R628,R628,solo_secundario,1
2021-2024,autismo_F840,R631,N47,solo_secundario,1
2021-2024,autismo_F840,T233,T233,solo_secundario,1
2021-2024,autismo_F840,T232,T232,solo_secundario,1
2021-2024,autismo_F840,T232,J205,solo_secundario,1
2021-2024,autismo_F840,S009,J069,solo_secundario,1
2021-2024,autismo_F840,T220,T748,solo_secundario,1
2021-2024,autismo_F840,S017,S017,solo_secundario,1
2021-2024,autismo_F840,S018,S018,solo_secundario,1
2021-2024,autismo_F840,S0210,G408,solo_secundario,1
2021-2024,autismo_F840,S0210,J450,solo_secundario,1
2021-2024,autismo_F840,S0210,S0210,solo_secundario,1
2021-2024,autismo_F840,S0221,S0221,solo_secundario,1
2021-2024,autismo_F840,T393,F438,solo_secundario,1
2021-2024,autismo_F840,R560,J204,solo_secundario,1
2021-2024,autismo_F840,Q250,J206,solo_secundario,1
2021-2024,autismo_F840,R560,J158,solo_secundario,1
2021-2024,autismo_F840,T424,F949,solo_secundario,1
2021-2024,autismo_F840,R11,T850,solo_secundario,1
2021-2024,autismo_F840,T424,F322,solo_secundario,1
2021-2024,autismo_F840,R13,J123,solo_secundario,1
2021-2024,autismo_F840,R13,R13,solo_secundario,1
2021-2024,autismo_F840,R161,R161,solo_secundario,1
2021-2024,autismo_F840,R17,G919,solo_secundario,1
2021-2024,autismo_F840,R230,R230,solo_secundario,1
2021-2024,autismo_F840,R268,R268,solo_secundario,1
2021-2024,autismo_F840,R270,K529,solo_secundario,1
2021-2024,autismo_F840,R42,R42,solo_secundario,1
2021-2024,autismo_F840,R451,F841,principal,1
2021-2024,autismo_F840,R451,R451,principal,1
2021-2024,autismo_F840,T421,T421,solo_secundario,1
2021-2024,autismo_F840,R451,R451,solo_secundario,1
2021-2024,autismo_F840,T402,T402,solo_secundario,1
2021-2024,autismo_F840,R451,Z046,solo_secundario,1
2021-2024,autismo_F840,T394,T394,solo_secundario,1
2021-2024,autismo_F840,R463,R463,principal,1
2021-2024,autismo_F840,R509,D761,solo_secundario,1
2021-2024,autismo_F840,R509,J121,solo_secundario,1
2021-2024,autismo_F840,R509,K918,solo_secundario,1
2021-2024,autismo_F840,T393,T393,solo_secundario,1
2021-2024,autismo_F840,R51,R51,solo_secundario,1
2021-2024,autismo_F840,R560,B340,solo_secundario,1
2021-2024,autismo_F840,R560,G409,solo_secundario,1
2021-2024,autismo_F840,T393,T393,principal,1
2021-2024,autismo_F840,T393,F500,solo_secundario,1
2021-2024,autismo_F840,R560,J00,solo_secundario,1
2021-2024,autismo_F840,S0231,Z470,solo_secundario,1
2021-2024,autismo_F840,S0270,S0270,solo_secundario,1
2021-2024,autismo_F840,S051,S051,solo_secundario,1
2021-2024,autismo_F840,S053,S053,solo_secundario,1
2021-2024,autismo_F840,S519,F322,solo_secundario,1
2021-2024,autismo_F840,S519,F603,solo_secundario,1
2021-2024,autismo_F840,S519,F849,solo_secundario,1
2021-2024,autismo_F840,S519,S501,solo_secundario,1
2021-2024,autismo_F840,S9250,S9250,solo_secundario,1
2021-2024,autismo_F840,S910,S910,principal,1
2021-2024,autismo_F840,S5200,S5200,solo_secundario,1
2021-2024,autismo_F840,S8280,Z518,solo_secundario,1
2021-2024,autismo_F840,S5231,S5231,solo_secundario,1
2021-2024,autismo_F840,S8280,Q401,solo_secundario,1
2021-2024,autismo_F840,S5240,Z470,solo_secundario,1
2021-2024,autismo_F840,S5250,S5241,solo_secundario,1
2021-2024,autismo_F840,S5250,S5250,principal,1
2021-2024,autismo_F840,S8240,S8240,solo_secundario,1
2021-2024,autismo_F840,S5250,S5280,solo_secundario,1
2021-2024,autismo_F840,S8210,S8210,solo_secundario,1
2021-2024,autismo_F840,S7290,S7290,solo_secundario,1
2021-2024,autismo_F840,S5260,T842,solo_secundario,1
2021-2024,autismo_F840,S7230,Z470,solo_secundario,1
2021-2024,autismo_F840,S5270,Z470,solo_secundario,1
2021-2024,autismo_F840,S5280,Z470,solo_secundario,1
2021-2024,autismo_F840,S562,S562,solo_secundario,1
2021-2024,autismo_F840,S610,E722,solo_secundario,1
2021-2024,autismo_F840,S618,F609,solo_secundario,1
2021-2024,autismo_F840,S618,S618,solo_secundario,1
2021-2024,autismo_F840,S619,S619,solo_secundario,1
2021-2024,autismo_F840,S6251,S6251,solo_secundario,1
2021-2024,autismo_F840,S6260,S6260,solo_secundario,1
2021-2024,autismo_F840,S6261,S6261,solo_secundario,1
2021-2024,autismo_F840,S518,F501,solo_secundario,1
2021-2024,autismo_F840,T140,T140,solo_secundario,1
2021-2024,autismo_F840,S517,S517,principal,1
2021-2024,autismo_F840,T202,J121,solo_secundario,1
2021-2024,autismo_F840,S058,J122,solo_secundario,1
2021-2024,autismo_F840,S0600,S0600,solo_secundario,1
2021-2024,autismo_F840,S0600,S5200,solo_secundario,1
2021-2024,autismo_F840,S0640,S0640,solo_secundario,1
2021-2024,autismo_F840,S0650,S0650,solo_secundario,1
2021-2024,autismo_F840,S0650,Z518,solo_secundario,1
2021-2024,autismo_F840,S0660,S0660,solo_secundario,1
2021-2024,autismo_F840,S0690,G403,solo_secundario,1
2021-2024,autismo_F840,T202,L928,solo_secundario,1
2021-2024,autismo_F840,S098,S098,solo_secundario,1
2021-2024,autismo_F840,S152,C910,solo_secundario,1
2021-2024,autismo_F840,S199,S199,solo_secundario,1
2021-2024,autismo_F840,S301,N47,solo_secundario,1
2021-2024,autismo_F840,S311,S311,solo_secundario,1
2021-2024,autismo_F840,T143,T143,solo_secundario,1
2021-2024,autismo_F840,S3200,R458,principal,1
2021-2024,autismo_F840,S3240,S3240,solo_secundario,1
2021-2024,autismo_F840,S3700,S3700,solo_secundario,1
2021-2024,autismo_F840,S410,S410,solo_secundario,1
2021-2024,autismo_F840,T185,T391,solo_secundario,1
2021-2024,autismo_F840,S411,T432,solo_secundario,1
2021-2024,autismo_F840,S4200,S4200,solo_secundario,1
2021-2024,autismo_F840,S4220,S4220,solo_secundario,1
2021-2024,autismo_F840,S4230,M8664,solo_secundario,1
2021-2024,autismo_F840,S4240,A86,solo_secundario,1
2021-2024,autismo_F840,S4240,G409,solo_secundario,1
2021-2024,autismo_F840,T173,T173,solo_secundario,1
2021-2024,autismo_F840,S509,F322,solo_secundario,1
2021-2024,autismo_F840,T424,S5250,solo_secundario,1
2021-2024,autismo_F840,R11,L511,solo_secundario,1
2021-2024,autismo_F840,R11,F431,solo_secundario,1
2021-2024,autismo_F840,Q548,Q548,solo_secundario,1
2021-2024,autismo_F840,Q438,Q438,solo_secundario,1
2021-2024,autismo_F840,Q438,T828,solo_secundario,1
2021-2024,autismo_F840,Q442,Q442,solo_secundario,1
2021-2024,autismo_F840,Q447,Q447,solo_secundario,1
2021-2024,autismo_F840,Q529,J128,solo_secundario,1
2021-2024,autismo_F840,Q531,D444,solo_secundario,1
2021-2024,autismo_F840,T454,T454,solo_secundario,1
2021-2024,autismo_F840,Q531,G408,solo_secundario,1
2021-2024,autismo_F840,Q531,J121,solo_secundario,1
2021-2024,autismo_F840,Q531,J128,solo_secundario,1
2021-2024,autismo_F840,T450,T450,solo_secundario,1
2021-2024,autismo_F840,Q532,J351,solo_secundario,1
2021-2024,autismo_F840,Q532,Q200,solo_secundario,1
2021-2024,autismo_F840,T439,T439,principal,1
2021-2024,autismo_F840,Q539,J039,solo_secundario,1
2021-2024,autismo_F840,Q539,J123,solo_secundario,1
2021-2024,autismo_F840,T438,K358,solo_secundario,1
2021-2024,autismo_F840,Q539,L892,solo_secundario,1
2021-2024,autismo_F840,Q539,N47,solo_secundario,1
2021-2024,autismo_F840,Q539,Q531,solo_secundario,1
2021-2024,autismo_F840,T435,F848,solo_secundario,1
2021-2024,autismo_F840,T435,F841,solo_secundario,1
2021-2024,autismo_F840,T435,F603,solo_secundario,1
2021-2024,autismo_F840,T435,F412,solo_secundario,1
2021-2024,autismo_F840,Q539,Q740,solo_secundario,1
2021-2024,autismo_F840,T435,F300,solo_secundario,1
2021-2024,autismo_F840,Q541,H500,solo_secundario,1
2021-2024,autismo_F840,Q542,Q542,solo_secundario,1
2021-2024,autismo_F840,Q542,T830,solo_secundario,1
2021-2024,autismo_F840,Q431,Q539,solo_secundario,1
2021-2024,autismo_F840,Q430,Q430,solo_secundario,1
2021-2024,autismo_F840,Q420,N359,solo_secundario,1
2021-2024,autismo_F840,T509,F603,solo_secundario,1
2021-2024,autismo_F840,Q251,S099,solo_secundario,1
2021-2024,autismo_F840,Q255,F809,solo_secundario,1
2021-2024,autismo_F840,Q270,Q270,solo_secundario,1
2021-2024,autismo_F840,Q273,Q273,solo_secundario,1
2021-2024,autismo_F840,Q278,Q278,solo_secundario,1
2021-2024,autismo_F840,Q280,Q273,solo_secundario,1
2021-2024,autismo_F840,Q311,Q311,solo_secundario,1
2021-2024,autismo_F840,Q315,H919,solo_secundario,1
2021-2024,autismo_F840,S678,S678,solo_secundario,1
2021-2024,autismo_F840,Q315,Q870,solo_secundario,1
2021-2024,autismo_F840,T509,H46,solo_secundario,1
2021-2024,autismo_F840,Q318,J100,solo_secundario,1
2021-2024,autismo_F840,Q330,Q324,solo_secundario,1
2021-2024,autismo_F840,Q338,J128,solo_secundario,1
2021-2024,autismo_F840,Q400,J121,solo_secundario,1
2021-2024,autismo_F840,Q355,D70,solo_secundario,1
2021-2024,autismo_F840,T495,T495,solo_secundario,1
2021-2024,autismo_F840,Q359,Q359,solo_secundario,1
2021-2024,autismo_F840,Q374,Q374,solo_secundario,1
2021-2024,autismo_F840,Q378,H440,solo_secundario,1
2021-2024,autismo_F840,Q379,Q375,solo_secundario,1
2021-2024,autismo_F840,T490,T490,solo_secundario,1
2021-2024,autismo_F840,T469,F122,solo_secundario,1
2021-2024,autismo_F840,T462,F321,solo_secundario,1
2021-2024,autismo_F840,Q382,Q382,solo_secundario,1
2021-2024,autismo_F840,Q388,U071,solo_secundario,1
2021-2024,autismo_F840,Q391,J120,solo_secundario,1
2021-2024,autismo_F840,Q391,Q390,solo_secundario,1
2021-2024,autismo_F840,Q543,Q543,solo_secundario,1
2021-2024,autismo_F840,T433,F841,solo_secundario,1
2021-2024,autismo_F840,T424,T435,solo_secundario,1
2021-2024,autismo_F840,Q549,Q643,solo_secundario,1
2021-2024,autismo_F840,Q743,Q743,solo_secundario,1
2021-2024,autismo_F840,Q750,T211,solo_secundario,1
2021-2024,autismo_F840,Q751,Q751,solo_secundario,1
2021-2024,autismo_F840,Q751,T842,solo_secundario,1
2021-2024,autismo_F840,T426,T509,solo_secundario,1
2021-2024,autismo_F840,Q753,J219,solo_secundario,1
2021-2024,autismo_F840,T426,T433,solo_secundario,1
2021-2024,autismo_F840,Q754,H919,solo_secundario,1
2021-2024,autismo_F840,Q760,M4145,solo_secundario,1
2021-2024,autismo_F840,Q760,Q760,solo_secundario,1
2021-2024,autismo_F840,Q761,Q761,solo_secundario,1
2021-2024,autismo_F840,Q763,Q763,solo_secundario,1
2021-2024,autismo_F840,M4155,M4155,solo_secundario,1
2021-2024,autismo_F840,T426,T426,principal,1
2021-2024,autismo_F840,Q784,Q784,solo_secundario,1
2021-2024,autismo_F840,Q790,Q790,solo_secundario,1
2021-2024,autismo_F840,Q793,Q793,solo_secundario,1
2021-2024,autismo_F840,Q850,Q850,solo_secundario,1
2021-2024,autismo_F840,Q851,F233,solo_secundario,1
2021-2024,autismo_F840,Q851,Q851,solo_secundario,1
2021-2024,autismo_F840,Q870,Q870,solo_secundario,1
2021-2024,autismo_F840,Q872,Q872,solo_secundario,1
2021-2024,autismo_F840,Q892,Q892,solo_secundario,1
2021-2024,autismo_F840,Q909,Q909,solo_secundario,1
2021-2024,autismo_F840,T426,R458,solo_secundario,1
2021-2024,autismo_F840,R068,G409,solo_secundario,1
2021-2024,autismo_F840,R068,R568,solo_secundario,1
2021-2024,autismo_F840,R100,R100,solo_secundario,1
2021-2024,autismo_F840,T426,F329,solo_secundario,1
2021-2024,autismo_F840,Q741,Q741,solo_secundario,1
2021-2024,autismo_F840,T426,Z134,solo_secundario,1
2021-2024,autismo_F840,Q704,Q704,solo_secundario,1
2021-2024,autismo_F840,Q658,Q658,solo_secundario,1
2021-2024,autismo_F840,T433,F323,solo_secundario,1
2021-2024,autismo_F840,Q556,Q556,solo_secundario,1
2021-2024,autismo_F840,Q603,Q603,solo_secundario,1
2021-2024,autismo_F840,Q622,Q622,solo_secundario,1
2021-2024,autismo_F840,Q625,Q625,solo_secundario,1
2021-2024,autismo_F840,Q642,N133,solo_secundario,1
2021-2024,autismo_F840,T432,S597,solo_secundario,1
2021-2024,autismo_F840,Q647,Q647,solo_secundario,1
2021-2024,autismo_F840,Q651,M8415,solo_secundario,1
2021-2024,autismo_F840,Q651,Q651,solo_secundario,1
2021-2024,autismo_F840,Q651,Z470,solo_secundario,1
2021-2024,autismo_F840,T432,S518,solo_secundario,1
2021-2024,autismo_F840,Q654,T842,solo_secundario,1
2021-2024,autismo_F840,T432,G409,solo_secundario,1
2021-2024,autismo_F840,T427,T393,solo_secundario,1
2021-2024,autismo_F840,Q660,Q660,solo_secundario,1
2021-2024,autismo_F840,Q660,Q760,solo_secundario,1
2021-2024,autismo_F840,T432,F603,solo_secundario,1
2021-2024,autismo_F840,Q668,A047,solo_secundario,1
2021-2024,autismo_F840,Q668,J204,solo_secundario,1
2021-2024,autismo_F840,T432,F431,solo_secundario,1
2021-2024,autismo_F840,T432,F39,solo_secundario,1
2021-2024,autismo_F840,Q675,Q675,solo_secundario,1
2021-2024,autismo_F840,Q677,Q677,solo_secundario,1
2021-2024,autismo_F840,Q690,Q690,solo_secundario,1
2021-2024,autismo_F840,T430,F603,solo_secundario,1
2021-2024,autismo_F840,Q691,Q691,solo_secundario,1
2021-2024,autismo_F840,Q699,Q692,solo_secundario,1
2021-2024,autismo_F840,M4185,M4185,solo_secundario,1
2021-2024,autismo_F840,K528,T232,solo_secundario,1
2021-2024,autismo_F840,M4145,M4145,solo_secundario,1
2021-2024,autismo_F840,F459,F459,solo_secundario,1
2021-2024,autismo_F840,F445,F445,solo_secundario,1
2021-2024,autismo_F840,F432,F603,solo_secundario,1
2021-2024,autismo_F840,F432,F432,principal,1
2021-2024,autismo_F840,F432,F412,solo_secundario,1
2021-2024,autismo_F840,F431,F431,principal,1
2021-2024,autismo_F840,F431,F328,solo_secundario,1
2021-2024,autismo_F840,F419,F412,solo_secundario,1
2021-2024,autismo_F840,F418,F431,solo_secundario,1
2021-2024,autismo_F840,F418,F418,solo_secundario,1
2021-2024,autismo_F840,F412,S519,solo_secundario,1
2021-2024,autismo_F840,F412,F919,solo_secundario,1
2021-2024,autismo_F840,F412,F603,solo_secundario,1
2021-2024,autismo_F840,F411,F431,solo_secundario,1
2021-2024,autismo_F840,F411,F329,solo_secundario,1
2021-2024,autismo_F840,F39,F329,solo_secundario,1
2021-2024,autismo_F840,F448,F448,solo_secundario,1
2021-2024,autismo_F840,F500,F322,solo_secundario,1
2021-2024,autismo_F840,F341,F603,solo_secundario,1
2021-2024,autismo_F840,F501,F501,solo_secundario,1
2021-2024,autismo_F840,F605,F319,solo_secundario,1
2021-2024,autismo_F840,F603,S119,solo_secundario,1
2021-2024,autismo_F840,F603,F602,solo_secundario,1
2021-2024,autismo_F840,F603,F432,solo_secundario,1
2021-2024,autismo_F840,F603,F314,solo_secundario,1
2021-2024,autismo_F840,F603,F192,solo_secundario,1
2021-2024,autismo_F840,F603,F191,solo_secundario,1
2021-2024,autismo_F840,F601,F601,solo_secundario,1
2021-2024,autismo_F840,F514,F514,solo_secundario,1
2021-2024,autismo_F840,F509,F609,solo_secundario,1
2021-2024,autismo_F840,F509,F328,solo_secundario,1
2021-2024,autismo_F840,F508,F39,solo_secundario,1
2021-2024,autismo_F840,F508,F322,solo_secundario,1
2021-2024,autismo_F840,F505,F508,solo_secundario,1
2021-2024,autismo_F840,F501,S517,solo_secundario,1
2021-2024,autismo_F840,F380,F380,solo_secundario,1
2021-2024,autismo_F840,F333,F333,solo_secundario,1
2021-2024,autismo_F840,M4140,M4140,solo_secundario,1
2021-2024,autismo_F840,F328,F322,solo_secundario,1
2021-2024,autismo_F840,F323,T435,solo_secundario,1
2021-2024,autismo_F840,F323,F609,solo_secundario,1
2021-2024,autismo_F840,F323,F603,principal,1
2021-2024,autismo_F840,F323,F333,solo_secundario,1
2021-2024,autismo_F840,F323,F323,principal,1
2021-2024,autismo_F840,F323,F319,solo_secundario,1
2021-2024,autismo_F840,F322,R458,solo_secundario,1
2021-2024,autismo_F840,F322,K222,solo_secundario,1
2021-2024,autismo_F840,F322,F431,solo_secundario,1
2021-2024,autismo_F840,F322,F412,solo_secundario,1
2021-2024,autismo_F840,F322,F329,solo_secundario,1
2021-2024,autismo_F840,F322,F323,solo_secundario,1
2021-2024,autismo_F840,F321,F941,solo_secundario,1
2021-2024,autismo_F840,F321,F322,solo_secundario,1
2021-2024,autismo_F840,F319,F319,principal,1
2021-2024,autismo_F840,F328,F321,solo_secundario,1
2021-2024,autismo_F840,F328,F328,solo_secundario,1
2021-2024,autismo_F840,F329,T432,solo_secundario,1
2021-2024,autismo_F840,F328,F609,solo_secundario,1
2021-2024,autismo_F840,F329,T391,solo_secundario,1
2021-2024,autismo_F840,F329,S517,solo_secundario,1
2021-2024,autismo_F840,F329,R458,solo_secundario,1
2021-2024,autismo_F840,F329,F982,solo_secundario,1
2021-2024,autismo_F840,F329,F89,solo_secundario,1
2021-2024,autismo_F840,F329,F841,solo_secundario,1
2021-2024,autismo_F840,F329,F609,solo_secundario,1
2021-2024,autismo_F840,F329,F608,solo_secundario,1
2021-2024,autismo_F840,F329,F603,solo_secundario,1
2021-2024,autismo_F840,F329,F39,solo_secundario,1
2021-2024,autismo_F840,F329,F330,solo_secundario,1
2021-2024,autismo_F840,F329,F322,solo_secundario,1
2021-2024,autismo_F840,F329,F29,solo_secundario,1
2021-2024,autismo_F840,F328,T71,solo_secundario,1
2021-2024,autismo_F840,F328,S518,solo_secundario,1
2021-2024,autismo_F840,F606,F606,solo_secundario,1
2021-2024,autismo_F840,F607,F607,solo_secundario,1
2021-2024,autismo_F840,F608,F323,solo_secundario,1
2021-2024,autismo_F840,G128,G128,solo_secundario,1
2021-2024,autismo_F840,G049,G049,solo_secundario,1
2021-2024,autismo_F840,G048,F29,solo_secundario,1
2021-2024,autismo_F840,F988,F900,principal,1
2021-2024,autismo_F840,F988,F603,solo_secundario,1
2021-2024,autismo_F840,F982,F982,solo_secundario,1
2021-2024,autismo_F840,F982,F982,principal,1
2021-2024,autismo_F840,F959,F638,solo_secundario,1
2021-2024,autismo_F840,F952,F952,solo_secundario,1
2021-2024,autismo_F840,F949,F949,solo_secundario,1
2021-2024,autismo_F840,F939,F939,solo_secundario,1
2021-2024,autismo_F840,F938,S411,solo_secundario,1
2021-2024,autismo_F840,F932,K358,solo_secundario,1
2021-2024,autismo_F840,F920,F920,solo_secundario,1
2021-2024,autismo_F840,F918,F918,principal,1
2021-2024,autismo_F840,F913,T71,solo_secundario,1
2021-2024,autismo_F840,G118,G118,solo_secundario,1
2021-2024,autismo_F840,G243,G243,solo_secundario,1
2021-2024,autismo_F840,F608,F603,solo_secundario,1
2021-2024,autismo_F840,G248,G248,principal,1
2021-2024,autismo_F840,G404,J123,solo_secundario,1
2021-2024,autismo_F840,G404,J121,solo_secundario,1
2021-2024,autismo_F840,G404,D430,solo_secundario,1
2021-2024,autismo_F840,G403,J00,solo_secundario,1
2021-2024,autismo_F840,G403,G404,principal,1
2021-2024,autismo_F840,G403,F799,solo_secundario,1
2021-2024,autismo_F840,G402,Z470,solo_secundario,1
2021-2024,autismo_F840,G402,G409,solo_secundario,1
2021-2024,autismo_F840,G401,Z518,solo_secundario,1
2021-2024,autismo_F840,G401,G419,solo_secundario,1
2021-2024,autismo_F840,G258,G258,solo_secundario,1
2021-2024,autismo_F840,G255,G255,solo_secundario,1
2021-2024,autismo_F840,G249,S0690,solo_secundario,1
2021-2024,autismo_F840,G249,G249,solo_secundario,1
2021-2024,autismo_F840,G248,N47,solo_secundario,1
2021-2024,autismo_F840,F913,I675,solo_secundario,1
2021-2024,autismo_F840,F913,F919,solo_secundario,1
2021-2024,autismo_F840,F913,F913,principal,1
2021-2024,autismo_F840,F913,F191,solo_secundario,1
2021-2024,autismo_F840,F718,F711,solo_secundario,1
2021-2024,autismo_F840,F711,F711,solo_secundario,1
2021-2024,autismo_F840,F711,F431,solo_secundario,1
2021-2024,autismo_F840,F701,F701,solo_secundario,1
2021-2024,autismo_F840,F69,F69,solo_secundario,1
2021-2024,autismo_F840,F648,S518,solo_secundario,1
2021-2024,autismo_F840,F648,F648,solo_secundario,1
2021-2024,autismo_F840,F640,F640,solo_secundario,1
2021-2024,autismo_F840,F639,F639,solo_secundario,1
2021-2024,autismo_F840,F638,F638,principal,1
2021-2024,autismo_F840,F638,F39,solo_secundario,1
2021-2024,autismo_F840,F609,T435,solo_secundario,1
2021-2024,autismo_F840,F609,T433,solo_secundario,1
2021-2024,autismo_F840,F609,N132,solo_secundario,1
2021-2024,autismo_F840,F609,F609,principal,1
2021-2024,autismo_F840,F719,F719,solo_secundario,1
2021-2024,autismo_F840,F719,F83,solo_secundario,1
2021-2024,autismo_F840,F791,E668,solo_secundario,1
2021-2024,autismo_F840,F848,F848,solo_secundario,1
2021-2024,autismo_F840,F901,F901,solo_secundario,1
2021-2024,autismo_F840,F900,F919,solo_secundario,1
2021-2024,autismo_F840,F900,F900,principal,1
2021-2024,autismo_F840,F89,F89,solo_secundario,1
2021-2024,autismo_F840,F849,S4240,solo_secundario,1
2021-2024,autismo_F840,F848,R457,solo_secundario,1
2021-2024,autismo_F840,F848,F844,solo_secundario,1
2021-2024,autismo_F840,F798,F798,solo_secundario,1
2021-2024,autismo_F840,F845,S8280,solo_secundario,1
2021-2024,autismo_F840,F845,F845,principal,1
2021-2024,autismo_F840,F845,F841,principal,1
2021-2024,autismo_F840,F841,J353,solo_secundario,1
2021-2024,autismo_F840,F841,F919,principal,1
2021-2024,autismo_F840,F799,F799,solo_secundario,1
2021-2024,autismo_F840,F317,F317,solo_secundario,1
2021-2024,autismo_F840,F315,F315,solo_secundario,1
2021-2024,autismo_F840,F314,F322,solo_secundario,1
2021-2024,autismo_F840,D110,D110,solo_secundario,1
2021-2024,autismo_F840,C959,D70,solo_secundario,1
2021-2024,autismo_F840,C959,C910,solo_secundario,1
2021-2024,autismo_F840,C950,D70,solo_secundario,1
2021-2024,autismo_F840,C920,C920,solo_secundario,1
2021-2024,autismo_F840,C911,J00,solo_secundario,1
2021-2024,autismo_F840,C910,Z092,solo_secundario,1
2021-2024,autismo_F840,C857,D481,solo_secundario,1
2021-2024,autismo_F840,C780,Z511,solo_secundario,1
2021-2024,autismo_F840,C729,T850,solo_secundario,1
2021-2024,autismo_F840,C716,Z511,solo_secundario,1
2021-2024,autismo_F840,C716,G409,solo_secundario,1
2021-2024,autismo_F840,C716,C716,solo_secundario,1
2021-2024,autismo_F840,C629,Z511,solo_secundario,1
2021-2024,autismo_F840,C621,R590,solo_secundario,1
2021-2024,autismo_F840,C621,C621,solo_secundario,1
2021-2024,autismo_F840,C959,Z511,solo_secundario,1
2021-2024,autismo_F840,D160,D160,solo_secundario,1
2021-2024,autismo_F840,D444,D444,solo_secundario,1
2021-2024,autismo_F840,D161,D480,solo_secundario,1
2021-2024,autismo_F840,D430,C710,solo_secundario,1
2021-2024,autismo_F840,D410,D410,solo_secundario,1
2021-2024,autismo_F840,D401,D401,solo_secundario,1
2021-2024,autismo_F840,D380,D380,solo_secundario,1
2021-2024,autismo_F840,D376,D376,solo_secundario,1
2021-2024,autismo_F840,D374,D374,solo_secundario,1
2021-2024,autismo_F840,D374,A047,solo_secundario,1
2021-2024,autismo_F840,D316,D316,solo_secundario,1
2021-2024,autismo_F840,D24,D24,solo_secundario,1
2021-2024,autismo_F840,D235,D235,solo_secundario,1
2021-2024,autismo_F840,D234,D234,solo_secundario,1
2021-2024,autismo_F840,D232,Q531,solo_secundario,1
2021-2024,autismo_F840,D181,M7935,solo_secundario,1
2021-2024,autismo_F840,D175,D175,solo_secundario,1
2021-2024,autismo_F840,D164,H660,solo_secundario,1
2021-2024,autismo_F840,C56,R591,solo_secundario,1
2021-2024,autismo_F840,C169,C169,solo_secundario,1
2021-2024,autismo_F840,B354,B354,solo_secundario,1
2021-2024,autismo_F840,B349,B349,solo_secundario,1
2021-2024,autismo_F840,A099,G401,solo_secundario,1
2021-2024,autismo_F840,A099,E872,solo_secundario,1
2021-2024,autismo_F840,A090,Q423,solo_secundario,1
2021-2024,autismo_F840,A090,J030,solo_secundario,1
2021-2024,autismo_F840,A090,G048,solo_secundario,1
2021-2024,autismo_F840,A090,A099,solo_secundario,1
2021-2024,autismo_F840,A090,A090,principal,1
2021-2024,autismo_F840,A084,Q120,solo_secundario,1
2021-2024,autismo_F840,A083,A083,solo_secundario,1
2021-2024,autismo_F840,A080,J353,solo_secundario,1
2021-2024,autismo_F840,A080,J128,solo_secundario,1
2021-2024,autismo_F840,A080,J123,solo_secundario,1
2021-2024,autismo_F840,A080,A080,principal,1
2021-2024,autismo_F840,A071,A071,solo_secundario,1
2021-2024,autismo_F840,A045,A045,solo_secundario,1
2021-2024,autismo_F840,A099,G409,solo_secundario,1
2021-2024,autismo_F840,A099,J46,solo_secundario,1
2021-2024,autismo_F840,A099,N390,solo_secundario,1
2021-2024,autismo_F840,A880,A880,principal,1
2021-2024,autismo_F840,B348,J459,solo_secundario,1
2021-2024,autismo_F840,B348,B348,solo_secundario,1
2021-2024,autismo_F840,B341,B341,solo_secundario,1
2021-2024,autismo_F840,B340,B340,solo_secundario,1
2021-2024,autismo_F840,B009,B009,solo_secundario,1
2021-2024,autismo_F840,B002,J123,solo_secundario,1
2021-2024,autismo_F840,A879,J120,solo_secundario,1
2021-2024,autismo_F840,A099,N47,solo_secundario,1
2021-2024,autismo_F840,A86,A86,solo_secundario,1
2021-2024,autismo_F840,A858,S0690,solo_secundario,1
2021-2024,autismo_F840,A502,J128,solo_secundario,1
2021-2024,autismo_F840,A418,A418,solo_secundario,1
2021-2024,autismo_F840,A400,A400,solo_secundario,1
2021-2024,autismo_F840,A281,A281,solo_secundario,1
2021-2024,autismo_F840,D430,D330,solo_secundario,1
2021-2024,autismo_F840,D471,Z092,solo_secundario,1
2021-2024,autismo_F840,F314,F314,solo_secundario,1
2021-2024,autismo_F840,F199,F431,solo_secundario,1
2021-2024,autismo_F840,F198,F191,solo_secundario,1
2021-2024,autismo_F840,F195,T230,solo_secundario,1
2021-2024,autismo_F840,F195,F919,principal,1
2021-2024,autismo_F840,F195,F195,solo_secundario,1
2021-2024,autismo_F840,F142,F198,principal,1
2021-2024,autismo_F840,F141,F429,solo_secundario,1
2021-2024,autismo_F840,F09,F09,principal,1
2021-2024,autismo_F840,F070,F918,principal,1
2021-2024,autismo_F840,F070,F070,principal,1
2021-2024,autismo_F840,E880,E880,solo_secundario,1
2021-2024,autismo_F840,E876,E876,solo_secundario,1
2021-2024,autismo_F840,E871,E871,solo_secundario,1
2021-2024,autismo_F840,E86,H044,solo_secundario,1
2021-2024,autismo_F840,E86,E86,principal,1
2021-2024,autismo_F840,E848,E848,solo_secundario,1
2021-2024,autismo_F840,F198,F198,solo_secundario,1
2021-2024,autismo_F840,F202,F202,solo_secundario,1
2021-2024,autismo_F840,D479,C910,solo_secundario,1
2021-2024,autismo_F840,F208,F209,solo_secundario,1
2021-2024,autismo_F840,F312,F412,solo_secundario,1
2021-2024,autismo_F840,F311,F319,solo_secundario,1
2021-2024,autismo_F840,F311,F311,solo_secundario,1
2021-2024,autismo_F840,F29,F29,principal,1
2021-2024,autismo_F840,F29,F28,solo_secundario,1
2021-2024,autismo_F840,F29,F193,solo_secundario,1
2021-2024,autismo_F840,F28,R458,solo_secundario,1
2021-2024,autismo_F840,F28,F209,solo_secundario,1
2021-2024,autismo_F840,F239,F239,principal,1
2021-2024,autismo_F840,F238,F238,principal,1
2021-2024,autismo_F840,F233,F233,solo_secundario,1
2021-2024,autismo_F840,F209,F250,solo_secundario,1
2021-2024,autismo_F840,F209,F208,solo_secundario,1
2021-2024,autismo_F840,F209,F200,solo_secundario,1
2021-2024,autismo_F840,F208,T424,solo_secundario,1
2021-2024,autismo_F840,E841,E840,solo_secundario,1
2021-2024,autismo_F840,E840,E840,solo_secundario,1
2021-2024,autismo_F840,E835,E835,solo_secundario,1
2021-2024,autismo_F840,E760,E760,solo_secundario,1
2021-2024,autismo_F840,D821,D821,solo_secundario,1
2021-2024,autismo_F840,D820,A099,solo_secundario,1
2021-2024,autismo_F840,D812,D812,solo_secundario,1
2021-2024,autismo_F840,D729,D729,solo_secundario,1
2021-2024,autismo_F840,D693,Z518,solo_secundario,1
2021-2024,autismo_F840,D693,D693,solo_secundario,1
2021-2024,autismo_F840,D690,G473,solo_secundario,1
2021-2024,autismo_F840,D680,D680,solo_secundario,1
2021-2024,autismo_F840,D649,D649,solo_secundario,1
2021-2024,autismo_F840,D619,G408,solo_secundario,1
2021-2024,autismo_F840,D580,D580,solo_secundario,1
2021-2024,autismo_F840,D508,D508,solo_secundario,1
2021-2024,autismo_F840,D483,C629,solo_secundario,1
2021-2024,autismo_F840,D480,D162,solo_secundario,1
2021-2024,autismo_F840,D479,J122,solo_secundario,1
2021-2024,autismo_F840,D821,Q667,solo_secundario,1
2021-2024,autismo_F840,DESCONOCIDO,DESCONOCIDO,solo_secundario,1
2021-2024,autismo_F840,E031,E031,solo_secundario,1
2021-2024,autismo_F840,E161,E161,solo_secundario,1
2021-2024,autismo_F840,E740,E740,solo_secundario,1
2021-2024,autismo_F840,E711,E711,solo_secundario,1
2021-2024,autismo_F840,E611,E611,solo_secundario,1
2021-2024,autismo_F840,E45,R509,solo_secundario,1
2021-2024,autismo_F840,E271,E271,solo_secundario,1
2021-2024,autismo_F840,E162,E162,solo_secundario,1
2021-2024,autismo_F840,E161,A090,solo_secundario,1
2021-2024,autismo_F840,E041,E041,solo_secundario,1
2021-2024,autismo_F840,E161,A080,solo_secundario,1
2021-2024,autismo_F840,E111,E111,solo_secundario,1
2021-2024,autismo_F840,E108,Q892,solo_secundario,1
2021-2024,autismo_F840,E108,E108,solo_secundario,1
2021-2024,autismo_F840,E101,E109,solo_secundario,1
2021-2024,autismo_F840,E042,E042,solo_secundario,1
2021-2024,autismo_F840,G404,Q850,solo_secundario,1
2021-2024,autismo_F840,G404,Z138,solo_secundario,1
2021-2024,autismo_F840,G405,F711,solo_secundario,1
2021-2024,autismo_F840,K092,J353,solo_secundario,1
2021-2024,autismo_F840,K088,K088,solo_secundario,1
2021-2024,autismo_F840,K082,Q665,solo_secundario,1
2021-2024,autismo_F840,K079,K079,solo_secundario,1
2021-2024,autismo_F840,K078,K078,solo_secundario,1
2021-2024,autismo_F840,K076,K076,solo_secundario,1
2021-2024,autismo_F840,K070,K070,solo_secundario,1
2021-2024,autismo_F840,K047,K047,solo_secundario,1
2021-2024,autismo_F840,K047,J9609,solo_secundario,1
2021-2024,autismo_F840,K047,A099,solo_secundario,1
2021-2024,autismo_F840,K040,G809,solo_secundario,1
2021-2024,autismo_F840,K011,K011,solo_secundario,1
2021-2024,autismo_F840,K010,K010,solo_secundario,1
2021-2024,autismo_F840,J988,Z518,solo_secundario,1
2021-2024,autismo_F840,J982,J982,solo_secundario,1
2021-2024,autismo_F840,J9699,J9699,solo_secundario,1
2021-2024,autismo_F840,K092,D165,solo_secundario,1
2021-2024,autismo_F840,K122,K122,solo_secundario,1
2021-2024,autismo_F840,K402,K403,solo_secundario,1
2021-2024,autismo_F840,K134,K134,solo_secundario,1
2021-2024,autismo_F840,K358,Z470,solo_secundario,1
2021-2024,autismo_F840,K358,R104,solo_secundario,1
2021-2024,autismo_F840,K358,K509,solo_secundario,1
2021-2024,autismo_F840,K358,K358,principal,1
2021-2024,autismo_F840,K358,K263,solo_secundario,1
2021-2024,autismo_F840,K358,F412,solo_secundario,1
2021-2024,autismo_F840,K358,F311,solo_secundario,1
2021-2024,autismo_F840,K353,T813,solo_secundario,1
2021-2024,autismo_F840,K316,K316,solo_secundario,1
2021-2024,autismo_F840,K297,K290,solo_secundario,1
2021-2024,autismo_F840,K296,K296,solo_secundario,1
2021-2024,autismo_F840,K250,N10,solo_secundario,1
2021-2024,autismo_F840,K222,J353,solo_secundario,1
2021-2024,autismo_F840,K210,J353,solo_secundario,1
2021-2024,autismo_F840,K20,K20,solo_secundario,1
2021-2024,autismo_F840,J9690,Z548,solo_secundario,1
2021-2024,autismo_F840,J9609,J208,solo_secundario,1
2021-2024,autismo_F840,J9609,J206,solo_secundario,1
2021-2024,autismo_F840,J9609,J156,solo_secundario,1
2021-2024,autismo_F840,J441,J441,solo_secundario,1
2021-2024,autismo_F840,J40,J40,solo_secundario,1
2021-2024,autismo_F840,J387,Z431,solo_secundario,1
2021-2024,autismo_F840,J380,Q532,solo_secundario,1
2021-2024,autismo_F840,J36,S0280,solo_secundario,1
2021-2024,autismo_F840,J358,J358,solo_secundario,1
2021-2024,autismo_F840,J353,N390,solo_secundario,1
2021-2024,autismo_F840,J353,K409,solo_secundario,1
2021-2024,autismo_F840,J353,J46,solo_secundario,1
2021-2024,autismo_F840,J353,J343,solo_secundario,1
2021-2024,autismo_F840,J353,J129,solo_secundario,1
2021-2024,autismo_F840,J351,N47,solo_secundario,1
2021-2024,autismo_F840,J351,K590,solo_secundario,1
2021-2024,autismo_F840,J351,J353,solo_secundario,1
2021-2024,autismo_F840,J351,H919,solo_secundario,1
2021-2024,autismo_F840,J450,J450,solo_secundario,1
2021-2024,autismo_F840,J459,J206,solo_secundario,1
2021-2024,autismo_F840,J46,J110,solo_secundario,1
2021-2024,autismo_F840,J46,U071,solo_secundario,1
2021-2024,autismo_F840,J9609,B349,solo_secundario,1
2021-2024,autismo_F840,J955,J955,solo_secundario,1
2021-2024,autismo_F840,J950,K565,solo_secundario,1
2021-2024,autismo_F840,J90,J90,solo_secundario,1
2021-2024,autismo_F840,J690,G401,solo_secundario,1
2021-2024,autismo_F840,J680,F500,solo_secundario,1
2021-2024,autismo_F840,J46,S5290,solo_secundario,1
2021-2024,autismo_F840,J46,J206,solo_secundario,1
2021-2024,autismo_F840,J46,Q210,solo_secundario,1
2021-2024,autismo_F840,J46,N47,solo_secundario,1
2021-2024,autismo_F840,J46,J9609,solo_secundario,1
2021-2024,autismo_F840,J46,J450,solo_secundario,1
2021-2024,autismo_F840,J46,J448,solo_secundario,1
2021-2024,autismo_F840,J46,J209,solo_secundario,1
2021-2024,autismo_F840,K36,K430,solo_secundario,1
2021-2024,autismo_F840,K402,K409,solo_secundario,1
2021-2024,autismo_F840,J348,J348,solo_secundario,1
2021-2024,autismo_F840,L211,L211,solo_secundario,1
2021-2024,autismo_F840,L059,F323,solo_secundario,1
2021-2024,autismo_F840,L040,L040,principal,1
2021-2024,autismo_F840,L032,H919,solo_secundario,1
2021-2024,autismo_F840,L031,Z518,solo_secundario,1
2021-2024,autismo_F840,L031,H050,solo_secundario,1
2021-2024,autismo_F840,K929,K929,solo_secundario,1
2021-2024,autismo_F840,K921,K921,solo_secundario,1
2021-2024,autismo_F840,K918,Q393,solo_secundario,1
2021-2024,autismo_F840,K904,M303,solo_secundario,1
2021-2024,autismo_F840,K859,K859,solo_secundario,1
2021-2024,autismo_F840,K852,F101,solo_secundario,1
2021-2024,autismo_F840,K851,M512,solo_secundario,1
2021-2024,autismo_F840,K851,K851,solo_secundario,1
2021-2024,autismo_F840,K828,G473,solo_secundario,1
2021-2024,autismo_F840,K810,K810,solo_secundario,1
2021-2024,autismo_F840,L209,L209,solo_secundario,1
2021-2024,autismo_F840,L509,J218,solo_secundario,1
2021-2024,autismo_F840,K429,E760,solo_secundario,1
2021-2024,autismo_F840,L732,L732,solo_secundario,1
2021-2024,autismo_F840,M4115,M4115,solo_secundario,1
2021-2024,autismo_F840,M330,M331,solo_secundario,1
2021-2024,autismo_F840,M221,M221,solo_secundario,1
2021-2024,autismo_F840,M2196,M2196,solo_secundario,1
2021-2024,autismo_F840,M2147,M2147,solo_secundario,1
2021-2024,autismo_F840,M2117,M2117,solo_secundario,1
2021-2024,autismo_F840,M2109,M2109,solo_secundario,1
2021-2024,autismo_F840,M2106,Z470,solo_secundario,1
2021-2024,autismo_F840,M169,M169,solo_secundario,1
2021-2024,autismo_F840,M0896,M0896,solo_secundario,1
2021-2024,autismo_F840,M0809,C910,solo_secundario,1
2021-2024,autismo_F840,M0640,M0640,solo_secundario,1
2021-2024,autismo_F840,M0095,M673,solo_secundario,1
2021-2024,autismo_F840,L989,L989,solo_secundario,1
2021-2024,autismo_F840,L910,L910,solo_secundario,1
2021-2024,autismo_F840,K803,K803,solo_secundario,1
2021-2024,autismo_F840,K802,T438,solo_secundario,1
2021-2024,autismo_F840,K802,R161,solo_secundario,1
2021-2024,autismo_F840,K801,K801,solo_secundario,1
2021-2024,autismo_F840,K565,J101,solo_secundario,1
2021-2024,autismo_F840,K564,K590,solo_secundario,1
2021-2024,autismo_F840,K564,K564,solo_secundario,1
2021-2024,autismo_F840,K562,H509,solo_secundario,1
2021-2024,autismo_F840,K561,C837,solo_secundario,1
2021-2024,autismo_F840,K529,K529,solo_secundario,1
2021-2024,autismo_F840,K529,K469,solo_secundario,1
2021-2024,autismo_F840,A031,A031,solo_secundario,1
2021-2024,autismo_F840,K528,K226,solo_secundario,1
2021-2024,autismo_F840,K519,Z518,solo_secundario,1
2021-2024,autismo_F840,K519,K518,solo_secundario,1
2021-2024,autismo_F840,K518,K518,solo_secundario,1
2021-2024,autismo_F840,K510,K510,solo_secundario,1
2021-2024,autismo_F840,K500,A099,solo_secundario,1
2021-2024,autismo_F840,K439,K439,solo_secundario,1
2021-2024,autismo_F840,K565,K566,solo_secundario,1
2021-2024,autismo_F840,K566,K590,solo_secundario,1
2021-2024,autismo_F840,K590,J46,solo_secundario,1
2021-2024,autismo_F840,K638,K509,solo_secundario,1
2021-2024,autismo_F840,K800,L032,solo_secundario,1
2021-2024,autismo_F840,K800,K802,solo_secundario,1
2021-2024,autismo_F840,K800,F314,solo_secundario,1
2021-2024,autismo_F840,K769,K769,solo_secundario,1
2021-2024,autismo_F840,K760,K760,solo_secundario,1
2021-2024,autismo_F840,K658,F431,solo_secundario,1
2021-2024,autismo_F840,K631,K914,solo_secundario,1
2021-2024,autismo_F840,K590,T438,solo_secundario,1
2021-2024,autismo_F840,K623,K623,solo_secundario,1
2021-2024,autismo_F840,K612,K519,solo_secundario,1
2021-2024,autismo_F840,K610,K610,solo_secundario,1
2021-2024,autismo_F840,K598,K598,solo_secundario,1
2021-2024,autismo_F840,K593,K593,solo_secundario,1
2021-2024,autismo_F840,K590,Z138,solo_secundario,1
2021-2024,autismo_F840,J351,F920,solo_secundario,1
2021-2024,autismo_F840,J343,J343,solo_secundario,1
2021-2024,autismo_F840,G405,G405,solo_secundario,1
2021-2024,autismo_F840,I219,I219,solo_secundario,1
2021-2024,autismo_F840,H919,H919,principal,1
2021-2024,autismo_F840,H918,H918,solo_secundario,1
2021-2024,autismo_F840,H902,H902,solo_secundario,1
2021-2024,autismo_F840,H663,N185,solo_secundario,1
2021-2024,autismo_F840,H653,H653,solo_secundario,1
2021-2024,autismo_F840,H652,H652,solo_secundario,1
2021-2024,autismo_F840,H509,J353,solo_secundario,1
2021-2024,autismo_F840,H509,J219,solo_secundario,1
2021-2024,autismo_F840,H509,H501,solo_secundario,1
2021-2024,autismo_F840,H509,H058,solo_secundario,1
2021-2024,autismo_F840,H509,G819,solo_secundario,1
2021-2024,autismo_F840,H501,H509,solo_secundario,1
2021-2024,autismo_F840,H501,H500,solo_secundario,1
2021-2024,autismo_F840,H500,H500,solo_secundario,1
2021-2024,autismo_F840,H499,E86,solo_secundario,1
2021-2024,autismo_F840,I10,F841,solo_secundario,1
2021-2024,autismo_F840,I313,I313,solo_secundario,1
2021-2024,autismo_F840,J00,G408,solo_secundario,1
2021-2024,autismo_F840,I340,I340,solo_secundario,1
2021-2024,autismo_F840,I880,R13,solo_secundario,1
2021-2024,autismo_F840,I880,I880,solo_secundario,1
2021-2024,autismo_F840,I878,I81,solo_secundario,1
2021-2024,autismo_F840,I861,I861,solo_secundario,1
2021-2024,autismo_F840,I850,I859,solo_secundario,1
2021-2024,autismo_F840,I832,I832,solo_secundario,1
2021-2024,autismo_F840,I668,Z450,solo_secundario,1
2021-2024,autismo_F840,I638,I638,solo_secundario,1
2021-2024,autismo_F840,I615,I615,solo_secundario,1
2021-2024,autismo_F840,I500,G409,solo_secundario,1
2021-2024,autismo_F840,I494,K590,solo_secundario,1
2021-2024,autismo_F840,I472,T821,solo_secundario,1
2021-2024,autismo_F840,I442,Q212,solo_secundario,1
2021-2024,autismo_F840,I420,I420,solo_secundario,1
2021-2024,autismo_F840,I409,I409,solo_secundario,1
2021-2024,autismo_F840,H271,Z480,solo_secundario,1
2021-2024,autismo_F840,H262,H262,solo_secundario,1
2021-2024,autismo_F840,H168,G360,solo_secundario,1
2021-2024,autismo_F840,H103,H169,solo_secundario,1
2021-2024,autismo_F840,G409,Q381,solo_secundario,1
2021-2024,autismo_F840,G409,Q211,solo_secundario,1
2021-2024,autismo_F840,G409,Q048,solo_secundario,1
2021-2024,autismo_F840,G409,J208,solo_secundario,1
2021-2024,autismo_F840,G409,H669,solo_secundario,1
2021-2024,autismo_F840,G409,G419,solo_secundario,1
2021-2024,autismo_F840,G409,G402,solo_secundario,1
2021-2024,autismo_F840,G409,E833,solo_secundario,1
2021-2024,autismo_F840,G409,D330,solo_secundario,1
2021-2024,autismo_F840,G409,C719,solo_secundario,1
2021-2024,autismo_F840,G408,J00,solo_secundario,1
2021-2024,autismo_F840,G408,G408,principal,1
2021-2024,autismo_F840,G408,G407,solo_secundario,1
2021-2024,autismo_F840,G408,G049,solo_secundario,1
2021-2024,autismo_F840,G406,G406,solo_secundario,1
2021-2024,autismo_F840,G409,R13,solo_secundario,1
2021-2024,autismo_F840,G409,T850,solo_secundario,1
2021-2024,autismo_F840,G410,G409,solo_secundario,1
2021-2024,autismo_F840,G809,G401,solo_secundario,1
2021-2024,autismo_F840,G972,G972,solo_secundario,1
2021-2024,autismo_F840,G938,G938,solo_secundario,1
2021-2024,autismo_F840,G919,T850,solo_secundario,1
2021-2024,autismo_F840,G919,Q531,solo_secundario,1
2021-2024,autismo_F840,G811,S7290,solo_secundario,1
2021-2024,autismo_F840,G809,G809,solo_secundario,1
2021-2024,autismo_F840,G808,G808,solo_secundario,1
2021-2024,autismo_F840,G418,G409,solo_secundario,1
2021-2024,autismo_F840,G729,Z291,solo_secundario,1
2021-2024,autismo_F840,G712,G712,solo_secundario,1
2021-2024,autismo_F840,G473,R270,solo_secundario,1
2021-2024,autismo_F840,G473,J111,solo_secundario,1
2021-2024,autismo_F840,G439,G439,solo_secundario,1
2021-2024,autismo_F840,G419,G409,solo_secundario,1
2021-2024,autismo_F840,I889,I889,solo_secundario,1
2021-2024,autismo_F840,J00,J00,solo_secundario,1
2021-2024,autismo_F840,J342,J342,solo_secundario,1
2021-2024,autismo_F840,J208,J123,solo_secundario,1
2021-2024,autismo_F840,J206,J46,solo_secundario,1
2021-2024,autismo_F840,J206,J129,solo_secundario,1
2021-2024,autismo_F840,J205,Q751,solo_secundario,1
2021-2024,autismo_F840,J205,Q552,solo_secundario,1
2021-2024,autismo_F840,J205,J123,solo_secundario,1
2021-2024,autismo_F840,J205,J121,solo_secundario,1
2021-2024,autismo_F840,J189,J440,solo_secundario,1
2021-2024,autismo_F840,J189,J122,solo_secundario,1
2021-2024,autismo_F840,J180,J180,solo_secundario,1
2021-2024,autismo_F840,J158,J129,solo_secundario,1
2021-2024,autismo_F840,J157,Q531,solo_secundario,1
2021-2024,autismo_F840,J157,J157,solo_secundario,1
2021-2024,autismo_F840,J129,T175,solo_secundario,1
2021-2024,autismo_F840,J129,S670,solo_secundario,1
2021-2024,autismo_F840,J129,K590,solo_secundario,1
2021-2024,autismo_F840,J206,N144,solo_secundario,1
2021-2024,autismo_F840,J208,J209,solo_secundario,1
2021-2024,autismo_F840,J00,J351,solo_secundario,1
2021-2024,autismo_F840,J209,J121,solo_secundario,1
2021-2024,autismo_F840,J342,F259,solo_secundario,1
2021-2024,autismo_F840,J340,J340,solo_secundario,1
2021-2024,autismo_F840,J320,M5422,solo_secundario,1
2021-2024,autismo_F840,J304,G473,solo_secundario,1
2021-2024,autismo_F840,J22,J22,solo_secundario,1
2021-2024,autismo_F840,J219,J46,solo_secundario,1
2021-2024,autismo_F840,J219,J129,solo_secundario,1
2021-2024,autismo_F840,J218,J46,solo_secundario,1
2021-2024,autismo_F840,J211,J211,solo_secundario,1
2021-2024,autismo_F840,J210,J205,solo_secundario,1
2021-2024,autismo_F840,J210,J122,solo_secundario,1
2021-2024,autismo_F840,J210,A080,solo_secundario,1
2021-2024,autismo_F840,J209,N47,solo_secundario,1
2021-2024,autismo_F840,J209,K528,solo_secundario,1
2021-2024,autismo_F840,J209,J205,solo_secundario,1
2021-2024,autismo_F840,J129,J188,solo_secundario,1
2021-2024,autismo_F840,J129,J128,solo_secundario,1
2021-2024,autismo_F840,J129,J019,solo_secundario,1
2021-2024,autismo_F840,J129,E872,solo_secundario,1
2021-2024,autismo_F840,J111,J111,solo_secundario,1
2021-2024,autismo_F840,J101,Z518,solo_secundario,1
2021-2024,autismo_F840,J101,J101,principal,1
2021-2024,autismo_F840,J100,A491,solo_secundario,1
2021-2024,autismo_F840,J069,N390,solo_secundario,1
2021-2024,autismo_F840,J069,J069,principal,1
2021-2024,autismo_F840,J060,J210,solo_secundario,1
2021-2024,autismo_F840,J050,J060,solo_secundario,1
2021-2024,autismo_F840,J050,J050,solo_secundario,1
2021-2024,autismo_F840,J042,J042,solo_secundario,1
2021-2024,autismo_F840,J040,K590,solo_secundario,1
2021-2024,autismo_F840,J040,J040,solo_secundario,1
2021-2024,autismo_F840,J039,J039,solo_secundario,1
2021-2024,autismo_F840,J00,U071,solo_secundario,1
2021-2024,autismo_F840,J00,J46,solo_secundario,1
2021-2024,autismo_F840,J120,J129,solo_secundario,1
2021-2024,autismo_F840,J121,G409,solo_secundario,1
2021-2024,autismo_F840,J121,G418,solo_secundario,1
2021-2024,autismo_F840,J121,Z548,solo_secundario,1
2021-2024,autismo_F840,J128,J46,solo_secundario,1
2021-2024,autismo_F840,J128,J206,solo_secundario,1
2021-2024,autismo_F840,J128,J121,solo_secundario,1
2021-2024,autismo_F840,J128,G409,solo_secundario,1
2021-2024,autismo_F840,J122,J128,solo_secundario,1
2021-2024,autismo_F840,J122,G409,solo_secundario,1
2021-2024,autismo_F840,J121,R11,solo_secundario,1
2021-2024,autismo_F840,J121,H905,solo_secundario,1
2021-2024,autismo_F840,J121,J459,solo_secundario,1
2021-2024,autismo_F840,J121,J353,solo_secundario,1
2021-2024,autismo_F840,J121,J206,solo_secundario,1
2021-2024,autismo_F840,J121,J128,solo_secundario,1
2021-2024,autismo_F840,J121,J123,solo_secundario,1
2021-2024,autismo_F840,J121,J069,solo_secundario,1
2021-2024,autismo_F840,Z931,Z931,solo_secundario,1
2021-2024,TEA_operacional,N47,N47,solo_secundario,65
2021-2024,TEA_operacional,J353,J353,solo_secundario,46
2021-2024,TEA_operacional,G409,G409,solo_secundario,44
2021-2024,TEA_operacional,K358,K358,solo_secundario,37
2021-2024,TEA_operacional,J209,J209,solo_secundario,30
2021-2024,TEA_operacional,J46,J46,solo_secundario,28
2021-2024,TEA_operacional,F322,F322,solo_secundario,27
2021-2024,TEA_operacional,Q532,Q532,solo_secundario,25
2021-2024,TEA_operacional,J128,J128,solo_secundario,21
2021-2024,TEA_operacional,T432,T432,solo_secundario,19
2021-2024,TEA_operacional,J351,J351,solo_secundario,18
2021-2024,TEA_operacional,A099,A099,solo_secundario,17
2021-2024,TEA_operacional,Q531,Q531,solo_secundario,16
2021-2024,TEA_operacional,E101,E101,solo_secundario,16
2021-2024,TEA_operacional,J129,J129,solo_secundario,15
2021-2024,TEA_operacional,J121,J121,solo_secundario,15
2021-2024,TEA_operacional,P220,P220,solo_secundario,15
2021-2024,TEA_operacional,F603,F603,solo_secundario,14
2021-2024,TEA_operacional,T424,T424,solo_secundario,14
2021-2024,TEA_operacional,J205,J205,solo_secundario,13
2021-2024,TEA_operacional,F29,F29,solo_secundario,13
2021-2024,TEA_operacional,J206,J206,solo_secundario,12
2021-2024,TEA_operacional,F329,F329,solo_secundario,12
2021-2024,TEA_operacional,K802,K802,solo_secundario,11
2021-2024,TEA_operacional,G408,G408,solo_secundario,11
2021-2024,TEA_operacional,T391,T391,solo_secundario,11
2021-2024,TEA_operacional,G401,G401,solo_secundario,11
2021-2024,TEA_operacional,K353,K353,solo_secundario,11
2021-2024,TEA_operacional,Z518,Z518,solo_secundario,10
2021-2024,TEA_operacional,S4240,S4240,solo_secundario,10
2021-2024,TEA_operacional,U071,U071,solo_secundario,10
2021-2024,TEA_operacional,J352,J352,solo_secundario,9
2021-2024,TEA_operacional,H509,H509,solo_secundario,9
2021-2024,TEA_operacional,J159,J159,solo_secundario,9
2021-2024,TEA_operacional,F323,F323,solo_secundario,9
2021-2024,TEA_operacional,K409,K409,solo_secundario,8
2021-2024,TEA_operacional,N390,N390,solo_secundario,8
2021-2024,TEA_operacional,J9600,J9600,solo_secundario,8
2021-2024,TEA_operacional,J210,J210,solo_secundario,8
2021-2024,TEA_operacional,K590,K590,solo_secundario,8
2021-2024,TEA_operacional,F431,F431,solo_secundario,8
2021-2024,TEA_operacional,A080,A080,solo_secundario,8
2021-2024,TEA_operacional,R568,R568,solo_secundario,8
2021-2024,TEA_operacional,C910,C910,solo_secundario,8
2021-2024,TEA_operacional,S519,S519,solo_secundario,7
2021-2024,TEA_operacional,J219,J219,solo_secundario,7
2021-2024,TEA_operacional,G473,G473,solo_secundario,7
2021-2024,TEA_operacional,P599,P599,solo_secundario,7
2021-2024,TEA_operacional,R560,R560,solo_secundario,7
2021-2024,TEA_operacional,Z138,Z138,solo_secundario,7
2021-2024,TEA_operacional,F609,F609,solo_secundario,7
2021-2024,TEA_operacional,C910,Z511,solo_secundario,6
2021-2024,TEA_operacional,R458,R458,solo_secundario,6
2021-2024,TEA_operacional,Z038,Z038,solo_secundario,6
2021-2024,TEA_operacional,N433,N433,solo_secundario,6
2021-2024,TEA_operacional,H501,H501,solo_secundario,6
2021-2024,TEA_operacional,Q539,Q539,solo_secundario,6
2021-2024,TEA_operacional,P073,P073,solo_secundario,6
2021-2024,TEA_operacional,T435,T435,solo_secundario,6
2021-2024,TEA_operacional,J123,J123,solo_secundario,6
2021-2024,TEA_operacional,L600,L600,solo_secundario,5
2021-2024,TEA_operacional,F412,F412,solo_secundario,5
2021-2024,TEA_operacional,P704,P704,solo_secundario,5
2021-2024,TEA_operacional,G710,G710,solo_secundario,5
2021-2024,TEA_operacional,G403,G403,solo_secundario,5
2021-2024,TEA_operacional,S5250,S5250,solo_secundario,5
2021-2024,TEA_operacional,H905,H905,solo_secundario,5
2021-2024,TEA_operacional,Q381,Q381,solo_secundario,5
2021-2024,TEA_operacional,N10,N10,solo_secundario,5
2021-2024,TEA_operacional,G404,G404,solo_secundario,5
2021-2024,TEA_operacional,J069,J069,solo_secundario,5
2021-2024,TEA_operacional,R509,R509,solo_secundario,5
2021-2024,TEA_operacional,K352,K352,solo_secundario,5
2021-2024,TEA_operacional,K566,K566,solo_secundario,5
2021-2024,TEA_operacional,F419,F419,solo_secundario,5
2021-2024,TEA_operacional,F919,F919,principal,4
2021-2024,TEA_operacional,N179,N179,solo_secundario,4
2021-2024,TEA_operacional,J189,J189,solo_secundario,4
2021-2024,TEA_operacional,F913,F913,solo_secundario,4
2021-2024,TEA_operacional,A090,A090,solo_secundario,4
2021-2024,TEA_operacional,K029,K029,solo_secundario,4
2021-2024,TEA_operacional,F209,F209,solo_secundario,4
2021-2024,TEA_operacional,T509,T509,solo_secundario,4
2021-2024,TEA_operacional,N44,N44,solo_secundario,4
2021-2024,TEA_operacional,S8280,S8280,solo_secundario,4
2021-2024,TEA_operacional,P221,P221,solo_secundario,4
2021-2024,TEA_operacional,I471,I471,solo_secundario,4
2021-2024,TEA_operacional,J350,J350,solo_secundario,4
2021-2024,TEA_operacional,F321,F321,solo_secundario,4
2021-2024,TEA_operacional,P071,P071,solo_secundario,4
2021-2024,TEA_operacional,K800,K800,solo_secundario,4
2021-2024,TEA_operacional,S8230,S8230,solo_secundario,4
2021-2024,TEA_operacional,J690,J690,solo_secundario,4
2021-2024,TEA_operacional,P598,P598,solo_secundario,4
2021-2024,TEA_operacional,F329,F323,solo_secundario,3
2021-2024,TEA_operacional,F500,F500,solo_secundario,3
2021-2024,TEA_operacional,S5270,S5270,solo_secundario,3
2021-2024,TEA_operacional,H919,H919,solo_secundario,3
2021-2024,TEA_operacional,R590,R590,solo_secundario,3
2021-2024,TEA_operacional,J029,J029,solo_secundario,3
2021-2024,TEA_operacional,F900,F900,solo_secundario,3
2021-2024,TEA_operacional,F329,F329,principal,3
2021-2024,TEA_operacional,E111,E111,solo_secundario,3
2021-2024,TEA_operacional,G401,G409,solo_secundario,3
2021-2024,TEA_operacional,H669,H669,solo_secundario,3
2021-2024,TEA_operacional,G418,G418,solo_secundario,3
2021-2024,TEA_operacional,G048,G048,solo_secundario,3
2021-2024,TEA_operacional,R11,R11,solo_secundario,3
2021-2024,TEA_operacional,R104,R104,solo_secundario,3
2021-2024,TEA_operacional,F319,F319,solo_secundario,3
2021-2024,TEA_operacional,F39,F39,solo_secundario,3
2021-2024,TEA_operacional,F388,F388,solo_secundario,3
2021-2024,TEA_operacional,F200,F200,solo_secundario,3
2021-2024,TEA_operacional,T182,T182,solo_secundario,3
2021-2024,TEA_operacional,S5230,S5230,solo_secundario,3
2021-2024,TEA_operacional,F919,F919,solo_secundario,3
2021-2024,TEA_operacional,T426,T426,solo_secundario,3
2021-2024,TEA_operacional,Q668,Q668,solo_secundario,3
2021-2024,TEA_operacional,Q665,Q665,solo_secundario,3
2021-2024,TEA_operacional,F449,F449,solo_secundario,3
2021-2024,TEA_operacional,S0680,S0680,solo_secundario,3
2021-2024,TEA_operacional,D70,D70,solo_secundario,3
2021-2024,TEA_operacional,K219,K219,solo_secundario,3
2021-2024,TEA_operacional,T850,T850,solo_secundario,3
2021-2024,TEA_operacional,Q213,Q213,solo_secundario,3
2021-2024,TEA_operacional,Z470,Z470,solo_secundario,3
2021-2024,TEA_operacional,J208,J208,solo_secundario,3
2021-2024,TEA_operacional,K805,K805,solo_secundario,3
2021-2024,TEA_operacional,P209,P209,solo_secundario,3
2021-2024,TEA_operacional,K565,K565,solo_secundario,3
2021-2024,TEA_operacional,J459,J459,solo_secundario,3
2021-2024,TEA_operacional,J158,J158,solo_secundario,3
2021-2024,TEA_operacional,J9609,J9609,solo_secundario,3
2021-2024,TEA_operacional,P551,P551,solo_secundario,3
2021-2024,TEA_operacional,K028,K028,solo_secundario,3
2021-2024,TEA_operacional,K562,K562,solo_secundario,3
2021-2024,TEA_operacional,K561,K561,solo_secundario,3
2021-2024,TEA_operacional,J100,J100,solo_secundario,3
2021-2024,TEA_operacional,N500,N500,solo_secundario,3
2021-2024,TEA_operacional,K402,K402,solo_secundario,3
2021-2024,TEA_operacional,A084,A084,solo_secundario,3
2021-2024,TEA_operacional,J122,J122,solo_secundario,3
2021-2024,TEA_operacional,M2157,M2157,solo_secundario,3
2021-2024,TEA_operacional,Q355,Q355,solo_secundario,3
2021-2024,TEA_operacional,J101,J101,solo_secundario,3
2021-2024,TEA_operacional,J120,J120,solo_secundario,3
2021-2024,TEA_operacional,R620,R620,principal,2
2021-2024,TEA_operacional,F69,F69,solo_secundario,2
2021-2024,TEA_operacional,M4115,M4115,solo_secundario,2
2021-2024,TEA_operacional,M9115,M9115,solo_secundario,2
2021-2024,TEA_operacional,M930,M930,solo_secundario,2
2021-2024,TEA_operacional,S010,S010,solo_secundario,2
2021-2024,TEA_operacional,N048,N048,solo_secundario,2
2021-2024,TEA_operacional,M2106,M2106,solo_secundario,2
2021-2024,TEA_operacional,S5240,S5240,solo_secundario,2
2021-2024,TEA_operacional,P220,G409,solo_secundario,2
2021-2024,TEA_operacional,S5290,S5290,solo_secundario,2
2021-2024,TEA_operacional,F83,F83,solo_secundario,2
2021-2024,TEA_operacional,K519,K519,solo_secundario,2
2021-2024,TEA_operacional,K469,K469,solo_secundario,2
2021-2024,TEA_operacional,K429,K429,solo_secundario,2
2021-2024,TEA_operacional,S5280,S5280,solo_secundario,2
2021-2024,TEA_operacional,S0690,S0690,solo_secundario,2
2021-2024,TEA_operacional,P050,P050,solo_secundario,2
2021-2024,TEA_operacional,L059,L059,principal,2
2021-2024,TEA_operacional,N508,N508,solo_secundario,2
2021-2024,TEA_operacional,L720,L720,solo_secundario,2
2021-2024,TEA_operacional,F410,F410,solo_secundario,2
2021-2024,TEA_operacional,S517,S517,solo_secundario,2
2021-2024,TEA_operacional,N871,N871,solo_secundario,2
2021-2024,TEA_operacional,N939,N939,solo_secundario,2
2021-2024,TEA_operacional,L059,L059,solo_secundario,2
2021-2024,TEA_operacional,F918,F918,solo_secundario,2
2021-2024,TEA_operacional,N47,N47,principal,2
2021-2024,TEA_operacional,S411,S411,solo_secundario,2
2021-2024,TEA_operacional,O034,O034,solo_secundario,2
2021-2024,TEA_operacional,O244,O244,solo_secundario,2
2021-2024,TEA_operacional,F432,F432,principal,2
2021-2024,TEA_operacional,F432,F432,solo_secundario,2
2021-2024,TEA_operacional,O471,O471,solo_secundario,2
2021-2024,TEA_operacional,F459,F459,solo_secundario,2
2021-2024,TEA_operacional,L032,L032,solo_secundario,2
2021-2024,TEA_operacional,J050,J050,solo_secundario,2
2021-2024,TEA_operacional,K388,K388,solo_secundario,2
2021-2024,TEA_operacional,H819,H819,solo_secundario,2
2021-2024,TEA_operacional,J209,J123,solo_secundario,2
2021-2024,TEA_operacional,G918,G918,solo_secundario,2
2021-2024,TEA_operacional,Q740,Q740,solo_secundario,2
2021-2024,TEA_operacional,G934,G934,solo_secundario,2
2021-2024,TEA_operacional,H500,H500,solo_secundario,2
2021-2024,TEA_operacional,J208,J206,solo_secundario,2
2021-2024,TEA_operacional,H508,H508,solo_secundario,2
2021-2024,TEA_operacional,Q211,Q211,solo_secundario,2
2021-2024,TEA_operacional,H663,H663,solo_secundario,2
2021-2024,TEA_operacional,Q644,Q644,solo_secundario,2
2021-2024,TEA_operacional,J209,J206,solo_secundario,2
2021-2024,TEA_operacional,H903,H903,solo_secundario,2
2021-2024,TEA_operacional,Q379,Q379,solo_secundario,2
2021-2024,TEA_operacional,J121,J353,solo_secundario,2
2021-2024,TEA_operacional,Q556,Q556,solo_secundario,2
2021-2024,TEA_operacional,J121,J129,solo_secundario,2
2021-2024,TEA_operacional,Q549,Q549,solo_secundario,2
2021-2024,TEA_operacional,F323,F603,solo_secundario,2
2021-2024,TEA_operacional,J111,J111,solo_secundario,2
2021-2024,TEA_operacional,J00,J00,solo_secundario,2
2021-2024,TEA_operacional,Q753,Q753,solo_secundario,2
2021-2024,TEA_operacional,Q203,Q203,solo_secundario,2
2021-2024,TEA_operacional,P220,Z518,solo_secundario,2
2021-2024,TEA_operacional,P923,P923,solo_secundario,2
2021-2024,TEA_operacional,K36,K36,solo_secundario,2
2021-2024,TEA_operacional,F952,F952,solo_secundario,2
2021-2024,TEA_operacional,R55,R55,solo_secundario,2
2021-2024,TEA_operacional,P239,P239,solo_secundario,2
2021-2024,TEA_operacional,P284,P284,solo_secundario,2
2021-2024,TEA_operacional,G258,G258,solo_secundario,2
2021-2024,TEA_operacional,P398,P398,solo_secundario,2
2021-2024,TEA_operacional,G402,G402,solo_secundario,2
2021-2024,TEA_operacional,R13,R13,solo_secundario,2
2021-2024,TEA_operacional,J353,N47,solo_secundario,2
2021-2024,TEA_operacional,Q201,Q201,solo_secundario,2
2021-2024,TEA_operacional,Q909,Q909,solo_secundario,2
2021-2024,TEA_operacional,G409,G409,principal,2
2021-2024,TEA_operacional,Q039,Q039,solo_secundario,2
2021-2024,TEA_operacional,G409,J128,solo_secundario,2
2021-2024,TEA_operacional,G409,J208,solo_secundario,2
2021-2024,TEA_operacional,G410,G410,solo_secundario,2
2021-2024,TEA_operacional,Q790,Q790,solo_secundario,2
2021-2024,TEA_operacional,J342,J342,solo_secundario,2
2021-2024,TEA_operacional,G419,G409,solo_secundario,2
2021-2024,TEA_operacional,A020,A020,solo_secundario,2
2021-2024,TEA_operacional,N110,N110,solo_secundario,2
2021-2024,TEA_operacional,T433,T433,solo_secundario,2
2021-2024,TEA_operacional,F208,F208,solo_secundario,2
2021-2024,TEA_operacional,A099,N47,solo_secundario,2
2021-2024,TEA_operacional,D27,D27,solo_secundario,2
2021-2024,TEA_operacional,F239,F239,solo_secundario,2
2021-2024,TEA_operacional,T120,T120,solo_secundario,2
2021-2024,TEA_operacional,A499,A499,solo_secundario,2
2021-2024,TEA_operacional,Z291,Z291,solo_secundario,2
2021-2024,TEA_operacional,F232,F232,solo_secundario,2
2021-2024,TEA_operacional,D162,D162,solo_secundario,2
2021-2024,TEA_operacional,F231,F231,solo_secundario,2
2021-2024,TEA_operacional,E109,E109,solo_secundario,2
2021-2024,TEA_operacional,T141,T141,solo_secundario,2
2021-2024,TEA_operacional,T432,T432,principal,2
2021-2024,TEA_operacional,F209,F200,solo_secundario,2
2021-2024,TEA_operacional,B002,B002,solo_secundario,2
2021-2024,TEA_operacional,D069,D069,solo_secundario,2
2021-2024,TEA_operacional,F29,F29,principal,2
2021-2024,TEA_operacional,T427,T427,solo_secundario,2
2021-2024,TEA_operacional,E43,E43,solo_secundario,2
2021-2024,TEA_operacional,Z048,Z048,solo_secundario,2
2021-2024,TEA_operacional,T212,T212,solo_secundario,2
2021-2024,TEA_operacional,T232,T232,solo_secundario,2
2021-2024,TEA_operacional,E46,E46,solo_secundario,2
2021-2024,TEA_operacional,F191,F191,solo_secundario,2
2021-2024,TEA_operacional,Z033,Z033,solo_secundario,2
2021-2024,TEA_operacional,C629,C629,solo_secundario,2
2021-2024,TEA_operacional,F09,F09,principal,2
2021-2024,TEA_operacional,T390,T390,solo_secundario,2
2021-2024,TEA_operacional,T424,T435,solo_secundario,2
2021-2024,TEA_operacional,U071,J690,solo_secundario,2
2021-2024,TEA_operacional,C910,D70,solo_secundario,2
2021-2024,TEA_operacional,F28,F28,solo_secundario,2
2021-2024,TEA_operacional,E872,E872,solo_secundario,2
2021-2024,TEA_operacional,D444,D444,solo_secundario,2
2021-2024,TEA_operacional,S7220,S7220,solo_secundario,2
2021-2024,TEA_operacional,S6260,S6260,solo_secundario,2
2021-2024,TEA_operacional,S8220,S8220,solo_secundario,2
2021-2024,TEA_operacional,T71,T71,solo_secundario,2
2021-2024,TEA_operacional,D593,D593,solo_secundario,2
2021-2024,TEA_operacional,D480,D480,solo_secundario,2
2021-2024,TEA_operacional,S7240,S7240,solo_secundario,2
2021-2024,TEA_operacional,F322,F323,solo_secundario,2
2021-2024,TEA_operacional,T952,T952,solo_secundario,1
2021-2024,TEA_operacional,P590,J210,solo_secundario,1
2021-2024,TEA_operacional,P598,J981,solo_secundario,1
2021-2024,TEA_operacional,P590,K219,solo_secundario,1
2021-2024,TEA_operacional,P590,P590,solo_secundario,1
2021-2024,TEA_operacional,P590,J209,solo_secundario,1
2021-2024,TEA_operacional,P590,R17,solo_secundario,1
2021-2024,TEA_operacional,Q248,J210,solo_secundario,1
2021-2024,TEA_operacional,T886,T782,solo_secundario,1
2021-2024,TEA_operacional,P590,G401,solo_secundario,1
2021-2024,TEA_operacional,P598,J210,solo_secundario,1
2021-2024,TEA_operacional,T814,J129,solo_secundario,1
2021-2024,TEA_operacional,Q234,Q230,solo_secundario,1
2021-2024,TEA_operacional,T742,F322,solo_secundario,1
2021-2024,TEA_operacional,T958,K222,solo_secundario,1
2021-2024,TEA_operacional,T881,U071,solo_secundario,1
2021-2024,TEA_operacional,P599,A379,solo_secundario,1
2021-2024,TEA_operacional,P599,C717,solo_secundario,1
2021-2024,TEA_operacional,Q230,Q230,solo_secundario,1
2021-2024,TEA_operacional,Q224,J00,solo_secundario,1
2021-2024,TEA_operacional,Q220,Q220,solo_secundario,1
2021-2024,TEA_operacional,P599,E806,solo_secundario,1
2021-2024,TEA_operacional,P599,G934,solo_secundario,1
2021-2024,TEA_operacional,P599,J122,solo_secundario,1
2021-2024,TEA_operacional,P599,J205,solo_secundario,1
2021-2024,TEA_operacional,T751,T751,solo_secundario,1
2021-2024,TEA_operacional,P599,J210,solo_secundario,1
2021-2024,TEA_operacional,P551,S018,solo_secundario,1
2021-2024,TEA_operacional,P551,B082,solo_secundario,1
2021-2024,TEA_operacional,P551,J128,solo_secundario,1
2021-2024,TEA_operacional,P391,J46,solo_secundario,1
2021-2024,TEA_operacional,U071,J128,solo_secundario,1
2021-2024,TEA_operacional,P271,P271,solo_secundario,1
2021-2024,TEA_operacional,P284,G473,solo_secundario,1
2021-2024,TEA_operacional,Q255,Q255,solo_secundario,1
2021-2024,TEA_operacional,P284,P284,principal,1
2021-2024,TEA_operacional,U071,J100,solo_secundario,1
2021-2024,TEA_operacional,P293,Q250,solo_secundario,1
2021-2024,TEA_operacional,P360,Q556,solo_secundario,1
2021-2024,TEA_operacional,P364,K409,solo_secundario,1
2021-2024,TEA_operacional,P368,P368,solo_secundario,1
2021-2024,TEA_operacional,P369,B349,solo_secundario,1
2021-2024,TEA_operacional,P369,P369,solo_secundario,1
2021-2024,TEA_operacional,P369,Z548,solo_secundario,1
2021-2024,TEA_operacional,P38,N10,solo_secundario,1
2021-2024,TEA_operacional,Q255,F809,solo_secundario,1
2021-2024,TEA_operacional,P599,K409,solo_secundario,1
2021-2024,TEA_operacional,Q251,S099,solo_secundario,1
2021-2024,TEA_operacional,Q251,Q251,solo_secundario,1
2021-2024,TEA_operacional,P391,Q650,solo_secundario,1
2021-2024,TEA_operacional,P393,N10,solo_secundario,1
2021-2024,TEA_operacional,P393,T407,solo_secundario,1
2021-2024,TEA_operacional,P398,J46,solo_secundario,1
2021-2024,TEA_operacional,U071,F329,solo_secundario,1
2021-2024,TEA_operacional,Q250,J206,solo_secundario,1
2021-2024,TEA_operacional,P399,E162,solo_secundario,1
2021-2024,TEA_operacional,U071,F208,solo_secundario,1
2021-2024,TEA_operacional,T958,T958,solo_secundario,1
2021-2024,TEA_operacional,P399,P399,solo_secundario,1
2021-2024,TEA_operacional,P520,P520,solo_secundario,1
2021-2024,TEA_operacional,Q250,J128,solo_secundario,1
2021-2024,TEA_operacional,P599,J352,solo_secundario,1
2021-2024,TEA_operacional,T856,T850,solo_secundario,1
2021-2024,TEA_operacional,T857,J101,solo_secundario,1
2021-2024,TEA_operacional,Q120,H260,solo_secundario,1
2021-2024,TEA_operacional,Q039,J042,solo_secundario,1
2021-2024,TEA_operacional,Q210,J352,solo_secundario,1
2021-2024,TEA_operacional,T841,T841,solo_secundario,1
2021-2024,TEA_operacional,Q039,T857,solo_secundario,1
2021-2024,TEA_operacional,T840,T840,solo_secundario,1
2021-2024,TEA_operacional,Q039,U071,solo_secundario,1
2021-2024,TEA_operacional,Q040,Q040,solo_secundario,1
2021-2024,TEA_operacional,Q210,H919,solo_secundario,1
2021-2024,TEA_operacional,Q040,Z098,solo_secundario,1
2021-2024,TEA_operacional,T827,I422,solo_secundario,1
2021-2024,TEA_operacional,T814,G409,solo_secundario,1
2021-2024,TEA_operacional,Q057,Q057,solo_secundario,1
2021-2024,TEA_operacional,Q059,Z038,solo_secundario,1
2021-2024,TEA_operacional,Q069,D321,solo_secundario,1
2021-2024,TEA_operacional,Q120,J9609,solo_secundario,1
2021-2024,TEA_operacional,T815,T815,solo_secundario,1
2021-2024,TEA_operacional,Q120,Q120,solo_secundario,1
2021-2024,TEA_operacional,Q123,H405,solo_secundario,1
2021-2024,TEA_operacional,Q150,Q150,solo_secundario,1
2021-2024,TEA_operacional,T825,T828,solo_secundario,1
2021-2024,TEA_operacional,Q210,G409,solo_secundario,1
2021-2024,TEA_operacional,Q172,Q172,solo_secundario,1
2021-2024,TEA_operacional,Q181,Q181,solo_secundario,1
2021-2024,TEA_operacional,Q181,Q638,solo_secundario,1
2021-2024,TEA_operacional,T825,T825,solo_secundario,1
2021-2024,TEA_operacional,Q181,T512,solo_secundario,1
2021-2024,TEA_operacional,Q200,J159,solo_secundario,1
2021-2024,TEA_operacional,T821,T821,solo_secundario,1
2021-2024,TEA_operacional,T818,Q627,solo_secundario,1
2021-2024,TEA_operacional,Q204,R590,solo_secundario,1
2021-2024,TEA_operacional,T848,T848,solo_secundario,1
2021-2024,TEA_operacional,Q038,S015,solo_secundario,1
2021-2024,TEA_operacional,Q038,Q531,solo_secundario,1
2021-2024,TEA_operacional,Q02,Q02,solo_secundario,1
2021-2024,TEA_operacional,P599,R509,solo_secundario,1
2021-2024,TEA_operacional,P700,G008,solo_secundario,1
2021-2024,TEA_operacional,P701,P701,solo_secundario,1
2021-2024,TEA_operacional,T780,T780,solo_secundario,1
2021-2024,TEA_operacional,Q213,Q100,solo_secundario,1
2021-2024,TEA_operacional,P704,A090,solo_secundario,1
2021-2024,TEA_operacional,T850,Z540,solo_secundario,1
2021-2024,TEA_operacional,P704,J121,solo_secundario,1
2021-2024,TEA_operacional,P704,J206,solo_secundario,1
2021-2024,TEA_operacional,Q212,Q251,solo_secundario,1
2021-2024,TEA_operacional,T810,T810,solo_secundario,1
2021-2024,TEA_operacional,Q210,Q210,solo_secundario,1
2021-2024,TEA_operacional,P711,L040,solo_secundario,1
2021-2024,TEA_operacional,P711,P711,solo_secundario,1
2021-2024,TEA_operacional,P728,P728,solo_secundario,1
2021-2024,TEA_operacional,P271,K409,solo_secundario,1
2021-2024,TEA_operacional,P77,P77,solo_secundario,1
2021-2024,TEA_operacional,P77,Z432,solo_secundario,1
2021-2024,TEA_operacional,P781,J121,solo_secundario,1
2021-2024,TEA_operacional,P90,J219,solo_secundario,1
2021-2024,TEA_operacional,P919,G253,solo_secundario,1
2021-2024,TEA_operacional,T850,J46,solo_secundario,1
2021-2024,TEA_operacional,T850,G911,solo_secundario,1
2021-2024,TEA_operacional,P928,E86,solo_secundario,1
2021-2024,TEA_operacional,P942,G823,solo_secundario,1
2021-2024,TEA_operacional,P942,P942,solo_secundario,1
2021-2024,TEA_operacional,P942,R568,solo_secundario,1
2021-2024,TEA_operacional,T813,L929,solo_secundario,1
2021-2024,TEA_operacional,T850,G409,solo_secundario,1
2021-2024,TEA_operacional,S610,K729,solo_secundario,1
2021-2024,TEA_operacional,P221,J129,solo_secundario,1
2021-2024,TEA_operacional,P271,J205,solo_secundario,1
2021-2024,TEA_operacional,N62,N62,solo_secundario,1
2021-2024,TEA_operacional,Z450,Z450,solo_secundario,1
2021-2024,TEA_operacional,Z452,Z452,solo_secundario,1
2021-2024,TEA_operacional,Z458,Q675,solo_secundario,1
2021-2024,TEA_operacional,N835,T391,solo_secundario,1
2021-2024,TEA_operacional,N835,N835,solo_secundario,1
2021-2024,TEA_operacional,N835,F191,solo_secundario,1
2021-2024,TEA_operacional,Z478,F431,solo_secundario,1
2021-2024,TEA_operacional,N948,N948,solo_secundario,1
2021-2024,TEA_operacional,Z488,Z488,solo_secundario,1
2021-2024,TEA_operacional,Z511,A090,solo_secundario,1
2021-2024,TEA_operacional,Z511,Z511,solo_secundario,1
2021-2024,TEA_operacional,Z514,Z137,solo_secundario,1
2021-2024,TEA_operacional,N47,J353,solo_secundario,1
2021-2024,TEA_operacional,N47,J219,solo_secundario,1
2021-2024,TEA_operacional,N940,T432,solo_secundario,1
2021-2024,TEA_operacional,N995,N995,solo_secundario,1
2021-2024,TEA_operacional,Z518,I802,solo_secundario,1
2021-2024,TEA_operacional,O068,O068,solo_secundario,1
2021-2024,TEA_operacional,O688,O688,solo_secundario,1
2021-2024,TEA_operacional,O610,O610,solo_secundario,1
2021-2024,TEA_operacional,O600,O600,solo_secundario,1
2021-2024,TEA_operacional,O266,F29,solo_secundario,1
2021-2024,TEA_operacional,O244,O800,solo_secundario,1
2021-2024,TEA_operacional,O240,O600,solo_secundario,1
2021-2024,TEA_operacional,O036,O036,solo_secundario,1
2021-2024,TEA_operacional,Z432,A418,solo_secundario,1
2021-2024,TEA_operacional,Z302,F329,solo_secundario,1
2021-2024,TEA_operacional,O034,O021,solo_secundario,1
2021-2024,TEA_operacional,Z302,T421,solo_secundario,1
2021-2024,TEA_operacional,O028,O028,solo_secundario,1
2021-2024,TEA_operacional,O021,O021,solo_secundario,1
2021-2024,TEA_operacional,Z432,A080,solo_secundario,1
2021-2024,TEA_operacional,N47,H501,solo_secundario,1
2021-2024,TEA_operacional,Z518,J129,solo_secundario,1
2021-2024,TEA_operacional,P271,B011,solo_secundario,1
2021-2024,TEA_operacional,Z653,Z653,principal,1
2021-2024,TEA_operacional,N185,U071,solo_secundario,1
2021-2024,TEA_operacional,N185,N185,solo_secundario,1
2021-2024,TEA_operacional,N185,A099,solo_secundario,1
2021-2024,TEA_operacional,Z548,Z548,solo_secundario,1
2021-2024,TEA_operacional,Z653,F199,solo_secundario,1
2021-2024,TEA_operacional,N179,M8445,solo_secundario,1
2021-2024,TEA_operacional,N179,K631,solo_secundario,1
2021-2024,TEA_operacional,N200,N201,solo_secundario,1
2021-2024,TEA_operacional,Z762,J111,solo_secundario,1
2021-2024,TEA_operacional,N178,N178,solo_secundario,1
2021-2024,TEA_operacional,N136,N390,solo_secundario,1
2021-2024,TEA_operacional,N135,N133,solo_secundario,1
2021-2024,TEA_operacional,Z762,Z762,solo_secundario,1
2021-2024,TEA_operacional,N132,N132,solo_secundario,1
2021-2024,TEA_operacional,N189,D509,solo_secundario,1
2021-2024,TEA_operacional,N210,N210,solo_secundario,1
2021-2024,TEA_operacional,Z518,Q046,solo_secundario,1
2021-2024,TEA_operacional,N390,N47,solo_secundario,1
2021-2024,TEA_operacional,N433,N433,principal,1
2021-2024,TEA_operacional,N433,C910,solo_secundario,1
2021-2024,TEA_operacional,Z540,T858,solo_secundario,1
2021-2024,TEA_operacional,N432,N432,solo_secundario,1
2021-2024,TEA_operacional,N390,Z033,solo_secundario,1
2021-2024,TEA_operacional,N390,R508,solo_secundario,1
2021-2024,TEA_operacional,Z540,Z540,solo_secundario,1
2021-2024,TEA_operacional,N319,N319,solo_secundario,1
2021-2024,TEA_operacional,N390,N390,principal,1
2021-2024,TEA_operacional,N390,J069,solo_secundario,1
2021-2024,TEA_operacional,N390,E870,solo_secundario,1
2021-2024,TEA_operacional,N390,D570,solo_secundario,1
2021-2024,TEA_operacional,N390,A080,solo_secundario,1
2021-2024,TEA_operacional,N319,Z518,solo_secundario,1
2021-2024,TEA_operacional,O800,O800,solo_secundario,1
2021-2024,TEA_operacional,O992,O266,solo_secundario,1
2021-2024,TEA_operacional,O993,F329,solo_secundario,1
2021-2024,TEA_operacional,P220,J210,solo_secundario,1
2021-2024,TEA_operacional,P220,P912,solo_secundario,1
2021-2024,TEA_operacional,Z033,Z038,solo_secundario,1
2021-2024,TEA_operacional,Z035,Z035,solo_secundario,1
2021-2024,TEA_operacional,Z038,A099,solo_secundario,1
2021-2024,TEA_operacional,P220,J981,solo_secundario,1
2021-2024,TEA_operacional,P220,J9609,solo_secundario,1
2021-2024,TEA_operacional,P220,J209,solo_secundario,1
2021-2024,TEA_operacional,P220,R568,solo_secundario,1
2021-2024,TEA_operacional,Z038,G408,solo_secundario,1
2021-2024,TEA_operacional,P220,J121,solo_secundario,1
2021-2024,TEA_operacional,P220,J120,solo_secundario,1
2021-2024,TEA_operacional,P220,J040,solo_secundario,1
2021-2024,TEA_operacional,P220,J00,solo_secundario,1
2021-2024,TEA_operacional,P220,G473,solo_secundario,1
2021-2024,TEA_operacional,P220,Q532,solo_secundario,1
2021-2024,TEA_operacional,P220,R620,solo_secundario,1
2021-2024,TEA_operacional,O993,O820,solo_secundario,1
2021-2024,TEA_operacional,P228,P228,solo_secundario,1
2021-2024,TEA_operacional,P251,J209,solo_secundario,1
2021-2024,TEA_operacional,P239,J209,solo_secundario,1
2021-2024,TEA_operacional,P239,J128,solo_secundario,1
2021-2024,TEA_operacional,P229,A085,solo_secundario,1
2021-2024,TEA_operacional,U071,J189,solo_secundario,1
2021-2024,TEA_operacional,U071,J210,solo_secundario,1
2021-2024,TEA_operacional,P228,J123,solo_secundario,1
2021-2024,TEA_operacional,P220,T850,solo_secundario,1
2021-2024,TEA_operacional,U071,O680,solo_secundario,1
2021-2024,TEA_operacional,Q256,R560,solo_secundario,1
2021-2024,TEA_operacional,U071,U071,principal,1
2021-2024,TEA_operacional,P221,G473,solo_secundario,1
2021-2024,TEA_operacional,Z018,Z518,solo_secundario,1
2021-2024,TEA_operacional,Z033,G409,solo_secundario,1
2021-2024,TEA_operacional,Z038,J208,solo_secundario,1
2021-2024,TEA_operacional,Z038,K913,solo_secundario,1
2021-2024,TEA_operacional,Z038,T881,solo_secundario,1
2021-2024,TEA_operacional,P051,G404,solo_secundario,1
2021-2024,TEA_operacional,Z138,A084,solo_secundario,1
2021-2024,TEA_operacional,P070,J205,solo_secundario,1
2021-2024,TEA_operacional,P051,N390,solo_secundario,1
2021-2024,TEA_operacional,P051,K219,solo_secundario,1
2021-2024,TEA_operacional,Z138,K092,solo_secundario,1
2021-2024,TEA_operacional,P051,J129,solo_secundario,1
2021-2024,TEA_operacional,P051,E45,solo_secundario,1
2021-2024,TEA_operacional,P220,E46,solo_secundario,1
2021-2024,TEA_operacional,Z201,Z201,solo_secundario,1
2021-2024,TEA_operacional,Z291,G409,solo_secundario,1
2021-2024,TEA_operacional,P008,J129,solo_secundario,1
2021-2024,TEA_operacional,Z291,G700,solo_secundario,1
2021-2024,TEA_operacional,P008,J122,solo_secundario,1
2021-2024,TEA_operacional,O996,O300,solo_secundario,1
2021-2024,TEA_operacional,P071,P073,solo_secundario,1
2021-2024,TEA_operacional,P071,R560,solo_secundario,1
2021-2024,TEA_operacional,P073,J690,solo_secundario,1
2021-2024,TEA_operacional,P073,J9609,solo_secundario,1
2021-2024,TEA_operacional,P073,P071,solo_secundario,1
2021-2024,TEA_operacional,P073,Q542,solo_secundario,1
2021-2024,TEA_operacional,P073,R068,solo_secundario,1
2021-2024,TEA_operacional,P130,J209,solo_secundario,1
2021-2024,TEA_operacional,Z137,Z137,solo_secundario,1
2021-2024,TEA_operacional,P209,P598,solo_secundario,1
2021-2024,TEA_operacional,Z098,J209,solo_secundario,1
2021-2024,TEA_operacional,P210,J206,solo_secundario,1
2021-2024,TEA_operacional,P210,J209,solo_secundario,1
2021-2024,TEA_operacional,Z090,Z090,solo_secundario,1
2021-2024,TEA_operacional,P219,J210,solo_secundario,1
2021-2024,TEA_operacional,P220,A082,solo_secundario,1
2021-2024,TEA_operacional,P220,A099,solo_secundario,1
2021-2024,TEA_operacional,T71,Q899,solo_secundario,1
2021-2024,TEA_operacional,T633,T633,solo_secundario,1
2021-2024,TEA_operacional,Q270,Q270,solo_secundario,1
2021-2024,TEA_operacional,T185,T391,solo_secundario,1
2021-2024,TEA_operacional,R568,N47,solo_secundario,1
2021-2024,TEA_operacional,R568,J128,solo_secundario,1
2021-2024,TEA_operacional,R568,J00,solo_secundario,1
2021-2024,TEA_operacional,R568,H500,solo_secundario,1
2021-2024,TEA_operacional,R568,G409,solo_secundario,1
2021-2024,TEA_operacional,R568,G401,solo_secundario,1
2021-2024,TEA_operacional,R560,R560,principal,1
2021-2024,TEA_operacional,R568,Q531,solo_secundario,1
2021-2024,TEA_operacional,R560,J204,solo_secundario,1
2021-2024,TEA_operacional,R560,J158,solo_secundario,1
2021-2024,TEA_operacional,T202,J121,solo_secundario,1
2021-2024,TEA_operacional,T202,L928,solo_secundario,1
2021-2024,TEA_operacional,T211,T211,solo_secundario,1
2021-2024,TEA_operacional,R560,J00,solo_secundario,1
2021-2024,TEA_operacional,T173,T173,solo_secundario,1
2021-2024,TEA_operacional,R568,R568,principal,1
2021-2024,TEA_operacional,R560,B340,solo_secundario,1
2021-2024,TEA_operacional,S018,S018,solo_secundario,1
2021-2024,TEA_operacional,S0231,Z470,solo_secundario,1
2021-2024,TEA_operacional,S0221,S0221,solo_secundario,1
2021-2024,TEA_operacional,S0220,S0220,solo_secundario,1
2021-2024,TEA_operacional,S0210,S0210,solo_secundario,1
2021-2024,TEA_operacional,S0210,J450,solo_secundario,1
2021-2024,TEA_operacional,S0210,G408,solo_secundario,1
2021-2024,TEA_operacional,S017,S017,solo_secundario,1
2021-2024,TEA_operacional,T143,T143,solo_secundario,1
2021-2024,TEA_operacional,S009,Z048,solo_secundario,1
2021-2024,TEA_operacional,S008,J121,solo_secundario,1
2021-2024,TEA_operacional,R631,N47,solo_secundario,1
2021-2024,TEA_operacional,R628,R628,solo_secundario,1
2021-2024,TEA_operacional,T141,F608,solo_secundario,1
2021-2024,TEA_operacional,R590,L048,solo_secundario,1
2021-2024,TEA_operacional,R560,G409,solo_secundario,1
2021-2024,TEA_operacional,T220,T748,solo_secundario,1
2021-2024,TEA_operacional,S0270,S0270,solo_secundario,1
2021-2024,TEA_operacional,R161,R161,solo_secundario,1
2021-2024,TEA_operacional,R451,F431,solo_secundario,1
2021-2024,TEA_operacional,R42,R42,solo_secundario,1
2021-2024,TEA_operacional,R270,K529,solo_secundario,1
2021-2024,TEA_operacional,R268,R268,solo_secundario,1
2021-2024,TEA_operacional,T383,T383,solo_secundario,1
2021-2024,TEA_operacional,R17,G919,solo_secundario,1
2021-2024,TEA_operacional,R13,J123,solo_secundario,1
2021-2024,TEA_operacional,R451,R451,principal,1
2021-2024,TEA_operacional,R11,T850,solo_secundario,1
2021-2024,TEA_operacional,T391,T432,solo_secundario,1
2021-2024,TEA_operacional,R11,L511,solo_secundario,1
2021-2024,TEA_operacional,R11,F431,solo_secundario,1
2021-2024,TEA_operacional,T393,F438,solo_secundario,1
2021-2024,TEA_operacional,R100,R100,solo_secundario,1
2021-2024,TEA_operacional,T368,T368,solo_secundario,1
2021-2024,TEA_operacional,R451,R451,solo_secundario,1
2021-2024,TEA_operacional,R51,R51,solo_secundario,1
2021-2024,TEA_operacional,R463,R463,principal,1
2021-2024,TEA_operacional,R509,K918,solo_secundario,1
2021-2024,TEA_operacional,R509,K598,solo_secundario,1
2021-2024,TEA_operacional,T233,T233,solo_secundario,1
2021-2024,TEA_operacional,R509,J121,solo_secundario,1
2021-2024,TEA_operacional,R509,D761,solo_secundario,1
2021-2024,TEA_operacional,R508,R508,solo_secundario,1
2021-2024,TEA_operacional,T242,T242,solo_secundario,1
2021-2024,TEA_operacional,R451,Z046,solo_secundario,1
2021-2024,TEA_operacional,R458,R451,solo_secundario,1
2021-2024,TEA_operacional,R458,F609,solo_secundario,1
2021-2024,TEA_operacional,T292,T242,solo_secundario,1
2021-2024,TEA_operacional,R458,F603,solo_secundario,1
2021-2024,TEA_operacional,R458,F322,solo_secundario,1
2021-2024,TEA_operacional,T360,T360,solo_secundario,1
2021-2024,TEA_operacional,S0250,K047,solo_secundario,1
2021-2024,TEA_operacional,T140,T140,solo_secundario,1
2021-2024,TEA_operacional,Q273,Q273,solo_secundario,1
2021-2024,TEA_operacional,S8210,S8210,solo_secundario,1
2021-2024,TEA_operacional,S519,S501,solo_secundario,1
2021-2024,TEA_operacional,S519,F603,solo_secundario,1
2021-2024,TEA_operacional,S519,F329,solo_secundario,1
2021-2024,TEA_operacional,S519,F322,solo_secundario,1
2021-2024,TEA_operacional,S518,F501,solo_secundario,1
2021-2024,TEA_operacional,S7290,S7290,solo_secundario,1
2021-2024,TEA_operacional,S517,S517,principal,1
2021-2024,TEA_operacional,S5200,S5200,solo_secundario,1
2021-2024,TEA_operacional,S8230,S8220,solo_secundario,1
2021-2024,TEA_operacional,S517,F412,solo_secundario,1
2021-2024,TEA_operacional,S8240,S8240,solo_secundario,1
2021-2024,TEA_operacional,S4240,K029,solo_secundario,1
2021-2024,TEA_operacional,S4240,A86,solo_secundario,1
2021-2024,TEA_operacional,S4230,S4230,principal,1
2021-2024,TEA_operacional,S519,T391,principal,1
2021-2024,TEA_operacional,S5231,S5231,solo_secundario,1
2021-2024,TEA_operacional,S4220,S4220,solo_secundario,1
2021-2024,TEA_operacional,S619,S619,solo_secundario,1
2021-2024,TEA_operacional,S561,S561,solo_secundario,1
2021-2024,TEA_operacional,S530,S530,solo_secundario,1
2021-2024,TEA_operacional,S618,F609,solo_secundario,1
2021-2024,TEA_operacional,S5280,Z470,solo_secundario,1
2021-2024,TEA_operacional,S618,S618,solo_secundario,1
2021-2024,TEA_operacional,S5270,Z470,solo_secundario,1
2021-2024,TEA_operacional,S5260,T842,solo_secundario,1
2021-2024,TEA_operacional,S681,S681,solo_secundario,1
2021-2024,TEA_operacional,S6251,S6251,solo_secundario,1
2021-2024,TEA_operacional,S6261,S6261,solo_secundario,1
2021-2024,TEA_operacional,S5250,S5280,solo_secundario,1
2021-2024,TEA_operacional,S678,S678,solo_secundario,1
2021-2024,TEA_operacional,S5250,S5250,principal,1
2021-2024,TEA_operacional,S5250,S5241,solo_secundario,1
2021-2024,TEA_operacional,S4230,M8664,solo_secundario,1
2021-2024,TEA_operacional,S4200,S4200,solo_secundario,1
2021-2024,TEA_operacional,S0290,S0290,solo_secundario,1
2021-2024,TEA_operacional,S0640,S0640,solo_secundario,1
2021-2024,TEA_operacional,S9250,S9250,solo_secundario,1
2021-2024,TEA_operacional,S0690,G403,solo_secundario,1
2021-2024,TEA_operacional,S0660,S0660,solo_secundario,1
2021-2024,TEA_operacional,S0650,Z518,solo_secundario,1
2021-2024,TEA_operacional,S0650,S0650,solo_secundario,1
2021-2024,TEA_operacional,S0641,S0641,solo_secundario,1
2021-2024,TEA_operacional,S0620,S0620,solo_secundario,1
2021-2024,TEA_operacional,S109,F323,solo_secundario,1
2021-2024,TEA_operacional,S0600,S5200,solo_secundario,1
2021-2024,TEA_operacional,S0600,S0600,solo_secundario,1
2021-2024,TEA_operacional,S058,H270,solo_secundario,1
2021-2024,TEA_operacional,S053,S053,solo_secundario,1
2021-2024,TEA_operacional,S051,S051,solo_secundario,1
2021-2024,TEA_operacional,S033,S033,solo_secundario,1
2021-2024,TEA_operacional,S098,S098,solo_secundario,1
2021-2024,TEA_operacional,S152,C910,solo_secundario,1
2021-2024,TEA_operacional,S8280,Q401,solo_secundario,1
2021-2024,TEA_operacional,S3240,S3240,solo_secundario,1
2021-2024,TEA_operacional,S411,T432,solo_secundario,1
2021-2024,TEA_operacional,S8280,Z518,solo_secundario,1
2021-2024,TEA_operacional,S410,S410,solo_secundario,1
2021-2024,TEA_operacional,S3700,S3700,solo_secundario,1
2021-2024,TEA_operacional,S910,S910,principal,1
2021-2024,TEA_operacional,S911,S911,solo_secundario,1
2021-2024,TEA_operacional,S3200,S3200,principal,1
2021-2024,TEA_operacional,S199,S199,solo_secundario,1
2021-2024,TEA_operacional,S913,S913,solo_secundario,1
2021-2024,TEA_operacional,S9230,T844,solo_secundario,1
2021-2024,TEA_operacional,S315,S315,solo_secundario,1
2021-2024,TEA_operacional,S311,S311,solo_secundario,1
2021-2024,TEA_operacional,S301,N47,solo_secundario,1
2021-2024,TEA_operacional,S2200,T424,solo_secundario,1
2021-2024,TEA_operacional,R068,R568,solo_secundario,1
2021-2024,TEA_operacional,R068,G409,solo_secundario,1
2021-2024,TEA_operacional,T393,F500,solo_secundario,1
2021-2024,TEA_operacional,Q447,Q447,solo_secundario,1
2021-2024,TEA_operacional,Q531,J128,solo_secundario,1
2021-2024,TEA_operacional,Q531,J121,solo_secundario,1
2021-2024,TEA_operacional,Q531,G408,solo_secundario,1
2021-2024,TEA_operacional,T439,T439,solo_secundario,1
2021-2024,TEA_operacional,Q531,D444,solo_secundario,1
2021-2024,TEA_operacional,Q529,J128,solo_secundario,1
2021-2024,TEA_operacional,T450,T450,solo_secundario,1
2021-2024,TEA_operacional,Q532,J351,solo_secundario,1
2021-2024,TEA_operacional,Q442,Q442,solo_secundario,1
2021-2024,TEA_operacional,Q438,T828,solo_secundario,1
2021-2024,TEA_operacional,Q438,Q438,solo_secundario,1
2021-2024,TEA_operacional,T454,T454,solo_secundario,1
2021-2024,TEA_operacional,Q431,Q539,solo_secundario,1
2021-2024,TEA_operacional,T462,F321,solo_secundario,1
2021-2024,TEA_operacional,T439,T439,principal,1
2021-2024,TEA_operacional,Q532,Q200,solo_secundario,1
2021-2024,TEA_operacional,Q400,J121,solo_secundario,1
2021-2024,TEA_operacional,Q539,Q532,solo_secundario,1
2021-2024,TEA_operacional,Q543,Q543,solo_secundario,1
2021-2024,TEA_operacional,Q542,T830,solo_secundario,1
2021-2024,TEA_operacional,Q542,Q542,solo_secundario,1
2021-2024,TEA_operacional,Q541,H500,solo_secundario,1
2021-2024,TEA_operacional,Q539,Q740,solo_secundario,1
2021-2024,TEA_operacional,T435,F603,solo_secundario,1
2021-2024,TEA_operacional,Q539,Q531,solo_secundario,1
2021-2024,TEA_operacional,T438,K358,solo_secundario,1
2021-2024,TEA_operacional,Q539,N47,solo_secundario,1
2021-2024,TEA_operacional,Q539,L892,solo_secundario,1
2021-2024,TEA_operacional,Q539,J123,solo_secundario,1
2021-2024,TEA_operacional,T435,T509,solo_secundario,1
2021-2024,TEA_operacional,Q539,J039,solo_secundario,1
2021-2024,TEA_operacional,T436,T436,solo_secundario,1
2021-2024,TEA_operacional,Q420,N359,solo_secundario,1
2021-2024,TEA_operacional,T469,F122,solo_secundario,1
2021-2024,TEA_operacional,Q935,N390,solo_secundario,1
2021-2024,TEA_operacional,Q318,J100,solo_secundario,1
2021-2024,TEA_operacional,Q359,Q359,solo_secundario,1
2021-2024,TEA_operacional,Q359,J440,solo_secundario,1
2021-2024,TEA_operacional,S562,S562,solo_secundario,1
2021-2024,TEA_operacional,Q355,D70,solo_secundario,1
2021-2024,TEA_operacional,Q338,J128,solo_secundario,1
2021-2024,TEA_operacional,Q320,Q311,solo_secundario,1
2021-2024,TEA_operacional,Q315,Q870,solo_secundario,1
2021-2024,TEA_operacional,T543,T543,solo_secundario,1
2021-2024,TEA_operacional,T71,F322,principal,1
2021-2024,TEA_operacional,Q315,Q315,solo_secundario,1
2021-2024,TEA_operacional,Q315,K449,solo_secundario,1
2021-2024,TEA_operacional,Q315,H919,solo_secundario,1
2021-2024,TEA_operacional,Q280,Q273,solo_secundario,1
2021-2024,TEA_operacional,Q278,Q278,solo_secundario,1
2021-2024,TEA_operacional,Q369,J189,solo_secundario,1
2021-2024,TEA_operacional,Q374,Q374,solo_secundario,1
2021-2024,TEA_operacional,T474,T474,solo_secundario,1
2021-2024,TEA_operacional,Q382,Q382,solo_secundario,1
2021-2024,TEA_operacional,Q391,Q390,solo_secundario,1
2021-2024,TEA_operacional,Q391,J120,solo_secundario,1
2021-2024,TEA_operacional,T490,T490,solo_secundario,1
2021-2024,TEA_operacional,Q391,I500,solo_secundario,1
2021-2024,TEA_operacional,Q388,U071,solo_secundario,1
2021-2024,TEA_operacional,T495,T495,solo_secundario,1
2021-2024,TEA_operacional,T509,F603,solo_secundario,1
2021-2024,TEA_operacional,T511,T424,solo_secundario,1
2021-2024,TEA_operacional,Q381,G404,solo_secundario,1
2021-2024,TEA_operacional,T509,H46,solo_secundario,1
2021-2024,TEA_operacional,Q379,T212,solo_secundario,1
2021-2024,TEA_operacional,T509,J46,solo_secundario,1
2021-2024,TEA_operacional,Q379,Q375,solo_secundario,1
2021-2024,TEA_operacional,Q378,H440,solo_secundario,1
2021-2024,TEA_operacional,Q548,Q548,solo_secundario,1
2021-2024,TEA_operacional,T435,F300,solo_secundario,1
2021-2024,TEA_operacional,Q549,Q643,solo_secundario,1
2021-2024,TEA_operacional,Q760,M4145,solo_secundario,1
2021-2024,TEA_operacional,T424,S5250,solo_secundario,1
2021-2024,TEA_operacional,N12,N12,solo_secundario,1
2021-2024,TEA_operacional,Q763,Q763,solo_secundario,1
2021-2024,TEA_operacional,Q761,Q761,solo_secundario,1
2021-2024,TEA_operacional,Q760,Q760,solo_secundario,1
2021-2024,TEA_operacional,T426,F329,solo_secundario,1
2021-2024,TEA_operacional,Q754,H919,solo_secundario,1
2021-2024,TEA_operacional,T424,F322,solo_secundario,1
2021-2024,TEA_operacional,T426,T426,principal,1
2021-2024,TEA_operacional,Q753,J219,solo_secundario,1
2021-2024,TEA_operacional,Q751,T842,solo_secundario,1
2021-2024,TEA_operacional,Q751,Q751,solo_secundario,1
2021-2024,TEA_operacional,Q750,T211,solo_secundario,1
2021-2024,TEA_operacional,T426,T427,solo_secundario,1
2021-2024,TEA_operacional,T424,F412,solo_secundario,1
2021-2024,TEA_operacional,Q793,Q793,solo_secundario,1
2021-2024,TEA_operacional,T433,T433,principal,1
2021-2024,TEA_operacional,T402,T402,solo_secundario,1
2021-2024,TEA_operacional,T393,T393,principal,1
2021-2024,TEA_operacional,Q909,A099,solo_secundario,1
2021-2024,TEA_operacional,Q892,Q892,solo_secundario,1
2021-2024,TEA_operacional,T393,T393,solo_secundario,1
2021-2024,TEA_operacional,T394,T394,solo_secundario,1
2021-2024,TEA_operacional,Q878,K859,solo_secundario,1
2021-2024,TEA_operacional,Q872,Q872,solo_secundario,1
2021-2024,TEA_operacional,Q850,Q850,solo_secundario,1
2021-2024,TEA_operacional,Q870,Z137,solo_secundario,1
2021-2024,TEA_operacional,Q870,Q870,solo_secundario,1
2021-2024,TEA_operacional,Q851,Q851,solo_secundario,1
2021-2024,TEA_operacional,Q851,G409,solo_secundario,1
2021-2024,TEA_operacional,Q851,F233,solo_secundario,1
2021-2024,TEA_operacional,T421,T421,solo_secundario,1
2021-2024,TEA_operacional,Q743,Q743,solo_secundario,1
2021-2024,TEA_operacional,Q742,Q742,solo_secundario,1
2021-2024,TEA_operacional,Q741,Q741,solo_secundario,1
2021-2024,TEA_operacional,T432,S518,solo_secundario,1
2021-2024,TEA_operacional,Q654,T842,solo_secundario,1
2021-2024,TEA_operacional,Q651,Z470,solo_secundario,1
2021-2024,TEA_operacional,T432,F39,solo_secundario,1
2021-2024,TEA_operacional,Q651,Q651,solo_secundario,1
2021-2024,TEA_operacional,Q647,Q647,solo_secundario,1
2021-2024,TEA_operacional,T432,F603,solo_secundario,1
2021-2024,TEA_operacional,T432,S597,solo_secundario,1
2021-2024,TEA_operacional,T426,T433,solo_secundario,1
2021-2024,TEA_operacional,Q642,Q642,solo_secundario,1
2021-2024,TEA_operacional,T433,F609,solo_secundario,1
2021-2024,TEA_operacional,Q642,N133,solo_secundario,1
2021-2024,TEA_operacional,Q625,Q625,solo_secundario,1
2021-2024,TEA_operacional,Q622,Q622,solo_secundario,1
2021-2024,TEA_operacional,Q603,Q603,solo_secundario,1
2021-2024,TEA_operacional,Q658,Q658,solo_secundario,1
2021-2024,TEA_operacional,Q660,Q660,solo_secundario,1
2021-2024,TEA_operacional,Q660,Q760,solo_secundario,1
2021-2024,TEA_operacional,T430,F603,solo_secundario,1
2021-2024,TEA_operacional,Q665,K566,solo_secundario,1
2021-2024,TEA_operacional,Q668,A047,solo_secundario,1
2021-2024,TEA_operacional,Q668,J00,solo_secundario,1
2021-2024,TEA_operacional,T427,T393,solo_secundario,1
2021-2024,TEA_operacional,Q668,J204,solo_secundario,1
2021-2024,TEA_operacional,T426,Z134,solo_secundario,1
2021-2024,TEA_operacional,Q668,Q660,solo_secundario,1
2021-2024,TEA_operacional,Q676,T846,solo_secundario,1
2021-2024,TEA_operacional,Q690,Q690,solo_secundario,1
2021-2024,TEA_operacional,Q691,Q691,solo_secundario,1
2021-2024,TEA_operacional,Q699,Q692,solo_secundario,1
2021-2024,TEA_operacional,T426,T509,solo_secundario,1
2021-2024,TEA_operacional,Q704,Q704,solo_secundario,1
2021-2024,TEA_operacional,Q784,Q784,solo_secundario,1
2021-2024,TEA_operacional,K800,L032,solo_secundario,1
2021-2024,TEA_operacional,N10,Z431,solo_secundario,1
2021-2024,TEA_operacional,F432,F603,solo_secundario,1
2021-2024,TEA_operacional,F432,F323,solo_secundario,1
2021-2024,TEA_operacional,F431,F431,principal,1
2021-2024,TEA_operacional,F431,F328,solo_secundario,1
2021-2024,TEA_operacional,F419,F412,solo_secundario,1
2021-2024,TEA_operacional,F418,F431,solo_secundario,1
2021-2024,TEA_operacional,F418,F418,solo_secundario,1
2021-2024,TEA_operacional,F412,S519,solo_secundario,1
2021-2024,TEA_operacional,F412,S411,solo_secundario,1
2021-2024,TEA_operacional,F412,F919,solo_secundario,1
2021-2024,TEA_operacional,F412,F603,solo_secundario,1
2021-2024,TEA_operacional,F412,F502,solo_secundario,1
2021-2024,TEA_operacional,F411,F431,solo_secundario,1
2021-2024,TEA_operacional,F411,F329,solo_secundario,1
2021-2024,TEA_operacional,F39,F329,solo_secundario,1
2021-2024,TEA_operacional,F380,F380,solo_secundario,1
2021-2024,TEA_operacional,F341,F603,solo_secundario,1
2021-2024,TEA_operacional,F333,F333,solo_secundario,1
2021-2024,TEA_operacional,F432,F412,solo_secundario,1
2021-2024,TEA_operacional,F445,F445,solo_secundario,1
2021-2024,TEA_operacional,F329,T391,solo_secundario,1
2021-2024,TEA_operacional,F500,F322,solo_secundario,1
2021-2024,TEA_operacional,F603,S119,solo_secundario,1
2021-2024,TEA_operacional,F603,F603,principal,1
2021-2024,TEA_operacional,F603,F602,solo_secundario,1
2021-2024,TEA_operacional,F603,F432,solo_secundario,1
2021-2024,TEA_operacional,F603,F192,solo_secundario,1
2021-2024,TEA_operacional,F603,F191,solo_secundario,1
2021-2024,TEA_operacional,F601,F601,solo_secundario,1
2021-2024,TEA_operacional,F514,F514,solo_secundario,1
2021-2024,TEA_operacional,F509,F609,solo_secundario,1
2021-2024,TEA_operacional,F509,F328,solo_secundario,1
2021-2024,TEA_operacional,F508,F329,solo_secundario,1
2021-2024,TEA_operacional,F508,F322,solo_secundario,1
2021-2024,TEA_operacional,F505,F508,solo_secundario,1
2021-2024,TEA_operacional,F503,F503,solo_secundario,1
2021-2024,TEA_operacional,F501,S517,solo_secundario,1
2021-2024,TEA_operacional,F501,F501,solo_secundario,1
2021-2024,TEA_operacional,F500,F502,solo_secundario,1
2021-2024,TEA_operacional,F329,T432,solo_secundario,1
2021-2024,TEA_operacional,F329,S517,solo_secundario,1
2021-2024,TEA_operacional,N10,J352,solo_secundario,1
2021-2024,TEA_operacional,F322,T800,solo_secundario,1
2021-2024,TEA_operacional,F322,K222,solo_secundario,1
2021-2024,TEA_operacional,F322,F431,solo_secundario,1
2021-2024,TEA_operacional,F322,F412,solo_secundario,1
2021-2024,TEA_operacional,F322,F329,solo_secundario,1
2021-2024,TEA_operacional,F321,F982,solo_secundario,1
2021-2024,TEA_operacional,F321,F941,solo_secundario,1
2021-2024,TEA_operacional,F319,T432,solo_secundario,1
2021-2024,TEA_operacional,F319,F319,principal,1
2021-2024,TEA_operacional,F318,F318,solo_secundario,1
2021-2024,TEA_operacional,F315,F315,solo_secundario,1
2021-2024,TEA_operacional,F314,F322,solo_secundario,1
2021-2024,TEA_operacional,F314,F314,solo_secundario,1
2021-2024,TEA_operacional,F312,F412,solo_secundario,1
2021-2024,TEA_operacional,F312,F312,solo_secundario,1
2021-2024,TEA_operacional,F311,F319,solo_secundario,1
2021-2024,TEA_operacional,F29,F28,solo_secundario,1
2021-2024,TEA_operacional,F29,F193,solo_secundario,1
2021-2024,TEA_operacional,F322,O821,solo_secundario,1
2021-2024,TEA_operacional,F323,F319,solo_secundario,1
2021-2024,TEA_operacional,F329,R458,solo_secundario,1
2021-2024,TEA_operacional,F323,F322,solo_secundario,1
2021-2024,TEA_operacional,F329,F982,solo_secundario,1
2021-2024,TEA_operacional,F329,F89,solo_secundario,1
2021-2024,TEA_operacional,F329,F609,solo_secundario,1
2021-2024,TEA_operacional,F329,F608,solo_secundario,1
2021-2024,TEA_operacional,F329,F603,solo_secundario,1
2021-2024,TEA_operacional,F329,F39,solo_secundario,1
2021-2024,TEA_operacional,F329,F330,solo_secundario,1
2021-2024,TEA_operacional,F329,F322,solo_secundario,1
2021-2024,TEA_operacional,F329,F29,solo_secundario,1
2021-2024,TEA_operacional,F328,T71,solo_secundario,1
2021-2024,TEA_operacional,F328,S518,solo_secundario,1
2021-2024,TEA_operacional,F328,F609,solo_secundario,1
2021-2024,TEA_operacional,F328,F328,solo_secundario,1
2021-2024,TEA_operacional,F328,F321,solo_secundario,1
2021-2024,TEA_operacional,F323,T435,solo_secundario,1
2021-2024,TEA_operacional,F323,F609,solo_secundario,1
2021-2024,TEA_operacional,F323,F333,solo_secundario,1
2021-2024,TEA_operacional,F605,F319,solo_secundario,1
2021-2024,TEA_operacional,F606,F606,solo_secundario,1
2021-2024,TEA_operacional,F607,F607,solo_secundario,1
2021-2024,TEA_operacional,G404,D430,solo_secundario,1
2021-2024,TEA_operacional,G403,G404,solo_secundario,1
2021-2024,TEA_operacional,G403,F799,solo_secundario,1
2021-2024,TEA_operacional,G403,F431,solo_secundario,1
2021-2024,TEA_operacional,G402,Z470,solo_secundario,1
2021-2024,TEA_operacional,G402,G409,solo_secundario,1
2021-2024,TEA_operacional,G401,Z547,solo_secundario,1
2021-2024,TEA_operacional,G401,Z518,solo_secundario,1
2021-2024,TEA_operacional,G401,G410,solo_secundario,1
2021-2024,TEA_operacional,G309,G309,solo_secundario,1
2021-2024,TEA_operacional,G259,F681,solo_secundario,1
2021-2024,TEA_operacional,G255,G255,solo_secundario,1
2021-2024,TEA_operacional,G249,G249,solo_secundario,1
2021-2024,TEA_operacional,G248,N47,solo_secundario,1
2021-2024,TEA_operacional,G248,G248,principal,1
2021-2024,TEA_operacional,G243,G243,solo_secundario,1
2021-2024,TEA_operacional,G210,J189,solo_secundario,1
2021-2024,TEA_operacional,G128,G128,solo_secundario,1
2021-2024,TEA_operacional,G403,J00,solo_secundario,1
2021-2024,TEA_operacional,G404,J121,solo_secundario,1
2021-2024,TEA_operacional,F608,F603,solo_secundario,1
2021-2024,TEA_operacional,G404,J123,solo_secundario,1
2021-2024,TEA_operacional,G409,T850,solo_secundario,1
2021-2024,TEA_operacional,G409,R13,solo_secundario,1
2021-2024,TEA_operacional,G409,Q381,solo_secundario,1
2021-2024,TEA_operacional,G409,Q211,solo_secundario,1
2021-2024,TEA_operacional,G409,Q048,solo_secundario,1
2021-2024,TEA_operacional,G409,G419,solo_secundario,1
2021-2024,TEA_operacional,G409,G402,solo_secundario,1
2021-2024,TEA_operacional,G409,F233,solo_secundario,1
2021-2024,TEA_operacional,G409,E833,solo_secundario,1
2021-2024,TEA_operacional,G409,D330,solo_secundario,1
2021-2024,TEA_operacional,G408,G408,principal,1
2021-2024,TEA_operacional,G408,G407,solo_secundario,1
2021-2024,TEA_operacional,G408,G049,solo_secundario,1
2021-2024,TEA_operacional,G406,G406,solo_secundario,1
2021-2024,TEA_operacional,G405,G405,solo_secundario,1
2021-2024,TEA_operacional,G404,Z138,solo_secundario,1
2021-2024,TEA_operacional,G404,Q850,solo_secundario,1
2021-2024,TEA_operacional,F988,F900,principal,1
2021-2024,TEA_operacional,F988,F603,solo_secundario,1
2021-2024,TEA_operacional,F982,F982,solo_secundario,1
2021-2024,TEA_operacional,F982,F982,principal,1
2021-2024,TEA_operacional,F719,F719,solo_secundario,1
2021-2024,TEA_operacional,F718,F711,solo_secundario,1
2021-2024,TEA_operacional,F711,N183,solo_secundario,1
2021-2024,TEA_operacional,F711,F711,solo_secundario,1
2021-2024,TEA_operacional,F711,F431,solo_secundario,1
2021-2024,TEA_operacional,F701,F701,solo_secundario,1
2021-2024,TEA_operacional,F648,S518,solo_secundario,1
2021-2024,TEA_operacional,F648,F648,solo_secundario,1
2021-2024,TEA_operacional,F640,F640,solo_secundario,1
2021-2024,TEA_operacional,F639,F608,solo_secundario,1
2021-2024,TEA_operacional,F638,F638,principal,1
2021-2024,TEA_operacional,F638,F39,solo_secundario,1
2021-2024,TEA_operacional,F609,T435,solo_secundario,1
2021-2024,TEA_operacional,F609,T433,solo_secundario,1
2021-2024,TEA_operacional,F609,N132,solo_secundario,1
2021-2024,TEA_operacional,F609,F609,principal,1
2021-2024,TEA_operacional,F608,F608,solo_secundario,1
2021-2024,TEA_operacional,F719,F83,solo_secundario,1
2021-2024,TEA_operacional,F729,F729,solo_secundario,1
2021-2024,TEA_operacional,F791,E668,solo_secundario,1
2021-2024,TEA_operacional,F913,F191,solo_secundario,1
2021-2024,TEA_operacional,F959,F638,solo_secundario,1
2021-2024,TEA_operacional,F938,S411,solo_secundario,1
2021-2024,TEA_operacional,F932,K358,solo_secundario,1
2021-2024,TEA_operacional,F920,F920,solo_secundario,1
2021-2024,TEA_operacional,F913,T71,solo_secundario,1
2021-2024,TEA_operacional,F913,F919,solo_secundario,1
2021-2024,TEA_operacional,F913,F913,principal,1
2021-2024,TEA_operacional,F901,F901,solo_secundario,1
2021-2024,TEA_operacional,F798,F798,solo_secundario,1
2021-2024,TEA_operacional,F900,F919,solo_secundario,1
2021-2024,TEA_operacional,F900,F900,principal,1
2021-2024,TEA_operacional,F900,F319,solo_secundario,1
2021-2024,TEA_operacional,F89,F89,solo_secundario,1
2021-2024,TEA_operacional,F89,F89,principal_y_secundario,1
2021-2024,TEA_operacional,F799,F799,solo_secundario,1
2021-2024,TEA_operacional,F799,F609,principal,1
2021-2024,TEA_operacional,F29,D611,solo_secundario,1
2021-2024,TEA_operacional,F28,R458,solo_secundario,1
2021-2024,TEA_operacional,F28,F209,solo_secundario,1
2021-2024,TEA_operacional,C959,C959,solo_secundario,1
2021-2024,TEA_operacional,C950,D70,solo_secundario,1
2021-2024,TEA_operacional,C950,C910,solo_secundario,1
2021-2024,TEA_operacional,C920,C920,solo_secundario,1
2021-2024,TEA_operacional,C911,J00,solo_secundario,1
2021-2024,TEA_operacional,C910,Z518,solo_secundario,1
2021-2024,TEA_operacional,C910,J00,solo_secundario,1
2021-2024,TEA_operacional,C857,D481,solo_secundario,1
2021-2024,TEA_operacional,C780,C780,solo_secundario,1
2021-2024,TEA_operacional,C729,T850,solo_secundario,1
2021-2024,TEA_operacional,C719,C719,solo_secundario,1
2021-2024,TEA_operacional,C716,G409,solo_secundario,1
2021-2024,TEA_operacional,C716,C716,solo_secundario,1
2021-2024,TEA_operacional,C629,Z511,solo_secundario,1
2021-2024,TEA_operacional,C56,R591,solo_secundario,1
2021-2024,TEA_operacional,C442,C442,solo_secundario,1
2021-2024,TEA_operacional,C439,C439,solo_secundario,1
2021-2024,TEA_operacional,C402,C402,solo_secundario,1
2021-2024,TEA_operacional,C959,C910,solo_secundario,1
2021-2024,TEA_operacional,C959,D70,solo_secundario,1
2021-2024,TEA_operacional,D471,Z092,solo_secundario,1
2021-2024,TEA_operacional,D069,N72,solo_secundario,1
2021-2024,TEA_operacional,D430,C710,solo_secundario,1
2021-2024,TEA_operacional,D410,D410,solo_secundario,1
2021-2024,TEA_operacional,D380,D380,solo_secundario,1
2021-2024,TEA_operacional,D376,D376,solo_secundario,1
2021-2024,TEA_operacional,D374,D374,solo_secundario,1
2021-2024,TEA_operacional,D367,D367,solo_secundario,1
2021-2024,TEA_operacional,D334,D334,solo_secundario,1
2021-2024,TEA_operacional,D316,D316,solo_secundario,1
2021-2024,TEA_operacional,D24,D24,solo_secundario,1
2021-2024,TEA_operacional,D235,D235,solo_secundario,1
2021-2024,TEA_operacional,D234,D234,solo_secundario,1
2021-2024,TEA_operacional,D232,Q531,solo_secundario,1
2021-2024,TEA_operacional,D181,M7935,solo_secundario,1
2021-2024,TEA_operacional,D175,D175,solo_secundario,1
2021-2024,TEA_operacional,D164,H660,solo_secundario,1
2021-2024,TEA_operacional,D161,D480,solo_secundario,1
2021-2024,TEA_operacional,D160,D160,solo_secundario,1
2021-2024,TEA_operacional,C222,Z511,solo_secundario,1
2021-2024,TEA_operacional,C169,C169,solo_secundario,1
2021-2024,TEA_operacional,B354,B354,solo_secundario,1
2021-2024,TEA_operacional,B349,B349,solo_secundario,1
2021-2024,TEA_operacional,A099,G409,solo_secundario,1
2021-2024,TEA_operacional,A099,G401,solo_secundario,1
2021-2024,TEA_operacional,A099,E872,solo_secundario,1
2021-2024,TEA_operacional,A090,Q423,solo_secundario,1
2021-2024,TEA_operacional,A090,J030,solo_secundario,1
2021-2024,TEA_operacional,A090,G048,solo_secundario,1
2021-2024,TEA_operacional,A090,E162,solo_secundario,1
2021-2024,TEA_operacional,A090,A099,solo_secundario,1
2021-2024,TEA_operacional,A090,A090,principal,1
2021-2024,TEA_operacional,A084,Q120,solo_secundario,1
2021-2024,TEA_operacional,A083,A083,solo_secundario,1
2021-2024,TEA_operacional,A080,J353,solo_secundario,1
2021-2024,TEA_operacional,A080,J128,solo_secundario,1
2021-2024,TEA_operacional,A080,J123,solo_secundario,1
2021-2024,TEA_operacional,A080,A080,principal,1
2021-2024,TEA_operacional,A071,A071,solo_secundario,1
2021-2024,TEA_operacional,A045,A045,solo_secundario,1
2021-2024,TEA_operacional,A099,J46,solo_secundario,1
2021-2024,TEA_operacional,A099,N390,solo_secundario,1
2021-2024,TEA_operacional,A281,A281,solo_secundario,1
2021-2024,TEA_operacional,A879,J120,solo_secundario,1
2021-2024,TEA_operacional,B348,J459,solo_secundario,1
2021-2024,TEA_operacional,B348,B348,solo_secundario,1
2021-2024,TEA_operacional,B341,B341,solo_secundario,1
2021-2024,TEA_operacional,B340,B340,solo_secundario,1
2021-2024,TEA_operacional,B09,B09,solo_secundario,1
2021-2024,TEA_operacional,B002,J123,solo_secundario,1
2021-2024,TEA_operacional,A880,A880,principal,1
2021-2024,TEA_operacional,A870,A870,solo_secundario,1
2021-2024,TEA_operacional,A400,A400,solo_secundario,1
2021-2024,TEA_operacional,A86,A86,solo_secundario,1
2021-2024,TEA_operacional,A858,S0690,solo_secundario,1
2021-2024,TEA_operacional,A600,A600,solo_secundario,1
2021-2024,TEA_operacional,A502,J128,solo_secundario,1
2021-2024,TEA_operacional,A419,Z292,solo_secundario,1
2021-2024,TEA_operacional,A418,A418,solo_secundario,1
2021-2024,TEA_operacional,A403,I358,solo_secundario,1
2021-2024,TEA_operacional,D430,D330,solo_secundario,1
2021-2024,TEA_operacional,D479,C910,solo_secundario,1
2021-2024,TEA_operacional,F239,F239,principal,1
2021-2024,TEA_operacional,F070,F918,principal,1
2021-2024,TEA_operacional,F070,F259,solo_secundario,1
2021-2024,TEA_operacional,F070,F079,solo_secundario,1
2021-2024,TEA_operacional,F070,F070,solo_secundario,1
2021-2024,TEA_operacional,F069,F321,solo_secundario,1
2021-2024,TEA_operacional,E880,E880,solo_secundario,1
2021-2024,TEA_operacional,E876,E876,solo_secundario,1
2021-2024,TEA_operacional,E871,E871,solo_secundario,1
2021-2024,TEA_operacional,E86,H044,solo_secundario,1
2021-2024,TEA_operacional,E86,E86,principal,1
2021-2024,TEA_operacional,E848,E848,solo_secundario,1
2021-2024,TEA_operacional,E841,E840,solo_secundario,1
2021-2024,TEA_operacional,E840,E840,solo_secundario,1
2021-2024,TEA_operacional,E835,E835,solo_secundario,1
2021-2024,TEA_operacional,E760,E760,solo_secundario,1
2021-2024,TEA_operacional,E752,E752,solo_secundario,1
2021-2024,TEA_operacional,E740,E740,solo_secundario,1
2021-2024,TEA_operacional,E711,J181,solo_secundario,1
2021-2024,TEA_operacional,F070,F609,principal,1
2021-2024,TEA_operacional,F09,F09,solo_secundario,1
2021-2024,TEA_operacional,D479,J122,solo_secundario,1
2021-2024,TEA_operacional,F141,F141,solo_secundario,1
2021-2024,TEA_operacional,F238,F238,principal,1
2021-2024,TEA_operacional,F228,F200,solo_secundario,1
2021-2024,TEA_operacional,F21,F21,solo_secundario,1
2021-2024,TEA_operacional,F209,F250,solo_secundario,1
2021-2024,TEA_operacional,F209,F208,solo_secundario,1
2021-2024,TEA_operacional,F208,T424,solo_secundario,1
2021-2024,TEA_operacional,F208,F209,solo_secundario,1
2021-2024,TEA_operacional,F202,F202,solo_secundario,1
2021-2024,TEA_operacional,F202,F202,principal,1
2021-2024,TEA_operacional,F201,F201,solo_secundario,1
2021-2024,TEA_operacional,F199,F431,solo_secundario,1
2021-2024,TEA_operacional,F198,F198,solo_secundario,1
2021-2024,TEA_operacional,F198,F191,solo_secundario,1
2021-2024,TEA_operacional,F195,T230,solo_secundario,1
2021-2024,TEA_operacional,F195,F919,principal,1
2021-2024,TEA_operacional,F195,F195,solo_secundario,1
2021-2024,TEA_operacional,F142,F198,principal,1
2021-2024,TEA_operacional,E711,E711,solo_secundario,1
2021-2024,TEA_operacional,E611,E611,solo_secundario,1
2021-2024,TEA_operacional,E45,E45,solo_secundario,1
2021-2024,TEA_operacional,E43,K919,solo_secundario,1
2021-2024,TEA_operacional,D761,DESCONOCIDO,solo_secundario,1
2021-2024,TEA_operacional,D761,D761,solo_secundario,1
2021-2024,TEA_operacional,D729,D729,solo_secundario,1
2021-2024,TEA_operacional,D70,R508,solo_secundario,1
2021-2024,TEA_operacional,D694,D694,solo_secundario,1
2021-2024,TEA_operacional,D693,Z518,solo_secundario,1
2021-2024,TEA_operacional,D693,D695,solo_secundario,1
2021-2024,TEA_operacional,D693,D693,solo_secundario,1
2021-2024,TEA_operacional,D690,G473,solo_secundario,1
2021-2024,TEA_operacional,D680,D680,solo_secundario,1
2021-2024,TEA_operacional,D649,D649,solo_secundario,1
2021-2024,TEA_operacional,D619,G408,solo_secundario,1
2021-2024,TEA_operacional,D580,D580,solo_secundario,1
2021-2024,TEA_operacional,D508,D508,solo_secundario,1
2021-2024,TEA_operacional,D487,D487,solo_secundario,1
2021-2024,TEA_operacional,D483,C629,solo_secundario,1
2021-2024,TEA_operacional,D480,D162,solo_secundario,1
2021-2024,TEA_operacional,D812,D812,solo_secundario,1
2021-2024,TEA_operacional,D820,A099,solo_secundario,1
2021-2024,TEA_operacional,D821,D821,solo_secundario,1
2021-2024,TEA_operacional,E108,Q892,solo_secundario,1
2021-2024,TEA_operacional,E271,E271,solo_secundario,1
2021-2024,TEA_operacional,E250,J210,solo_secundario,1
2021-2024,TEA_operacional,E230,E230,solo_secundario,1
2021-2024,TEA_operacional,E162,E162,solo_secundario,1
2021-2024,TEA_operacional,E161,E161,solo_secundario,1
2021-2024,TEA_operacional,E161,A090,solo_secundario,1
2021-2024,TEA_operacional,E161,A080,solo_secundario,1
2021-2024,TEA_operacional,E108,E108,solo_secundario,1
2021-2024,TEA_operacional,D821,Q667,solo_secundario,1
2021-2024,TEA_operacional,E106,E106,solo_secundario,1
2021-2024,TEA_operacional,E101,E111,solo_secundario,1
2021-2024,TEA_operacional,E101,E109,solo_secundario,1
2021-2024,TEA_operacional,E101,E106,solo_secundario,1
2021-2024,TEA_operacional,E041,E041,solo_secundario,1
2021-2024,TEA_operacional,E031,E031,solo_secundario,1
2021-2024,TEA_operacional,DESCONOCIDO,DESCONOCIDO,solo_secundario,1
2021-2024,TEA_operacional,G410,G409,solo_secundario,1
2021-2024,TEA_operacional,G410,K409,solo_secundario,1
2021-2024,TEA_operacional,G418,G402,solo_secundario,1
2021-2024,TEA_operacional,K403,K403,solo_secundario,1
2021-2024,TEA_operacional,K402,K403,solo_secundario,1
2021-2024,TEA_operacional,K381,K381,solo_secundario,1
2021-2024,TEA_operacional,K36,K430,solo_secundario,1
2021-2024,TEA_operacional,K358,Z470,solo_secundario,1
2021-2024,TEA_operacional,K358,K358,principal,1
2021-2024,TEA_operacional,K358,K263,solo_secundario,1
2021-2024,TEA_operacional,K358,F311,solo_secundario,1
2021-2024,TEA_operacional,K316,K316,solo_secundario,1
2021-2024,TEA_operacional,K297,K290,solo_secundario,1
2021-2024,TEA_operacional,K296,K296,principal_y_secundario,1
2021-2024,TEA_operacional,K260,K260,solo_secundario,1
2021-2024,TEA_operacional,K250,N10,solo_secundario,1
2021-2024,TEA_operacional,K222,K918,solo_secundario,1
2021-2024,TEA_operacional,K222,J353,solo_secundario,1
2021-2024,TEA_operacional,K220,F431,solo_secundario,1
2021-2024,TEA_operacional,K210,J353,solo_secundario,1
2021-2024,TEA_operacional,K20,K20,solo_secundario,1
2021-2024,TEA_operacional,K402,K409,solo_secundario,1
2021-2024,TEA_operacional,K409,G409,solo_secundario,1
2021-2024,TEA_operacional,K590,Z038,solo_secundario,1
2021-2024,TEA_operacional,K429,E760,solo_secundario,1
2021-2024,TEA_operacional,K590,J46,solo_secundario,1
2021-2024,TEA_operacional,K566,K590,solo_secundario,1
2021-2024,TEA_operacional,K565,K566,solo_secundario,1
2021-2024,TEA_operacional,K565,J101,solo_secundario,1
2021-2024,TEA_operacional,K564,K590,solo_secundario,1
2021-2024,TEA_operacional,K564,K564,solo_secundario,1
2021-2024,TEA_operacional,K562,H509,solo_secundario,1
2021-2024,TEA_operacional,K529,K529,solo_secundario,1
2021-2024,TEA_operacional,K529,K469,solo_secundario,1
2021-2024,TEA_operacional,K528,T232,solo_secundario,1
2021-2024,TEA_operacional,K528,K226,solo_secundario,1
2021-2024,TEA_operacional,K519,Z518,solo_secundario,1
2021-2024,TEA_operacional,K519,K518,solo_secundario,1
2021-2024,TEA_operacional,K518,K518,solo_secundario,1
2021-2024,TEA_operacional,K510,K510,solo_secundario,1
2021-2024,TEA_operacional,K500,A099,solo_secundario,1
2021-2024,TEA_operacional,K439,K439,solo_secundario,1
2021-2024,TEA_operacional,K134,K134,solo_secundario,1
2021-2024,TEA_operacional,K130,K130,solo_secundario,1
2021-2024,TEA_operacional,K122,K122,solo_secundario,1
2021-2024,TEA_operacional,K092,J353,solo_secundario,1
2021-2024,TEA_operacional,J9699,J9699,solo_secundario,1
2021-2024,TEA_operacional,J9690,Z548,solo_secundario,1
2021-2024,TEA_operacional,J9609,J208,solo_secundario,1
2021-2024,TEA_operacional,J9609,J206,solo_secundario,1
2021-2024,TEA_operacional,J9609,B349,solo_secundario,1
2021-2024,TEA_operacional,J955,J955,solo_secundario,1
2021-2024,TEA_operacional,J950,K565,solo_secundario,1
2021-2024,TEA_operacional,J90,J90,solo_secundario,1
2021-2024,TEA_operacional,J851,J851,solo_secundario,1
2021-2024,TEA_operacional,J849,J849,solo_secundario,1
2021-2024,TEA_operacional,J690,J129,solo_secundario,1
2021-2024,TEA_operacional,J690,G401,solo_secundario,1
2021-2024,TEA_operacional,J680,F500,solo_secundario,1
2021-2024,TEA_operacional,J46,U071,solo_secundario,1
2021-2024,TEA_operacional,J46,S5290,solo_secundario,1
2021-2024,TEA_operacional,J46,N47,solo_secundario,1
2021-2024,TEA_operacional,J46,J9609,solo_secundario,1
2021-2024,TEA_operacional,J982,J982,solo_secundario,1
2021-2024,TEA_operacional,J988,Z518,solo_secundario,1
2021-2024,TEA_operacional,K001,T391,solo_secundario,1
2021-2024,TEA_operacional,K070,K070,solo_secundario,1
2021-2024,TEA_operacional,K092,D165,solo_secundario,1
2021-2024,TEA_operacional,K088,K088,solo_secundario,1
2021-2024,TEA_operacional,K082,Q665,solo_secundario,1
2021-2024,TEA_operacional,K079,K079,solo_secundario,1
2021-2024,TEA_operacional,K078,K078,solo_secundario,1
2021-2024,TEA_operacional,K076,K076,solo_secundario,1
2021-2024,TEA_operacional,K075,K075,solo_secundario,1
2021-2024,TEA_operacional,K047,K047,solo_secundario,1
2021-2024,TEA_operacional,K010,K010,principal,1
2021-2024,TEA_operacional,K047,J9609,solo_secundario,1
2021-2024,TEA_operacional,K047,A099,solo_secundario,1
2021-2024,TEA_operacional,K040,G809,solo_secundario,1
2021-2024,TEA_operacional,K029,Q204,solo_secundario,1
2021-2024,TEA_operacional,K021,K021,solo_secundario,1
2021-2024,TEA_operacional,K011,K011,solo_secundario,1
2021-2024,TEA_operacional,K010,K010,solo_secundario,1
2021-2024,TEA_operacional,K590,T438,solo_secundario,1
2021-2024,TEA_operacional,K590,Z138,solo_secundario,1
2021-2024,TEA_operacional,J46,J448,solo_secundario,1
2021-2024,TEA_operacional,M6028,M6028,solo_secundario,1
2021-2024,TEA_operacional,M4149,M4149,solo_secundario,1
2021-2024,TEA_operacional,M4140,M4140,solo_secundario,1
2021-2024,TEA_operacional,M330,M331,solo_secundario,1
2021-2024,TEA_operacional,M221,M221,solo_secundario,1
2021-2024,TEA_operacional,M2196,M2196,solo_secundario,1
2021-2024,TEA_operacional,M2147,Q531,solo_secundario,1
2021-2024,TEA_operacional,M2147,M2147,solo_secundario,1
2021-2024,TEA_operacional,M2117,M2117,solo_secundario,1
2021-2024,TEA_operacional,M2109,M2109,solo_secundario,1
2021-2024,TEA_operacional,M2106,Z470,solo_secundario,1
2021-2024,TEA_operacional,M169,M169,solo_secundario,1
2021-2024,TEA_operacional,M0807,M0807,solo_secundario,1
2021-2024,TEA_operacional,M0640,M0640,solo_secundario,1
2021-2024,TEA_operacional,M0095,M673,solo_secundario,1
2021-2024,TEA_operacional,L989,L989,solo_secundario,1
2021-2024,TEA_operacional,L910,L910,solo_secundario,1
2021-2024,TEA_operacional,L732,L732,solo_secundario,1
2021-2024,TEA_operacional,M4185,M4185,solo_secundario,1
2021-2024,TEA_operacional,M6089,M6089,solo_secundario,1
2021-2024,TEA_operacional,K593,K593,solo_secundario,1
2021-2024,TEA_operacional,M6097,M6099,solo_secundario,1
2021-2024,TEA_operacional,N10,J123,solo_secundario,1
2021-2024,TEA_operacional,N049,H050,solo_secundario,1
2021-2024,TEA_operacional,N008,N391,solo_secundario,1
2021-2024,TEA_operacional,M922,J189,solo_secundario,1
2021-2024,TEA_operacional,M8691,M8691,solo_secundario,1
2021-2024,TEA_operacional,M8665,M8665,solo_secundario,1
2021-2024,TEA_operacional,M8589,D693,solo_secundario,1
2021-2024,TEA_operacional,M8566,M8566,solo_secundario,1
2021-2024,TEA_operacional,M8448,M220,solo_secundario,1
2021-2024,TEA_operacional,M8443,M8443,solo_secundario,1
2021-2024,TEA_operacional,M8159,M8159,solo_secundario,1
2021-2024,TEA_operacional,M7966,M7966,solo_secundario,1
2021-2024,TEA_operacional,M7138,M7138,principal,1
2021-2024,TEA_operacional,M7046,M7046,solo_secundario,1
2021-2024,TEA_operacional,M670,M2147,solo_secundario,1
2021-2024,TEA_operacional,M6534,M6534,solo_secundario,1
2021-2024,TEA_operacional,M6099,M6099,solo_secundario,1
2021-2024,TEA_operacional,L509,J218,solo_secundario,1
2021-2024,TEA_operacional,L500,L500,solo_secundario,1
2021-2024,TEA_operacional,L211,L211,solo_secundario,1
2021-2024,TEA_operacional,L209,L209,solo_secundario,1
2021-2024,TEA_operacional,K810,K810,solo_secundario,1
2021-2024,TEA_operacional,K802,T438,solo_secundario,1
2021-2024,TEA_operacional,K802,J209,solo_secundario,1
2021-2024,TEA_operacional,K801,K801,solo_secundario,1
2021-2024,TEA_operacional,A031,A031,solo_secundario,1
2021-2024,TEA_operacional,K800,K802,solo_secundario,1
2021-2024,TEA_operacional,K800,F314,solo_secundario,1
2021-2024,TEA_operacional,K769,K769,solo_secundario,1
2021-2024,TEA_operacional,K760,K760,solo_secundario,1
2021-2024,TEA_operacional,K658,F431,solo_secundario,1
2021-2024,TEA_operacional,K650,K650,solo_secundario,1
2021-2024,TEA_operacional,K638,K509,solo_secundario,1
2021-2024,TEA_operacional,K631,K914,solo_secundario,1
2021-2024,TEA_operacional,K628,K625,solo_secundario,1
2021-2024,TEA_operacional,K612,K519,solo_secundario,1
2021-2024,TEA_operacional,K610,K610,solo_secundario,1
2021-2024,TEA_operacional,K598,K598,solo_secundario,1
2021-2024,TEA_operacional,K828,G473,solo_secundario,1
2021-2024,TEA_operacional,K831,K831,solo_secundario,1
2021-2024,TEA_operacional,K851,K851,principal,1
2021-2024,TEA_operacional,L021,L021,solo_secundario,1
2021-2024,TEA_operacional,L089,L089,solo_secundario,1
2021-2024,TEA_operacional,L059,F323,solo_secundario,1
2021-2024,TEA_operacional,L050,L050,solo_secundario,1
2021-2024,TEA_operacional,L032,H919,solo_secundario,1
2021-2024,TEA_operacional,L031,Z518,solo_secundario,1
2021-2024,TEA_operacional,L031,L031,solo_secundario,1
2021-2024,TEA_operacional,L023,L023,solo_secundario,1
2021-2024,TEA_operacional,K929,K929,solo_secundario,1
2021-2024,TEA_operacional,K851,K851,solo_secundario,1
2021-2024,TEA_operacional,K922,K922,solo_secundario,1
2021-2024,TEA_operacional,K921,K921,solo_secundario,1
2021-2024,TEA_operacional,K920,K920,solo_secundario,1
2021-2024,TEA_operacional,K918,Q393,solo_secundario,1
2021-2024,TEA_operacional,K904,M303,solo_secundario,1
2021-2024,TEA_operacional,K852,F101,solo_secundario,1
2021-2024,TEA_operacional,K851,M512,solo_secundario,1
2021-2024,TEA_operacional,J46,J450,solo_secundario,1
2021-2024,TEA_operacional,J46,J209,solo_secundario,1
2021-2024,TEA_operacional,G418,G409,solo_secundario,1
2021-2024,TEA_operacional,J040,J129,solo_secundario,1
2021-2024,TEA_operacional,J039,J039,solo_secundario,1
2021-2024,TEA_operacional,J00,U071,solo_secundario,1
2021-2024,TEA_operacional,J00,J351,solo_secundario,1
2021-2024,TEA_operacional,J00,G408,solo_secundario,1
2021-2024,TEA_operacional,I889,I889,solo_secundario,1
2021-2024,TEA_operacional,I880,I880,solo_secundario,1
2021-2024,TEA_operacional,I878,I81,solo_secundario,1
2021-2024,TEA_operacional,I850,I850,solo_secundario,1
2021-2024,TEA_operacional,I832,I832,solo_secundario,1
2021-2024,TEA_operacional,I668,Z450,solo_secundario,1
2021-2024,TEA_operacional,I615,I615,solo_secundario,1
2021-2024,TEA_operacional,I501,I251,solo_secundario,1
2021-2024,TEA_operacional,I500,J157,solo_secundario,1
2021-2024,TEA_operacional,I500,G409,solo_secundario,1
2021-2024,TEA_operacional,I494,Z038,solo_secundario,1
2021-2024,TEA_operacional,I472,T821,solo_secundario,1
2021-2024,TEA_operacional,I409,I409,solo_secundario,1
2021-2024,TEA_operacional,J040,J040,solo_secundario,1
2021-2024,TEA_operacional,J040,K590,solo_secundario,1
2021-2024,TEA_operacional,J121,R11,solo_secundario,1
2021-2024,TEA_operacional,J041,J041,solo_secundario,1
2021-2024,TEA_operacional,J121,J219,solo_secundario,1
2021-2024,TEA_operacional,J121,J209,solo_secundario,1
2021-2024,TEA_operacional,J121,J206,solo_secundario,1
2021-2024,TEA_operacional,J121,J128,solo_secundario,1
2021-2024,TEA_operacional,J121,J123,solo_secundario,1
2021-2024,TEA_operacional,J121,H905,solo_secundario,1
2021-2024,TEA_operacional,J120,J129,solo_secundario,1
2021-2024,TEA_operacional,J108,A084,solo_secundario,1
2021-2024,TEA_operacional,J101,Z518,solo_secundario,1
2021-2024,TEA_operacional,J101,J101,principal,1
2021-2024,TEA_operacional,J100,A491,solo_secundario,1
2021-2024,TEA_operacional,J069,Z038,solo_secundario,1
2021-2024,TEA_operacional,J069,N390,solo_secundario,1
2021-2024,TEA_operacional,J069,J069,principal,1
2021-2024,TEA_operacional,J060,J210,solo_secundario,1
2021-2024,TEA_operacional,J050,J060,solo_secundario,1
2021-2024,TEA_operacional,J042,J042,solo_secundario,1
2021-2024,TEA_operacional,I340,I340,solo_secundario,1
2021-2024,TEA_operacional,I313,I313,solo_secundario,1
2021-2024,TEA_operacional,I219,I219,solo_secundario,1
2021-2024,TEA_operacional,I200,I200,solo_secundario,1
2021-2024,TEA_operacional,G938,G938,solo_secundario,1
2021-2024,TEA_operacional,G931,G931,solo_secundario,1
2021-2024,TEA_operacional,G919,Z518,solo_secundario,1
2021-2024,TEA_operacional,G919,T850,solo_secundario,1
2021-2024,TEA_operacional,G919,Q531,solo_secundario,1
2021-2024,TEA_operacional,G919,G919,solo_secundario,1
2021-2024,TEA_operacional,G838,G838,solo_secundario,1
2021-2024,TEA_operacional,G811,S7290,solo_secundario,1
2021-2024,TEA_operacional,G809,G809,solo_secundario,1
2021-2024,TEA_operacional,G809,G401,solo_secundario,1
2021-2024,TEA_operacional,G808,G808,solo_secundario,1
2021-2024,TEA_operacional,G729,Z291,solo_secundario,1
2021-2024,TEA_operacional,G712,G712,solo_secundario,1
2021-2024,TEA_operacional,G479,G479,solo_secundario,1
2021-2024,TEA_operacional,G473,J111,solo_secundario,1
2021-2024,TEA_operacional,G439,G439,solo_secundario,1
2021-2024,TEA_operacional,G419,G419,solo_secundario,1
2021-2024,TEA_operacional,H103,H169,solo_secundario,1
2021-2024,TEA_operacional,H168,G360,solo_secundario,1
2021-2024,TEA_operacional,H262,H262,solo_secundario,1
2021-2024,TEA_operacional,H532,F323,solo_secundario,1
2021-2024,TEA_operacional,I10,F323,principal,1
2021-2024,TEA_operacional,H918,H918,solo_secundario,1
2021-2024,TEA_operacional,H902,H902,solo_secundario,1
2021-2024,TEA_operacional,H664,H664,solo_secundario,1
2021-2024,TEA_operacional,H663,N185,solo_secundario,1
2021-2024,TEA_operacional,H659,H659,solo_secundario,1
2021-2024,TEA_operacional,H653,H653,solo_secundario,1
2021-2024,TEA_operacional,H509,J353,solo_secundario,1
2021-2024,TEA_operacional,H441,H408,solo_secundario,1
2021-2024,TEA_operacional,H509,J219,solo_secundario,1
2021-2024,TEA_operacional,H509,H501,solo_secundario,1
2021-2024,TEA_operacional,H509,G819,solo_secundario,1
2021-2024,TEA_operacional,H506,H506,solo_secundario,1
2021-2024,TEA_operacional,H501,H509,solo_secundario,1
2021-2024,TEA_operacional,H501,H500,solo_secundario,1
2021-2024,TEA_operacional,H499,E86,solo_secundario,1
2021-2024,TEA_operacional,J121,J459,solo_secundario,1
2021-2024,TEA_operacional,J121,Z548,solo_secundario,1
2021-2024,TEA_operacional,J46,J206,solo_secundario,1
2021-2024,TEA_operacional,J353,I471,solo_secundario,1
2021-2024,TEA_operacional,J351,K590,solo_secundario,1
2021-2024,TEA_operacional,J351,J353,solo_secundario,1
2021-2024,TEA_operacional,J351,H919,solo_secundario,1
2021-2024,TEA_operacional,J351,F920,solo_secundario,1
2021-2024,TEA_operacional,J343,J343,solo_secundario,1
2021-2024,TEA_operacional,J342,F259,solo_secundario,1
2021-2024,TEA_operacional,J340,J340,solo_secundario,1
2021-2024,TEA_operacional,J328,J328,solo_secundario,1
2021-2024,TEA_operacional,J320,M5422,solo_secundario,1
2021-2024,TEA_operacional,J304,G473,solo_secundario,1
2021-2024,TEA_operacional,J22,U071,solo_secundario,1
2021-2024,TEA_operacional,J22,J22,solo_secundario,1
2021-2024,TEA_operacional,J219,J46,solo_secundario,1
2021-2024,TEA_operacional,J219,J129,solo_secundario,1
2021-2024,TEA_operacional,J218,J46,solo_secundario,1
2021-2024,TEA_operacional,J211,J211,solo_secundario,1
2021-2024,TEA_operacional,J210,J205,solo_secundario,1
2021-2024,TEA_operacional,J351,N47,solo_secundario,1
2021-2024,TEA_operacional,J353,J129,solo_secundario,1
2021-2024,TEA_operacional,J122,G409,solo_secundario,1
2021-2024,TEA_operacional,J353,J343,solo_secundario,1
2021-2024,TEA_operacional,J46,J110,solo_secundario,1
2021-2024,TEA_operacional,J459,J206,solo_secundario,1
2021-2024,TEA_operacional,J458,J458,solo_secundario,1
2021-2024,TEA_operacional,J450,J450,solo_secundario,1
2021-2024,TEA_operacional,J448,J448,solo_secundario,1
2021-2024,TEA_operacional,J448,J201,solo_secundario,1
2021-2024,TEA_operacional,J441,J441,solo_secundario,1
2021-2024,TEA_operacional,J40,J40,solo_secundario,1
2021-2024,TEA_operacional,J380,Q532,solo_secundario,1
2021-2024,TEA_operacional,J380,J950,solo_secundario,1
2021-2024,TEA_operacional,J36,S0280,solo_secundario,1
2021-2024,TEA_operacional,J358,J358,solo_secundario,1
2021-2024,TEA_operacional,J353,S5240,solo_secundario,1
2021-2024,TEA_operacional,J353,N390,solo_secundario,1
2021-2024,TEA_operacional,J353,K429,solo_secundario,1
2021-2024,TEA_operacional,J353,K409,solo_secundario,1
2021-2024,TEA_operacional,J353,J46,solo_secundario,1
2021-2024,TEA_operacional,J210,J122,solo_secundario,1
2021-2024,TEA_operacional,J210,A080,solo_secundario,1
2021-2024,TEA_operacional,J209,N47,solo_secundario,1
2021-2024,TEA_operacional,J209,K528,solo_secundario,1
2021-2024,TEA_operacional,J157,Q531,solo_secundario,1
2021-2024,TEA_operacional,J157,J157,solo_secundario,1
2021-2024,TEA_operacional,J129,T175,solo_secundario,1
2021-2024,TEA_operacional,J129,S670,solo_secundario,1
2021-2024,TEA_operacional,J129,J46,solo_secundario,1
2021-2024,TEA_operacional,J129,J204,solo_secundario,1
2021-2024,TEA_operacional,J129,J188,solo_secundario,1
2021-2024,TEA_operacional,J129,J128,solo_secundario,1
2021-2024,TEA_operacional,J129,J121,solo_secundario,1
2021-2024,TEA_operacional,J129,J019,solo_secundario,1
2021-2024,TEA_operacional,J129,E872,solo_secundario,1
2021-2024,TEA_operacional,J128,R13,solo_secundario,1
2021-2024,TEA_operacional,J128,J46,solo_secundario,1
2021-2024,TEA_operacional,J128,J206,solo_secundario,1
2021-2024,TEA_operacional,J128,J121,solo_secundario,1
2021-2024,TEA_operacional,J128,G409,solo_secundario,1
2021-2024,TEA_operacional,J122,J128,solo_secundario,1
2021-2024,TEA_operacional,J158,J129,solo_secundario,1
2021-2024,TEA_operacional,J159,J158,solo_secundario,1
2021-2024,TEA_operacional,J159,J9609,solo_secundario,1
2021-2024,TEA_operacional,J206,J158,solo_secundario,1
2021-2024,TEA_operacional,J209,J205,solo_secundario,1
2021-2024,TEA_operacional,J209,J121,solo_secundario,1
2021-2024,TEA_operacional,J208,J209,solo_secundario,1
2021-2024,TEA_operacional,J208,J150,solo_secundario,1
2021-2024,TEA_operacional,J208,J123,solo_secundario,1
2021-2024,TEA_operacional,J206,N144,solo_secundario,1
2021-2024,TEA_operacional,J206,J46,solo_secundario,1
2021-2024,TEA_operacional,J206,J129,solo_secundario,1
2021-2024,TEA_operacional,J189,J122,solo_secundario,1
2021-2024,TEA_operacional,J205,Z511,solo_secundario,1
2021-2024,TEA_operacional,J205,Q751,solo_secundario,1
2021-2024,TEA_operacional,J205,Q552,solo_secundario,1
2021-2024,TEA_operacional,J205,J123,solo_secundario,1
2021-2024,TEA_operacional,J205,J121,solo_secundario,1
2021-2024,TEA_operacional,J189,R13,solo_secundario,1
2021-2024,TEA_operacional,J189,J440,solo_secundario,1
2021-2024,TEA_operacional,Z931,Z931,solo_secundario,1
2021-2024,F84_historico,N47,N47,solo_secundario,65
2021-2024,F84_historico,J353,J353,solo_secundario,46
2021-2024,F84_historico,G409,G409,solo_secundario,45
2021-2024,F84_historico,K358,K358,solo_secundario,37
2021-2024,F84_historico,J209,J209,solo_secundario,30
2021-2024,F84_historico,J46,J46,solo_secundario,28
2021-2024,F84_historico,F322,F322,solo_secundario,27
2021-2024,F84_historico,Q532,Q532,solo_secundario,25
2021-2024,F84_historico,J128,J128,solo_secundario,21
2021-2024,F84_historico,T432,T432,solo_secundario,19
2021-2024,F84_historico,J351,J351,solo_secundario,18
2021-2024,F84_historico,A099,A099,solo_secundario,17
2021-2024,F84_historico,E101,E101,solo_secundario,16
2021-2024,F84_historico,Q531,Q531,solo_secundario,16
2021-2024,F84_historico,J129,J129,solo_secundario,16
2021-2024,F84_historico,P220,P220,solo_secundario,15
2021-2024,F84_historico,J121,J121,solo_secundario,15
2021-2024,F84_historico,F603,F603,solo_secundario,14
2021-2024,F84_historico,T424,T424,solo_secundario,14
2021-2024,F84_historico,J205,J205,solo_secundario,13
2021-2024,F84_historico,F29,F29,solo_secundario,13
2021-2024,F84_historico,F329,F329,solo_secundario,12
2021-2024,F84_historico,J206,J206,solo_secundario,12
2021-2024,F84_historico,T391,T391,solo_secundario,12
2021-2024,F84_historico,K802,K802,solo_secundario,11
2021-2024,F84_historico,G401,G401,solo_secundario,11
2021-2024,F84_historico,G408,G408,solo_secundario,11
2021-2024,F84_historico,K353,K353,solo_secundario,11
2021-2024,F84_historico,U071,U071,solo_secundario,10
2021-2024,F84_historico,Z518,Z518,solo_secundario,10
2021-2024,F84_historico,S4240,S4240,solo_secundario,10
2021-2024,F84_historico,J352,J352,solo_secundario,9
2021-2024,F84_historico,J159,J159,solo_secundario,9
2021-2024,F84_historico,H509,H509,solo_secundario,9
2021-2024,F84_historico,F323,F323,solo_secundario,9
2021-2024,F84_historico,J9600,J9600,solo_secundario,8
2021-2024,F84_historico,K590,K590,solo_secundario,8
2021-2024,F84_historico,C910,C910,solo_secundario,8
2021-2024,F84_historico,K409,K409,solo_secundario,8
2021-2024,F84_historico,G473,G473,solo_secundario,8
2021-2024,F84_historico,F431,F431,solo_secundario,8
2021-2024,F84_historico,R568,R568,solo_secundario,8
2021-2024,F84_historico,J210,J210,solo_secundario,8
2021-2024,F84_historico,N390,N390,solo_secundario,8
2021-2024,F84_historico,A080,A080,solo_secundario,8
2021-2024,F84_historico,J219,J219,solo_secundario,7
2021-2024,F84_historico,F609,F609,solo_secundario,7
2021-2024,F84_historico,R560,R560,solo_secundario,7
2021-2024,F84_historico,P599,P599,solo_secundario,7
2021-2024,F84_historico,Q539,Q539,solo_secundario,7
2021-2024,F84_historico,Z138,Z138,solo_secundario,7
2021-2024,F84_historico,S519,S519,solo_secundario,7
2021-2024,F84_historico,N433,N433,solo_secundario,6
2021-2024,F84_historico,T435,T435,solo_secundario,6
2021-2024,F84_historico,C910,Z511,solo_secundario,6
2021-2024,F84_historico,J123,J123,solo_secundario,6
2021-2024,F84_historico,H501,H501,solo_secundario,6
2021-2024,F84_historico,Z038,Z038,solo_secundario,6
2021-2024,F84_historico,R458,R458,solo_secundario,6
2021-2024,F84_historico,P073,P073,solo_secundario,6
2021-2024,F84_historico,Q381,Q381,solo_secundario,5
2021-2024,F84_historico,G404,G404,solo_secundario,5
2021-2024,F84_historico,P704,P704,solo_secundario,5
2021-2024,F84_historico,G403,G403,solo_secundario,5
2021-2024,F84_historico,F419,F419,solo_secundario,5
2021-2024,F84_historico,G710,G710,solo_secundario,5
2021-2024,F84_historico,R509,R509,solo_secundario,5
2021-2024,F84_historico,F412,F412,solo_secundario,5
2021-2024,F84_historico,K566,K566,solo_secundario,5
2021-2024,F84_historico,J069,J069,solo_secundario,5
2021-2024,F84_historico,S5250,S5250,solo_secundario,5
2021-2024,F84_historico,L600,L600,solo_secundario,5
2021-2024,F84_historico,K352,K352,solo_secundario,5
2021-2024,F84_historico,N10,N10,solo_secundario,5
2021-2024,F84_historico,H905,H905,solo_secundario,5
2021-2024,F84_historico,F913,F913,solo_secundario,4
2021-2024,F84_historico,J189,J189,solo_secundario,4
2021-2024,F84_historico,N179,N179,solo_secundario,4
2021-2024,F84_historico,P071,P071,solo_secundario,4
2021-2024,F84_historico,K800,K800,solo_secundario,4
2021-2024,F84_historico,J350,J350,solo_secundario,4
2021-2024,F84_historico,T509,T509,solo_secundario,4
2021-2024,F84_historico,A090,A090,solo_secundario,4
2021-2024,F84_historico,F209,F209,solo_secundario,4
2021-2024,F84_historico,N44,N44,solo_secundario,4
2021-2024,F84_historico,K029,K029,solo_secundario,4
2021-2024,F84_historico,F321,F321,solo_secundario,4
2021-2024,F84_historico,S8230,S8230,solo_secundario,4
2021-2024,F84_historico,P221,P221,solo_secundario,4
2021-2024,F84_historico,J690,J690,solo_secundario,4
2021-2024,F84_historico,P598,P598,solo_secundario,4
2021-2024,F84_historico,F919,F919,solo_secundario,4
2021-2024,F84_historico,S8280,S8280,solo_secundario,4
2021-2024,F84_historico,F919,F919,principal,4
2021-2024,F84_historico,I471,I471,solo_secundario,4
2021-2024,F84_historico,F900,F900,solo_secundario,3
2021-2024,F84_historico,G048,G048,solo_secundario,3
2021-2024,F84_historico,E111,E111,solo_secundario,3
2021-2024,F84_historico,H919,H919,solo_secundario,3
2021-2024,F84_historico,G409,G409,principal,3
2021-2024,F84_historico,D70,D70,solo_secundario,3
2021-2024,F84_historico,Q665,Q665,solo_secundario,3
2021-2024,F84_historico,G418,G418,solo_secundario,3
2021-2024,F84_historico,J120,J120,solo_secundario,3
2021-2024,F84_historico,T182,T182,solo_secundario,3
2021-2024,F84_historico,J101,J101,solo_secundario,3
2021-2024,F84_historico,J100,J100,solo_secundario,3
2021-2024,F84_historico,F200,F200,solo_secundario,3
2021-2024,F84_historico,G401,G409,solo_secundario,3
2021-2024,F84_historico,Q668,Q668,solo_secundario,3
2021-2024,F84_historico,H669,H669,solo_secundario,3
2021-2024,F84_historico,J029,J029,solo_secundario,3
2021-2024,F84_historico,T426,T426,solo_secundario,3
2021-2024,F84_historico,S0680,S0680,solo_secundario,3
2021-2024,F84_historico,K561,K561,solo_secundario,3
2021-2024,F84_historico,F449,F449,solo_secundario,3
2021-2024,F84_historico,K402,K402,solo_secundario,3
2021-2024,F84_historico,J122,J122,solo_secundario,3
2021-2024,F84_historico,K562,K562,solo_secundario,3
2021-2024,F84_historico,K565,K565,solo_secundario,3
2021-2024,F84_historico,P209,P209,solo_secundario,3
2021-2024,F84_historico,K805,K805,solo_secundario,3
2021-2024,F84_historico,F39,F39,solo_secundario,3
2021-2024,F84_historico,F319,F319,solo_secundario,3
2021-2024,F84_historico,F388,F388,solo_secundario,3
2021-2024,F84_historico,S5230,S5230,solo_secundario,3
2021-2024,F84_historico,Z470,Z470,solo_secundario,3
2021-2024,F84_historico,N500,N500,solo_secundario,3
2021-2024,F84_historico,F329,F329,principal,3
2021-2024,F84_historico,M2157,M2157,solo_secundario,3
2021-2024,F84_historico,A084,A084,solo_secundario,3
2021-2024,F84_historico,F329,F323,solo_secundario,3
2021-2024,F84_historico,S5270,S5270,solo_secundario,3
2021-2024,F84_historico,K219,K219,solo_secundario,3
2021-2024,F84_historico,R104,R104,solo_secundario,3
2021-2024,F84_historico,Q213,Q213,solo_secundario,3
2021-2024,F84_historico,F500,F500,solo_secundario,3
2021-2024,F84_historico,R11,R11,solo_secundario,3
2021-2024,F84_historico,K028,K028,solo_secundario,3
2021-2024,F84_historico,Q355,Q355,solo_secundario,3
2021-2024,F84_historico,P551,P551,solo_secundario,3
2021-2024,F84_historico,J158,J158,solo_secundario,3
2021-2024,F84_historico,J9609,J9609,solo_secundario,3
2021-2024,F84_historico,R590,R590,solo_secundario,3
2021-2024,F84_historico,T850,T850,solo_secundario,3
2021-2024,F84_historico,J459,J459,solo_secundario,3
2021-2024,F84_historico,J208,J208,solo_secundario,3
2021-2024,F84_historico,R620,R620,principal,2
2021-2024,F84_historico,G402,G402,solo_secundario,2
2021-2024,F84_historico,F459,F459,solo_secundario,2
2021-2024,F84_historico,S5240,S5240,solo_secundario,2
2021-2024,F84_historico,R13,R13,solo_secundario,2
2021-2024,F84_historico,S5280,S5280,solo_secundario,2
2021-2024,F84_historico,S5290,S5290,solo_secundario,2
2021-2024,F84_historico,S010,S010,solo_secundario,2
2021-2024,F84_historico,S517,S517,solo_secundario,2
2021-2024,F84_historico,F69,F69,solo_secundario,2
2021-2024,F84_historico,G258,G258,solo_secundario,2
2021-2024,F84_historico,F432,F432,solo_secundario,2
2021-2024,F84_historico,S0690,S0690,solo_secundario,2
2021-2024,F84_historico,F410,F410,solo_secundario,2
2021-2024,F84_historico,F918,F918,solo_secundario,2
2021-2024,F84_historico,F982,F982,solo_secundario,2
2021-2024,F84_historico,R55,R55,solo_secundario,2
2021-2024,F84_historico,F952,F952,solo_secundario,2
2021-2024,F84_historico,S411,S411,solo_secundario,2
2021-2024,F84_historico,F432,F432,principal,2
2021-2024,F84_historico,F83,F83,solo_secundario,2
2021-2024,F84_historico,A020,A020,solo_secundario,2
2021-2024,F84_historico,Q909,Q909,solo_secundario,2
2021-2024,F84_historico,G409,J128,solo_secundario,2
2021-2024,F84_historico,P398,P398,solo_secundario,2
2021-2024,F84_historico,P284,P284,solo_secundario,2
2021-2024,F84_historico,P239,P239,solo_secundario,2
2021-2024,F84_historico,P220,Z518,solo_secundario,2
2021-2024,F84_historico,K36,K36,solo_secundario,2
2021-2024,F84_historico,K388,K388,solo_secundario,2
2021-2024,F84_historico,K429,K429,solo_secundario,2
2021-2024,F84_historico,K469,K469,solo_secundario,2
2021-2024,F84_historico,K519,K519,solo_secundario,2
2021-2024,F84_historico,P220,G409,solo_secundario,2
2021-2024,F84_historico,P050,P050,solo_secundario,2
2021-2024,F84_historico,O471,O471,solo_secundario,2
2021-2024,F84_historico,O244,O244,solo_secundario,2
2021-2024,F84_historico,O034,O034,solo_secundario,2
2021-2024,F84_historico,O021,O021,solo_secundario,2
2021-2024,F84_historico,L032,L032,solo_secundario,2
2021-2024,F84_historico,L059,L059,principal,2
2021-2024,F84_historico,L059,L059,solo_secundario,2
2021-2024,F84_historico,N939,N939,solo_secundario,2
2021-2024,F84_historico,N871,N871,solo_secundario,2
2021-2024,F84_historico,L720,L720,solo_secundario,2
2021-2024,F84_historico,N508,N508,solo_secundario,2
2021-2024,F84_historico,N47,N47,principal,2
2021-2024,F84_historico,M2106,M2106,solo_secundario,2
2021-2024,F84_historico,M2147,M2147,solo_secundario,2
2021-2024,F84_historico,M4115,M4115,solo_secundario,2
2021-2024,F84_historico,M9115,M9115,solo_secundario,2
2021-2024,F84_historico,M930,M930,solo_secundario,2
2021-2024,F84_historico,N048,N048,solo_secundario,2
2021-2024,F84_historico,J450,J450,solo_secundario,2
2021-2024,F84_historico,J353,N47,solo_secundario,2
2021-2024,F84_historico,P923,P923,solo_secundario,2
2021-2024,F84_historico,Q556,Q556,solo_secundario,2
2021-2024,F84_historico,G410,G410,solo_secundario,2
2021-2024,F84_historico,Q790,Q790,solo_secundario,2
2021-2024,F84_historico,G419,G409,solo_secundario,2
2021-2024,F84_historico,Q753,Q753,solo_secundario,2
2021-2024,F84_historico,G918,G918,solo_secundario,2
2021-2024,F84_historico,Q740,Q740,solo_secundario,2
2021-2024,F84_historico,G934,G934,solo_secundario,2
2021-2024,F84_historico,H500,H500,solo_secundario,2
2021-2024,F84_historico,H508,H508,solo_secundario,2
2021-2024,F84_historico,H663,H663,solo_secundario,2
2021-2024,F84_historico,Q644,Q644,solo_secundario,2
2021-2024,F84_historico,H819,H819,solo_secundario,2
2021-2024,F84_historico,H903,H903,solo_secundario,2
2021-2024,F84_historico,Q549,Q549,solo_secundario,2
2021-2024,F84_historico,Q039,Q039,solo_secundario,2
2021-2024,F84_historico,J00,J00,solo_secundario,2
2021-2024,F84_historico,J050,J050,solo_secundario,2
2021-2024,F84_historico,J111,J111,solo_secundario,2
2021-2024,F84_historico,F323,F603,solo_secundario,2
2021-2024,F84_historico,J121,J353,solo_secundario,2
2021-2024,F84_historico,Q379,Q379,solo_secundario,2
2021-2024,F84_historico,Q211,Q211,solo_secundario,2
2021-2024,F84_historico,J208,J206,solo_secundario,2
2021-2024,F84_historico,Q203,Q203,solo_secundario,2
2021-2024,F84_historico,J209,J123,solo_secundario,2
2021-2024,F84_historico,Q201,Q201,solo_secundario,2
2021-2024,F84_historico,J209,J206,solo_secundario,2
2021-2024,F84_historico,J342,J342,solo_secundario,2
2021-2024,F84_historico,J121,J129,solo_secundario,2
2021-2024,F84_historico,N110,N110,solo_secundario,2
2021-2024,F84_historico,D444,D444,solo_secundario,2
2021-2024,F84_historico,T433,T433,solo_secundario,2
2021-2024,F84_historico,S7220,S7220,solo_secundario,2
2021-2024,F84_historico,S7240,S7240,solo_secundario,2
2021-2024,F84_historico,T212,T212,solo_secundario,2
2021-2024,F84_historico,F09,F09,principal,2
2021-2024,F84_historico,A499,A499,solo_secundario,2
2021-2024,F84_historico,S8220,S8220,solo_secundario,2
2021-2024,F84_historico,T424,T435,solo_secundario,2
2021-2024,F84_historico,Z033,Z033,solo_secundario,2
2021-2024,F84_historico,F208,F208,solo_secundario,2
2021-2024,F84_historico,B002,B002,solo_secundario,2
2021-2024,F84_historico,Z291,Z291,solo_secundario,2
2021-2024,F84_historico,F191,F191,solo_secundario,2
2021-2024,F84_historico,F29,F29,principal,2
2021-2024,F84_historico,Z048,Z048,solo_secundario,2
2021-2024,F84_historico,E109,E109,solo_secundario,2
2021-2024,F84_historico,E43,E43,solo_secundario,2
2021-2024,F84_historico,F239,F239,solo_secundario,2
2021-2024,F84_historico,E46,E46,solo_secundario,2
2021-2024,F84_historico,F28,F28,solo_secundario,2
2021-2024,F84_historico,T232,T232,solo_secundario,2
2021-2024,F84_historico,D27,D27,solo_secundario,2
2021-2024,F84_historico,C629,C629,solo_secundario,2
2021-2024,F84_historico,A099,N47,solo_secundario,2
2021-2024,F84_historico,F209,F200,solo_secundario,2
2021-2024,F84_historico,T71,T71,solo_secundario,2
2021-2024,F84_historico,F232,F232,solo_secundario,2
2021-2024,F84_historico,D480,D480,solo_secundario,2
2021-2024,F84_historico,T141,T141,solo_secundario,2
2021-2024,F84_historico,S6260,S6260,solo_secundario,2
2021-2024,F84_historico,C910,D70,solo_secundario,2
2021-2024,F84_historico,F231,F231,solo_secundario,2
2021-2024,F84_historico,D162,D162,solo_secundario,2
2021-2024,F84_historico,T432,T432,principal,2
2021-2024,F84_historico,T427,T427,solo_secundario,2
2021-2024,F84_historico,E872,E872,solo_secundario,2
2021-2024,F84_historico,F322,F323,solo_secundario,2
2021-2024,F84_historico,D593,D593,solo_secundario,2
2021-2024,F84_historico,D069,D069,solo_secundario,2
2021-2024,F84_historico,E840,E840,solo_secundario,2
2021-2024,F84_historico,T390,T390,solo_secundario,2
2021-2024,F84_historico,T856,T850,solo_secundario,1
2021-2024,F84_historico,P598,J981,solo_secundario,1
2021-2024,F84_historico,T857,J101,solo_secundario,1
2021-2024,F84_historico,P599,A379,solo_secundario,1
2021-2024,F84_historico,P701,P701,solo_secundario,1
2021-2024,F84_historico,P599,E806,solo_secundario,1
2021-2024,F84_historico,P700,G008,solo_secundario,1
2021-2024,F84_historico,P599,R509,solo_secundario,1
2021-2024,F84_historico,P599,C717,solo_secundario,1
2021-2024,F84_historico,P599,J352,solo_secundario,1
2021-2024,F84_historico,T850,Z540,solo_secundario,1
2021-2024,F84_historico,P599,G934,solo_secundario,1
2021-2024,F84_historico,P599,K409,solo_secundario,1
2021-2024,F84_historico,P599,J122,solo_secundario,1
2021-2024,F84_historico,P599,J205,solo_secundario,1
2021-2024,F84_historico,P599,J210,solo_secundario,1
2021-2024,F84_historico,S562,S562,solo_secundario,1
2021-2024,F84_historico,P590,J209,solo_secundario,1
2021-2024,F84_historico,P598,J210,solo_secundario,1
2021-2024,F84_historico,P590,R17,solo_secundario,1
2021-2024,F84_historico,P393,N10,solo_secundario,1
2021-2024,F84_historico,P391,Q650,solo_secundario,1
2021-2024,F84_historico,P391,J46,solo_secundario,1
2021-2024,F84_historico,P38,N10,solo_secundario,1
2021-2024,F84_historico,P369,Z548,solo_secundario,1
2021-2024,F84_historico,P369,P369,solo_secundario,1
2021-2024,F84_historico,P369,B349,solo_secundario,1
2021-2024,F84_historico,P368,P368,solo_secundario,1
2021-2024,F84_historico,P364,K409,solo_secundario,1
2021-2024,F84_historico,P360,Q556,solo_secundario,1
2021-2024,F84_historico,P293,Q250,solo_secundario,1
2021-2024,F84_historico,U071,F329,solo_secundario,1
2021-2024,F84_historico,P284,P284,principal,1
2021-2024,F84_historico,P284,G473,solo_secundario,1
2021-2024,F84_historico,P271,P271,solo_secundario,1
2021-2024,F84_historico,P393,T407,solo_secundario,1
2021-2024,F84_historico,P398,J46,solo_secundario,1
2021-2024,F84_historico,U071,F208,solo_secundario,1
2021-2024,F84_historico,P551,S018,solo_secundario,1
2021-2024,F84_historico,T881,U071,solo_secundario,1
2021-2024,F84_historico,P590,P590,solo_secundario,1
2021-2024,F84_historico,P590,K219,solo_secundario,1
2021-2024,F84_historico,P590,J210,solo_secundario,1
2021-2024,F84_historico,T886,T782,solo_secundario,1
2021-2024,F84_historico,P590,G401,solo_secundario,1
2021-2024,F84_historico,T952,T952,solo_secundario,1
2021-2024,F84_historico,T958,T958,solo_secundario,1
2021-2024,F84_historico,P551,J128,solo_secundario,1
2021-2024,F84_historico,P551,B082,solo_secundario,1
2021-2024,F84_historico,P520,P520,solo_secundario,1
2021-2024,F84_historico,P399,P399,solo_secundario,1
2021-2024,F84_historico,P399,E162,solo_secundario,1
2021-2024,F84_historico,T958,K222,solo_secundario,1
2021-2024,F84_historico,T850,J46,solo_secundario,1
2021-2024,F84_historico,P77,P77,solo_secundario,1
2021-2024,F84_historico,P704,A090,solo_secundario,1
2021-2024,F84_historico,Q210,J352,solo_secundario,1
2021-2024,F84_historico,Q210,G409,solo_secundario,1
2021-2024,F84_historico,T780,T780,solo_secundario,1
2021-2024,F84_historico,Q204,R590,solo_secundario,1
2021-2024,F84_historico,T810,T810,solo_secundario,1
2021-2024,F84_historico,T813,L929,solo_secundario,1
2021-2024,F84_historico,T814,G409,solo_secundario,1
2021-2024,F84_historico,T814,J129,solo_secundario,1
2021-2024,F84_historico,T815,T815,solo_secundario,1
2021-2024,F84_historico,Q200,J159,solo_secundario,1
2021-2024,F84_historico,Q181,T512,solo_secundario,1
2021-2024,F84_historico,Q181,Q638,solo_secundario,1
2021-2024,F84_historico,Q181,Q181,solo_secundario,1
2021-2024,F84_historico,Q172,Q172,solo_secundario,1
2021-2024,F84_historico,T818,Q627,solo_secundario,1
2021-2024,F84_historico,Q150,Q150,solo_secundario,1
2021-2024,F84_historico,Q210,H919,solo_secundario,1
2021-2024,F84_historico,Q210,Q210,solo_secundario,1
2021-2024,F84_historico,P704,J121,solo_secundario,1
2021-2024,F84_historico,T751,T751,solo_secundario,1
2021-2024,F84_historico,Q255,F809,solo_secundario,1
2021-2024,F84_historico,T71,F322,principal,1
2021-2024,F84_historico,Q251,S099,solo_secundario,1
2021-2024,F84_historico,Q251,Q251,solo_secundario,1
2021-2024,F84_historico,Q250,J206,solo_secundario,1
2021-2024,F84_historico,Q250,J128,solo_secundario,1
2021-2024,F84_historico,Q248,J210,solo_secundario,1
2021-2024,F84_historico,Q234,Q230,solo_secundario,1
2021-2024,F84_historico,Q230,Q230,solo_secundario,1
2021-2024,F84_historico,Q224,J00,solo_secundario,1
2021-2024,F84_historico,T71,Q899,solo_secundario,1
2021-2024,F84_historico,Q220,Q220,solo_secundario,1
2021-2024,F84_historico,Q213,Q100,solo_secundario,1
2021-2024,F84_historico,Q212,Q251,solo_secundario,1
2021-2024,F84_historico,T742,F322,solo_secundario,1
2021-2024,F84_historico,Q123,H405,solo_secundario,1
2021-2024,F84_historico,Q120,Q120,solo_secundario,1
2021-2024,F84_historico,T821,T821,solo_secundario,1
2021-2024,F84_historico,Q120,J9609,solo_secundario,1
2021-2024,F84_historico,P942,G823,solo_secundario,1
2021-2024,F84_historico,T841,T841,solo_secundario,1
2021-2024,F84_historico,P942,A080,solo_secundario,1
2021-2024,F84_historico,P928,E86,solo_secundario,1
2021-2024,F84_historico,T848,T848,solo_secundario,1
2021-2024,F84_historico,P919,G253,solo_secundario,1
2021-2024,F84_historico,T850,G409,solo_secundario,1
2021-2024,F84_historico,P90,J219,solo_secundario,1
2021-2024,F84_historico,P781,J121,solo_secundario,1
2021-2024,F84_historico,P77,Z432,solo_secundario,1
2021-2024,F84_historico,P728,P728,solo_secundario,1
2021-2024,F84_historico,P711,P711,solo_secundario,1
2021-2024,F84_historico,P711,L040,solo_secundario,1
2021-2024,F84_historico,T850,G911,solo_secundario,1
2021-2024,F84_historico,P704,J206,solo_secundario,1
2021-2024,F84_historico,P942,P942,solo_secundario,1
2021-2024,F84_historico,P942,R568,solo_secundario,1
2021-2024,F84_historico,T840,T840,solo_secundario,1
2021-2024,F84_historico,Q039,U071,solo_secundario,1
2021-2024,F84_historico,Q120,H260,solo_secundario,1
2021-2024,F84_historico,Q069,D321,solo_secundario,1
2021-2024,F84_historico,Q059,Z038,solo_secundario,1
2021-2024,F84_historico,Q057,Q057,solo_secundario,1
2021-2024,F84_historico,Q040,Z098,solo_secundario,1
2021-2024,F84_historico,Q040,Q040,solo_secundario,1
2021-2024,F84_historico,T825,T825,solo_secundario,1
2021-2024,F84_historico,Q02,Q02,solo_secundario,1
2021-2024,F84_historico,Q039,T857,solo_secundario,1
2021-2024,F84_historico,T825,T828,solo_secundario,1
2021-2024,F84_historico,Q039,J042,solo_secundario,1
2021-2024,F84_historico,T827,I422,solo_secundario,1
2021-2024,F84_historico,Q038,S015,solo_secundario,1
2021-2024,F84_historico,Q038,Q531,solo_secundario,1
2021-2024,F84_historico,P271,K409,solo_secundario,1
2021-2024,F84_historico,P221,J129,solo_secundario,1
2021-2024,F84_historico,P271,J205,solo_secundario,1
2021-2024,F84_historico,O992,O266,solo_secundario,1
2021-2024,F84_historico,Z432,A418,solo_secundario,1
2021-2024,F84_historico,N835,T391,solo_secundario,1
2021-2024,F84_historico,N835,N835,solo_secundario,1
2021-2024,F84_historico,Z450,Z450,solo_secundario,1
2021-2024,F84_historico,Z452,Z452,solo_secundario,1
2021-2024,F84_historico,N835,F191,solo_secundario,1
2021-2024,F84_historico,N62,N62,solo_secundario,1
2021-2024,F84_historico,Z458,Q675,solo_secundario,1
2021-2024,F84_historico,Z478,F431,solo_secundario,1
2021-2024,F84_historico,Z488,Z488,solo_secundario,1
2021-2024,F84_historico,Z511,A090,solo_secundario,1
2021-2024,F84_historico,N47,J353,solo_secundario,1
2021-2024,F84_historico,Z511,Z511,solo_secundario,1
2021-2024,F84_historico,N47,J219,solo_secundario,1
2021-2024,F84_historico,N47,H501,solo_secundario,1
2021-2024,F84_historico,N940,T432,solo_secundario,1
2021-2024,F84_historico,Z432,A080,solo_secundario,1
2021-2024,F84_historico,Z308,Z308,solo_secundario,1
2021-2024,F84_historico,O240,O600,solo_secundario,1
2021-2024,F84_historico,O688,O688,solo_secundario,1
2021-2024,F84_historico,O610,O610,solo_secundario,1
2021-2024,F84_historico,O600,O600,solo_secundario,1
2021-2024,F84_historico,O266,F29,solo_secundario,1
2021-2024,F84_historico,O244,O800,solo_secundario,1
2021-2024,F84_historico,Z291,G700,solo_secundario,1
2021-2024,F84_historico,O068,O068,solo_secundario,1
2021-2024,F84_historico,N948,N948,solo_secundario,1
2021-2024,F84_historico,O036,O036,solo_secundario,1
2021-2024,F84_historico,O034,O021,solo_secundario,1
2021-2024,F84_historico,O028,O028,solo_secundario,1
2021-2024,F84_historico,Z302,F329,solo_secundario,1
2021-2024,F84_historico,Z302,T421,solo_secundario,1
2021-2024,F84_historico,N995,N995,solo_secundario,1
2021-2024,F84_historico,Z514,Z137,solo_secundario,1
2021-2024,F84_historico,Z518,I802,solo_secundario,1
2021-2024,F84_historico,Z518,J129,solo_secundario,1
2021-2024,F84_historico,Z653,Z653,principal,1
2021-2024,F84_historico,N185,U071,solo_secundario,1
2021-2024,F84_historico,N185,N185,solo_secundario,1
2021-2024,F84_historico,N185,A099,solo_secundario,1
2021-2024,F84_historico,Z548,Z548,solo_secundario,1
2021-2024,F84_historico,Z653,F199,solo_secundario,1
2021-2024,F84_historico,N179,M8445,solo_secundario,1
2021-2024,F84_historico,N179,K631,solo_secundario,1
2021-2024,F84_historico,N200,N201,solo_secundario,1
2021-2024,F84_historico,Z762,J111,solo_secundario,1
2021-2024,F84_historico,N178,N178,solo_secundario,1
2021-2024,F84_historico,N136,N390,solo_secundario,1
2021-2024,F84_historico,N135,N133,solo_secundario,1
2021-2024,F84_historico,Z762,Z762,solo_secundario,1
2021-2024,F84_historico,N132,N132,solo_secundario,1
2021-2024,F84_historico,N189,D509,solo_secundario,1
2021-2024,F84_historico,N210,N210,solo_secundario,1
2021-2024,F84_historico,Z518,Q046,solo_secundario,1
2021-2024,F84_historico,N390,N47,solo_secundario,1
2021-2024,F84_historico,N433,N433,principal,1
2021-2024,F84_historico,N433,C910,solo_secundario,1
2021-2024,F84_historico,Z540,T858,solo_secundario,1
2021-2024,F84_historico,N432,N432,solo_secundario,1
2021-2024,F84_historico,N390,Z033,solo_secundario,1
2021-2024,F84_historico,N390,R508,solo_secundario,1
2021-2024,F84_historico,Z540,Z540,solo_secundario,1
2021-2024,F84_historico,N319,N319,solo_secundario,1
2021-2024,F84_historico,N390,N390,principal,1
2021-2024,F84_historico,N390,J069,solo_secundario,1
2021-2024,F84_historico,N390,E870,solo_secundario,1
2021-2024,F84_historico,N390,D570,solo_secundario,1
2021-2024,F84_historico,N390,A080,solo_secundario,1
2021-2024,F84_historico,N319,Z518,solo_secundario,1
2021-2024,F84_historico,O800,O800,solo_secundario,1
2021-2024,F84_historico,O993,F329,solo_secundario,1
2021-2024,F84_historico,P271,B011,solo_secundario,1
2021-2024,F84_historico,O993,O820,solo_secundario,1
2021-2024,F84_historico,P220,R568,solo_secundario,1
2021-2024,F84_historico,P220,Q532,solo_secundario,1
2021-2024,F84_historico,P220,P912,solo_secundario,1
2021-2024,F84_historico,Z033,G409,solo_secundario,1
2021-2024,F84_historico,P220,J981,solo_secundario,1
2021-2024,F84_historico,Z033,Z038,solo_secundario,1
2021-2024,F84_historico,P220,J9609,solo_secundario,1
2021-2024,F84_historico,Z035,Z035,solo_secundario,1
2021-2024,F84_historico,P220,J210,solo_secundario,1
2021-2024,F84_historico,P220,J209,solo_secundario,1
2021-2024,F84_historico,P220,J121,solo_secundario,1
2021-2024,F84_historico,P220,J120,solo_secundario,1
2021-2024,F84_historico,Z038,A099,solo_secundario,1
2021-2024,F84_historico,P220,J040,solo_secundario,1
2021-2024,F84_historico,P220,J00,solo_secundario,1
2021-2024,F84_historico,Z018,Z518,solo_secundario,1
2021-2024,F84_historico,P220,R620,solo_secundario,1
2021-2024,F84_historico,P220,T850,solo_secundario,1
2021-2024,F84_historico,P228,J123,solo_secundario,1
2021-2024,F84_historico,P251,J209,solo_secundario,1
2021-2024,F84_historico,U071,J100,solo_secundario,1
2021-2024,F84_historico,P239,J209,solo_secundario,1
2021-2024,F84_historico,P239,J128,solo_secundario,1
2021-2024,F84_historico,P229,A085,solo_secundario,1
2021-2024,F84_historico,P228,P228,solo_secundario,1
2021-2024,F84_historico,U071,J128,solo_secundario,1
2021-2024,F84_historico,U071,U071,principal,1
2021-2024,F84_historico,U071,J189,solo_secundario,1
2021-2024,F84_historico,U071,J210,solo_secundario,1
2021-2024,F84_historico,Q255,Q255,solo_secundario,1
2021-2024,F84_historico,P221,G473,solo_secundario,1
2021-2024,F84_historico,U071,J690,solo_secundario,1
2021-2024,F84_historico,U071,O680,solo_secundario,1
2021-2024,F84_historico,P220,G473,solo_secundario,1
2021-2024,F84_historico,Z038,G408,solo_secundario,1
2021-2024,F84_historico,P220,E46,solo_secundario,1
2021-2024,F84_historico,Z138,A084,solo_secundario,1
2021-2024,F84_historico,Z137,Z137,solo_secundario,1
2021-2024,F84_historico,P070,J205,solo_secundario,1
2021-2024,F84_historico,P051,N390,solo_secundario,1
2021-2024,F84_historico,P051,K219,solo_secundario,1
2021-2024,F84_historico,P051,J129,solo_secundario,1
2021-2024,F84_historico,P051,G404,solo_secundario,1
2021-2024,F84_historico,P051,E45,solo_secundario,1
2021-2024,F84_historico,P071,R560,solo_secundario,1
2021-2024,F84_historico,Z138,K092,solo_secundario,1
2021-2024,F84_historico,P008,J129,solo_secundario,1
2021-2024,F84_historico,P008,J122,solo_secundario,1
2021-2024,F84_historico,Z201,Z201,solo_secundario,1
2021-2024,F84_historico,O996,O300,solo_secundario,1
2021-2024,F84_historico,Z291,G409,solo_secundario,1
2021-2024,F84_historico,P071,P073,solo_secundario,1
2021-2024,F84_historico,P073,J690,solo_secundario,1
2021-2024,F84_historico,Z038,J208,solo_secundario,1
2021-2024,F84_historico,P210,J206,solo_secundario,1
2021-2024,F84_historico,P220,A099,solo_secundario,1
2021-2024,F84_historico,Z038,K913,solo_secundario,1
2021-2024,F84_historico,P220,A082,solo_secundario,1
2021-2024,F84_historico,P219,J210,solo_secundario,1
2021-2024,F84_historico,P210,J209,solo_secundario,1
2021-2024,F84_historico,Z038,T881,solo_secundario,1
2021-2024,F84_historico,P209,P598,solo_secundario,1
2021-2024,F84_historico,P073,J9609,solo_secundario,1
2021-2024,F84_historico,Z090,Z090,solo_secundario,1
2021-2024,F84_historico,P130,J209,solo_secundario,1
2021-2024,F84_historico,P073,R068,solo_secundario,1
2021-2024,F84_historico,P073,Q542,solo_secundario,1
2021-2024,F84_historico,Z098,J209,solo_secundario,1
2021-2024,F84_historico,P073,P071,solo_secundario,1
2021-2024,F84_historico,T633,T633,solo_secundario,1
2021-2024,F84_historico,Q355,D70,solo_secundario,1
2021-2024,F84_historico,Q256,R560,solo_secundario,1
2021-2024,F84_historico,Q270,Q270,solo_secundario,1
2021-2024,F84_historico,T143,T143,solo_secundario,1
2021-2024,F84_historico,R568,N47,solo_secundario,1
2021-2024,F84_historico,R568,J128,solo_secundario,1
2021-2024,F84_historico,R568,J00,solo_secundario,1
2021-2024,F84_historico,R568,H500,solo_secundario,1
2021-2024,F84_historico,R568,G409,solo_secundario,1
2021-2024,F84_historico,R568,G401,solo_secundario,1
2021-2024,F84_historico,T173,T173,solo_secundario,1
2021-2024,F84_historico,R560,R560,principal,1
2021-2024,F84_historico,R560,J204,solo_secundario,1
2021-2024,F84_historico,R560,J158,solo_secundario,1
2021-2024,F84_historico,T185,T391,solo_secundario,1
2021-2024,F84_historico,T202,J121,solo_secundario,1
2021-2024,F84_historico,T202,L928,solo_secundario,1
2021-2024,F84_historico,R560,J00,solo_secundario,1
2021-2024,F84_historico,R568,Q531,solo_secundario,1
2021-2024,F84_historico,R568,R568,principal,1
2021-2024,F84_historico,R590,L048,solo_secundario,1
2021-2024,F84_historico,S0210,G408,solo_secundario,1
2021-2024,F84_historico,S0250,K047,solo_secundario,1
2021-2024,F84_historico,S0231,Z470,solo_secundario,1
2021-2024,F84_historico,S0221,S0221,solo_secundario,1
2021-2024,F84_historico,S0220,S0220,solo_secundario,1
2021-2024,F84_historico,S0210,S0210,solo_secundario,1
2021-2024,F84_historico,S0210,J450,solo_secundario,1
2021-2024,F84_historico,S018,S018,solo_secundario,1
2021-2024,F84_historico,T141,F608,solo_secundario,1
2021-2024,F84_historico,S017,S017,solo_secundario,1
2021-2024,F84_historico,S009,Z048,solo_secundario,1
2021-2024,F84_historico,S008,J121,solo_secundario,1
2021-2024,F84_historico,R631,N47,solo_secundario,1
2021-2024,F84_historico,R628,R628,solo_secundario,1
2021-2024,F84_historico,T140,T140,solo_secundario,1
2021-2024,F84_historico,R560,G409,solo_secundario,1
2021-2024,F84_historico,R560,B340,solo_secundario,1
2021-2024,F84_historico,T211,T211,solo_secundario,1
2021-2024,F84_historico,R161,R161,solo_secundario,1
2021-2024,F84_historico,R451,R451,principal,1
2021-2024,F84_historico,R451,F431,solo_secundario,1
2021-2024,F84_historico,R42,R42,solo_secundario,1
2021-2024,F84_historico,R270,K529,solo_secundario,1
2021-2024,F84_historico,R268,R268,solo_secundario,1
2021-2024,F84_historico,R17,G919,solo_secundario,1
2021-2024,F84_historico,T383,T383,solo_secundario,1
2021-2024,F84_historico,R451,R451,solo_secundario,1
2021-2024,F84_historico,R13,J123,solo_secundario,1
2021-2024,F84_historico,R11,T850,solo_secundario,1
2021-2024,F84_historico,T391,T432,solo_secundario,1
2021-2024,F84_historico,R11,L511,solo_secundario,1
2021-2024,F84_historico,R11,F431,solo_secundario,1
2021-2024,F84_historico,T393,F438,solo_secundario,1
2021-2024,F84_historico,T368,T368,solo_secundario,1
2021-2024,F84_historico,R451,Z046,solo_secundario,1
2021-2024,F84_historico,R51,R51,solo_secundario,1
2021-2024,F84_historico,R508,R508,solo_secundario,1
2021-2024,F84_historico,T220,T748,solo_secundario,1
2021-2024,F84_historico,R509,K918,solo_secundario,1
2021-2024,F84_historico,T233,T233,solo_secundario,1
2021-2024,F84_historico,R509,K598,solo_secundario,1
2021-2024,F84_historico,R509,J121,solo_secundario,1
2021-2024,F84_historico,R509,D761,solo_secundario,1
2021-2024,F84_historico,R463,R463,principal,1
2021-2024,F84_historico,R458,F322,solo_secundario,1
2021-2024,F84_historico,T242,T242,solo_secundario,1
2021-2024,F84_historico,R458,R451,solo_secundario,1
2021-2024,F84_historico,R458,F609,solo_secundario,1
2021-2024,F84_historico,R458,F603,solo_secundario,1
2021-2024,F84_historico,T292,T242,solo_secundario,1
2021-2024,F84_historico,T360,T360,solo_secundario,1
2021-2024,F84_historico,S0270,S0270,solo_secundario,1
2021-2024,F84_historico,T120,T120,solo_secundario,1
2021-2024,F84_historico,S0290,S0290,solo_secundario,1
2021-2024,F84_historico,S8210,S8210,solo_secundario,1
2021-2024,F84_historico,S519,S501,solo_secundario,1
2021-2024,F84_historico,S519,F603,solo_secundario,1
2021-2024,F84_historico,S519,F329,solo_secundario,1
2021-2024,F84_historico,S519,F322,solo_secundario,1
2021-2024,F84_historico,S518,F501,solo_secundario,1
2021-2024,F84_historico,S7290,S7290,solo_secundario,1
2021-2024,F84_historico,S517,S517,principal,1
2021-2024,F84_historico,S519,T391,principal,1
2021-2024,F84_historico,S517,F412,solo_secundario,1
2021-2024,F84_historico,S8230,S8220,solo_secundario,1
2021-2024,F84_historico,S4240,K029,solo_secundario,1
2021-2024,F84_historico,S4240,A86,solo_secundario,1
2021-2024,F84_historico,S4230,S4230,principal,1
2021-2024,F84_historico,S4230,M8664,solo_secundario,1
2021-2024,F84_historico,S681,S681,solo_secundario,1
2021-2024,F84_historico,S5200,S5200,solo_secundario,1
2021-2024,F84_historico,S4200,S4200,solo_secundario,1
2021-2024,F84_historico,S5260,T842,solo_secundario,1
2021-2024,F84_historico,S530,S530,solo_secundario,1
2021-2024,F84_historico,S610,K729,solo_secundario,1
2021-2024,F84_historico,S5280,Z470,solo_secundario,1
2021-2024,F84_historico,S618,F609,solo_secundario,1
2021-2024,F84_historico,S5270,Z470,solo_secundario,1
2021-2024,F84_historico,S618,S618,solo_secundario,1
2021-2024,F84_historico,S5250,S5280,solo_secundario,1
2021-2024,F84_historico,S5231,S5231,solo_secundario,1
2021-2024,F84_historico,S619,S619,solo_secundario,1
2021-2024,F84_historico,S6251,S6251,solo_secundario,1
2021-2024,F84_historico,S6261,S6261,solo_secundario,1
2021-2024,F84_historico,S5250,S5250,principal,1
2021-2024,F84_historico,S5250,S5241,solo_secundario,1
2021-2024,F84_historico,S678,S678,solo_secundario,1
2021-2024,F84_historico,S4220,S4220,solo_secundario,1
2021-2024,F84_historico,S411,T432,solo_secundario,1
2021-2024,F84_historico,S033,S033,solo_secundario,1
2021-2024,F84_historico,S0640,S0640,solo_secundario,1
2021-2024,F84_historico,S9230,T844,solo_secundario,1
2021-2024,F84_historico,S0690,G403,solo_secundario,1
2021-2024,F84_historico,S0660,S0660,solo_secundario,1
2021-2024,F84_historico,S0650,Z518,solo_secundario,1
2021-2024,F84_historico,S0650,S0650,solo_secundario,1
2021-2024,F84_historico,S0641,S0641,solo_secundario,1
2021-2024,F84_historico,S0620,S0620,solo_secundario,1
2021-2024,F84_historico,S109,F323,solo_secundario,1
2021-2024,F84_historico,S9250,S9250,solo_secundario,1
2021-2024,F84_historico,S0600,S5200,solo_secundario,1
2021-2024,F84_historico,S0600,S0600,solo_secundario,1
2021-2024,F84_historico,S058,H270,solo_secundario,1
2021-2024,F84_historico,S053,S053,solo_secundario,1
2021-2024,F84_historico,S051,S051,solo_secundario,1
2021-2024,F84_historico,S098,S098,solo_secundario,1
2021-2024,F84_historico,S152,C910,solo_secundario,1
2021-2024,F84_historico,S8240,S8240,solo_secundario,1
2021-2024,F84_historico,S3240,S3240,solo_secundario,1
2021-2024,F84_historico,S8280,Q401,solo_secundario,1
2021-2024,F84_historico,S410,S410,solo_secundario,1
2021-2024,F84_historico,S3700,S3700,solo_secundario,1
2021-2024,F84_historico,S3611,T810,solo_secundario,1
2021-2024,F84_historico,S8280,Z518,solo_secundario,1
2021-2024,F84_historico,S910,S910,principal,1
2021-2024,F84_historico,S3200,S3200,principal,1
2021-2024,F84_historico,S199,S199,solo_secundario,1
2021-2024,F84_historico,S911,S911,solo_secundario,1
2021-2024,F84_historico,S913,S913,solo_secundario,1
2021-2024,F84_historico,S315,S315,solo_secundario,1
2021-2024,F84_historico,S311,S311,solo_secundario,1
2021-2024,F84_historico,S301,N47,solo_secundario,1
2021-2024,F84_historico,S2200,T424,solo_secundario,1
2021-2024,F84_historico,R100,R100,solo_secundario,1
2021-2024,F84_historico,R068,R568,solo_secundario,1
2021-2024,F84_historico,T393,F500,solo_secundario,1
2021-2024,F84_historico,T439,T439,principal,1
2021-2024,F84_historico,Q531,G408,solo_secundario,1
2021-2024,F84_historico,Q531,D444,solo_secundario,1
2021-2024,F84_historico,T438,K358,solo_secundario,1
2021-2024,F84_historico,Q530,Q530,solo_secundario,1
2021-2024,F84_historico,Q529,J128,solo_secundario,1
2021-2024,F84_historico,Q447,Q447,solo_secundario,1
2021-2024,F84_historico,Q442,Q442,solo_secundario,1
2021-2024,F84_historico,Q531,J128,solo_secundario,1
2021-2024,F84_historico,Q438,T828,solo_secundario,1
2021-2024,F84_historico,Q438,Q438,solo_secundario,1
2021-2024,F84_historico,T439,T439,solo_secundario,1
2021-2024,F84_historico,Q431,Q539,solo_secundario,1
2021-2024,F84_historico,T450,T450,solo_secundario,1
2021-2024,F84_historico,Q420,N359,solo_secundario,1
2021-2024,F84_historico,Q531,J121,solo_secundario,1
2021-2024,F84_historico,T436,T436,solo_secundario,1
2021-2024,F84_historico,T454,T454,solo_secundario,1
2021-2024,F84_historico,Q539,N47,solo_secundario,1
2021-2024,F84_historico,Q542,T830,solo_secundario,1
2021-2024,F84_historico,Q542,Q542,solo_secundario,1
2021-2024,F84_historico,Q541,H500,solo_secundario,1
2021-2024,F84_historico,Q539,Q740,solo_secundario,1
2021-2024,F84_historico,Q539,Q532,solo_secundario,1
2021-2024,F84_historico,Q539,Q531,solo_secundario,1
2021-2024,F84_historico,Q539,L892,solo_secundario,1
2021-2024,F84_historico,Q532,J351,solo_secundario,1
2021-2024,F84_historico,Q539,J123,solo_secundario,1
2021-2024,F84_historico,Q539,J039,solo_secundario,1
2021-2024,F84_historico,T435,F300,solo_secundario,1
2021-2024,F84_historico,T435,F603,solo_secundario,1
2021-2024,F84_historico,Q532,Q200,solo_secundario,1
2021-2024,F84_historico,T435,T509,solo_secundario,1
2021-2024,F84_historico,Q400,J121,solo_secundario,1
2021-2024,F84_historico,T462,F321,solo_secundario,1
2021-2024,F84_historico,Q548,Q548,solo_secundario,1
2021-2024,F84_historico,Q315,Q870,solo_secundario,1
2021-2024,F84_historico,Q359,J440,solo_secundario,1
2021-2024,F84_historico,T511,T424,solo_secundario,1
2021-2024,F84_historico,S561,S561,solo_secundario,1
2021-2024,F84_historico,Q338,J128,solo_secundario,1
2021-2024,F84_historico,Q320,Q311,solo_secundario,1
2021-2024,F84_historico,Q318,J100,solo_secundario,1
2021-2024,F84_historico,Q315,Q315,solo_secundario,1
2021-2024,F84_historico,Q369,J189,solo_secundario,1
2021-2024,F84_historico,T543,T543,solo_secundario,1
2021-2024,F84_historico,Q315,K449,solo_secundario,1
2021-2024,F84_historico,Q315,H919,solo_secundario,1
2021-2024,F84_historico,Q280,Q273,solo_secundario,1
2021-2024,F84_historico,Q278,Q278,solo_secundario,1
2021-2024,F84_historico,Q273,Q273,solo_secundario,1
2021-2024,F84_historico,Q359,Q359,solo_secundario,1
2021-2024,F84_historico,T509,J46,solo_secundario,1
2021-2024,F84_historico,Q391,Q390,solo_secundario,1
2021-2024,F84_historico,T490,T490,solo_secundario,1
2021-2024,F84_historico,Q391,J120,solo_secundario,1
2021-2024,F84_historico,T469,F122,solo_secundario,1
2021-2024,F84_historico,Q391,I500,solo_secundario,1
2021-2024,F84_historico,Q388,U071,solo_secundario,1
2021-2024,F84_historico,T474,T474,solo_secundario,1
2021-2024,F84_historico,Q382,Q382,solo_secundario,1
2021-2024,F84_historico,Q381,G404,solo_secundario,1
2021-2024,F84_historico,Q374,Q374,solo_secundario,1
2021-2024,F84_historico,T495,T495,solo_secundario,1
2021-2024,F84_historico,Q379,T212,solo_secundario,1
2021-2024,F84_historico,T509,F603,solo_secundario,1
2021-2024,F84_historico,Q379,Q375,solo_secundario,1
2021-2024,F84_historico,Q378,H440,solo_secundario,1
2021-2024,F84_historico,T509,H46,solo_secundario,1
2021-2024,F84_historico,Q543,Q543,solo_secundario,1
2021-2024,F84_historico,T433,T433,principal,1
2021-2024,F84_historico,R068,G409,solo_secundario,1
2021-2024,F84_historico,T424,S5250,solo_secundario,1
2021-2024,F84_historico,T424,F412,solo_secundario,1
2021-2024,F84_historico,Q784,Q784,solo_secundario,1
2021-2024,F84_historico,N12,N12,solo_secundario,1
2021-2024,F84_historico,Q761,Q761,solo_secundario,1
2021-2024,F84_historico,Q760,Q760,solo_secundario,1
2021-2024,F84_historico,Q760,M4145,solo_secundario,1
2021-2024,F84_historico,Q754,H919,solo_secundario,1
2021-2024,F84_historico,T421,T421,solo_secundario,1
2021-2024,F84_historico,Q753,J219,solo_secundario,1
2021-2024,F84_historico,Q751,T842,solo_secundario,1
2021-2024,F84_historico,Q751,Q751,solo_secundario,1
2021-2024,F84_historico,Q750,T211,solo_secundario,1
2021-2024,F84_historico,Q743,Q743,solo_secundario,1
2021-2024,F84_historico,T426,F329,solo_secundario,1
2021-2024,F84_historico,T424,F322,solo_secundario,1
2021-2024,F84_historico,Q793,Q793,solo_secundario,1
2021-2024,F84_historico,Q741,Q741,solo_secundario,1
2021-2024,F84_historico,Q878,K859,solo_secundario,1
2021-2024,F84_historico,Q935,N390,solo_secundario,1
2021-2024,F84_historico,T393,T393,principal,1
2021-2024,F84_historico,Q909,A099,solo_secundario,1
2021-2024,F84_historico,T393,T393,solo_secundario,1
2021-2024,F84_historico,Q892,Q892,solo_secundario,1
2021-2024,F84_historico,T394,T394,solo_secundario,1
2021-2024,F84_historico,Q872,Q872,solo_secundario,1
2021-2024,F84_historico,Q850,Q850,solo_secundario,1
2021-2024,F84_historico,Q870,Z137,solo_secundario,1
2021-2024,F84_historico,Q870,Q870,solo_secundario,1
2021-2024,F84_historico,Q851,Q851,solo_secundario,1
2021-2024,F84_historico,Q851,G409,solo_secundario,1
2021-2024,F84_historico,Q851,F233,solo_secundario,1
2021-2024,F84_historico,T402,T402,solo_secundario,1
2021-2024,F84_historico,Q742,Q742,solo_secundario,1
2021-2024,F84_historico,T426,T426,principal,1
2021-2024,F84_historico,T433,F609,solo_secundario,1
2021-2024,F84_historico,Q642,Q642,solo_secundario,1
2021-2024,F84_historico,Q651,Z470,solo_secundario,1
2021-2024,F84_historico,Q651,Q651,solo_secundario,1
2021-2024,F84_historico,Q647,Q647,solo_secundario,1
2021-2024,F84_historico,T430,F603,solo_secundario,1
2021-2024,F84_historico,T432,F39,solo_secundario,1
2021-2024,F84_historico,T432,F603,solo_secundario,1
2021-2024,F84_historico,T432,S518,solo_secundario,1
2021-2024,F84_historico,Q658,Q658,solo_secundario,1
2021-2024,F84_historico,Q642,N133,solo_secundario,1
2021-2024,F84_historico,T432,S597,solo_secundario,1
2021-2024,F84_historico,Q625,Q625,solo_secundario,1
2021-2024,F84_historico,Q622,Q622,solo_secundario,1
2021-2024,F84_historico,Q603,Q603,solo_secundario,1
2021-2024,F84_historico,Q549,Q643,solo_secundario,1
2021-2024,F84_historico,Q654,T842,solo_secundario,1
2021-2024,F84_historico,Q660,Q660,solo_secundario,1
2021-2024,F84_historico,Q704,Q704,solo_secundario,1
2021-2024,F84_historico,Q668,J204,solo_secundario,1
2021-2024,F84_historico,Q699,Q692,solo_secundario,1
2021-2024,F84_historico,T426,T427,solo_secundario,1
2021-2024,F84_historico,Q691,Q691,solo_secundario,1
2021-2024,F84_historico,Q690,Q690,solo_secundario,1
2021-2024,F84_historico,Q676,T846,solo_secundario,1
2021-2024,F84_historico,Q668,Q660,solo_secundario,1
2021-2024,F84_historico,T426,T433,solo_secundario,1
2021-2024,F84_historico,T427,T393,solo_secundario,1
2021-2024,F84_historico,Q668,J00,solo_secundario,1
2021-2024,F84_historico,T426,T509,solo_secundario,1
2021-2024,F84_historico,Q668,A047,solo_secundario,1
2021-2024,F84_historico,T426,Z134,solo_secundario,1
2021-2024,F84_historico,Q665,K566,solo_secundario,1
2021-2024,F84_historico,Q660,Q760,solo_secundario,1
2021-2024,F84_historico,Q763,Q763,solo_secundario,1
2021-2024,F84_historico,K800,F314,solo_secundario,1
2021-2024,F84_historico,N10,Z431,solo_secundario,1
2021-2024,F84_historico,F432,F412,solo_secundario,1
2021-2024,F84_historico,F431,F431,principal,1
2021-2024,F84_historico,F431,F328,solo_secundario,1
2021-2024,F84_historico,F419,F412,solo_secundario,1
2021-2024,F84_historico,F418,F431,solo_secundario,1
2021-2024,F84_historico,F418,F418,solo_secundario,1
2021-2024,F84_historico,F412,S519,solo_secundario,1
2021-2024,F84_historico,F412,S411,solo_secundario,1
2021-2024,F84_historico,F412,F919,solo_secundario,1
2021-2024,F84_historico,F412,F603,solo_secundario,1
2021-2024,F84_historico,F412,F502,solo_secundario,1
2021-2024,F84_historico,F411,F431,solo_secundario,1
2021-2024,F84_historico,F411,F329,solo_secundario,1
2021-2024,F84_historico,F39,F329,solo_secundario,1
2021-2024,F84_historico,F380,F380,solo_secundario,1
2021-2024,F84_historico,F341,F603,solo_secundario,1
2021-2024,F84_historico,F333,F333,solo_secundario,1
2021-2024,F84_historico,F329,T432,solo_secundario,1
2021-2024,F84_historico,F432,F323,solo_secundario,1
2021-2024,F84_historico,F432,F603,solo_secundario,1
2021-2024,F84_historico,F329,S517,solo_secundario,1
2021-2024,F84_historico,F445,F445,solo_secundario,1
2021-2024,F84_historico,F603,F603,principal,1
2021-2024,F84_historico,F603,F602,solo_secundario,1
2021-2024,F84_historico,F603,F432,solo_secundario,1
2021-2024,F84_historico,F603,F192,solo_secundario,1
2021-2024,F84_historico,F603,F191,solo_secundario,1
2021-2024,F84_historico,F601,F601,solo_secundario,1
2021-2024,F84_historico,F514,F514,solo_secundario,1
2021-2024,F84_historico,F509,F609,solo_secundario,1
2021-2024,F84_historico,F509,F328,solo_secundario,1
2021-2024,F84_historico,F508,F329,solo_secundario,1
2021-2024,F84_historico,F508,F322,solo_secundario,1
2021-2024,F84_historico,F505,F508,solo_secundario,1
2021-2024,F84_historico,F503,F503,solo_secundario,1
2021-2024,F84_historico,F501,S517,solo_secundario,1
2021-2024,F84_historico,F501,F501,solo_secundario,1
2021-2024,F84_historico,F500,F502,solo_secundario,1
2021-2024,F84_historico,F500,F322,solo_secundario,1
2021-2024,F84_historico,F329,T391,solo_secundario,1
2021-2024,F84_historico,F329,R458,solo_secundario,1
2021-2024,F84_historico,F605,F319,solo_secundario,1
2021-2024,F84_historico,F322,O821,solo_secundario,1
2021-2024,F84_historico,F322,F431,solo_secundario,1
2021-2024,F84_historico,F322,F412,solo_secundario,1
2021-2024,F84_historico,F322,F329,solo_secundario,1
2021-2024,F84_historico,F321,F982,solo_secundario,1
2021-2024,F84_historico,F321,F941,solo_secundario,1
2021-2024,F84_historico,F319,T432,solo_secundario,1
2021-2024,F84_historico,F319,F319,principal,1
2021-2024,F84_historico,F318,F318,solo_secundario,1
2021-2024,F84_historico,F315,F315,solo_secundario,1
2021-2024,F84_historico,F314,F322,solo_secundario,1
2021-2024,F84_historico,F314,F314,solo_secundario,1
2021-2024,F84_historico,F312,F412,solo_secundario,1
2021-2024,F84_historico,F312,F312,solo_secundario,1
2021-2024,F84_historico,F311,F319,solo_secundario,1
2021-2024,F84_historico,F29,F28,solo_secundario,1
2021-2024,F84_historico,F29,F193,solo_secundario,1
2021-2024,F84_historico,F29,D611,solo_secundario,1
2021-2024,F84_historico,F322,K222,solo_secundario,1
2021-2024,F84_historico,F322,T800,solo_secundario,1
2021-2024,F84_historico,F329,F982,solo_secundario,1
2021-2024,F84_historico,F323,F319,solo_secundario,1
2021-2024,F84_historico,F329,F89,solo_secundario,1
2021-2024,F84_historico,F329,F609,solo_secundario,1
2021-2024,F84_historico,F329,F608,solo_secundario,1
2021-2024,F84_historico,F329,F603,solo_secundario,1
2021-2024,F84_historico,F329,F39,solo_secundario,1
2021-2024,F84_historico,F329,F330,solo_secundario,1
2021-2024,F84_historico,F329,F322,solo_secundario,1
2021-2024,F84_historico,F329,F29,solo_secundario,1
2021-2024,F84_historico,F328,T71,solo_secundario,1
2021-2024,F84_historico,F328,S518,solo_secundario,1
2021-2024,F84_historico,F328,F609,solo_secundario,1
2021-2024,F84_historico,F328,F328,solo_secundario,1
2021-2024,F84_historico,F328,F321,solo_secundario,1
2021-2024,F84_historico,F323,T435,solo_secundario,1
2021-2024,F84_historico,F323,F609,solo_secundario,1
2021-2024,F84_historico,F323,F333,solo_secundario,1
2021-2024,F84_historico,F323,F322,solo_secundario,1
2021-2024,F84_historico,F603,S119,solo_secundario,1
2021-2024,F84_historico,F606,F606,solo_secundario,1
2021-2024,F84_historico,N10,J352,solo_secundario,1
2021-2024,F84_historico,G404,J121,solo_secundario,1
2021-2024,F84_historico,G403,J00,solo_secundario,1
2021-2024,F84_historico,G403,G404,solo_secundario,1
2021-2024,F84_historico,G403,F799,solo_secundario,1
2021-2024,F84_historico,G403,F431,solo_secundario,1
2021-2024,F84_historico,G402,Z470,solo_secundario,1
2021-2024,F84_historico,G402,G409,solo_secundario,1
2021-2024,F84_historico,G401,Z547,solo_secundario,1
2021-2024,F84_historico,G401,Z518,solo_secundario,1
2021-2024,F84_historico,G401,G410,solo_secundario,1
2021-2024,F84_historico,G309,G309,solo_secundario,1
2021-2024,F84_historico,G259,F681,solo_secundario,1
2021-2024,F84_historico,G255,G255,solo_secundario,1
2021-2024,F84_historico,G249,G249,solo_secundario,1
2021-2024,F84_historico,G248,N47,solo_secundario,1
2021-2024,F84_historico,G248,G248,principal,1
2021-2024,F84_historico,G243,G243,solo_secundario,1
2021-2024,F84_historico,G210,J189,solo_secundario,1
2021-2024,F84_historico,G404,D430,solo_secundario,1
2021-2024,F84_historico,G404,J123,solo_secundario,1
2021-2024,F84_historico,F988,F900,principal,1
2021-2024,F84_historico,G404,Q850,solo_secundario,1
2021-2024,F84_historico,G409,T850,solo_secundario,1
2021-2024,F84_historico,G409,R13,solo_secundario,1
2021-2024,F84_historico,G409,Q381,solo_secundario,1
2021-2024,F84_historico,G409,Q211,solo_secundario,1
2021-2024,F84_historico,G409,Q048,solo_secundario,1
2021-2024,F84_historico,G409,J208,solo_secundario,1
2021-2024,F84_historico,G409,G419,solo_secundario,1
2021-2024,F84_historico,G409,G402,solo_secundario,1
2021-2024,F84_historico,G409,F233,solo_secundario,1
2021-2024,F84_historico,G409,E833,solo_secundario,1
2021-2024,F84_historico,G409,D330,solo_secundario,1
2021-2024,F84_historico,G408,G408,principal,1
2021-2024,F84_historico,G408,G407,solo_secundario,1
2021-2024,F84_historico,G408,G049,solo_secundario,1
2021-2024,F84_historico,G406,G406,solo_secundario,1
2021-2024,F84_historico,G405,G405,solo_secundario,1
2021-2024,F84_historico,G404,Z138,solo_secundario,1
2021-2024,F84_historico,G128,G128,solo_secundario,1
2021-2024,F84_historico,F988,F603,solo_secundario,1
2021-2024,F84_historico,F607,F607,solo_secundario,1
2021-2024,F84_historico,F719,F83,solo_secundario,1
2021-2024,F84_historico,F718,F711,solo_secundario,1
2021-2024,F84_historico,F711,N183,solo_secundario,1
2021-2024,F84_historico,F711,F711,solo_secundario,1
2021-2024,F84_historico,F711,F431,solo_secundario,1
2021-2024,F84_historico,F701,F701,solo_secundario,1
2021-2024,F84_historico,F648,S518,solo_secundario,1
2021-2024,F84_historico,F648,F648,solo_secundario,1
2021-2024,F84_historico,F640,F640,solo_secundario,1
2021-2024,F84_historico,F639,F608,solo_secundario,1
2021-2024,F84_historico,F638,F638,principal,1
2021-2024,F84_historico,F638,F39,solo_secundario,1
2021-2024,F84_historico,F609,T435,solo_secundario,1
2021-2024,F84_historico,F609,T433,solo_secundario,1
2021-2024,F84_historico,F609,N132,solo_secundario,1
2021-2024,F84_historico,F609,F609,principal,1
2021-2024,F84_historico,F608,F608,solo_secundario,1
2021-2024,F84_historico,F608,F603,solo_secundario,1
2021-2024,F84_historico,F719,F719,solo_secundario,1
2021-2024,F84_historico,F729,F729,solo_secundario,1
2021-2024,F84_historico,F982,F982,principal,1
2021-2024,F84_historico,F791,E668,solo_secundario,1
2021-2024,F84_historico,F959,F638,solo_secundario,1
2021-2024,F84_historico,F938,S411,solo_secundario,1
2021-2024,F84_historico,F932,K358,solo_secundario,1
2021-2024,F84_historico,F920,F920,solo_secundario,1
2021-2024,F84_historico,F913,T71,solo_secundario,1
2021-2024,F84_historico,F913,F919,solo_secundario,1
2021-2024,F84_historico,F913,F913,principal,1
2021-2024,F84_historico,F913,F191,solo_secundario,1
2021-2024,F84_historico,F901,F901,solo_secundario,1
2021-2024,F84_historico,F900,F919,solo_secundario,1
2021-2024,F84_historico,F900,F900,principal,1
2021-2024,F84_historico,F900,F319,solo_secundario,1
2021-2024,F84_historico,F89,F89,solo_secundario,1
2021-2024,F84_historico,F89,F89,principal_y_secundario,1
2021-2024,F84_historico,F799,F799,solo_secundario,1
2021-2024,F84_historico,F799,F609,principal,1
2021-2024,F84_historico,F798,F798,solo_secundario,1
2021-2024,F84_historico,F28,R458,solo_secundario,1
2021-2024,F84_historico,F28,F209,solo_secundario,1
2021-2024,F84_historico,F239,F239,principal,1
2021-2024,F84_historico,C950,D70,solo_secundario,1
2021-2024,F84_historico,C920,C920,solo_secundario,1
2021-2024,F84_historico,C911,J00,solo_secundario,1
2021-2024,F84_historico,C910,Z518,solo_secundario,1
2021-2024,F84_historico,C910,J00,solo_secundario,1
2021-2024,F84_historico,C857,D481,solo_secundario,1
2021-2024,F84_historico,C780,C780,solo_secundario,1
2021-2024,F84_historico,C729,T850,solo_secundario,1
2021-2024,F84_historico,C719,C719,solo_secundario,1
2021-2024,F84_historico,C716,G409,solo_secundario,1
2021-2024,F84_historico,C716,C716,solo_secundario,1
2021-2024,F84_historico,C629,Z511,solo_secundario,1
2021-2024,F84_historico,C56,R591,solo_secundario,1
2021-2024,F84_historico,C442,C442,solo_secundario,1
2021-2024,F84_historico,C439,C439,solo_secundario,1
2021-2024,F84_historico,C402,C402,solo_secundario,1
2021-2024,F84_historico,C222,Z511,solo_secundario,1
2021-2024,F84_historico,C169,C169,solo_secundario,1
2021-2024,F84_historico,C950,C910,solo_secundario,1
2021-2024,F84_historico,C959,C910,solo_secundario,1
2021-2024,F84_historico,B349,B349,solo_secundario,1
2021-2024,F84_historico,C959,C959,solo_secundario,1
2021-2024,F84_historico,D380,D380,solo_secundario,1
2021-2024,F84_historico,D376,D376,solo_secundario,1
2021-2024,F84_historico,D374,D374,solo_secundario,1
2021-2024,F84_historico,D367,D367,solo_secundario,1
2021-2024,F84_historico,D334,D334,solo_secundario,1
2021-2024,F84_historico,D316,D316,solo_secundario,1
2021-2024,F84_historico,D24,D24,solo_secundario,1
2021-2024,F84_historico,D235,D235,solo_secundario,1
2021-2024,F84_historico,D234,D234,solo_secundario,1
2021-2024,F84_historico,D232,Q531,solo_secundario,1
2021-2024,F84_historico,D181,M7935,solo_secundario,1
2021-2024,F84_historico,D175,D175,solo_secundario,1
2021-2024,F84_historico,D164,H660,solo_secundario,1
2021-2024,F84_historico,D161,D480,solo_secundario,1
2021-2024,F84_historico,D160,D160,solo_secundario,1
2021-2024,F84_historico,D069,N72,solo_secundario,1
2021-2024,F84_historico,C959,D70,solo_secundario,1
2021-2024,F84_historico,B354,B354,solo_secundario,1
2021-2024,F84_historico,B348,J459,solo_secundario,1
2021-2024,F84_historico,F238,F238,principal,1
2021-2024,F84_historico,A099,J159,solo_secundario,1
2021-2024,F84_historico,A099,G401,solo_secundario,1
2021-2024,F84_historico,A099,E872,solo_secundario,1
2021-2024,F84_historico,A090,Q423,solo_secundario,1
2021-2024,F84_historico,A090,J030,solo_secundario,1
2021-2024,F84_historico,A090,G048,solo_secundario,1
2021-2024,F84_historico,A090,E162,solo_secundario,1
2021-2024,F84_historico,A090,A099,solo_secundario,1
2021-2024,F84_historico,A090,A090,principal,1
2021-2024,F84_historico,A084,Q120,solo_secundario,1
2021-2024,F84_historico,A084,A084,principal,1
2021-2024,F84_historico,A083,A083,solo_secundario,1
2021-2024,F84_historico,A080,J353,solo_secundario,1
2021-2024,F84_historico,A080,J128,solo_secundario,1
2021-2024,F84_historico,A080,J123,solo_secundario,1
2021-2024,F84_historico,A080,A080,principal,1
2021-2024,F84_historico,A071,A071,solo_secundario,1
2021-2024,F84_historico,A045,A045,solo_secundario,1
2021-2024,F84_historico,A099,G409,solo_secundario,1
2021-2024,F84_historico,A099,J46,solo_secundario,1
2021-2024,F84_historico,B348,B348,solo_secundario,1
2021-2024,F84_historico,A099,N390,solo_secundario,1
2021-2024,F84_historico,B341,B341,solo_secundario,1
2021-2024,F84_historico,B340,B340,solo_secundario,1
2021-2024,F84_historico,B09,B09,solo_secundario,1
2021-2024,F84_historico,B002,J123,solo_secundario,1
2021-2024,F84_historico,A880,A880,principal,1
2021-2024,F84_historico,A879,J120,solo_secundario,1
2021-2024,F84_historico,A870,A870,solo_secundario,1
2021-2024,F84_historico,A86,A86,solo_secundario,1
2021-2024,F84_historico,A858,S0690,solo_secundario,1
2021-2024,F84_historico,A600,A600,solo_secundario,1
2021-2024,F84_historico,A502,J128,solo_secundario,1
2021-2024,F84_historico,A419,Z292,solo_secundario,1
2021-2024,F84_historico,A418,A418,solo_secundario,1
2021-2024,F84_historico,A403,I358,solo_secundario,1
2021-2024,F84_historico,A400,A400,solo_secundario,1
2021-2024,F84_historico,A370,Q925,solo_secundario,1
2021-2024,F84_historico,A281,A281,solo_secundario,1
2021-2024,F84_historico,D410,D410,solo_secundario,1
2021-2024,F84_historico,D430,C710,solo_secundario,1
2021-2024,F84_historico,D430,D330,solo_secundario,1
2021-2024,F84_historico,F070,F609,principal,1
2021-2024,F84_historico,F070,F079,solo_secundario,1
2021-2024,F84_historico,F070,F070,solo_secundario,1
2021-2024,F84_historico,F069,F321,solo_secundario,1
2021-2024,F84_historico,E880,E880,solo_secundario,1
2021-2024,F84_historico,E876,E876,solo_secundario,1
2021-2024,F84_historico,E871,E871,solo_secundario,1
2021-2024,F84_historico,E86,H044,solo_secundario,1
2021-2024,F84_historico,E86,E86,principal,1
2021-2024,F84_historico,E848,E848,solo_secundario,1
2021-2024,F84_historico,E841,E840,solo_secundario,1
2021-2024,F84_historico,E835,E835,solo_secundario,1
2021-2024,F84_historico,E760,E760,solo_secundario,1
2021-2024,F84_historico,E752,E752,solo_secundario,1
2021-2024,F84_historico,E740,E740,solo_secundario,1
2021-2024,F84_historico,E711,J181,solo_secundario,1
2021-2024,F84_historico,E711,E711,solo_secundario,1
2021-2024,F84_historico,E611,E611,solo_secundario,1
2021-2024,F84_historico,F070,F259,solo_secundario,1
2021-2024,F84_historico,F070,F918,principal,1
2021-2024,F84_historico,D471,Z092,solo_secundario,1
2021-2024,F84_historico,F09,F09,solo_secundario,1
2021-2024,F84_historico,F228,F200,solo_secundario,1
2021-2024,F84_historico,F21,F21,solo_secundario,1
2021-2024,F84_historico,F209,F250,solo_secundario,1
2021-2024,F84_historico,F209,F208,solo_secundario,1
2021-2024,F84_historico,F208,T424,solo_secundario,1
2021-2024,F84_historico,F208,F209,solo_secundario,1
2021-2024,F84_historico,F202,F202,solo_secundario,1
2021-2024,F84_historico,F202,F202,principal,1
2021-2024,F84_historico,F201,F201,solo_secundario,1
2021-2024,F84_historico,F199,F431,solo_secundario,1
2021-2024,F84_historico,F198,F198,solo_secundario,1
2021-2024,F84_historico,F198,F191,solo_secundario,1
2021-2024,F84_historico,F195,T230,solo_secundario,1
2021-2024,F84_historico,F195,F919,principal,1
2021-2024,F84_historico,F195,F195,solo_secundario,1
2021-2024,F84_historico,F142,F198,principal,1
2021-2024,F84_historico,F141,F141,solo_secundario,1
2021-2024,F84_historico,E45,E45,solo_secundario,1
2021-2024,F84_historico,E43,K919,solo_secundario,1
2021-2024,F84_historico,E271,E271,solo_secundario,1
2021-2024,F84_historico,E250,J210,solo_secundario,1
2021-2024,F84_historico,D729,D729,solo_secundario,1
2021-2024,F84_historico,D70,R508,solo_secundario,1
2021-2024,F84_historico,D694,D694,solo_secundario,1
2021-2024,F84_historico,D693,Z518,solo_secundario,1
2021-2024,F84_historico,D693,D695,solo_secundario,1
2021-2024,F84_historico,D693,D693,solo_secundario,1
2021-2024,F84_historico,D690,G473,solo_secundario,1
2021-2024,F84_historico,D680,D680,solo_secundario,1
2021-2024,F84_historico,D649,D649,solo_secundario,1
2021-2024,F84_historico,D619,G408,solo_secundario,1
2021-2024,F84_historico,D580,D580,solo_secundario,1
2021-2024,F84_historico,D508,D508,solo_secundario,1
2021-2024,F84_historico,D487,D487,solo_secundario,1
2021-2024,F84_historico,D483,C629,solo_secundario,1
2021-2024,F84_historico,D480,D162,solo_secundario,1
2021-2024,F84_historico,D479,J122,solo_secundario,1
2021-2024,F84_historico,D479,C910,solo_secundario,1
2021-2024,F84_historico,D761,D761,solo_secundario,1
2021-2024,F84_historico,D761,DESCONOCIDO,solo_secundario,1
2021-2024,F84_historico,D812,D812,solo_secundario,1
2021-2024,F84_historico,E106,E106,solo_secundario,1
2021-2024,F84_historico,E230,E230,solo_secundario,1
2021-2024,F84_historico,E162,E162,solo_secundario,1
2021-2024,F84_historico,E161,E161,solo_secundario,1
2021-2024,F84_historico,E161,A090,solo_secundario,1
2021-2024,F84_historico,E161,A080,solo_secundario,1
2021-2024,F84_historico,E108,Q892,solo_secundario,1
2021-2024,F84_historico,E108,E108,solo_secundario,1
2021-2024,F84_historico,E101,E111,solo_secundario,1
2021-2024,F84_historico,D820,A099,solo_secundario,1
2021-2024,F84_historico,E101,E109,solo_secundario,1
2021-2024,F84_historico,E101,E106,solo_secundario,1
2021-2024,F84_historico,E041,E041,solo_secundario,1
2021-2024,F84_historico,E031,E031,solo_secundario,1
2021-2024,F84_historico,DESCONOCIDO,DESCONOCIDO,solo_secundario,1
2021-2024,F84_historico,D821,Q667,solo_secundario,1
2021-2024,F84_historico,D821,D821,solo_secundario,1
2021-2024,F84_historico,G410,G409,solo_secundario,1
2021-2024,F84_historico,G410,K409,solo_secundario,1
2021-2024,F84_historico,G418,G402,solo_secundario,1
2021-2024,F84_historico,K402,K403,solo_secundario,1
2021-2024,F84_historico,K36,K430,solo_secundario,1
2021-2024,F84_historico,K358,Z470,solo_secundario,1
2021-2024,F84_historico,K358,K358,principal,1
2021-2024,F84_historico,K358,K263,solo_secundario,1
2021-2024,F84_historico,K358,F311,solo_secundario,1
2021-2024,F84_historico,K318,K562,solo_secundario,1
2021-2024,F84_historico,K316,K316,solo_secundario,1
2021-2024,F84_historico,K297,K290,solo_secundario,1
2021-2024,F84_historico,K296,K296,principal_y_secundario,1
2021-2024,F84_historico,K260,K260,solo_secundario,1
2021-2024,F84_historico,K250,N10,solo_secundario,1
2021-2024,F84_historico,K222,K918,solo_secundario,1
2021-2024,F84_historico,K222,J353,solo_secundario,1
2021-2024,F84_historico,K220,F431,solo_secundario,1
2021-2024,F84_historico,K210,J353,solo_secundario,1
2021-2024,F84_historico,K20,K20,solo_secundario,1
2021-2024,F84_historico,K134,K134,solo_secundario,1
2021-2024,F84_historico,K381,K381,solo_secundario,1
2021-2024,F84_historico,K402,K409,solo_secundario,1
2021-2024,F84_historico,K122,K122,solo_secundario,1
2021-2024,F84_historico,K403,K403,solo_secundario,1
2021-2024,F84_historico,K565,K566,solo_secundario,1
2021-2024,F84_historico,K565,J101,solo_secundario,1
2021-2024,F84_historico,K564,K590,solo_secundario,1
2021-2024,F84_historico,K564,K564,solo_secundario,1
2021-2024,F84_historico,K562,H509,solo_secundario,1
2021-2024,F84_historico,K529,K529,solo_secundario,1
2021-2024,F84_historico,K529,K469,solo_secundario,1
2021-2024,F84_historico,K528,T232,solo_secundario,1
2021-2024,F84_historico,K528,K226,solo_secundario,1
2021-2024,F84_historico,K519,Z518,solo_secundario,1
2021-2024,F84_historico,K519,K518,solo_secundario,1
2021-2024,F84_historico,K518,K518,solo_secundario,1
2021-2024,F84_historico,K510,K510,solo_secundario,1
2021-2024,F84_historico,K500,A099,solo_secundario,1
2021-2024,F84_historico,K439,K439,solo_secundario,1
2021-2024,F84_historico,K429,E760,solo_secundario,1
2021-2024,F84_historico,K409,G409,solo_secundario,1
2021-2024,F84_historico,K130,K130,solo_secundario,1
2021-2024,F84_historico,K092,J353,solo_secundario,1
2021-2024,F84_historico,J46,J206,solo_secundario,1
2021-2024,F84_historico,J9699,J9699,solo_secundario,1
2021-2024,F84_historico,J9609,J208,solo_secundario,1
2021-2024,F84_historico,J9609,J206,solo_secundario,1
2021-2024,F84_historico,J9609,B349,solo_secundario,1
2021-2024,F84_historico,J955,J955,solo_secundario,1
2021-2024,F84_historico,J950,K565,solo_secundario,1
2021-2024,F84_historico,J90,J90,solo_secundario,1
2021-2024,F84_historico,J851,J851,solo_secundario,1
2021-2024,F84_historico,J849,J849,solo_secundario,1
2021-2024,F84_historico,J690,J129,solo_secundario,1
2021-2024,F84_historico,J690,G401,solo_secundario,1
2021-2024,F84_historico,J680,F500,solo_secundario,1
2021-2024,F84_historico,J46,U071,solo_secundario,1
2021-2024,F84_historico,J46,S5290,solo_secundario,1
2021-2024,F84_historico,J46,N47,solo_secundario,1
2021-2024,F84_historico,J46,J9609,solo_secundario,1
2021-2024,F84_historico,J46,J450,solo_secundario,1
2021-2024,F84_historico,J46,J448,solo_secundario,1
2021-2024,F84_historico,J9690,Z548,solo_secundario,1
2021-2024,F84_historico,J982,J982,solo_secundario,1
2021-2024,F84_historico,K092,D165,solo_secundario,1
2021-2024,F84_historico,J988,Z518,solo_secundario,1
2021-2024,F84_historico,K088,K088,solo_secundario,1
2021-2024,F84_historico,K082,Q665,solo_secundario,1
2021-2024,F84_historico,K079,K079,solo_secundario,1
2021-2024,F84_historico,K078,K078,solo_secundario,1
2021-2024,F84_historico,K076,K076,solo_secundario,1
2021-2024,F84_historico,K075,K075,solo_secundario,1
2021-2024,F84_historico,K070,K070,solo_secundario,1
2021-2024,F84_historico,K047,K047,solo_secundario,1
2021-2024,F84_historico,K047,J9609,solo_secundario,1
2021-2024,F84_historico,K047,A099,solo_secundario,1
2021-2024,F84_historico,K040,G809,solo_secundario,1
2021-2024,F84_historico,K029,Q204,solo_secundario,1
2021-2024,F84_historico,K021,K021,solo_secundario,1
2021-2024,F84_historico,K011,K011,solo_secundario,1
2021-2024,F84_historico,K010,K010,solo_secundario,1
2021-2024,F84_historico,K010,K010,principal,1
2021-2024,F84_historico,K001,T391,solo_secundario,1
2021-2024,F84_historico,K566,K590,solo_secundario,1
2021-2024,F84_historico,K590,J46,solo_secundario,1
2021-2024,F84_historico,K590,T438,solo_secundario,1
2021-2024,F84_historico,M6028,M6028,solo_secundario,1
2021-2024,F84_historico,M4149,M4149,solo_secundario,1
2021-2024,F84_historico,M4140,M4140,solo_secundario,1
2021-2024,F84_historico,M330,M331,solo_secundario,1
2021-2024,F84_historico,M221,M221,solo_secundario,1
2021-2024,F84_historico,M2196,M2196,solo_secundario,1
2021-2024,F84_historico,M2117,M2117,solo_secundario,1
2021-2024,F84_historico,M2109,M2109,solo_secundario,1
2021-2024,F84_historico,M2106,Z470,solo_secundario,1
2021-2024,F84_historico,M169,M169,solo_secundario,1
2021-2024,F84_historico,M0807,M0807,solo_secundario,1
2021-2024,F84_historico,M0640,M0640,solo_secundario,1
2021-2024,F84_historico,M0095,M673,solo_secundario,1
2021-2024,F84_historico,L989,L989,solo_secundario,1
2021-2024,F84_historico,L910,L910,solo_secundario,1
2021-2024,F84_historico,L732,L732,solo_secundario,1
2021-2024,F84_historico,L509,J218,solo_secundario,1
2021-2024,F84_historico,L500,L500,solo_secundario,1
2021-2024,F84_historico,M4185,M4185,solo_secundario,1
2021-2024,F84_historico,M6089,M6089,solo_secundario,1
2021-2024,F84_historico,K590,Z038,solo_secundario,1
2021-2024,F84_historico,M6097,M6099,solo_secundario,1
2021-2024,F84_historico,N10,J123,solo_secundario,1
2021-2024,F84_historico,N049,H050,solo_secundario,1
2021-2024,F84_historico,N008,N391,solo_secundario,1
2021-2024,F84_historico,M922,J189,solo_secundario,1
2021-2024,F84_historico,M8691,M8691,solo_secundario,1
2021-2024,F84_historico,M8665,M8665,solo_secundario,1
2021-2024,F84_historico,M8589,D693,solo_secundario,1
2021-2024,F84_historico,M8566,M8566,solo_secundario,1
2021-2024,F84_historico,M8448,M220,solo_secundario,1
2021-2024,F84_historico,M8443,M8443,solo_secundario,1
2021-2024,F84_historico,M8159,M8159,solo_secundario,1
2021-2024,F84_historico,M7966,M7966,solo_secundario,1
2021-2024,F84_historico,M7138,M7138,principal,1
2021-2024,F84_historico,M7046,M7046,solo_secundario,1
2021-2024,F84_historico,M670,M2147,solo_secundario,1
2021-2024,F84_historico,M6534,M6534,solo_secundario,1
2021-2024,F84_historico,M6099,M6099,solo_secundario,1
2021-2024,F84_historico,L211,L211,solo_secundario,1
2021-2024,F84_historico,L209,L209,solo_secundario,1
2021-2024,F84_historico,L089,L089,solo_secundario,1
2021-2024,F84_historico,L059,F323,solo_secundario,1
2021-2024,F84_historico,K802,J209,solo_secundario,1
2021-2024,F84_historico,K801,K801,solo_secundario,1
2021-2024,F84_historico,K800,L032,solo_secundario,1
2021-2024,F84_historico,K800,K802,solo_secundario,1
2021-2024,F84_historico,A031,A031,solo_secundario,1
2021-2024,F84_historico,K769,K769,solo_secundario,1
2021-2024,F84_historico,K760,K760,solo_secundario,1
2021-2024,F84_historico,K658,F431,solo_secundario,1
2021-2024,F84_historico,K650,K650,solo_secundario,1
2021-2024,F84_historico,K638,K509,solo_secundario,1
2021-2024,F84_historico,K631,K914,solo_secundario,1
2021-2024,F84_historico,K628,K625,solo_secundario,1
2021-2024,F84_historico,K612,K519,solo_secundario,1
2021-2024,F84_historico,K610,K610,solo_secundario,1
2021-2024,F84_historico,K598,K598,solo_secundario,1
2021-2024,F84_historico,K593,K593,solo_secundario,1
2021-2024,F84_historico,K590,Z138,solo_secundario,1
2021-2024,F84_historico,K802,T438,solo_secundario,1
2021-2024,F84_historico,K810,K810,solo_secundario,1
2021-2024,F84_historico,K828,G473,solo_secundario,1
2021-2024,F84_historico,K922,K922,solo_secundario,1
2021-2024,F84_historico,L050,L050,solo_secundario,1
2021-2024,F84_historico,L032,H919,solo_secundario,1
2021-2024,F84_historico,L031,Z518,solo_secundario,1
2021-2024,F84_historico,L031,L031,solo_secundario,1
2021-2024,F84_historico,L023,L023,solo_secundario,1
2021-2024,F84_historico,L021,L021,solo_secundario,1
2021-2024,F84_historico,K929,K929,solo_secundario,1
2021-2024,F84_historico,K921,K921,solo_secundario,1
2021-2024,F84_historico,K831,K831,solo_secundario,1
2021-2024,F84_historico,K920,K920,solo_secundario,1
2021-2024,F84_historico,K918,Q393,solo_secundario,1
2021-2024,F84_historico,K904,M303,solo_secundario,1
2021-2024,F84_historico,K852,F101,solo_secundario,1
2021-2024,F84_historico,K851,M512,solo_secundario,1
2021-2024,F84_historico,K851,K851,solo_secundario,1
2021-2024,F84_historico,K851,K851,principal,1
2021-2024,F84_historico,J46,J209,solo_secundario,1
2021-2024,F84_historico,J46,J110,solo_secundario,1
2021-2024,F84_historico,G418,G409,solo_secundario,1
2021-2024,F84_historico,J040,J129,solo_secundario,1
2021-2024,F84_historico,J039,J039,solo_secundario,1
2021-2024,F84_historico,J00,U071,solo_secundario,1
2021-2024,F84_historico,J00,J351,solo_secundario,1
2021-2024,F84_historico,J00,G408,solo_secundario,1
2021-2024,F84_historico,I889,I889,solo_secundario,1
2021-2024,F84_historico,I880,I880,solo_secundario,1
2021-2024,F84_historico,I878,I81,solo_secundario,1
2021-2024,F84_historico,I850,I850,solo_secundario,1
2021-2024,F84_historico,I832,I832,solo_secundario,1
2021-2024,F84_historico,I668,Z450,solo_secundario,1
2021-2024,F84_historico,I615,I615,solo_secundario,1
2021-2024,F84_historico,I501,I251,solo_secundario,1
2021-2024,F84_historico,I500,J157,solo_secundario,1
2021-2024,F84_historico,I500,G409,solo_secundario,1
2021-2024,F84_historico,I494,Z038,solo_secundario,1
2021-2024,F84_historico,I472,T821,solo_secundario,1
2021-2024,F84_historico,I409,I409,solo_secundario,1
2021-2024,F84_historico,J040,J040,solo_secundario,1
2021-2024,F84_historico,J040,K590,solo_secundario,1
2021-2024,F84_historico,I313,I313,solo_secundario,1
2021-2024,F84_historico,J041,J041,solo_secundario,1
2021-2024,F84_historico,J121,J219,solo_secundario,1
2021-2024,F84_historico,J121,J209,solo_secundario,1
2021-2024,F84_historico,J121,J206,solo_secundario,1
2021-2024,F84_historico,J121,J128,solo_secundario,1
2021-2024,F84_historico,J121,J123,solo_secundario,1
2021-2024,F84_historico,J121,H905,solo_secundario,1
2021-2024,F84_historico,J120,J129,solo_secundario,1
2021-2024,F84_historico,J108,A084,solo_secundario,1
2021-2024,F84_historico,J101,Z518,solo_secundario,1
2021-2024,F84_historico,J101,J101,principal,1
2021-2024,F84_historico,J100,A491,solo_secundario,1
2021-2024,F84_historico,J069,Z038,solo_secundario,1
2021-2024,F84_historico,J069,N390,solo_secundario,1
2021-2024,F84_historico,J069,J069,principal,1
2021-2024,F84_historico,J060,J210,solo_secundario,1
2021-2024,F84_historico,J050,J060,solo_secundario,1
2021-2024,F84_historico,J042,J042,solo_secundario,1
2021-2024,F84_historico,I340,I340,solo_secundario,1
2021-2024,F84_historico,I219,I219,solo_secundario,1
2021-2024,F84_historico,J459,J206,solo_secundario,1
2021-2024,F84_historico,H103,H169,solo_secundario,1
2021-2024,F84_historico,G931,G931,solo_secundario,1
2021-2024,F84_historico,G919,Z518,solo_secundario,1
2021-2024,F84_historico,G919,T850,solo_secundario,1
2021-2024,F84_historico,G919,Q531,solo_secundario,1
2021-2024,F84_historico,G919,G919,solo_secundario,1
2021-2024,F84_historico,G838,G838,solo_secundario,1
2021-2024,F84_historico,G811,S7290,solo_secundario,1
2021-2024,F84_historico,G809,G809,solo_secundario,1
2021-2024,F84_historico,G809,G401,solo_secundario,1
2021-2024,F84_historico,G808,G808,solo_secundario,1
2021-2024,F84_historico,G729,Z291,solo_secundario,1
2021-2024,F84_historico,G712,G712,solo_secundario,1
2021-2024,F84_historico,G479,G479,solo_secundario,1
2021-2024,F84_historico,G478,G478,solo_secundario,1
2021-2024,F84_historico,G473,J111,solo_secundario,1
2021-2024,F84_historico,G439,G439,solo_secundario,1
2021-2024,F84_historico,G419,G419,solo_secundario,1
2021-2024,F84_historico,G938,G938,solo_secundario,1
2021-2024,F84_historico,H168,G360,solo_secundario,1
2021-2024,F84_historico,I200,I200,solo_secundario,1
2021-2024,F84_historico,H262,H262,solo_secundario,1
2021-2024,F84_historico,I10,F323,principal,1
2021-2024,F84_historico,H918,H918,solo_secundario,1
2021-2024,F84_historico,H902,H902,solo_secundario,1
2021-2024,F84_historico,H664,H664,solo_secundario,1
2021-2024,F84_historico,H663,N185,solo_secundario,1
2021-2024,F84_historico,H659,H659,solo_secundario,1
2021-2024,F84_historico,H653,H653,solo_secundario,1
2021-2024,F84_historico,H532,F323,solo_secundario,1
2021-2024,F84_historico,H509,J353,solo_secundario,1
2021-2024,F84_historico,H509,J219,solo_secundario,1
2021-2024,F84_historico,H509,H501,solo_secundario,1
2021-2024,F84_historico,H509,G819,solo_secundario,1
2021-2024,F84_historico,H506,H506,solo_secundario,1
2021-2024,F84_historico,H501,H509,solo_secundario,1
2021-2024,F84_historico,H501,H500,solo_secundario,1
2021-2024,F84_historico,H499,E86,solo_secundario,1
2021-2024,F84_historico,H441,H408,solo_secundario,1
2021-2024,F84_historico,J121,J459,solo_secundario,1
2021-2024,F84_historico,J121,R11,solo_secundario,1
2021-2024,F84_historico,J121,Z548,solo_secundario,1
2021-2024,F84_historico,J351,J353,solo_secundario,1
2021-2024,F84_historico,J351,F920,solo_secundario,1
2021-2024,F84_historico,J343,J343,solo_secundario,1
2021-2024,F84_historico,J342,F259,solo_secundario,1
2021-2024,F84_historico,J340,J340,solo_secundario,1
2021-2024,F84_historico,J328,J328,solo_secundario,1
2021-2024,F84_historico,J320,M5422,solo_secundario,1
2021-2024,F84_historico,J304,G473,solo_secundario,1
2021-2024,F84_historico,J22,U071,solo_secundario,1
2021-2024,F84_historico,J22,J22,solo_secundario,1
2021-2024,F84_historico,J219,J46,solo_secundario,1
2021-2024,F84_historico,J219,J129,solo_secundario,1
2021-2024,F84_historico,J218,J46,solo_secundario,1
2021-2024,F84_historico,J211,J211,solo_secundario,1
2021-2024,F84_historico,J210,J205,solo_secundario,1
2021-2024,F84_historico,J210,J122,solo_secundario,1
2021-2024,F84_historico,J210,A080,solo_secundario,1
2021-2024,F84_historico,J209,N47,solo_secundario,1
2021-2024,F84_historico,J351,H919,solo_secundario,1
2021-2024,F84_historico,J351,K590,solo_secundario,1
2021-2024,F84_historico,J122,G409,solo_secundario,1
2021-2024,F84_historico,J351,N47,solo_secundario,1
2021-2024,F84_historico,J458,J458,solo_secundario,1
2021-2024,F84_historico,J448,J448,solo_secundario,1
2021-2024,F84_historico,J448,J201,solo_secundario,1
2021-2024,F84_historico,J441,J441,solo_secundario,1
2021-2024,F84_historico,J40,J40,solo_secundario,1
2021-2024,F84_historico,J380,Q532,solo_secundario,1
2021-2024,F84_historico,J380,J950,solo_secundario,1
2021-2024,F84_historico,J36,S0280,solo_secundario,1
2021-2024,F84_historico,J358,J358,solo_secundario,1
2021-2024,F84_historico,J353,S5240,solo_secundario,1
2021-2024,F84_historico,J353,N390,solo_secundario,1
2021-2024,F84_historico,J353,K429,solo_secundario,1
2021-2024,F84_historico,J353,K409,solo_secundario,1
2021-2024,F84_historico,J353,J46,solo_secundario,1
2021-2024,F84_historico,J353,J343,solo_secundario,1
2021-2024,F84_historico,J353,J129,solo_secundario,1
2021-2024,F84_historico,J353,I471,solo_secundario,1
2021-2024,F84_historico,J209,K528,solo_secundario,1
2021-2024,F84_historico,J209,J205,solo_secundario,1
2021-2024,F84_historico,J209,J121,solo_secundario,1
2021-2024,F84_historico,J208,J209,solo_secundario,1
2021-2024,F84_historico,J157,J157,solo_secundario,1
2021-2024,F84_historico,J129,T175,solo_secundario,1
2021-2024,F84_historico,J129,S670,solo_secundario,1
2021-2024,F84_historico,J129,J46,solo_secundario,1
2021-2024,F84_historico,J129,J204,solo_secundario,1
2021-2024,F84_historico,J129,J188,solo_secundario,1
2021-2024,F84_historico,J129,J128,solo_secundario,1
2021-2024,F84_historico,J129,J121,solo_secundario,1
2021-2024,F84_historico,J129,J019,solo_secundario,1
2021-2024,F84_historico,J129,E872,solo_secundario,1
2021-2024,F84_historico,J128,R13,solo_secundario,1
2021-2024,F84_historico,J128,N390,solo_secundario,1
2021-2024,F84_historico,J128,J46,solo_secundario,1
2021-2024,F84_historico,J128,J206,solo_secundario,1
2021-2024,F84_historico,J128,J121,solo_secundario,1
2021-2024,F84_historico,J128,G409,solo_secundario,1
2021-2024,F84_historico,J122,J128,solo_secundario,1
2021-2024,F84_historico,J157,Q531,solo_secundario,1
2021-2024,F84_historico,J158,J129,solo_secundario,1
2021-2024,F84_historico,J159,J158,solo_secundario,1
2021-2024,F84_historico,J205,Q751,solo_secundario,1
2021-2024,F84_historico,J208,J150,solo_secundario,1
2021-2024,F84_historico,J208,J123,solo_secundario,1
2021-2024,F84_historico,J206,N144,solo_secundario,1
2021-2024,F84_historico,J206,J46,solo_secundario,1
2021-2024,F84_historico,J206,J129,solo_secundario,1
2021-2024,F84_historico,J206,J121,solo_secundario,1
2021-2024,F84_historico,J205,Z511,solo_secundario,1
2021-2024,F84_historico,J205,Q552,solo_secundario,1
2021-2024,F84_historico,J159,J9609,solo_secundario,1
2021-2024,F84_historico,J205,J123,solo_secundario,1
2021-2024,F84_historico,J205,J121,solo_secundario,1
2021-2024,F84_historico,J204,J204,solo_secundario,1
2021-2024,F84_historico,J189,R13,solo_secundario,1
2021-2024,F84_historico,J189,J440,solo_secundario,1
2021-2024,F84_historico,J189,J122,solo_secundario,1
2021-2024,F84_historico,J181,G403,solo_secundario,1
2021-2024,F84_historico,Z931,Z931,solo_secundario,1
