era,definition,code,patients
2019-2020,autismo_F840,F840,155
2019-2020,autismo_F840,K029,101
2019-2020,autismo_F840,G409,89
2019-2020,autismo_F840,N47,63
2019-2020,autismo_F840,K358,56
2019-2020,autismo_F840,J353,46
2019-2020,autismo_F840,Z518,32
2019-2020,autismo_F840,K028,26
2019-2020,autismo_F840,R568,23
2019-2020,autismo_F840,K353,22
2019-2020,autismo_F840,A099,22
2019-2020,autismo_F840,K122,21
2019-2020,autismo_F840,K010,18
2019-2020,autismo_F840,K590,18
2019-2020,autismo_F840,J159,16
2019-2020,autismo_F840,J46,15
2019-2020,autismo_F840,K021,15
2019-2020,autismo_F840,G403,15
2019-2020,autismo_F840,F919,13
2019-2020,autismo_F840,N10,13
2019-2020,autismo_F840,K352,13
2019-2020,autismo_F840,J189,13
2019-2020,autismo_F840,S4240,13
2019-2020,autismo_F840,N390,12
2019-2020,autismo_F840,DESCONOCIDO,11
2019-2020,autismo_F840,E101,11
2019-2020,autismo_F840,R458,11
2019-2020,autismo_F840,T435,11
2019-2020,autismo_F840,Q531,11
2019-2020,autismo_F840,J209,10
2019-2020,autismo_F840,R560,10
2019-2020,autismo_F840,G401,10
2019-2020,autismo_F840,F29,9
2019-2020,autismo_F840,J351,9
2019-2020,autismo_F840,J129,9
2019-2020,autismo_F840,K564,8
2019-2020,autismo_F840,F841,8
2019-2020,autismo_F840,Z038,8
2019-2020,autismo_F840,L031,8
2019-2020,autismo_F840,L600,8
2019-2020,autismo_F840,Z138,8
2019-2020,autismo_F840,Z134,8
2019-2020,autismo_F840,A090,7
2019-2020,autismo_F840,J121,7
2019-2020,autismo_F840,G419,7
2019-2020,autismo_F840,R451,7
2019-2020,autismo_F840,F432,7
2019-2020,autismo_F840,A080,7
2019-2020,autismo_F840,F239,7
2019-2020,autismo_F840,T391,6
2019-2020,autismo_F840,Z016,6
2019-2020,autismo_F840,N44,6
2019-2020,autismo_F840,K429,6
2019-2020,autismo_F840,G408,6
2019-2020,autismo_F840,F918,6
2019-2020,autismo_F840,C910,5
2019-2020,autismo_F840,E86,5
2019-2020,autismo_F840,T434,5
2019-2020,autismo_F840,K529,5
2019-2020,autismo_F840,T432,5
2019-2020,autismo_F840,F238,5
2019-2020,autismo_F840,F323,5
2019-2020,autismo_F840,J100,5
2019-2020,autismo_F840,T212,5
2019-2020,autismo_F840,F322,5
2019-2020,autismo_F840,N179,5
2019-2020,autismo_F840,Q532,5
2019-2020,autismo_F840,G410,4
2019-2020,autismo_F840,S5250,4
2019-2020,autismo_F840,K047,4
2019-2020,autismo_F840,F431,4
2019-2020,autismo_F840,T433,4
2019-2020,autismo_F840,F845,4
2019-2020,autismo_F840,T393,4
2019-2020,autismo_F840,F209,4
2019-2020,autismo_F840,J9600,4
2019-2020,autismo_F840,G404,4
2019-2020,autismo_F840,G400,4
2019-2020,autismo_F840,T181,4
2019-2020,autismo_F840,R11,4
2019-2020,autismo_F840,J960,4
2019-2020,autismo_F840,S5240,4
2019-2020,autismo_F840,T751,4
2019-2020,autismo_F840,A499,4
2019-2020,autismo_F840,M4145,4
2019-2020,autismo_F840,T850,4
2019-2020,autismo_F840,Z470,4
2019-2020,autismo_F840,D619,4
2019-2020,autismo_F840,D690,4
2019-2020,autismo_F840,K802,4
2019-2020,autismo_F840,E109,4
2019-2020,autismo_F840,K859,4
2019-2020,autismo_F840,S009,3
2019-2020,autismo_F840,L040,3
2019-2020,autismo_F840,Q381,3
2019-2020,autismo_F840,J352,3
2019-2020,autismo_F840,S8280,3
2019-2020,autismo_F840,T16,3
2019-2020,autismo_F840,J350,3
2019-2020,autismo_F840,C629,3
2019-2020,autismo_F840,S0210,3
2019-2020,autismo_F840,U072,3
2019-2020,autismo_F840,J205,3
2019-2020,autismo_F840,U071,3
2019-2020,autismo_F840,Z133,3
2019-2020,autismo_F840,K36,3
2019-2020,autismo_F840,M2157,3
2019-2020,autismo_F840,S0690,3
2019-2020,autismo_F840,H652,3
2019-2020,autismo_F840,H509,3
2019-2020,autismo_F840,A084,3
2019-2020,autismo_F840,H919,3
2019-2020,autismo_F840,G938,3
2019-2020,autismo_F840,I880,3
2019-2020,autismo_F840,J069,3
2019-2020,autismo_F840,M7953,3
2019-2020,autismo_F840,A38,3
2019-2020,autismo_F840,J101,3
2019-2020,autismo_F840,A419,3
2019-2020,autismo_F840,G473,3
2019-2020,autismo_F840,S0620,3
2019-2020,autismo_F840,G418,3
2019-2020,autismo_F840,K001,3
2019-2020,autismo_F840,J690,3
2019-2020,autismo_F840,K800,3
2019-2020,autismo_F840,Q665,3
2019-2020,autismo_F840,T424,3
2019-2020,autismo_F840,D70,3
2019-2020,autismo_F840,Q539,3
2019-2020,autismo_F840,T232,3
2019-2020,autismo_F840,S5230,3
2019-2020,autismo_F840,D649,3
2019-2020,autismo_F840,K851,3
2019-2020,autismo_F840,F329,3
2019-2020,autismo_F840,F09,3
2019-2020,autismo_F840,K439,3
2019-2020,autismo_F840,F609,3
2019-2020,autismo_F840,D480,3
2019-2020,autismo_F840,R55,3
2019-2020,autismo_F840,K210,2
2019-2020,autismo_F840,M9115,2
2019-2020,autismo_F840,Q668,2
2019-2020,autismo_F840,R100,2
2019-2020,autismo_F840,J068,2
2019-2020,autismo_F840,K259,2
2019-2020,autismo_F840,R104,2
2019-2020,autismo_F840,K858,2
2019-2020,autismo_F840,J00,2
2019-2020,autismo_F840,S099,2
2019-2020,autismo_F840,K566,2
2019-2020,autismo_F840,I608,2
2019-2020,autismo_F840,S398,2
2019-2020,autismo_F840,I471,2
2019-2020,autismo_F840,K291,2
2019-2020,autismo_F840,H918,2
2019-2020,autismo_F840,N319,2
2019-2020,autismo_F840,S519,2
2019-2020,autismo_F840,H669,2
2019-2020,autismo_F840,K519,2
2019-2020,autismo_F840,N049,2
2019-2020,autismo_F840,K650,2
2019-2020,autismo_F840,N921,2
2019-2020,autismo_F840,S0280,2
2019-2020,autismo_F840,K801,2
2019-2020,autismo_F840,K900,2
2019-2020,autismo_F840,K918,2
2019-2020,autismo_F840,K922,2
2019-2020,autismo_F840,Q431,2
2019-2020,autismo_F840,L021,2
2019-2020,autismo_F840,L022,2
2019-2020,autismo_F840,K403,2
2019-2020,autismo_F840,L030,2
2019-2020,autismo_F840,K036,2
2019-2020,autismo_F840,K044,2
2019-2020,autismo_F840,R51,2
2019-2020,autismo_F840,K769,2
2019-2020,autismo_F840,Q549,2
2019-2020,autismo_F840,S017,2
2019-2020,autismo_F840,K051,2
2019-2020,autismo_F840,K053,2
2019-2020,autismo_F840,S0220,2
2019-2020,autismo_F840,L519,2
2019-2020,autismo_F840,J188,2
2019-2020,autismo_F840,Q204,2
2019-2020,autismo_F840,M303,2
2019-2020,autismo_F840,R268,2
2019-2020,autismo_F840,R13,2
2019-2020,autismo_F840,N488,2
2019-2020,autismo_F840,A020,2
2019-2020,autismo_F840,S5200,2
2019-2020,autismo_F840,F231,2
2019-2020,autismo_F840,F842,2
2019-2020,autismo_F840,S8220,2
2019-2020,autismo_F840,G402,2
2019-2020,autismo_F840,S8230,2
2019-2020,autismo_F840,G259,2
2019-2020,autismo_F840,Z137,2
2019-2020,autismo_F840,C920,2
2019-2020,autismo_F840,Z033,2
2019-2020,autismo_F840,T182,2
2019-2020,autismo_F840,D164,2
2019-2020,autismo_F840,D180,2
2019-2020,autismo_F840,D225,2
2019-2020,autismo_F840,F913,2
2019-2020,autismo_F840,T202,2
2019-2020,autismo_F840,F900,2
2019-2020,autismo_F840,F809,2
2019-2020,autismo_F840,Z308,2
2019-2020,autismo_F840,D227,2
2019-2020,autismo_F840,F711,2
2019-2020,autismo_F840,F638,2
2019-2020,autismo_F840,F603,2
2019-2020,autismo_F840,T887,2
2019-2020,autismo_F840,T378,2
2019-2020,autismo_F840,F319,2
2019-2020,autismo_F840,T407,2
2019-2020,autismo_F840,F28,2
2019-2020,autismo_F840,S5260,2
2019-2020,autismo_F840,E111,2
2019-2020,autismo_F840,E669,2
2019-2020,autismo_F840,T509,2
2019-2020,autismo_F840,E162,2
2019-2020,autismo_F840,S8210,2
2019-2020,autismo_F840,F988,2
2019-2020,autismo_F840,S6261,2
2019-2020,autismo_F840,G934,2
2019-2020,autismo_F840,H269,2
2019-2020,autismo_F840,H500,2
2019-2020,autismo_F840,S7200,2
2019-2020,autismo_F840,Z478,2
2019-2020,autismo_F840,Z511,2
2019-2020,autismo_F840,H050,2
2019-2020,autismo_F840,B179,2
2019-2020,autismo_F840,A281,2
2019-2020,autismo_F840,Z514,2
2019-2020,autismo_F840,G930,2
2019-2020,autismo_F840,Q641,1
2019-2020,autismo_F840,T742,1
2019-2020,autismo_F840,Q181,1
2019-2020,autismo_F840,Q542,1
2019-2020,autismo_F840,T71,1
2019-2020,autismo_F840,T781,1
2019-2020,autismo_F840,T784,1
2019-2020,autismo_F840,T814,1
2019-2020,autismo_F840,T818,1
2019-2020,autismo_F840,T824,1
2019-2020,autismo_F840,T827,1
2019-2020,autismo_F840,T780,1
2019-2020,autismo_F840,N392,1
2019-2020,autismo_F840,T658,1
2019-2020,autismo_F840,Z763,1
2019-2020,autismo_F840,N185,1
2019-2020,autismo_F840,T511,1
2019-2020,autismo_F840,Q870,1
2019-2020,autismo_F840,Q851,1
2019-2020,autismo_F840,Q759,1
2019-2020,autismo_F840,N258,1
2019-2020,autismo_F840,Q750,1
2019-2020,autismo_F840,T634,1
2019-2020,autismo_F840,T58,1
2019-2020,autismo_F840,T600,1
2019-2020,autismo_F840,Q742,1
2019-2020,autismo_F840,Q692,1
2019-2020,autismo_F840,Z540,1
2019-2020,autismo_F840,Q680,1
2019-2020,autismo_F840,T846,1
2019-2020,autismo_F840,N480,1
2019-2020,autismo_F840,Z465,1
2019-2020,autismo_F840,P398,1
2019-2020,autismo_F840,P285,1
2019-2020,autismo_F840,Z139,1
2019-2020,autismo_F840,Q315,1
2019-2020,autismo_F840,Q282,1
2019-2020,autismo_F840,Q279,1
2019-2020,autismo_F840,Q250,1
2019-2020,autismo_F840,Q039,1
2019-2020,autismo_F840,T983,1
2019-2020,autismo_F840,Q245,1
2019-2020,autismo_F840,Q070,1
2019-2020,autismo_F840,Q230,1
2019-2020,autismo_F840,Q211,1
2019-2020,autismo_F840,Q100,1
2019-2020,autismo_F840,Z302,1
2019-2020,autismo_F840,Q321,1
2019-2020,autismo_F840,Q370,1
2019-2020,autismo_F840,Z087,1
2019-2020,autismo_F840,Z048,1
2019-2020,autismo_F840,Q892,1
2019-2020,autismo_F840,Z430,1
2019-2020,autismo_F840,Q383,1
2019-2020,autismo_F840,N922,1
2019-2020,autismo_F840,Z031,1
2019-2020,autismo_F840,Q430,1
2019-2020,autismo_F840,N832,1
2019-2020,autismo_F840,Z431,1
2019-2020,autismo_F840,N831,1
2019-2020,autismo_F840,Z433,1
2019-2020,autismo_F840,N483,1
2019-2020,autismo_F840,Z011,1
2019-2020,autismo_F840,Z304,1
2019-2020,autismo_F840,Q873,1
2019-2020,autismo_F840,S5210,1
2019-2020,autismo_F840,T505,1
2019-2020,autismo_F840,T150,1
2019-2020,autismo_F840,S681,1
2019-2020,autismo_F840,S682,1
2019-2020,autismo_F840,S701,1
2019-2020,autismo_F840,S0630,1
2019-2020,autismo_F840,S7230,1
2019-2020,autismo_F840,S7231,1
2019-2020,autismo_F840,S059,1
2019-2020,autismo_F840,S058,1
2019-2020,autismo_F840,S0260,1
2019-2020,autismo_F840,S0250,1
2019-2020,autismo_F840,S0230,1
2019-2020,autismo_F840,S8250,1
2019-2020,autismo_F840,S830,1
2019-2020,autismo_F840,S903,1
2019-2020,autismo_F840,T135,1
2019-2020,autismo_F840,S0200,1
2019-2020,autismo_F840,S018,1
2019-2020,autismo_F840,S0650,1
2019-2020,autismo_F840,S0680,1
2019-2020,autismo_F840,S090,1
2019-2020,autismo_F840,S417,1
2019-2020,autismo_F840,S5270,1
2019-2020,autismo_F840,S5280,1
2019-2020,autismo_F840,S4230,1
2019-2020,autismo_F840,S4220,1
2019-2020,autismo_F840,S5290,1
2019-2020,autismo_F840,S610,1
2019-2020,autismo_F840,S4200,1
2019-2020,autismo_F840,S410,1
2019-2020,autismo_F840,S6251,1
2019-2020,autismo_F840,S399,1
2019-2020,autismo_F840,S619,1
2019-2020,autismo_F840,S3671,1
2019-2020,autismo_F840,S310,1
2019-2020,autismo_F840,S2781,1
2019-2020,autismo_F840,S202,1
2019-2020,autismo_F840,S1200,1
2019-2020,autismo_F840,T141,1
2019-2020,autismo_F840,T172,1
2019-2020,autismo_F840,Q909,1
2019-2020,autismo_F840,T179,1
2019-2020,autismo_F840,T291,1
2019-2020,autismo_F840,T292,1
2019-2020,autismo_F840,R31,1
2019-2020,autismo_F840,T312,1
2019-2020,autismo_F840,R262,1
2019-2020,autismo_F840,R258,1
2019-2020,autismo_F840,T402,1
2019-2020,autismo_F840,R040,1
2019-2020,autismo_F840,T421,1
2019-2020,autismo_F840,T427,1
2019-2020,autismo_F840,Q998,1
2019-2020,autismo_F840,Q935,1
2019-2020,autismo_F840,T443,1
2019-2020,autismo_F840,T450,1
2019-2020,autismo_F840,T451,1
2019-2020,autismo_F840,Q929,1
2019-2020,autismo_F840,T465,1
2019-2020,autismo_F840,R490,1
2019-2020,autismo_F840,R508,1
2019-2020,autismo_F840,T290,1
2019-2020,autismo_F840,R572,1
2019-2020,autismo_F840,S015,1
2019-2020,autismo_F840,S012,1
2019-2020,autismo_F840,S011,1
2019-2020,autismo_F840,T189,1
2019-2020,autismo_F840,T201,1
2019-2020,autismo_F840,R620,1
2019-2020,autismo_F840,R599,1
2019-2020,autismo_F840,T222,1
2019-2020,autismo_F840,R509,1
2019-2020,autismo_F840,T223,1
2019-2020,autismo_F840,R522,1
2019-2020,autismo_F840,T230,1
2019-2020,autismo_F840,T233,1
2019-2020,autismo_F840,T242,1
2019-2020,autismo_F840,T243,1
2019-2020,autismo_F840,T251,1
2019-2020,autismo_F840,N183,1
2019-2020,autismo_F840,K561,1
2019-2020,autismo_F840,N178,1
2019-2020,autismo_F840,G040,1
2019-2020,autismo_F840,G001,1
2019-2020,autismo_F840,F982,1
2019-2020,autismo_F840,F928,1
2019-2020,autismo_F840,F920,1
2019-2020,autismo_F840,F911,1
2019-2020,autismo_F840,F800,1
2019-2020,autismo_F840,F739,1
2019-2020,autismo_F840,F731,1
2019-2020,autismo_F840,F500,1
2019-2020,autismo_F840,F452,1
2019-2020,autismo_F840,F450,1
2019-2020,autismo_F840,F449,1
2019-2020,autismo_F840,F444,1
2019-2020,autismo_F840,F418,1
2019-2020,autismo_F840,F411,1
2019-2020,autismo_F840,F402,1
2019-2020,autismo_F840,F331,1
2019-2020,autismo_F840,F321,1
2019-2020,autismo_F840,F320,1
2019-2020,autismo_F840,F318,1
2019-2020,autismo_F840,F316,1
2019-2020,autismo_F840,F313,1
2019-2020,autismo_F840,F311,1
2019-2020,autismo_F840,F21,1
2019-2020,autismo_F840,F200,1
2019-2020,autismo_F840,G002,1
2019-2020,autismo_F840,G048,1
2019-2020,autismo_F840,F061,1
2019-2020,autismo_F840,G049,1
2019-2020,autismo_F840,H653,1
2019-2020,autismo_F840,H612,1
2019-2020,autismo_F840,H508,1
2019-2020,autismo_F840,H501,1
2019-2020,autismo_F840,H46,1
2019-2020,autismo_F840,H428,1
2019-2020,autismo_F840,H332,1
2019-2020,autismo_F840,H268,1
2019-2020,autismo_F840,G919,1
2019-2020,autismo_F840,G911,1
2019-2020,autismo_F840,G901,1
2019-2020,autismo_F840,G820,1
2019-2020,autismo_F840,G808,1
2019-2020,autismo_F840,G710,1
2019-2020,autismo_F840,G610,1
2019-2020,autismo_F840,G448,1
2019-2020,autismo_F840,G438,1
2019-2020,autismo_F840,G412,1
2019-2020,autismo_F840,G373,1
2019-2020,autismo_F840,G248,1
2019-2020,autismo_F840,G240,1
2019-2020,autismo_F840,G121,1
2019-2020,autismo_F840,G119,1
2019-2020,autismo_F840,G062,1
2019-2020,autismo_F840,G060,1
2019-2020,autismo_F840,F141,1
2019-2020,autismo_F840,F059,1
2019-2020,autismo_F840,N138,1
2019-2020,autismo_F840,D233,1
2019-2020,autismo_F840,D177,1
2019-2020,autismo_F840,D037,1
2019-2020,autismo_F840,C950,1
2019-2020,autismo_F840,C929,1
2019-2020,autismo_F840,C73,1
2019-2020,autismo_F840,C719,1
2019-2020,autismo_F840,C717,1
2019-2020,autismo_F840,C710,1
2019-2020,autismo_F840,C504,1
2019-2020,autismo_F840,C159,1
2019-2020,autismo_F840,B678,1
2019-2020,autismo_F840,B349,1
2019-2020,autismo_F840,B348,1
2019-2020,autismo_F840,B270,1
2019-2020,autismo_F840,B24,1
2019-2020,autismo_F840,B09,1
2019-2020,autismo_F840,B07,1
2019-2020,autismo_F840,B019,1
2019-2020,autismo_F840,B002,1
2019-2020,autismo_F840,A492,1
2019-2020,autismo_F840,A448,1
2019-2020,autismo_F840,A150,1
2019-2020,autismo_F840,A082,1
2019-2020,autismo_F840,A058,1
2019-2020,autismo_F840,A031,1
2019-2020,autismo_F840,D232,1
2019-2020,autismo_F840,D330,1
2019-2020,autismo_F840,E876,1
2019-2020,autismo_F840,D34,1
2019-2020,autismo_F840,E872,1
2019-2020,autismo_F840,E871,1
2019-2020,autismo_F840,E46,1
2019-2020,autismo_F840,E301,1
2019-2020,autismo_F840,E230,1
2019-2020,autismo_F840,E161,1
2019-2020,autismo_F840,E141,1
2019-2020,autismo_F840,E115,1
2019-2020,autismo_F840,E108,1
2019-2020,autismo_F840,D848,1
2019-2020,autismo_F840,D801,1
2019-2020,autismo_F840,D763,1
2019-2020,autismo_F840,D733,1
2019-2020,autismo_F840,D696,1
2019-2020,autismo_F840,D692,1
2019-2020,autismo_F840,D681,1
2019-2020,autismo_F840,D593,1
2019-2020,autismo_F840,D589,1
2019-2020,autismo_F840,D509,1
2019-2020,autismo_F840,D485,1
2019-2020,autismo_F840,D481,1
2019-2020,autismo_F840,D434,1
2019-2020,autismo_F840,D430,1
2019-2020,autismo_F840,D410,1
2019-2020,autismo_F840,D381,1
2019-2020,autismo_F840,H659,1
2019-2020,autismo_F840,H663,1
2019-2020,autismo_F840,H664,1
2019-2020,autismo_F840,L282,1
2019-2020,autismo_F840,L059,1
2019-2020,autismo_F840,L029,1
2019-2020,autismo_F840,L010,1
2019-2020,autismo_F840,K929,1
2019-2020,autismo_F840,K853,1
2019-2020,autismo_F840,K759,1
2019-2020,autismo_F840,K754,1
2019-2020,autismo_F840,K739,1
2019-2020,autismo_F840,K720,1
2019-2020,autismo_F840,K659,1
2019-2020,autismo_F840,K649,1
2019-2020,autismo_F840,K639,1
2019-2020,autismo_F840,K635,1
2019-2020,autismo_F840,K625,1
2019-2020,autismo_F840,K621,1
2019-2020,autismo_F840,K565,1
2019-2020,autismo_F840,A021,1
2019-2020,autismo_F840,K559,1
2019-2020,autismo_F840,K550,1
2019-2020,autismo_F840,K510,1
2019-2020,autismo_F840,K500,1
2019-2020,autismo_F840,K409,1
2019-2020,autismo_F840,K388,1
2019-2020,autismo_F840,K297,1
2019-2020,autismo_F840,K295,1
2019-2020,autismo_F840,L088,1
2019-2020,autismo_F840,L720,1
2019-2020,autismo_F840,H700,1
2019-2020,autismo_F840,L83,1
2019-2020,autismo_F840,N137,1
2019-2020,autismo_F840,N048,1
2019-2020,autismo_F840,N041,1
2019-2020,autismo_F840,M8793,1
2019-2020,autismo_F840,M8698,1
2019-2020,autismo_F840,M8695,1
2019-2020,autismo_F840,M8589,1
2019-2020,autismo_F840,M8565,1
2019-2020,autismo_F840,M8407,1
2019-2020,autismo_F840,M7958,1
2019-2020,autismo_F840,M7046,1
2019-2020,autismo_F840,M673,1
2019-2020,autismo_F840,M4646,1
2019-2020,autismo_F840,M4144,1
2019-2020,autismo_F840,M4140,1
2019-2020,autismo_F840,M4115,1
2019-2020,autismo_F840,M4105,1
2019-2020,autismo_F840,M359,1
2019-2020,autismo_F840,M2445,1
2019-2020,autismo_F840,M2176,1
2019-2020,autismo_F840,M2117,1
2019-2020,autismo_F840,M2106,1
2019-2020,autismo_F840,M0095,1
2019-2020,autismo_F840,L929,1
2019-2020,autismo_F840,L923,1
2019-2020,autismo_F840,K222,1
2019-2020,autismo_F840,K221,1
2019-2020,autismo_F840,K219,1
2019-2020,autismo_F840,K20,1
2019-2020,autismo_F840,J157,1
2019-2020,autismo_F840,J14,1
2019-2020,autismo_F840,J13,1
2019-2020,autismo_F840,J128,1
2019-2020,autismo_F840,J123,1
2019-2020,autismo_F840,J122,1
2019-2020,autismo_F840,J120,1
2019-2020,autismo_F840,J050,1
2019-2020,autismo_F840,J040,1
2019-2020,autismo_F840,J039,1
2019-2020,autismo_F840,J029,1
2019-2020,autismo_F840,I889,1
2019-2020,autismo_F840,I776,1
2019-2020,autismo_F840,I679,1
2019-2020,autismo_F840,I638,1
2019-2020,autismo_F840,I619,1
2019-2020,autismo_F840,I615,1
2019-2020,autismo_F840,I479,1
2019-2020,autismo_F840,I469,1
2019-2020,autismo_F840,I270,1
2019-2020,autismo_F840,I210,1
2019-2020,autismo_F840,I151,1
2019-2020,autismo_F840,H905,1
2019-2020,autismo_F840,H903,1
2019-2020,autismo_F840,H900,1
2019-2020,autismo_F840,J181,1
2019-2020,autismo_F840,J204,1
2019-2020,autismo_F840,J208,1
2019-2020,autismo_F840,K025,1
2019-2020,autismo_F840,K134,1
2019-2020,autismo_F840,K117,1
2019-2020,autismo_F840,K113,1
2019-2020,autismo_F840,K112,1
2019-2020,autismo_F840,K108,1
2019-2020,autismo_F840,K102,1
2019-2020,autismo_F840,K092,1
2019-2020,autismo_F840,K083,1
2019-2020,autismo_F840,K081,1
2019-2020,autismo_F840,K052,1
2019-2020,autismo_F840,K046,1
2019-2020,autismo_F840,K023,1
2019-2020,autismo_F840,J219,1
2019-2020,autismo_F840,J955,1
2019-2020,autismo_F840,J931,1
2019-2020,autismo_F840,J90,1
2019-2020,autismo_F840,J869,1
2019-2020,autismo_F840,J850,1
2019-2020,autismo_F840,J459,1
2019-2020,autismo_F840,J40,1
2019-2020,autismo_F840,J398,1
2019-2020,autismo_F840,J36,1
2019-2020,autismo_F840,J343,1
2019-2020,autismo_F840,J342,1
2019-2020,autismo_F840,Z915,1
2019-2020,TEA_operacional,F840,155
2019-2020,TEA_operacional,G409,125
2019-2020,TEA_operacional,K029,113
2019-2020,TEA_operacional,N47,94
2019-2020,TEA_operacional,K358,88
2019-2020,TEA_operacional,J353,66
2019-2020,TEA_operacional,Z518,47
2019-2020,TEA_operacional,K353,38
2019-2020,TEA_operacional,R568,36
2019-2020,TEA_operacional,K028,33
2019-2020,TEA_operacional,A099,33
2019-2020,TEA_operacional,G403,25
2019-2020,TEA_operacional,J159,25
2019-2020,TEA_operacional,J209,25
2019-2020,TEA_operacional,F841,25
2019-2020,TEA_operacional,K352,24
2019-2020,TEA_operacional,F845,23
2019-2020,TEA_operacional,J189,23
2019-2020,TEA_operacional,K122,23
2019-2020,TEA_operacional,S4240,22
2019-2020,TEA_operacional,K010,21
2019-2020,TEA_operacional,K590,19
2019-2020,TEA_operacional,G404,18
2019-2020,TEA_operacional,J46,18
2019-2020,TEA_operacional,J129,18
2019-2020,TEA_operacional,E101,17
2019-2020,TEA_operacional,N390,17
2019-2020,TEA_operacional,Q531,16
2019-2020,TEA_operacional,Z138,16
2019-2020,TEA_operacional,J121,16
2019-2020,TEA_operacional,J351,16
2019-2020,TEA_operacional,N10,16
2019-2020,TEA_operacional,F322,16
2019-2020,TEA_operacional,F29,15
2019-2020,TEA_operacional,Z038,15
2019-2020,TEA_operacional,K021,15
2019-2020,TEA_operacional,F919,15
2019-2020,TEA_operacional,G408,14
2019-2020,TEA_operacional,DESCONOCIDO,14
2019-2020,TEA_operacional,F848,14
2019-2020,TEA_operacional,F432,14
2019-2020,TEA_operacional,R560,14
2019-2020,TEA_operacional,Z134,14
2019-2020,TEA_operacional,T435,13
2019-2020,TEA_operacional,F239,13
2019-2020,TEA_operacional,R458,12
2019-2020,TEA_operacional,G401,12
2019-2020,TEA_operacional,A080,12
2019-2020,TEA_operacional,L031,11
2019-2020,TEA_operacional,F849,11
2019-2020,TEA_operacional,A090,10
2019-2020,TEA_operacional,T432,10
2019-2020,TEA_operacional,L600,9
2019-2020,TEA_operacional,F329,9
2019-2020,TEA_operacional,Q532,9
2019-2020,TEA_operacional,F323,9
2019-2020,TEA_operacional,K564,9
2019-2020,TEA_operacional,N44,8
2019-2020,TEA_operacional,F918,8
2019-2020,TEA_operacional,G410,8
2019-2020,TEA_operacional,S8280,8
2019-2020,TEA_operacional,C910,8
2019-2020,TEA_operacional,J690,8
2019-2020,TEA_operacional,A419,8
2019-2020,TEA_operacional,K429,7
2019-2020,TEA_operacional,J100,7
2019-2020,TEA_operacional,G419,7
2019-2020,TEA_operacional,F609,7
2019-2020,TEA_operacional,F209,7
2019-2020,TEA_operacional,R451,7
2019-2020,TEA_operacional,J960,7
2019-2020,TEA_operacional,T751,7
2019-2020,TEA_operacional,F238,6
2019-2020,TEA_operacional,M4145,6
2019-2020,TEA_operacional,T391,6
2019-2020,TEA_operacional,T424,6
2019-2020,TEA_operacional,Q381,6
2019-2020,TEA_operacional,J101,6
2019-2020,TEA_operacional,K859,6
2019-2020,TEA_operacional,K409,6
2019-2020,TEA_operacional,R11,6
2019-2020,TEA_operacional,Z470,6
2019-2020,TEA_operacional,K001,6
2019-2020,TEA_operacional,J9600,6
2019-2020,TEA_operacional,J352,6
2019-2020,TEA_operacional,K800,6
2019-2020,TEA_operacional,K802,6
2019-2020,TEA_operacional,N179,6
2019-2020,TEA_operacional,Z016,6
2019-2020,TEA_operacional,T433,6
2019-2020,TEA_operacional,T434,6
2019-2020,TEA_operacional,S5250,6
2019-2020,TEA_operacional,G418,6
2019-2020,TEA_operacional,K918,5
2019-2020,TEA_operacional,T212,5
2019-2020,TEA_operacional,J128,5
2019-2020,TEA_operacional,M2157,5
2019-2020,TEA_operacional,M4115,5
2019-2020,TEA_operacional,Q539,5
2019-2020,TEA_operacional,J350,5
2019-2020,TEA_operacional,T181,5
2019-2020,TEA_operacional,L040,5
2019-2020,TEA_operacional,T393,5
2019-2020,TEA_operacional,E86,5
2019-2020,TEA_operacional,S5240,5
2019-2020,TEA_operacional,S6261,5
2019-2020,TEA_operacional,K529,5
2019-2020,TEA_operacional,Z133,5
2019-2020,TEA_operacional,T850,5
2019-2020,TEA_operacional,D480,5
2019-2020,TEA_operacional,Z033,5
2019-2020,TEA_operacional,D690,4
2019-2020,TEA_operacional,G400,4
2019-2020,TEA_operacional,F200,4
2019-2020,TEA_operacional,J205,4
2019-2020,TEA_operacional,A499,4
2019-2020,TEA_operacional,G930,4
2019-2020,TEA_operacional,A38,4
2019-2020,TEA_operacional,G919,4
2019-2020,TEA_operacional,J00,4
2019-2020,TEA_operacional,K650,4
2019-2020,TEA_operacional,J9609,4
2019-2020,TEA_operacional,Q665,4
2019-2020,TEA_operacional,K210,4
2019-2020,TEA_operacional,D619,4
2019-2020,TEA_operacional,J069,4
2019-2020,TEA_operacional,G473,4
2019-2020,TEA_operacional,K047,4
2019-2020,TEA_operacional,J122,4
2019-2020,TEA_operacional,S5230,4
2019-2020,TEA_operacional,K219,4
2019-2020,TEA_operacional,F431,4
2019-2020,TEA_operacional,S0620,4
2019-2020,TEA_operacional,U071,4
2019-2020,TEA_operacional,S0690,4
2019-2020,TEA_operacional,N62,4
2019-2020,TEA_operacional,H652,4
2019-2020,TEA_operacional,L059,4
2019-2020,TEA_operacional,E109,4
2019-2020,TEA_operacional,I880,4
2019-2020,TEA_operacional,H509,4
2019-2020,TEA_operacional,A084,4
2019-2020,TEA_operacional,H501,4
2019-2020,TEA_operacional,S8220,4
2019-2020,TEA_operacional,F603,4
2019-2020,TEA_operacional,S5200,4
2019-2020,TEA_operacional,Z511,4
2019-2020,TEA_operacional,S009,4
2019-2020,TEA_operacional,C629,4
2019-2020,TEA_operacional,S7230,3
2019-2020,TEA_operacional,Z137,3
2019-2020,TEA_operacional,E162,3
2019-2020,TEA_operacional,S011,3
2019-2020,TEA_operacional,Q315,3
2019-2020,TEA_operacional,B349,3
2019-2020,TEA_operacional,S8230,3
2019-2020,TEA_operacional,F900,3
2019-2020,TEA_operacional,P599,3
2019-2020,TEA_operacional,J342,3
2019-2020,TEA_operacional,S5270,3
2019-2020,TEA_operacional,J204,3
2019-2020,TEA_operacional,J188,3
2019-2020,TEA_operacional,H919,3
2019-2020,TEA_operacional,L021,3
2019-2020,TEA_operacional,U072,3
2019-2020,TEA_operacional,H669,3
2019-2020,TEA_operacional,E161,3
2019-2020,TEA_operacional,K900,3
2019-2020,TEA_operacional,H500,3
2019-2020,TEA_operacional,Q431,3
2019-2020,TEA_operacional,S5210,3
2019-2020,TEA_operacional,I861,3
2019-2020,TEA_operacional,G938,3
2019-2020,TEA_operacional,G934,3
2019-2020,TEA_operacional,K851,3
2019-2020,TEA_operacional,J040,3
2019-2020,TEA_operacional,G800,3
2019-2020,TEA_operacional,S0210,3
2019-2020,TEA_operacional,K801,3
2019-2020,TEA_operacional,R55,3
2019-2020,TEA_operacional,F911,3
2019-2020,TEA_operacional,M7953,3
2019-2020,TEA_operacional,R13,3
2019-2020,TEA_operacional,T172,3
2019-2020,TEA_operacional,M2106,3
2019-2020,TEA_operacional,D649,3
2019-2020,TEA_operacional,K36,3
2019-2020,TEA_operacional,T202,3
2019-2020,TEA_operacional,Z478,3
2019-2020,TEA_operacional,F09,3
2019-2020,TEA_operacional,N921,3
2019-2020,TEA_operacional,Q204,3
2019-2020,TEA_operacional,F208,3
2019-2020,TEA_operacional,T232,3
2019-2020,TEA_operacional,F319,3
2019-2020,TEA_operacional,R104,3
2019-2020,TEA_operacional,K053,3
2019-2020,TEA_operacional,T16,3
2019-2020,TEA_operacional,D70,3
2019-2020,TEA_operacional,Q753,3
2019-2020,TEA_operacional,K439,3
2019-2020,TEA_operacional,Z433,3
2019-2020,TEA_operacional,K519,3
2019-2020,TEA_operacional,Q750,3
2019-2020,TEA_operacional,R509,3
2019-2020,TEA_operacional,K510,3
2019-2020,TEA_operacional,K403,2
2019-2020,TEA_operacional,S0280,2
2019-2020,TEA_operacional,I471,2
2019-2020,TEA_operacional,S099,2
2019-2020,TEA_operacional,Q668,2
2019-2020,TEA_operacional,K922,2
2019-2020,TEA_operacional,Q549,2
2019-2020,TEA_operacional,Q667,2
2019-2020,TEA_operacional,K20,2
2019-2020,TEA_operacional,S0250,2
2019-2020,TEA_operacional,K625,2
2019-2020,TEA_operacional,Q742,2
2019-2020,TEA_operacional,K081,2
2019-2020,TEA_operacional,A281,2
2019-2020,TEA_operacional,I479,2
2019-2020,TEA_operacional,K858,2
2019-2020,TEA_operacional,K566,2
2019-2020,TEA_operacional,Z763,2
2019-2020,TEA_operacional,Q851,2
2019-2020,TEA_operacional,K259,2
2019-2020,TEA_operacional,I608,2
2019-2020,TEA_operacional,S059,2
2019-2020,TEA_operacional,K291,2
2019-2020,TEA_operacional,Z540,2
2019-2020,TEA_operacional,J050,2
2019-2020,TEA_operacional,A082,2
2019-2020,TEA_operacional,I615,2
2019-2020,TEA_operacional,K388,2
2019-2020,TEA_operacional,C920,2
2019-2020,TEA_operacional,B179,2
2019-2020,TEA_operacional,K051,2
2019-2020,TEA_operacional,J068,2
2019-2020,TEA_operacional,R100,2
2019-2020,TEA_operacional,S015,2
2019-2020,TEA_operacional,B019,2
2019-2020,TEA_operacional,B678,2
2019-2020,TEA_operacional,J955,2
2019-2020,TEA_operacional,R268,2
2019-2020,TEA_operacional,R31,2
2019-2020,TEA_operacional,N832,2
2019-2020,TEA_operacional,R620,2
2019-2020,TEA_operacional,K720,2
2019-2020,TEA_operacional,K769,2
2019-2020,TEA_operacional,Z308,2
2019-2020,TEA_operacional,Z430,2
2019-2020,TEA_operacional,R51,2
2019-2020,TEA_operacional,J441,2
2019-2020,TEA_operacional,J448,2
2019-2020,TEA_operacional,J698,2
2019-2020,TEA_operacional,J459,2
2019-2020,TEA_operacional,J219,2
2019-2020,TEA_operacional,S017,2
2019-2020,TEA_operacional,B002,2
2019-2020,TEA_operacional,K044,2
2019-2020,TEA_operacional,C73,2
2019-2020,TEA_operacional,J120,2
2019-2020,TEA_operacional,Z431,2
2019-2020,TEA_operacional,Z514,2
2019-2020,TEA_operacional,S0220,2
2019-2020,TEA_operacional,Z048,2
2019-2020,TEA_operacional,J13,2
2019-2020,TEA_operacional,J151,2
2019-2020,TEA_operacional,J208,2
2019-2020,TEA_operacional,K810,2
2019-2020,TEA_operacional,N488,2
2019-2020,TEA_operacional,P220,2
2019-2020,TEA_operacional,K036,2
2019-2020,TEA_operacional,K025,2
2019-2020,TEA_operacional,J181,2
2019-2020,TEA_operacional,K011,2
2019-2020,TEA_operacional,L022,2
2019-2020,TEA_operacional,H653,2
2019-2020,TEA_operacional,L030,2
2019-2020,TEA_operacional,N049,2
2019-2020,TEA_operacional,T182,2
2019-2020,TEA_operacional,M9115,2
2019-2020,TEA_operacional,F638,2
2019-2020,TEA_operacional,Q250,2
2019-2020,TEA_operacional,F711,2
2019-2020,TEA_operacional,S830,2
2019-2020,TEA_operacional,S3671,2
2019-2020,TEA_operacional,F809,2
2019-2020,TEA_operacional,F842,2
2019-2020,TEA_operacional,T71,2
2019-2020,TEA_operacional,G259,2
2019-2020,TEA_operacional,F89,2
2019-2020,TEA_operacional,F913,2
2019-2020,TEA_operacional,S8210,2
2019-2020,TEA_operacional,F988,2
2019-2020,TEA_operacional,G040,2
2019-2020,TEA_operacional,G060,2
2019-2020,TEA_operacional,L720,2
2019-2020,TEA_operacional,S7200,2
2019-2020,TEA_operacional,N137,2
2019-2020,TEA_operacional,T509,2
2019-2020,TEA_operacional,Q234,2
2019-2020,TEA_operacional,D692,2
2019-2020,TEA_operacional,Q213,2
2019-2020,TEA_operacional,Q039,2
2019-2020,TEA_operacional,E669,2
2019-2020,TEA_operacional,T426,2
2019-2020,TEA_operacional,E111,2
2019-2020,TEA_operacional,T421,2
2019-2020,TEA_operacional,T407,2
2019-2020,TEA_operacional,E835,2
2019-2020,TEA_operacional,E871,2
2019-2020,TEA_operacional,T405,2
2019-2020,TEA_operacional,T378,2
2019-2020,TEA_operacional,F061,2
2019-2020,TEA_operacional,T292,2
2019-2020,TEA_operacional,F192,2
2019-2020,TEA_operacional,F230,2
2019-2020,TEA_operacional,F231,2
2019-2020,TEA_operacional,F28,2
2019-2020,TEA_operacional,F311,2
2019-2020,TEA_operacional,M303,2
2019-2020,TEA_operacional,F318,2
2019-2020,TEA_operacional,P590,2
2019-2020,TEA_operacional,F799,2
2019-2020,TEA_operacional,L519,2
2019-2020,TEA_operacional,S519,2
2019-2020,TEA_operacional,G710,2
2019-2020,TEA_operacional,G711,2
2019-2020,TEA_operacional,G808,2
2019-2020,TEA_operacional,S5260,2
2019-2020,TEA_operacional,G824,2
2019-2020,TEA_operacional,P285,2
2019-2020,TEA_operacional,G911,2
2019-2020,TEA_operacional,D227,2
2019-2020,TEA_operacional,H050,2
2019-2020,TEA_operacional,H269,2
2019-2020,TEA_operacional,H508,2
2019-2020,TEA_operacional,S5280,2
2019-2020,TEA_operacional,D225,2
2019-2020,TEA_operacional,H612,2
2019-2020,TEA_operacional,S4230,2
2019-2020,TEA_operacional,S4220,2
2019-2020,TEA_operacional,L050,2
2019-2020,TEA_operacional,D180,2
2019-2020,TEA_operacional,T887,2
2019-2020,TEA_operacional,D164,2
2019-2020,TEA_operacional,S398,2
2019-2020,TEA_operacional,H918,2
2019-2020,TEA_operacional,G610,2
2019-2020,TEA_operacional,A020,2
2019-2020,TEA_operacional,N185,2
2019-2020,TEA_operacional,N319,2
2019-2020,TEA_operacional,S618,2
2019-2020,TEA_operacional,D410,2
2019-2020,TEA_operacional,G402,2
2019-2020,TEA_operacional,S619,2
2019-2020,TEA_operacional,Q100,1
2019-2020,TEA_operacional,Q02,1
2019-2020,TEA_operacional,Q542,1
2019-2020,TEA_operacional,Q311,1
2019-2020,TEA_operacional,Q111,1
2019-2020,TEA_operacional,Q321,1
2019-2020,TEA_operacional,Q181,1
2019-2020,TEA_operacional,Q018,1
2019-2020,TEA_operacional,Q676,1
2019-2020,TEA_operacional,Q675,1
2019-2020,TEA_operacional,Q674,1
2019-2020,TEA_operacional,Q012,1
2019-2020,TEA_operacional,P369,1
2019-2020,TEA_operacional,Q641,1
2019-2020,TEA_operacional,Q680,1
2019-2020,TEA_operacional,P290,1
2019-2020,TEA_operacional,Q682,1
2019-2020,TEA_operacional,Q079,1
2019-2020,TEA_operacional,O993,1
2019-2020,TEA_operacional,Q505,1
2019-2020,TEA_operacional,Q691,1
2019-2020,TEA_operacional,P238,1
2019-2020,TEA_operacional,P398,1
2019-2020,TEA_operacional,O991,1
2019-2020,TEA_operacional,Q541,1
2019-2020,TEA_operacional,Q370,1
2019-2020,TEA_operacional,Q070,1
2019-2020,TEA_operacional,Q052,1
2019-2020,TEA_operacional,Q692,1
2019-2020,TEA_operacional,Q038,1
2019-2020,TEA_operacional,Q210,1
2019-2020,TEA_operacional,Q666,1
2019-2020,TEA_operacional,P704,1
2019-2020,TEA_operacional,Q388,1
2019-2020,TEA_operacional,P071,1
2019-2020,TEA_operacional,Q245,1
2019-2020,TEA_operacional,Q390,1
2019-2020,TEA_operacional,Q651,1
2019-2020,TEA_operacional,Q248,1
2019-2020,TEA_operacional,P77,1
2019-2020,TEA_operacional,P228,1
2019-2020,TEA_operacional,P210,1
2019-2020,TEA_operacional,Q256,1
2019-2020,TEA_operacional,Q650,1
2019-2020,TEA_operacional,Q279,1
2019-2020,TEA_operacional,Q419,1
2019-2020,TEA_operacional,Q282,1
2019-2020,TEA_operacional,P835,1
2019-2020,TEA_operacional,Q658,1
2019-2020,TEA_operacional,Q239,1
2019-2020,TEA_operacional,P289,1
2019-2020,TEA_operacional,Q632,1
2019-2020,TEA_operacional,Q230,1
2019-2020,TEA_operacional,Q383,1
2019-2020,TEA_operacional,Q225,1
2019-2020,TEA_operacional,P90,1
2019-2020,TEA_operacional,P915,1
2019-2020,TEA_operacional,P598,1
2019-2020,TEA_operacional,Q430,1
2019-2020,TEA_operacional,Q211,1
2019-2020,TEA_operacional,P219,1
2019-2020,TEA_operacional,P916,1
2019-2020,TEA_operacional,Q308,1
2019-2020,TEA_operacional,P942,1
2019-2020,TEA_operacional,Q229,1
2019-2020,TEA_operacional,S3611,1
2019-2020,TEA_operacional,Q740,1
2019-2020,TEA_operacional,T312,1
2019-2020,TEA_operacional,T505,1
2019-2020,TEA_operacional,T490,1
2019-2020,TEA_operacional,T466,1
2019-2020,TEA_operacional,T465,1
2019-2020,TEA_operacional,T461,1
2019-2020,TEA_operacional,T451,1
2019-2020,TEA_operacional,T450,1
2019-2020,TEA_operacional,T447,1
2019-2020,TEA_operacional,T443,1
2019-2020,TEA_operacional,T436,1
2019-2020,TEA_operacional,T430,1
2019-2020,TEA_operacional,T427,1
2019-2020,TEA_operacional,T402,1
2019-2020,TEA_operacional,T361,1
2019-2020,TEA_operacional,T291,1
2019-2020,TEA_operacional,Q759,1
2019-2020,TEA_operacional,T290,1
2019-2020,TEA_operacional,T253,1
2019-2020,TEA_operacional,T251,1
2019-2020,TEA_operacional,T243,1
2019-2020,TEA_operacional,T242,1
2019-2020,TEA_operacional,T233,1
2019-2020,TEA_operacional,T231,1
2019-2020,TEA_operacional,T230,1
2019-2020,TEA_operacional,T223,1
2019-2020,TEA_operacional,T222,1
2019-2020,TEA_operacional,T201,1
2019-2020,TEA_operacional,T189,1
2019-2020,TEA_operacional,T184,1
2019-2020,TEA_operacional,T179,1
2019-2020,TEA_operacional,T510,1
2019-2020,TEA_operacional,T511,1
2019-2020,TEA_operacional,T58,1
2019-2020,TEA_operacional,T600,1
2019-2020,TEA_operacional,Z915,1
2019-2020,TEA_operacional,Z653,1
2019-2020,TEA_operacional,Z465,1
2019-2020,TEA_operacional,Z450,1
2019-2020,TEA_operacional,Z432,1
2019-2020,TEA_operacional,Z304,1
2019-2020,TEA_operacional,Z302,1
2019-2020,TEA_operacional,Z139,1
2019-2020,TEA_operacional,Z098,1
2019-2020,TEA_operacional,Z087,1
2019-2020,TEA_operacional,Z031,1
2019-2020,TEA_operacional,Z011,1
2019-2020,TEA_operacional,T983,1
2019-2020,TEA_operacional,T858,1
2019-2020,TEA_operacional,T855,1
2019-2020,TEA_operacional,T846,1
2019-2020,TEA_operacional,T827,1
2019-2020,TEA_operacional,T824,1
2019-2020,TEA_operacional,T818,1
2019-2020,TEA_operacional,T815,1
2019-2020,TEA_operacional,T814,1
2019-2020,TEA_operacional,T813,1
2019-2020,TEA_operacional,T810,1
2019-2020,TEA_operacional,T784,1
2019-2020,TEA_operacional,T781,1
2019-2020,TEA_operacional,T780,1
2019-2020,TEA_operacional,T742,1
2019-2020,TEA_operacional,T658,1
2019-2020,TEA_operacional,T634,1
2019-2020,TEA_operacional,T150,1
2019-2020,TEA_operacional,T141,1
2019-2020,TEA_operacional,T135,1
2019-2020,TEA_operacional,S0680,1
2019-2020,TEA_operacional,S0630,1
2019-2020,TEA_operacional,S058,1
2019-2020,TEA_operacional,S0260,1
2019-2020,TEA_operacional,S0230,1
2019-2020,TEA_operacional,S0201,1
2019-2020,TEA_operacional,S0200,1
2019-2020,TEA_operacional,S018,1
2019-2020,TEA_operacional,S012,1
2019-2020,TEA_operacional,R599,1
2019-2020,TEA_operacional,R572,1
2019-2020,TEA_operacional,R522,1
2019-2020,TEA_operacional,R508,1
2019-2020,TEA_operacional,R490,1
2019-2020,TEA_operacional,R262,1
2019-2020,TEA_operacional,R258,1
2019-2020,TEA_operacional,R223,1
2019-2020,TEA_operacional,R040,1
2019-2020,TEA_operacional,Q998,1
2019-2020,TEA_operacional,Q935,1
2019-2020,TEA_operacional,Q929,1
2019-2020,TEA_operacional,Q909,1
2019-2020,TEA_operacional,Q897,1
2019-2020,TEA_operacional,Q892,1
2019-2020,TEA_operacional,Q873,1
2019-2020,TEA_operacional,Q871,1
2019-2020,TEA_operacional,Q870,1
2019-2020,TEA_operacional,Q828,1
2019-2020,TEA_operacional,Q822,1
2019-2020,TEA_operacional,Q774,1
2019-2020,TEA_operacional,S0650,1
2019-2020,TEA_operacional,S090,1
2019-2020,TEA_operacional,T068,1
2019-2020,TEA_operacional,S1200,1
2019-2020,TEA_operacional,T009,1
2019-2020,TEA_operacional,S903,1
2019-2020,TEA_operacional,S8250,1
2019-2020,TEA_operacional,S810,1
2019-2020,TEA_operacional,S7240,1
2019-2020,TEA_operacional,S7231,1
2019-2020,TEA_operacional,S7220,1
2019-2020,TEA_operacional,S701,1
2019-2020,TEA_operacional,S682,1
2019-2020,TEA_operacional,S681,1
2019-2020,TEA_operacional,S6260,1
2019-2020,TEA_operacional,S6251,1
2019-2020,TEA_operacional,S610,1
2019-2020,TEA_operacional,S5291,1
2019-2020,TEA_operacional,S5290,1
2019-2020,TEA_operacional,S5220,1
2019-2020,TEA_operacional,S518,1
2019-2020,TEA_operacional,S517,1
2019-2020,TEA_operacional,S4200,1
2019-2020,TEA_operacional,S417,1
2019-2020,TEA_operacional,S411,1
2019-2020,TEA_operacional,S410,1
2019-2020,TEA_operacional,S399,1
2019-2020,TEA_operacional,O800,1
2019-2020,TEA_operacional,S310,1
2019-2020,TEA_operacional,S299,1
2019-2020,TEA_operacional,S2781,1
2019-2020,TEA_operacional,S2701,1
2019-2020,TEA_operacional,S202,1
2019-2020,TEA_operacional,O821,1
2019-2020,TEA_operacional,K635,1
2019-2020,TEA_operacional,O701,1
2019-2020,TEA_operacional,F449,1
2019-2020,TEA_operacional,F410,1
2019-2020,TEA_operacional,F411,1
2019-2020,TEA_operacional,F412,1
2019-2020,TEA_operacional,F418,1
2019-2020,TEA_operacional,F419,1
2019-2020,TEA_operacional,F444,1
2019-2020,TEA_operacional,F445,1
2019-2020,TEA_operacional,F450,1
2019-2020,TEA_operacional,F331,1
2019-2020,TEA_operacional,F452,1
2019-2020,TEA_operacional,F500,1
2019-2020,TEA_operacional,F61,1
2019-2020,TEA_operacional,F639,1
2019-2020,TEA_operacional,F701,1
2019-2020,TEA_operacional,F709,1
2019-2020,TEA_operacional,F731,1
2019-2020,TEA_operacional,F402,1
2019-2020,TEA_operacional,F328,1
2019-2020,TEA_operacional,F800,1
2019-2020,TEA_operacional,F141,1
2019-2020,TEA_operacional,E872,1
2019-2020,TEA_operacional,E876,1
2019-2020,TEA_operacional,E889,1
2019-2020,TEA_operacional,F058,1
2019-2020,TEA_operacional,F059,1
2019-2020,TEA_operacional,F070,1
2019-2020,TEA_operacional,F121,1
2019-2020,TEA_operacional,F195,1
2019-2020,TEA_operacional,F321,1
2019-2020,TEA_operacional,F202,1
2019-2020,TEA_operacional,F205,1
2019-2020,TEA_operacional,F21,1
2019-2020,TEA_operacional,F232,1
2019-2020,TEA_operacional,F313,1
2019-2020,TEA_operacional,F316,1
2019-2020,TEA_operacional,F320,1
2019-2020,TEA_operacional,F739,1
2019-2020,TEA_operacional,F920,1
2019-2020,TEA_operacional,H900,1
2019-2020,TEA_operacional,H351,1
2019-2020,TEA_operacional,G629,1
2019-2020,TEA_operacional,G820,1
2019-2020,TEA_operacional,G901,1
2019-2020,TEA_operacional,G918,1
2019-2020,TEA_operacional,H001,1
2019-2020,TEA_operacional,H268,1
2019-2020,TEA_operacional,H332,1
2019-2020,TEA_operacional,H428,1
2019-2020,TEA_operacional,G448,1
2019-2020,TEA_operacional,H46,1
2019-2020,TEA_operacional,H540,1
2019-2020,TEA_operacional,H55,1
2019-2020,TEA_operacional,H659,1
2019-2020,TEA_operacional,H663,1
2019-2020,TEA_operacional,H664,1
2019-2020,TEA_operacional,H700,1
2019-2020,TEA_operacional,G478,1
2019-2020,TEA_operacional,G439,1
2019-2020,TEA_operacional,F928,1
2019-2020,TEA_operacional,G119,1
2019-2020,TEA_operacional,F938,1
2019-2020,TEA_operacional,F982,1
2019-2020,TEA_operacional,G001,1
2019-2020,TEA_operacional,G002,1
2019-2020,TEA_operacional,G048,1
2019-2020,TEA_operacional,G049,1
2019-2020,TEA_operacional,G062,1
2019-2020,TEA_operacional,G121,1
2019-2020,TEA_operacional,G438,1
2019-2020,TEA_operacional,G210,1
2019-2020,TEA_operacional,G240,1
2019-2020,TEA_operacional,G248,1
2019-2020,TEA_operacional,G319,1
2019-2020,TEA_operacional,G361,1
2019-2020,TEA_operacional,G373,1
2019-2020,TEA_operacional,G412,1
2019-2020,TEA_operacional,E830,1
2019-2020,TEA_operacional,E762,1
2019-2020,TEA_operacional,E761,1
2019-2020,TEA_operacional,C710,1
2019-2020,TEA_operacional,B99,1
2019-2020,TEA_operacional,C159,1
2019-2020,TEA_operacional,C189,1
2019-2020,TEA_operacional,C341,1
2019-2020,TEA_operacional,C349,1
2019-2020,TEA_operacional,C444,1
2019-2020,TEA_operacional,C504,1
2019-2020,TEA_operacional,C717,1
2019-2020,TEA_operacional,B348,1
2019-2020,TEA_operacional,C719,1
2019-2020,TEA_operacional,C929,1
2019-2020,TEA_operacional,C950,1
2019-2020,TEA_operacional,D037,1
2019-2020,TEA_operacional,D161,1
2019-2020,TEA_operacional,D177,1
2019-2020,TEA_operacional,D232,1
2019-2020,TEA_operacional,B679,1
2019-2020,TEA_operacional,B271,1
2019-2020,TEA_operacional,E760,1
2019-2020,TEA_operacional,A879,1
2019-2020,TEA_operacional,A031,1
2019-2020,TEA_operacional,A047,1
2019-2020,TEA_operacional,A058,1
2019-2020,TEA_operacional,A150,1
2019-2020,TEA_operacional,A448,1
2019-2020,TEA_operacional,A492,1
2019-2020,TEA_operacional,A86,1
2019-2020,TEA_operacional,B018,1
2019-2020,TEA_operacional,B270,1
2019-2020,TEA_operacional,B028,1
2019-2020,TEA_operacional,B07,1
2019-2020,TEA_operacional,B09,1
2019-2020,TEA_operacional,B159,1
2019-2020,TEA_operacional,B169,1
2019-2020,TEA_operacional,B206,1
2019-2020,TEA_operacional,B24,1
2019-2020,TEA_operacional,D233,1
2019-2020,TEA_operacional,D235,1
2019-2020,TEA_operacional,D236,1
2019-2020,TEA_operacional,E106,1
2019-2020,TEA_operacional,D693,1
2019-2020,TEA_operacional,D695,1
2019-2020,TEA_operacional,D696,1
2019-2020,TEA_operacional,D733,1
2019-2020,TEA_operacional,D763,1
2019-2020,TEA_operacional,D801,1
2019-2020,TEA_operacional,D848,1
2019-2020,TEA_operacional,E108,1
2019-2020,TEA_operacional,D27,1
2019-2020,TEA_operacional,E115,1
2019-2020,TEA_operacional,E141,1
2019-2020,TEA_operacional,E230,1
2019-2020,TEA_operacional,E270,1
2019-2020,TEA_operacional,E301,1
2019-2020,TEA_operacional,E43,1
2019-2020,TEA_operacional,E46,1
2019-2020,TEA_operacional,D681,1
2019-2020,TEA_operacional,D67,1
2019-2020,TEA_operacional,D648,1
2019-2020,TEA_operacional,D593,1
2019-2020,TEA_operacional,D320,1
2019-2020,TEA_operacional,D330,1
2019-2020,TEA_operacional,D34,1
2019-2020,TEA_operacional,D381,1
2019-2020,TEA_operacional,D401,1
2019-2020,TEA_operacional,D430,1
2019-2020,TEA_operacional,D434,1
2019-2020,TEA_operacional,D443,1
2019-2020,TEA_operacional,D479,1
2019-2020,TEA_operacional,D481,1
2019-2020,TEA_operacional,D485,1
2019-2020,TEA_operacional,D487,1
2019-2020,TEA_operacional,D500,1
2019-2020,TEA_operacional,D509,1
2019-2020,TEA_operacional,D589,1
2019-2020,TEA_operacional,H729,1
2019-2020,TEA_operacional,H903,1
2019-2020,TEA_operacional,O420,1
2019-2020,TEA_operacional,L902,1
2019-2020,TEA_operacional,L509,1
2019-2020,TEA_operacional,L518,1
2019-2020,TEA_operacional,L52,1
2019-2020,TEA_operacional,L539,1
2019-2020,TEA_operacional,L728,1
2019-2020,TEA_operacional,L732,1
2019-2020,TEA_operacional,L83,1
2019-2020,TEA_operacional,L923,1
2019-2020,TEA_operacional,L211,1
2019-2020,TEA_operacional,L929,1
2019-2020,TEA_operacional,M0095,1
2019-2020,TEA_operacional,M0236,1
2019-2020,TEA_operacional,M201,1
2019-2020,TEA_operacional,M2105,1
2019-2020,TEA_operacional,M2117,1
2019-2020,TEA_operacional,M2176,1
2019-2020,TEA_operacional,L282,1
2019-2020,TEA_operacional,L088,1
2019-2020,TEA_operacional,M2329,1
2019-2020,TEA_operacional,K754,1
2019-2020,TEA_operacional,K610,1
2019-2020,TEA_operacional,K621,1
2019-2020,TEA_operacional,A021,1
2019-2020,TEA_operacional,K639,1
2019-2020,TEA_operacional,K649,1
2019-2020,TEA_operacional,K659,1
2019-2020,TEA_operacional,K739,1
2019-2020,TEA_operacional,K759,1
2019-2020,TEA_operacional,L080,1
2019-2020,TEA_operacional,K853,1
2019-2020,TEA_operacional,K914,1
2019-2020,TEA_operacional,K929,1
2019-2020,TEA_operacional,L010,1
2019-2020,TEA_operacional,L029,1
2019-2020,TEA_operacional,L032,1
2019-2020,TEA_operacional,L033,1
2019-2020,TEA_operacional,M2318,1
2019-2020,TEA_operacional,M2445,1
2019-2020,TEA_operacional,H905,1
2019-2020,TEA_operacional,N392,1
2019-2020,TEA_operacional,N041,1
2019-2020,TEA_operacional,N048,1
2019-2020,TEA_operacional,N136,1
2019-2020,TEA_operacional,N138,1
2019-2020,TEA_operacional,N178,1
2019-2020,TEA_operacional,N183,1
2019-2020,TEA_operacional,N258,1
2019-2020,TEA_operacional,N433,1
2019-2020,TEA_operacional,M8793,1
2019-2020,TEA_operacional,N480,1
2019-2020,TEA_operacional,N483,1
2019-2020,TEA_operacional,N508,1
2019-2020,TEA_operacional,N831,1
2019-2020,TEA_operacional,N906,1
2019-2020,TEA_operacional,N922,1
2019-2020,TEA_operacional,O244,1
2019-2020,TEA_operacional,M9486,1
2019-2020,TEA_operacional,M8725,1
2019-2020,TEA_operacional,M2446,1
2019-2020,TEA_operacional,M673,1
2019-2020,TEA_operacional,M359,1
2019-2020,TEA_operacional,M4105,1
2019-2020,TEA_operacional,M4125,1
2019-2020,TEA_operacional,M4140,1
2019-2020,TEA_operacional,M4144,1
2019-2020,TEA_operacional,M4618,1
2019-2020,TEA_operacional,M4646,1
2019-2020,TEA_operacional,M7046,1
2019-2020,TEA_operacional,M8698,1
2019-2020,TEA_operacional,M7248,1
2019-2020,TEA_operacional,M7958,1
2019-2020,TEA_operacional,M8407,1
2019-2020,TEA_operacional,M8565,1
2019-2020,TEA_operacional,M8589,1
2019-2020,TEA_operacional,M8690,1
2019-2020,TEA_operacional,M8695,1
2019-2020,TEA_operacional,K605,1
2019-2020,TEA_operacional,K602,1
2019-2020,TEA_operacional,K593,1
2019-2020,TEA_operacional,J22,1
2019-2020,TEA_operacional,J039,1
2019-2020,TEA_operacional,J123,1
2019-2020,TEA_operacional,J14,1
2019-2020,TEA_operacional,J157,1
2019-2020,TEA_operacional,J158,1
2019-2020,TEA_operacional,J180,1
2019-2020,TEA_operacional,J210,1
2019-2020,TEA_operacional,J304,1
2019-2020,TEA_operacional,J028,1
2019-2020,TEA_operacional,J329,1
2019-2020,TEA_operacional,J343,1
2019-2020,TEA_operacional,J36,1
2019-2020,TEA_operacional,J387,1
2019-2020,TEA_operacional,J398,1
2019-2020,TEA_operacional,J40,1
2019-2020,TEA_operacional,J42,1
2019-2020,TEA_operacional,J029,1
2019-2020,TEA_operacional,I889,1
2019-2020,TEA_operacional,K565,1
2019-2020,TEA_operacional,I441,1
2019-2020,TEA_operacional,I151,1
2019-2020,TEA_operacional,I200,1
2019-2020,TEA_operacional,I210,1
2019-2020,TEA_operacional,I211,1
2019-2020,TEA_operacional,I270,1
2019-2020,TEA_operacional,I359,1
2019-2020,TEA_operacional,I440,1
2019-2020,TEA_operacional,I442,1
2019-2020,TEA_operacional,I888,1
2019-2020,TEA_operacional,I469,1
2019-2020,TEA_operacional,I619,1
2019-2020,TEA_operacional,I629,1
2019-2020,TEA_operacional,I638,1
2019-2020,TEA_operacional,I679,1
2019-2020,TEA_operacional,I776,1
2019-2020,TEA_operacional,I802,1
2019-2020,TEA_operacional,J449,1
2019-2020,TEA_operacional,J47,1
2019-2020,TEA_operacional,J81,1
2019-2020,TEA_operacional,K299,1
2019-2020,TEA_operacional,K113,1
2019-2020,TEA_operacional,K117,1
2019-2020,TEA_operacional,K134,1
2019-2020,TEA_operacional,K221,1
2019-2020,TEA_operacional,K222,1
2019-2020,TEA_operacional,K295,1
2019-2020,TEA_operacional,K297,1
2019-2020,TEA_operacional,K402,1
2019-2020,TEA_operacional,J849,1
2019-2020,TEA_operacional,K419,1
2019-2020,TEA_operacional,K500,1
2019-2020,TEA_operacional,K522,1
2019-2020,TEA_operacional,K550,1
2019-2020,TEA_operacional,K559,1
2019-2020,TEA_operacional,K560,1
2019-2020,TEA_operacional,K561,1
2019-2020,TEA_operacional,K112,1
2019-2020,TEA_operacional,K108,1
2019-2020,TEA_operacional,K102,1
2019-2020,TEA_operacional,K092,1
2019-2020,TEA_operacional,J850,1
2019-2020,TEA_operacional,J851,1
2019-2020,TEA_operacional,J869,1
2019-2020,TEA_operacional,J90,1
2019-2020,TEA_operacional,J931,1
2019-2020,TEA_operacional,J939,1
2019-2020,TEA_operacional,J950,1
2019-2020,TEA_operacional,J9619,1
2019-2020,TEA_operacional,J984,1
2019-2020,TEA_operacional,K023,1
2019-2020,TEA_operacional,K046,1
2019-2020,TEA_operacional,K052,1
2019-2020,TEA_operacional,K073,1
2019-2020,TEA_operacional,K076,1
2019-2020,TEA_operacional,K083,1
2019-2020,TEA_operacional,Z930,1
2019-2020,F84_historico,F840,155
2019-2020,F84_historico,G409,128
2019-2020,F84_historico,K029,113
2019-2020,F84_historico,N47,94
2019-2020,F84_historico,K358,89
2019-2020,F84_historico,J353,66
2019-2020,F84_historico,Z518,47
2019-2020,F84_historico,K353,38
2019-2020,F84_historico,R568,37
2019-2020,F84_historico,K028,33
2019-2020,F84_historico,A099,33
2019-2020,F84_historico,J159,27
2019-2020,F84_historico,J209,26
2019-2020,F84_historico,G403,25
2019-2020,F84_historico,F841,25
2019-2020,F84_historico,J189,25
2019-2020,F84_historico,K122,24
2019-2020,F84_historico,K352,24
2019-2020,F84_historico,F845,23
2019-2020,F84_historico,S4240,22
2019-2020,F84_historico,K010,21
2019-2020,F84_historico,K590,20
2019-2020,F84_historico,G404,19
2019-2020,F84_historico,J46,18
2019-2020,F84_historico,J129,18
2019-2020,F84_historico,E101,17
2019-2020,F84_historico,N390,17
2019-2020,F84_historico,F322,17
2019-2020,F84_historico,Z138,16
2019-2020,F84_historico,J351,16
2019-2020,F84_historico,Q531,16
2019-2020,F84_historico,N10,16
2019-2020,F84_historico,J121,16
2019-2020,F84_historico,G408,15
2019-2020,F84_historico,K021,15
2019-2020,F84_historico,F919,15
2019-2020,F84_historico,F29,15
2019-2020,F84_historico,Z038,15
2019-2020,F84_historico,F848,14
2019-2020,F84_historico,DESCONOCIDO,14
2019-2020,F84_historico,Z134,14
2019-2020,F84_historico,F432,14
2019-2020,F84_historico,R560,14
2019-2020,F84_historico,F239,14
2019-2020,F84_historico,G401,13
2019-2020,F84_historico,T435,13
2019-2020,F84_historico,R458,12
2019-2020,F84_historico,F842,12
2019-2020,F84_historico,A080,12
2019-2020,F84_historico,F849,11
2019-2020,F84_historico,A090,11
2019-2020,F84_historico,L031,11
2019-2020,F84_historico,J690,10
2019-2020,F84_historico,T432,10
2019-2020,F84_historico,Q532,9
2019-2020,F84_historico,F918,9
2019-2020,F84_historico,F329,9
2019-2020,F84_historico,F323,9
2019-2020,F84_historico,M4145,9
2019-2020,F84_historico,K564,9
2019-2020,F84_historico,L600,9
2019-2020,F84_historico,G410,8
2019-2020,F84_historico,G419,8
2019-2020,F84_historico,S8280,8
2019-2020,F84_historico,C910,8
2019-2020,F84_historico,A419,8
2019-2020,F84_historico,N44,8
2019-2020,F84_historico,J100,8
2019-2020,F84_historico,J960,7
2019-2020,F84_historico,F609,7
2019-2020,F84_historico,R451,7
2019-2020,F84_historico,T751,7
2019-2020,F84_historico,F209,7
2019-2020,F84_historico,J128,7
2019-2020,F84_historico,K429,7
2019-2020,F84_historico,K409,6
2019-2020,F84_historico,T434,6
2019-2020,F84_historico,N179,6
2019-2020,F84_historico,T393,6
2019-2020,F84_historico,J352,6
2019-2020,F84_historico,J9600,6
2019-2020,F84_historico,T424,6
2019-2020,F84_historico,T433,6
2019-2020,F84_historico,R11,6
2019-2020,F84_historico,T391,6
2019-2020,F84_historico,J101,6
2019-2020,F84_historico,S5250,6
2019-2020,F84_historico,M2157,6
2019-2020,F84_historico,Z470,6
2019-2020,F84_historico,G418,6
2019-2020,F84_historico,K918,6
2019-2020,F84_historico,K859,6
2019-2020,F84_historico,F238,6
2019-2020,F84_historico,Q381,6
2019-2020,F84_historico,Z016,6
2019-2020,F84_historico,K802,6
2019-2020,F84_historico,K001,6
2019-2020,F84_historico,K800,6
2019-2020,F84_historico,T850,5
2019-2020,F84_historico,J350,5
2019-2020,F84_historico,Z133,5
2019-2020,F84_historico,M4115,5
2019-2020,F84_historico,E86,5
2019-2020,F84_historico,L040,5
2019-2020,F84_historico,Z033,5
2019-2020,F84_historico,J069,5
2019-2020,F84_historico,T212,5
2019-2020,F84_historico,S5240,5
2019-2020,F84_historico,S6261,5
2019-2020,F84_historico,K529,5
2019-2020,F84_historico,T181,5
2019-2020,F84_historico,J188,5
2019-2020,F84_historico,D480,5
2019-2020,F84_historico,Q539,5
2019-2020,F84_historico,F431,4
2019-2020,F84_historico,K219,4
2019-2020,F84_historico,K210,4
2019-2020,F84_historico,K047,4
2019-2020,F84_historico,S8220,4
2019-2020,F84_historico,J9609,4
2019-2020,F84_historico,F603,4
2019-2020,F84_historico,R13,4
2019-2020,F84_historico,F200,4
2019-2020,F84_historico,R104,4
2019-2020,F84_historico,S7230,4
2019-2020,F84_historico,U071,4
2019-2020,F84_historico,S5200,4
2019-2020,F84_historico,G919,4
2019-2020,F84_historico,G930,4
2019-2020,F84_historico,J00,4
2019-2020,F84_historico,I880,4
2019-2020,F84_historico,H501,4
2019-2020,F84_historico,H509,4
2019-2020,F84_historico,H652,4
2019-2020,F84_historico,Z511,4
2019-2020,F84_historico,A499,4
2019-2020,F84_historico,S0620,4
2019-2020,F84_historico,A38,4
2019-2020,F84_historico,A084,4
2019-2020,F84_historico,S0690,4
2019-2020,F84_historico,N62,4
2019-2020,F84_historico,J122,4
2019-2020,F84_historico,C629,4
2019-2020,F84_historico,K650,4
2019-2020,F84_historico,G400,4
2019-2020,F84_historico,Q665,4
2019-2020,F84_historico,J205,4
2019-2020,F84_historico,E109,4
2019-2020,F84_historico,S009,4
2019-2020,F84_historico,D619,4
2019-2020,F84_historico,K439,4
2019-2020,F84_historico,S5230,4
2019-2020,F84_historico,L059,4
2019-2020,F84_historico,G473,4
2019-2020,F84_historico,D690,4
2019-2020,F84_historico,J342,3
2019-2020,F84_historico,S099,3
2019-2020,F84_historico,J204,3
2019-2020,F84_historico,H669,3
2019-2020,F84_historico,F911,3
2019-2020,F84_historico,F900,3
2019-2020,F84_historico,S5210,3
2019-2020,F84_historico,I861,3
2019-2020,F84_historico,H500,3
2019-2020,F84_historico,R509,3
2019-2020,F84_historico,S0210,3
2019-2020,F84_historico,S5270,3
2019-2020,F84_historico,J040,3
2019-2020,F84_historico,G938,3
2019-2020,F84_historico,G934,3
2019-2020,F84_historico,S8230,3
2019-2020,F84_historico,R55,3
2019-2020,F84_historico,G800,3
2019-2020,F84_historico,S011,3
2019-2020,F84_historico,N921,3
2019-2020,F84_historico,T16,3
2019-2020,F84_historico,K900,3
2019-2020,F84_historico,K36,3
2019-2020,F84_historico,E162,3
2019-2020,F84_historico,E161,3
2019-2020,F84_historico,K510,3
2019-2020,F84_historico,K519,3
2019-2020,F84_historico,D70,3
2019-2020,F84_historico,D649,3
2019-2020,F84_historico,K801,3
2019-2020,F84_historico,T172,3
2019-2020,F84_historico,K851,3
2019-2020,F84_historico,Q431,3
2019-2020,F84_historico,L021,3
2019-2020,F84_historico,Q753,3
2019-2020,F84_historico,Q315,3
2019-2020,F84_historico,U072,3
2019-2020,F84_historico,C73,3
2019-2020,F84_historico,M2106,3
2019-2020,F84_historico,Q204,3
2019-2020,F84_historico,Z137,3
2019-2020,F84_historico,B349,3
2019-2020,F84_historico,M7953,3
2019-2020,F84_historico,P599,3
2019-2020,F84_historico,Z433,3
2019-2020,F84_historico,Z478,3
2019-2020,F84_historico,Q750,3
2019-2020,F84_historico,H919,3
2019-2020,F84_historico,F09,3
2019-2020,F84_historico,T232,3
2019-2020,F84_historico,F319,3
2019-2020,F84_historico,T202,3
2019-2020,F84_historico,F208,3
2019-2020,F84_historico,K053,3
2019-2020,F84_historico,M4140,2
2019-2020,F84_historico,P590,2
2019-2020,F84_historico,S017,2
2019-2020,F84_historico,R31,2
2019-2020,F84_historico,J698,2
2019-2020,F84_historico,J050,2
2019-2020,F84_historico,J068,2
2019-2020,F84_historico,Q039,2
2019-2020,F84_historico,J955,2
2019-2020,F84_historico,M303,2
2019-2020,F84_historico,K011,2
2019-2020,F84_historico,J120,2
2019-2020,F84_historico,J459,2
2019-2020,F84_historico,Q213,2
2019-2020,F84_historico,M9115,2
2019-2020,F84_historico,P285,2
2019-2020,F84_historico,K025,2
2019-2020,F84_historico,I608,2
2019-2020,F84_historico,N832,2
2019-2020,F84_historico,N488,2
2019-2020,F84_historico,N319,2
2019-2020,F84_historico,S059,2
2019-2020,F84_historico,N185,2
2019-2020,F84_historico,I471,2
2019-2020,F84_historico,I479,2
2019-2020,F84_historico,I615,2
2019-2020,F84_historico,R100,2
2019-2020,F84_historico,P220,2
2019-2020,F84_historico,S0280,2
2019-2020,F84_historico,S0250,2
2019-2020,F84_historico,S0220,2
2019-2020,F84_historico,R268,2
2019-2020,F84_historico,N137,2
2019-2020,F84_historico,N049,2
2019-2020,F84_historico,Q234,2
2019-2020,F84_historico,Q250,2
2019-2020,F84_historico,S015,2
2019-2020,F84_historico,K081,2
2019-2020,F84_historico,R620,2
2019-2020,F84_historico,J181,2
2019-2020,F84_historico,K566,2
2019-2020,F84_historico,R51,2
2019-2020,F84_historico,Q667,2
2019-2020,F84_historico,Q668,2
2019-2020,F84_historico,J208,2
2019-2020,F84_historico,J219,2
2019-2020,F84_historico,K259,2
2019-2020,F84_historico,Q870,2
2019-2020,F84_historico,Q851,2
2019-2020,F84_historico,K403,2
2019-2020,F84_historico,K388,2
2019-2020,F84_historico,K20,2
2019-2020,F84_historico,Q742,2
2019-2020,F84_historico,K291,2
2019-2020,F84_historico,K625,2
2019-2020,F84_historico,Q549,2
2019-2020,F84_historico,K720,2
2019-2020,F84_historico,K769,2
2019-2020,F84_historico,L720,2
2019-2020,F84_historico,L519,2
2019-2020,F84_historico,L050,2
2019-2020,F84_historico,L030,2
2019-2020,F84_historico,L022,2
2019-2020,F84_historico,K036,2
2019-2020,F84_historico,K922,2
2019-2020,F84_historico,J13,2
2019-2020,F84_historico,J448,2
2019-2020,F84_historico,K858,2
2019-2020,F84_historico,J441,2
2019-2020,F84_historico,K044,2
2019-2020,F84_historico,K051,2
2019-2020,F84_historico,J151,2
2019-2020,F84_historico,H918,2
2019-2020,F84_historico,K810,2
2019-2020,F84_historico,A020,2
2019-2020,F84_historico,B678,2
2019-2020,F84_historico,F809,2
2019-2020,F84_historico,C920,2
2019-2020,F84_historico,F318,2
2019-2020,F84_historico,Z048,2
2019-2020,F84_historico,T182,2
2019-2020,F84_historico,F638,2
2019-2020,F84_historico,S830,2
2019-2020,F84_historico,F711,2
2019-2020,F84_historico,F799,2
2019-2020,F84_historico,S8210,2
2019-2020,F84_historico,Z308,2
2019-2020,F84_historico,F28,2
2019-2020,F84_historico,F89,2
2019-2020,F84_historico,F913,2
2019-2020,F84_historico,S7200,2
2019-2020,F84_historico,F988,2
2019-2020,F84_historico,Z430,2
2019-2020,F84_historico,G040,2
2019-2020,F84_historico,Z431,2
2019-2020,F84_historico,G060,2
2019-2020,F84_historico,B179,2
2019-2020,F84_historico,F311,2
2019-2020,F84_historico,F231,2
2019-2020,F84_historico,S618,2
2019-2020,F84_historico,T887,2
2019-2020,F84_historico,D692,2
2019-2020,F84_historico,T71,2
2019-2020,F84_historico,D410,2
2019-2020,F84_historico,E111,2
2019-2020,F84_historico,E669,2
2019-2020,F84_historico,T426,2
2019-2020,F84_historico,T421,2
2019-2020,F84_historico,T407,2
2019-2020,F84_historico,T405,2
2019-2020,F84_historico,E835,2
2019-2020,F84_historico,F230,2
2019-2020,F84_historico,E871,2
2019-2020,F84_historico,T378,2
2019-2020,F84_historico,F061,2
2019-2020,F84_historico,T292,2
2019-2020,F84_historico,D227,2
2019-2020,F84_historico,D225,2
2019-2020,F84_historico,F192,2
2019-2020,F84_historico,D180,2
2019-2020,F84_historico,D164,2
2019-2020,F84_historico,S619,2
2019-2020,F84_historico,T509,2
2019-2020,F84_historico,A047,2
2019-2020,F84_historico,G824,2
2019-2020,F84_historico,G911,2
2019-2020,F84_historico,B019,2
2019-2020,F84_historico,H050,2
2019-2020,F84_historico,H269,2
2019-2020,F84_historico,Z763,2
2019-2020,F84_historico,S4230,2
2019-2020,F84_historico,A082,2
2019-2020,F84_historico,B002,2
2019-2020,F84_historico,S4220,2
2019-2020,F84_historico,A86,2
2019-2020,F84_historico,S3671,2
2019-2020,F84_historico,S398,2
2019-2020,F84_historico,Z514,2
2019-2020,F84_historico,H653,2
2019-2020,F84_historico,H508,2
2019-2020,F84_historico,H612,2
2019-2020,F84_historico,Z540,2
2019-2020,F84_historico,S519,2
2019-2020,F84_historico,A281,2
2019-2020,F84_historico,G610,2
2019-2020,F84_historico,G808,2
2019-2020,F84_historico,G259,2
2019-2020,F84_historico,G711,2
2019-2020,F84_historico,S5260,2
2019-2020,F84_historico,G710,2
2019-2020,F84_historico,G402,2
2019-2020,F84_historico,S5280,2
2019-2020,F84_historico,O420,1
2019-2020,F84_historico,T855,1
2019-2020,F84_historico,T858,1
2019-2020,F84_historico,T634,1
2019-2020,F84_historico,Q505,1
2019-2020,F84_historico,T600,1
2019-2020,F84_historico,T888,1
2019-2020,F84_historico,T784,1
2019-2020,F84_historico,Z653,1
2019-2020,F84_historico,T658,1
2019-2020,F84_historico,Q321,1
2019-2020,F84_historico,O993,1
2019-2020,F84_historico,T58,1
2019-2020,F84_historico,T511,1
2019-2020,F84_historico,P071,1
2019-2020,F84_historico,Q311,1
2019-2020,F84_historico,Q308,1
2019-2020,F84_historico,Q370,1
2019-2020,F84_historico,O821,1
2019-2020,F84_historico,O991,1
2019-2020,F84_historico,T810,1
2019-2020,F84_historico,T781,1
2019-2020,F84_historico,T780,1
2019-2020,F84_historico,T813,1
2019-2020,F84_historico,O701,1
2019-2020,F84_historico,Q430,1
2019-2020,F84_historico,T814,1
2019-2020,F84_historico,T815,1
2019-2020,F84_historico,Q419,1
2019-2020,F84_historico,Q390,1
2019-2020,F84_historico,Q282,1
2019-2020,F84_historico,T818,1
2019-2020,F84_historico,T824,1
2019-2020,F84_historico,Q388,1
2019-2020,F84_historico,T827,1
2019-2020,F84_historico,T742,1
2019-2020,F84_historico,T846,1
2019-2020,F84_historico,O800,1
2019-2020,F84_historico,Q383,1
2019-2020,F84_historico,Z915,1
2019-2020,F84_historico,P290,1
2019-2020,F84_historico,Z011,1
2019-2020,F84_historico,Q279,1
2019-2020,F84_historico,P915,1
2019-2020,F84_historico,Z302,1
2019-2020,F84_historico,Q038,1
2019-2020,F84_historico,Z304,1
2019-2020,F84_historico,Q02,1
2019-2020,F84_historico,Q018,1
2019-2020,F84_historico,P238,1
2019-2020,F84_historico,Q012,1
2019-2020,F84_historico,P942,1
2019-2020,F84_historico,P916,1
2019-2020,F84_historico,P90,1
2019-2020,F84_historico,Z139,1
2019-2020,F84_historico,P835,1
2019-2020,F84_historico,P77,1
2019-2020,F84_historico,Z465,1
2019-2020,F84_historico,P704,1
2019-2020,F84_historico,P598,1
2019-2020,F84_historico,Z450,1
2019-2020,F84_historico,P398,1
2019-2020,F84_historico,P369,1
2019-2020,F84_historico,Z432,1
2019-2020,F84_historico,T510,1
2019-2020,F84_historico,Q052,1
2019-2020,F84_historico,Q256,1
2019-2020,F84_historico,Q225,1
2019-2020,F84_historico,P210,1
2019-2020,F84_historico,T983,1
2019-2020,F84_historico,Q248,1
2019-2020,F84_historico,Q245,1
2019-2020,F84_historico,Q239,1
2019-2020,F84_historico,P289,1
2019-2020,F84_historico,Q230,1
2019-2020,F84_historico,Q229,1
2019-2020,F84_historico,P219,1
2019-2020,F84_historico,Q211,1
2019-2020,F84_historico,Q070,1
2019-2020,F84_historico,P228,1
2019-2020,F84_historico,Z031,1
2019-2020,F84_historico,Q210,1
2019-2020,F84_historico,Z087,1
2019-2020,F84_historico,Q181,1
2019-2020,F84_historico,Q111,1
2019-2020,F84_historico,Q100,1
2019-2020,F84_historico,Q079,1
2019-2020,F84_historico,Z098,1
2019-2020,F84_historico,S2701,1
2019-2020,F84_historico,T427,1
2019-2020,F84_historico,Q541,1
2019-2020,F84_historico,R508,1
2019-2020,F84_historico,S6260,1
2019-2020,F84_historico,S681,1
2019-2020,F84_historico,R599,1
2019-2020,F84_historico,R572,1
2019-2020,F84_historico,S682,1
2019-2020,F84_historico,S701,1
2019-2020,F84_historico,S7220,1
2019-2020,F84_historico,S7231,1
2019-2020,F84_historico,R522,1
2019-2020,F84_historico,S7240,1
2019-2020,F84_historico,S810,1
2019-2020,F84_historico,R490,1
2019-2020,F84_historico,S610,1
2019-2020,F84_historico,S8250,1
2019-2020,F84_historico,S903,1
2019-2020,F84_historico,T009,1
2019-2020,F84_historico,T068,1
2019-2020,F84_historico,R262,1
2019-2020,F84_historico,R258,1
2019-2020,F84_historico,R223,1
2019-2020,F84_historico,T135,1
2019-2020,F84_historico,T141,1
2019-2020,F84_historico,T150,1
2019-2020,F84_historico,T179,1
2019-2020,F84_historico,S6251,1
2019-2020,F84_historico,S5291,1
2019-2020,F84_historico,T189,1
2019-2020,F84_historico,S0260,1
2019-2020,F84_historico,S1200,1
2019-2020,F84_historico,O244,1
2019-2020,F84_historico,S090,1
2019-2020,F84_historico,S299,1
2019-2020,F84_historico,S0680,1
2019-2020,F84_historico,S0650,1
2019-2020,F84_historico,S0630,1
2019-2020,F84_historico,S310,1
2019-2020,F84_historico,S3611,1
2019-2020,F84_historico,S399,1
2019-2020,F84_historico,S058,1
2019-2020,F84_historico,S410,1
2019-2020,F84_historico,S5290,1
2019-2020,F84_historico,S0230,1
2019-2020,F84_historico,S411,1
2019-2020,F84_historico,S417,1
2019-2020,F84_historico,S4200,1
2019-2020,F84_historico,S0201,1
2019-2020,F84_historico,S0200,1
2019-2020,F84_historico,S018,1
2019-2020,F84_historico,S517,1
2019-2020,F84_historico,S518,1
2019-2020,F84_historico,S5220,1
2019-2020,F84_historico,S012,1
2019-2020,F84_historico,T184,1
2019-2020,F84_historico,T201,1
2019-2020,F84_historico,Q542,1
2019-2020,F84_historico,T450,1
2019-2020,F84_historico,T402,1
2019-2020,F84_historico,Q682,1
2019-2020,F84_historico,S202,1
2019-2020,F84_historico,Q680,1
2019-2020,F84_historico,T430,1
2019-2020,F84_historico,T436,1
2019-2020,F84_historico,Q676,1
2019-2020,F84_historico,T443,1
2019-2020,F84_historico,Q675,1
2019-2020,F84_historico,T447,1
2019-2020,F84_historico,Q674,1
2019-2020,F84_historico,T451,1
2019-2020,F84_historico,Q692,1
2019-2020,F84_historico,Q666,1
2019-2020,F84_historico,T461,1
2019-2020,F84_historico,T465,1
2019-2020,F84_historico,T466,1
2019-2020,F84_historico,T490,1
2019-2020,F84_historico,Q658,1
2019-2020,F84_historico,Q651,1
2019-2020,F84_historico,Q650,1
2019-2020,F84_historico,Q641,1
2019-2020,F84_historico,Q632,1
2019-2020,F84_historico,T505,1
2019-2020,F84_historico,Q691,1
2019-2020,F84_historico,Q740,1
2019-2020,F84_historico,R040,1
2019-2020,F84_historico,Q897,1
2019-2020,F84_historico,Q998,1
2019-2020,F84_historico,T222,1
2019-2020,F84_historico,T223,1
2019-2020,F84_historico,T230,1
2019-2020,F84_historico,Q935,1
2019-2020,F84_historico,T231,1
2019-2020,F84_historico,T233,1
2019-2020,F84_historico,Q929,1
2019-2020,F84_historico,T242,1
2019-2020,F84_historico,Q909,1
2019-2020,F84_historico,T243,1
2019-2020,F84_historico,Q892,1
2019-2020,F84_historico,T361,1
2019-2020,F84_historico,T251,1
2019-2020,F84_historico,Q873,1
2019-2020,F84_historico,Q871,1
2019-2020,F84_historico,T253,1
2019-2020,F84_historico,Q828,1
2019-2020,F84_historico,Q822,1
2019-2020,F84_historico,Q774,1
2019-2020,F84_historico,T290,1
2019-2020,F84_historico,Q759,1
2019-2020,F84_historico,T291,1
2019-2020,F84_historico,T312,1
2019-2020,F84_historico,S2781,1
2019-2020,F84_historico,K605,1
2019-2020,F84_historico,N922,1
2019-2020,F84_historico,E761,1
2019-2020,F84_historico,F402,1
2019-2020,F84_historico,F410,1
2019-2020,F84_historico,F411,1
2019-2020,F84_historico,F412,1
2019-2020,F84_historico,F418,1
2019-2020,F84_historico,F419,1
2019-2020,F84_historico,F444,1
2019-2020,F84_historico,F445,1
2019-2020,F84_historico,F449,1
2019-2020,F84_historico,F450,1
2019-2020,F84_historico,F452,1
2019-2020,F84_historico,F500,1
2019-2020,F84_historico,F608,1
2019-2020,F84_historico,F61,1
2019-2020,F84_historico,F639,1
2019-2020,F84_historico,F701,1
2019-2020,F84_historico,F709,1
2019-2020,F84_historico,F331,1
2019-2020,F84_historico,F328,1
2019-2020,F84_historico,F321,1
2019-2020,F84_historico,F121,1
2019-2020,F84_historico,E830,1
2019-2020,F84_historico,E872,1
2019-2020,F84_historico,E876,1
2019-2020,F84_historico,E889,1
2019-2020,F84_historico,F058,1
2019-2020,F84_historico,F059,1
2019-2020,F84_historico,F070,1
2019-2020,F84_historico,F141,1
2019-2020,F84_historico,F320,1
2019-2020,F84_historico,F195,1
2019-2020,F84_historico,F202,1
2019-2020,F84_historico,F205,1
2019-2020,F84_historico,F21,1
2019-2020,F84_historico,F232,1
2019-2020,F84_historico,F313,1
2019-2020,F84_historico,F316,1
2019-2020,F84_historico,F731,1
2019-2020,F84_historico,F739,1
2019-2020,F84_historico,F798,1
2019-2020,F84_historico,G918,1
2019-2020,F84_historico,G438,1
2019-2020,F84_historico,G439,1
2019-2020,F84_historico,G448,1
2019-2020,F84_historico,G478,1
2019-2020,F84_historico,G629,1
2019-2020,F84_historico,G820,1
2019-2020,F84_historico,G901,1
2019-2020,F84_historico,H001,1
2019-2020,F84_historico,G373,1
2019-2020,F84_historico,H268,1
2019-2020,F84_historico,H332,1
2019-2020,F84_historico,H351,1
2019-2020,F84_historico,H428,1
2019-2020,F84_historico,H46,1
2019-2020,F84_historico,H540,1
2019-2020,F84_historico,H55,1
2019-2020,F84_historico,G412,1
2019-2020,F84_historico,G361,1
2019-2020,F84_historico,F800,1
2019-2020,F84_historico,G002,1
2019-2020,F84_historico,F82,1
2019-2020,F84_historico,F844,1
2019-2020,F84_historico,F920,1
2019-2020,F84_historico,F928,1
2019-2020,F84_historico,F938,1
2019-2020,F84_historico,F982,1
2019-2020,F84_historico,G001,1
2019-2020,F84_historico,G048,1
2019-2020,F84_historico,G319,1
2019-2020,F84_historico,G049,1
2019-2020,F84_historico,G062,1
2019-2020,F84_historico,G119,1
2019-2020,F84_historico,G121,1
2019-2020,F84_historico,G210,1
2019-2020,F84_historico,G240,1
2019-2020,F84_historico,G248,1
2019-2020,F84_historico,E762,1
2019-2020,F84_historico,E760,1
2019-2020,F84_historico,N906,1
2019-2020,F84_historico,E754,1
2019-2020,F84_historico,C159,1
2019-2020,F84_historico,C189,1
2019-2020,F84_historico,C341,1
2019-2020,F84_historico,C349,1
2019-2020,F84_historico,C444,1
2019-2020,F84_historico,C504,1
2019-2020,F84_historico,C710,1
2019-2020,F84_historico,C717,1
2019-2020,F84_historico,C719,1
2019-2020,F84_historico,C929,1
2019-2020,F84_historico,C950,1
2019-2020,F84_historico,D037,1
2019-2020,F84_historico,D161,1
2019-2020,F84_historico,D177,1
2019-2020,F84_historico,D232,1
2019-2020,F84_historico,D233,1
2019-2020,F84_historico,D235,1
2019-2020,F84_historico,B99,1
2019-2020,F84_historico,B679,1
2019-2020,F84_historico,B348,1
2019-2020,F84_historico,B018,1
2019-2020,F84_historico,A031,1
2019-2020,F84_historico,A058,1
2019-2020,F84_historico,A150,1
2019-2020,F84_historico,A448,1
2019-2020,F84_historico,A46,1
2019-2020,F84_historico,A492,1
2019-2020,F84_historico,A879,1
2019-2020,F84_historico,B028,1
2019-2020,F84_historico,B271,1
2019-2020,F84_historico,B07,1
2019-2020,F84_historico,B09,1
2019-2020,F84_historico,B159,1
2019-2020,F84_historico,B169,1
2019-2020,F84_historico,B206,1
2019-2020,F84_historico,B24,1
2019-2020,F84_historico,B270,1
2019-2020,F84_historico,D236,1
2019-2020,F84_historico,D237,1
2019-2020,F84_historico,D27,1
2019-2020,F84_historico,E108,1
2019-2020,F84_historico,D695,1
2019-2020,F84_historico,D696,1
2019-2020,F84_historico,D733,1
2019-2020,F84_historico,D763,1
2019-2020,F84_historico,D801,1
2019-2020,F84_historico,D848,1
2019-2020,F84_historico,E106,1
2019-2020,F84_historico,E115,1
2019-2020,F84_historico,D681,1
2019-2020,F84_historico,E141,1
2019-2020,F84_historico,E230,1
2019-2020,F84_historico,E270,1
2019-2020,F84_historico,E301,1
2019-2020,F84_historico,E43,1
2019-2020,F84_historico,E46,1
2019-2020,F84_historico,E711,1
2019-2020,F84_historico,D693,1
2019-2020,F84_historico,D67,1
2019-2020,F84_historico,D320,1
2019-2020,F84_historico,D479,1
2019-2020,F84_historico,D330,1
2019-2020,F84_historico,D34,1
2019-2020,F84_historico,D381,1
2019-2020,F84_historico,D401,1
2019-2020,F84_historico,D430,1
2019-2020,F84_historico,D434,1
2019-2020,F84_historico,D443,1
2019-2020,F84_historico,D481,1
2019-2020,F84_historico,D648,1
2019-2020,F84_historico,D485,1
2019-2020,F84_historico,D487,1
2019-2020,F84_historico,D500,1
2019-2020,F84_historico,D509,1
2019-2020,F84_historico,D589,1
2019-2020,F84_historico,D591,1
2019-2020,F84_historico,D593,1
2019-2020,F84_historico,H659,1
2019-2020,F84_historico,H663,1
2019-2020,F84_historico,H664,1
2019-2020,F84_historico,H700,1
2019-2020,F84_historico,L080,1
2019-2020,F84_historico,L088,1
2019-2020,F84_historico,L211,1
2019-2020,F84_historico,L282,1
2019-2020,F84_historico,L509,1
2019-2020,F84_historico,L518,1
2019-2020,F84_historico,L52,1
2019-2020,F84_historico,L539,1
2019-2020,F84_historico,L728,1
2019-2020,F84_historico,L732,1
2019-2020,F84_historico,L83,1
2019-2020,F84_historico,L902,1
2019-2020,F84_historico,L923,1
2019-2020,F84_historico,L929,1
2019-2020,F84_historico,M0095,1
2019-2020,F84_historico,M0236,1
2019-2020,F84_historico,M201,1
2019-2020,F84_historico,L033,1
2019-2020,F84_historico,L032,1
2019-2020,F84_historico,L029,1
2019-2020,F84_historico,K639,1
2019-2020,F84_historico,K565,1
2019-2020,F84_historico,K593,1
2019-2020,F84_historico,K602,1
2019-2020,F84_historico,A021,1
2019-2020,F84_historico,K610,1
2019-2020,F84_historico,K621,1
2019-2020,F84_historico,K635,1
2019-2020,F84_historico,K649,1
2019-2020,F84_historico,L010,1
2019-2020,F84_historico,K659,1
2019-2020,F84_historico,K739,1
2019-2020,F84_historico,K754,1
2019-2020,F84_historico,K759,1
2019-2020,F84_historico,K853,1
2019-2020,F84_historico,K914,1
2019-2020,F84_historico,K929,1
2019-2020,F84_historico,M2105,1
2019-2020,F84_historico,M2117,1
2019-2020,F84_historico,M2176,1
2019-2020,F84_historico,N178,1
2019-2020,F84_historico,M8725,1
2019-2020,F84_historico,M8793,1
2019-2020,F84_historico,M9486,1
2019-2020,F84_historico,N041,1
2019-2020,F84_historico,N048,1
2019-2020,F84_historico,N136,1
2019-2020,F84_historico,N138,1
2019-2020,F84_historico,N183,1
2019-2020,F84_historico,M8695,1
2019-2020,F84_historico,N258,1
2019-2020,F84_historico,N392,1
2019-2020,F84_historico,N433,1
2019-2020,F84_historico,N480,1
2019-2020,F84_historico,N483,1
2019-2020,F84_historico,N508,1
2019-2020,F84_historico,N831,1
2019-2020,F84_historico,M8698,1
2019-2020,F84_historico,M8690,1
2019-2020,F84_historico,M2318,1
2019-2020,F84_historico,M4149,1
2019-2020,F84_historico,M2329,1
2019-2020,F84_historico,M2445,1
2019-2020,F84_historico,M2446,1
2019-2020,F84_historico,M359,1
2019-2020,F84_historico,M4105,1
2019-2020,F84_historico,M4125,1
2019-2020,F84_historico,M4144,1
2019-2020,F84_historico,M4618,1
2019-2020,F84_historico,M8589,1
2019-2020,F84_historico,M4646,1
2019-2020,F84_historico,M673,1
2019-2020,F84_historico,M7046,1
2019-2020,F84_historico,M7248,1
2019-2020,F84_historico,M7958,1
2019-2020,F84_historico,M8407,1
2019-2020,F84_historico,M8565,1
2019-2020,F84_historico,K561,1
2019-2020,F84_historico,K560,1
2019-2020,F84_historico,K559,1
2019-2020,F84_historico,J157,1
2019-2020,F84_historico,I888,1
2019-2020,F84_historico,I889,1
2019-2020,F84_historico,J028,1
2019-2020,F84_historico,J029,1
2019-2020,F84_historico,J039,1
2019-2020,F84_historico,J123,1
2019-2020,F84_historico,J14,1
2019-2020,F84_historico,J158,1
2019-2020,F84_historico,I776,1
2019-2020,F84_historico,J180,1
2019-2020,F84_historico,J210,1
2019-2020,F84_historico,J22,1
2019-2020,F84_historico,J304,1
2019-2020,F84_historico,J329,1
2019-2020,F84_historico,J343,1
2019-2020,F84_historico,J36,1
2019-2020,F84_historico,I802,1
2019-2020,F84_historico,I679,1
2019-2020,F84_historico,J398,1
2019-2020,F84_historico,I211,1
2019-2020,F84_historico,H729,1
2019-2020,F84_historico,H900,1
2019-2020,F84_historico,H903,1
2019-2020,F84_historico,H905,1
2019-2020,F84_historico,I151,1
2019-2020,F84_historico,I200,1
2019-2020,F84_historico,I210,1
2019-2020,F84_historico,I270,1
2019-2020,F84_historico,I638,1
2019-2020,F84_historico,I359,1
2019-2020,F84_historico,I440,1
2019-2020,F84_historico,I441,1
2019-2020,F84_historico,I442,1
2019-2020,F84_historico,I469,1
2019-2020,F84_historico,I619,1
2019-2020,F84_historico,I629,1
2019-2020,F84_historico,J387,1
2019-2020,F84_historico,J40,1
2019-2020,F84_historico,K550,1
2019-2020,F84_historico,K222,1
2019-2020,F84_historico,K102,1
2019-2020,F84_historico,K108,1
2019-2020,F84_historico,K112,1
2019-2020,F84_historico,K113,1
2019-2020,F84_historico,K117,1
2019-2020,F84_historico,K134,1
2019-2020,F84_historico,K221,1
2019-2020,F84_historico,K295,1
2019-2020,F84_historico,K083,1
2019-2020,F84_historico,K297,1
2019-2020,F84_historico,K299,1
2019-2020,F84_historico,K315,1
2019-2020,F84_historico,K402,1
2019-2020,F84_historico,K419,1
2019-2020,F84_historico,K500,1
2019-2020,F84_historico,K522,1
2019-2020,F84_historico,K092,1
2019-2020,F84_historico,K076,1
2019-2020,F84_historico,J42,1
2019-2020,F84_historico,J90,1
2019-2020,F84_historico,J449,1
2019-2020,F84_historico,J47,1
2019-2020,F84_historico,J81,1
2019-2020,F84_historico,J849,1
2019-2020,F84_historico,J850,1
2019-2020,F84_historico,J851,1
2019-2020,F84_historico,J869,1
2019-2020,F84_historico,J931,1
2019-2020,F84_historico,K073,1
2019-2020,F84_historico,J939,1
2019-2020,F84_historico,J950,1
2019-2020,F84_historico,J9619,1
2019-2020,F84_historico,J984,1
2019-2020,F84_historico,K023,1
2019-2020,F84_historico,K046,1
2019-2020,F84_historico,K052,1
2019-2020,F84_historico,Z930,1
2021-2024,autismo_F840,N47,694
2021-2024,autismo_F840,F840,450
2021-2024,autismo_F840,K358,395
2021-2024,autismo_F840,J353,356
2021-2024,autismo_F840,G409,301
2021-2024,autismo_F840,J46,252
2021-2024,autismo_F840,K029,177
2021-2024,autismo_F840,F322,175
2021-2024,autismo_F840,K353,154
2021-2024,autismo_F840,Q531,128
2021-2024,autismo_F840,A080,125
2021-2024,autismo_F840,J121,121
2021-2024,autismo_F840,J129,118
2021-2024,autismo_F840,T432,111
2021-2024,autismo_F840,R568,111
2021-2024,autismo_F840,A099,109
2021-2024,autismo_F840,J209,109
2021-2024,autismo_F840,J128,108
2021-2024,autismo_F840,F329,107
2021-2024,autismo_F840,K352,106
2021-2024,autismo_F840,Q532,97
2021-2024,autismo_F840,J351,86
2021-2024,autismo_F840,A090,84
2021-2024,autismo_F840,S4240,83
2021-2024,autismo_F840,E101,81
2021-2024,autismo_F840,J159,77
2021-2024,autismo_F840,K590,76
2021-2024,autismo_F840,T435,74
2021-2024,autismo_F840,J189,74
2021-2024,autismo_F840,G403,70
2021-2024,autismo_F840,U071,70
2021-2024,autismo_F840,K028,69
2021-2024,autismo_F840,T424,68
2021-2024,autismo_F840,Z518,67
2021-2024,autismo_F840,J206,67
2021-2024,autismo_F840,F603,66
2021-2024,autismo_F840,T391,65
2021-2024,autismo_F840,F29,65
2021-2024,autismo_F840,F412,62
2021-2024,autismo_F840,F323,62
2021-2024,autismo_F840,G408,62
2021-2024,autismo_F840,K802,61
2021-2024,autismo_F840,J352,59
2021-2024,autismo_F840,Z138,58
2021-2024,autismo_F840,H509,57
2021-2024,autismo_F840,N10,57
2021-2024,autismo_F840,K564,56
2021-2024,autismo_F840,R458,53
2021-2024,autismo_F840,N44,53
2021-2024,autismo_F840,G401,49
2021-2024,autismo_F840,R560,48
2021-2024,autismo_F840,N390,47
2021-2024,autismo_F840,F919,46
2021-2024,autismo_F840,F239,45
2021-2024,autismo_F840,S5250,44
2021-2024,autismo_F840,T433,43
2021-2024,autismo_F840,G404,43
2021-2024,autismo_F840,F432,42
2021-2024,autismo_F840,J123,42
2021-2024,autismo_F840,K409,42
2021-2024,autismo_F840,J157,41
2021-2024,autismo_F840,K429,39
2021-2024,autismo_F840,K010,38
2021-2024,autismo_F840,Z038,37
2021-2024,autismo_F840,S0690,36
2021-2024,autismo_F840,F431,35
2021-2024,autismo_F840,G473,35
2021-2024,autismo_F840,K021,35
2021-2024,autismo_F840,C910,34
2021-2024,autismo_F840,J205,34
2021-2024,autismo_F840,S517,34
2021-2024,autismo_F840,J459,32
2021-2024,autismo_F840,S519,31
2021-2024,autismo_F840,Z133,31
2021-2024,autismo_F840,T426,30
2021-2024,autismo_F840,Q668,30
2021-2024,autismo_F840,H501,30
2021-2024,autismo_F840,F913,30
2021-2024,autismo_F840,Q381,29
2021-2024,autismo_F840,L032,29
2021-2024,autismo_F840,F321,29
2021-2024,autismo_F840,K122,29
2021-2024,autismo_F840,J350,28
2021-2024,autismo_F840,F609,28
2021-2024,autismo_F840,S8280,28
2021-2024,autismo_F840,L031,28
2021-2024,autismo_F840,J9609,27
2021-2024,autismo_F840,R509,27
2021-2024,autismo_F840,L600,26
2021-2024,autismo_F840,K800,26
2021-2024,autismo_F840,T850,26
2021-2024,autismo_F840,A084,26
2021-2024,autismo_F840,J690,25
2021-2024,autismo_F840,J100,25
2021-2024,autismo_F840,F419,25
2021-2024,autismo_F840,Q539,24
2021-2024,autismo_F840,R11,24
2021-2024,autismo_F840,P220,23
2021-2024,autismo_F840,F500,23
2021-2024,autismo_F840,J101,23
2021-2024,autismo_F840,T509,23
2021-2024,autismo_F840,R451,23
2021-2024,autismo_F840,F918,22
2021-2024,autismo_F840,J00,22
2021-2024,autismo_F840,J208,22
2021-2024,autismo_F840,T393,21
2021-2024,autismo_F840,A020,21
2021-2024,autismo_F840,L059,21
2021-2024,autismo_F840,T212,21
2021-2024,autismo_F840,T181,20
2021-2024,autismo_F840,J069,20
2021-2024,autismo_F840,S5240,20
2021-2024,autismo_F840,F319,20
2021-2024,autismo_F840,J9600,19
2021-2024,autismo_F840,G419,19
2021-2024,autismo_F840,S8220,19
2021-2024,autismo_F840,J120,19
2021-2024,autismo_F840,M4115,19
2021-2024,autismo_F840,S5260,19
2021-2024,autismo_F840,J040,19
2021-2024,autismo_F840,F982,19
2021-2024,autismo_F840,K047,19
2021-2024,autismo_F840,Z134,18
2021-2024,autismo_F840,F209,18
2021-2024,autismo_F840,T202,18
2021-2024,autismo_F840,H919,18
2021-2024,autismo_F840,S8230,18
2021-2024,autismo_F840,J158,18
2021-2024,autismo_F840,N433,17
2021-2024,autismo_F840,S6261,17
2021-2024,autismo_F840,F39,17
2021-2024,autismo_F840,K566,17
2021-2024,autismo_F840,J188,17
2021-2024,autismo_F840,G418,17
2021-2024,autismo_F840,H669,16
2021-2024,autismo_F840,M2157,16
2021-2024,autismo_F840,T71,16
2021-2024,autismo_F840,F200,16
2021-2024,autismo_F840,J13,16
2021-2024,autismo_F840,S0210,15
2021-2024,autismo_F840,D693,15
2021-2024,autismo_F840,K529,15
2021-2024,autismo_F840,I880,15
2021-2024,autismo_F840,F28,15
2021-2024,autismo_F840,P599,15
2021-2024,autismo_F840,G410,15
2021-2024,autismo_F840,J122,15
2021-2024,autismo_F840,Q665,14
2021-2024,autismo_F840,J210,14
2021-2024,autismo_F840,S5280,14
2021-2024,autismo_F840,R55,14
2021-2024,autismo_F840,N179,13
2021-2024,autismo_F840,T430,13
2021-2024,autismo_F840,L050,13
2021-2024,autismo_F840,E106,13
2021-2024,autismo_F840,J36,13
2021-2024,autismo_F840,E46,13
2021-2024,autismo_F840,S018,13
2021-2024,autismo_F840,S4230,13
2021-2024,autismo_F840,H050,13
2021-2024,autismo_F840,K001,13
2021-2024,autismo_F840,K922,13
2021-2024,autismo_F840,F608,13
2021-2024,autismo_F840,S5200,13
2021-2024,autismo_F840,D70,12
2021-2024,autismo_F840,D480,12
2021-2024,autismo_F840,E86,12
2021-2024,autismo_F840,S015,12
2021-2024,autismo_F840,J342,12
2021-2024,autismo_F840,S6260,12
2021-2024,autismo_F840,I471,12
2021-2024,autismo_F840,F841,12
2021-2024,autismo_F840,K801,12
2021-2024,autismo_F840,J181,12
2021-2024,autismo_F840,A86,12
2021-2024,autismo_F840,F411,12
2021-2024,autismo_F840,T543,11
2021-2024,autismo_F840,K519,11
2021-2024,autismo_F840,F328,11
2021-2024,autismo_F840,J050,11
2021-2024,autismo_F840,Z137,11
2021-2024,autismo_F840,E111,11
2021-2024,autismo_F840,E109,11
2021-2024,autismo_F840,S5290,11
2021-2024,autismo_F840,K37,11
2021-2024,autismo_F840,G402,11
2021-2024,autismo_F840,K402,11
2021-2024,autismo_F840,K011,11
2021-2024,autismo_F840,F312,11
2021-2024,autismo_F840,F900,11
2021-2024,autismo_F840,N62,10
2021-2024,autismo_F840,Q549,10
2021-2024,autismo_F840,K859,10
2021-2024,autismo_F840,M9115,10
2021-2024,autismo_F840,R13,10
2021-2024,autismo_F840,F09,10
2021-2024,autismo_F840,M4145,10
2021-2024,autismo_F840,Q541,10
2021-2024,autismo_F840,G048,10
2021-2024,autismo_F840,F849,10
2021-2024,autismo_F840,F845,10
2021-2024,autismo_F840,K650,10
2021-2024,autismo_F840,F202,10
2021-2024,autismo_F840,F208,10
2021-2024,autismo_F840,L040,10
2021-2024,autismo_F840,Q740,10
2021-2024,autismo_F840,E162,10
2021-2024,autismo_F840,K561,10
2021-2024,autismo_F840,O993,10
2021-2024,autismo_F840,F508,10
2021-2024,autismo_F840,K528,10
2021-2024,autismo_F840,S5230,10
2021-2024,autismo_F840,K219,10
2021-2024,autismo_F840,T751,10
2021-2024,autismo_F840,T427,10
2021-2024,autismo_F840,Z018,10
2021-2024,autismo_F840,T252,10
2021-2024,autismo_F840,T242,10
2021-2024,autismo_F840,Z033,10
2021-2024,autismo_F840,Z470,10
2021-2024,autismo_F840,S009,10
2021-2024,autismo_F840,B002,10
2021-2024,autismo_F840,P073,9
2021-2024,autismo_F840,H500,9
2021-2024,autismo_F840,J219,9
2021-2024,autismo_F840,S7290,9
2021-2024,autismo_F840,S411,9
2021-2024,autismo_F840,H506,9
2021-2024,autismo_F840,J22,9
2021-2024,autismo_F840,S5270,9
2021-2024,autismo_F840,S619,9
2021-2024,autismo_F840,E43,9
2021-2024,autismo_F840,E872,9
2021-2024,autismo_F840,L720,9
2021-2024,autismo_F840,K851,9
2021-2024,autismo_F840,T450,9
2021-2024,autismo_F840,S0640,9
2021-2024,autismo_F840,K36,9
2021-2024,autismo_F840,R104,9
2021-2024,autismo_F840,K562,9
2021-2024,autismo_F840,S0220,9
2021-2024,autismo_F840,S0200,9
2021-2024,autismo_F840,A082,8
2021-2024,autismo_F840,Z540,8
2021-2024,autismo_F840,Q172,8
2021-2024,autismo_F840,L024,8
2021-2024,autismo_F840,S7200,8
2021-2024,autismo_F840,M930,8
2021-2024,autismo_F840,S7230,8
2021-2024,autismo_F840,J039,8
2021-2024,autismo_F840,N508,8
2021-2024,autismo_F840,S8210,8
2021-2024,autismo_F840,T141,8
2021-2024,autismo_F840,S618,8
2021-2024,autismo_F840,F429,8
2021-2024,autismo_F840,F233,8
2021-2024,autismo_F840,J14,8
2021-2024,autismo_F840,F410,8
2021-2024,autismo_F840,F639,8
2021-2024,autismo_F840,A083,8
2021-2024,autismo_F840,D487,8
2021-2024,autismo_F840,G710,8
2021-2024,autismo_F840,Q540,8
2021-2024,autismo_F840,D593,8
2021-2024,autismo_F840,K565,8
2021-2024,autismo_F840,K810,8
2021-2024,autismo_F840,G610,7
2021-2024,autismo_F840,K720,7
2021-2024,autismo_F840,S518,7
2021-2024,autismo_F840,T182,7
2021-2024,autismo_F840,B340,7
2021-2024,autismo_F840,H905,7
2021-2024,autismo_F840,G049,7
2021-2024,autismo_F840,M2147,7
2021-2024,autismo_F840,H652,7
2021-2024,autismo_F840,C629,7
2021-2024,autismo_F840,N185,7
2021-2024,autismo_F840,T742,7
2021-2024,autismo_F840,N432,7
2021-2024,autismo_F840,N459,7
2021-2024,autismo_F840,T292,7
2021-2024,autismo_F840,T232,7
2021-2024,autismo_F840,D430,7
2021-2024,autismo_F840,S711,7
2021-2024,autismo_F840,D694,7
2021-2024,autismo_F840,D649,7
2021-2024,autismo_F840,S7240,7
2021-2024,autismo_F840,K808,7
2021-2024,autismo_F840,A047,7
2021-2024,autismo_F840,D232,7
2021-2024,autismo_F840,L020,7
2021-2024,autismo_F840,T510,6
2021-2024,autismo_F840,F314,6
2021-2024,autismo_F840,N048,6
2021-2024,autismo_F840,B270,6
2021-2024,autismo_F840,R590,6
2021-2024,autismo_F840,T436,6
2021-2024,autismo_F840,E116,6
2021-2024,autismo_F840,J111,6
2021-2024,autismo_F840,S010,6
2021-2024,autismo_F840,F449,6
2021-2024,autismo_F840,S013,6
2021-2024,autismo_F840,N049,6
2021-2024,autismo_F840,D619,6
2021-2024,autismo_F840,J068,6
2021-2024,autismo_F840,E161,6
2021-2024,autismo_F840,F848,6
2021-2024,autismo_F840,N835,6
2021-2024,autismo_F840,G930,6
2021-2024,autismo_F840,Q379,6
2021-2024,autismo_F840,K040,6
2021-2024,autismo_F840,S6251,6
2021-2024,autismo_F840,Q070,6
2021-2024,autismo_F840,D27,6
2021-2024,autismo_F840,P704,6
2021-2024,autismo_F840,S9230,6
2021-2024,autismo_F840,S9250,6
2021-2024,autismo_F840,J869,6
2021-2024,autismo_F840,R51,6
2021-2024,autismo_F840,T16,6
2021-2024,autismo_F840,T183,6
2021-2024,autismo_F840,J40,6
2021-2024,autismo_F840,K052,6
2021-2024,autismo_F840,T222,6
2021-2024,autismo_F840,F83,6
2021-2024,autismo_F840,O420,6
2021-2024,autismo_F840,H508,6
2021-2024,autismo_F840,K297,5
2021-2024,autismo_F840,J09,5
2021-2024,autismo_F840,G919,5
2021-2024,autismo_F840,K920,5
2021-2024,autismo_F840,J029,5
2021-2024,autismo_F840,K625,5
2021-2024,autismo_F840,F711,5
2021-2024,autismo_F840,F809,5
2021-2024,autismo_F840,G119,5
2021-2024,autismo_F840,K805,5
2021-2024,autismo_F840,L030,5
2021-2024,autismo_F840,K623,5
2021-2024,autismo_F840,J343,5
2021-2024,autismo_F840,M303,5
2021-2024,autismo_F840,H653,5
2021-2024,autismo_F840,H660,5
2021-2024,autismo_F840,K388,5
2021-2024,autismo_F840,G934,5
2021-2024,autismo_F840,F638,5
2021-2024,autismo_F840,H664,5
2021-2024,autismo_F840,M2106,5
2021-2024,autismo_F840,G932,5
2021-2024,autismo_F840,H700,5
2021-2024,autismo_F840,F640,5
2021-2024,autismo_F840,F988,5
2021-2024,autismo_F840,F232,5
2021-2024,autismo_F840,T511,5
2021-2024,autismo_F840,T634,5
2021-2024,autismo_F840,S0600,5
2021-2024,autismo_F840,Q676,5
2021-2024,autismo_F840,T438,5
2021-2024,autismo_F840,B279,5
2021-2024,autismo_F840,S0620,5
2021-2024,autismo_F840,B348,5
2021-2024,autismo_F840,S0680,5
2021-2024,autismo_F840,P221,5
2021-2024,autismo_F840,T233,5
2021-2024,autismo_F840,C716,5
2021-2024,autismo_F840,P551,5
2021-2024,autismo_F840,P590,5
2021-2024,autismo_F840,C73,5
2021-2024,autismo_F840,T140,5
2021-2024,autismo_F840,C959,5
2021-2024,autismo_F840,F069,5
2021-2024,autismo_F840,S4200,5
2021-2024,autismo_F840,Q181,5
2021-2024,autismo_F840,D234,5
2021-2024,autismo_F840,T633,5
2021-2024,autismo_F840,Q211,5
2021-2024,autismo_F840,F439,5
2021-2024,autismo_F840,T810,5
2021-2024,autismo_F840,Z511,5
2021-2024,autismo_F840,Q760,5
2021-2024,autismo_F840,Q892,5
2021-2024,autismo_F840,R418,5
2021-2024,autismo_F840,S011,5
2021-2024,autismo_F840,A419,5
2021-2024,autismo_F840,A483,5
2021-2024,autismo_F840,A499,5
2021-2024,autismo_F840,R270,5
2021-2024,autismo_F840,T814,5
2021-2024,autismo_F840,DESCONOCIDO,5
2021-2024,autismo_F840,Z302,5
2021-2024,autismo_F840,S014,5
2021-2024,autismo_F840,F430,5
2021-2024,autismo_F840,F388,5
2021-2024,autismo_F840,K073,4
2021-2024,autismo_F840,K403,4
2021-2024,autismo_F840,R31,4
2021-2024,autismo_F840,S3280,4
2021-2024,autismo_F840,G938,4
2021-2024,autismo_F840,S610,4
2021-2024,autismo_F840,D352,4
2021-2024,autismo_F840,K510,4
2021-2024,autismo_F840,S311,4
2021-2024,autismo_F840,G809,4
2021-2024,autismo_F840,S099,4
2021-2024,autismo_F840,K469,4
2021-2024,autismo_F840,S0650,4
2021-2024,autismo_F840,F459,4
2021-2024,autismo_F840,K439,4
2021-2024,autismo_F840,S681,4
2021-2024,autismo_F840,D508,4
2021-2024,autismo_F840,S0280,4
2021-2024,autismo_F840,G479,4
2021-2024,autismo_F840,N059,4
2021-2024,autismo_F840,T149,4
2021-2024,autismo_F840,S7220,4
2021-2024,autismo_F840,T58,4
2021-2024,autismo_F840,I500,4
2021-2024,autismo_F840,I639,4
2021-2024,autismo_F840,I889,4
2021-2024,autismo_F840,Z514,4
2021-2024,autismo_F840,Z430,4
2021-2024,autismo_F840,Z291,4
2021-2024,autismo_F840,J108,4
2021-2024,autismo_F840,A38,4
2021-2024,autismo_F840,Z048,4
2021-2024,autismo_F840,Z031,4
2021-2024,autismo_F840,H903,4
2021-2024,autismo_F840,T780,4
2021-2024,autismo_F840,H71,4
2021-2024,autismo_F840,T604,4
2021-2024,autismo_F840,T568,4
2021-2024,autismo_F840,D162,4
2021-2024,autismo_F840,T461,4
2021-2024,autismo_F840,T434,4
2021-2024,autismo_F840,T421,4
2021-2024,autismo_F840,T405,4
2021-2024,autismo_F840,T383,4
2021-2024,autismo_F840,C719,4
2021-2024,autismo_F840,T189,4
2021-2024,autismo_F840,R068,4
2021-2024,autismo_F840,J90,4
2021-2024,autismo_F840,J982,4
2021-2024,autismo_F840,S8240,4
2021-2024,autismo_F840,K006,4
2021-2024,autismo_F840,S817,4
2021-2024,autismo_F840,H000,4
2021-2024,autismo_F840,R100,4
2021-2024,autismo_F840,D479,4
2021-2024,autismo_F840,E108,4
2021-2024,autismo_F840,N201,4
2021-2024,autismo_F840,M220,4
2021-2024,autismo_F840,F341,4
2021-2024,autismo_F840,Q556,4
2021-2024,autismo_F840,N500,4
2021-2024,autismo_F840,E840,4
2021-2024,autismo_F840,Q359,4
2021-2024,autismo_F840,L282,4
2021-2024,autismo_F840,L209,4
2021-2024,autismo_F840,F952,4
2021-2024,autismo_F840,F941,4
2021-2024,autismo_F840,Q120,4
2021-2024,autismo_F840,L010,4
2021-2024,autismo_F840,L023,4
2021-2024,autismo_F840,F070,4
2021-2024,autismo_F840,F238,4
2021-2024,autismo_F840,G405,4
2021-2024,autismo_F840,F220,4
2021-2024,autismo_F840,F195,4
2021-2024,autismo_F840,Q039,4
2021-2024,autismo_F840,F911,4
2021-2024,autismo_F840,F192,4
2021-2024,autismo_F840,N319,4
2021-2024,autismo_F840,K804,4
2021-2024,autismo_F840,N178,4
2021-2024,autismo_F840,K621,4
2021-2024,autismo_F840,M670,4
2021-2024,autismo_F840,Q851,4
2021-2024,autismo_F840,G400,4
2021-2024,autismo_F840,F448,4
2021-2024,autismo_F840,Q753,4
2021-2024,autismo_F840,G35,4
2021-2024,autismo_F840,Q750,4
2021-2024,autismo_F840,K610,4
2021-2024,autismo_F840,P239,4
2021-2024,autismo_F840,Q660,4
2021-2024,autismo_F840,Z011,3
2021-2024,autismo_F840,T885,3
2021-2024,autismo_F840,T465,3
2021-2024,autismo_F840,T464,3
2021-2024,autismo_F840,T462,3
2021-2024,autismo_F840,M2186,3
2021-2024,autismo_F840,O034,3
2021-2024,autismo_F840,O244,3
2021-2024,autismo_F840,M6099,3
2021-2024,autismo_F840,O800,3
2021-2024,autismo_F840,Z098,3
2021-2024,autismo_F840,O820,3
2021-2024,autismo_F840,N132,3
2021-2024,autismo_F840,T407,3
2021-2024,autismo_F840,Z653,3
2021-2024,autismo_F840,T390,3
2021-2024,autismo_F840,N40,3
2021-2024,autismo_F840,I638,3
2021-2024,autismo_F840,N12,3
2021-2024,autismo_F840,T360,3
2021-2024,autismo_F840,Z450,3
2021-2024,autismo_F840,T490,3
2021-2024,autismo_F840,O021,3
2021-2024,autismo_F840,J180,3
2021-2024,autismo_F840,J154,3
2021-2024,autismo_F840,N764,3
2021-2024,autismo_F840,P284,3
2021-2024,autismo_F840,M201,3
2021-2024,autismo_F840,M0095,3
2021-2024,autismo_F840,L905,3
2021-2024,autismo_F840,N832,3
2021-2024,autismo_F840,Z458,3
2021-2024,autismo_F840,N939,3
2021-2024,autismo_F840,N480,3
2021-2024,autismo_F840,L509,3
2021-2024,autismo_F840,Z452,3
2021-2024,autismo_F840,Z478,3
2021-2024,autismo_F840,Z480,3
2021-2024,autismo_F840,M330,3
2021-2024,autismo_F840,T520,3
2021-2024,autismo_F840,J030,3
2021-2024,autismo_F840,Z016,3
2021-2024,autismo_F840,L088,3
2021-2024,autismo_F840,Q048,3
2021-2024,autismo_F840,T211,3
2021-2024,autismo_F840,K754,3
2021-2024,autismo_F840,K090,3
2021-2024,autismo_F840,K092,3
2021-2024,autismo_F840,K130,3
2021-2024,autismo_F840,K137,3
2021-2024,autismo_F840,Q644,3
2021-2024,autismo_F840,S310,3
2021-2024,autismo_F840,K222,3
2021-2024,autismo_F840,K260,3
2021-2024,autismo_F840,K291,3
2021-2024,autismo_F840,Q651,3
2021-2024,autismo_F840,S098,3
2021-2024,autismo_F840,Q658,3
2021-2024,autismo_F840,Q675,3
2021-2024,autismo_F840,P369,3
2021-2024,autismo_F840,Q690,3
2021-2024,autismo_F840,S058,3
2021-2024,autismo_F840,K593,3
2021-2024,autismo_F840,Q699,3
2021-2024,autismo_F840,S0260,3
2021-2024,autismo_F840,Q850,3
2021-2024,autismo_F840,K518,3
2021-2024,autismo_F840,Q870,3
2021-2024,autismo_F840,Q909,3
2021-2024,autismo_F840,R258,3
2021-2024,autismo_F840,R21,3
2021-2024,autismo_F840,K550,3
2021-2024,autismo_F840,K079,3
2021-2024,autismo_F840,K803,3
2021-2024,autismo_F840,K055,3
2021-2024,autismo_F840,Q548,3
2021-2024,autismo_F840,T203,3
2021-2024,autismo_F840,T185,3
2021-2024,autismo_F840,J448,3
2021-2024,autismo_F840,J450,3
2021-2024,autismo_F840,T175,3
2021-2024,autismo_F840,T173,3
2021-2024,autismo_F840,J849,3
2021-2024,autismo_F840,J850,3
2021-2024,autismo_F840,J851,3
2021-2024,autismo_F840,J852,3
2021-2024,autismo_F840,T068,3
2021-2024,autismo_F840,L022,3
2021-2024,autismo_F840,J9699,3
2021-2024,autismo_F840,J988,3
2021-2024,autismo_F840,S9200,3
2021-2024,autismo_F840,S810,3
2021-2024,autismo_F840,K918,3
2021-2024,autismo_F840,Q210,3
2021-2024,autismo_F840,Q355,3
2021-2024,autismo_F840,Q369,3
2021-2024,autismo_F840,K044,3
2021-2024,autismo_F840,Q431,3
2021-2024,autismo_F840,S5220,3
2021-2024,autismo_F840,Q542,3
2021-2024,autismo_F840,S4220,3
2021-2024,autismo_F840,I472,3
2021-2024,autismo_F840,L511,3
2021-2024,autismo_F840,B09,3
2021-2024,autismo_F840,F501,3
2021-2024,autismo_F840,G255,3
2021-2024,autismo_F840,G411,3
2021-2024,autismo_F840,D233,3
2021-2024,autismo_F840,D235,3
2021-2024,autismo_F840,B349,3
2021-2024,autismo_F840,B199,3
2021-2024,autismo_F840,B085,3
2021-2024,autismo_F840,B018,3
2021-2024,autismo_F840,G918,3
2021-2024,autismo_F840,D367,3
2021-2024,autismo_F840,F418,3
2021-2024,autismo_F840,H186,3
2021-2024,autismo_F840,H270,3
2021-2024,autismo_F840,H330,3
2021-2024,autismo_F840,D376,3
2021-2024,autismo_F840,E876,3
2021-2024,autismo_F840,H502,3
2021-2024,autismo_F840,H503,3
2021-2024,autismo_F840,H532,3
2021-2024,autismo_F840,D391,3
2021-2024,autismo_F840,H650,3
2021-2024,autismo_F840,H663,3
2021-2024,autismo_F840,A418,3
2021-2024,autismo_F840,F602,3
2021-2024,autismo_F840,G249,3
2021-2024,autismo_F840,C402,3
2021-2024,autismo_F840,D66,3
2021-2024,autismo_F840,F315,3
2021-2024,autismo_F840,F316,3
2021-2024,autismo_F840,F317,3
2021-2024,autismo_F840,D509,3
2021-2024,autismo_F840,F318,3
2021-2024,autismo_F840,F302,3
2021-2024,autismo_F840,F719,3
2021-2024,autismo_F840,F259,3
2021-2024,autismo_F840,D580,3
2021-2024,autismo_F840,C924,3
2021-2024,autismo_F840,F791,3
2021-2024,autismo_F840,G111,3
2021-2024,autismo_F840,F799,3
2021-2024,autismo_F840,F82,3
2021-2024,autismo_F840,F89,3
2021-2024,autismo_F840,F231,3
2021-2024,autismo_F840,F920,3
2021-2024,autismo_F840,F929,3
2021-2024,autismo_F840,D690,3
2021-2024,autismo_F840,F959,3
2021-2024,autismo_F840,C56,3
2021-2024,autismo_F840,G060,3
2021-2024,autismo_F840,H918,3
2021-2024,autismo_F840,D171,3
2021-2024,autismo_F840,F509,3
2021-2024,autismo_F840,D401,3
2021-2024,autismo_F840,I330,3
2021-2024,autismo_F840,A045,3
2021-2024,autismo_F840,A049,3
2021-2024,autismo_F840,A031,3
2021-2024,autismo_F840,I442,3
2021-2024,autismo_F840,M6595,2
2021-2024,autismo_F840,P209,2
2021-2024,autismo_F840,K769,2
2021-2024,autismo_F840,R620,2
2021-2024,autismo_F840,P071,2
2021-2024,autismo_F840,K850,2
2021-2024,autismo_F840,C621,2
2021-2024,autismo_F840,K828,2
2021-2024,autismo_F840,A048,2
2021-2024,autismo_F840,F601,2
2021-2024,autismo_F840,G039,2
2021-2024,autismo_F840,T251,2
2021-2024,autismo_F840,Q667,2
2021-2024,autismo_F840,M6514,2
2021-2024,autismo_F840,F198,2
2021-2024,autismo_F840,S097,2
2021-2024,autismo_F840,C710,2
2021-2024,autismo_F840,F349,2
2021-2024,autismo_F840,F191,2
2021-2024,autismo_F840,L033,2
2021-2024,autismo_F840,F901,2
2021-2024,autismo_F840,T179,2
2021-2024,autismo_F840,M6009,2
2021-2024,autismo_F840,S314,2
2021-2024,autismo_F840,S312,2
2021-2024,autismo_F840,I671,2
2021-2024,autismo_F840,L021,2
2021-2024,autismo_F840,F932,2
2021-2024,autismo_F840,F938,2
2021-2024,autismo_F840,F939,2
2021-2024,autismo_F840,K921,2
2021-2024,autismo_F840,O990,2
2021-2024,autismo_F840,F339,2
2021-2024,autismo_F840,S617,2
2021-2024,autismo_F840,O996,2
2021-2024,autismo_F840,C717,2
2021-2024,autismo_F840,K760,2
2021-2024,autismo_F840,Q505,2
2021-2024,autismo_F840,L038,2
2021-2024,autismo_F840,G406,2
2021-2024,autismo_F840,G258,2
2021-2024,autismo_F840,D734,2
2021-2024,autismo_F840,F130,2
2021-2024,autismo_F840,P598,2
2021-2024,autismo_F840,G259,2
2021-2024,autismo_F840,M673,2
2021-2024,autismo_F840,R42,2
2021-2024,autismo_F840,D761,2
2021-2024,autismo_F840,R402,2
2021-2024,autismo_F840,I828,2
2021-2024,autismo_F840,P711,2
2021-2024,autismo_F840,A162,2
2021-2024,autismo_F840,I850,2
2021-2024,autismo_F840,G431,2
2021-2024,autismo_F840,P923,2
2021-2024,autismo_F840,G432,2
2021-2024,autismo_F840,I219,2
2021-2024,autismo_F840,G439,2
2021-2024,autismo_F840,K592,2
2021-2024,autismo_F840,I802,2
2021-2024,autismo_F840,G210,2
2021-2024,autismo_F840,M6598,2
2021-2024,autismo_F840,D695,2
2021-2024,autismo_F840,D696,2
2021-2024,autismo_F840,P271,2
2021-2024,autismo_F840,T293,2
2021-2024,autismo_F840,K658,2
2021-2024,autismo_F840,G240,2
2021-2024,autismo_F840,D728,2
2021-2024,autismo_F840,R508,2
2021-2024,autismo_F840,S119,2
2021-2024,autismo_F840,K602,2
2021-2024,autismo_F840,K631,2
2021-2024,autismo_F840,P391,2
2021-2024,autismo_F840,D410,2
2021-2024,autismo_F840,G248,2
2021-2024,autismo_F840,Q543,2
2021-2024,autismo_F840,P393,2
2021-2024,autismo_F840,P398,2
2021-2024,autismo_F840,P399,2
2021-2024,autismo_F840,P228,2
2021-2024,autismo_F840,L041,2
2021-2024,autismo_F840,M6000,2
2021-2024,autismo_F840,F709,2
2021-2024,autismo_F840,M4195,2
2021-2024,autismo_F840,M2316,2
2021-2024,autismo_F840,M221,2
2021-2024,autismo_F840,F309,2
2021-2024,autismo_F840,S051,2
2021-2024,autismo_F840,S050,2
2021-2024,autismo_F840,S8290,2
2021-2024,autismo_F840,Q627,2
2021-2024,autismo_F840,Q647,2
2021-2024,autismo_F840,T428,2
2021-2024,autismo_F840,S661,2
2021-2024,autismo_F840,N028,2
2021-2024,autismo_F840,M2116,2
2021-2024,autismo_F840,M2109,2
2021-2024,autismo_F840,Z762,2
2021-2024,autismo_F840,I499,2
2021-2024,autismo_F840,M205,2
2021-2024,autismo_F840,O049,2
2021-2024,autismo_F840,S8250,2
2021-2024,autismo_F840,M4194,2
2021-2024,autismo_F840,D110,2
2021-2024,autismo_F840,D444,2
2021-2024,autismo_F840,D165,2
2021-2024,autismo_F840,N739,2
2021-2024,autismo_F840,N751,2
2021-2024,autismo_F840,D163,2
2021-2024,autismo_F840,Q642,2
2021-2024,autismo_F840,S0630,2
2021-2024,autismo_F840,F648,2
2021-2024,autismo_F840,M329,2
2021-2024,autismo_F840,M328,2
2021-2024,autismo_F840,M310,2
2021-2024,autismo_F840,F606,2
2021-2024,autismo_F840,N701,2
2021-2024,autismo_F840,D160,2
2021-2024,autismo_F840,S819,2
2021-2024,autismo_F840,F311,2
2021-2024,autismo_F840,Z915,2
2021-2024,autismo_F840,N906,2
2021-2024,autismo_F840,M939,2
2021-2024,autismo_F840,S0651,2
2021-2024,autismo_F840,S6280,2
2021-2024,autismo_F840,O600,2
2021-2024,autismo_F840,F729,2
2021-2024,autismo_F840,L603,2
2021-2024,autismo_F840,O610,2
2021-2024,autismo_F840,T120,2
2021-2024,autismo_F840,D648,2
2021-2024,autismo_F840,Q621,2
2021-2024,autismo_F840,F332,2
2021-2024,autismo_F840,S3200,2
2021-2024,autismo_F840,L500,2
2021-2024,autismo_F840,S6220,2
2021-2024,autismo_F840,C920,2
2021-2024,autismo_F840,I615,2
2021-2024,autismo_F840,C911,2
2021-2024,autismo_F840,O700,2
2021-2024,autismo_F840,S012,2
2021-2024,autismo_F840,F803,2
2021-2024,autismo_F840,A040,2
2021-2024,autismo_F840,C925,2
2021-2024,autismo_F840,O471,2
2021-2024,autismo_F840,O141,2
2021-2024,autismo_F840,F721,2
2021-2024,autismo_F840,D069,2
2021-2024,autismo_F840,S0250,2
2021-2024,autismo_F840,S0660,2
2021-2024,autismo_F840,N483,2
2021-2024,autismo_F840,M0640,2
2021-2024,autismo_F840,M0099,2
2021-2024,autismo_F840,M0098,2
2021-2024,autismo_F840,N481,2
2021-2024,autismo_F840,I609,2
2021-2024,autismo_F840,F320,2
2021-2024,autismo_F840,L988,2
2021-2024,autismo_F840,D589,2
2021-2024,autismo_F840,O429,2
2021-2024,autismo_F840,S019,2
2021-2024,autismo_F840,L928,2
2021-2024,autismo_F840,L923,2
2021-2024,autismo_F840,L910,2
2021-2024,autismo_F840,I861,2
2021-2024,autismo_F840,B679,2
2021-2024,autismo_F840,K500,2
2021-2024,autismo_F840,J680,2
2021-2024,autismo_F840,A870,2
2021-2024,autismo_F840,Q315,2
2021-2024,autismo_F840,T812,2
2021-2024,autismo_F840,E149,2
2021-2024,autismo_F840,A858,2
2021-2024,autismo_F840,J441,2
2021-2024,autismo_F840,H46,2
2021-2024,autismo_F840,T818,2
2021-2024,autismo_F840,J390,2
2021-2024,autismo_F840,T821,2
2021-2024,autismo_F840,T825,2
2021-2024,autismo_F840,D374,2
2021-2024,autismo_F840,F03,2
2021-2024,autismo_F840,Q691,2
2021-2024,autismo_F840,I400,2
2021-2024,autismo_F840,E848,2
2021-2024,autismo_F840,T848,2
2021-2024,autismo_F840,Q311,2
2021-2024,autismo_F840,E835,2
2021-2024,autismo_F840,A630,2
2021-2024,autismo_F840,T796,2
2021-2024,autismo_F840,E115,2
2021-2024,autismo_F840,S198,2
2021-2024,autismo_F840,J984,2
2021-2024,autismo_F840,G448,2
2021-2024,autismo_F840,J9690,2
2021-2024,autismo_F840,S199,2
2021-2024,autismo_F840,E274,2
2021-2024,autismo_F840,J958,2
2021-2024,autismo_F840,J955,2
2021-2024,autismo_F840,J950,2
2021-2024,autismo_F840,J931,2
2021-2024,autismo_F840,J014,2
2021-2024,autismo_F840,F422,2
2021-2024,autismo_F840,F445,2
2021-2024,autismo_F840,H269,2
2021-2024,autismo_F840,J018,2
2021-2024,autismo_F840,H271,2
2021-2024,autismo_F840,A281,2
2021-2024,autismo_F840,J340,2
2021-2024,autismo_F840,T658,2
2021-2024,autismo_F840,Q751,2
2021-2024,autismo_F840,H819,2
2021-2024,autismo_F840,A46,2
2021-2024,autismo_F840,Z135,2
2021-2024,autismo_F840,J153,2
2021-2024,autismo_F840,J150,2
2021-2024,autismo_F840,M8686,2
2021-2024,autismo_F840,Z035,2
2021-2024,autismo_F840,Q741,2
2021-2024,autismo_F840,N110,2
2021-2024,autismo_F840,I10,2
2021-2024,autismo_F840,A400,2
2021-2024,autismo_F840,M8696,2
2021-2024,autismo_F840,Q438,2
2021-2024,autismo_F840,M8697,2
2021-2024,autismo_F840,J110,2
2021-2024,autismo_F840,I200,2
2021-2024,autismo_F840,Q704,2
2021-2024,autismo_F840,Q391,2
2021-2024,autismo_F840,E230,2
2021-2024,autismo_F840,T856,2
2021-2024,autismo_F840,T958,2
2021-2024,autismo_F840,J329,2
2021-2024,autismo_F840,D383,2
2021-2024,autismo_F840,Q374,2
2021-2024,autismo_F840,Q763,2
2021-2024,autismo_F840,E871,2
2021-2024,autismo_F840,E870,2
2021-2024,autismo_F840,T886,2
2021-2024,autismo_F840,I340,2
2021-2024,autismo_F840,J211,2
2021-2024,autismo_F840,N133,2
2021-2024,autismo_F840,H611,2
2021-2024,autismo_F840,J042,2
2021-2024,autismo_F840,H654,2
2021-2024,autismo_F840,H659,2
2021-2024,autismo_F840,J204,2
2021-2024,autismo_F840,J202,2
2021-2024,autismo_F840,J200,2
2021-2024,autismo_F840,M8446,2
2021-2024,autismo_F840,T749,2
2021-2024,autismo_F840,N009,2
2021-2024,autismo_F840,K317,2
2021-2024,autismo_F840,G700,2
2021-2024,autismo_F840,Q175,2
2021-2024,autismo_F840,K20,2
2021-2024,autismo_F840,T505,2
2021-2024,autismo_F840,F061,2
2021-2024,autismo_F840,G819,2
2021-2024,autismo_F840,Q254,2
2021-2024,autismo_F840,M7957,2
2021-2024,autismo_F840,S5271,2
2021-2024,autismo_F840,R103,2
2021-2024,autismo_F840,Q201,2
2021-2024,autismo_F840,Q203,2
2021-2024,autismo_F840,R268,2
2021-2024,autismo_F840,R101,2
2021-2024,autismo_F840,B021,2
2021-2024,autismo_F840,M7955,2
2021-2024,autismo_F840,G801,2
2021-2024,autismo_F840,Q150,2
2021-2024,autismo_F840,D170,2
2021-2024,autismo_F840,M7916,2
2021-2024,autismo_F840,D821,2
2021-2024,autismo_F840,Q068,2
2021-2024,autismo_F840,T447,2
2021-2024,autismo_F840,R17,2
2021-2024,autismo_F840,K296,2
2021-2024,autismo_F840,Z431,2
2021-2024,autismo_F840,K250,2
2021-2024,autismo_F840,M7938,2
2021-2024,autismo_F840,Q100,2
2021-2024,autismo_F840,F068,2
2021-2024,autismo_F840,G729,2
2021-2024,autismo_F840,B084,2
2021-2024,autismo_F840,E031,2
2021-2024,autismo_F840,F058,2
2021-2024,autismo_F840,Q038,2
2021-2024,autismo_F840,K112,2
2021-2024,autismo_F840,I409,2
2021-2024,autismo_F840,E301,2
2021-2024,autismo_F840,Q02,2
2021-2024,autismo_F840,K051,2
2021-2024,autismo_F840,B341,2
2021-2024,autismo_F840,K050,2
2021-2024,autismo_F840,D290,2
2021-2024,autismo_F840,R040,2
2021-2024,autismo_F840,K046,2
2021-2024,autismo_F840,Q234,2
2021-2024,autismo_F840,Z432,2
2021-2024,autismo_F840,K041,2
2021-2024,autismo_F840,Q250,2
2021-2024,autismo_F840,S5210,2
2021-2024,autismo_F840,B350,2
2021-2024,autismo_F840,K025,2
2021-2024,autismo_F840,I420,2
2021-2024,autismo_F840,B278,2
2021-2024,autismo_F840,G478,2
2021-2024,autismo_F840,K078,2
2021-2024,autismo_F840,D24,2
2021-2024,autismo_F840,K102,2
2021-2024,autismo_F840,G821,2
2021-2024,autismo_F840,G824,2
2021-2024,autismo_F840,K088,2
2021-2024,autismo_F840,T529,2
2021-2024,autismo_F840,Q213,2
2021-2024,autismo_F840,M7966,2
2021-2024,autismo_F840,M7116,2
2021-2024,autismo_F840,B019,2
2021-2024,autismo_F840,G909,2
2021-2024,autismo_F840,D259,2
2021-2024,autismo_F840,K071,2
2021-2024,autismo_F840,D236,2
2021-2024,autismo_F840,S301,1
2021-2024,autismo_F840,S1270,1
2021-2024,autismo_F840,S2721,1
2021-2024,autismo_F840,S152,1
2021-2024,autismo_F840,S131,1
2021-2024,autismo_F840,S2720,1
2021-2024,autismo_F840,S142,1
2021-2024,autismo_F840,S0691,1
2021-2024,autismo_F840,S202,1
2021-2024,autismo_F840,D440,1
2021-2024,autismo_F840,S141,1
2021-2024,autismo_F840,S134,1
2021-2024,autismo_F840,S081,1
2021-2024,autismo_F840,D432,1
2021-2024,autismo_F840,S211,1
2021-2024,autismo_F840,S217,1
2021-2024,autismo_F840,S2200,1
2021-2024,autismo_F840,D441,1
2021-2024,autismo_F840,D431,1
2021-2024,autismo_F840,S117,1
2021-2024,autismo_F840,S241,1
2021-2024,autismo_F840,D414,1
2021-2024,autismo_F840,I461,1
2021-2024,autismo_F840,D471,1
2021-2024,autismo_F840,E118,1
2021-2024,autismo_F840,Q790,1
2021-2024,autismo_F840,Q793,1
2021-2024,autismo_F840,Q828,1
2021-2024,autismo_F840,Q833,1
2021-2024,autismo_F840,E148,1
2021-2024,autismo_F840,E145,1
2021-2024,autismo_F840,Q872,1
2021-2024,autismo_F840,Q874,1
2021-2024,autismo_F840,Q878,1
2021-2024,autismo_F840,Q898,1
2021-2024,autismo_F840,E042,1
2021-2024,autismo_F840,Q923,1
2021-2024,autismo_F840,Q930,1
2021-2024,autismo_F840,Q992,1
2021-2024,autismo_F840,Q998,1
2021-2024,autismo_F840,R05,1
2021-2024,autismo_F840,E100,1
2021-2024,autismo_F840,R072,1
2021-2024,autismo_F840,R074,1
2021-2024,autismo_F840,R090,1
2021-2024,autismo_F840,Q784,1
2021-2024,autismo_F840,Q781,1
2021-2024,autismo_F840,Q761,1
2021-2024,autismo_F840,E222,1
2021-2024,autismo_F840,Q652,1
2021-2024,autismo_F840,Q653,1
2021-2024,autismo_F840,Q654,1
2021-2024,autismo_F840,E538,1
2021-2024,autismo_F840,E45,1
2021-2024,autismo_F840,E41,1
2021-2024,autismo_F840,E343,1
2021-2024,autismo_F840,E308,1
2021-2024,autismo_F840,Q677,1
2021-2024,autismo_F840,Q692,1
2021-2024,autismo_F840,E271,1
2021-2024,autismo_F840,Q724,1
2021-2024,autismo_F840,Q728,1
2021-2024,autismo_F840,Q729,1
2021-2024,autismo_F840,E236,1
2021-2024,autismo_F840,Q743,1
2021-2024,autismo_F840,E232,1
2021-2024,autismo_F840,Q754,1
2021-2024,autismo_F840,Q759,1
2021-2024,autismo_F840,E060,1
2021-2024,autismo_F840,E041,1
2021-2024,autismo_F840,D481,1
2021-2024,autismo_F840,S0231,1
2021-2024,autismo_F840,D689,1
2021-2024,autismo_F840,D684,1
2021-2024,autismo_F840,D683,1
2021-2024,autismo_F840,D680,1
2021-2024,autismo_F840,S017,1
2021-2024,autismo_F840,S0201,1
2021-2024,autismo_F840,D539,1
2021-2024,autismo_F840,S0221,1
2021-2024,autismo_F840,S0230,1
2021-2024,autismo_F840,D529,1
2021-2024,autismo_F840,R161,1
2021-2024,autismo_F840,S0261,1
2021-2024,autismo_F840,S0270,1
2021-2024,autismo_F840,S0290,1
2021-2024,autismo_F840,S032,1
2021-2024,autismo_F840,S053,1
2021-2024,autismo_F840,S056,1
2021-2024,autismo_F840,D484,1
2021-2024,autismo_F840,S059,1
2021-2024,autismo_F840,D483,1
2021-2024,autismo_F840,S005,1
2021-2024,autismo_F840,S003,1
2021-2024,autismo_F840,S001,1
2021-2024,autismo_F840,R91,1
2021-2024,autismo_F840,R230,1
2021-2024,autismo_F840,R250,1
2021-2024,autismo_F840,D820,1
2021-2024,autismo_F840,R260,1
2021-2024,autismo_F840,D812,1
2021-2024,autismo_F840,D763,1
2021-2024,autismo_F840,R33,1
2021-2024,autismo_F840,R400,1
2021-2024,autismo_F840,R443,1
2021-2024,autismo_F840,S3210,1
2021-2024,autismo_F840,D729,1
2021-2024,autismo_F840,R463,1
2021-2024,autismo_F840,D721,1
2021-2024,autismo_F840,D71,1
2021-2024,autismo_F840,R571,1
2021-2024,autismo_F840,R572,1
2021-2024,autismo_F840,D692,1
2021-2024,autismo_F840,R628,1
2021-2024,autismo_F840,R631,1
2021-2024,autismo_F840,R456,1
2021-2024,autismo_F840,S830,1
2021-2024,autismo_F840,S3230,1
2021-2024,autismo_F840,B159,1
2021-2024,autismo_F840,T485,1
2021-2024,autismo_F840,T486,1
2021-2024,autismo_F840,T492,1
2021-2024,autismo_F840,T493,1
2021-2024,autismo_F840,T495,1
2021-2024,autismo_F840,T502,1
2021-2024,autismo_F840,T508,1
2021-2024,autismo_F840,B082,1
2021-2024,autismo_F840,B07,1
2021-2024,autismo_F840,B027,1
2021-2024,autismo_F840,T512,1
2021-2024,autismo_F840,T518,1
2021-2024,autismo_F840,T522,1
2021-2024,autismo_F840,T528,1
2021-2024,autismo_F840,T539,1
2021-2024,autismo_F840,T542,1
2021-2024,autismo_F840,T549,1
2021-2024,autismo_F840,T578,1
2021-2024,autismo_F840,B012,1
2021-2024,autismo_F840,T594,1
2021-2024,autismo_F840,T600,1
2021-2024,autismo_F840,T603,1
2021-2024,autismo_F840,B009,1
2021-2024,autismo_F840,T609,1
2021-2024,autismo_F840,B005,1
2021-2024,autismo_F840,B004,1
2021-2024,autismo_F840,T639,1
2021-2024,autismo_F840,T469,1
2021-2024,autismo_F840,B169,1
2021-2024,autismo_F840,B003,1
2021-2024,autismo_F840,T454,1
2021-2024,autismo_F840,T371,1
2021-2024,autismo_F840,T380,1
2021-2024,autismo_F840,T381,1
2021-2024,autismo_F840,T389,1
2021-2024,autismo_F840,C384,1
2021-2024,autismo_F840,C229,1
2021-2024,autismo_F840,T392,1
2021-2024,autismo_F840,C224,1
2021-2024,autismo_F840,T394,1
2021-2024,autismo_F840,T399,1
2021-2024,autismo_F840,T402,1
2021-2024,autismo_F840,T404,1
2021-2024,autismo_F840,C20,1
2021-2024,autismo_F840,T406,1
2021-2024,autismo_F840,C169,1
2021-2024,autismo_F840,T409,1
2021-2024,autismo_F840,B909,1
2021-2024,autismo_F840,B829,1
2021-2024,autismo_F840,B354,1
2021-2024,autismo_F840,B300,1
2021-2024,autismo_F840,B269,1
2021-2024,autismo_F840,T439,1
2021-2024,autismo_F840,T443,1
2021-2024,autismo_F840,T446,1
2021-2024,autismo_F840,T449,1
2021-2024,autismo_F840,B178,1
2021-2024,autismo_F840,T451,1
2021-2024,autismo_F840,T670,1
2021-2024,autismo_F840,B001,1
2021-2024,autismo_F840,T363,1
2021-2024,autismo_F840,Z036,1
2021-2024,autismo_F840,Z044,1
2021-2024,autismo_F840,A410,1
2021-2024,autismo_F840,Z090,1
2021-2024,autismo_F840,A403,1
2021-2024,autismo_F840,Z099,1
2021-2024,autismo_F840,Z122,1
2021-2024,autismo_F840,A392,1
2021-2024,autismo_F840,A390,1
2021-2024,autismo_F840,Z201,1
2021-2024,autismo_F840,A279,1
2021-2024,autismo_F840,Z298,1
2021-2024,autismo_F840,A260,1
2021-2024,autismo_F840,Z411,1
2021-2024,autismo_F840,A239,1
2021-2024,autismo_F840,A152,1
2021-2024,autismo_F840,A150,1
2021-2024,autismo_F840,A071,1
2021-2024,autismo_F840,Z488,1
2021-2024,autismo_F840,Z510,1
2021-2024,autismo_F840,A044,1
2021-2024,autismo_F840,A039,1
2021-2024,autismo_F840,Z548,1
2021-2024,autismo_F840,Z549,1
2021-2024,autismo_F840,Z751,1
2021-2024,autismo_F840,Z763,1
2021-2024,autismo_F840,Z768,1
2021-2024,autismo_F840,Z924,1
2021-2024,autismo_F840,A411,1
2021-2024,autismo_F840,A415,1
2021-2024,autismo_F840,T743,1
2021-2024,autismo_F840,Z032,1
2021-2024,autismo_F840,A880,1
2021-2024,autismo_F840,A879,1
2021-2024,autismo_F840,T782,1
2021-2024,autismo_F840,T783,1
2021-2024,autismo_F840,T784,1
2021-2024,autismo_F840,T802,1
2021-2024,autismo_F840,T811,1
2021-2024,autismo_F840,T813,1
2021-2024,autismo_F840,T824,1
2021-2024,autismo_F840,T827,1
2021-2024,autismo_F840,T829,1
2021-2024,autismo_F840,T841,1
2021-2024,autismo_F840,T842,1
2021-2024,autismo_F840,T843,1
2021-2024,autismo_F840,T845,1
2021-2024,autismo_F840,T857,1
2021-2024,autismo_F840,T859,1
2021-2024,autismo_F840,T861,1
2021-2024,autismo_F840,T881,1
2021-2024,autismo_F840,A600,1
2021-2024,autismo_F840,T887,1
2021-2024,autismo_F840,T905,1
2021-2024,autismo_F840,T952,1
2021-2024,autismo_F840,A522,1
2021-2024,autismo_F840,U072,1
2021-2024,autismo_F840,A502,1
2021-2024,autismo_F840,A498,1
2021-2024,autismo_F840,T368,1
2021-2024,autismo_F840,C492,1
2021-2024,autismo_F840,S3240,1
2021-2024,autismo_F840,S551,1
2021-2024,autismo_F840,S598,1
2021-2024,autismo_F840,S607,1
2021-2024,autismo_F840,D227,1
2021-2024,autismo_F840,S611,1
2021-2024,autismo_F840,D225,1
2021-2024,autismo_F840,D223,1
2021-2024,autismo_F840,S6210,1
2021-2024,autismo_F840,S6230,1
2021-2024,autismo_F840,S6240,1
2021-2024,autismo_F840,S6250,1
2021-2024,autismo_F840,D181,1
2021-2024,autismo_F840,D177,1
2021-2024,autismo_F840,D176,1
2021-2024,autismo_F840,S630,1
2021-2024,autismo_F840,S641,1
2021-2024,autismo_F840,S663,1
2021-2024,autismo_F840,S678,1
2021-2024,autismo_F840,D175,1
2021-2024,autismo_F840,S700,1
2021-2024,autismo_F840,D167,1
2021-2024,autismo_F840,D164,1
2021-2024,autismo_F840,S7271,1
2021-2024,autismo_F840,S7291,1
2021-2024,autismo_F840,S797,1
2021-2024,autismo_F840,S800,1
2021-2024,autismo_F840,D161,1
2021-2024,autismo_F840,S8200,1
2021-2024,autismo_F840,S562,1
2021-2024,autismo_F840,S5291,1
2021-2024,autismo_F840,D119,1
2021-2024,autismo_F840,S5281,1
2021-2024,autismo_F840,S3270,1
2021-2024,autismo_F840,S3281,1
2021-2024,autismo_F840,S3600,1
2021-2024,autismo_F840,S3610,1
2021-2024,autismo_F840,S3661,1
2021-2024,autismo_F840,S3680,1
2021-2024,autismo_F840,S3681,1
2021-2024,autismo_F840,S3700,1
2021-2024,autismo_F840,S3701,1
2021-2024,autismo_F840,S3710,1
2021-2024,autismo_F840,S3721,1
2021-2024,autismo_F840,S399,1
2021-2024,autismo_F840,S410,1
2021-2024,autismo_F840,D380,1
2021-2024,autismo_F840,S4241,1
2021-2024,autismo_F840,S4270,1
2021-2024,autismo_F840,S4290,1
2021-2024,autismo_F840,S430,1
2021-2024,autismo_F840,S499,1
2021-2024,autismo_F840,S500,1
2021-2024,autismo_F840,S509,1
2021-2024,autismo_F840,D329,1
2021-2024,autismo_F840,D316,1
2021-2024,autismo_F840,D293,1
2021-2024,autismo_F840,D287,1
2021-2024,autismo_F840,S5231,1
2021-2024,autismo_F840,D239,1
2021-2024,autismo_F840,D126,1
2021-2024,autismo_F840,S8221,1
2021-2024,autismo_F840,T310,1
2021-2024,autismo_F840,T143,1
2021-2024,autismo_F840,T150,1
2021-2024,autismo_F840,T171,1
2021-2024,autismo_F840,C859,1
2021-2024,autismo_F840,C857,1
2021-2024,autismo_F840,T180,1
2021-2024,autismo_F840,C837,1
2021-2024,autismo_F840,C819,1
2021-2024,autismo_F840,C780,1
2021-2024,autismo_F840,C751,1
2021-2024,autismo_F840,C729,1
2021-2024,autismo_F840,C723,1
2021-2024,autismo_F840,C720,1
2021-2024,autismo_F840,T213,1
2021-2024,autismo_F840,T220,1
2021-2024,autismo_F840,T221,1
2021-2024,autismo_F840,C696,1
2021-2024,autismo_F840,T230,1
2021-2024,autismo_F840,C692,1
2021-2024,autismo_F840,T241,1
2021-2024,autismo_F840,C541,1
2021-2024,autismo_F840,T253,1
2021-2024,autismo_F840,T269,1
2021-2024,autismo_F840,T270,1
2021-2024,autismo_F840,T273,1
2021-2024,autismo_F840,T276,1
2021-2024,autismo_F840,T285,1
2021-2024,autismo_F840,C499,1
2021-2024,autismo_F840,T148,1
2021-2024,autismo_F840,C921,1
2021-2024,autismo_F840,D106,1
2021-2024,autismo_F840,T131,1
2021-2024,autismo_F840,S8251,1
2021-2024,autismo_F840,S8260,1
2021-2024,autismo_F840,D105,1
2021-2024,autismo_F840,S8281,1
2021-2024,autismo_F840,S8291,1
2021-2024,autismo_F840,S831,1
2021-2024,autismo_F840,S834,1
2021-2024,autismo_F840,S851,1
2021-2024,autismo_F840,S853,1
2021-2024,autismo_F840,S860,1
2021-2024,autismo_F840,S900,1
2021-2024,autismo_F840,S910,1
2021-2024,autismo_F840,S913,1
2021-2024,autismo_F840,S9220,1
2021-2024,autismo_F840,C957,1
2021-2024,autismo_F840,S9240,1
2021-2024,autismo_F840,C950,1
2021-2024,autismo_F840,S9251,1
2021-2024,autismo_F840,S933,1
2021-2024,autismo_F840,S934,1
2021-2024,autismo_F840,S997,1
2021-2024,autismo_F840,S998,1
2021-2024,autismo_F840,T009,1
2021-2024,autismo_F840,T016,1
2021-2024,autismo_F840,T018,1
2021-2024,autismo_F840,T019,1
2021-2024,autismo_F840,T111,1
2021-2024,autismo_F840,E611,1
2021-2024,autismo_F840,P368,1
2021-2024,autismo_F840,E662,1
2021-2024,autismo_F840,K649,1
2021-2024,autismo_F840,K573,1
2021-2024,autismo_F840,K580,1
2021-2024,autismo_F840,K598,1
2021-2024,autismo_F840,K605,1
2021-2024,autismo_F840,G253,1
2021-2024,autismo_F840,K612,1
2021-2024,autismo_F840,G243,1
2021-2024,autismo_F840,K626,1
2021-2024,autismo_F840,K633,1
2021-2024,autismo_F840,K635,1
2021-2024,autismo_F840,K638,1
2021-2024,autismo_F840,K642,1
2021-2024,autismo_F840,K643,1
2021-2024,autismo_F840,K660,1
2021-2024,autismo_F840,K852,1
2021-2024,autismo_F840,K661,1
2021-2024,autismo_F840,K668,1
2021-2024,autismo_F840,K712,1
2021-2024,autismo_F840,K721,1
2021-2024,autismo_F840,G128,1
2021-2024,autismo_F840,G118,1
2021-2024,autismo_F840,G113,1
2021-2024,autismo_F840,G051,1
2021-2024,autismo_F840,G042,1
2021-2024,autismo_F840,G002,1
2021-2024,autismo_F840,K824,1
2021-2024,autismo_F840,K830,1
2021-2024,autismo_F840,K838,1
2021-2024,autismo_F840,K572,1
2021-2024,autismo_F840,G360,1
2021-2024,autismo_F840,G378,1
2021-2024,autismo_F840,G379,1
2021-2024,autismo_F840,G712,1
2021-2024,autismo_F840,K295,1
2021-2024,autismo_F840,G709,1
2021-2024,autismo_F840,K30,1
2021-2024,autismo_F840,K311,1
2021-2024,autismo_F840,K314,1
2021-2024,autismo_F840,K316,1
2021-2024,autismo_F840,K318,1
2021-2024,autismo_F840,G702,1
2021-2024,autismo_F840,G628,1
2021-2024,autismo_F840,G619,1
2021-2024,autismo_F840,G561,1
2021-2024,autismo_F840,G530,1
2021-2024,autismo_F840,G521,1
2021-2024,autismo_F840,G472,1
2021-2024,autismo_F840,K419,1
2021-2024,autismo_F840,G459,1
2021-2024,autismo_F840,G453,1
2021-2024,autismo_F840,K440,1
2021-2024,autismo_F840,K508,1
2021-2024,autismo_F840,K509,1
2021-2024,autismo_F840,G438,1
2021-2024,autismo_F840,K521,1
2021-2024,autismo_F840,K523,1
2021-2024,autismo_F840,G412,1
2021-2024,autismo_F840,K551,1
2021-2024,autismo_F840,K560,1
2021-2024,autismo_F840,F981,1
2021-2024,autismo_F840,K853,1
2021-2024,autismo_F840,K269,1
2021-2024,autismo_F840,F718,1
2021-2024,autismo_F840,L989,1
2021-2024,autismo_F840,M0092,1
2021-2024,autismo_F840,F720,1
2021-2024,autismo_F840,M0096,1
2021-2024,autismo_F840,M0808,1
2021-2024,autismo_F840,M0809,1
2021-2024,autismo_F840,M0829,1
2021-2024,autismo_F840,M0885,1
2021-2024,autismo_F840,M0896,1
2021-2024,autismo_F840,M0899,1
2021-2024,autismo_F840,M1395,1
2021-2024,autismo_F840,M169,1
2021-2024,autismo_F840,M204,1
2021-2024,autismo_F840,M2107,1
2021-2024,autismo_F840,K858,1
2021-2024,autismo_F840,M2117,1
2021-2024,autismo_F840,F710,1
2021-2024,autismo_F840,M2154,1
2021-2024,autismo_F840,M2167,1
2021-2024,autismo_F840,M2176,1
2021-2024,autismo_F840,F701,1
2021-2024,autismo_F840,M2196,1
2021-2024,autismo_F840,F69,1
2021-2024,autismo_F840,M2319,1
2021-2024,autismo_F840,M2322,1
2021-2024,autismo_F840,M2350,1
2021-2024,autismo_F840,M2361,1
2021-2024,autismo_F840,M2441,1
2021-2024,autismo_F840,L984,1
2021-2024,autismo_F840,L980,1
2021-2024,autismo_F840,L931,1
2021-2024,autismo_F840,L893,1
2021-2024,autismo_F840,K863,1
2021-2024,autismo_F840,K904,1
2021-2024,autismo_F840,K908,1
2021-2024,autismo_F840,K909,1
2021-2024,autismo_F840,K911,1
2021-2024,autismo_F840,F958,1
2021-2024,autismo_F840,F949,1
2021-2024,autismo_F840,K929,1
2021-2024,autismo_F840,F930,1
2021-2024,autismo_F840,L028,1
2021-2024,autismo_F840,L029,1
2021-2024,autismo_F840,F912,1
2021-2024,autismo_F840,F842,1
2021-2024,autismo_F840,L208,1
2021-2024,autismo_F840,F798,1
2021-2024,autismo_F840,L211,1
2021-2024,autismo_F840,L255,1
2021-2024,autismo_F840,L301,1
2021-2024,autismo_F840,L42,1
2021-2024,autismo_F840,F789,1
2021-2024,autismo_F840,A021,1
2021-2024,autismo_F840,L519,1
2021-2024,autismo_F840,L52,1
2021-2024,autismo_F840,L539,1
2021-2024,autismo_F840,F788,1
2021-2024,autismo_F840,L721,1
2021-2024,autismo_F840,L732,1
2021-2024,autismo_F840,K275,1
2021-2024,autismo_F840,K264,1
2021-2024,autismo_F840,Q643,1
2021-2024,autismo_F840,J152,1
2021-2024,autismo_F840,J060,1
2021-2024,autismo_F840,I313,1
2021-2024,autismo_F840,I272,1
2021-2024,autismo_F840,I251,1
2021-2024,autismo_F840,I209,1
2021-2024,autismo_F840,I158,1
2021-2024,autismo_F840,J118,1
2021-2024,autismo_F840,I151,1
2021-2024,autismo_F840,I129,1
2021-2024,autismo_F840,I080,1
2021-2024,autismo_F840,I050,1
2021-2024,autismo_F840,I029,1
2021-2024,autismo_F840,H950,1
2021-2024,autismo_F840,H908,1
2021-2024,autismo_F840,J324,1
2021-2024,autismo_F840,H902,1
2021-2024,autismo_F840,H811,1
2021-2024,autismo_F840,J168,1
2021-2024,autismo_F840,H728,1
2021-2024,autismo_F840,H702,1
2021-2024,autismo_F840,H701,1
2021-2024,autismo_F840,H609,1
2021-2024,autismo_F840,J218,1
2021-2024,autismo_F840,H608,1
2021-2024,autismo_F840,H600,1
2021-2024,autismo_F840,J304,1
2021-2024,autismo_F840,J310,1
2021-2024,autismo_F840,J320,1
2021-2024,autismo_F840,I351,1
2021-2024,autismo_F840,J038,1
2021-2024,autismo_F840,I352,1
2021-2024,autismo_F840,J028,1
2021-2024,autismo_F840,I459,1
2021-2024,autismo_F840,I456,1
2021-2024,autismo_F840,I494,1
2021-2024,autismo_F840,I495,1
2021-2024,autismo_F840,I498,1
2021-2024,autismo_F840,I443,1
2021-2024,autismo_F840,I514,1
2021-2024,autismo_F840,I611,1
2021-2024,autismo_F840,I612,1
2021-2024,autismo_F840,I619,1
2021-2024,autismo_F840,I634,1
2021-2024,autismo_F840,I422,1
2021-2024,autismo_F840,I668,1
2021-2024,autismo_F840,I670,1
2021-2024,autismo_F840,I675,1
2021-2024,autismo_F840,I676,1
2021-2024,autismo_F840,I7010,1
2021-2024,autismo_F840,I714,1
2021-2024,autismo_F840,I742,1
2021-2024,autismo_F840,I743,1
2021-2024,autismo_F840,I832,1
2021-2024,autismo_F840,I878,1
2021-2024,autismo_F840,I881,1
2021-2024,autismo_F840,I408,1
2021-2024,autismo_F840,J010,1
2021-2024,autismo_F840,J012,1
2021-2024,autismo_F840,J019,1
2021-2024,autismo_F840,J322,1
2021-2024,autismo_F840,J339,1
2021-2024,autismo_F840,K259,1
2021-2024,autismo_F840,K082,1
2021-2024,autismo_F840,G961,1
2021-2024,autismo_F840,G948,1
2021-2024,autismo_F840,G942,1
2021-2024,autismo_F840,G939,1
2021-2024,autismo_F840,G936,1
2021-2024,autismo_F840,K048,1
2021-2024,autismo_F840,G931,1
2021-2024,autismo_F840,K061,1
2021-2024,autismo_F840,K070,1
2021-2024,autismo_F840,K072,1
2021-2024,autismo_F840,K075,1
2021-2024,autismo_F840,K076,1
2021-2024,autismo_F840,G839,1
2021-2024,autismo_F840,K108,1
2021-2024,autismo_F840,J341,1
2021-2024,autismo_F840,K113,1
2021-2024,autismo_F840,K114,1
2021-2024,autismo_F840,K115,1
2021-2024,autismo_F840,K116,1
2021-2024,autismo_F840,K117,1
2021-2024,autismo_F840,K120,1
2021-2024,autismo_F840,G820,1
2021-2024,autismo_F840,K134,1
2021-2024,autismo_F840,G811,1
2021-2024,autismo_F840,K210,1
2021-2024,autismo_F840,G808,1
2021-2024,autismo_F840,K228,1
2021-2024,autismo_F840,K253,1
2021-2024,autismo_F840,G972,1
2021-2024,autismo_F840,H024,1
2021-2024,autismo_F840,H028,1
2021-2024,autismo_F840,H043,1
2021-2024,autismo_F840,J348,1
2021-2024,autismo_F840,H499,1
2021-2024,autismo_F840,H490,1
2021-2024,autismo_F840,H471,1
2021-2024,autismo_F840,J358,1
2021-2024,autismo_F840,J359,1
2021-2024,autismo_F840,H470,1
2021-2024,autismo_F840,J380,1
2021-2024,autismo_F840,J381,1
2021-2024,autismo_F840,J387,1
2021-2024,autismo_F840,J392,1
2021-2024,autismo_F840,H431,1
2021-2024,autismo_F840,H405,1
2021-2024,autismo_F840,J451,1
2021-2024,autismo_F840,J458,1
2021-2024,autismo_F840,H334,1
2021-2024,autismo_F840,H333,1
2021-2024,autismo_F840,J698,1
2021-2024,autismo_F840,H268,1
2021-2024,autismo_F840,H262,1
2021-2024,autismo_F840,J930,1
2021-2024,autismo_F840,H168,1
2021-2024,autismo_F840,H160,1
2021-2024,autismo_F840,H158,1
2021-2024,autismo_F840,H131,1
2021-2024,autismo_F840,H103,1
2021-2024,autismo_F840,H045,1
2021-2024,autismo_F840,M2445,1
2021-2024,autismo_F840,M2446,1
2021-2024,autismo_F840,M2448,1
2021-2024,autismo_F840,F141,1
2021-2024,autismo_F840,P070,1
2021-2024,autismo_F840,F199,1
2021-2024,autismo_F840,P210,1
2021-2024,autismo_F840,P219,1
2021-2024,autismo_F840,P229,1
2021-2024,autismo_F840,F190,1
2021-2024,autismo_F840,F143,1
2021-2024,autismo_F840,P293,1
2021-2024,autismo_F840,P360,1
2021-2024,autismo_F840,I470,1
2021-2024,autismo_F840,F142,1
2021-2024,autismo_F840,P38,1
2021-2024,autismo_F840,P520,1
2021-2024,autismo_F840,F129,1
2021-2024,autismo_F840,F100,1
2021-2024,autismo_F840,P700,1
2021-2024,autismo_F840,P701,1
2021-2024,autismo_F840,F125,1
2021-2024,autismo_F840,P728,1
2021-2024,autismo_F840,P77,1
2021-2024,autismo_F840,P942,1
2021-2024,autismo_F840,Q031,1
2021-2024,autismo_F840,F122,1
2021-2024,autismo_F840,Q040,1
2021-2024,autismo_F840,Q046,1
2021-2024,autismo_F840,F105,1
2021-2024,autismo_F840,Q057,1
2021-2024,autismo_F840,Q059,1
2021-2024,autismo_F840,P051,1
2021-2024,autismo_F840,P050,1
2021-2024,autismo_F840,P008,1
2021-2024,autismo_F840,F201,1
2021-2024,autismo_F840,N948,1
2021-2024,autismo_F840,N991,1
2021-2024,autismo_F840,N995,1
2021-2024,autismo_F840,O001,1
2021-2024,autismo_F840,F308,1
2021-2024,autismo_F840,O064,1
2021-2024,autismo_F840,O13,1
2021-2024,autismo_F840,O230,1
2021-2024,autismo_F840,O233,1
2021-2024,autismo_F840,O240,1
2021-2024,autismo_F840,O241,1
2021-2024,autismo_F840,O266,1
2021-2024,autismo_F840,O363,1
2021-2024,autismo_F840,O368,1
2021-2024,autismo_F840,F251,1
2021-2024,autismo_F840,O470,1
2021-2024,autismo_F840,O664,1
2021-2024,autismo_F840,O680,1
2021-2024,autismo_F840,O688,1
2021-2024,autismo_F840,O689,1
2021-2024,autismo_F840,O698,1
2021-2024,autismo_F840,O701,1
2021-2024,autismo_F840,O709,1
2021-2024,autismo_F840,O758,1
2021-2024,autismo_F840,F228,1
2021-2024,autismo_F840,O821,1
2021-2024,autismo_F840,O991,1
2021-2024,autismo_F840,Q069,1
2021-2024,autismo_F840,Q123,1
2021-2024,autismo_F840,M2508,1
2021-2024,autismo_F840,Q525,1
2021-2024,autismo_F840,Q383,1
2021-2024,autismo_F840,Q385,1
2021-2024,autismo_F840,Q386,1
2021-2024,autismo_F840,Q388,1
2021-2024,autismo_F840,Q390,1
2021-2024,autismo_F840,Q400,1
2021-2024,autismo_F840,Q410,1
2021-2024,autismo_F840,Q420,1
2021-2024,autismo_F840,Q430,1
2021-2024,autismo_F840,E850,1
2021-2024,autismo_F840,Q437,1
2021-2024,autismo_F840,Q442,1
2021-2024,autismo_F840,Q447,1
2021-2024,autismo_F840,Q529,1
2021-2024,autismo_F840,F065,1
2021-2024,autismo_F840,E841,1
2021-2024,autismo_F840,E761,1
2021-2024,autismo_F840,E760,1
2021-2024,autismo_F840,E740,1
2021-2024,autismo_F840,E711,1
2021-2024,autismo_F840,E669,1
2021-2024,autismo_F840,Q550,1
2021-2024,autismo_F840,Q552,1
2021-2024,autismo_F840,Q554,1
2021-2024,autismo_F840,E668,1
2021-2024,autismo_F840,Q603,1
2021-2024,autismo_F840,Q622,1
2021-2024,autismo_F840,Q625,1
2021-2024,autismo_F840,Q382,1
2021-2024,autismo_F840,Q378,1
2021-2024,autismo_F840,Q373,1
2021-2024,autismo_F840,Q360,1
2021-2024,autismo_F840,Q188,1
2021-2024,autismo_F840,Q200,1
2021-2024,autismo_F840,Q204,1
2021-2024,autismo_F840,F050,1
2021-2024,autismo_F840,Q220,1
2021-2024,autismo_F840,Q222,1
2021-2024,autismo_F840,Q224,1
2021-2024,autismo_F840,Q230,1
2021-2024,autismo_F840,Q231,1
2021-2024,autismo_F840,Q233,1
2021-2024,autismo_F840,Q251,1
2021-2024,autismo_F840,Q253,1
2021-2024,autismo_F840,Q255,1
2021-2024,autismo_F840,Q263,1
2021-2024,autismo_F840,Q268,1
2021-2024,autismo_F840,Q270,1
2021-2024,autismo_F840,Q273,1
2021-2024,autismo_F840,Q278,1
2021-2024,autismo_F840,Q279,1
2021-2024,autismo_F840,Q280,1
2021-2024,autismo_F840,Q283,1
2021-2024,autismo_F840,Q288,1
2021-2024,autismo_F840,Q318,1
2021-2024,autismo_F840,Q330,1
2021-2024,autismo_F840,Q338,1
2021-2024,autismo_F840,Q341,1
2021-2024,autismo_F840,E880,1
2021-2024,autismo_F840,N940,1
2021-2024,autismo_F840,N922,1
2021-2024,autismo_F840,N921,1
2021-2024,autismo_F840,M7960,1
2021-2024,autismo_F840,F605,1
2021-2024,autismo_F840,M6246,1
2021-2024,autismo_F840,M6255,1
2021-2024,autismo_F840,M6288,1
2021-2024,autismo_F840,M6596,1
2021-2024,autismo_F840,M6597,1
2021-2024,autismo_F840,M6654,1
2021-2024,autismo_F840,M674,1
2021-2024,autismo_F840,M7046,1
2021-2024,autismo_F840,M7075,1
2021-2024,autismo_F840,M7134,1
2021-2024,autismo_F840,M7137,1
2021-2024,autismo_F840,M7605,1
2021-2024,autismo_F840,M8098,1
2021-2024,autismo_F840,N920,1
2021-2024,autismo_F840,M8159,1
2021-2024,autismo_F840,M8403,1
2021-2024,autismo_F840,M8416,1
2021-2024,autismo_F840,M8423,1
2021-2024,autismo_F840,M8443,1
2021-2024,autismo_F840,M8445,1
2021-2024,autismo_F840,M8502,1
2021-2024,autismo_F840,M8506,1
2021-2024,autismo_F840,M8508,1
2021-2024,autismo_F840,M8542,1
2021-2024,autismo_F840,M8555,1
2021-2024,autismo_F840,M8562,1
2021-2024,autismo_F840,M8566,1
2021-2024,autismo_F840,M6097,1
2021-2024,autismo_F840,M6089,1
2021-2024,autismo_F840,M6028,1
2021-2024,autismo_F840,M5459,1
2021-2024,autismo_F840,M2555,1
2021-2024,autismo_F840,M2556,1
2021-2024,autismo_F840,F688,1
2021-2024,autismo_F840,M332,1
2021-2024,autismo_F840,M358,1
2021-2024,autismo_F840,M4015,1
2021-2024,autismo_F840,M4110,1
2021-2024,autismo_F840,F607,1
2021-2024,autismo_F840,M4125,1
2021-2024,autismo_F840,M4129,1
2021-2024,autismo_F840,M4140,1
2021-2024,autismo_F840,M4144,1
2021-2024,autismo_F840,M4155,1
2021-2024,autismo_F840,M4184,1
2021-2024,autismo_F840,M4185,1
2021-2024,autismo_F840,M4307,1
2021-2024,autismo_F840,M4317,1
2021-2024,autismo_F840,M4617,1
2021-2024,autismo_F840,M4624,1
2021-2024,autismo_F840,M4634,1
2021-2024,autismo_F840,M4695,1
2021-2024,autismo_F840,M4699,1
2021-2024,autismo_F840,M4788,1
2021-2024,autismo_F840,M4794,1
2021-2024,autismo_F840,M5338,1
2021-2024,autismo_F840,M5449,1
2021-2024,autismo_F840,M5456,1
2021-2024,autismo_F840,M8588,1
2021-2024,autismo_F840,M8589,1
2021-2024,autismo_F840,M8605,1
2021-2024,autismo_F840,N136,1
2021-2024,autismo_F840,N170,1
2021-2024,autismo_F840,N184,1
2021-2024,autismo_F840,N189,1
2021-2024,autismo_F840,N200,1
2021-2024,autismo_F840,F413,1
2021-2024,autismo_F840,N202,1
2021-2024,autismo_F840,N209,1
2021-2024,autismo_F840,N210,1
2021-2024,autismo_F840,N23,1
2021-2024,autismo_F840,N288,1
2021-2024,autismo_F840,N289,1
2021-2024,autismo_F840,F401,1
2021-2024,autismo_F840,N360,1
2021-2024,autismo_F840,F400,1
2021-2024,autismo_F840,F380,1
2021-2024,autismo_F840,N410,1
2021-2024,autismo_F840,F334,1
2021-2024,autismo_F840,F333,1
2021-2024,autismo_F840,N482,1
2021-2024,autismo_F840,N488,1
2021-2024,autismo_F840,N492,1
2021-2024,autismo_F840,N61,1
2021-2024,autismo_F840,N709,1
2021-2024,autismo_F840,N800,1
2021-2024,autismo_F840,N803,1
2021-2024,autismo_F840,F313,1
2021-2024,autismo_F840,N840,1
2021-2024,autismo_F840,N137,1
2021-2024,autismo_F840,N135,1
2021-2024,autismo_F840,M8606,1
2021-2024,autismo_F840,F451,1
2021-2024,autismo_F840,M8614,1
2021-2024,autismo_F840,M8615,1
2021-2024,autismo_F840,M8616,1
2021-2024,autismo_F840,M8618,1
2021-2024,autismo_F840,M8664,1
2021-2024,autismo_F840,M8665,1
2021-2024,autismo_F840,M8684,1
2021-2024,autismo_F840,M8688,1
2021-2024,autismo_F840,M8691,1
2021-2024,autismo_F840,M8698,1
2021-2024,autismo_F840,M8699,1
2021-2024,autismo_F840,M8987,1
2021-2024,autismo_F840,M8998,1
2021-2024,autismo_F840,M9135,1
2021-2024,autismo_F840,M922,1
2021-2024,autismo_F840,F514,1
2021-2024,autismo_F840,M938,1
2021-2024,autismo_F840,M9971,1
2021-2024,autismo_F840,N001,1
2021-2024,autismo_F840,N008,1
2021-2024,autismo_F840,N029,1
2021-2024,autismo_F840,N039,1
2021-2024,autismo_F840,N040,1
2021-2024,autismo_F840,F513,1
2021-2024,autismo_F840,N058,1
2021-2024,autismo_F840,F505,1
2021-2024,autismo_F840,F458,1
2021-2024,autismo_F840,Z931,1
2021-2024,TEA_operacional,N47,735
2021-2024,TEA_operacional,K358,468
2021-2024,TEA_operacional,F840,449
2021-2024,TEA_operacional,J353,378
2021-2024,TEA_operacional,G409,342
2021-2024,TEA_operacional,J46,295
2021-2024,TEA_operacional,F322,227
2021-2024,TEA_operacional,K353,183
2021-2024,TEA_operacional,K029,183
2021-2024,TEA_operacional,A080,148
2021-2024,TEA_operacional,J121,145
2021-2024,TEA_operacional,Q531,141
2021-2024,TEA_operacional,R568,137
2021-2024,TEA_operacional,J129,135
2021-2024,TEA_operacional,K352,130
2021-2024,TEA_operacional,F329,128
2021-2024,TEA_operacional,A099,127
2021-2024,TEA_operacional,T432,126
2021-2024,TEA_operacional,J128,125
2021-2024,TEA_operacional,J209,125
2021-2024,TEA_operacional,Q532,113
2021-2024,TEA_operacional,A090,107
2021-2024,TEA_operacional,S4240,105
2021-2024,TEA_operacional,E101,101
2021-2024,TEA_operacional,J159,101
2021-2024,TEA_operacional,J351,96
2021-2024,TEA_operacional,U071,95
2021-2024,TEA_operacional,J189,94
2021-2024,TEA_operacional,T435,94
2021-2024,TEA_operacional,T424,87
2021-2024,TEA_operacional,T391,87
2021-2024,TEA_operacional,G403,84
2021-2024,TEA_operacional,F323,82
2021-2024,TEA_operacional,K590,81
2021-2024,TEA_operacional,F29,81
2021-2024,TEA_operacional,Z518,79
2021-2024,TEA_operacional,K802,78
2021-2024,TEA_operacional,F603,78
2021-2024,TEA_operacional,F412,77
2021-2024,TEA_operacional,J206,76
2021-2024,TEA_operacional,K028,72
2021-2024,TEA_operacional,G408,67
2021-2024,TEA_operacional,R458,67
2021-2024,TEA_operacional,J352,64
2021-2024,TEA_operacional,H509,63
2021-2024,TEA_operacional,N10,63
2021-2024,TEA_operacional,Z138,63
2021-2024,TEA_operacional,K564,59
2021-2024,TEA_operacional,F239,58
2021-2024,TEA_operacional,R560,58
2021-2024,TEA_operacional,N44,58
2021-2024,TEA_operacional,F849,57
2021-2024,TEA_operacional,F841,55
2021-2024,TEA_operacional,F432,54
2021-2024,TEA_operacional,J123,54
2021-2024,TEA_operacional,G401,54
2021-2024,TEA_operacional,N390,53
2021-2024,TEA_operacional,S5250,52
2021-2024,TEA_operacional,F919,51
2021-2024,TEA_operacional,T433,50
2021-2024,TEA_operacional,K409,47
2021-2024,TEA_operacional,F321,47
2021-2024,TEA_operacional,G404,46
2021-2024,TEA_operacional,G473,45
2021-2024,TEA_operacional,Z038,45
2021-2024,TEA_operacional,J157,44
2021-2024,TEA_operacional,K010,43
2021-2024,TEA_operacional,K429,42
2021-2024,TEA_operacional,F431,42
2021-2024,TEA_operacional,J205,41
2021-2024,TEA_operacional,S517,39
2021-2024,TEA_operacional,S0690,39
2021-2024,TEA_operacional,F845,38
2021-2024,TEA_operacional,C910,38
2021-2024,TEA_operacional,S519,38
2021-2024,TEA_operacional,T426,38
2021-2024,TEA_operacional,K021,37
2021-2024,TEA_operacional,J459,37
2021-2024,TEA_operacional,P220,37
2021-2024,TEA_operacional,K800,36
2021-2024,TEA_operacional,L031,35
2021-2024,TEA_operacional,R451,34
2021-2024,TEA_operacional,J350,34
2021-2024,TEA_operacional,K122,34
2021-2024,TEA_operacional,Q381,33
2021-2024,TEA_operacional,H501,33
2021-2024,TEA_operacional,Z133,32
2021-2024,TEA_operacional,Q668,32
2021-2024,TEA_operacional,R11,31
2021-2024,TEA_operacional,S8280,31
2021-2024,TEA_operacional,L032,31
2021-2024,TEA_operacional,F913,31
2021-2024,TEA_operacional,J690,30
2021-2024,TEA_operacional,F609,30
2021-2024,TEA_operacional,R509,30
2021-2024,TEA_operacional,J100,28
2021-2024,TEA_operacional,G419,28
2021-2024,TEA_operacional,A084,28
2021-2024,TEA_operacional,T850,28
2021-2024,TEA_operacional,J9609,28
2021-2024,TEA_operacional,F500,28
2021-2024,TEA_operacional,L600,28
2021-2024,TEA_operacional,F319,28
2021-2024,TEA_operacional,J208,27
2021-2024,TEA_operacional,Q539,27
2021-2024,TEA_operacional,F419,26
2021-2024,TEA_operacional,M4115,26
2021-2024,TEA_operacional,F209,26
2021-2024,TEA_operacional,T393,25
2021-2024,TEA_operacional,J00,25
2021-2024,TEA_operacional,F918,25
2021-2024,TEA_operacional,T181,25
2021-2024,TEA_operacional,S5240,24
2021-2024,TEA_operacional,T509,24
2021-2024,TEA_operacional,J101,24
2021-2024,TEA_operacional,J069,24
2021-2024,TEA_operacional,F200,23
2021-2024,TEA_operacional,J040,23
2021-2024,TEA_operacional,K566,23
2021-2024,TEA_operacional,J120,23
2021-2024,TEA_operacional,T71,23
2021-2024,TEA_operacional,S8220,22
2021-2024,TEA_operacional,T202,22
2021-2024,TEA_operacional,F982,22
2021-2024,TEA_operacional,A020,22
2021-2024,TEA_operacional,L059,22
2021-2024,TEA_operacional,T212,21
2021-2024,TEA_operacional,J188,21
2021-2024,TEA_operacional,J158,21
2021-2024,TEA_operacional,K047,21
2021-2024,TEA_operacional,G410,20
2021-2024,TEA_operacional,S5260,20
2021-2024,TEA_operacional,T430,20
2021-2024,TEA_operacional,M2157,20
2021-2024,TEA_operacional,J9600,20
2021-2024,TEA_operacional,G418,20
2021-2024,TEA_operacional,A86,20
2021-2024,TEA_operacional,S8230,19
2021-2024,TEA_operacional,F39,19
2021-2024,TEA_operacional,K922,19
2021-2024,TEA_operacional,J122,19
2021-2024,TEA_operacional,H919,19
2021-2024,TEA_operacional,Z134,18
2021-2024,TEA_operacional,S4230,18
2021-2024,TEA_operacional,K001,18
2021-2024,TEA_operacional,S0210,18
2021-2024,TEA_operacional,F848,18
2021-2024,TEA_operacional,N433,18
2021-2024,TEA_operacional,D693,18
2021-2024,TEA_operacional,I880,18
2021-2024,TEA_operacional,H669,18
2021-2024,TEA_operacional,N179,18
2021-2024,TEA_operacional,F608,17
2021-2024,TEA_operacional,P599,17
2021-2024,TEA_operacional,J210,17
2021-2024,TEA_operacional,K529,17
2021-2024,TEA_operacional,S6260,17
2021-2024,TEA_operacional,J342,17
2021-2024,TEA_operacional,S6261,17
2021-2024,TEA_operacional,I471,16
2021-2024,TEA_operacional,J13,16
2021-2024,TEA_operacional,F28,16
2021-2024,TEA_operacional,Q665,16
2021-2024,TEA_operacional,H050,16
2021-2024,TEA_operacional,O993,16
2021-2024,TEA_operacional,M4145,15
2021-2024,TEA_operacional,S018,15
2021-2024,TEA_operacional,R55,15
2021-2024,TEA_operacional,K810,15
2021-2024,TEA_operacional,D70,15
2021-2024,TEA_operacional,S5290,15
2021-2024,TEA_operacional,J181,15
2021-2024,TEA_operacional,S5200,15
2021-2024,TEA_operacional,F202,15
2021-2024,TEA_operacional,J36,15
2021-2024,TEA_operacional,E46,14
2021-2024,TEA_operacional,E111,14
2021-2024,TEA_operacional,S5280,14
2021-2024,TEA_operacional,S015,13
2021-2024,TEA_operacional,S7230,13
2021-2024,TEA_operacional,N62,13
2021-2024,TEA_operacional,R104,13
2021-2024,TEA_operacional,G402,13
2021-2024,TEA_operacional,E106,13
2021-2024,TEA_operacional,F639,13
2021-2024,TEA_operacional,F09,13
2021-2024,TEA_operacional,G048,13
2021-2024,TEA_operacional,K37,13
2021-2024,TEA_operacional,L050,13
2021-2024,TEA_operacional,F411,13
2021-2024,TEA_operacional,Z470,13
2021-2024,TEA_operacional,K859,13
2021-2024,TEA_operacional,E162,13
2021-2024,TEA_operacional,E109,13
2021-2024,TEA_operacional,Q211,12
2021-2024,TEA_operacional,E86,12
2021-2024,TEA_operacional,J050,12
2021-2024,TEA_operacional,F208,12
2021-2024,TEA_operacional,M930,12
2021-2024,TEA_operacional,F312,12
2021-2024,TEA_operacional,F328,12
2021-2024,TEA_operacional,K851,12
2021-2024,TEA_operacional,K801,12
2021-2024,TEA_operacional,K562,12
2021-2024,TEA_operacional,K519,12
2021-2024,TEA_operacional,K402,12
2021-2024,TEA_operacional,F900,12
2021-2024,TEA_operacional,T242,12
2021-2024,TEA_operacional,J219,12
2021-2024,TEA_operacional,K650,12
2021-2024,TEA_operacional,J039,12
2021-2024,TEA_operacional,Z137,12
2021-2024,TEA_operacional,T751,12
2021-2024,TEA_operacional,D480,12
2021-2024,TEA_operacional,P073,11
2021-2024,TEA_operacional,S0220,11
2021-2024,TEA_operacional,Q541,11
2021-2024,TEA_operacional,L720,11
2021-2024,TEA_operacional,T543,11
2021-2024,TEA_operacional,K011,11
2021-2024,TEA_operacional,H500,11
2021-2024,TEA_operacional,T427,11
2021-2024,TEA_operacional,E43,11
2021-2024,TEA_operacional,K561,11
2021-2024,TEA_operacional,L040,11
2021-2024,TEA_operacional,K219,11
2021-2024,TEA_operacional,M9115,11
2021-2024,TEA_operacional,Z033,11
2021-2024,TEA_operacional,S7200,11
2021-2024,TEA_operacional,R13,11
2021-2024,TEA_operacional,S5230,11
2021-2024,TEA_operacional,S009,10
2021-2024,TEA_operacional,F508,10
2021-2024,TEA_operacional,S411,10
2021-2024,TEA_operacional,S619,10
2021-2024,TEA_operacional,R270,10
2021-2024,TEA_operacional,Q549,10
2021-2024,TEA_operacional,B002,10
2021-2024,TEA_operacional,S0200,10
2021-2024,TEA_operacional,M2147,10
2021-2024,TEA_operacional,R51,10
2021-2024,TEA_operacional,T252,10
2021-2024,TEA_operacional,F429,10
2021-2024,TEA_operacional,Z018,10
2021-2024,TEA_operacional,F233,10
2021-2024,TEA_operacional,D487,10
2021-2024,TEA_operacional,K528,10
2021-2024,TEA_operacional,S0620,10
2021-2024,TEA_operacional,J22,10
2021-2024,TEA_operacional,Q740,10
2021-2024,TEA_operacional,S7290,10
2021-2024,TEA_operacional,S0640,10
2021-2024,TEA_operacional,H506,10
2021-2024,TEA_operacional,T450,10
2021-2024,TEA_operacional,E872,9
2021-2024,TEA_operacional,N835,9
2021-2024,TEA_operacional,F070,9
2021-2024,TEA_operacional,F410,9
2021-2024,TEA_operacional,S5270,9
2021-2024,TEA_operacional,T182,9
2021-2024,TEA_operacional,T141,9
2021-2024,TEA_operacional,K565,9
2021-2024,TEA_operacional,A082,9
2021-2024,TEA_operacional,K36,9
2021-2024,TEA_operacional,S8210,9
2021-2024,TEA_operacional,N049,9
2021-2024,TEA_operacional,A083,9
2021-2024,TEA_operacional,H700,8
2021-2024,TEA_operacional,D593,8
2021-2024,TEA_operacional,J111,8
2021-2024,TEA_operacional,N185,8
2021-2024,TEA_operacional,J14,8
2021-2024,TEA_operacional,H652,8
2021-2024,TEA_operacional,T810,8
2021-2024,TEA_operacional,F449,8
2021-2024,TEA_operacional,D694,8
2021-2024,TEA_operacional,D430,8
2021-2024,TEA_operacional,Q172,8
2021-2024,TEA_operacional,T742,8
2021-2024,TEA_operacional,G710,8
2021-2024,TEA_operacional,L024,8
2021-2024,TEA_operacional,F238,8
2021-2024,TEA_operacional,B270,8
2021-2024,TEA_operacional,S518,8
2021-2024,TEA_operacional,N459,8
2021-2024,TEA_operacional,H905,8
2021-2024,TEA_operacional,K720,8
2021-2024,TEA_operacional,T292,8
2021-2024,TEA_operacional,P704,8
2021-2024,TEA_operacional,Z540,8
2021-2024,TEA_operacional,S4200,8
2021-2024,TEA_operacional,R590,8
2021-2024,TEA_operacional,D27,8
2021-2024,TEA_operacional,E161,8
2021-2024,TEA_operacional,Q540,8
2021-2024,TEA_operacional,N508,8
2021-2024,TEA_operacional,N432,8
2021-2024,TEA_operacional,S618,8
2021-2024,TEA_operacional,S010,8
2021-2024,TEA_operacional,A047,7
2021-2024,TEA_operacional,F711,7
2021-2024,TEA_operacional,D232,7
2021-2024,TEA_operacional,G919,7
2021-2024,TEA_operacional,G610,7
2021-2024,TEA_operacional,T16,7
2021-2024,TEA_operacional,F314,7
2021-2024,TEA_operacional,S711,7
2021-2024,TEA_operacional,S013,7
2021-2024,TEA_operacional,Q379,7
2021-2024,TEA_operacional,S9250,7
2021-2024,TEA_operacional,S9230,7
2021-2024,TEA_operacional,C629,7
2021-2024,TEA_operacional,T222,7
2021-2024,TEA_operacional,T232,7
2021-2024,TEA_operacional,Z511,7
2021-2024,TEA_operacional,H653,7
2021-2024,TEA_operacional,F430,7
2021-2024,TEA_operacional,G049,7
2021-2024,TEA_operacional,S7240,7
2021-2024,TEA_operacional,F952,7
2021-2024,TEA_operacional,J068,7
2021-2024,TEA_operacional,D649,7
2021-2024,TEA_operacional,T436,7
2021-2024,TEA_operacional,K920,7
2021-2024,TEA_operacional,F069,7
2021-2024,TEA_operacional,T633,7
2021-2024,TEA_operacional,Z302,7
2021-2024,TEA_operacional,L020,7
2021-2024,TEA_operacional,K808,7
2021-2024,TEA_operacional,B340,7
2021-2024,TEA_operacional,K805,7
2021-2024,TEA_operacional,S0680,7
2021-2024,TEA_operacional,G119,6
2021-2024,TEA_operacional,M303,6
2021-2024,TEA_operacional,H660,6
2021-2024,TEA_operacional,K040,6
2021-2024,TEA_operacional,P071,6
2021-2024,TEA_operacional,DESCONOCIDO,6
2021-2024,TEA_operacional,K610,6
2021-2024,TEA_operacional,F439,6
2021-2024,TEA_operacional,J029,6
2021-2024,TEA_operacional,A419,6
2021-2024,TEA_operacional,E116,6
2021-2024,TEA_operacional,K388,6
2021-2024,TEA_operacional,Q359,6
2021-2024,TEA_operacional,T465,6
2021-2024,TEA_operacional,F640,6
2021-2024,TEA_operacional,J40,6
2021-2024,TEA_operacional,P551,6
2021-2024,TEA_operacional,S6251,6
2021-2024,TEA_operacional,F83,6
2021-2024,TEA_operacional,I638,6
2021-2024,TEA_operacional,T634,6
2021-2024,TEA_operacional,F638,6
2021-2024,TEA_operacional,K052,6
2021-2024,TEA_operacional,T510,6
2021-2024,TEA_operacional,P221,6
2021-2024,TEA_operacional,D234,6
2021-2024,TEA_operacional,P590,6
2021-2024,TEA_operacional,P598,6
2021-2024,TEA_operacional,M2106,6
2021-2024,TEA_operacional,T183,6
2021-2024,TEA_operacional,S099,6
2021-2024,TEA_operacional,T438,6
2021-2024,TEA_operacional,D690,6
2021-2024,TEA_operacional,F192,6
2021-2024,TEA_operacional,O700,6
2021-2024,TEA_operacional,Q070,6
2021-2024,TEA_operacional,N048,6
2021-2024,TEA_operacional,D619,6
2021-2024,TEA_operacional,C716,6
2021-2024,TEA_operacional,A499,6
2021-2024,TEA_operacional,D162,6
2021-2024,TEA_operacional,T140,6
2021-2024,TEA_operacional,G934,6
2021-2024,TEA_operacional,G932,6
2021-2024,TEA_operacional,Q760,6
2021-2024,TEA_operacional,G930,6
2021-2024,TEA_operacional,B348,6
2021-2024,TEA_operacional,Q120,6
2021-2024,TEA_operacional,O420,6
2021-2024,TEA_operacional,K403,6
2021-2024,TEA_operacional,Q676,6
2021-2024,TEA_operacional,Q892,6
2021-2024,TEA_operacional,T568,6
2021-2024,TEA_operacional,J869,6
2021-2024,TEA_operacional,H508,6
2021-2024,TEA_operacional,T233,6
2021-2024,TEA_operacional,Q181,5
2021-2024,TEA_operacional,Z514,5
2021-2024,TEA_operacional,R508,5
2021-2024,TEA_operacional,T211,5
2021-2024,TEA_operacional,N500,5
2021-2024,TEA_operacional,F809,5
2021-2024,TEA_operacional,T604,5
2021-2024,TEA_operacional,G479,5
2021-2024,TEA_operacional,T511,5
2021-2024,TEA_operacional,T814,5
2021-2024,TEA_operacional,A38,5
2021-2024,TEA_operacional,F988,5
2021-2024,TEA_operacional,Q909,5
2021-2024,TEA_operacional,N201,5
2021-2024,TEA_operacional,H664,5
2021-2024,TEA_operacional,Q213,5
2021-2024,TEA_operacional,Q556,5
2021-2024,TEA_operacional,Q210,5
2021-2024,TEA_operacional,K297,5
2021-2024,TEA_operacional,B018,5
2021-2024,TEA_operacional,R418,5
2021-2024,TEA_operacional,Q851,5
2021-2024,TEA_operacional,H71,5
2021-2024,TEA_operacional,K623,5
2021-2024,TEA_operacional,Z291,5
2021-2024,TEA_operacional,K625,5
2021-2024,TEA_operacional,R31,5
2021-2024,TEA_operacional,C959,5
2021-2024,TEA_operacional,Q039,5
2021-2024,TEA_operacional,F388,5
2021-2024,TEA_operacional,F459,5
2021-2024,TEA_operacional,P051,5
2021-2024,TEA_operacional,J343,5
2021-2024,TEA_operacional,S011,5
2021-2024,TEA_operacional,S014,5
2021-2024,TEA_operacional,A418,5
2021-2024,TEA_operacional,S0600,5
2021-2024,TEA_operacional,D508,5
2021-2024,TEA_operacional,A483,5
2021-2024,TEA_operacional,B279,5
2021-2024,TEA_operacional,F316,5
2021-2024,TEA_operacional,J09,5
2021-2024,TEA_operacional,F418,5
2021-2024,TEA_operacional,L030,5
2021-2024,TEA_operacional,J108,5
2021-2024,TEA_operacional,J849,5
2021-2024,TEA_operacional,T383,5
2021-2024,TEA_operacional,C73,5
2021-2024,TEA_operacional,T421,5
2021-2024,TEA_operacional,C719,5
2021-2024,TEA_operacional,S0650,5
2021-2024,TEA_operacional,S0280,5
2021-2024,TEA_operacional,L509,5
2021-2024,TEA_operacional,O244,5
2021-2024,TEA_operacional,Z048,5
2021-2024,TEA_operacional,D401,5
2021-2024,TEA_operacional,Q355,5
2021-2024,TEA_operacional,J448,5
2021-2024,TEA_operacional,M220,5
2021-2024,TEA_operacional,I639,5
2021-2024,TEA_operacional,T405,5
2021-2024,TEA_operacional,K073,5
2021-2024,TEA_operacional,I500,5
2021-2024,TEA_operacional,B09,5
2021-2024,TEA_operacional,F232,5
2021-2024,TEA_operacional,K804,5
2021-2024,TEA_operacional,S610,5
2021-2024,TEA_operacional,D479,5
2021-2024,TEA_operacional,S681,5
2021-2024,TEA_operacional,F602,5
2021-2024,TEA_operacional,F195,5
2021-2024,TEA_operacional,L023,5
2021-2024,TEA_operacional,J390,4
2021-2024,TEA_operacional,S311,4
2021-2024,TEA_operacional,J850,4
2021-2024,TEA_operacional,K439,4
2021-2024,TEA_operacional,L022,4
2021-2024,TEA_operacional,Q870,4
2021-2024,TEA_operacional,Z653,4
2021-2024,TEA_operacional,K510,4
2021-2024,TEA_operacional,J851,4
2021-2024,TEA_operacional,G938,4
2021-2024,TEA_operacional,G809,4
2021-2024,TEA_operacional,Z031,4
2021-2024,TEA_operacional,Q753,4
2021-2024,TEA_operacional,Q750,4
2021-2024,TEA_operacional,H000,4
2021-2024,TEA_operacional,G918,4
2021-2024,TEA_operacional,L010,4
2021-2024,TEA_operacional,Z478,4
2021-2024,TEA_operacional,Z011,4
2021-2024,TEA_operacional,T149,4
2021-2024,TEA_operacional,K469,4
2021-2024,TEA_operacional,Z450,4
2021-2024,TEA_operacional,Z430,4
2021-2024,TEA_operacional,H502,4
2021-2024,TEA_operacional,S617,4
2021-2024,TEA_operacional,I889,4
2021-2024,TEA_operacional,M201,4
2021-2024,TEA_operacional,Z431,4
2021-2024,TEA_operacional,S817,4
2021-2024,TEA_operacional,I330,4
2021-2024,TEA_operacional,I802,4
2021-2024,TEA_operacional,I442,4
2021-2024,TEA_operacional,K260,4
2021-2024,TEA_operacional,S4220,4
2021-2024,TEA_operacional,K079,4
2021-2024,TEA_operacional,Z452,4
2021-2024,TEA_operacional,K222,4
2021-2024,TEA_operacional,S119,4
2021-2024,TEA_operacional,S7220,4
2021-2024,TEA_operacional,S8240,4
2021-2024,TEA_operacional,D069,4
2021-2024,TEA_operacional,L209,4
2021-2024,TEA_operacional,Z098,4
2021-2024,TEA_operacional,L282,4
2021-2024,TEA_operacional,H532,4
2021-2024,TEA_operacional,M670,4
2021-2024,TEA_operacional,J90,4
2021-2024,TEA_operacional,J982,4
2021-2024,TEA_operacional,R040,4
2021-2024,TEA_operacional,M6099,4
2021-2024,TEA_operacional,S3280,4
2021-2024,TEA_operacional,R068,4
2021-2024,TEA_operacional,K006,4
2021-2024,TEA_operacional,K621,4
2021-2024,TEA_operacional,R100,4
2021-2024,TEA_operacional,H903,4
2021-2024,TEA_operacional,K291,4
2021-2024,TEA_operacional,K20,4
2021-2024,TEA_operacional,K518,4
2021-2024,TEA_operacional,A049,4
2021-2024,TEA_operacional,T434,4
2021-2024,TEA_operacional,G405,4
2021-2024,TEA_operacional,Q250,4
2021-2024,TEA_operacional,D352,4
2021-2024,TEA_operacional,F929,4
2021-2024,TEA_operacional,N132,4
2021-2024,TEA_operacional,D367,4
2021-2024,TEA_operacional,P284,4
2021-2024,TEA_operacional,P271,4
2021-2024,TEA_operacional,P239,4
2021-2024,TEA_operacional,F799,4
2021-2024,TEA_operacional,O820,4
2021-2024,TEA_operacional,F317,4
2021-2024,TEA_operacional,E840,4
2021-2024,TEA_operacional,N480,4
2021-2024,TEA_operacional,Q542,4
2021-2024,TEA_operacional,F341,4
2021-2024,TEA_operacional,G400,4
2021-2024,TEA_operacional,F318,4
2021-2024,TEA_operacional,P209,4
2021-2024,TEA_operacional,E871,4
2021-2024,TEA_operacional,E876,4
2021-2024,TEA_operacional,D233,4
2021-2024,TEA_operacional,T461,4
2021-2024,TEA_operacional,D391,4
2021-2024,TEA_operacional,G35,4
2021-2024,TEA_operacional,N178,4
2021-2024,TEA_operacional,F89,4
2021-2024,TEA_operacional,G258,4
2021-2024,TEA_operacional,T780,4
2021-2024,TEA_operacional,Q315,4
2021-2024,TEA_operacional,F911,4
2021-2024,TEA_operacional,N319,4
2021-2024,TEA_operacional,F959,4
2021-2024,TEA_operacional,T58,4
2021-2024,TEA_operacional,F302,4
2021-2024,TEA_operacional,F220,4
2021-2024,TEA_operacional,Q548,4
2021-2024,TEA_operacional,T407,4
2021-2024,TEA_operacional,P942,4
2021-2024,TEA_operacional,T390,4
2021-2024,TEA_operacional,F448,4
2021-2024,TEA_operacional,T213,4
2021-2024,TEA_operacional,E108,4
2021-2024,TEA_operacional,D580,4
2021-2024,TEA_operacional,E115,4
2021-2024,TEA_operacional,T520,4
2021-2024,TEA_operacional,F445,4
2021-2024,TEA_operacional,Q203,4
2021-2024,TEA_operacional,F941,4
2021-2024,TEA_operacional,Q369,4
2021-2024,TEA_operacional,T185,4
2021-2024,TEA_operacional,A044,4
2021-2024,TEA_operacional,Q175,4
2021-2024,TEA_operacional,N059,4
2021-2024,TEA_operacional,Q660,4
2021-2024,TEA_operacional,T189,4
2021-2024,TEA_operacional,A031,4
2021-2024,TEA_operacional,L033,3
2021-2024,TEA_operacional,F311,3
2021-2024,TEA_operacional,Z035,3
2021-2024,TEA_operacional,Z016,3
2021-2024,TEA_operacional,F309,3
2021-2024,TEA_operacional,C402,3
2021-2024,TEA_operacional,L088,3
2021-2024,TEA_operacional,S058,3
2021-2024,TEA_operacional,F315,3
2021-2024,TEA_operacional,C56,3
2021-2024,TEA_operacional,S5220,3
2021-2024,TEA_operacional,G700,3
2021-2024,TEA_operacional,J204,3
2021-2024,TEA_operacional,L500,3
2021-2024,TEA_operacional,N832,3
2021-2024,TEA_operacional,F606,3
2021-2024,TEA_operacional,N871,3
2021-2024,TEA_operacional,I861,3
2021-2024,TEA_operacional,N939,3
2021-2024,TEA_operacional,F509,3
2021-2024,TEA_operacional,Q431,3
2021-2024,TEA_operacional,F501,3
2021-2024,TEA_operacional,O021,3
2021-2024,TEA_operacional,J030,3
2021-2024,TEA_operacional,O034,3
2021-2024,TEA_operacional,Z480,3
2021-2024,TEA_operacional,Q391,3
2021-2024,TEA_operacional,O049,3
2021-2024,TEA_operacional,L910,3
2021-2024,TEA_operacional,T885,3
2021-2024,TEA_operacional,L905,3
2021-2024,TEA_operacional,S0230,3
2021-2024,TEA_operacional,S0250,3
2021-2024,TEA_operacional,Z458,3
2021-2024,TEA_operacional,J154,3
2021-2024,TEA_operacional,A46,3
2021-2024,TEA_operacional,L511,3
2021-2024,TEA_operacional,D376,3
2021-2024,TEA_operacional,J180,3
2021-2024,TEA_operacional,S0260,3
2021-2024,TEA_operacional,Q311,3
2021-2024,TEA_operacional,F259,3
2021-2024,TEA_operacional,E301,3
2021-2024,TEA_operacional,K075,3
2021-2024,TEA_operacional,T490,3
2021-2024,TEA_operacional,K090,3
2021-2024,TEA_operacional,K092,3
2021-2024,TEA_operacional,K803,3
2021-2024,TEA_operacional,P369,3
2021-2024,TEA_operacional,Z432,3
2021-2024,TEA_operacional,K760,3
2021-2024,TEA_operacional,K754,3
2021-2024,TEA_operacional,D509,3
2021-2024,TEA_operacional,K130,3
2021-2024,TEA_operacional,K137,3
2021-2024,TEA_operacional,P398,3
2021-2024,TEA_operacional,E230,3
2021-2024,TEA_operacional,B679,3
2021-2024,TEA_operacional,K250,3
2021-2024,TEA_operacional,K631,3
2021-2024,TEA_operacional,K602,3
2021-2024,TEA_operacional,K593,3
2021-2024,TEA_operacional,K317,3
2021-2024,TEA_operacional,B085,3
2021-2024,TEA_operacional,B084,3
2021-2024,TEA_operacional,Q02,3
2021-2024,TEA_operacional,E042,3
2021-2024,TEA_operacional,Q048,3
2021-2024,TEA_operacional,Q204,3
2021-2024,TEA_operacional,S310,3
2021-2024,TEA_operacional,K550,3
2021-2024,TEA_operacional,S098,3
2021-2024,TEA_operacional,K055,3
2021-2024,TEA_operacional,A870,3
2021-2024,TEA_operacional,B199,3
2021-2024,TEA_operacional,D444,3
2021-2024,TEA_operacional,F231,3
2021-2024,TEA_operacional,F21,3
2021-2024,TEA_operacional,L021,3
2021-2024,TEA_operacional,O680,3
2021-2024,TEA_operacional,J450,3
2021-2024,TEA_operacional,B349,3
2021-2024,TEA_operacional,F142,3
2021-2024,TEA_operacional,D259,3
2021-2024,TEA_operacional,A600,3
2021-2024,TEA_operacional,O800,3
2021-2024,TEA_operacional,J852,3
2021-2024,TEA_operacional,F122,3
2021-2024,TEA_operacional,O990,3
2021-2024,TEA_operacional,K918,3
2021-2024,TEA_operacional,A040,3
2021-2024,TEA_operacional,O996,3
2021-2024,TEA_operacional,J958,3
2021-2024,TEA_operacional,J9690,3
2021-2024,TEA_operacional,J9699,3
2021-2024,TEA_operacional,S0660,3
2021-2024,TEA_operacional,D66,3
2021-2024,TEA_operacional,J988,3
2021-2024,TEA_operacional,T462,3
2021-2024,TEA_operacional,T464,3
2021-2024,TEA_operacional,K044,3
2021-2024,TEA_operacional,K850,3
2021-2024,TEA_operacional,M2116,3
2021-2024,TEA_operacional,M0095,3
2021-2024,TEA_operacional,S810,3
2021-2024,TEA_operacional,N12,3
2021-2024,TEA_operacional,H186,3
2021-2024,TEA_operacional,R21,3
2021-2024,TEA_operacional,R258,3
2021-2024,TEA_operacional,F932,3
2021-2024,TEA_operacional,T360,3
2021-2024,TEA_operacional,S8250,3
2021-2024,TEA_operacional,F920,3
2021-2024,TEA_operacional,D171,3
2021-2024,TEA_operacional,N481,3
2021-2024,TEA_operacional,T068,3
2021-2024,TEA_operacional,H918,3
2021-2024,TEA_operacional,T120,3
2021-2024,TEA_operacional,N110,3
2021-2024,TEA_operacional,Q642,3
2021-2024,TEA_operacional,I400,3
2021-2024,TEA_operacional,M330,3
2021-2024,TEA_operacional,G411,3
2021-2024,TEA_operacional,Q644,3
2021-2024,TEA_operacional,D235,3
2021-2024,TEA_operacional,Q699,3
2021-2024,TEA_operacional,Q790,3
2021-2024,TEA_operacional,R103,3
2021-2024,TEA_operacional,F791,3
2021-2024,TEA_operacional,H650,3
2021-2024,TEA_operacional,S9200,3
2021-2024,TEA_operacional,H503,3
2021-2024,TEA_operacional,G255,3
2021-2024,TEA_operacional,N170,3
2021-2024,TEA_operacional,G249,3
2021-2024,TEA_operacional,G248,3
2021-2024,TEA_operacional,M673,3
2021-2024,TEA_operacional,G210,3
2021-2024,TEA_operacional,M6595,3
2021-2024,TEA_operacional,N200,3
2021-2024,TEA_operacional,Q850,3
2021-2024,TEA_operacional,H330,3
2021-2024,TEA_operacional,H659,3
2021-2024,TEA_operacional,G111,3
2021-2024,TEA_operacional,H663,3
2021-2024,TEA_operacional,G060,3
2021-2024,TEA_operacional,G039,3
2021-2024,TEA_operacional,H270,3
2021-2024,TEA_operacional,H269,3
2021-2024,TEA_operacional,N40,3
2021-2024,TEA_operacional,F82,3
2021-2024,TEA_operacional,G259,3
2021-2024,TEA_operacional,Q658,3
2021-2024,TEA_operacional,Q667,3
2021-2024,TEA_operacional,T848,3
2021-2024,TEA_operacional,G439,3
2021-2024,TEA_operacional,G931,3
2021-2024,TEA_operacional,Q675,3
2021-2024,TEA_operacional,T175,3
2021-2024,TEA_operacional,Q651,3
2021-2024,TEA_operacional,T203,3
2021-2024,TEA_operacional,D160,3
2021-2024,TEA_operacional,T173,3
2021-2024,TEA_operacional,F69,3
2021-2024,TEA_operacional,N764,3
2021-2024,TEA_operacional,C924,3
2021-2024,TEA_operacional,F719,3
2021-2024,TEA_operacional,A045,3
2021-2024,TEA_operacional,F729,3
2021-2024,TEA_operacional,N701,3
2021-2024,TEA_operacional,I472,3
2021-2024,TEA_operacional,Q690,3
2021-2024,TEA_operacional,M2186,3
2021-2024,TEA_operacional,Q038,2
2021-2024,TEA_operacional,S097,2
2021-2024,TEA_operacional,K828,2
2021-2024,TEA_operacional,K831,2
2021-2024,TEA_operacional,K572,2
2021-2024,TEA_operacional,M7966,2
2021-2024,TEA_operacional,Q059,2
2021-2024,TEA_operacional,Q040,2
2021-2024,TEA_operacional,Q234,2
2021-2024,TEA_operacional,Q068,2
2021-2024,TEA_operacional,Q100,2
2021-2024,TEA_operacional,M7938,2
2021-2024,TEA_operacional,S2720,2
2021-2024,TEA_operacional,M939,2
2021-2024,TEA_operacional,Q150,2
2021-2024,TEA_operacional,A630,2
2021-2024,TEA_operacional,A162,2
2021-2024,TEA_operacional,K858,2
2021-2024,TEA_operacional,N133,2
2021-2024,TEA_operacional,Q627,2
2021-2024,TEA_operacional,M7955,2
2021-2024,TEA_operacional,P210,2
2021-2024,TEA_operacional,A039,2
2021-2024,TEA_operacional,A858,2
2021-2024,TEA_operacional,M7957,2
2021-2024,TEA_operacional,A879,2
2021-2024,TEA_operacional,M8696,2
2021-2024,TEA_operacional,P228,2
2021-2024,TEA_operacional,Q793,2
2021-2024,TEA_operacional,K769,2
2021-2024,TEA_operacional,P77,2
2021-2024,TEA_operacional,Q741,2
2021-2024,TEA_operacional,M7916,2
2021-2024,TEA_operacional,Z762,2
2021-2024,TEA_operacional,P391,2
2021-2024,TEA_operacional,P711,2
2021-2024,TEA_operacional,P393,2
2021-2024,TEA_operacional,Q704,2
2021-2024,TEA_operacional,P399,2
2021-2024,TEA_operacional,S199,2
2021-2024,TEA_operacional,K658,2
2021-2024,TEA_operacional,K642,2
2021-2024,TEA_operacional,K638,2
2021-2024,TEA_operacional,Q647,2
2021-2024,TEA_operacional,Q742,2
2021-2024,TEA_operacional,N028,2
2021-2024,TEA_operacional,P923,2
2021-2024,TEA_operacional,Q763,2
2021-2024,TEA_operacional,M8697,2
2021-2024,TEA_operacional,S198,2
2021-2024,TEA_operacional,Q691,2
2021-2024,TEA_operacional,S2200,2
2021-2024,TEA_operacional,Q692,2
2021-2024,TEA_operacional,M8446,2
2021-2024,TEA_operacional,Q255,2
2021-2024,TEA_operacional,Q251,2
2021-2024,TEA_operacional,K592,2
2021-2024,TEA_operacional,M8506,2
2021-2024,TEA_operacional,M8686,2
2021-2024,TEA_operacional,M8508,2
2021-2024,TEA_operacional,Q254,2
2021-2024,TEA_operacional,N009,2
2021-2024,TEA_operacional,Z488,2
2021-2024,TEA_operacional,K921,2
2021-2024,TEA_operacional,Q878,2
2021-2024,TEA_operacional,M0098,2
2021-2024,TEA_operacional,R572,2
2021-2024,TEA_operacional,Q411,2
2021-2024,TEA_operacional,O031,2
2021-2024,TEA_operacional,L988,2
2021-2024,TEA_operacional,A403,2
2021-2024,TEA_operacional,N739,2
2021-2024,TEA_operacional,M2555,2
2021-2024,TEA_operacional,A400,2
2021-2024,TEA_operacional,L928,2
2021-2024,TEA_operacional,O13,2
2021-2024,TEA_operacional,L923,2
2021-2024,TEA_operacional,M310,2
2021-2024,TEA_operacional,O141,2
2021-2024,TEA_operacional,Z915,2
2021-2024,TEA_operacional,L603,2
2021-2024,TEA_operacional,M328,2
2021-2024,TEA_operacional,M329,2
2021-2024,TEA_operacional,O241,2
2021-2024,TEA_operacional,L519,2
2021-2024,TEA_operacional,M0096,2
2021-2024,TEA_operacional,M0099,2
2021-2024,TEA_operacional,R456,2
2021-2024,TEA_operacional,M0640,2
2021-2024,TEA_operacional,M2196,2
2021-2024,TEA_operacional,Q505,2
2021-2024,TEA_operacional,M2109,2
2021-2024,TEA_operacional,N830,2
2021-2024,TEA_operacional,N906,2
2021-2024,TEA_operacional,S008,2
2021-2024,TEA_operacional,N921,2
2021-2024,TEA_operacional,M205,2
2021-2024,TEA_operacional,N800,2
2021-2024,TEA_operacional,Q438,2
2021-2024,TEA_operacional,M221,2
2021-2024,TEA_operacional,M0899,2
2021-2024,TEA_operacional,S012,2
2021-2024,TEA_operacional,O001,2
2021-2024,TEA_operacional,M2316,2
2021-2024,TEA_operacional,M2319,2
2021-2024,TEA_operacional,R620,2
2021-2024,TEA_operacional,N751,2
2021-2024,TEA_operacional,S019,2
2021-2024,TEA_operacional,M332,2
2021-2024,TEA_operacional,O266,2
2021-2024,TEA_operacional,P050,2
2021-2024,TEA_operacional,R101,2
2021-2024,TEA_operacional,M6000,2
2021-2024,TEA_operacional,M6009,2
2021-2024,TEA_operacional,O600,2
2021-2024,TEA_operacional,M6028,2
2021-2024,TEA_operacional,O610,2
2021-2024,TEA_operacional,Q552,2
2021-2024,TEA_operacional,N202,2
2021-2024,TEA_operacional,O688,2
2021-2024,TEA_operacional,M6514,2
2021-2024,TEA_operacional,M2176,2
2021-2024,TEA_operacional,Q621,2
2021-2024,TEA_operacional,Q283,2
2021-2024,TEA_operacional,M6598,2
2021-2024,TEA_operacional,Q935,2
2021-2024,TEA_operacional,O992,2
2021-2024,TEA_operacional,S0630,2
2021-2024,TEA_operacional,S0651,2
2021-2024,TEA_operacional,P008,2
2021-2024,TEA_operacional,M7116,2
2021-2024,TEA_operacional,L028,2
2021-2024,TEA_operacional,O471,2
2021-2024,TEA_operacional,S0290,2
2021-2024,TEA_operacional,O429,2
2021-2024,TEA_operacional,A281,2
2021-2024,TEA_operacional,S050,2
2021-2024,TEA_operacional,N483,2
2021-2024,TEA_operacional,S051,2
2021-2024,TEA_operacional,O335,2
2021-2024,TEA_operacional,R42,2
2021-2024,TEA_operacional,Q543,2
2021-2024,TEA_operacional,L208,2
2021-2024,TEA_operacional,Q374,2
2021-2024,TEA_operacional,O343,2
2021-2024,TEA_operacional,R402,2
2021-2024,TEA_operacional,A048,2
2021-2024,TEA_operacional,M4194,2
2021-2024,TEA_operacional,O366,2
2021-2024,TEA_operacional,M4195,2
2021-2024,TEA_operacional,L041,2
2021-2024,TEA_operacional,R268,2
2021-2024,TEA_operacional,L038,2
2021-2024,TEA_operacional,R17,2
2021-2024,TEA_operacional,Q751,2
2021-2024,TEA_operacional,J984,2
2021-2024,TEA_operacional,Q201,2
2021-2024,TEA_operacional,J150,2
2021-2024,TEA_operacional,S6280,2
2021-2024,TEA_operacional,F228,2
2021-2024,TEA_operacional,D432,2
2021-2024,TEA_operacional,F308,2
2021-2024,TEA_operacional,I609,2
2021-2024,TEA_operacional,T749,2
2021-2024,TEA_operacional,F313,2
2021-2024,TEA_operacional,S661,2
2021-2024,TEA_operacional,F320,2
2021-2024,TEA_operacional,I499,2
2021-2024,TEA_operacional,D410,2
2021-2024,TEA_operacional,D383,2
2021-2024,TEA_operacional,C925,2
2021-2024,TEA_operacional,C950,2
2021-2024,TEA_operacional,I456,2
2021-2024,TEA_operacional,I420,2
2021-2024,TEA_operacional,I409,2
2021-2024,TEA_operacional,T428,2
2021-2024,TEA_operacional,F332,2
2021-2024,TEA_operacional,F339,2
2021-2024,TEA_operacional,F349,2
2021-2024,TEA_operacional,I340,2
2021-2024,TEA_operacional,F380,2
2021-2024,TEA_operacional,S819,2
2021-2024,TEA_operacional,S8200,2
2021-2024,TEA_operacional,T845,2
2021-2024,TEA_operacional,D374,2
2021-2024,TEA_operacional,I615,2
2021-2024,TEA_operacional,I620,2
2021-2024,TEA_operacional,D481,2
2021-2024,TEA_operacional,J019,2
2021-2024,TEA_operacional,F068,2
2021-2024,TEA_operacional,T886,2
2021-2024,TEA_operacional,C729,2
2021-2024,TEA_operacional,J110,2
2021-2024,TEA_operacional,T447,2
2021-2024,TEA_operacional,J060,2
2021-2024,TEA_operacional,J042,2
2021-2024,TEA_operacional,F130,2
2021-2024,TEA_operacional,T856,2
2021-2024,TEA_operacional,T439,2
2021-2024,TEA_operacional,J028,2
2021-2024,TEA_operacional,F145,2
2021-2024,TEA_operacional,J018,2
2021-2024,TEA_operacional,F201,2
2021-2024,TEA_operacional,J014,2
2021-2024,TEA_operacional,F191,2
2021-2024,TEA_operacional,C911,2
2021-2024,TEA_operacional,C920,2
2021-2024,TEA_operacional,F198,2
2021-2024,TEA_operacional,I850,2
2021-2024,TEA_operacional,T658,2
2021-2024,TEA_operacional,I828,2
2021-2024,TEA_operacional,S611,2
2021-2024,TEA_operacional,G406,2
2021-2024,TEA_operacional,I671,2
2021-2024,TEA_operacional,S6230,2
2021-2024,TEA_operacional,I219,2
2021-2024,TEA_operacional,I200,2
2021-2024,TEA_operacional,S8260,2
2021-2024,TEA_operacional,T179,2
2021-2024,TEA_operacional,D225,2
2021-2024,TEA_operacional,F938,2
2021-2024,TEA_operacional,F939,2
2021-2024,TEA_operacional,T310,2
2021-2024,TEA_operacional,T293,2
2021-2024,TEA_operacional,T812,2
2021-2024,TEA_operacional,G002,2
2021-2024,TEA_operacional,G909,2
2021-2024,TEA_operacional,G838,2
2021-2024,TEA_operacional,G824,2
2021-2024,TEA_operacional,G821,2
2021-2024,TEA_operacional,G819,2
2021-2024,TEA_operacional,G801,2
2021-2024,TEA_operacional,F901,2
2021-2024,TEA_operacional,G729,2
2021-2024,TEA_operacional,T251,2
2021-2024,TEA_operacional,G240,2
2021-2024,TEA_operacional,G478,2
2021-2024,TEA_operacional,T825,2
2021-2024,TEA_operacional,G448,2
2021-2024,TEA_operacional,G432,2
2021-2024,TEA_operacional,G431,2
2021-2024,TEA_operacional,D163,2
2021-2024,TEA_operacional,T818,2
2021-2024,TEA_operacional,D170,2
2021-2024,TEA_operacional,D165,2
2021-2024,TEA_operacional,D227,2
2021-2024,TEA_operacional,D236,2
2021-2024,TEA_operacional,I10,2
2021-2024,TEA_operacional,H611,2
2021-2024,TEA_operacional,S8281,2
2021-2024,TEA_operacional,S8290,2
2021-2024,TEA_operacional,F422,2
2021-2024,TEA_operacional,T783,2
2021-2024,TEA_operacional,H819,2
2021-2024,TEA_operacional,T796,2
2021-2024,TEA_operacional,H811,2
2021-2024,TEA_operacional,T402,2
2021-2024,TEA_operacional,T842,2
2021-2024,TEA_operacional,F601,2
2021-2024,TEA_operacional,H654,2
2021-2024,TEA_operacional,D290,2
2021-2024,TEA_operacional,H609,2
2021-2024,TEA_operacional,F803,2
2021-2024,TEA_operacional,S860,2
2021-2024,TEA_operacional,T841,2
2021-2024,TEA_operacional,F648,2
2021-2024,TEA_operacional,D110,2
2021-2024,TEA_operacional,S910,2
2021-2024,TEA_operacional,S913,2
2021-2024,TEA_operacional,S9220,2
2021-2024,TEA_operacional,H46,2
2021-2024,TEA_operacional,D24,2
2021-2024,TEA_operacional,F709,2
2021-2024,TEA_operacional,H271,2
2021-2024,TEA_operacional,F721,2
2021-2024,TEA_operacional,T887,2
2021-2024,TEA_operacional,S6220,2
2021-2024,TEA_operacional,C717,2
2021-2024,TEA_operacional,K046,2
2021-2024,TEA_operacional,K113,2
2021-2024,TEA_operacional,K112,2
2021-2024,TEA_operacional,K102,2
2021-2024,TEA_operacional,K088,2
2021-2024,TEA_operacional,K078,2
2021-2024,TEA_operacional,J153,2
2021-2024,TEA_operacional,K071,2
2021-2024,TEA_operacional,E232,2
2021-2024,TEA_operacional,K051,2
2021-2024,TEA_operacional,E274,2
2021-2024,TEA_operacional,K050,2
2021-2024,TEA_operacional,K041,2
2021-2024,TEA_operacional,E662,2
2021-2024,TEA_operacional,T505,2
2021-2024,TEA_operacional,K025,2
2021-2024,TEA_operacional,B278,2
2021-2024,TEA_operacional,S4270,2
2021-2024,TEA_operacional,B341,2
2021-2024,TEA_operacional,J955,2
2021-2024,TEA_operacional,J950,2
2021-2024,TEA_operacional,J931,2
2021-2024,TEA_operacional,E538,2
2021-2024,TEA_operacional,J680,2
2021-2024,TEA_operacional,B350,2
2021-2024,TEA_operacional,D531,2
2021-2024,TEA_operacional,S399,2
2021-2024,TEA_operacional,E149,2
2021-2024,TEA_operacional,Z135,2
2021-2024,TEA_operacional,K509,2
2021-2024,TEA_operacional,K500,2
2021-2024,TEA_operacional,B019,2
2021-2024,TEA_operacional,B021,2
2021-2024,TEA_operacional,K381,2
2021-2024,TEA_operacional,D648,2
2021-2024,TEA_operacional,D695,2
2021-2024,TEA_operacional,S312,2
2021-2024,TEA_operacional,S314,2
2021-2024,TEA_operacional,D696,2
2021-2024,TEA_operacional,S3200,2
2021-2024,TEA_operacional,D728,2
2021-2024,TEA_operacional,D734,2
2021-2024,TEA_operacional,D761,2
2021-2024,TEA_operacional,K296,2
2021-2024,TEA_operacional,S3270,2
2021-2024,TEA_operacional,D821,2
2021-2024,TEA_operacional,K259,2
2021-2024,TEA_operacional,E031,2
2021-2024,TEA_operacional,T542,2
2021-2024,TEA_operacional,T529,2
2021-2024,TEA_operacional,D589,2
2021-2024,TEA_operacional,S3700,2
2021-2024,TEA_operacional,J458,2
2021-2024,TEA_operacional,T821,2
2021-2024,TEA_operacional,J441,2
2021-2024,TEA_operacional,E848,2
2021-2024,TEA_operacional,J340,2
2021-2024,TEA_operacional,S5210,2
2021-2024,TEA_operacional,J330,2
2021-2024,TEA_operacional,J329,2
2021-2024,TEA_operacional,E835,2
2021-2024,TEA_operacional,S5271,2
2021-2024,TEA_operacional,F061,2
2021-2024,TEA_operacional,E870,2
2021-2024,TEA_operacional,C712,2
2021-2024,TEA_operacional,C621,2
2021-2024,TEA_operacional,J211,2
2021-2024,TEA_operacional,F058,2
2021-2024,TEA_operacional,F03,2
2021-2024,TEA_operacional,T958,2
2021-2024,TEA_operacional,E668,2
2021-2024,TEA_operacional,J200,2
2021-2024,TEA_operacional,C710,2
2021-2024,TEA_operacional,J202,2
2021-2024,TEA_operacional,S5281,2
2021-2024,TEA_operacional,E711,2
2021-2024,TEA_operacional,J358,2
2021-2024,TEA_operacional,J380,2
2021-2024,TEA_operacional,T449,1
2021-2024,TEA_operacional,T603,1
2021-2024,TEA_operacional,Z763,1
2021-2024,TEA_operacional,Q278,1
2021-2024,TEA_operacional,T594,1
2021-2024,TEA_operacional,T600,1
2021-2024,TEA_operacional,Q212,1
2021-2024,TEA_operacional,T815,1
2021-2024,TEA_operacional,T811,1
2021-2024,TEA_operacional,Q288,1
2021-2024,TEA_operacional,Q273,1
2021-2024,TEA_operacional,T361,1
2021-2024,TEA_operacional,T609,1
2021-2024,TEA_operacional,T363,1
2021-2024,TEA_operacional,T221,1
2021-2024,TEA_operacional,T368,1
2021-2024,TEA_operacional,T539,1
2021-2024,TEA_operacional,T371,1
2021-2024,TEA_operacional,T380,1
2021-2024,TEA_operacional,Z768,1
2021-2024,TEA_operacional,T381,1
2021-2024,TEA_operacional,Q220,1
2021-2024,TEA_operacional,T389,1
2021-2024,TEA_operacional,T528,1
2021-2024,TEA_operacional,T549,1
2021-2024,TEA_operacional,T286,1
2021-2024,TEA_operacional,T241,1
2021-2024,TEA_operacional,T578,1
2021-2024,TEA_operacional,T253,1
2021-2024,TEA_operacional,Q603,1
2021-2024,TEA_operacional,Q279,1
2021-2024,TEA_operacional,T639,1
2021-2024,TEA_operacional,Q280,1
2021-2024,TEA_operacional,T230,1
2021-2024,TEA_operacional,Q282,1
2021-2024,TEA_operacional,T269,1
2021-2024,TEA_operacional,Q622,1
2021-2024,TEA_operacional,T270,1
2021-2024,TEA_operacional,T446,1
2021-2024,TEA_operacional,T454,1
2021-2024,TEA_operacional,T451,1
2021-2024,TEA_operacional,T571,1
2021-2024,TEA_operacional,T273,1
2021-2024,TEA_operacional,Q558,1
2021-2024,TEA_operacional,Q222,1
2021-2024,TEA_operacional,Q554,1
2021-2024,TEA_operacional,T276,1
2021-2024,TEA_operacional,Q550,1
2021-2024,TEA_operacional,Q625,1
2021-2024,TEA_operacional,T443,1
2021-2024,TEA_operacional,T592,1
2021-2024,TEA_operacional,T285,1
2021-2024,TEA_operacional,T813,1
2021-2024,TEA_operacional,Q231,1
2021-2024,TEA_operacional,Q224,1
2021-2024,TEA_operacional,Q382,1
2021-2024,TEA_operacional,Q390,1
2021-2024,TEA_operacional,Q388,1
2021-2024,TEA_operacional,Q338,1
2021-2024,TEA_operacional,Q386,1
2021-2024,TEA_operacional,Q341,1
2021-2024,TEA_operacional,Q385,1
2021-2024,TEA_operacional,Q248,1
2021-2024,TEA_operacional,T781,1
2021-2024,TEA_operacional,Q353,1
2021-2024,TEA_operacional,Q383,1
2021-2024,TEA_operacional,T469,1
2021-2024,TEA_operacional,T508,1
2021-2024,TEA_operacional,T474,1
2021-2024,TEA_operacional,T670,1
2021-2024,TEA_operacional,Q230,1
2021-2024,TEA_operacional,Q263,1
2021-2024,TEA_operacional,T485,1
2021-2024,TEA_operacional,Q256,1
2021-2024,TEA_operacional,T502,1
2021-2024,TEA_operacional,T486,1
2021-2024,TEA_operacional,T743,1
2021-2024,TEA_operacional,Q378,1
2021-2024,TEA_operacional,T495,1
2021-2024,TEA_operacional,T493,1
2021-2024,TEA_operacional,Q360,1
2021-2024,TEA_operacional,T492,1
2021-2024,TEA_operacional,Q253,1
2021-2024,TEA_operacional,Q373,1
2021-2024,TEA_operacional,T512,1
2021-2024,TEA_operacional,T412,1
2021-2024,TEA_operacional,T782,1
2021-2024,TEA_operacional,Q400,1
2021-2024,TEA_operacional,T392,1
2021-2024,TEA_operacional,T802,1
2021-2024,TEA_operacional,Q529,1
2021-2024,TEA_operacional,T522,1
2021-2024,TEA_operacional,Q232,1
2021-2024,TEA_operacional,Q525,1
2021-2024,TEA_operacional,T797,1
2021-2024,TEA_operacional,T394,1
2021-2024,TEA_operacional,Q270,1
2021-2024,TEA_operacional,T398,1
2021-2024,TEA_operacional,T518,1
2021-2024,TEA_operacional,Q447,1
2021-2024,TEA_operacional,T399,1
2021-2024,TEA_operacional,Q318,1
2021-2024,TEA_operacional,Q233,1
2021-2024,TEA_operacional,Q442,1
2021-2024,TEA_operacional,Q320,1
2021-2024,TEA_operacional,T404,1
2021-2024,TEA_operacional,Q437,1
2021-2024,TEA_operacional,T406,1
2021-2024,TEA_operacional,Q430,1
2021-2024,TEA_operacional,Q420,1
2021-2024,TEA_operacional,Q268,1
2021-2024,TEA_operacional,T409,1
2021-2024,TEA_operacional,Q330,1
2021-2024,TEA_operacional,Z924,1
2021-2024,TEA_operacional,Q410,1
2021-2024,TEA_operacional,T784,1
2021-2024,TEA_operacional,S2721,1
2021-2024,TEA_operacional,T824,1
2021-2024,TEA_operacional,Q643,1
2021-2024,TEA_operacional,T881,1
2021-2024,TEA_operacional,S0231,1
2021-2024,TEA_operacional,S0261,1
2021-2024,TEA_operacional,S0270,1
2021-2024,TEA_operacional,T905,1
2021-2024,TEA_operacional,T952,1
2021-2024,TEA_operacional,S032,1
2021-2024,TEA_operacional,S033,1
2021-2024,TEA_operacional,S045,1
2021-2024,TEA_operacional,U072,1
2021-2024,TEA_operacional,S053,1
2021-2024,TEA_operacional,Z032,1
2021-2024,TEA_operacional,S056,1
2021-2024,TEA_operacional,S5231,1
2021-2024,TEA_operacional,S5201,1
2021-2024,TEA_operacional,Z036,1
2021-2024,TEA_operacional,Z044,1
2021-2024,TEA_operacional,Z046,1
2021-2024,TEA_operacional,S059,1
2021-2024,TEA_operacional,Z090,1
2021-2024,TEA_operacional,Z092,1
2021-2024,TEA_operacional,S5291,1
2021-2024,TEA_operacional,S0221,1
2021-2024,TEA_operacional,T861,1
2021-2024,TEA_operacional,S598,1
2021-2024,TEA_operacional,R91,1
2021-2024,TEA_operacional,S6250,1
2021-2024,TEA_operacional,S6240,1
2021-2024,TEA_operacional,S6231,1
2021-2024,TEA_operacional,S001,1
2021-2024,TEA_operacional,S003,1
2021-2024,TEA_operacional,S005,1
2021-2024,TEA_operacional,S6210,1
2021-2024,TEA_operacional,S607,1
2021-2024,TEA_operacional,S564,1
2021-2024,TEA_operacional,T859,1
2021-2024,TEA_operacional,S562,1
2021-2024,TEA_operacional,S561,1
2021-2024,TEA_operacional,S017,1
2021-2024,TEA_operacional,S551,1
2021-2024,TEA_operacional,Q200,1
2021-2024,TEA_operacional,S530,1
2021-2024,TEA_operacional,T857,1
2021-2024,TEA_operacional,S0201,1
2021-2024,TEA_operacional,T858,1
2021-2024,TEA_operacional,S510,1
2021-2024,TEA_operacional,S509,1
2021-2024,TEA_operacional,S500,1
2021-2024,TEA_operacional,S211,1
2021-2024,TEA_operacional,S3631,1
2021-2024,TEA_operacional,S3610,1
2021-2024,TEA_operacional,S142,1
2021-2024,TEA_operacional,S152,1
2021-2024,TEA_operacional,S3600,1
2021-2024,TEA_operacional,S3281,1
2021-2024,TEA_operacional,S3240,1
2021-2024,TEA_operacional,S202,1
2021-2024,TEA_operacional,S3230,1
2021-2024,TEA_operacional,S3210,1
2021-2024,TEA_operacional,S134,1
2021-2024,TEA_operacional,S217,1
2021-2024,TEA_operacional,S315,1
2021-2024,TEA_operacional,S2210,1
2021-2024,TEA_operacional,Z201,1
2021-2024,TEA_operacional,Z411,1
2021-2024,TEA_operacional,S2240,1
2021-2024,TEA_operacional,S241,1
2021-2024,TEA_operacional,S301,1
2021-2024,TEA_operacional,Z298,1
2021-2024,TEA_operacional,S141,1
2021-2024,TEA_operacional,S3661,1
2021-2024,TEA_operacional,S499,1
2021-2024,TEA_operacional,Z122,1
2021-2024,TEA_operacional,S430,1
2021-2024,TEA_operacional,S4290,1
2021-2024,TEA_operacional,S0621,1
2021-2024,TEA_operacional,S0641,1
2021-2024,TEA_operacional,Z099,1
2021-2024,TEA_operacional,S0681,1
2021-2024,TEA_operacional,S4241,1
2021-2024,TEA_operacional,S0691,1
2021-2024,TEA_operacional,S081,1
2021-2024,TEA_operacional,S4231,1
2021-2024,TEA_operacional,S3680,1
2021-2024,TEA_operacional,S410,1
2021-2024,TEA_operacional,S3721,1
2021-2024,TEA_operacional,S3710,1
2021-2024,TEA_operacional,S3701,1
2021-2024,TEA_operacional,S109,1
2021-2024,TEA_operacional,S117,1
2021-2024,TEA_operacional,S3681,1
2021-2024,TEA_operacional,S1270,1
2021-2024,TEA_operacional,S131,1
2021-2024,TEA_operacional,R631,1
2021-2024,TEA_operacional,R628,1
2021-2024,TEA_operacional,S630,1
2021-2024,TEA_operacional,S997,1
2021-2024,TEA_operacional,T840,1
2021-2024,TEA_operacional,Q754,1
2021-2024,TEA_operacional,Q759,1
2021-2024,TEA_operacional,T018,1
2021-2024,TEA_operacional,Q761,1
2021-2024,TEA_operacional,T016,1
2021-2024,TEA_operacional,T009,1
2021-2024,TEA_operacional,S998,1
2021-2024,TEA_operacional,Q781,1
2021-2024,TEA_operacional,Q784,1
2021-2024,TEA_operacional,T07,1
2021-2024,TEA_operacional,Q786,1
2021-2024,TEA_operacional,S934,1
2021-2024,TEA_operacional,S933,1
2021-2024,TEA_operacional,Q828,1
2021-2024,TEA_operacional,Q833,1
2021-2024,TEA_operacional,S9290,1
2021-2024,TEA_operacional,S9251,1
2021-2024,TEA_operacional,S250,1
2021-2024,TEA_operacional,S9240,1
2021-2024,TEA_operacional,T019,1
2021-2024,TEA_operacional,Q743,1
2021-2024,TEA_operacional,Q874,1
2021-2024,TEA_operacional,T180,1
2021-2024,TEA_operacional,T220,1
2021-2024,TEA_operacional,T216,1
2021-2024,TEA_operacional,Q652,1
2021-2024,TEA_operacional,Q653,1
2021-2024,TEA_operacional,Q654,1
2021-2024,TEA_operacional,T827,1
2021-2024,TEA_operacional,T201,1
2021-2024,TEA_operacional,Z751,1
2021-2024,TEA_operacional,T829,1
2021-2024,TEA_operacional,Q677,1
2021-2024,TEA_operacional,T111,1
2021-2024,TEA_operacional,T174,1
2021-2024,TEA_operacional,T171,1
2021-2024,TEA_operacional,T150,1
2021-2024,TEA_operacional,T148,1
2021-2024,TEA_operacional,Q724,1
2021-2024,TEA_operacional,Q728,1
2021-2024,TEA_operacional,Q729,1
2021-2024,TEA_operacional,T143,1
2021-2024,TEA_operacional,T131,1
2021-2024,TEA_operacional,Q872,1
2021-2024,TEA_operacional,S911,1
2021-2024,TEA_operacional,S641,1
2021-2024,TEA_operacional,S800,1
2021-2024,TEA_operacional,R230,1
2021-2024,TEA_operacional,R250,1
2021-2024,TEA_operacional,R260,1
2021-2024,TEA_operacional,S8251,1
2021-2024,TEA_operacional,R33,1
2021-2024,TEA_operacional,R400,1
2021-2024,TEA_operacional,S8221,1
2021-2024,TEA_operacional,R440,1
2021-2024,TEA_operacional,R443,1
2021-2024,TEA_operacional,S797,1
2021-2024,TEA_operacional,R161,1
2021-2024,TEA_operacional,S7291,1
2021-2024,TEA_operacional,R463,1
2021-2024,TEA_operacional,S7271,1
2021-2024,TEA_operacional,S700,1
2021-2024,TEA_operacional,S678,1
2021-2024,TEA_operacional,S670,1
2021-2024,TEA_operacional,S663,1
2021-2024,TEA_operacional,Z510,1
2021-2024,TEA_operacional,R571,1
2021-2024,TEA_operacional,S8291,1
2021-2024,TEA_operacional,T843,1
2021-2024,TEA_operacional,Q898,1
2021-2024,TEA_operacional,S851,1
2021-2024,TEA_operacional,Q923,1
2021-2024,TEA_operacional,Q930,1
2021-2024,TEA_operacional,S900,1
2021-2024,TEA_operacional,S853,1
2021-2024,TEA_operacional,Q969,1
2021-2024,TEA_operacional,Q992,1
2021-2024,TEA_operacional,Q998,1
2021-2024,TEA_operacional,R000,1
2021-2024,TEA_operacional,R001,1
2021-2024,TEA_operacional,R05,1
2021-2024,TEA_operacional,Z548,1
2021-2024,TEA_operacional,S835,1
2021-2024,TEA_operacional,R072,1
2021-2024,TEA_operacional,S834,1
2021-2024,TEA_operacional,S833,1
2021-2024,TEA_operacional,R074,1
2021-2024,TEA_operacional,R090,1
2021-2024,TEA_operacional,S831,1
2021-2024,TEA_operacional,S830,1
2021-2024,TEA_operacional,Z549,1
2021-2024,TEA_operacional,S9241,1
2021-2024,TEA_operacional,L892,1
2021-2024,TEA_operacional,Q188,1
2021-2024,TEA_operacional,F401,1
2021-2024,TEA_operacional,G811,1
2021-2024,TEA_operacional,G808,1
2021-2024,TEA_operacional,G724,1
2021-2024,TEA_operacional,G712,1
2021-2024,TEA_operacional,G709,1
2021-2024,TEA_operacional,G702,1
2021-2024,TEA_operacional,G628,1
2021-2024,TEA_operacional,G619,1
2021-2024,TEA_operacional,G561,1
2021-2024,TEA_operacional,G530,1
2021-2024,TEA_operacional,G521,1
2021-2024,TEA_operacional,G472,1
2021-2024,TEA_operacional,G459,1
2021-2024,TEA_operacional,G453,1
2021-2024,TEA_operacional,G438,1
2021-2024,TEA_operacional,G412,1
2021-2024,TEA_operacional,G379,1
2021-2024,TEA_operacional,G820,1
2021-2024,TEA_operacional,G839,1
2021-2024,TEA_operacional,G911,1
2021-2024,TEA_operacional,H024,1
2021-2024,TEA_operacional,H160,1
2021-2024,TEA_operacional,H158,1
2021-2024,TEA_operacional,H131,1
2021-2024,TEA_operacional,H103,1
2021-2024,TEA_operacional,H045,1
2021-2024,TEA_operacional,H043,1
2021-2024,TEA_operacional,H028,1
2021-2024,TEA_operacional,H001,1
2021-2024,TEA_operacional,G92,1
2021-2024,TEA_operacional,G972,1
2021-2024,TEA_operacional,G961,1
2021-2024,TEA_operacional,G958,1
2021-2024,TEA_operacional,G948,1
2021-2024,TEA_operacional,G942,1
2021-2024,TEA_operacional,G939,1
2021-2024,TEA_operacional,G936,1
2021-2024,TEA_operacional,G378,1
2021-2024,TEA_operacional,G360,1
2021-2024,TEA_operacional,G309,1
2021-2024,TEA_operacional,F607,1
2021-2024,TEA_operacional,F788,1
2021-2024,TEA_operacional,F720,1
2021-2024,TEA_operacional,F718,1
2021-2024,TEA_operacional,F710,1
2021-2024,TEA_operacional,F701,1
2021-2024,TEA_operacional,F700,1
2021-2024,TEA_operacional,F688,1
2021-2024,TEA_operacional,F605,1
2021-2024,TEA_operacional,F798,1
2021-2024,TEA_operacional,F604,1
2021-2024,TEA_operacional,F514,1
2021-2024,TEA_operacional,F513,1
2021-2024,TEA_operacional,F505,1
2021-2024,TEA_operacional,F503,1
2021-2024,TEA_operacional,F458,1
2021-2024,TEA_operacional,F451,1
2021-2024,TEA_operacional,F789,1
2021-2024,TEA_operacional,F808,1
2021-2024,TEA_operacional,G253,1
2021-2024,TEA_operacional,G051,1
2021-2024,TEA_operacional,G243,1
2021-2024,TEA_operacional,G128,1
2021-2024,TEA_operacional,G122,1
2021-2024,TEA_operacional,G120,1
2021-2024,TEA_operacional,G118,1
2021-2024,TEA_operacional,G113,1
2021-2024,TEA_operacional,G062,1
2021-2024,TEA_operacional,G042,1
2021-2024,TEA_operacional,F842,1
2021-2024,TEA_operacional,G001,1
2021-2024,TEA_operacional,F981,1
2021-2024,TEA_operacional,F958,1
2021-2024,TEA_operacional,F949,1
2021-2024,TEA_operacional,F948,1
2021-2024,TEA_operacional,F930,1
2021-2024,TEA_operacional,F912,1
2021-2024,TEA_operacional,H168,1
2021-2024,TEA_operacional,H208,1
2021-2024,TEA_operacional,H262,1
2021-2024,TEA_operacional,I501,1
2021-2024,TEA_operacional,I633,1
2021-2024,TEA_operacional,I619,1
2021-2024,TEA_operacional,I613,1
2021-2024,TEA_operacional,I612,1
2021-2024,TEA_operacional,I611,1
2021-2024,TEA_operacional,I514,1
2021-2024,TEA_operacional,I509,1
2021-2024,TEA_operacional,I498,1
2021-2024,TEA_operacional,I635,1
2021-2024,TEA_operacional,I495,1
2021-2024,TEA_operacional,I494,1
2021-2024,TEA_operacional,I489,1
2021-2024,TEA_operacional,I479,1
2021-2024,TEA_operacional,I470,1
2021-2024,TEA_operacional,I461,1
2021-2024,TEA_operacional,I459,1
2021-2024,TEA_operacional,I634,1
2021-2024,TEA_operacional,I660,1
2021-2024,TEA_operacional,I422,1
2021-2024,TEA_operacional,I832,1
2021-2024,TEA_operacional,J118,1
2021-2024,TEA_operacional,J041,1
2021-2024,TEA_operacional,J038,1
2021-2024,TEA_operacional,J012,1
2021-2024,TEA_operacional,J010,1
2021-2024,TEA_operacional,I881,1
2021-2024,TEA_operacional,I878,1
2021-2024,TEA_operacional,I743,1
2021-2024,TEA_operacional,I668,1
2021-2024,TEA_operacional,I742,1
2021-2024,TEA_operacional,I714,1
2021-2024,TEA_operacional,I712,1
2021-2024,TEA_operacional,I7010,1
2021-2024,TEA_operacional,I676,1
2021-2024,TEA_operacional,I675,1
2021-2024,TEA_operacional,I670,1
2021-2024,TEA_operacional,I443,1
2021-2024,TEA_operacional,I408,1
2021-2024,TEA_operacional,H268,1
2021-2024,TEA_operacional,H492,1
2021-2024,TEA_operacional,H708,1
2021-2024,TEA_operacional,H702,1
2021-2024,TEA_operacional,H701,1
2021-2024,TEA_operacional,H608,1
2021-2024,TEA_operacional,H602,1
2021-2024,TEA_operacional,H600,1
2021-2024,TEA_operacional,H499,1
2021-2024,TEA_operacional,H490,1
2021-2024,TEA_operacional,H902,1
2021-2024,TEA_operacional,H471,1
2021-2024,TEA_operacional,H470,1
2021-2024,TEA_operacional,H441,1
2021-2024,TEA_operacional,H431,1
2021-2024,TEA_operacional,H405,1
2021-2024,TEA_operacional,H334,1
2021-2024,TEA_operacional,H333,1
2021-2024,TEA_operacional,H728,1
2021-2024,TEA_operacional,H908,1
2021-2024,TEA_operacional,I352,1
2021-2024,TEA_operacional,I251,1
2021-2024,TEA_operacional,I351,1
2021-2024,TEA_operacional,I319,1
2021-2024,TEA_operacional,I313,1
2021-2024,TEA_operacional,I301,1
2021-2024,TEA_operacional,I272,1
2021-2024,TEA_operacional,I270,1
2021-2024,TEA_operacional,I269,1
2021-2024,TEA_operacional,I249,1
2021-2024,TEA_operacional,H950,1
2021-2024,TEA_operacional,I209,1
2021-2024,TEA_operacional,I158,1
2021-2024,TEA_operacional,I151,1
2021-2024,TEA_operacional,I129,1
2021-2024,TEA_operacional,I080,1
2021-2024,TEA_operacional,I050,1
2021-2024,TEA_operacional,I029,1
2021-2024,TEA_operacional,F413,1
2021-2024,TEA_operacional,F400,1
2021-2024,TEA_operacional,J155,1
2021-2024,TEA_operacional,F334,1
2021-2024,TEA_operacional,C720,1
2021-2024,TEA_operacional,C696,1
2021-2024,TEA_operacional,C692,1
2021-2024,TEA_operacional,C541,1
2021-2024,TEA_operacional,C499,1
2021-2024,TEA_operacional,C492,1
2021-2024,TEA_operacional,C491,1
2021-2024,TEA_operacional,C442,1
2021-2024,TEA_operacional,C439,1
2021-2024,TEA_operacional,C433,1
2021-2024,TEA_operacional,C384,1
2021-2024,TEA_operacional,C229,1
2021-2024,TEA_operacional,C224,1
2021-2024,TEA_operacional,C222,1
2021-2024,TEA_operacional,C20,1
2021-2024,TEA_operacional,C169,1
2021-2024,TEA_operacional,B909,1
2021-2024,TEA_operacional,C723,1
2021-2024,TEA_operacional,C751,1
2021-2024,TEA_operacional,C780,1
2021-2024,TEA_operacional,D105,1
2021-2024,TEA_operacional,D167,1
2021-2024,TEA_operacional,D164,1
2021-2024,TEA_operacional,D161,1
2021-2024,TEA_operacional,D134,1
2021-2024,TEA_operacional,D126,1
2021-2024,TEA_operacional,D119,1
2021-2024,TEA_operacional,D106,1
2021-2024,TEA_operacional,D101,1
2021-2024,TEA_operacional,C787,1
2021-2024,TEA_operacional,C957,1
2021-2024,TEA_operacional,C921,1
2021-2024,TEA_operacional,C859,1
2021-2024,TEA_operacional,C857,1
2021-2024,TEA_operacional,C837,1
2021-2024,TEA_operacional,C821,1
2021-2024,TEA_operacional,C819,1
2021-2024,TEA_operacional,B829,1
2021-2024,TEA_operacional,B354,1
2021-2024,TEA_operacional,B351,1
2021-2024,TEA_operacional,A260,1
2021-2024,TEA_operacional,A440,1
2021-2024,TEA_operacional,A415,1
2021-2024,TEA_operacional,A411,1
2021-2024,TEA_operacional,A410,1
2021-2024,TEA_operacional,A392,1
2021-2024,TEA_operacional,A390,1
2021-2024,TEA_operacional,A279,1
2021-2024,TEA_operacional,A239,1
2021-2024,TEA_operacional,A502,1
2021-2024,TEA_operacional,A156,1
2021-2024,TEA_operacional,A152,1
2021-2024,TEA_operacional,A150,1
2021-2024,TEA_operacional,A071,1
2021-2024,TEA_operacional,A046,1
2021-2024,TEA_operacional,A042,1
2021-2024,TEA_operacional,A038,1
2021-2024,TEA_operacional,A498,1
2021-2024,TEA_operacional,A522,1
2021-2024,TEA_operacional,B300,1
2021-2024,TEA_operacional,B027,1
2021-2024,TEA_operacional,B269,1
2021-2024,TEA_operacional,B178,1
2021-2024,TEA_operacional,B169,1
2021-2024,TEA_operacional,B159,1
2021-2024,TEA_operacional,B088,1
2021-2024,TEA_operacional,B082,1
2021-2024,TEA_operacional,B07,1
2021-2024,TEA_operacional,B012,1
2021-2024,TEA_operacional,A880,1
2021-2024,TEA_operacional,B009,1
2021-2024,TEA_operacional,B005,1
2021-2024,TEA_operacional,B004,1
2021-2024,TEA_operacional,B003,1
2021-2024,TEA_operacional,B001,1
2021-2024,TEA_operacional,B000,1
2021-2024,TEA_operacional,A90,1
2021-2024,TEA_operacional,D175,1
2021-2024,TEA_operacional,D176,1
2021-2024,TEA_operacional,D177,1
2021-2024,TEA_operacional,E507,1
2021-2024,TEA_operacional,E841,1
2021-2024,TEA_operacional,E761,1
2021-2024,TEA_operacional,E760,1
2021-2024,TEA_operacional,E752,1
2021-2024,TEA_operacional,E740,1
2021-2024,TEA_operacional,E669,1
2021-2024,TEA_operacional,E611,1
2021-2024,TEA_operacional,E45,1
2021-2024,TEA_operacional,E880,1
2021-2024,TEA_operacional,E41,1
2021-2024,TEA_operacional,E343,1
2021-2024,TEA_operacional,E308,1
2021-2024,TEA_operacional,E271,1
2021-2024,TEA_operacional,E250,1
2021-2024,TEA_operacional,E236,1
2021-2024,TEA_operacional,E222,1
2021-2024,TEA_operacional,E850,1
2021-2024,TEA_operacional,F050,1
2021-2024,TEA_operacional,E145,1
2021-2024,TEA_operacional,F190,1
2021-2024,TEA_operacional,F333,1
2021-2024,TEA_operacional,F331,1
2021-2024,TEA_operacional,F310,1
2021-2024,TEA_operacional,F252,1
2021-2024,TEA_operacional,F251,1
2021-2024,TEA_operacional,F199,1
2021-2024,TEA_operacional,F197,1
2021-2024,TEA_operacional,F143,1
2021-2024,TEA_operacional,F062,1
2021-2024,TEA_operacional,F141,1
2021-2024,TEA_operacional,F129,1
2021-2024,TEA_operacional,F125,1
2021-2024,TEA_operacional,F105,1
2021-2024,TEA_operacional,F100,1
2021-2024,TEA_operacional,F079,1
2021-2024,TEA_operacional,F065,1
2021-2024,TEA_operacional,E148,1
2021-2024,TEA_operacional,E118,1
2021-2024,TEA_operacional,D181,1
2021-2024,TEA_operacional,D334,1
2021-2024,TEA_operacional,D471,1
2021-2024,TEA_operacional,D441,1
2021-2024,TEA_operacional,D440,1
2021-2024,TEA_operacional,D431,1
2021-2024,TEA_operacional,D414,1
2021-2024,TEA_operacional,D380,1
2021-2024,TEA_operacional,D337,1
2021-2024,TEA_operacional,D329,1
2021-2024,TEA_operacional,D484,1
2021-2024,TEA_operacional,D316,1
2021-2024,TEA_operacional,D293,1
2021-2024,TEA_operacional,D287,1
2021-2024,TEA_operacional,D252,1
2021-2024,TEA_operacional,D239,1
2021-2024,TEA_operacional,D223,1
2021-2024,TEA_operacional,D211,1
2021-2024,TEA_operacional,D483,1
2021-2024,TEA_operacional,D500,1
2021-2024,TEA_operacional,E100,1
2021-2024,TEA_operacional,D721,1
2021-2024,TEA_operacional,E063,1
2021-2024,TEA_operacional,E060,1
2021-2024,TEA_operacional,E041,1
2021-2024,TEA_operacional,D820,1
2021-2024,TEA_operacional,D812,1
2021-2024,TEA_operacional,D763,1
2021-2024,TEA_operacional,D729,1
2021-2024,TEA_operacional,D71,1
2021-2024,TEA_operacional,D529,1
2021-2024,TEA_operacional,D692,1
2021-2024,TEA_operacional,D689,1
2021-2024,TEA_operacional,D688,1
2021-2024,TEA_operacional,D684,1
2021-2024,TEA_operacional,D683,1
2021-2024,TEA_operacional,D680,1
2021-2024,TEA_operacional,D539,1
2021-2024,TEA_operacional,J152,1
2021-2024,TEA_operacional,J156,1
2021-2024,TEA_operacional,Q123,1
2021-2024,TEA_operacional,M4699,1
2021-2024,TEA_operacional,M8987,1
2021-2024,TEA_operacional,M8699,1
2021-2024,TEA_operacional,M8698,1
2021-2024,TEA_operacional,M8691,1
2021-2024,TEA_operacional,M8688,1
2021-2024,TEA_operacional,M8684,1
2021-2024,TEA_operacional,M8665,1
2021-2024,TEA_operacional,M8664,1
2021-2024,TEA_operacional,M8618,1
2021-2024,TEA_operacional,M8617,1
2021-2024,TEA_operacional,M8616,1
2021-2024,TEA_operacional,M8615,1
2021-2024,TEA_operacional,M8614,1
2021-2024,TEA_operacional,M8606,1
2021-2024,TEA_operacional,M8605,1
2021-2024,TEA_operacional,M8589,1
2021-2024,TEA_operacional,M8588,1
2021-2024,TEA_operacional,M8998,1
2021-2024,TEA_operacional,M9135,1
2021-2024,TEA_operacional,M922,1
2021-2024,TEA_operacional,N058,1
2021-2024,TEA_operacional,N209,1
2021-2024,TEA_operacional,N189,1
2021-2024,TEA_operacional,N184,1
2021-2024,TEA_operacional,N137,1
2021-2024,TEA_operacional,N136,1
2021-2024,TEA_operacional,N135,1
2021-2024,TEA_operacional,N082,1
2021-2024,TEA_operacional,N040,1
2021-2024,TEA_operacional,M925,1
2021-2024,TEA_operacional,N039,1
2021-2024,TEA_operacional,N029,1
2021-2024,TEA_operacional,N008,1
2021-2024,TEA_operacional,N001,1
2021-2024,TEA_operacional,M9971,1
2021-2024,TEA_operacional,M9488,1
2021-2024,TEA_operacional,M938,1
2021-2024,TEA_operacional,M8566,1
2021-2024,TEA_operacional,M8562,1
2021-2024,TEA_operacional,M8555,1
2021-2024,TEA_operacional,M6096,1
2021-2024,TEA_operacional,M6597,1
2021-2024,TEA_operacional,M6596,1
2021-2024,TEA_operacional,M6534,1
2021-2024,TEA_operacional,M6288,1
2021-2024,TEA_operacional,M6255,1
2021-2024,TEA_operacional,M6246,1
2021-2024,TEA_operacional,M6097,1
2021-2024,TEA_operacional,M6089,1
2021-2024,TEA_operacional,M674,1
2021-2024,TEA_operacional,M5459,1
2021-2024,TEA_operacional,M5456,1
2021-2024,TEA_operacional,M5449,1
2021-2024,TEA_operacional,M5338,1
2021-2024,TEA_operacional,M512,1
2021-2024,TEA_operacional,M511,1
2021-2024,TEA_operacional,M4794,1
2021-2024,TEA_operacional,M6654,1
2021-2024,TEA_operacional,M7022,1
2021-2024,TEA_operacional,M8542,1
2021-2024,TEA_operacional,M8159,1
2021-2024,TEA_operacional,M8502,1
2021-2024,TEA_operacional,M8448,1
2021-2024,TEA_operacional,M8445,1
2021-2024,TEA_operacional,M8443,1
2021-2024,TEA_operacional,M8423,1
2021-2024,TEA_operacional,M8416,1
2021-2024,TEA_operacional,M8403,1
2021-2024,TEA_operacional,M8098,1
2021-2024,TEA_operacional,M7046,1
2021-2024,TEA_operacional,M7960,1
2021-2024,TEA_operacional,M7954,1
2021-2024,TEA_operacional,M7605,1
2021-2024,TEA_operacional,M7138,1
2021-2024,TEA_operacional,M7137,1
2021-2024,TEA_operacional,M7134,1
2021-2024,TEA_operacional,M7075,1
2021-2024,TEA_operacional,N210,1
2021-2024,TEA_operacional,N23,1
2021-2024,TEA_operacional,N288,1
2021-2024,TEA_operacional,O821,1
2021-2024,TEA_operacional,P229,1
2021-2024,TEA_operacional,P219,1
2021-2024,TEA_operacional,P130,1
2021-2024,TEA_operacional,P070,1
2021-2024,TEA_operacional,O998,1
2021-2024,TEA_operacional,O991,1
2021-2024,TEA_operacional,O839,1
2021-2024,TEA_operacional,O813,1
2021-2024,TEA_operacional,P293,1
2021-2024,TEA_operacional,O758,1
2021-2024,TEA_operacional,O709,1
2021-2024,TEA_operacional,O701,1
2021-2024,TEA_operacional,O698,1
2021-2024,TEA_operacional,O689,1
2021-2024,TEA_operacional,O668,1
2021-2024,TEA_operacional,O664,1
2021-2024,TEA_operacional,P251,1
2021-2024,TEA_operacional,P360,1
2021-2024,TEA_operacional,O621,1
2021-2024,TEA_operacional,P919,1
2021-2024,TEA_operacional,Q069,1
2021-2024,TEA_operacional,Q057,1
2021-2024,TEA_operacional,Q046,1
2021-2024,TEA_operacional,Q044,1
2021-2024,TEA_operacional,Q031,1
2021-2024,TEA_operacional,P968,1
2021-2024,TEA_operacional,P928,1
2021-2024,TEA_operacional,P90,1
2021-2024,TEA_operacional,P364,1
2021-2024,TEA_operacional,P781,1
2021-2024,TEA_operacional,P728,1
2021-2024,TEA_operacional,P701,1
2021-2024,TEA_operacional,P700,1
2021-2024,TEA_operacional,P520,1
2021-2024,TEA_operacional,P38,1
2021-2024,TEA_operacional,P368,1
2021-2024,TEA_operacional,O641,1
2021-2024,TEA_operacional,O620,1
2021-2024,TEA_operacional,N289,1
2021-2024,TEA_operacional,N750,1
2021-2024,TEA_operacional,N940,1
2021-2024,TEA_operacional,N922,1
2021-2024,TEA_operacional,N920,1
2021-2024,TEA_operacional,N870,1
2021-2024,TEA_operacional,N840,1
2021-2024,TEA_operacional,N831,1
2021-2024,TEA_operacional,N803,1
2021-2024,TEA_operacional,N709,1
2021-2024,TEA_operacional,N991,1
2021-2024,TEA_operacional,N700,1
2021-2024,TEA_operacional,N61,1
2021-2024,TEA_operacional,N492,1
2021-2024,TEA_operacional,N488,1
2021-2024,TEA_operacional,N482,1
2021-2024,TEA_operacional,N410,1
2021-2024,TEA_operacional,N360,1
2021-2024,TEA_operacional,N948,1
2021-2024,TEA_operacional,N995,1
2021-2024,TEA_operacional,O601,1
2021-2024,TEA_operacional,O230,1
2021-2024,TEA_operacional,O470,1
2021-2024,TEA_operacional,O368,1
2021-2024,TEA_operacional,O363,1
2021-2024,TEA_operacional,O339,1
2021-2024,TEA_operacional,O280,1
2021-2024,TEA_operacional,O240,1
2021-2024,TEA_operacional,O233,1
2021-2024,TEA_operacional,O218,1
2021-2024,TEA_operacional,O028,1
2021-2024,TEA_operacional,O121,1
2021-2024,TEA_operacional,O068,1
2021-2024,TEA_operacional,O064,1
2021-2024,TEA_operacional,O060,1
2021-2024,TEA_operacional,O048,1
2021-2024,TEA_operacional,O044,1
2021-2024,TEA_operacional,O036,1
2021-2024,TEA_operacional,M4788,1
2021-2024,TEA_operacional,M4695,1
2021-2024,TEA_operacional,J168,1
2021-2024,TEA_operacional,M4634,1
2021-2024,TEA_operacional,K560,1
2021-2024,TEA_operacional,K551,1
2021-2024,TEA_operacional,K523,1
2021-2024,TEA_operacional,K521,1
2021-2024,TEA_operacional,K515,1
2021-2024,TEA_operacional,K508,1
2021-2024,TEA_operacional,K440,1
2021-2024,TEA_operacional,K419,1
2021-2024,TEA_operacional,K318,1
2021-2024,TEA_operacional,K316,1
2021-2024,TEA_operacional,K314,1
2021-2024,TEA_operacional,K311,1
2021-2024,TEA_operacional,K30,1
2021-2024,TEA_operacional,K298,1
2021-2024,TEA_operacional,K295,1
2021-2024,TEA_operacional,K294,1
2021-2024,TEA_operacional,K275,1
2021-2024,TEA_operacional,K573,1
2021-2024,TEA_operacional,K580,1
2021-2024,TEA_operacional,K598,1
2021-2024,TEA_operacional,K661,1
2021-2024,TEA_operacional,K824,1
2021-2024,TEA_operacional,K819,1
2021-2024,TEA_operacional,K811,1
2021-2024,TEA_operacional,K721,1
2021-2024,TEA_operacional,K712,1
2021-2024,TEA_operacional,K703,1
2021-2024,TEA_operacional,K668,1
2021-2024,TEA_operacional,K660,1
2021-2024,TEA_operacional,K605,1
2021-2024,TEA_operacional,K649,1
2021-2024,TEA_operacional,K643,1
2021-2024,TEA_operacional,K635,1
2021-2024,TEA_operacional,K633,1
2021-2024,TEA_operacional,K628,1
2021-2024,TEA_operacional,K626,1
2021-2024,TEA_operacional,K612,1
2021-2024,TEA_operacional,K269,1
2021-2024,TEA_operacional,K264,1
2021-2024,TEA_operacional,K253,1
2021-2024,TEA_operacional,J341,1
2021-2024,TEA_operacional,J698,1
2021-2024,TEA_operacional,J451,1
2021-2024,TEA_operacional,J392,1
2021-2024,TEA_operacional,J387,1
2021-2024,TEA_operacional,J381,1
2021-2024,TEA_operacional,J359,1
2021-2024,TEA_operacional,J348,1
2021-2024,TEA_operacional,J339,1
2021-2024,TEA_operacional,J860,1
2021-2024,TEA_operacional,J328,1
2021-2024,TEA_operacional,J324,1
2021-2024,TEA_operacional,J322,1
2021-2024,TEA_operacional,J320,1
2021-2024,TEA_operacional,J310,1
2021-2024,TEA_operacional,J304,1
2021-2024,TEA_operacional,J218,1
2021-2024,TEA_operacional,J81,1
2021-2024,TEA_operacional,J930,1
2021-2024,TEA_operacional,K228,1
2021-2024,TEA_operacional,K115,1
2021-2024,TEA_operacional,K226,1
2021-2024,TEA_operacional,K220,1
2021-2024,TEA_operacional,K210,1
2021-2024,TEA_operacional,K134,1
2021-2024,TEA_operacional,K120,1
2021-2024,TEA_operacional,K117,1
2021-2024,TEA_operacional,K116,1
2021-2024,TEA_operacional,K114,1
2021-2024,TEA_operacional,J980,1
2021-2024,TEA_operacional,K108,1
2021-2024,TEA_operacional,K082,1
2021-2024,TEA_operacional,K076,1
2021-2024,TEA_operacional,K072,1
2021-2024,TEA_operacional,K070,1
2021-2024,TEA_operacional,K061,1
2021-2024,TEA_operacional,K048,1
2021-2024,TEA_operacional,K830,1
2021-2024,TEA_operacional,K838,1
2021-2024,TEA_operacional,K852,1
2021-2024,TEA_operacional,M2441,1
2021-2024,TEA_operacional,M2550,1
2021-2024,TEA_operacional,M2531,1
2021-2024,TEA_operacional,M2508,1
2021-2024,TEA_operacional,M2486,1
2021-2024,TEA_operacional,M2448,1
2021-2024,TEA_operacional,M2446,1
2021-2024,TEA_operacional,M2445,1
2021-2024,TEA_operacional,M2361,1
2021-2024,TEA_operacional,M321,1
2021-2024,TEA_operacional,M2350,1
2021-2024,TEA_operacional,M2322,1
2021-2024,TEA_operacional,M2167,1
2021-2024,TEA_operacional,M2154,1
2021-2024,TEA_operacional,M2117,1
2021-2024,TEA_operacional,M2107,1
2021-2024,TEA_operacional,M204,1
2021-2024,TEA_operacional,M2556,1
2021-2024,TEA_operacional,M358,1
2021-2024,TEA_operacional,M1395,1
2021-2024,TEA_operacional,M4184,1
2021-2024,TEA_operacional,M4624,1
2021-2024,TEA_operacional,M4617,1
2021-2024,TEA_operacional,M4317,1
2021-2024,TEA_operacional,M4307,1
2021-2024,TEA_operacional,M4205,1
2021-2024,TEA_operacional,M4199,1
2021-2024,TEA_operacional,M4185,1
2021-2024,TEA_operacional,M4155,1
2021-2024,TEA_operacional,M4015,1
2021-2024,TEA_operacional,M4149,1
2021-2024,TEA_operacional,M4146,1
2021-2024,TEA_operacional,M4144,1
2021-2024,TEA_operacional,M4140,1
2021-2024,TEA_operacional,M4129,1
2021-2024,TEA_operacional,M4125,1
2021-2024,TEA_operacional,M4110,1
2021-2024,TEA_operacional,M169,1
2021-2024,TEA_operacional,M0897,1
2021-2024,TEA_operacional,K853,1
2021-2024,TEA_operacional,K929,1
2021-2024,TEA_operacional,L298,1
2021-2024,TEA_operacional,L255,1
2021-2024,TEA_operacional,L211,1
2021-2024,TEA_operacional,L089,1
2021-2024,TEA_operacional,L080,1
2021-2024,TEA_operacional,L048,1
2021-2024,TEA_operacional,L029,1
2021-2024,TEA_operacional,K928,1
2021-2024,TEA_operacional,L308,1
2021-2024,TEA_operacional,K912,1
2021-2024,TEA_operacional,K911,1
2021-2024,TEA_operacional,K909,1
2021-2024,TEA_operacional,K908,1
2021-2024,TEA_operacional,K904,1
2021-2024,TEA_operacional,K900,1
2021-2024,TEA_operacional,K863,1
2021-2024,TEA_operacional,L301,1
2021-2024,TEA_operacional,L42,1
2021-2024,TEA_operacional,M0896,1
2021-2024,TEA_operacional,L984,1
2021-2024,TEA_operacional,M0885,1
2021-2024,TEA_operacional,M0829,1
2021-2024,TEA_operacional,M0809,1
2021-2024,TEA_operacional,M0808,1
2021-2024,TEA_operacional,M0807,1
2021-2024,TEA_operacional,M0092,1
2021-2024,TEA_operacional,L989,1
2021-2024,TEA_operacional,L980,1
2021-2024,TEA_operacional,L52,1
2021-2024,TEA_operacional,L931,1
2021-2024,TEA_operacional,L893,1
2021-2024,TEA_operacional,A021,1
2021-2024,TEA_operacional,L732,1
2021-2024,TEA_operacional,L721,1
2021-2024,TEA_operacional,L551,1
2021-2024,TEA_operacional,L539,1
2021-2024,TEA_operacional,Z931,1
2021-2024,F84_historico,N47,738
2021-2024,F84_historico,K358,468
2021-2024,F84_historico,F840,449
2021-2024,F84_historico,J353,379
2021-2024,F84_historico,G409,346
2021-2024,F84_historico,J46,295
2021-2024,F84_historico,F322,227
2021-2024,F84_historico,K029,185
2021-2024,F84_historico,K353,183
2021-2024,F84_historico,A080,148
2021-2024,F84_historico,J121,145
2021-2024,F84_historico,Q531,141
2021-2024,F84_historico,R568,137
2021-2024,F84_historico,J129,137
2021-2024,F84_historico,K352,130
2021-2024,F84_historico,A099,128
2021-2024,F84_historico,J128,128
2021-2024,F84_historico,F329,128
2021-2024,F84_historico,T432,128
2021-2024,F84_historico,J209,126
2021-2024,F84_historico,Q532,113
2021-2024,F84_historico,A090,109
2021-2024,F84_historico,S4240,105
2021-2024,F84_historico,J159,104
2021-2024,F84_historico,E101,101
2021-2024,F84_historico,U071,100
2021-2024,F84_historico,J189,97
2021-2024,F84_historico,J351,96
2021-2024,F84_historico,T435,94
2021-2024,F84_historico,T391,88
2021-2024,F84_historico,T424,87
2021-2024,F84_historico,G403,85
2021-2024,F84_historico,F29,83
2021-2024,F84_historico,Z518,83
2021-2024,F84_historico,F323,82
2021-2024,F84_historico,K590,82
2021-2024,F84_historico,F603,78
2021-2024,F84_historico,K802,78
2021-2024,F84_historico,J206,77
2021-2024,F84_historico,F412,77
2021-2024,F84_historico,K028,75
2021-2024,F84_historico,G408,70
2021-2024,F84_historico,R458,67
2021-2024,F84_historico,N10,64
2021-2024,F84_historico,J352,64
2021-2024,F84_historico,Z138,63
2021-2024,F84_historico,H509,63
2021-2024,F84_historico,K564,60
2021-2024,F84_historico,R560,58
2021-2024,F84_historico,N44,58
2021-2024,F84_historico,F239,58
2021-2024,F84_historico,F849,57
2021-2024,F84_historico,J123,56
2021-2024,F84_historico,F841,55
2021-2024,F84_historico,G401,55
2021-2024,F84_historico,F432,54
2021-2024,F84_historico,N390,54
2021-2024,F84_historico,S5250,52
2021-2024,F84_historico,F919,52
2021-2024,F84_historico,T433,50
2021-2024,F84_historico,F321,47
2021-2024,F84_historico,K409,47
2021-2024,F84_historico,G473,46
2021-2024,F84_historico,Z038,46
2021-2024,F84_historico,G404,46
2021-2024,F84_historico,J157,44
2021-2024,F84_historico,K010,43
2021-2024,F84_historico,K429,42
2021-2024,F84_historico,F431,42
2021-2024,F84_historico,J205,41
2021-2024,F84_historico,S0690,40
2021-2024,F84_historico,S517,39
2021-2024,F84_historico,S519,38
2021-2024,F84_historico,F845,38
2021-2024,F84_historico,C910,38
2021-2024,F84_historico,T426,38
2021-2024,F84_historico,K021,37
2021-2024,F84_historico,P220,37
2021-2024,F84_historico,J459,37
2021-2024,F84_historico,K800,36
2021-2024,F84_historico,L031,35
2021-2024,F84_historico,H501,34
2021-2024,F84_historico,K122,34
2021-2024,F84_historico,R451,34
2021-2024,F84_historico,J350,34
2021-2024,F84_historico,Q381,33
2021-2024,F84_historico,J690,33
2021-2024,F84_historico,Q668,32
2021-2024,F84_historico,Z133,32
2021-2024,F84_historico,R11,31
2021-2024,F84_historico,F913,31
2021-2024,F84_historico,L032,31
2021-2024,F84_historico,S8280,31
2021-2024,F84_historico,R509,31
2021-2024,F84_historico,F609,30
2021-2024,F84_historico,J9609,29
2021-2024,F84_historico,A084,29
2021-2024,F84_historico,Q539,28
2021-2024,F84_historico,F500,28
2021-2024,F84_historico,G419,28
2021-2024,F84_historico,F319,28
2021-2024,F84_historico,J100,28
2021-2024,F84_historico,L600,28
2021-2024,F84_historico,T850,28
2021-2024,F84_historico,M4115,27
2021-2024,F84_historico,J208,27
2021-2024,F84_historico,F209,26
2021-2024,F84_historico,F419,26
2021-2024,F84_historico,T393,26
2021-2024,F84_historico,J00,25
2021-2024,F84_historico,F918,25
2021-2024,F84_historico,T181,25
2021-2024,F84_historico,T509,24
2021-2024,F84_historico,T71,24
2021-2024,F84_historico,J069,24
2021-2024,F84_historico,S5240,24
2021-2024,F84_historico,J101,24
2021-2024,F84_historico,T202,23
2021-2024,F84_historico,S8220,23
2021-2024,F84_historico,K566,23
2021-2024,F84_historico,F982,23
2021-2024,F84_historico,F200,23
2021-2024,F84_historico,J040,23
2021-2024,F84_historico,J120,23
2021-2024,F84_historico,J158,22
2021-2024,F84_historico,L059,22
2021-2024,F84_historico,A020,22
2021-2024,F84_historico,G418,21
2021-2024,F84_historico,T212,21
2021-2024,F84_historico,J188,21
2021-2024,F84_historico,K047,21
2021-2024,F84_historico,G410,20
2021-2024,F84_historico,J9600,20
2021-2024,F84_historico,A86,20
2021-2024,F84_historico,T430,20
2021-2024,F84_historico,M2157,20
2021-2024,F84_historico,S5260,20
2021-2024,F84_historico,K922,20
2021-2024,F84_historico,S8230,19
2021-2024,F84_historico,F39,19
2021-2024,F84_historico,J122,19
2021-2024,F84_historico,K001,19
2021-2024,F84_historico,H919,19
2021-2024,F84_historico,H669,18
2021-2024,F84_historico,M4145,18
2021-2024,F84_historico,N179,18
2021-2024,F84_historico,S4230,18
2021-2024,F84_historico,S0210,18
2021-2024,F84_historico,N433,18
2021-2024,F84_historico,Z134,18
2021-2024,F84_historico,I880,18
2021-2024,F84_historico,F848,18
2021-2024,F84_historico,D693,18
2021-2024,F84_historico,J342,17
2021-2024,F84_historico,K529,17
2021-2024,F84_historico,J210,17
2021-2024,F84_historico,S6261,17
2021-2024,F84_historico,F608,17
2021-2024,F84_historico,S6260,17
2021-2024,F84_historico,P599,17
2021-2024,F84_historico,O993,16
2021-2024,F84_historico,J181,16
2021-2024,F84_historico,I471,16
2021-2024,F84_historico,R55,16
2021-2024,F84_historico,H050,16
2021-2024,F84_historico,F28,16
2021-2024,F84_historico,J13,16
2021-2024,F84_historico,Q665,16
2021-2024,F84_historico,E46,15
2021-2024,F84_historico,K810,15
2021-2024,F84_historico,D70,15
2021-2024,F84_historico,J36,15
2021-2024,F84_historico,S5200,15
2021-2024,F84_historico,S018,15
2021-2024,F84_historico,F202,15
2021-2024,F84_historico,S5290,15
2021-2024,F84_historico,S5280,14
2021-2024,F84_historico,S7230,14
2021-2024,F84_historico,S015,14
2021-2024,F84_historico,E111,14
2021-2024,F84_historico,K859,13
2021-2024,F84_historico,Z470,13
2021-2024,F84_historico,E109,13
2021-2024,F84_historico,G402,13
2021-2024,F84_historico,G048,13
2021-2024,F84_historico,E106,13
2021-2024,F84_historico,R104,13
2021-2024,F84_historico,K37,13
2021-2024,F84_historico,L050,13
2021-2024,F84_historico,N62,13
2021-2024,F84_historico,F639,13
2021-2024,F84_historico,F09,13
2021-2024,F84_historico,E162,13
2021-2024,F84_historico,F411,13
2021-2024,F84_historico,J050,12
2021-2024,F84_historico,T242,12
2021-2024,F84_historico,E86,12
2021-2024,F84_historico,Q211,12
2021-2024,F84_historico,F900,12
2021-2024,F84_historico,J219,12
2021-2024,F84_historico,K801,12
2021-2024,F84_historico,F328,12
2021-2024,F84_historico,F312,12
2021-2024,F84_historico,Z137,12
2021-2024,F84_historico,K650,12
2021-2024,F84_historico,J039,12
2021-2024,F84_historico,M930,12
2021-2024,F84_historico,K562,12
2021-2024,F84_historico,K519,12
2021-2024,F84_historico,F208,12
2021-2024,F84_historico,K851,12
2021-2024,F84_historico,K402,12
2021-2024,F84_historico,K219,12
2021-2024,F84_historico,T751,12
2021-2024,F84_historico,R13,12
2021-2024,F84_historico,D480,12
2021-2024,F84_historico,T543,11
2021-2024,F84_historico,Z033,11
2021-2024,F84_historico,S7200,11
2021-2024,F84_historico,S5230,11
2021-2024,F84_historico,L720,11
2021-2024,F84_historico,H500,11
2021-2024,F84_historico,L040,11
2021-2024,F84_historico,K561,11
2021-2024,F84_historico,P073,11
2021-2024,F84_historico,M9115,11
2021-2024,F84_historico,S0220,11
2021-2024,F84_historico,E43,11
2021-2024,F84_historico,Q541,11
2021-2024,F84_historico,K011,11
2021-2024,F84_historico,T427,11
2021-2024,F84_historico,T450,10
2021-2024,F84_historico,J22,10
2021-2024,F84_historico,K528,10
2021-2024,F84_historico,S0620,10
2021-2024,F84_historico,S0200,10
2021-2024,F84_historico,T252,10
2021-2024,F84_historico,S0640,10
2021-2024,F84_historico,F508,10
2021-2024,F84_historico,F429,10
2021-2024,F84_historico,F842,10
2021-2024,F84_historico,F233,10
2021-2024,F84_historico,R51,10
2021-2024,F84_historico,B002,10
2021-2024,F84_historico,M2147,10
2021-2024,F84_historico,S009,10
2021-2024,F84_historico,S619,10
2021-2024,F84_historico,S7290,10
2021-2024,F84_historico,R270,10
2021-2024,F84_historico,H506,10
2021-2024,F84_historico,D487,10
2021-2024,F84_historico,Q740,10
2021-2024,F84_historico,Z018,10
2021-2024,F84_historico,Q549,10
2021-2024,F84_historico,S411,10
2021-2024,F84_historico,J14,9
2021-2024,F84_historico,N049,9
2021-2024,F84_historico,F070,9
2021-2024,F84_historico,E872,9
2021-2024,F84_historico,S5270,9
2021-2024,F84_historico,N835,9
2021-2024,F84_historico,A082,9
2021-2024,F84_historico,A083,9
2021-2024,F84_historico,T182,9
2021-2024,F84_historico,K565,9
2021-2024,F84_historico,T141,9
2021-2024,F84_historico,K36,9
2021-2024,F84_historico,F410,9
2021-2024,F84_historico,S8210,9
2021-2024,F84_historico,Q540,8
2021-2024,F84_historico,H652,8
2021-2024,F84_historico,H905,8
2021-2024,F84_historico,S618,8
2021-2024,F84_historico,F238,8
2021-2024,F84_historico,F449,8
2021-2024,F84_historico,N508,8
2021-2024,F84_historico,N432,8
2021-2024,F84_historico,G710,8
2021-2024,F84_historico,Z540,8
2021-2024,F84_historico,N459,8
2021-2024,F84_historico,P704,8
2021-2024,F84_historico,T292,8
2021-2024,F84_historico,Q172,8
2021-2024,F84_historico,H700,8
2021-2024,F84_historico,J111,8
2021-2024,F84_historico,D694,8
2021-2024,F84_historico,D593,8
2021-2024,F84_historico,T742,8
2021-2024,F84_historico,S010,8
2021-2024,F84_historico,E161,8
2021-2024,F84_historico,B270,8
2021-2024,F84_historico,T810,8
2021-2024,F84_historico,S4200,8
2021-2024,F84_historico,R590,8
2021-2024,F84_historico,D27,8
2021-2024,F84_historico,S518,8
2021-2024,F84_historico,K720,8
2021-2024,F84_historico,N185,8
2021-2024,F84_historico,L024,8
2021-2024,F84_historico,D430,8
2021-2024,F84_historico,M303,7
2021-2024,F84_historico,L020,7
2021-2024,F84_historico,D649,7
2021-2024,F84_historico,K920,7
2021-2024,F84_historico,K805,7
2021-2024,F84_historico,H653,7
2021-2024,F84_historico,F314,7
2021-2024,F84_historico,T633,7
2021-2024,F84_historico,C629,7
2021-2024,F84_historico,F711,7
2021-2024,F84_historico,S9230,7
2021-2024,F84_historico,A419,7
2021-2024,F84_historico,S0680,7
2021-2024,F84_historico,T222,7
2021-2024,F84_historico,K808,7
2021-2024,F84_historico,D232,7
2021-2024,F84_historico,G610,7
2021-2024,F84_historico,S013,7
2021-2024,F84_historico,G919,7
2021-2024,F84_historico,F430,7
2021-2024,F84_historico,T232,7
2021-2024,F84_historico,Q379,7
2021-2024,F84_historico,Z511,7
2021-2024,F84_historico,A047,7
2021-2024,F84_historico,T16,7
2021-2024,F84_historico,G049,7
2021-2024,F84_historico,Z302,7
2021-2024,F84_historico,S9250,7
2021-2024,F84_historico,K804,7
2021-2024,F84_historico,S711,7
2021-2024,F84_historico,S7240,7
2021-2024,F84_historico,F069,7
2021-2024,F84_historico,J068,7
2021-2024,F84_historico,F952,7
2021-2024,F84_historico,B340,7
2021-2024,F84_historico,T436,7
2021-2024,F84_historico,F439,6
2021-2024,F84_historico,O700,6
2021-2024,F84_historico,J029,6
2021-2024,F84_historico,Q676,6
2021-2024,F84_historico,G119,6
2021-2024,F84_historico,N048,6
2021-2024,F84_historico,G930,6
2021-2024,F84_historico,Z514,6
2021-2024,F84_historico,G932,6
2021-2024,F84_historico,G934,6
2021-2024,F84_historico,Q359,6
2021-2024,F84_historico,T510,6
2021-2024,F84_historico,M2106,6
2021-2024,F84_historico,T183,6
2021-2024,F84_historico,D162,6
2021-2024,F84_historico,K610,6
2021-2024,F84_historico,Q760,6
2021-2024,F84_historico,P598,6
2021-2024,F84_historico,D234,6
2021-2024,F84_historico,P590,6
2021-2024,F84_historico,F640,6
2021-2024,F84_historico,S099,6
2021-2024,F84_historico,T465,6
2021-2024,F84_historico,F638,6
2021-2024,F84_historico,P071,6
2021-2024,F84_historico,J108,6
2021-2024,F84_historico,P221,6
2021-2024,F84_historico,T814,6
2021-2024,F84_historico,P551,6
2021-2024,F84_historico,F83,6
2021-2024,F84_historico,K052,6
2021-2024,F84_historico,T438,6
2021-2024,F84_historico,J869,6
2021-2024,F84_historico,DESCONOCIDO,6
2021-2024,F84_historico,K040,6
2021-2024,F84_historico,T634,6
2021-2024,F84_historico,H660,6
2021-2024,F84_historico,F192,6
2021-2024,F84_historico,B348,6
2021-2024,F84_historico,J40,6
2021-2024,F84_historico,S6251,6
2021-2024,F84_historico,H508,6
2021-2024,F84_historico,Q892,6
2021-2024,F84_historico,T568,6
2021-2024,F84_historico,A499,6
2021-2024,F84_historico,Q070,6
2021-2024,F84_historico,T233,6
2021-2024,F84_historico,O420,6
2021-2024,F84_historico,E116,6
2021-2024,F84_historico,C716,6
2021-2024,F84_historico,I638,6
2021-2024,F84_historico,K388,6
2021-2024,F84_historico,Q120,6
2021-2024,F84_historico,K403,6
2021-2024,F84_historico,D690,6
2021-2024,F84_historico,T140,6
2021-2024,F84_historico,D619,6
2021-2024,F84_historico,Q213,5
2021-2024,F84_historico,F988,5
2021-2024,F84_historico,L023,5
2021-2024,F84_historico,P942,5
2021-2024,F84_historico,S0600,5
2021-2024,F84_historico,S0650,5
2021-2024,F84_historico,Q181,5
2021-2024,F84_historico,Q039,5
2021-2024,F84_historico,S0280,5
2021-2024,F84_historico,L030,5
2021-2024,F84_historico,J09,5
2021-2024,F84_historico,S014,5
2021-2024,F84_historico,G479,5
2021-2024,F84_historico,N201,5
2021-2024,F84_historico,L509,5
2021-2024,F84_historico,Q556,5
2021-2024,F84_historico,S610,5
2021-2024,F84_historico,Q750,5
2021-2024,F84_historico,Q851,5
2021-2024,F84_historico,I639,5
2021-2024,F84_historico,S681,5
2021-2024,F84_historico,I500,5
2021-2024,F84_historico,J343,5
2021-2024,F84_historico,Q909,5
2021-2024,F84_historico,R31,5
2021-2024,F84_historico,R418,5
2021-2024,F84_historico,N500,5
2021-2024,F84_historico,J448,5
2021-2024,F84_historico,R508,5
2021-2024,F84_historico,H71,5
2021-2024,F84_historico,H664,5
2021-2024,F84_historico,M220,5
2021-2024,F84_historico,K073,5
2021-2024,F84_historico,O244,5
2021-2024,F84_historico,K297,5
2021-2024,F84_historico,S011,5
2021-2024,F84_historico,Q355,5
2021-2024,F84_historico,M201,5
2021-2024,F84_historico,K623,5
2021-2024,F84_historico,P051,5
2021-2024,F84_historico,T211,5
2021-2024,F84_historico,K625,5
2021-2024,F84_historico,J849,5
2021-2024,F84_historico,Q210,5
2021-2024,F84_historico,B279,5
2021-2024,F84_historico,Z048,5
2021-2024,F84_historico,T383,5
2021-2024,F84_historico,B09,5
2021-2024,F84_historico,F195,5
2021-2024,F84_historico,A483,5
2021-2024,F84_historico,T405,5
2021-2024,F84_historico,F316,5
2021-2024,F84_historico,D508,5
2021-2024,F84_historico,Z291,5
2021-2024,F84_historico,F459,5
2021-2024,F84_historico,D479,5
2021-2024,F84_historico,F232,5
2021-2024,F84_historico,B018,5
2021-2024,F84_historico,F602,5
2021-2024,F84_historico,C73,5
2021-2024,F84_historico,D401,5
2021-2024,F84_historico,C719,5
2021-2024,F84_historico,A418,5
2021-2024,F84_historico,T604,5
2021-2024,F84_historico,A38,5
2021-2024,F84_historico,T421,5
2021-2024,F84_historico,F388,5
2021-2024,F84_historico,C959,5
2021-2024,F84_historico,T511,5
2021-2024,F84_historico,F809,5
2021-2024,F84_historico,E840,5
2021-2024,F84_historico,Z431,5
2021-2024,F84_historico,F418,5
2021-2024,F84_historico,Z450,4
2021-2024,F84_historico,D352,4
2021-2024,F84_historico,K439,4
2021-2024,F84_historico,H532,4
2021-2024,F84_historico,D367,4
2021-2024,F84_historico,G938,4
2021-2024,F84_historico,D391,4
2021-2024,F84_historico,K510,4
2021-2024,F84_historico,S311,4
2021-2024,F84_historico,K518,4
2021-2024,F84_historico,K469,4
2021-2024,F84_historico,A049,4
2021-2024,F84_historico,F341,4
2021-2024,F84_historico,Q250,4
2021-2024,F84_historico,S119,4
2021-2024,F84_historico,Q548,4
2021-2024,F84_historico,N480,4
2021-2024,F84_historico,H000,4
2021-2024,F84_historico,Q542,4
2021-2024,F84_historico,Z452,4
2021-2024,F84_historico,D233,4
2021-2024,F84_historico,S3280,4
2021-2024,F84_historico,K621,4
2021-2024,F84_historico,F89,4
2021-2024,F84_historico,Z478,4
2021-2024,F84_historico,H502,4
2021-2024,F84_historico,T149,4
2021-2024,F84_historico,F318,4
2021-2024,F84_historico,F317,4
2021-2024,F84_historico,N939,4
2021-2024,F84_historico,P284,4
2021-2024,F84_historico,F302,4
2021-2024,F84_historico,K291,4
2021-2024,F84_historico,P209,4
2021-2024,F84_historico,J851,4
2021-2024,F84_historico,J850,4
2021-2024,F84_historico,S7220,4
2021-2024,F84_historico,J450,4
2021-2024,F84_historico,T58,4
2021-2024,F84_historico,J390,4
2021-2024,F84_historico,E108,4
2021-2024,F84_historico,E115,4
2021-2024,F84_historico,T520,4
2021-2024,F84_historico,J204,4
2021-2024,F84_historico,Q369,4
2021-2024,F84_historico,E871,4
2021-2024,F84_historico,E876,4
2021-2024,F84_historico,O820,4
2021-2024,F84_historico,Q315,4
2021-2024,F84_historico,I889,4
2021-2024,F84_historico,T461,4
2021-2024,F84_historico,S617,4
2021-2024,F84_historico,J90,4
2021-2024,F84_historico,I442,4
2021-2024,F84_historico,Z653,4
2021-2024,F84_historico,K20,4
2021-2024,F84_historico,O021,4
2021-2024,F84_historico,K260,4
2021-2024,F84_historico,K222,4
2021-2024,F84_historico,T780,4
2021-2024,F84_historico,F445,4
2021-2024,F84_historico,H903,4
2021-2024,F84_historico,T434,4
2021-2024,F84_historico,P271,4
2021-2024,F84_historico,P239,4
2021-2024,F84_historico,J982,4
2021-2024,F84_historico,K079,4
2021-2024,F84_historico,S4220,4
2021-2024,F84_historico,S8240,4
2021-2024,F84_historico,F220,4
2021-2024,F84_historico,D580,4
2021-2024,F84_historico,I330,4
2021-2024,F84_historico,K006,4
2021-2024,F84_historico,S817,4
2021-2024,F84_historico,L010,4
2021-2024,F84_historico,I802,4
2021-2024,F84_historico,G918,4
2021-2024,F84_historico,F799,4
2021-2024,F84_historico,L282,4
2021-2024,F84_historico,M670,4
2021-2024,F84_historico,N132,4
2021-2024,F84_historico,N319,4
2021-2024,F84_historico,F941,4
2021-2024,F84_historico,R040,4
2021-2024,F84_historico,T407,4
2021-2024,F84_historico,Q660,4
2021-2024,F84_historico,G405,4
2021-2024,F84_historico,R068,4
2021-2024,F84_historico,G400,4
2021-2024,F84_historico,F959,4
2021-2024,F84_historico,A031,4
2021-2024,F84_historico,M6099,4
2021-2024,F84_historico,R100,4
2021-2024,F84_historico,Q175,4
2021-2024,F84_historico,T213,4
2021-2024,F84_historico,A044,4
2021-2024,F84_historico,Z098,4
2021-2024,F84_historico,G411,4
2021-2024,F84_historico,T185,4
2021-2024,F84_historico,T189,4
2021-2024,F84_historico,T390,4
2021-2024,F84_historico,Z031,4
2021-2024,F84_historico,Q753,4
2021-2024,F84_historico,L022,4
2021-2024,F84_historico,Z430,4
2021-2024,F84_historico,F911,4
2021-2024,F84_historico,D069,4
2021-2024,F84_historico,G809,4
2021-2024,F84_historico,Q203,4
2021-2024,F84_historico,F448,4
2021-2024,F84_historico,G258,4
2021-2024,F84_historico,N059,4
2021-2024,F84_historico,Q870,4
2021-2024,F84_historico,G35,4
2021-2024,F84_historico,G210,4
2021-2024,F84_historico,L209,4
2021-2024,F84_historico,Z011,4
2021-2024,F84_historico,F929,4
2021-2024,F84_historico,N178,4
2021-2024,F84_historico,Q658,3
2021-2024,F84_historico,Q667,3
2021-2024,F84_historico,K075,3
2021-2024,F84_historico,Z035,3
2021-2024,F84_historico,B679,3
2021-2024,F84_historico,R258,3
2021-2024,F84_historico,J988,3
2021-2024,F84_historico,D509,3
2021-2024,F84_historico,B084,3
2021-2024,F84_historico,Q391,3
2021-2024,F84_historico,K055,3
2021-2024,F84_historico,C402,3
2021-2024,F84_historico,Q675,3
2021-2024,F84_historico,K044,3
2021-2024,F84_historico,Q690,3
2021-2024,F84_historico,J9699,3
2021-2024,F84_historico,J9690,3
2021-2024,F84_historico,Q790,3
2021-2024,F84_historico,Q850,3
2021-2024,F84_historico,T462,3
2021-2024,F84_historico,J030,3
2021-2024,F84_historico,O800,3
2021-2024,F84_historico,T464,3
2021-2024,F84_historico,B199,3
2021-2024,F84_historico,B349,3
2021-2024,F84_historico,T490,3
2021-2024,F84_historico,O680,3
2021-2024,F84_historico,J154,3
2021-2024,F84_historico,Q699,3
2021-2024,F84_historico,J180,3
2021-2024,F84_historico,E301,3
2021-2024,F84_historico,M673,3
2021-2024,F84_historico,E230,3
2021-2024,F84_historico,M6595,3
2021-2024,F84_historico,S5220,3
2021-2024,F84_historico,E042,3
2021-2024,F84_historico,K090,3
2021-2024,F84_historico,R103,3
2021-2024,F84_historico,J852,3
2021-2024,F84_historico,B085,3
2021-2024,F84_historico,J958,3
2021-2024,F84_historico,R21,3
2021-2024,F84_historico,D444,3
2021-2024,F84_historico,N110,3
2021-2024,F84_historico,K092,3
2021-2024,F84_historico,O049,3
2021-2024,F84_historico,D259,3
2021-2024,F84_historico,N832,3
2021-2024,F84_historico,L511,3
2021-2024,F84_historico,K593,3
2021-2024,F84_historico,A600,3
2021-2024,F84_historico,L500,3
2021-2024,F84_historico,D235,3
2021-2024,F84_historico,N764,3
2021-2024,F84_historico,K631,3
2021-2024,F84_historico,N701,3
2021-2024,F84_historico,K754,3
2021-2024,F84_historico,S058,3
2021-2024,F84_historico,K760,3
2021-2024,F84_historico,I861,3
2021-2024,F84_historico,K803,3
2021-2024,F84_historico,D171,3
2021-2024,F84_historico,S098,3
2021-2024,F84_historico,K850,3
2021-2024,F84_historico,N481,3
2021-2024,F84_historico,N40,3
2021-2024,F84_historico,Z458,3
2021-2024,F84_historico,L088,3
2021-2024,F84_historico,S0660,3
2021-2024,F84_historico,D160,3
2021-2024,F84_historico,C924,3
2021-2024,F84_historico,L033,3
2021-2024,F84_historico,T848,3
2021-2024,F84_historico,K918,3
2021-2024,F84_historico,Z432,3
2021-2024,F84_historico,Z480,3
2021-2024,F84_historico,S0260,3
2021-2024,F84_historico,K550,3
2021-2024,F84_historico,K317,3
2021-2024,F84_historico,Q431,3
2021-2024,F84_historico,K130,3
2021-2024,F84_historico,M330,3
2021-2024,F84_historico,K137,3
2021-2024,F84_historico,Z016,3
2021-2024,F84_historico,L021,3
2021-2024,F84_historico,C56,3
2021-2024,F84_historico,O034,3
2021-2024,F84_historico,K250,3
2021-2024,F84_historico,N12,3
2021-2024,F84_historico,Q651,3
2021-2024,F84_historico,M2186,3
2021-2024,F84_historico,M2116,3
2021-2024,F84_historico,Q644,3
2021-2024,F84_historico,A46,3
2021-2024,F84_historico,N170,3
2021-2024,F84_historico,D376,3
2021-2024,F84_historico,T885,3
2021-2024,F84_historico,M0095,3
2021-2024,F84_historico,Q642,3
2021-2024,F84_historico,S0230,3
2021-2024,F84_historico,N200,3
2021-2024,F84_historico,N906,3
2021-2024,F84_historico,S0250,3
2021-2024,F84_historico,L910,3
2021-2024,F84_historico,S310,3
2021-2024,F84_historico,L905,3
2021-2024,F84_historico,N871,3
2021-2024,F84_historico,A870,3
2021-2024,F84_historico,K602,3
2021-2024,F84_historico,H269,3
2021-2024,F84_historico,F142,3
2021-2024,F84_historico,T175,3
2021-2024,F84_historico,T173,3
2021-2024,F84_historico,G931,3
2021-2024,F84_historico,T120,3
2021-2024,F84_historico,T068,3
2021-2024,F84_historico,H186,3
2021-2024,F84_historico,H270,3
2021-2024,F84_historico,H330,3
2021-2024,F84_historico,P398,3
2021-2024,F84_historico,S9200,3
2021-2024,F84_historico,H503,3
2021-2024,F84_historico,P369,3
2021-2024,F84_historico,H650,3
2021-2024,F84_historico,F315,3
2021-2024,F84_historico,H659,3
2021-2024,F84_historico,F311,3
2021-2024,F84_historico,H663,3
2021-2024,F84_historico,F309,3
2021-2024,F84_historico,F259,3
2021-2024,F84_historico,H918,3
2021-2024,F84_historico,F231,3
2021-2024,F84_historico,S8250,3
2021-2024,F84_historico,F21,3
2021-2024,F84_historico,S810,3
2021-2024,F84_historico,I400,3
2021-2024,F84_historico,A045,3
2021-2024,F84_historico,G700,3
2021-2024,F84_historico,Q02,3
2021-2024,F84_historico,G248,3
2021-2024,F84_historico,F82,3
2021-2024,F84_historico,Q204,3
2021-2024,F84_historico,F920,3
2021-2024,F84_historico,F932,3
2021-2024,F84_historico,T360,3
2021-2024,F84_historico,F791,3
2021-2024,F84_historico,G039,3
2021-2024,F84_historico,F729,3
2021-2024,F84_historico,G060,3
2021-2024,F84_historico,G111,3
2021-2024,F84_historico,A040,3
2021-2024,F84_historico,G249,3
2021-2024,F84_historico,F501,3
2021-2024,F84_historico,F719,3
2021-2024,F84_historico,G255,3
2021-2024,F84_historico,G259,3
2021-2024,F84_historico,F69,3
2021-2024,F84_historico,Q048,3
2021-2024,F84_historico,F606,3
2021-2024,F84_historico,F601,3
2021-2024,F84_historico,G439,3
2021-2024,F84_historico,G478,3
2021-2024,F84_historico,F509,3
2021-2024,F84_historico,T203,3
2021-2024,F84_historico,I472,3
2021-2024,F84_historico,D66,3
2021-2024,F84_historico,F122,3
2021-2024,F84_historico,O990,3
2021-2024,F84_historico,Q311,3
2021-2024,F84_historico,O996,3
2021-2024,F84_historico,S661,2
2021-2024,F84_historico,C911,2
2021-2024,F84_historico,E870,2
2021-2024,F84_historico,N202,2
2021-2024,F84_historico,Q627,2
2021-2024,F84_historico,L603,2
2021-2024,F84_historico,S0290,2
2021-2024,F84_historico,Q621,2
2021-2024,F84_historico,L519,2
2021-2024,F84_historico,S050,2
2021-2024,F84_historico,E848,2
2021-2024,F84_historico,L928,2
2021-2024,F84_historico,S051,2
2021-2024,F84_historico,J110,2
2021-2024,F84_historico,L208,2
2021-2024,F84_historico,G729,2
2021-2024,F84_historico,G801,2
2021-2024,F84_historico,C920,2
2021-2024,F84_historico,T856,2
2021-2024,F84_historico,Q234,2
2021-2024,F84_historico,L923,2
2021-2024,F84_historico,Q038,2
2021-2024,F84_historico,L041,2
2021-2024,F84_historico,Q040,2
2021-2024,F84_historico,M2109,2
2021-2024,F84_historico,J042,2
2021-2024,F84_historico,M205,2
2021-2024,F84_historico,S012,2
2021-2024,F84_historico,T402,2
2021-2024,F84_historico,C729,2
2021-2024,F84_historico,F604,2
2021-2024,F84_historico,M0899,2
2021-2024,F84_historico,T887,2
2021-2024,F84_historico,T886,2
2021-2024,F84_historico,S019,2
2021-2024,F84_historico,G431,2
2021-2024,F84_historico,B019,2
2021-2024,F84_historico,M0640,2
2021-2024,F84_historico,M0099,2
2021-2024,F84_historico,M0098,2
2021-2024,F84_historico,M0096,2
2021-2024,F84_historico,G432,2
2021-2024,F84_historico,J060,2
2021-2024,F84_historico,L988,2
2021-2024,F84_historico,G448,2
2021-2024,F84_historico,C925,2
2021-2024,F84_historico,C950,2
2021-2024,F84_historico,C717,2
2021-2024,F84_historico,L038,2
2021-2024,F84_historico,K858,2
2021-2024,F84_historico,T447,2
2021-2024,F84_historico,D165,2
2021-2024,F84_historico,P711,2
2021-2024,F84_historico,S097,2
2021-2024,F84_historico,K831,2
2021-2024,F84_historico,K828,2
2021-2024,F84_historico,N483,2
2021-2024,F84_historico,Q552,2
2021-2024,F84_historico,D170,2
2021-2024,F84_historico,T446,2
2021-2024,F84_historico,T821,2
2021-2024,F84_historico,Q254,2
2021-2024,F84_historico,T818,2
2021-2024,F84_historico,A879,2
2021-2024,F84_historico,Q255,2
2021-2024,F84_historico,K769,2
2021-2024,F84_historico,A048,2
2021-2024,F84_historico,A400,2
2021-2024,F84_historico,D225,2
2021-2024,F84_historico,A858,2
2021-2024,F84_historico,D163,2
2021-2024,F84_historico,F349,2
2021-2024,F84_historico,F380,2
2021-2024,F84_historico,P923,2
2021-2024,F84_historico,G819,2
2021-2024,F84_historico,T179,2
2021-2024,F84_historico,G821,2
2021-2024,F84_historico,G824,2
2021-2024,F84_historico,G838,2
2021-2024,F84_historico,L028,2
2021-2024,F84_historico,T845,2
2021-2024,F84_historico,E835,2
2021-2024,F84_historico,G909,2
2021-2024,F84_historico,D110,2
2021-2024,F84_historico,P77,2
2021-2024,F84_historico,Q353,2
2021-2024,F84_historico,S0630,2
2021-2024,F84_historico,T842,2
2021-2024,F84_historico,T841,2
2021-2024,F84_historico,K921,2
2021-2024,F84_historico,F422,2
2021-2024,F84_historico,A370,2
2021-2024,F84_historico,Q251,2
2021-2024,F84_historico,S0651,2
2021-2024,F84_historico,G406,2
2021-2024,F84_historico,C712,2
2021-2024,F84_historico,Z762,2
2021-2024,F84_historico,M8697,2
2021-2024,F84_historico,Q935,2
2021-2024,F84_historico,Q704,2
2021-2024,F84_historico,F938,2
2021-2024,F84_historico,F939,2
2021-2024,F84_historico,Q692,2
2021-2024,F84_historico,M6598,2
2021-2024,F84_historico,Z135,2
2021-2024,F84_historico,Q691,2
2021-2024,F84_historico,M6514,2
2021-2024,F84_historico,T310,2
2021-2024,F84_historico,T293,2
2021-2024,F84_historico,S6220,2
2021-2024,F84_historico,G002,2
2021-2024,F84_historico,S6230,2
2021-2024,F84_historico,R101,2
2021-2024,F84_historico,M6028,2
2021-2024,F84_historico,M6009,2
2021-2024,F84_historico,M6000,2
2021-2024,F84_historico,B350,2
2021-2024,F84_historico,A039,2
2021-2024,F84_historico,M939,2
2021-2024,F84_historico,M7116,2
2021-2024,F84_historico,M8696,2
2021-2024,F84_historico,C710,2
2021-2024,F84_historico,Q201,2
2021-2024,F84_historico,Q763,2
2021-2024,F84_historico,I828,2
2021-2024,F84_historico,Q751,2
2021-2024,F84_historico,B278,2
2021-2024,F84_historico,F901,2
2021-2024,F84_historico,M8508,2
2021-2024,F84_historico,M8506,2
2021-2024,F84_historico,Q793,2
2021-2024,F84_historico,M8446,2
2021-2024,F84_historico,Q742,2
2021-2024,F84_historico,F068,2
2021-2024,F84_historico,Q741,2
2021-2024,F84_historico,F803,2
2021-2024,F84_historico,M8686,2
2021-2024,F84_historico,Q878,2
2021-2024,F84_historico,M7966,2
2021-2024,F84_historico,B341,2
2021-2024,F84_historico,M7957,2
2021-2024,F84_historico,M7955,2
2021-2024,F84_historico,M7938,2
2021-2024,F84_historico,M7916,2
2021-2024,F84_historico,R17,2
2021-2024,F84_historico,J014,2
2021-2024,F84_historico,Q150,2
2021-2024,F84_historico,J018,2
2021-2024,F84_historico,Q068,2
2021-2024,F84_historico,M2555,2
2021-2024,F84_historico,B021,2
2021-2024,F84_historico,F709,2
2021-2024,F84_historico,R572,2
2021-2024,F84_historico,Q059,2
2021-2024,F84_historico,R620,2
2021-2024,F84_historico,A281,2
2021-2024,F84_historico,N133,2
2021-2024,F84_historico,F03,2
2021-2024,F84_historico,Q647,2
2021-2024,F84_historico,S005,2
2021-2024,F84_historico,M2319,2
2021-2024,F84_historico,M2316,2
2021-2024,F84_historico,M221,2
2021-2024,F84_historico,C621,2
2021-2024,F84_historico,M2196,2
2021-2024,F84_historico,F648,2
2021-2024,F84_historico,M2176,2
2021-2024,F84_historico,S008,2
2021-2024,F84_historico,T958,2
2021-2024,F84_historico,M310,2
2021-2024,F84_historico,F058,2
2021-2024,F84_historico,M328,2
2021-2024,F84_historico,Q100,2
2021-2024,F84_historico,J019,2
2021-2024,F84_historico,R268,2
2021-2024,F84_historico,F721,2
2021-2024,F84_historico,N009,2
2021-2024,F84_historico,N028,2
2021-2024,F84_historico,M4199,2
2021-2024,F84_historico,M4195,2
2021-2024,F84_historico,M4194,2
2021-2024,F84_historico,R402,2
2021-2024,F84_historico,R42,2
2021-2024,F84_historico,M329,2
2021-2024,F84_historico,Z915,2
2021-2024,F84_historico,G240,2
2021-2024,F84_historico,T251,2
2021-2024,F84_historico,R456,2
2021-2024,F84_historico,J028,2
2021-2024,F84_historico,F061,2
2021-2024,F84_historico,O992,2
2021-2024,F84_historico,M332,2
2021-2024,F84_historico,I671,2
2021-2024,F84_historico,A630,2
2021-2024,F84_historico,T825,2
2021-2024,F84_historico,K102,2
2021-2024,F84_historico,D481,2
2021-2024,F84_historico,O13,2
2021-2024,F84_historico,O141,2
2021-2024,F84_historico,K051,2
2021-2024,F84_historico,K050,2
2021-2024,F84_historico,S4270,2
2021-2024,F84_historico,K046,2
2021-2024,F84_historico,I615,2
2021-2024,F84_historico,K041,2
2021-2024,F84_historico,S8200,2
2021-2024,F84_historico,T658,2
2021-2024,F84_historico,D531,2
2021-2024,F84_historico,K025,2
2021-2024,F84_historico,S819,2
2021-2024,F84_historico,D589,2
2021-2024,F84_historico,I340,2
2021-2024,F84_historico,D648,2
2021-2024,F84_historico,E274,2
2021-2024,F84_historico,J984,2
2021-2024,F84_historico,J200,2
2021-2024,F84_historico,I409,2
2021-2024,F84_historico,I420,2
2021-2024,F84_historico,F228,2
2021-2024,F84_historico,K071,2
2021-2024,F84_historico,O031,2
2021-2024,F84_historico,Q374,2
2021-2024,F84_historico,Q438,2
2021-2024,F84_historico,H819,2
2021-2024,F84_historico,S3700,2
2021-2024,F84_historico,S5281,2
2021-2024,F84_historico,D432,2
2021-2024,F84_historico,S8290,2
2021-2024,F84_historico,I10,2
2021-2024,F84_historico,S399,2
2021-2024,F84_historico,T749,2
2021-2024,F84_historico,K113,2
2021-2024,F84_historico,K112,2
2021-2024,F84_historico,Q543,2
2021-2024,F84_historico,S8281,2
2021-2024,F84_historico,P008,2
2021-2024,F84_historico,K088,2
2021-2024,F84_historico,S8260,2
2021-2024,F84_historico,I200,2
2021-2024,F84_historico,K078,2
2021-2024,F84_historico,P228,2
2021-2024,F84_historico,I219,2
2021-2024,F84_historico,Q411,2
2021-2024,F84_historico,P210,2
2021-2024,F84_historico,J955,2
2021-2024,F84_historico,J950,2
2021-2024,F84_historico,J931,2
2021-2024,F84_historico,D821,2
2021-2024,F84_historico,E031,2
2021-2024,F84_historico,O429,2
2021-2024,F84_historico,S5210,2
2021-2024,F84_historico,P050,2
2021-2024,F84_historico,T542,2
2021-2024,F84_historico,A162,2
2021-2024,F84_historico,J340,2
2021-2024,F84_historico,A410,2
2021-2024,F84_historico,J330,2
2021-2024,F84_historico,J329,2
2021-2024,F84_historico,O471,2
2021-2024,F84_historico,T529,2
2021-2024,F84_historico,O600,2
2021-2024,F84_historico,S5271,2
2021-2024,F84_historico,A403,2
2021-2024,F84_historico,E149,2
2021-2024,F84_historico,I609,2
2021-2024,F84_historico,J211,2
2021-2024,F84_historico,E232,2
2021-2024,F84_historico,O610,2
2021-2024,F84_historico,J358,2
2021-2024,F84_historico,O366,2
2021-2024,F84_historico,J380,2
2021-2024,F84_historico,J680,2
2021-2024,F84_historico,I456,2
2021-2024,F84_historico,F201,2
2021-2024,F84_historico,O241,2
2021-2024,F84_historico,F198,2
2021-2024,F84_historico,J202,2
2021-2024,F84_historico,F191,2
2021-2024,F84_historico,F145,2
2021-2024,F84_historico,O266,2
2021-2024,F84_historico,O335,2
2021-2024,F84_historico,D695,2
2021-2024,F84_historico,D761,2
2021-2024,F84_historico,D696,2
2021-2024,F84_historico,J458,2
2021-2024,F84_historico,T439,2
2021-2024,F84_historico,O343,2
2021-2024,F84_historico,J441,2
2021-2024,F84_historico,D728,2
2021-2024,F84_historico,Q283,2
2021-2024,F84_historico,I499,2
2021-2024,F84_historico,D734,2
2021-2024,F84_historico,H811,2
2021-2024,F84_historico,S611,2
2021-2024,F84_historico,P393,2
2021-2024,F84_historico,T783,2
2021-2024,F84_historico,S312,2
2021-2024,F84_historico,K500,2
2021-2024,F84_historico,P391,2
2021-2024,F84_historico,H611,2
2021-2024,F84_historico,S314,2
2021-2024,F84_historico,J153,2
2021-2024,F84_historico,F339,2
2021-2024,F84_historico,Z488,2
2021-2024,F84_historico,T812,2
2021-2024,F84_historico,S6280,2
2021-2024,F84_historico,F313,2
2021-2024,F84_historico,D374,2
2021-2024,F84_historico,H654,2
2021-2024,F84_historico,K381,2
2021-2024,F84_historico,N921,2
2021-2024,F84_historico,D383,2
2021-2024,F84_historico,K592,2
2021-2024,F84_historico,K509,2
2021-2024,F84_historico,I620,2
2021-2024,F84_historico,S913,2
2021-2024,F84_historico,T428,2
2021-2024,F84_historico,D290,2
2021-2024,F84_historico,S9220,2
2021-2024,F84_historico,K572,2
2021-2024,F84_historico,H46,2
2021-2024,F84_historico,S2720,2
2021-2024,F84_historico,E662,2
2021-2024,F84_historico,F332,2
2021-2024,F84_historico,H609,2
2021-2024,F84_historico,T796,2
2021-2024,F84_historico,F320,2
2021-2024,F84_historico,N830,2
2021-2024,F84_historico,J150,2
2021-2024,F84_historico,F130,2
2021-2024,F84_historico,S910,2
2021-2024,F84_historico,T505,2
2021-2024,F84_historico,N800,2
2021-2024,F84_historico,D24,2
2021-2024,F84_historico,K296,2
2021-2024,F84_historico,E668,2
2021-2024,F84_historico,K642,2
2021-2024,F84_historico,S198,2
2021-2024,F84_historico,E711,2
2021-2024,F84_historico,I850,2
2021-2024,F84_historico,S3270,2
2021-2024,F84_historico,N751,2
2021-2024,F84_historico,H271,2
2021-2024,F84_historico,N739,2
2021-2024,F84_historico,O688,2
2021-2024,F84_historico,Q505,2
2021-2024,F84_historico,P399,2
2021-2024,F84_historico,S3200,2
2021-2024,F84_historico,K638,2
2021-2024,F84_historico,S199,2
2021-2024,F84_historico,K259,2
2021-2024,F84_historico,D227,2
2021-2024,F84_historico,E538,2
2021-2024,F84_historico,S2200,2
2021-2024,F84_historico,K318,2
2021-2024,F84_historico,D410,2
2021-2024,F84_historico,K658,2
2021-2024,F84_historico,F308,2
2021-2024,F84_historico,S860,2
2021-2024,F84_historico,D236,2
2021-2024,F84_historico,O001,2
2021-2024,F84_historico,Q383,1
2021-2024,F84_historico,Z763,1
2021-2024,F84_historico,Z548,1
2021-2024,F84_historico,Q677,1
2021-2024,F84_historico,Q754,1
2021-2024,F84_historico,Q743,1
2021-2024,F84_historico,Q728,1
2021-2024,F84_historico,Q253,1
2021-2024,F84_historico,Q212,1
2021-2024,F84_historico,Q288,1
2021-2024,F84_historico,Z549,1
2021-2024,F84_historico,Z768,1
2021-2024,F84_historico,Q554,1
2021-2024,F84_historico,Q318,1
2021-2024,F84_historico,Q550,1
2021-2024,F84_historico,Q320,1
2021-2024,F84_historico,Q382,1
2021-2024,F84_historico,Q729,1
2021-2024,F84_historico,Q724,1
2021-2024,F84_historico,Q385,1
2021-2024,F84_historico,Q378,1
2021-2024,F84_historico,Z510,1
2021-2024,F84_historico,Q278,1
2021-2024,F84_historico,Q268,1
2021-2024,F84_historico,Q263,1
2021-2024,F84_historico,Q248,1
2021-2024,F84_historico,Q530,1
2021-2024,F84_historico,Q603,1
2021-2024,F84_historico,Q373,1
2021-2024,F84_historico,Q529,1
2021-2024,F84_historico,Q622,1
2021-2024,F84_historico,Q625,1
2021-2024,F84_historico,Q525,1
2021-2024,F84_historico,Z308,1
2021-2024,F84_historico,Q420,1
2021-2024,F84_historico,Q232,1
2021-2024,F84_historico,Q230,1
2021-2024,F84_historico,Q430,1
2021-2024,F84_historico,Q447,1
2021-2024,F84_historico,Q270,1
2021-2024,F84_historico,Q280,1
2021-2024,F84_historico,Q437,1
2021-2024,F84_historico,Q279,1
2021-2024,F84_historico,Q273,1
2021-2024,F84_historico,Q442,1
2021-2024,F84_historico,Q643,1
2021-2024,F84_historico,Q231,1
2021-2024,F84_historico,Q338,1
2021-2024,F84_historico,Q410,1
2021-2024,F84_historico,Q341,1
2021-2024,F84_historico,Q654,1
2021-2024,F84_historico,Z924,1
2021-2024,F84_historico,Q386,1
2021-2024,F84_historico,Q330,1
2021-2024,F84_historico,Q220,1
2021-2024,F84_historico,Q388,1
2021-2024,F84_historico,Z201,1
2021-2024,F84_historico,Q390,1
2021-2024,F84_historico,Q759,1
2021-2024,F84_historico,Q282,1
2021-2024,F84_historico,Z298,1
2021-2024,F84_historico,Q224,1
2021-2024,F84_historico,Q653,1
2021-2024,F84_historico,Q652,1
2021-2024,F84_historico,Q400,1
2021-2024,F84_historico,Q222,1
2021-2024,F84_historico,Q360,1
2021-2024,F84_historico,Q233,1
2021-2024,F84_historico,Z751,1
2021-2024,F84_historico,Z411,1
2021-2024,F84_historico,Q558,1
2021-2024,F84_historico,Q256,1
2021-2024,F84_historico,T371,1
2021-2024,F84_historico,Q761,1
2021-2024,F84_historico,S6250,1
2021-2024,F84_historico,S551,1
2021-2024,F84_historico,T474,1
2021-2024,F84_historico,T469,1
2021-2024,F84_historico,S562,1
2021-2024,F84_historico,S564,1
2021-2024,F84_historico,S598,1
2021-2024,F84_historico,S607,1
2021-2024,F84_historico,T454,1
2021-2024,F84_historico,T451,1
2021-2024,F84_historico,S6210,1
2021-2024,F84_historico,S6231,1
2021-2024,F84_historico,S6240,1
2021-2024,F84_historico,T449,1
2021-2024,F84_historico,T486,1
2021-2024,F84_historico,S630,1
2021-2024,F84_historico,S641,1
2021-2024,F84_historico,S663,1
2021-2024,F84_historico,S670,1
2021-2024,F84_historico,S678,1
2021-2024,F84_historico,T443,1
2021-2024,F84_historico,S700,1
2021-2024,F84_historico,S7271,1
2021-2024,F84_historico,S7291,1
2021-2024,F84_historico,S797,1
2021-2024,F84_historico,S800,1
2021-2024,F84_historico,S8221,1
2021-2024,F84_historico,T485,1
2021-2024,F84_historico,T492,1
2021-2024,F84_historico,T670,1
2021-2024,F84_historico,S5201,1
2021-2024,F84_historico,S4290,1
2021-2024,F84_historico,T609,1
2021-2024,F84_historico,S430,1
2021-2024,F84_historico,S499,1
2021-2024,F84_historico,T603,1
2021-2024,F84_historico,S500,1
2021-2024,F84_historico,S509,1
2021-2024,F84_historico,T600,1
2021-2024,F84_historico,S510,1
2021-2024,F84_historico,T594,1
2021-2024,F84_historico,T592,1
2021-2024,F84_historico,T578,1
2021-2024,F84_historico,T571,1
2021-2024,F84_historico,T493,1
2021-2024,F84_historico,T549,1
2021-2024,F84_historico,T539,1
2021-2024,F84_historico,S5231,1
2021-2024,F84_historico,T528,1
2021-2024,F84_historico,T522,1
2021-2024,F84_historico,T518,1
2021-2024,F84_historico,T512,1
2021-2024,F84_historico,T508,1
2021-2024,F84_historico,T502,1
2021-2024,F84_historico,T495,1
2021-2024,F84_historico,S5291,1
2021-2024,F84_historico,S530,1
2021-2024,F84_historico,S8251,1
2021-2024,F84_historico,S8291,1
2021-2024,F84_historico,S830,1
2021-2024,F84_historico,T241,1
2021-2024,F84_historico,T409,1
2021-2024,F84_historico,T201,1
2021-2024,F84_historico,T406,1
2021-2024,F84_historico,T404,1
2021-2024,F84_historico,T216,1
2021-2024,F84_historico,T220,1
2021-2024,F84_historico,T221,1
2021-2024,F84_historico,T399,1
2021-2024,F84_historico,T398,1
2021-2024,F84_historico,T394,1
2021-2024,F84_historico,T230,1
2021-2024,F84_historico,T392,1
2021-2024,F84_historico,T253,1
2021-2024,F84_historico,S831,1
2021-2024,F84_historico,T269,1
2021-2024,F84_historico,T270,1
2021-2024,F84_historico,T273,1
2021-2024,F84_historico,T276,1
2021-2024,F84_historico,T285,1
2021-2024,F84_historico,T389,1
2021-2024,F84_historico,T286,1
2021-2024,F84_historico,T381,1
2021-2024,F84_historico,T361,1
2021-2024,F84_historico,T363,1
2021-2024,F84_historico,T380,1
2021-2024,F84_historico,T368,1
2021-2024,F84_historico,T412,1
2021-2024,F84_historico,T180,1
2021-2024,F84_historico,T174,1
2021-2024,F84_historico,T171,1
2021-2024,F84_historico,S833,1
2021-2024,F84_historico,S834,1
2021-2024,F84_historico,S835,1
2021-2024,F84_historico,S851,1
2021-2024,F84_historico,S853,1
2021-2024,F84_historico,S900,1
2021-2024,F84_historico,S911,1
2021-2024,F84_historico,S9240,1
2021-2024,F84_historico,S9241,1
2021-2024,F84_historico,S9251,1
2021-2024,F84_historico,S9290,1
2021-2024,F84_historico,S933,1
2021-2024,F84_historico,S934,1
2021-2024,F84_historico,S997,1
2021-2024,F84_historico,S998,1
2021-2024,F84_historico,T009,1
2021-2024,F84_historico,T016,1
2021-2024,F84_historico,T018,1
2021-2024,F84_historico,T019,1
2021-2024,F84_historico,T07,1
2021-2024,F84_historico,T111,1
2021-2024,F84_historico,T131,1
2021-2024,F84_historico,T143,1
2021-2024,F84_historico,T148,1
2021-2024,F84_historico,T150,1
2021-2024,F84_historico,T639,1
2021-2024,F84_historico,S4241,1
2021-2024,F84_historico,Q781,1
2021-2024,F84_historico,S003,1
2021-2024,F84_historico,R443,1
2021-2024,F84_historico,Z046,1
2021-2024,F84_historico,Z044,1
2021-2024,F84_historico,R463,1
2021-2024,F84_historico,Z036,1
2021-2024,F84_historico,Z032,1
2021-2024,F84_historico,U072,1
2021-2024,F84_historico,R571,1
2021-2024,F84_historico,R628,1
2021-2024,F84_historico,R631,1
2021-2024,F84_historico,R91,1
2021-2024,F84_historico,S001,1
2021-2024,F84_historico,T952,1
2021-2024,F84_historico,Z090,1
2021-2024,F84_historico,T905,1
2021-2024,F84_historico,S017,1
2021-2024,F84_historico,S0201,1
2021-2024,F84_historico,T881,1
2021-2024,F84_historico,T861,1
2021-2024,F84_historico,S0221,1
2021-2024,F84_historico,S0231,1
2021-2024,F84_historico,S0261,1
2021-2024,F84_historico,S0270,1
2021-2024,F84_historico,T859,1
2021-2024,F84_historico,T858,1
2021-2024,F84_historico,T857,1
2021-2024,F84_historico,R440,1
2021-2024,F84_historico,R400,1
2021-2024,F84_historico,S4231,1
2021-2024,F84_historico,Q992,1
2021-2024,F84_historico,Q784,1
2021-2024,F84_historico,Q786,1
2021-2024,F84_historico,Q828,1
2021-2024,F84_historico,Q833,1
2021-2024,F84_historico,Z122,1
2021-2024,F84_historico,Q872,1
2021-2024,F84_historico,Q874,1
2021-2024,F84_historico,Q898,1
2021-2024,F84_historico,Q913,1
2021-2024,F84_historico,Q923,1
2021-2024,F84_historico,Q930,1
2021-2024,F84_historico,Q969,1
2021-2024,F84_historico,Q998,1
2021-2024,F84_historico,R33,1
2021-2024,F84_historico,R000,1
2021-2024,F84_historico,R001,1
2021-2024,F84_historico,R05,1
2021-2024,F84_historico,R072,1
2021-2024,F84_historico,R074,1
2021-2024,F84_historico,R090,1
2021-2024,F84_historico,Z099,1
2021-2024,F84_historico,R161,1
2021-2024,F84_historico,R230,1
2021-2024,F84_historico,R250,1
2021-2024,F84_historico,R260,1
2021-2024,F84_historico,Z092,1
2021-2024,F84_historico,S032,1
2021-2024,F84_historico,S033,1
2021-2024,F84_historico,S045,1
2021-2024,F84_historico,S3281,1
2021-2024,F84_historico,T811,1
2021-2024,F84_historico,T802,1
2021-2024,F84_historico,S2721,1
2021-2024,F84_historico,T797,1
2021-2024,F84_historico,S301,1
2021-2024,F84_historico,T784,1
2021-2024,F84_historico,S315,1
2021-2024,F84_historico,T782,1
2021-2024,F84_historico,S3210,1
2021-2024,F84_historico,S3230,1
2021-2024,F84_historico,S3240,1
2021-2024,F84_historico,T781,1
2021-2024,F84_historico,S3600,1
2021-2024,F84_historico,S053,1
2021-2024,F84_historico,S3610,1
2021-2024,F84_historico,S3611,1
2021-2024,F84_historico,S3631,1
2021-2024,F84_historico,S3661,1
2021-2024,F84_historico,S3680,1
2021-2024,F84_historico,S3681,1
2021-2024,F84_historico,S3701,1
2021-2024,F84_historico,S3710,1
2021-2024,F84_historico,S3721,1
2021-2024,F84_historico,S410,1
2021-2024,F84_historico,S417,1
2021-2024,F84_historico,T743,1
2021-2024,F84_historico,S250,1
2021-2024,F84_historico,S241,1
2021-2024,F84_historico,S2240,1
2021-2024,F84_historico,S2210,1
2021-2024,F84_historico,S056,1
2021-2024,F84_historico,S059,1
2021-2024,F84_historico,S0621,1
2021-2024,F84_historico,T843,1
2021-2024,F84_historico,T840,1
2021-2024,F84_historico,S0641,1
2021-2024,F84_historico,T829,1
2021-2024,F84_historico,S0681,1
2021-2024,F84_historico,T827,1
2021-2024,F84_historico,S0691,1
2021-2024,F84_historico,S081,1
2021-2024,F84_historico,S109,1
2021-2024,F84_historico,S117,1
2021-2024,F84_historico,T824,1
2021-2024,F84_historico,T815,1
2021-2024,F84_historico,T813,1
2021-2024,F84_historico,S1270,1
2021-2024,F84_historico,S131,1
2021-2024,F84_historico,S134,1
2021-2024,F84_historico,S141,1
2021-2024,F84_historico,S142,1
2021-2024,F84_historico,S152,1
2021-2024,F84_historico,S202,1
2021-2024,F84_historico,S211,1
2021-2024,F84_historico,S217,1
2021-2024,F84_historico,S561,1
2021-2024,F84_historico,L892,1
2021-2024,F84_historico,Q200,1
2021-2024,F84_historico,F401,1
2021-2024,F84_historico,G820,1
2021-2024,F84_historico,G811,1
2021-2024,F84_historico,G808,1
2021-2024,F84_historico,G724,1
2021-2024,F84_historico,G712,1
2021-2024,F84_historico,G709,1
2021-2024,F84_historico,G702,1
2021-2024,F84_historico,G628,1
2021-2024,F84_historico,G619,1
2021-2024,F84_historico,G561,1
2021-2024,F84_historico,G530,1
2021-2024,F84_historico,G521,1
2021-2024,F84_historico,G472,1
2021-2024,F84_historico,G459,1
2021-2024,F84_historico,G453,1
2021-2024,F84_historico,G438,1
2021-2024,F84_historico,G412,1
2021-2024,F84_historico,G839,1
2021-2024,F84_historico,G911,1
2021-2024,F84_historico,G92,1
2021-2024,F84_historico,H028,1
2021-2024,F84_historico,H168,1
2021-2024,F84_historico,H160,1
2021-2024,F84_historico,H158,1
2021-2024,F84_historico,H131,1
2021-2024,F84_historico,H103,1
2021-2024,F84_historico,H045,1
2021-2024,F84_historico,H043,1
2021-2024,F84_historico,H024,1
2021-2024,F84_historico,G936,1
2021-2024,F84_historico,H001,1
2021-2024,F84_historico,G972,1
2021-2024,F84_historico,G961,1
2021-2024,F84_historico,G958,1
2021-2024,F84_historico,G948,1
2021-2024,F84_historico,G942,1
2021-2024,F84_historico,G939,1
2021-2024,F84_historico,G379,1
2021-2024,F84_historico,G378,1
2021-2024,F84_historico,G360,1
2021-2024,F84_historico,F688,1
2021-2024,F84_historico,F789,1
2021-2024,F84_historico,F788,1
2021-2024,F84_historico,F720,1
2021-2024,F84_historico,F718,1
2021-2024,F84_historico,F710,1
2021-2024,F84_historico,F701,1
2021-2024,F84_historico,F700,1
2021-2024,F84_historico,F607,1
2021-2024,F84_historico,F808,1
2021-2024,F84_historico,F605,1
2021-2024,F84_historico,F514,1
2021-2024,F84_historico,F513,1
2021-2024,F84_historico,F505,1
2021-2024,F84_historico,F503,1
2021-2024,F84_historico,F458,1
2021-2024,F84_historico,F451,1
2021-2024,F84_historico,F798,1
2021-2024,F84_historico,F844,1
2021-2024,F84_historico,G309,1
2021-2024,F84_historico,G062,1
2021-2024,F84_historico,G253,1
2021-2024,F84_historico,G243,1
2021-2024,F84_historico,G128,1
2021-2024,F84_historico,G122,1
2021-2024,F84_historico,G120,1
2021-2024,F84_historico,G118,1
2021-2024,F84_historico,G113,1
2021-2024,F84_historico,G051,1
2021-2024,F84_historico,F912,1
2021-2024,F84_historico,G042,1
2021-2024,F84_historico,G001,1
2021-2024,F84_historico,F981,1
2021-2024,F84_historico,F958,1
2021-2024,F84_historico,F949,1
2021-2024,F84_historico,F948,1
2021-2024,F84_historico,F930,1
2021-2024,F84_historico,H208,1
2021-2024,F84_historico,H262,1
2021-2024,F84_historico,H268,1
2021-2024,F84_historico,I509,1
2021-2024,F84_historico,I634,1
2021-2024,F84_historico,I633,1
2021-2024,F84_historico,I619,1
2021-2024,F84_historico,I613,1
2021-2024,F84_historico,I612,1
2021-2024,F84_historico,I611,1
2021-2024,F84_historico,I514,1
2021-2024,F84_historico,I501,1
2021-2024,F84_historico,I660,1
2021-2024,F84_historico,I498,1
2021-2024,F84_historico,I495,1
2021-2024,F84_historico,I494,1
2021-2024,F84_historico,I489,1
2021-2024,F84_historico,I479,1
2021-2024,F84_historico,I470,1
2021-2024,F84_historico,I461,1
2021-2024,F84_historico,I635,1
2021-2024,F84_historico,I668,1
2021-2024,F84_historico,I443,1
2021-2024,F84_historico,I878,1
2021-2024,F84_historico,J152,1
2021-2024,F84_historico,J118,1
2021-2024,F84_historico,J041,1
2021-2024,F84_historico,J038,1
2021-2024,F84_historico,J012,1
2021-2024,F84_historico,J010,1
2021-2024,F84_historico,I881,1
2021-2024,F84_historico,I832,1
2021-2024,F84_historico,I670,1
2021-2024,F84_historico,I743,1
2021-2024,F84_historico,I742,1
2021-2024,F84_historico,I714,1
2021-2024,F84_historico,I712,1
2021-2024,F84_historico,I7010,1
2021-2024,F84_historico,I676,1
2021-2024,F84_historico,I675,1
2021-2024,F84_historico,I459,1
2021-2024,F84_historico,I422,1
2021-2024,F84_historico,H333,1
2021-2024,F84_historico,H499,1
2021-2024,F84_historico,H728,1
2021-2024,F84_historico,H708,1
2021-2024,F84_historico,H702,1
2021-2024,F84_historico,H701,1
2021-2024,F84_historico,H608,1
2021-2024,F84_historico,H602,1
2021-2024,F84_historico,H600,1
2021-2024,F84_historico,H492,1
2021-2024,F84_historico,H908,1
2021-2024,F84_historico,H490,1
2021-2024,F84_historico,H471,1
2021-2024,F84_historico,H470,1
2021-2024,F84_historico,H441,1
2021-2024,F84_historico,H431,1
2021-2024,F84_historico,H405,1
2021-2024,F84_historico,H334,1
2021-2024,F84_historico,H902,1
2021-2024,F84_historico,H950,1
2021-2024,F84_historico,I408,1
2021-2024,F84_historico,I269,1
2021-2024,F84_historico,I352,1
2021-2024,F84_historico,I351,1
2021-2024,F84_historico,I319,1
2021-2024,F84_historico,I313,1
2021-2024,F84_historico,I301,1
2021-2024,F84_historico,I272,1
2021-2024,F84_historico,I270,1
2021-2024,F84_historico,I251,1
2021-2024,F84_historico,I029,1
2021-2024,F84_historico,I249,1
2021-2024,F84_historico,I209,1
2021-2024,F84_historico,I158,1
2021-2024,F84_historico,I151,1
2021-2024,F84_historico,I129,1
2021-2024,F84_historico,I080,1
2021-2024,F84_historico,I050,1
2021-2024,F84_historico,F413,1
2021-2024,F84_historico,F400,1
2021-2024,F84_historico,J156,1
2021-2024,F84_historico,F334,1
2021-2024,F84_historico,C723,1
2021-2024,F84_historico,C720,1
2021-2024,F84_historico,C696,1
2021-2024,F84_historico,C692,1
2021-2024,F84_historico,C541,1
2021-2024,F84_historico,C499,1
2021-2024,F84_historico,C492,1
2021-2024,F84_historico,C491,1
2021-2024,F84_historico,C442,1
2021-2024,F84_historico,C439,1
2021-2024,F84_historico,C433,1
2021-2024,F84_historico,C384,1
2021-2024,F84_historico,C229,1
2021-2024,F84_historico,C224,1
2021-2024,F84_historico,C222,1
2021-2024,F84_historico,C20,1
2021-2024,F84_historico,C169,1
2021-2024,F84_historico,C751,1
2021-2024,F84_historico,C780,1
2021-2024,F84_historico,C787,1
2021-2024,F84_historico,D106,1
2021-2024,F84_historico,D175,1
2021-2024,F84_historico,D167,1
2021-2024,F84_historico,D164,1
2021-2024,F84_historico,D161,1
2021-2024,F84_historico,D134,1
2021-2024,F84_historico,D126,1
2021-2024,F84_historico,D119,1
2021-2024,F84_historico,D105,1
2021-2024,F84_historico,C819,1
2021-2024,F84_historico,D101,1
2021-2024,F84_historico,C957,1
2021-2024,F84_historico,C921,1
2021-2024,F84_historico,C859,1
2021-2024,F84_historico,C857,1
2021-2024,F84_historico,C837,1
2021-2024,F84_historico,C821,1
2021-2024,F84_historico,B909,1
2021-2024,F84_historico,B829,1
2021-2024,F84_historico,B354,1
2021-2024,F84_historico,A260,1
2021-2024,F84_historico,A498,1
2021-2024,F84_historico,A440,1
2021-2024,F84_historico,A415,1
2021-2024,F84_historico,A411,1
2021-2024,F84_historico,A392,1
2021-2024,F84_historico,A390,1
2021-2024,F84_historico,A279,1
2021-2024,F84_historico,A239,1
2021-2024,F84_historico,A522,1
2021-2024,F84_historico,A156,1
2021-2024,F84_historico,A152,1
2021-2024,F84_historico,A150,1
2021-2024,F84_historico,A071,1
2021-2024,F84_historico,A046,1
2021-2024,F84_historico,A042,1
2021-2024,F84_historico,A038,1
2021-2024,F84_historico,A502,1
2021-2024,F84_historico,A880,1
2021-2024,F84_historico,B351,1
2021-2024,F84_historico,B07,1
2021-2024,F84_historico,B300,1
2021-2024,F84_historico,B269,1
2021-2024,F84_historico,B178,1
2021-2024,F84_historico,B169,1
2021-2024,F84_historico,B159,1
2021-2024,F84_historico,B088,1
2021-2024,F84_historico,B082,1
2021-2024,F84_historico,B027,1
2021-2024,F84_historico,A90,1
2021-2024,F84_historico,B012,1
2021-2024,F84_historico,B009,1
2021-2024,F84_historico,B005,1
2021-2024,F84_historico,B004,1
2021-2024,F84_historico,B003,1
2021-2024,F84_historico,B001,1
2021-2024,F84_historico,B000,1
2021-2024,F84_historico,D176,1
2021-2024,F84_historico,D177,1
2021-2024,F84_historico,D181,1
2021-2024,F84_historico,E611,1
2021-2024,F84_historico,E850,1
2021-2024,F84_historico,E841,1
2021-2024,F84_historico,E761,1
2021-2024,F84_historico,E760,1
2021-2024,F84_historico,E752,1
2021-2024,F84_historico,E740,1
2021-2024,F84_historico,E669,1
2021-2024,F84_historico,E507,1
2021-2024,F84_historico,F050,1
2021-2024,F84_historico,E45,1
2021-2024,F84_historico,E41,1
2021-2024,F84_historico,E343,1
2021-2024,F84_historico,E308,1
2021-2024,F84_historico,E271,1
2021-2024,F84_historico,E250,1
2021-2024,F84_historico,E236,1
2021-2024,F84_historico,E880,1
2021-2024,F84_historico,F062,1
2021-2024,F84_historico,E148,1
2021-2024,F84_historico,F190,1
2021-2024,F84_historico,F333,1
2021-2024,F84_historico,F331,1
2021-2024,F84_historico,F310,1
2021-2024,F84_historico,F252,1
2021-2024,F84_historico,F251,1
2021-2024,F84_historico,F199,1
2021-2024,F84_historico,F197,1
2021-2024,F84_historico,F143,1
2021-2024,F84_historico,F065,1
2021-2024,F84_historico,F141,1
2021-2024,F84_historico,F129,1
2021-2024,F84_historico,F127,1
2021-2024,F84_historico,F125,1
2021-2024,F84_historico,F105,1
2021-2024,F84_historico,F100,1
2021-2024,F84_historico,F079,1
2021-2024,F84_historico,E222,1
2021-2024,F84_historico,E145,1
2021-2024,F84_historico,D211,1
2021-2024,F84_historico,D337,1
2021-2024,F84_historico,D483,1
2021-2024,F84_historico,D471,1
2021-2024,F84_historico,D441,1
2021-2024,F84_historico,D440,1
2021-2024,F84_historico,D431,1
2021-2024,F84_historico,D414,1
2021-2024,F84_historico,D380,1
2021-2024,F84_historico,D334,1
2021-2024,F84_historico,D500,1
2021-2024,F84_historico,D329,1
2021-2024,F84_historico,D316,1
2021-2024,F84_historico,D293,1
2021-2024,F84_historico,D287,1
2021-2024,F84_historico,D252,1
2021-2024,F84_historico,D239,1
2021-2024,F84_historico,D223,1
2021-2024,F84_historico,D484,1
2021-2024,F84_historico,D529,1
2021-2024,F84_historico,E118,1
2021-2024,F84_historico,D729,1
2021-2024,F84_historico,E100,1
2021-2024,F84_historico,E063,1
2021-2024,F84_historico,E060,1
2021-2024,F84_historico,E041,1
2021-2024,F84_historico,D820,1
2021-2024,F84_historico,D812,1
2021-2024,F84_historico,D763,1
2021-2024,F84_historico,D721,1
2021-2024,F84_historico,D539,1
2021-2024,F84_historico,D71,1
2021-2024,F84_historico,D692,1
2021-2024,F84_historico,D689,1
2021-2024,F84_historico,D688,1
2021-2024,F84_historico,D684,1
2021-2024,F84_historico,D683,1
2021-2024,F84_historico,D680,1
2021-2024,F84_historico,J155,1
2021-2024,F84_historico,J168,1
2021-2024,F84_historico,Q188,1
2021-2024,F84_historico,M4788,1
2021-2024,F84_historico,M8998,1
2021-2024,F84_historico,M8987,1
2021-2024,F84_historico,M8699,1
2021-2024,F84_historico,M8698,1
2021-2024,F84_historico,M8691,1
2021-2024,F84_historico,M8688,1
2021-2024,F84_historico,M8684,1
2021-2024,F84_historico,M8665,1
2021-2024,F84_historico,M8664,1
2021-2024,F84_historico,M8618,1
2021-2024,F84_historico,M8617,1
2021-2024,F84_historico,M8616,1
2021-2024,F84_historico,M8615,1
2021-2024,F84_historico,M8614,1
2021-2024,F84_historico,M8606,1
2021-2024,F84_historico,M8605,1
2021-2024,F84_historico,M8589,1
2021-2024,F84_historico,M9135,1
2021-2024,F84_historico,M922,1
2021-2024,F84_historico,M925,1
2021-2024,F84_historico,N082,1
2021-2024,F84_historico,N210,1
2021-2024,F84_historico,N209,1
2021-2024,F84_historico,N189,1
2021-2024,F84_historico,N184,1
2021-2024,F84_historico,N137,1
2021-2024,F84_historico,N136,1
2021-2024,F84_historico,N135,1
2021-2024,F84_historico,N058,1
2021-2024,F84_historico,M938,1
2021-2024,F84_historico,N040,1
2021-2024,F84_historico,N039,1
2021-2024,F84_historico,N029,1
2021-2024,F84_historico,N008,1
2021-2024,F84_historico,N001,1
2021-2024,F84_historico,M9971,1
2021-2024,F84_historico,M9488,1
2021-2024,F84_historico,M8588,1
2021-2024,F84_historico,M8566,1
2021-2024,F84_historico,M8562,1
2021-2024,F84_historico,M6097,1
2021-2024,F84_historico,M6654,1
2021-2024,F84_historico,M6597,1
2021-2024,F84_historico,M6596,1
2021-2024,F84_historico,M6534,1
2021-2024,F84_historico,M6288,1
2021-2024,F84_historico,M6255,1
2021-2024,F84_historico,M6246,1
2021-2024,F84_historico,M6096,1
2021-2024,F84_historico,M7022,1
2021-2024,F84_historico,M6089,1
2021-2024,F84_historico,M5459,1
2021-2024,F84_historico,M5456,1
2021-2024,F84_historico,M5449,1
2021-2024,F84_historico,M5338,1
2021-2024,F84_historico,M512,1
2021-2024,F84_historico,M511,1
2021-2024,F84_historico,M674,1
2021-2024,F84_historico,M7046,1
2021-2024,F84_historico,M8555,1
2021-2024,F84_historico,M8403,1
2021-2024,F84_historico,M8542,1
2021-2024,F84_historico,M8502,1
2021-2024,F84_historico,M8448,1
2021-2024,F84_historico,M8445,1
2021-2024,F84_historico,M8443,1
2021-2024,F84_historico,M8423,1
2021-2024,F84_historico,M8416,1
2021-2024,F84_historico,M8159,1
2021-2024,F84_historico,M7075,1
2021-2024,F84_historico,M8098,1
2021-2024,F84_historico,M7960,1
2021-2024,F84_historico,M7954,1
2021-2024,F84_historico,M7605,1
2021-2024,F84_historico,M7138,1
2021-2024,F84_historico,M7137,1
2021-2024,F84_historico,M7134,1
2021-2024,F84_historico,N23,1
2021-2024,F84_historico,N288,1
2021-2024,F84_historico,N289,1
2021-2024,F84_historico,O839,1
2021-2024,F84_historico,P251,1
2021-2024,F84_historico,P229,1
2021-2024,F84_historico,P219,1
2021-2024,F84_historico,P130,1
2021-2024,F84_historico,P070,1
2021-2024,F84_historico,O998,1
2021-2024,F84_historico,O991,1
2021-2024,F84_historico,O821,1
2021-2024,F84_historico,P360,1
2021-2024,F84_historico,O813,1
2021-2024,F84_historico,O758,1
2021-2024,F84_historico,O709,1
2021-2024,F84_historico,O701,1
2021-2024,F84_historico,O698,1
2021-2024,F84_historico,O689,1
2021-2024,F84_historico,O668,1
2021-2024,F84_historico,P293,1
2021-2024,F84_historico,P364,1
2021-2024,F84_historico,O641,1
2021-2024,F84_historico,P928,1
2021-2024,F84_historico,Q123,1
2021-2024,F84_historico,Q069,1
2021-2024,F84_historico,Q057,1
2021-2024,F84_historico,Q046,1
2021-2024,F84_historico,Q044,1
2021-2024,F84_historico,Q031,1
2021-2024,F84_historico,P968,1
2021-2024,F84_historico,P919,1
2021-2024,F84_historico,P368,1
2021-2024,F84_historico,P90,1
2021-2024,F84_historico,P781,1
2021-2024,F84_historico,P728,1
2021-2024,F84_historico,P701,1
2021-2024,F84_historico,P700,1
2021-2024,F84_historico,P520,1
2021-2024,F84_historico,P38,1
2021-2024,F84_historico,O664,1
2021-2024,F84_historico,O621,1
2021-2024,F84_historico,N360,1
2021-2024,F84_historico,N803,1
2021-2024,F84_historico,N948,1
2021-2024,F84_historico,N940,1
2021-2024,F84_historico,N922,1
2021-2024,F84_historico,N920,1
2021-2024,F84_historico,N870,1
2021-2024,F84_historico,N840,1
2021-2024,F84_historico,N831,1
2021-2024,F84_historico,N750,1
2021-2024,F84_historico,N995,1
2021-2024,F84_historico,N709,1
2021-2024,F84_historico,N700,1
2021-2024,F84_historico,N61,1
2021-2024,F84_historico,N492,1
2021-2024,F84_historico,N488,1
2021-2024,F84_historico,N482,1
2021-2024,F84_historico,N410,1
2021-2024,F84_historico,N991,1
2021-2024,F84_historico,O028,1
2021-2024,F84_historico,O620,1
2021-2024,F84_historico,O233,1
2021-2024,F84_historico,O601,1
2021-2024,F84_historico,O470,1
2021-2024,F84_historico,O368,1
2021-2024,F84_historico,O363,1
2021-2024,F84_historico,O339,1
2021-2024,F84_historico,O280,1
2021-2024,F84_historico,O240,1
2021-2024,F84_historico,O230,1
2021-2024,F84_historico,O036,1
2021-2024,F84_historico,O218,1
2021-2024,F84_historico,O121,1
2021-2024,F84_historico,O068,1
2021-2024,F84_historico,O064,1
2021-2024,F84_historico,O060,1
2021-2024,F84_historico,O048,1
2021-2024,F84_historico,O044,1
2021-2024,F84_historico,M4794,1
2021-2024,F84_historico,M4699,1
2021-2024,F84_historico,J218,1
2021-2024,F84_historico,M4695,1
2021-2024,F84_historico,K560,1
2021-2024,F84_historico,K551,1
2021-2024,F84_historico,K523,1
2021-2024,F84_historico,K521,1
2021-2024,F84_historico,K515,1
2021-2024,F84_historico,K508,1
2021-2024,F84_historico,K440,1
2021-2024,F84_historico,K419,1
2021-2024,F84_historico,K316,1
2021-2024,F84_historico,K314,1
2021-2024,F84_historico,K311,1
2021-2024,F84_historico,K30,1
2021-2024,F84_historico,K298,1
2021-2024,F84_historico,K295,1
2021-2024,F84_historico,K294,1
2021-2024,F84_historico,K275,1
2021-2024,F84_historico,K269,1
2021-2024,F84_historico,K573,1
2021-2024,F84_historico,K580,1
2021-2024,F84_historico,K598,1
2021-2024,F84_historico,K661,1
2021-2024,F84_historico,K824,1
2021-2024,F84_historico,K819,1
2021-2024,F84_historico,K811,1
2021-2024,F84_historico,K721,1
2021-2024,F84_historico,K712,1
2021-2024,F84_historico,K703,1
2021-2024,F84_historico,K668,1
2021-2024,F84_historico,K660,1
2021-2024,F84_historico,K605,1
2021-2024,F84_historico,K649,1
2021-2024,F84_historico,K643,1
2021-2024,F84_historico,K635,1
2021-2024,F84_historico,K633,1
2021-2024,F84_historico,K628,1
2021-2024,F84_historico,K626,1
2021-2024,F84_historico,K612,1
2021-2024,F84_historico,K264,1
2021-2024,F84_historico,K253,1
2021-2024,F84_historico,K228,1
2021-2024,F84_historico,J348,1
2021-2024,F84_historico,J698,1
2021-2024,F84_historico,J451,1
2021-2024,F84_historico,J439,1
2021-2024,F84_historico,J392,1
2021-2024,F84_historico,J387,1
2021-2024,F84_historico,J381,1
2021-2024,F84_historico,J359,1
2021-2024,F84_historico,J341,1
2021-2024,F84_historico,J860,1
2021-2024,F84_historico,J339,1
2021-2024,F84_historico,J328,1
2021-2024,F84_historico,J324,1
2021-2024,F84_historico,J322,1
2021-2024,F84_historico,J320,1
2021-2024,F84_historico,J310,1
2021-2024,F84_historico,J304,1
2021-2024,F84_historico,J81,1
2021-2024,F84_historico,J930,1
2021-2024,F84_historico,K226,1
2021-2024,F84_historico,K114,1
2021-2024,F84_historico,K220,1
2021-2024,F84_historico,K210,1
2021-2024,F84_historico,K134,1
2021-2024,F84_historico,K120,1
2021-2024,F84_historico,K117,1
2021-2024,F84_historico,K116,1
2021-2024,F84_historico,K115,1
2021-2024,F84_historico,K108,1
2021-2024,F84_historico,J980,1
2021-2024,F84_historico,K082,1
2021-2024,F84_historico,K076,1
2021-2024,F84_historico,K072,1
2021-2024,F84_historico,K070,1
2021-2024,F84_historico,K061,1
2021-2024,F84_historico,K053,1
2021-2024,F84_historico,K048,1
2021-2024,F84_historico,K830,1
2021-2024,F84_historico,K838,1
2021-2024,F84_historico,K852,1
2021-2024,F84_historico,M2441,1
2021-2024,F84_historico,M2550,1
2021-2024,F84_historico,M2531,1
2021-2024,F84_historico,M2508,1
2021-2024,F84_historico,M2486,1
2021-2024,F84_historico,M2448,1
2021-2024,F84_historico,M2446,1
2021-2024,F84_historico,M2445,1
2021-2024,F84_historico,M2361,1
2021-2024,F84_historico,M321,1
2021-2024,F84_historico,M2350,1
2021-2024,F84_historico,M2322,1
2021-2024,F84_historico,M2167,1
2021-2024,F84_historico,M2154,1
2021-2024,F84_historico,M2117,1
2021-2024,F84_historico,M2107,1
2021-2024,F84_historico,M204,1
2021-2024,F84_historico,M2556,1
2021-2024,F84_historico,M358,1
2021-2024,F84_historico,M1395,1
2021-2024,F84_historico,M4184,1
2021-2024,F84_historico,M4634,1
2021-2024,F84_historico,M4624,1
2021-2024,F84_historico,M4617,1
2021-2024,F84_historico,M4317,1
2021-2024,F84_historico,M4307,1
2021-2024,F84_historico,M4205,1
2021-2024,F84_historico,M4185,1
2021-2024,F84_historico,M4155,1
2021-2024,F84_historico,M4015,1
2021-2024,F84_historico,M4149,1
2021-2024,F84_historico,M4146,1
2021-2024,F84_historico,M4144,1
2021-2024,F84_historico,M4140,1
2021-2024,F84_historico,M4129,1
2021-2024,F84_historico,M4125,1
2021-2024,F84_historico,M4110,1
2021-2024,F84_historico,M169,1
2021-2024,F84_historico,M0897,1
2021-2024,F84_historico,K853,1
2021-2024,F84_historico,K929,1
2021-2024,F84_historico,L298,1
2021-2024,F84_historico,L255,1
2021-2024,F84_historico,L211,1
2021-2024,F84_historico,L089,1
2021-2024,F84_historico,L080,1
2021-2024,F84_historico,L048,1
2021-2024,F84_historico,L029,1
2021-2024,F84_historico,K928,1
2021-2024,F84_historico,L308,1
2021-2024,F84_historico,K912,1
2021-2024,F84_historico,K911,1
2021-2024,F84_historico,K909,1
2021-2024,F84_historico,K908,1
2021-2024,F84_historico,K904,1
2021-2024,F84_historico,K900,1
2021-2024,F84_historico,K863,1
2021-2024,F84_historico,L301,1
2021-2024,F84_historico,L42,1
2021-2024,F84_historico,M0896,1
2021-2024,F84_historico,L984,1
2021-2024,F84_historico,M0885,1
2021-2024,F84_historico,M0829,1
2021-2024,F84_historico,M0809,1
2021-2024,F84_historico,M0808,1
2021-2024,F84_historico,M0807,1
2021-2024,F84_historico,M0092,1
2021-2024,F84_historico,L989,1
2021-2024,F84_historico,L980,1
2021-2024,F84_historico,L52,1
2021-2024,F84_historico,L931,1
2021-2024,F84_historico,L893,1
2021-2024,F84_historico,A021,1
2021-2024,F84_historico,L732,1
2021-2024,F84_historico,L721,1
2021-2024,F84_historico,L551,1
2021-2024,F84_historico,L539,1
2021-2024,F84_historico,Z931,1
