unit,year,cut_region,sex,count,population,crude,crude_lo,crude_hi,asr,asr_lo,asr_hi,asr_var,groups_missing,period,region
records,2019.0,1,HOMBRE,58.0,186270.0,31.137595962849627,23.644082074542197,40.25256334605388,34.73474398278152,26.35974854005344,45.085392341043566,20.886488637086412,0,2019,Tarapacá
records,2019.0,1,MUJER,10.0,182636.0,5.4753717777437085,2.6256535930114726,10.069403645512264,6.239882964442219,2.9879024560856804,11.575674258479866,3.9066749942328203,0,2019,Tarapacá
records,2019.0,1,TOTAL,68.0,368906.0,18.43287992063019,14.31385251327505,23.368067517478583,20.781128618549346,16.128668391910356,26.38620592475183,6.37626310829343,0,2019,Tarapacá
records,2019.0,2,HOMBRE,78.0,336667.0,23.168293892778323,18.31357489894178,28.915079307110524,27.075846489427864,21.38428634356358,33.95097787256984,9.462478124139528,0,2019,Antofagasta
records,2019.0,2,MUJER,32.0,331896.0,9.641574469110806,6.59482979948073,13.611026369531562,11.662248356758218,7.969376966690304,16.499643263000692,4.269714124829341,0,2019,Antofagasta
records,2019.0,2,TOTAL,110.0,668563.0,16.453198875797792,13.522528481593463,19.830554043048203,19.5433478139449,16.052033414280366,23.578863367908824,3.4937031506127236,0,2019,Antofagasta
records,2019.0,3,HOMBRE,29.0,157283.0,18.438102019925868,12.348286297659593,26.48019012772302,20.018250006242514,13.392765107874043,28.914040226098532,13.88267466368436,0,2019,Atacama
records,2019.0,3,MUJER,8.0,154024.0,5.1939957409234925,2.242398701987029,10.234242209131896,5.923635182737001,2.546080214621817,11.873220552200157,4.4245244541009345,0,2019,Atacama
records,2019.0,3,TOTAL,37.0,311307.0,11.885373602264004,8.368399864797782,16.382421899260482,13.095220616369678,9.210057786672817,18.132137180296862,4.661579821681254,0,2019,Atacama
records,2019.0,4,HOMBRE,84.0,402663.0,20.861117112821393,16.639644004983325,25.827482477875467,24.8204491435965,19.77783270187118,30.794755544450467,7.395900721629992,0,2019,Coquimbo
records,2019.0,4,MUJER,21.0,419063.0,5.011179703290436,3.1019992182741465,7.660120491416184,6.559322841263398,4.055848479116525,10.075930775589253,2.057207189326918,0,2019,Coquimbo
records,2019.0,4,TOTAL,105.0,821726.0,12.777981955055578,10.451123284437655,15.468526232446806,15.813589854102341,12.921458143077961,19.178611864101544,2.4034478643004777,0,2019,Coquimbo
records,2019.0,5,HOMBRE,164.0,946578.0,17.325566408684757,14.775365846894854,20.189520739618498,22.398038294498576,19.08018043578903,26.143244906303288,3.0997781132331848,0,2019,Valparaíso
records,2019.0,5,MUJER,62.0,988877.0,6.269738299100899,4.806972402651956,8.037521539660267,8.94139394574139,6.846209745965699,11.492926862359644,1.3016067220662206,0,2019,Valparaíso
records,2019.0,5,TOTAL,226.0,1935455.0,11.67684084620929,10.20398615531341,13.302571436734402,15.796462615991011,13.791671207799778,18.018756093189218,1.118278002032229,0,2019,Valparaíso
records,2019.0,6,HOMBRE,63.0,489662.0,12.866017783695693,9.886601328158452,16.461225761217023,16.125029129167412,12.377800306645787,20.68684246858641,4.158408964641493,0,2019,O'Higgins
records,2019.0,6,MUJER,24.0,489206.0,4.90590875827361,3.1433083107497586,7.299603355999969,6.666766748058531,4.267783939178819,9.955492211761245,1.8584619067088288,0,2019,O'Higgins
records,2019.0,6,TOTAL,87.0,978868.0,8.887817356374915,7.118777356683404,10.963089873458303,11.487376431663392,9.193375577703026,14.196479880097574,1.5274079515146632,0,2019,O'Higgins
records,2019.0,7,HOMBRE,61.0,550096.0,11.088973560978447,8.482186120419442,14.244250442620212,13.978615723196175,10.684895696638234,17.988912623257157,3.219321415663674,0,2019,Maule
records,2019.0,7,MUJER,27.0,568851.0,4.746409868313495,3.1279140111847874,6.905777162237938,6.02921606218906,3.9454381790169246,8.859372889364657,1.387688914839966,0,2019,Maule
records,2019.0,7,TOTAL,88.0,1118947.0,7.864536926235112,6.307588587403766,9.689329453714455,10.07059314754755,8.064966201499775,12.43591176968064,1.1671491510783256,0,2019,Maule
records,2019.0,8,HOMBRE,286.0,806588.0,35.45800334247472,31.467251821855598,39.814709299904145,44.61934574835048,39.58034809866649,50.14192135776425,7.010246935389925,0,2019,Biobío
records,2019.0,8,MUJER,80.0,848156.0,9.432227090299426,7.479169467761868,11.739223087196043,12.926617001237101,10.233517278261271,16.133443005858354,2.116171950787451,0,2019,Biobío
records,2019.0,8,TOTAL,366.0,1654744.0,22.118224933887053,19.910006109411793,24.504425105769993,29.051893882805032,26.13928949189827,32.210265527090044,2.3259313724504,0,2019,Biobío
records,2019.0,9,HOMBRE,86.0,492834.0,17.450094758072698,13.95782337342188,21.550725068064942,20.859343816872187,16.673824600674642,25.812243094606167,5.087656581725654,0,2019,La Araucanía
records,2019.0,9,MUJER,21.0,515131.0,4.076632934146848,2.5235000386457402,6.231566482107154,5.276071568598065,3.2628804198450774,8.117319292628556,1.3302397608734016,0,2019,La Araucanía
records,2019.0,9,TOTAL,107.0,1007965.0,10.615447957022317,8.699615780015753,12.827682239056351,13.15140455566876,10.770780190870061,15.92018043672191,1.6266669998521686,0,2019,La Araucanía
records,2019.0,10,HOMBRE,100.0,440258.0,22.71395409055599,18.480979618978676,27.626254103826934,28.603617055211707,23.24928904973762,34.861480497808294,8.258837730160009,0,2019,Los Lagos
records,2019.0,10,MUJER,40.0,444206.0,9.004831091880794,6.433183352271011,12.262024142849052,11.928876390836859,8.507356016111403,16.31258937536368,3.5914289675472917,0,2019,Los Lagos
records,2019.0,10,TOTAL,140.0,884464.0,15.828795745219704,13.315473691778331,18.67859973959042,20.393745977283164,17.14033063197849,24.104933501687984,3.0001175303844585,0,2019,Los Lagos
records,2019.0,11,HOMBRE,15.0,54038.0,27.758244198526963,15.536078560981744,45.78300246398061,34.949164875665346,19.5043719789869,58.39323827804338,82.1376719522904,0,2019,Aysén
records,2019.0,11,MUJER,0.0,52642.0,0.0,0.0,7.007483481087222,0.0,0.0,11.002533546223088,0.0,0,2019,Aysén
records,2019.0,11,TOTAL,15.0,106680.0,14.0607424071991,7.86969078813584,23.19105630997923,18.080362925572484,10.089637224618663,30.22570029278077,21.986852765997586,0,2019,Aysén
records,2019.0,12,HOMBRE,54.0,89455.0,60.365546923033925,45.34845673528003,78.7639443225205,79.1234453511224,59.3433691988976,103.70559144838732,117.16776879775378,0,2019,Magallanes
records,2019.0,12,MUJER,8.0,86529.0,9.24545528088849,3.991531367227752,18.217232627435095,12.761193585869728,5.455876497509642,25.588376951378134,20.747859833490068,0,2019,Magallanes
records,2019.0,12,TOTAL,62.0,175984.0,35.230475497772524,27.011003549284357,45.16387960027403,47.171418017704376,36.11599159794266,60.685267156464654,36.24082573286976,0,2019,Magallanes
records,2019.0,13,HOMBRE,522.0,3903339.0,13.373165897197246,12.250399544130447,14.571173584615012,17.213372499611992,15.758855935399431,18.768221407565317,0.5751518374336978,0,2019,Metropolitana
records,2019.0,13,MUJER,172.0,4011860.0,4.287288190515123,3.670496133273742,4.978065060862281,5.930767634484319,5.073180327405286,6.893595534391674,0.2066795172733022,0,2019,Metropolitana
records,2019.0,13,TOTAL,694.0,7915199.0,8.76794127349167,8.127660782107789,9.445255585236229,11.663239110007517,10.806371379945674,12.570993744142163,0.1984377983749428,0,2019,Metropolitana
records,2019.0,14,HOMBRE,43.0,197926.0,21.725291270474823,15.722701015514478,29.26382476803635,27.50517290494372,19.866826748408084,37.24910484653207,17.790553061209284,0,2019,Los Ríos
records,2019.0,14,MUJER,11.0,205487.0,5.353136694778745,2.672266550797296,9.578240235782289,7.169751500244041,3.542648502089676,13.101692273110045,4.790966292499856,0,2019,Los Ríos
records,2019.0,14,TOTAL,54.0,403413.0,13.385785782808188,10.055814257979973,17.465546820184453,17.505139068702015,13.122473734789995,22.950949558751326,5.75351190808107,0,2019,Los Ríos
records,2019.0,15,HOMBRE,33.0,124067.0,26.598531438658146,18.309205165539456,37.35422736841328,31.093769712752945,21.369471622540505,43.869193284029365,29.526256180647042,0,2019,Arica y Parinacota
records,2019.0,15,MUJER,9.0,122969.0,7.318917776024851,3.3466752574863046,13.89358574227583,9.139917278891843,4.142280524553624,17.567433833052082,9.45920723685631,0,2019,Arica y Parinacota
records,2019.0,15,TOTAL,42.0,247036.0,17.001570621285968,12.253236666914011,22.981184434046313,20.535292373842452,14.778476121494888,27.852833021000116,10.12310477809516,0,2019,Arica y Parinacota
records,2019.0,16,HOMBRE,102.0,246415.0,41.393583994480856,33.751520887035085,50.24898671327992,52.373504163116294,42.66825007110492,63.72853735159519,27.104182035435432,0,2019,Ñuble
records,2019.0,16,MUJER,18.0,261544.0,6.882207200318111,4.0788321584129354,10.876854474783586,9.532204150645027,5.634358233090322,15.238865791263919,5.093432274184256,0,2019,Ñuble
records,2019.0,16,TOTAL,120.0,507959.0,23.623953901791285,19.58660553823019,28.248458117555206,31.40923545933684,26.019858216361662,37.63773295295752,8.290540545107426,0,2019,Ñuble
records,2020.0,1,HOMBRE,15.0,193145.0,7.76618602604261,4.346675364510246,12.809142805397935,8.603076885236275,4.8033584154248254,14.387081071675281,4.9703862094146825,0,2020,Tarapacá
records,2020.0,1,MUJER,17.0,189628.0,8.964920792288058,5.222396729178863,14.35370663399214,9.894350727398816,5.742002637802948,15.999739407208404,5.830023743378815,0,2020,Tarapacá
records,2020.0,1,TOTAL,32.0,382773.0,8.360046293756351,5.718265476218167,11.801890958719783,9.22203468956402,6.29460583031641,13.084301717923633,2.6846084742177116,0,2020,Tarapacá
records,2020.0,2,HOMBRE,74.0,348210.0,21.25154360874185,16.687032607719757,26.679366905573257,24.93469860662399,19.551481457733402,31.473087096488673,8.494550063323791,0,2020,Antofagasta
records,2020.0,2,MUJER,20.0,343644.0,5.8199764872949915,3.5549928371814854,8.988481656212418,7.235558026800414,4.415802001293803,11.215103581234207,2.625932819767949,0,2020,Antofagasta
records,2020.0,2,TOTAL,94.0,691854.0,13.586681583108575,10.979421727574056,16.62665731915003,16.300274321844544,13.158009022853985,19.98250778815295,2.8539335793174807,0,2020,Antofagasta
records,2020.0,3,HOMBRE,18.0,158939.0,11.325099566500356,6.711971750419675,17.89853985964929,13.232236711594583,7.827192166061873,21.05465052988039,9.790604153296538,0,2020,Atacama
records,2020.0,3,MUJER,2.0,155770.0,1.2839442768183862,0.15549160848941707,4.638048191387276,1.4107932706703281,0.17085361013187036,5.4727245973678285,0.9951688262843411,0,2020,Atacama
records,2020.0,3,TOTAL,20.0,314709.0,6.355077230076039,3.8818462723989287,9.814901354163561,7.45370913972943,4.544197020288782,11.587320482768208,2.7971340800909865,0,2020,Atacama
records,2020.0,4,HOMBRE,72.0,409614.0,17.577524205715626,13.753330132805115,22.13598266774523,21.902549628929695,17.116384710106008,27.651724316340484,6.725667679093883,0,2020,Coquimbo
records,2020.0,4,MUJER,10.0,426482.0,2.344764843533842,1.124405882577092,4.312106030739346,3.0834198993916253,1.472967023158309,5.754535574298236,0.9591249478964521,0,2020,Coquimbo
records,2020.0,4,TOTAL,82.0,836096.0,9.807486221677893,7.800184843355829,12.17367636444477,12.64835327558426,10.047744748208427,15.737017913413037,1.9700354464504188,0,2020,Coquimbo
records,2020.0,5,HOMBRE,126.0,958672.0,13.143181400937964,10.94862110419088,15.648631916613716,16.650066486020112,13.853230781486381,19.872174625381536,2.2280431880163505,0,2020,Valparaíso
records,2020.0,5,MUJER,36.0,1001498.0,3.594615266331036,2.5176243404694993,4.976462707787354,5.013459264510448,3.4965711546390468,6.993044459812126,0.7134429811370528,0,2020,Valparaíso
records,2020.0,5,TOTAL,162.0,1960170.0,8.264589295826383,7.040917708932042,9.639797914281797,10.930068712967156,9.299453383783248,12.777276338561322,0.7491689768234984,0,2020,Valparaíso
records,2020.0,6,HOMBRE,41.0,495674.0,8.271565585445272,5.935818273392448,11.221312710720134,10.598485470534587,7.588985937338733,14.444743657769207,2.773217230640292,0,2020,O'Higgins
records,2020.0,6,MUJER,15.0,495389.0,3.0279235106148907,1.6947058034763216,4.9940993585820115,4.22814831659439,2.3621844388065014,7.014636000162918,1.1983051086517431,0,2020,O'Higgins
records,2020.0,6,TOTAL,56.0,991063.0,5.65049850514044,4.268325846351868,7.337642310083712,7.479723035418794,5.6407600780614615,9.744611407967872,1.0100719046407503,0,2020,O'Higgins
records,2020.0,7,HOMBRE,61.0,556100.0,10.96925013486783,8.39060718593464,14.090460693191167,14.013519513898189,10.707583686414969,18.044053943021034,3.2438272313218084,0,2020,Maule
records,2020.0,7,MUJER,11.0,575839.0,1.9102561653517738,0.9535929951317711,3.417975946975101,2.4974523507746853,1.2280392461198255,4.558486464146262,0.5881272806541635,0,2020,Maule
records,2020.0,7,TOTAL,72.0,1131939.0,6.360766790436587,4.976908268925123,8.010333069596324,8.361268783379856,6.532105809621556,10.55735951631535,0.982495692156772,0,2020,Maule
records,2020.0,8,HOMBRE,174.0,810577.0,21.466190133694887,18.39505457310479,24.903453371020028,27.073903553854322,23.18488269757683,31.455347208562458,4.248009019851546,0,2020,Biobío
records,2020.0,8,MUJER,55.0,853119.0,6.446931787945175,4.856711311251828,8.391567879271165,8.985649758992917,6.756362772721605,11.742961086792327,1.4864746046399886,0,2020,Biobío
records,2020.0,8,TOTAL,229.0,1663696.0,13.764533905232687,12.039373277854873,15.667516962022491,18.186413982860316,15.896379687481362,20.726771174270482,1.4583254115188764,0,2020,Biobío
records,2020.0,9,HOMBRE,67.0,495735.0,13.51528538432832,10.474160534398527,17.163934688451764,16.675518630002603,12.913020456174827,21.229627438706476,4.174709412033506,0,2020,La Araucanía
records,2020.0,9,MUJER,28.0,518608.0,5.399068275074816,3.5876416591833395,7.803156901410737,6.872667678994968,4.545433446752825,10.027391994400636,1.7222050785799168,0,2020,La Araucanía
records,2020.0,9,TOTAL,95.0,1014343.0,9.36566822071035,7.577384875069886,11.449043728162517,11.843055491707924,9.570904779054835,14.512524671963785,1.4913973435248364,0,2020,La Araucanía
records,2020.0,10,HOMBRE,66.0,443617.0,14.877698555285303,11.506410984845324,18.92808040325479,18.71377571350705,14.457363423167529,23.883718996927954,5.348757627623884,0,2020,Los Lagos
records,2020.0,10,MUJER,23.0,447823.0,5.13595773330088,3.255756635332414,7.706458331714323,6.945146890213859,4.401133237810672,10.47944207500193,2.0999781745539807,0,2020,Los Lagos
records,2020.0,10,TOTAL,89.0,891440.0,9.98384636094409,8.017848440988821,12.285982050811768,12.906414301711168,10.35680044537184,15.919124851337353,1.8843124237671987,0,2020,Los Lagos
records,2020.0,11,HOMBRE,7.0,54276.0,12.897044734320879,5.185280882010217,26.572841332637587,15.355483249777182,6.125584724653516,32.89195533723752,34.156507873316535,0,2020,Aysén
records,2020.0,11,MUJER,2.0,53021.0,3.772090303841874,0.45681763554811294,13.626087149853756,5.114488998617926,0.619388345238147,19.675970929916833,13.078998858491897,0,2020,Aysén
records,2020.0,11,TOTAL,9.0,107297.0,8.38793256102221,3.835496889361617,15.922908796535937,10.310201180258236,4.687970772921693,20.181355496367022,11.953691909142368,0,2020,Aysén
records,2020.0,12,HOMBRE,32.0,90675.0,35.29087400055142,24.138931691518682,49.82018426183675,46.532239074192496,31.73374632146053,66.24248207280502,68.63113468562061,0,2020,Magallanes
records,2020.0,12,MUJER,7.0,87687.0,7.9829393182569826,3.2095556371182337,16.44790603134145,11.812202637044996,4.737291047041454,24.59480380915327,20.021502868821965,0,2020,Magallanes
records,2020.0,12,TOTAL,39.0,178362.0,21.865644027315234,15.54861040436667,29.891055194398383,29.719208429344423,21.084269195357802,40.87004356076802,22.931550734087264,0,2020,Magallanes
records,2020.0,13,HOMBRE,339.0,4010416.0,8.452988418159114,7.577007521085142,9.402455560126135,11.028335490928933,9.877596335423252,12.277926945521536,0.36387693099053214,0,2020,Metropolitana
records,2020.0,13,MUJER,132.0,4114656.0,3.208044609318495,2.6841443955038393,3.8043315993380005,4.431907540960037,3.7028608263803173,5.264366642296866,0.15108484874792769,0,2020,Metropolitana
records,2020.0,13,TOTAL,471.0,8125072.0,5.796871707721483,5.285106921290666,6.344810406567239,7.777393811897831,7.085916054244216,8.518943557621,0.13029508713307045,0,2020,Metropolitana
records,2020.0,14,HOMBRE,33.0,198915.0,16.590000754090944,11.419793164281144,23.29852915525189,21.952584467382884,15.06386693902066,31.028600027315186,14.828154875475542,0,2020,Los Ríos
records,2020.0,14,MUJER,12.0,206920.0,5.799342741156003,2.996605020646732,10.13028467435577,8.862142516635013,4.563561253304599,15.586407684949581,6.603034188266156,0,2020,Los Ríos
records,2020.0,14,TOTAL,45.0,405835.0,11.088250150923406,8.087845747221028,14.836951100067468,15.464888984218879,11.249700716669212,20.791163021077192,5.399465841080818,0,2020,Los Ríos
records,2020.0,15,HOMBRE,23.0,126744.0,18.146815628353217,11.503524456419774,27.22913344602745,21.45311210256023,13.552601913118886,32.466453714681805,20.282548655075388,0,2020,Arica y Parinacota
records,2020.0,15,MUJER,11.0,125366.0,8.774308823764018,4.380103351177224,15.69966219972078,10.695044226884862,5.332057013973541,19.40163186616465,10.431373099167853,0,2020,Arica y Parinacota
records,2020.0,15,TOTAL,34.0,252110.0,13.486176668914363,9.339569388192562,18.84558014168541,16.163577096238598,11.1730363319547,22.717047166734574,7.755165459030601,0,2020,Arica y Parinacota
records,2020.0,16,HOMBRE,51.0,247792.0,20.58177826564215,15.324485793847566,27.061237399352596,25.8891929054716,19.25337693394611,34.2110056701055,13.240578767895993,0,2020,Ñuble
records,2020.0,16,MUJER,18.0,263759.0,6.824411678843187,4.044578869498113,10.78551263370273,9.05589849869786,5.339426823983419,14.571460479457038,4.635868407994007,0,2020,Ñuble
records,2020.0,16,TOTAL,69.0,511551.0,13.488391186802488,10.494773455011295,17.070422322514332,17.708701350093637,13.761467823367461,22.505922332257803,4.5869292808797,0,2020,Ñuble
records,2021.0,1,HOMBRE,30.0,197277.0,15.207043902735748,10.26012866244971,21.709000742513147,16.676771912708524,11.22083641944083,23.980544776396354,9.388688488822476,0,2021,Tarapacá
records,2021.0,1,MUJER,15.0,193888.0,7.736425152665456,4.330018429600241,12.760056770654112,8.688268542695699,4.831107089390796,14.50467234309853,5.131534690546422,0,2021,Tarapacá
records,2021.0,1,TOTAL,45.0,391165.0,11.504096736671226,8.391167100388445,15.393386549655212,12.761633466010379,9.284832764437727,17.155846134079212,3.6731712438068658,0,2021,Tarapacá
records,2021.0,2,HOMBRE,102.0,354057.0,28.808920597530907,23.490231853568073,34.97206399238787,34.014229207184776,27.69715962190446,41.452812401386524,11.485758793345674,0,2021,Antofagasta
records,2021.0,2,MUJER,45.0,349689.0,12.868577507442327,9.386428737602401,17.219169175169597,16.58373310972809,12.093850451965428,22.216414523379417,6.118794035972261,0,2021,Antofagasta
records,2021.0,2,TOTAL,147.0,703746.0,20.888218192359176,17.648065058395606,24.55098383120448,25.498180770994498,21.524395073634917,30.008498449614063,4.466270591070325,0,2021,Antofagasta
records,2021.0,3,HOMBRE,21.0,159897.0,13.1334546614383,8.129815433733082,20.075880557448485,15.61074810833552,9.645726509055699,24.02251458194275,11.683208086610309,0,2021,Atacama
records,2021.0,3,MUJER,5.0,156840.0,3.1879622545269064,1.0351226664871338,7.4396404484332255,3.9837672350168547,1.287335347340139,9.453926601612684,3.195242202921336,0,2021,Atacama
records,2021.0,3,TOTAL,26.0,316737.0,8.208703119622905,5.36219741160532,12.027651989860672,9.93907614730211,6.481201244646984,14.640299322485209,3.8276214644666178,0,2021,Atacama
records,2021.0,4,HOMBRE,106.0,415361.0,25.519969376036748,20.89365991675326,30.865667823398745,30.92086085520372,25.2834973233269,37.50040731408824,9.128577395858317,0,2021,Coquimbo
records,2021.0,4,MUJER,30.0,432718.0,6.932921671850951,4.677613138677133,9.897176774436854,9.209922333445258,6.198845826901177,13.240423923373815,2.859188883833889,0,2021,Coquimbo
records,2021.0,4,TOTAL,136.0,848079.0,16.03624190670916,13.454461588078813,18.96907890547197,20.21640465449317,16.941178338856805,23.969702964117037,3.044842915644993,0,2021,Coquimbo
records,2021.0,5,HOMBRE,145.0,968008.0,14.979215047809522,12.640376040920426,17.625351051662875,19.21817118801627,16.189760791096877,22.67686009431455,2.5965685586425233,0,2021,Valparaíso
records,2021.0,5,MUJER,32.0,1011365.0,3.1640406776979626,2.164201481293555,4.466681374125115,4.294958307557059,2.922275268143926,6.12932617519855,0.5911592039295654,0,2021,Valparaíso
records,2021.0,5,TOTAL,177.0,1979373.0,8.942225644181264,7.673341676974124,10.361012103307747,11.891530181740947,10.186453262997714,13.814991442681631,0.8164488197637007,0,2021,Valparaíso
records,2021.0,6,HOMBRE,76.0,500528.0,15.183965732186811,11.963237995966978,19.004997315501146,19.66631162793879,15.47812848975068,24.6845043476448,5.13246577662658,0,2021,O'Higgins
records,2021.0,6,MUJER,20.0,500431.0,3.996554969616191,2.4411996030229832,6.172355010515855,5.439582922913704,3.317876801617604,8.46500503331865,1.4871163091789603,0,2021,O'Higgins
records,2021.0,6,TOTAL,96.0,1000959.0,9.590802420478761,7.768580752557742,11.712011281114261,12.703335956523349,10.280795119039983,15.547558102144182,1.6941870424009897,0,2021,O'Higgins
records,2021.0,7,HOMBRE,68.0,561122.0,12.118576708808423,9.410548998724423,15.363183613550982,15.55911121102535,12.06084474766104,19.786925962735328,3.607158518378661,0,2021,Maule
records,2021.0,7,MUJER,15.0,581890.0,2.5778068019728813,1.4427788985518422,4.2517002992809365,3.649537976530205,2.039603544258127,6.0595880022550315,0.8918881585434832,0,2021,Maule
records,2021.0,7,TOTAL,83.0,1143012.0,7.26151606457325,5.783757011982647,9.001741696260938,9.689134801245824,7.705426024895753,12.042916020344256,1.145643232978854,0,2021,Maule
records,2021.0,8,HOMBRE,232.0,813546.0,28.517133634729934,24.965380818624777,32.43248152112385,36.28099802375383,31.743009324452903,41.31679335964293,5.723920478823141,0,2021,Biobío
records,2021.0,8,MUJER,53.0,857044.0,6.184046560036591,4.632275231185035,8.08888515982893,8.712753013711843,6.516265614567903,11.445691430225157,1.44676270339419,0,2021,Biobío
records,2021.0,8,TOTAL,285.0,1670590.0,17.059841133970632,15.136514187527263,19.159862799266545,22.733395522375154,20.15855133785839,25.561407285336152,1.8307359824237561,0,2021,Biobío
records,2021.0,9,HOMBRE,94.0,498048.0,18.873682857877153,15.25185692926991,23.09660790301984,23.160432236956407,18.702669572947897,28.407260188278425,5.742669252980758,0,2021,La Araucanía
records,2021.0,9,MUJER,33.0,521500.0,6.327900287631831,4.355835392661522,8.88672469207465,8.31601370538861,5.714739137355158,11.754126959042297,2.112919205568507,0,2021,La Araucanía
records,2021.0,9,TOTAL,127.0,1019548.0,12.456500331519457,10.384423082672347,14.82087209735129,15.819949520643926,13.178989441802583,18.858947951287323,1.9854104957961687,0,2021,La Araucanía
records,2021.0,10,HOMBRE,82.0,446418.0,18.36843496453996,14.608961437017404,22.800071040161495,23.863871746244936,18.9565231681182,29.70284760348163,7.014973290999036,0,2021,Los Lagos
records,2021.0,10,MUJER,35.0,450885.0,7.7625115051509805,5.4068736823180545,10.795774392380114,10.260314495186705,7.133184663829424,14.362988853781737,3.0367039011515367,0,2021,Los Lagos
records,2021.0,10,TOTAL,117.0,897303.0,13.03907375769389,10.783669255444334,15.626987673356325,17.170478365992558,14.185725271431934,20.624075018134107,2.546209687296312,0,2021,Los Lagos
records,2021.0,11,HOMBRE,15.0,54429.0,27.558838119384887,15.424472492206938,45.454112461161955,33.44207055788827,18.514845242553772,56.49646577102662,77.00946228077937,0,2021,Aysén
records,2021.0,11,MUJER,3.0,53308.0,5.627673144743754,1.1605614971403941,16.446449069074667,6.354454705585489,1.2643866918938118,21.033373564470377,13.902274532299828,0,2021,Aysén
records,2021.0,11,TOTAL,18.0,107737.0,16.70735216313801,9.901835748535348,26.404819391228624,20.50652036417314,12.035939460574154,33.13146576431216,24.13337328454804,0,2021,Aysén
records,2021.0,12,HOMBRE,36.0,91500.0,39.34426229508197,27.55623761455216,54.469043157635184,53.93702025806097,37.696721366330706,75.1687869398805,81.69692503761763,0,2021,Magallanes
records,2021.0,12,MUJER,11.0,88449.0,12.436545353819715,6.208278632021662,22.25241496602783,18.38822538390941,9.16285428015104,33.21658914649021,30.87427179929653,0,2021,Magallanes
records,2021.0,12,TOTAL,47.0,179949.0,26.11851135599531,19.190899736628573,34.73208316836824,37.02059015761153,27.169525103651,49.427172096314436,29.365799925779182,0,2021,Magallanes
records,2021.0,13,HOMBRE,599.0,4071264.0,14.712875411665763,13.55807362335306,15.939745940533577,19.47347123355524,17.93638117277787,21.10862012270267,0.640404540915525,0,2021,Metropolitana
records,2021.0,13,MUJER,191.0,4171195.0,4.579023517241462,3.9526319003257337,5.276484506424979,6.30816317058093,5.437934082429379,7.280317575849783,0.21201734291754362,0,2021,Metropolitana
records,2021.0,13,TOTAL,790.0,8242459.0,9.584518406460985,8.927731345894832,10.276840888447278,12.989784538935595,12.093947916976356,13.9352881331756,0.2163825859612196,0,2021,Metropolitana
records,2021.0,14,HOMBRE,34.0,199687.0,17.02664670208877,11.791447808105818,23.793032142905187,21.545707139406606,14.881323306752972,30.3621096688278,13.83514939368851,0,2021,Los Ríos
records,2021.0,14,MUJER,3.0,208131.0,1.4413998875708087,0.2972513094616378,4.212382139009721,1.8800623203853044,0.3853688046418534,5.9103905890575,1.1847694119890428,0,2021,Los Ríos
records,2021.0,14,TOTAL,37.0,407818.0,9.07267457542335,6.388000178291795,12.505486796053836,11.821502874817341,8.300530460333542,16.42934515518815,3.8316123641334854,0,2021,Los Ríos
records,2021.0,15,HOMBRE,54.0,128511.0,42.019749282162614,31.56652891390212,54.82665794656544,49.14505167581806,36.82686543837048,64.47207002890083,45.459982659807935,0,2021,Arica y Parinacota
records,2021.0,15,MUJER,14.0,126869.0,11.035004611055498,6.032939706548168,18.514862670814445,13.991279783275282,7.61691923072932,23.7403831584545,14.152721040273091,0,2021,Arica y Parinacota
records,2021.0,15,TOTAL,68.0,255380.0,26.626987234709063,20.676897467547363,33.7560510439461,32.086351742930766,24.864380964391543,40.84685859268697,15.375748868743042,0,2021,Arica y Parinacota
records,2021.0,16,HOMBRE,105.0,248859.0,42.192566875218496,34.50933955383496,51.07667469082325,53.38164386405364,43.562458121185756,64.88687060647757,27.721781883880222,0,2021,Ñuble
records,2021.0,16,MUJER,50.0,265649.0,18.82182880417393,13.969924124488278,24.814234822768697,26.271231650517862,19.471045179886776,34.84525723411831,13.927392731847617,0,2021,Ñuble
records,2021.0,16,TOTAL,155.0,514508.0,30.125867819353633,25.56989437672082,35.25949207408931,39.95541316029006,33.85791520799394,46.9028081839597,10.496175989719479,0,2021,Ñuble
records,2022.0,1,HOMBRE,60.0,199973.0,30.00405054682382,22.896251468951938,38.621160559997264,34.362561301838085,26.196560165556278,44.32305991643817,19.813535152664134,0,2022,Tarapacá
records,2022.0,1,MUJER,33.0,196724.0,16.77477074479982,11.546980324073239,23.558014918957166,19.4906848169216,13.367654940362229,27.523206967879077,11.717879526814846,0,2022,Tarapacá
records,2022.0,1,TOTAL,93.0,396697.0,23.443585406494126,18.921999088283837,28.71997595780473,27.083546197498254,21.8340727267399,33.24243208801022,7.970096340587561,0,2022,Tarapacá
records,2022.0,2,HOMBRE,165.0,356913.0,46.22975346933286,39.44488349016702,53.846674290577695,56.129111872890846,47.84626175237524,65.5260200631388,19.312338743896404,0,2022,Antofagasta
records,2022.0,2,MUJER,48.0,352724.0,13.608373685941416,10.03374049497149,18.042729210977214,17.695109225274162,13.03960916818851,23.486783212502036,6.545736626801035,0,2022,Antofagasta
records,2022.0,2,TOTAL,213.0,709637.0,30.015345874017278,26.11953316793473,34.328380763812454,37.40400462184767,32.52570623984753,42.81743518910291,6.634381638239442,0,2022,Antofagasta
records,2022.0,3,HOMBRE,42.0,160468.0,26.17344268016053,18.86351530054447,35.37889098043887,30.757729361421255,22.1198432797477,41.7859475061975,22.798583172342667,0,2022,Atacama
records,2022.0,3,MUJER,12.0,157536.0,7.617306520414381,3.9359734338324053,13.305901538808248,8.960485016159668,4.595377523874989,15.924452829177413,6.821779474255785,0,2022,Atacama
records,2022.0,3,TOTAL,54.0,318004.0,16.980918479012843,12.756588587736239,22.15641513745447,20.09667014336648,15.065622891444509,26.336658058305353,7.581707477276715,0,2022,Atacama
records,2022.0,4,HOMBRE,182.0,420466.0,43.285307254332096,37.22492446029191,50.05112983698061,54.18035010752351,46.55589632554497,62.749046484192554,16.300557941734446,0,2022,Coquimbo
records,2022.0,4,MUJER,54.0,438303.0,12.320244214618654,9.255346637496151,16.075246209519605,16.413793519580068,12.308346304366811,21.516296286024453,5.047889256256258,0,2022,Coquimbo
records,2022.0,4,TOTAL,236.0,858769.0,27.481196922571726,24.08662983167688,31.220149599349778,35.60219902951819,31.18069515923958,40.50160332231762,5.431154504340218,0,2022,Coquimbo
records,2022.0,5,HOMBRE,248.0,975818.0,25.414575258910986,22.349684573263357,28.78238567064779,34.11858528580574,29.97127070067698,38.70242048615577,4.771439897332467,0,2022,Valparaíso
records,2022.0,5,MUJER,83.0,1019720.0,8.139489271564743,6.483057770545159,10.090121582127063,11.933620874020024,9.48319345727877,14.849400430803884,1.7487847735222872,0,2022,Valparaíso
records,2022.0,5,TOTAL,331.0,1995538.0,16.58700560951483,14.848024632604485,18.47370278415461,23.23312667534741,20.77645382401489,25.91197342322145,1.6596881111654462,0,2022,Valparaíso
records,2022.0,6,HOMBRE,116.0,504711.0,22.983449934715114,18.99166939127807,27.566458919717814,30.408270565156876,25.086412619168364,36.56646269144672,8.10038630866984,0,2022,O'Higgins
records,2022.0,6,MUJER,31.0,504841.0,6.140547221798546,4.172203917499144,8.71601662766074,8.520488347328742,5.764283941397861,12.182579513038707,2.389821137497559,0,2022,O'Higgins
records,2022.0,6,TOTAL,147.0,1009552.0,14.560914148057753,12.302244156403708,17.114182000803158,19.684542683192507,16.60559469784016,23.189029977626774,2.6821501869415565,0,2022,O'Higgins
records,2022.0,7,HOMBRE,167.0,565612.0,29.5255404765104,25.217236986762764,34.3588064180428,38.09053946780043,32.50973177617499,44.38900773793434,8.762103838464633,0,2022,Maule
records,2022.0,7,MUJER,28.0,587431.0,4.766517259048297,3.1673161028031434,6.888944564258304,6.776695337772039,4.493956818547237,9.84501890963901,1.654882167923005,0,2022,Maule
records,2022.0,7,TOTAL,195.0,1153043.0,16.911771720568964,14.621284486402034,19.45929425279542,22.699630042837143,19.611713121077166,26.15258558026005,2.6666440118336023,0,2022,Maule
records,2022.0,8,HOMBRE,334.0,815898.0,40.93648961022089,36.66349269541421,45.57074423770731,52.92993626671839,47.37859016290062,58.984073367055814,8.470804784886624,0,2022,Biobío
records,2022.0,8,MUJER,117.0,860371.0,13.598784710316828,11.246565462943273,16.297786559827856,19.37262457334516,15.997751466599887,23.28127811518641,3.2560315306720202,0,2022,Biobío
records,2022.0,8,TOTAL,451.0,1676269.0,26.904989592959126,24.47887598610489,29.506500640819254,36.44697460092528,33.141896176796216,40.007708624559136,2.9795397861460318,0,2022,Biobío
records,2022.0,9,HOMBRE,145.0,499978.0,29.00127605614647,24.473047075309914,34.124463118013345,36.654066090749104,30.906295906406072,43.20254499305117,9.349243537970152,0,2022,La Araucanía
records,2022.0,9,MUJER,65.0,524051.0,12.403372954159043,9.572661387772234,15.80911701644908,16.692385642819687,12.865173528253912,21.354922076056656,4.3293930099586,0,2022,La Araucanía
records,2022.0,9,TOTAL,210.0,1024029.0,20.50723172878893,17.827239926683944,23.476398025757103,26.81161819908169,23.291037516842888,30.735880713743505,3.4570698501355572,0,2022,La Araucanía
records,2022.0,10,HOMBRE,131.0,448889.0,29.183161093276958,24.39997858280127,34.62993364684066,38.30114175354213,31.99209813577384,45.54199226337986,11.316012997447958,0,2022,Los Lagos
records,2022.0,10,MUJER,40.0,453621.0,8.817933913994281,6.299661268281002,12.007523232827419,12.051459315545792,8.587670631704247,16.509597532697192,3.6821666311853347,0,2022,Los Lagos
records,2022.0,10,TOTAL,171.0,902510.0,18.947158480238446,16.213674513077823,22.009545179831296,25.38366094295217,21.7010831157041,29.538410204836453,3.8120843503325115,0,2022,Los Lagos
records,2022.0,11,HOMBRE,20.0,54524.0,36.681094563861784,22.405765507673582,56.65097553861529,46.606529171507404,28.28666420078918,73.14571315717069,111.1300855916042,0,2022,Aysén
records,2022.0,11,MUJER,11.0,53523.0,20.5519122620182,10.259440553102104,36.7730480602768,24.645855777680204,12.152735948791353,45.95626787214346,56.89222970609327,0,2022,Aysén
records,2022.0,11,TOTAL,31.0,108047.0,28.691217710811035,19.494290428370853,40.72489333646353,35.90549063355006,24.249644187366254,51.677050977374385,42.77399572913248,0,2022,Aysén
records,2022.0,12,HOMBRE,54.0,92124.0,58.61664712778429,44.03462938272845,76.48200945867603,76.38271564565089,57.20847186491305,100.3753334240654,110.17364985262047,0,2022,Magallanes
records,2022.0,12,MUJER,6.0,89019.0,6.740134128669161,2.473510434279031,14.670434426941085,9.190128619001614,3.278610993590514,20.822267859098996,14.715286095874733,0,2022,Magallanes
records,2022.0,12,TOTAL,60.0,181143.0,33.12300226892565,25.276340211880814,42.63586967569452,44.2708049925994,33.69265980593488,57.32266515091612,33.27503854189233,0,2022,Magallanes
records,2022.0,13,HOMBRE,941.0,4107724.0,22.908062956518012,21.46759062384993,24.419769436246504,30.97365494458704,29.018407926999558,33.026929223991985,1.0276290409982645,0,2022,Metropolitana
records,2022.0,13,MUJER,331.0,4203260.0,7.874840005138869,7.049242107149757,8.77056758479997,11.012498201268453,9.849550742370123,12.276721927071032,0.37189417276420317,0,2022,Metropolitana
records,2022.0,13,TOTAL,1272.0,8310984.0,15.305046911412656,14.475417003019798,16.169831172686415,21.148876513141904,19.99697477879234,22.35041172465758,0.35506095280799516,0,2022,Metropolitana
records,2022.0,14,HOMBRE,48.0,200335.0,23.959867222402476,17.666114669669923,31.76730785041419,31.821260955862797,23.406680888451092,42.42355067484524,21.40271658216776,0,2022,Los Ríos
records,2022.0,14,MUJER,14.0,209224.0,6.691392956830956,3.6582467959223584,11.227020380948447,9.208649309732012,5.007773670941961,15.741999587805372,6.149857692560761,0,2022,Los Ríos
records,2022.0,14,TOTAL,62.0,409559.0,15.138234051748343,11.60639724341855,19.4065328501501,20.639443899643783,15.788656799770466,26.588044491247505,6.979932974005147,0,2022,Los Ríos
records,2022.0,15,HOMBRE,83.0,129821.0,63.934186302678306,50.92322251238482,79.25604316502421,76.0158366255901,60.46348074250184,94.55611393855887,70.41229988749059,0,2022,Arica y Parinacota
records,2022.0,15,MUJER,20.0,127901.0,15.637094315134362,9.55154344798238,24.150223925281743,19.754121391608013,12.050123088990432,30.75864110247721,19.605977084492867,0,2022,Arica y Parinacota
records,2022.0,15,TOTAL,103.0,257722.0,39.96554426863054,32.621172559897246,48.469845588281615,48.778027981329814,39.77574783672569,59.3061468508085,23.309519689378455,0,2022,Arica y Parinacota
records,2022.0,16,HOMBRE,144.0,249724.0,57.66366068139226,48.630256282081604,67.88835392174603,75.63046346064401,63.710432795016516,89.25796488437315,40.228345184844635,0,2022,Ñuble
records,2022.0,16,MUJER,77.0,267336.0,28.802705209923094,22.730644527653034,35.9984396041397,40.88204204008287,32.18250161538747,51.364398057034165,22.142318583924116,0,2022,Ñuble
records,2022.0,16,TOTAL,221.0,517060.0,42.74165474026225,37.29188911612465,48.76380312827489,58.52581820144291,51.00753653987928,66.90500420192664,15.740701398518164,0,2022,Ñuble
records,2023.0,1,HOMBRE,81.0,202347.0,40.030245074055955,31.789792778813304,49.75393960875577,45.88737337931546,36.40898815232595,57.12594315105289,26.184460728043213,0,2023,Tarapacá
records,2023.0,1,MUJER,50.0,199241.0,25.095236422222335,18.626168176962505,33.08494068205682,29.60558788762652,21.939969989416348,39.13809254918236,17.698840482888084,0,2023,Tarapacá
records,2023.0,1,TOTAL,131.0,401588.0,32.62049662838531,27.273927473069612,38.70881670965432,37.91403930390634,31.676467589044456,45.04477513360836,11.059771730704163,0,2023,Tarapacá
records,2023.0,2,HOMBRE,244.0,359072.0,67.95294537028785,59.69339212220868,77.0358552751081,83.72418040191795,73.50173840816466,95.0532338772955,28.99714722187282,0,2023,Antofagasta
records,2023.0,2,MUJER,165.0,355070.0,46.46971019798913,39.64962317606664,54.12616684336316,60.06818880769721,51.23234897307311,70.00815601438897,21.971222653315007,0,2023,Antofagasta
records,2023.0,2,TOTAL,409.0,714142.0,57.27152303043372,51.85490652589138,63.10015993971488,72.20189123788262,65.34852504913209,79.58644494285308,12.840621078454122,0,2023,Antofagasta
records,2023.0,3,HOMBRE,87.0,160922.0,54.063459315693315,43.30261464300699,66.68707733095775,64.78273681827966,51.82554416599657,80.10970079827138,48.738450761949,0,2023,Atacama
records,2023.0,3,MUJER,22.0,158126.0,13.91295549119057,8.719175133899302,21.06438181394915,16.72755816454809,10.450267220441086,25.549460327057783,12.871639813686922,0,2023,Atacama
records,2023.0,3,TOTAL,109.0,319048.0,34.16413831147664,28.052312487675774,41.21211904711366,41.19275483073987,33.7861430135817,49.799284337643826,15.734195769908416,0,2023,Atacama
records,2023.0,4,HOMBRE,259.0,425400.0,60.88387400094029,53.69415405963462,68.76814854410536,78.24776035156594,68.96199460213352,88.47972069745884,23.88120663900645,0,2023,Coquimbo
records,2023.0,4,MUJER,97.0,443703.0,21.86147039799145,17.72817979013717,26.669139927477126,29.407539649998267,23.806450287692147,35.990790170456954,9.055296018378575,0,2023,Coquimbo
records,2023.0,4,TOTAL,356.0,869103.0,40.9617732305607,36.816757482602284,45.445740601222504,54.25199339072626,48.73062315433341,60.25120852406315,8.365386254737356,0,2023,Coquimbo
records,2023.0,5,HOMBRE,421.0,983195.0,42.81958309389287,38.8265063656878,47.11186043531611,58.821627472956465,53.30246291605661,64.77770776625646,8.322791090637446,0,2023,Valparaíso
records,2023.0,5,MUJER,201.0,1027654.0,19.559112308228254,16.94847150881479,22.45805009846365,28.458997744100802,24.628625482764686,32.74304639303114,4.099804888934468,0,2023,Valparaíso
records,2023.0,5,TOTAL,622.0,2010849.0,30.93220823642153,28.548766013542373,33.46152766881241,43.94387392483019,40.533691840095045,47.57535365690185,3.1499527909445773,0,2023,Valparaíso
records,2023.0,6,HOMBRE,170.0,508672.0,33.42035732259688,28.58524175890454,38.839069946207545,45.16512263516491,38.58184491686934,52.586907816027804,12.187426641856096,0,2023,O'Higgins
records,2023.0,6,MUJER,48.0,509029.0,9.429718149653556,6.952729770500942,12.50243820727842,13.0126428448564,9.571003941514215,17.340935049691105,3.5805456250330403,0,2023,O'Higgins
records,2023.0,6,TOTAL,218.0,1017701.0,21.420829890115073,18.67149139208763,24.46102050282542,29.426119855303114,25.62036530250044,33.65720194191305,4.0353413200313515,0,2023,O'Higgins
records,2023.0,7,HOMBRE,244.0,569896.0,42.814829372376714,37.61076704540076,48.53766060008075,56.31584535577625,49.44944031765463,63.90137435857939,13.081688098590421,0,2023,Maule
records,2023.0,7,MUJER,81.0,592745.0,13.66523547225198,10.85216948167346,16.984639968304926,19.05152414460046,15.116323130656001,23.738823371390332,4.51344617387987,0,2023,Maule
records,2023.0,7,TOTAL,325.0,1162641.0,27.9535987463026,24.99677224456795,31.1640047684551,38.034203267967946,33.99801230641894,42.43429050394201,4.48090173590304,0,2023,Maule
records,2023.0,8,HOMBRE,562.0,818002.0,68.70398849880563,63.140471524547365,74.62635419290505,90.8425668029396,83.4481437831525,98.74448681383359,14.840023806335553,0,2023,Biobío
records,2023.0,8,MUJER,246.0,863428.0,28.49108437530402,25.041693892050585,32.28285345949034,40.51831230333875,35.57747897168891,45.986356859713766,6.773431645233817,0,2023,Biobío
records,2023.0,8,TOTAL,808.0,1681430.0,48.05433470319906,44.79761111005416,51.48523183136394,66.11723114929117,61.609646934299924,70.88180799403537,5.476107623820741,0,2023,Biobío
records,2023.0,9,HOMBRE,266.0,501761.0,53.01328720247289,46.8333304260655,59.78193939933287,67.49282266668176,59.59420088069003,76.18892705257005,17.263501089175296,0,2023,La Araucanía
records,2023.0,9,MUJER,104.0,526440.0,19.755337740293292,16.141542494895994,23.936898221070845,26.59242434455415,21.69864144238516,32.31501790822166,6.886234214983121,0,2023,La Araucanía
records,2023.0,9,TOTAL,370.0,1028201.0,35.98518188564298,32.411488001459695,39.845284984851624,47.33646946120156,42.61352424050088,52.46198637472191,6.1142917975748174,0,2023,La Araucanía
records,2023.0,10,HOMBRE,193.0,451199.0,42.77491749760084,36.95275804512595,49.25401148536616,57.10296304991382,49.29487043131687,65.84548404267268,17.056739162805528,0,2023,Los Lagos
records,2023.0,10,MUJER,82.0,456230.0,17.973390614383096,14.294770941828542,22.30971683932844,24.224848588914412,19.23444443833083,30.18323307334496,7.2560437240651625,0,2023,Los Lagos
records,2023.0,10,TOTAL,275.0,907429.0,30.305401304124068,26.829089814419532,34.10712350243532,40.92912858149039,36.20843647041744,46.12076539244211,6.160727971261613,0,2023,Los Lagos
records,2023.0,11,HOMBRE,34.0,54592.0,62.28018757327081,43.130840387918134,87.03031963511702,74.93147257314602,51.6781171041567,106.06445261797587,168.55395282957778,0,2023,Aysén
records,2023.0,11,MUJER,13.0,53714.0,24.202256394980825,12.886682226242323,41.38659552101664,30.285406128300327,15.818918513330546,53.813680741199114,74.29876807610118,0,2023,Aysén
records,2023.0,11,TOTAL,47.0,108306.0,43.39556441933041,31.88542847770738,57.70690113257527,53.3161009847687,38.9800974297497,71.70623953709062,62.30518065507467,0,2023,Aysén
records,2023.0,12,HOMBRE,62.0,92686.0,66.89251882700732,51.28611061667628,85.7531902075246,90.82059920934768,69.40942588455869,117.12307011760379,136.05251621050164,0,2023,Magallanes
records,2023.0,12,MUJER,20.0,89531.0,22.33863131205951,13.64501634674464,34.50020428977069,30.553171785146176,18.475341164725982,47.957474084789894,48.38538853293157,0,2023,Magallanes
records,2023.0,12,TOTAL,82.0,182217.0,45.00128967110643,35.7908611534074,55.85846607949211,61.89482720758114,49.08980102993976,77.18811551053376,47.7993614827752,0,2023,Magallanes
records,2023.0,13,HOMBRE,1481.0,4138275.0,35.78785846759821,33.98819038541618,37.65807952058206,48.69359910275993,46.234758725093485,51.249988522086205,1.6145041477452997,0,2023,Metropolitana
records,2023.0,13,MUJER,606.0,4229515.0,14.327883929954144,13.209681451551617,15.515453216858214,20.09510660176415,18.515194864249708,21.77520590298791,0.6764717206963051,0,2023,Metropolitana
records,2023.0,13,TOTAL,2087.0,8367790.0,24.940874472232213,23.882201716435148,26.034391439190486,34.61006456833281,33.13334748721657,36.136069914788635,0.5799907460814331,0,2023,Metropolitana
records,2023.0,14,HOMBRE,72.0,200948.0,35.83016501781555,28.03489743126995,45.12216296985188,48.784752473904604,38.11865373968677,61.63708330872281,33.404280143289824,0,2023,Los Ríos
records,2023.0,14,MUJER,19.0,210257.0,9.036560019404824,5.440599439907699,14.111707848768692,12.933321126678733,7.73755693456771,20.47183423396667,8.999302487669365,0,2023,Los Ríos
records,2023.0,14,TOTAL,91.0,411205.0,22.130081103099428,17.81776084844082,27.170835694251696,31.10393619196363,25.004934003312933,38.30552553106425,10.773067187646717,0,2023,Los Ríos
records,2023.0,15,HOMBRE,110.0,130999.0,83.97010664203543,69.01321543858785,101.20668633105929,102.80603051865745,84.4012668248013,124.2143030092283,97.1104296163216,0,2023,Arica y Parinacota
records,2023.0,15,MUJER,52.0,128803.0,40.37173047211633,30.151539327858224,52.942153320087954,50.60442237329548,37.75066356966477,66.63040857810462,49.605719786287366,0,2023,Arica y Parinacota
records,2023.0,15,TOTAL,162.0,259802.0,62.35517817414801,53.122746035509046,72.73093616537882,77.65315292551331,66.10824520189753,90.7211896475497,37.54310851394244,0,2023,Arica y Parinacota
records,2023.0,16,HOMBRE,200.0,250500.0,79.84031936127745,69.15803699858576,91.70538190237521,107.64311715914346,93.15131097903863,123.86074281636432,58.686060955818064,0,2023,Ñuble
records,2023.0,16,MUJER,112.0,268937.0,41.64544112561678,34.290727394355706,50.11028727625258,60.87315904568164,50.065683072183695,73.46571099142149,33.455990656543854,0,2023,Ñuble
records,2023.0,16,TOTAL,312.0,519437.0,60.06503194805145,53.58432247808784,67.11353332490897,84.78940941545791,75.58568600305892,94.863098920765,23.330617273918804,0,2023,Ñuble
records,2024.0,1,HOMBRE,139.0,204628.0,67.92814277615966,57.1053774163701,80.2054260926939,78.91249230350856,66.30660162341294,93.24567566693622,45.046425669649324,0,2024,Tarapacá
records,2024.0,1,MUJER,88.0,201659.0,43.63802260251216,34.99897017792254,53.76326434349783,50.53268271501905,40.4725829226892,62.38883492617341,29.36369918407559,0,2024,Tarapacá
records,2024.0,1,TOTAL,227.0,406287.0,55.871834442155425,48.83947085096461,63.63242794481975,65.00964148465161,56.795060045873655,74.09682999761384,18.769289246084455,0,2024,Tarapacá
records,2024.0,2,HOMBRE,310.0,361009.0,85.87043536310729,76.57647497357786,95.98141051841372,108.27321461488856,96.52102823847102,121.13214907734104,38.039518072087326,0,2024,Antofagasta
records,2024.0,2,MUJER,170.0,357223.0,47.58932095637739,40.7042998238789,55.3053621622272,60.86392098034679,52.02129922209223,70.81597867159847,21.98225580407178,0,2024,Antofagasta
records,2024.0,2,TOTAL,480.0,718232.0,66.8307733434322,60.98505736059394,73.08565195756408,85.16342062522882,77.68840959898452,93.17664456354353,15.21704709010486,0,2024,Antofagasta
records,2024.0,3,HOMBRE,68.0,161331.0,42.14936992890393,32.730635000478806,53.43436980867257,50.27370588609904,38.98016265093144,63.94693357609413,37.589536379252,0,2024,Atacama
records,2024.0,3,MUJER,42.0,158661.0,26.47153364721009,19.078353049884786,35.78182337089181,32.586577236897945,23.449570940676875,44.23932348646856,25.50189406889481,0,2024,Atacama
records,2024.0,3,TOTAL,110.0,319992.0,34.37585939648491,28.25277572326674,41.43220675105139,41.561015392218245,34.123010645245614,50.20034555105941,15.860005999877464,0,2024,Atacama
records,2024.0,4,HOMBRE,417.0,430248.0,96.92084565181013,87.84045697103072,106.68501453081598,123.8172532849548,112.16285497597849,136.40156746184317,37.11689663038038,0,2024,Coquimbo
records,2024.0,4,MUJER,137.0,449019.0,30.51095833361172,25.615961559265546,36.06894244744062,40.20772866519921,33.71179013544216,47.65975121477841,11.974381884785531,0,2024,Coquimbo
records,2024.0,4,TOTAL,554.0,879267.0,63.00702744445089,57.86891353325947,68.47901984168443,82.7269616980533,75.94393971665166,89.97919298515228,12.491373639987332,0,2024,Coquimbo
records,2024.0,5,HOMBRE,590.0,990348.0,59.57501807445463,54.864224982580296,64.58211198331392,81.03738885196186,74.59066623892072,87.91514805336341,11.268782104037037,0,2024,Valparaíso
records,2024.0,5,MUJER,337.0,1035345.0,32.54953662788732,29.166718000195498,36.21701971220996,47.06477654427556,42.12642661549778,52.45080240858308,6.703515301371422,0,2024,Valparaíso
records,2024.0,5,TOTAL,927.0,2025693.0,45.76211696441662,42.863273968238936,48.80542114875044,64.3850740428711,60.27616625682974,68.7124417937346,4.539867952042143,0,2024,Valparaíso
records,2024.0,6,HOMBRE,199.0,512497.0,38.82949558729124,33.62171747596216,44.615430135792494,53.003827327750514,45.85923789517971,60.98487425567757,14.265433254540621,0,2024,O'Higgins
records,2024.0,6,MUJER,102.0,513089.0,19.879592039587674,16.209431539905847,24.132468365045582,28.190734491673805,22.960098423985073,34.30080182375829,7.873946340481196,0,2024,O'Higgins
records,2024.0,6,TOTAL,301.0,1025586.0,29.349074577851102,26.126792614222033,32.85902704215438,40.874072226865586,36.36346964059848,45.8090629379812,5.60916659655932,0,2024,O'Higgins
records,2024.0,7,HOMBRE,352.0,574048.0,61.318914097775796,55.079703405959656,68.07134463301855,81.2862451245852,72.98701460965971,90.30292934666518,18.9036214830039,0,2024,Maule
records,2024.0,7,MUJER,137.0,597934.0,22.912227770957998,19.23632615536139,27.08600024217947,31.936735396674447,26.788895920123316,37.82740825594939,7.518410068355032,0,2024,Maule
records,2024.0,7,TOTAL,489.0,1171982.0,41.724190303264045,38.10753306742542,45.59156205935457,57.05817198890087,52.093420587852755,62.38540080147856,6.710031846522795,0,2024,Maule
records,2024.0,8,HOMBRE,712.0,819922.0,86.83752844782796,80.57536422450272,93.45714528690954,115.6227889736469,107.23852031044464,124.51622633585279,18.98926986646844,0,2024,Biobío
records,2024.0,8,MUJER,378.0,866303.0,43.633693984668184,39.34532808932289,48.261932753597726,60.24226483547316,54.28175805315257,66.71822657917944,9.733984331282562,0,2024,Biobío
records,2024.0,8,TOTAL,1090.0,1686225.0,64.64143278625332,60.860430663793316,68.59583165727962,88.46590487767318,83.25888427275521,93.92877332970947,7.271823516337193,0,2024,Biobío
records,2024.0,9,HOMBRE,376.0,503438.0,74.68645592903198,67.32720284558133,82.63057958039661,96.17882272386686,86.67142210995316,106.48579808265116,24.76432053541347,0,2024,La Araucanía
records,2024.0,9,MUJER,192.0,528726.0,36.31370501923492,31.358612452960074,41.82943984274852,48.11703360751027,41.51681296238538,55.52954421348321,12.190714091054838,0,2024,La Araucanía
records,2024.0,9,TOTAL,568.0,1032164.0,55.030014610081345,50.59689283906678,59.747507230901924,72.62325118071743,66.74889336887622,78.89919013136537,9.363295297151494,0,2024,La Araucanía
records,2024.0,10,HOMBRE,273.0,453413.0,60.2100072119679,53.27888335278546,67.79243202663577,82.7590396740586,73.20718398670111,93.25396107900772,25.22407391973365,0,2024,Los Lagos
records,2024.0,10,MUJER,114.0,458758.0,24.849702893464528,20.497940561680753,29.85208401510936,33.708232613003766,27.774975458794827,40.60350210007716,10.074468117994916,0,2024,Los Lagos
records,2024.0,10,TOTAL,387.0,912171.0,42.42625560339015,38.30407714974751,46.87115298506493,58.69350671984906,52.96956341703144,64.89169963046056,8.969755091396655,0,2024,Los Lagos
records,2024.0,11,HOMBRE,55.0,54651.0,100.63859764688661,75.81476454490948,130.99496802612828,132.19488560702666,99.32396624904823,173.18706047651494,323.29941901581094,0,2024,Aysén
records,2024.0,11,MUJER,20.0,53887.0,37.114702989589325,22.670624798938416,57.32064858439809,44.995973814049904,27.329559093375675,71.42387660906122,103.30755385487804,0,2024,Aysén
records,2024.0,11,TOTAL,75.0,108538.0,69.1002229633861,54.35170880378435,86.61772784539309,89.62326612038316,70.30642751036287,113.06244389680657,109.35352707325733,0,2024,Aysén
records,2024.0,12,HOMBRE,60.0,93226.0,64.3597279728831,49.11325268702643,82.8437275080378,89.98038878449321,68.46560806215459,116.44512034445803,137.66331934802213,0,2024,Magallanes
records,2024.0,12,MUJER,26.0,90009.0,28.886000288860004,18.869294421220477,42.3246831795987,37.77314406954573,24.49099809507079,56.190586083048494,56.626800359540496,0,2024,Magallanes
records,2024.0,12,TOTAL,86.0,183235.0,46.93426474199798,37.54135358647092,57.96343514172902,64.63108141042615,51.55709420214288,80.18472354874211,49.68946234838743,0,2024,Magallanes
records,2024.0,13,HOMBRE,1881.0,4166844.0,45.14207875312827,43.124879870048034,47.22927850784123,62.04994273705602,59.26686586568175,64.9308854001585,2.0623601498184447,0,2024,Metropolitana
records,2024.0,13,MUJER,866.0,4253885.0,20.35786110813997,19.024382077052064,21.76015825576724,28.55034103716015,26.66372664038556,30.5370390878084,0.9582353276430934,0,2024,Metropolitana
records,2024.0,13,TOTAL,2747.0,8420729.0,32.621878699575774,31.413255411681362,33.86509463286286,45.57238421795669,43.87498119062,47.319227242587154,0.7641717162845418,0,2024,Metropolitana
records,2024.0,14,HOMBRE,78.0,201540.0,38.70199464126228,30.592320732867087,48.301840850883096,52.834433214212254,41.67900708430731,66.17974277635862,36.371564300168615,0,2024,Los Ríos
records,2024.0,14,MUJER,35.0,211246.0,16.56836105772417,11.540470542646847,23.042579442490307,23.132190114238,16.0443180977405,32.47548823214689,15.618068778869812,0,2024,Los Ríos
records,2024.0,14,TOTAL,113.0,412786.0,27.374959422073424,22.560841080172224,32.91225119821418,38.18093340006527,31.405632568427045,46.0511505125479,13.14800503556901,0,2024,Los Ríos
records,2024.0,15,HOMBRE,122.0,132125.0,92.33680227057711,76.68013348078402,110.25027046483788,112.20888980804638,93.06176001947965,134.33274380878848,104.58566642101748,0,2024,Arica y Parinacota
records,2024.0,15,MUJER,61.0,129654.0,47.04829777716075,35.988219847426635,60.43550674474839,59.690955221035274,45.61061453617577,76.93872689811239,58.84219697374451,0,2024,Arica y Parinacota
records,2024.0,15,TOTAL,183.0,261779.0,69.90629500456492,60.14446406505724,80.80111993125729,86.94479026082276,74.74581960515758,100.65762875478707,41.71852103463763,0,2024,Arica y Parinacota
records,2024.0,16,HOMBRE,207.0,251232.0,82.39396255254108,71.55131224883,94.41548674026296,110.1662395977648,95.58672738401094,126.46204410135421,59.322215318655076,0,2024,Ñuble
records,2024.0,16,MUJER,165.0,270479.0,61.00288747000691,52.049851194088944,71.05386392685922,89.6318610766643,76.42043541648725,104.61601945273404,49.12835096038499,0,2024,Ñuble
records,2024.0,16,TOTAL,372.0,521711.0,71.3038444656141,64.24121100756864,78.93091444733061,99.97112402775697,90.01668063541914,110.78904095435041,27.158574121854866,0,2024,Ñuble
records,,1,HOMBRE,383.0,1183640.0,32.357811496738876,29.19794075015397,35.76640684949648,36.584569330757795,33.0015432416029,40.45885297011758,3.5155048229591084,0,2019-2024,Tarapacá
records,,1,MUJER,213.0,1163776.0,18.302491201055872,15.92693710704955,20.932455335124267,21.153802297766017,18.3926648346829,24.221846057727507,2.125520678900411,0,2019-2024,Tarapacá
records,,1,TOTAL,596.0,2347416.0,25.389619905462006,23.3919024710459,27.512334703416908,29.022145781005833,26.729733051870063,31.46274313122682,1.4244732714256,0,2019-2024,Tarapacá
records,,2,HOMBRE,973.0,2115928.0,45.9845514592179,43.14019853876483,48.96716888884271,55.54899810420364,52.099574279845534,59.181138528594985,3.196629419020318,0,2019-2024,Antofagasta
records,,2,MUJER,480.0,2090246.0,22.963804260359787,20.955150598644423,25.113050797267483,28.996563824368767,26.45383726515318,31.720657956286093,1.7607063665065885,0,2019-2024,Antofagasta
records,,2,TOTAL,1453.0,4206174.0,34.54445774235683,32.79087467217292,36.36746062941785,42.59987883252531,40.42981208469766,44.85769551303451,1.2578375360983032,0,2019-2024,Antofagasta
records,,3,HOMBRE,265.0,958840.0,27.637562054148763,24.409864948287655,31.17333508038997,32.289073364589576,28.504386408410518,36.453773612692544,3.963968873921906,0,2019-2024,Atacama
records,,3,MUJER,91.0,940957.0,9.671005157515168,7.7864900836946935,11.873851293581714,11.55359790372767,9.292328946033052,14.217711801757675,1.4805768239007968,0,2019-2024,Atacama
records,,3,TOTAL,356.0,1899797.0,18.738844202827988,16.842617594617792,20.790131521285844,22.119975147839252,19.872994172458256,24.560095372558077,1.3853065242293794,0,2019-2024,Atacama
records,,4,HOMBRE,1120.0,2503752.0,44.73286491633357,42.151111163138516,47.43138193562392,55.4649713470362,52.25017781922437,58.83304987911301,2.7705600439996427,0,2019-2024,Coquimbo
records,,4,MUJER,349.0,2609288.0,13.375296249398303,12.008678549008263,14.854831674088556,17.491965148015527,15.69500156682063,19.447479420793805,0.8865380267021511,0,2019-2024,Coquimbo
records,,4,TOTAL,1469.0,5113040.0,28.73046172140253,27.27987660624625,30.2381513959665,36.78766847793487,34.92146390562803,38.73153075523888,0.9301421306714543,0,2019-2024,Coquimbo
records,,5,HOMBRE,1694.0,5822619.0,29.093437162898688,27.724339156971364,30.51265064633113,38.47191562447494,36.64949504461828,40.36496735099365,0.8854714409826289,0,2019-2024,Valparaíso
records,,5,MUJER,751.0,6084459.0,12.342921531725334,11.475822899735709,13.258173613059709,17.513486549571695,16.2722569140326,18.828306291032057,0.41582039078450184,0,2019-2024,Valparaíso
records,,5,TOTAL,2445.0,11907078.0,20.534005068245964,19.728067444317364,21.364416099697394,28.191417026889418,27.07660685018559,29.342148592668554,0.33001456192982453,0,2019-2024,Valparaíso
records,,6,HOMBRE,665.0,3011744.0,22.080229926580746,20.43370756414591,23.824107639037237,28.9228852001166,26.75409060456237,31.22658787022233,1.2722799409117707,0,2019-2024,O'Higgins
records,,6,MUJER,240.0,3011985.0,7.968167172147272,6.99187838230871,9.042628878593266,10.93757316679938,9.590777990408425,12.426768414902186,0.5036162287388011,0,2019-2024,O'Higgins
records,,6,TOTAL,905.0,6023729.0,15.023916248556334,14.06090428294133,16.035514816772857,20.118603284438347,18.821856326221234,21.484099772646044,0.4523202246327976,0,2019-2024,O'Higgins
records,,7,HOMBRE,953.0,3376874.0,28.221366861778083,26.457818510817646,30.071560503954572,36.431272444468995,34.14732818833575,38.8323111474535,1.4018623326722324,0,2019-2024,Maule
records,,7,MUJER,299.0,3504690.0,8.531425033312503,7.5917104663172,9.555326608293617,11.606077432979747,10.320513400688519,13.013084129060505,0.45573783093562553,0,2019-2024,Maule
records,,7,TOTAL,1252.0,6881564.0,18.193538561873435,17.199598121446083,19.229938673486018,24.2397338050878,22.91032370070914,25.62850406961073,0.473015354056946,0,2019-2024,Maule
records,,8,HOMBRE,2300.0,4884533.0,47.08740835613148,45.182500313772415,49.05198800399782,60.66826542693316,58.20273595606932,63.215648140695556,1.6150844015076,0,2019-2024,Biobío
records,,8,MUJER,929.0,5148421.0,18.044367389535548,16.902541486906056,19.243032191803792,24.883167684407454,23.29787559741872,26.552982236860956,0.6757473839862329,0,2019-2024,Biobío
records,,8,TOTAL,3229.0,10032954.0,32.18394104069449,31.083333930149976,33.31356760717021,43.09609600425132,41.61445755462591,44.619239777247046,0.5813940883683356,0,2019-2024,Biobío
records,,9,HOMBRE,1034.0,2991794.0,34.56120307748461,32.486464173026036,36.7336975555502,43.07755467023786,40.48340481959202,45.80044681206786,1.8061897407405103,0,2019-2024,La Araucanía
records,,9,MUJER,443.0,3134456.0,14.13323396468159,12.847610425368623,15.512670970456583,18.435514048650848,16.749964825058843,20.252885120786882,0.7752527717754468,0,2019-2024,La Araucanía
records,,9,TOTAL,1477.0,6126250.0,24.10936543562538,22.89535555570801,25.371034326366583,30.9441291612238,29.3798459836195,32.57339594695041,0.6534641271791376,0,2019-2024,La Araucanía
records,,10,HOMBRE,845.0,2683794.0,31.485277931167595,29.39789795499714,33.68175162530373,41.111610066786476,38.375262182922185,43.99865648699012,2.0163119372156144,0,2019-2024,Los Lagos
records,,10,MUJER,334.0,2711523.0,12.317800734126171,11.032054813181768,13.712249197980956,16.433645694870936,14.709634215706835,18.3133743529265,0.816986028191008,0,2019-2024,Los Lagos
records,,10,TOTAL,1179.0,5395317.0,21.852284119728274,20.622581824345772,23.136157966484024,28.97729291278276,27.339375535131527,30.69150022854403,0.7186551481788988,0,2019-2024,Los Lagos
records,,11,HOMBRE,146.0,326510.0,44.71532265474258,37.75644314442626,52.58516589700951,55.35796734143337,46.66378031979836,65.31228128276265,21.39421695697322,0,2019-2024,Aysén
records,,11,MUJER,49.0,320095.0,15.307955450725565,11.32490971393778,20.237928925137314,18.28003434002501,13.458584652184204,24.453296135055027,7.0237263676700215,0,2019-2024,Aysén
records,,11,TOTAL,195.0,646605.0,30.15751502076229,26.07305809273739,34.70032403573432,37.35338467724201,32.23887885983818,43.11158360843717,7.319118908146123,0,2019-2024,Aysén
records,,12,HOMBRE,298.0,549666.0,54.214741315635315,48.23340987101665,60.732869101814664,72.58785199470906,64.51441625649446,81.44551769608768,17.978495790889212,0,2019-2024,Magallanes
records,,12,MUJER,78.0,531224.0,14.68307154797223,11.606358749796756,18.3251378045551,20.055744373585476,15.79882824111587,25.1581832518286,5.3000062576798745,0,2019-2024,Magallanes
records,,12,TOTAL,376.0,1080890.0,34.786148451738846,31.35848453235183,38.48622313352488,47.32741337715059,42.626442356423034,52.429758785498315,6.0560646961279225,0,2019-2024,Magallanes
records,,13,HOMBRE,5763.0,24397862.0,23.620922193920105,23.014966911242837,24.23879323757443,31.582254764365825,30.768346635255853,32.41239506730784,0.17467893103586746,0,2019-2024,Metropolitana
records,,13,MUJER,2298.0,24984371.0,9.197750065430904,8.82549741415359,9.581668762250775,12.7214556006934,12.202430292481354,13.257155769558304,0.0715792973626426,0,2019-2024,Metropolitana
records,,13,TOTAL,8061.0,49382233.0,16.32368467420256,15.969260588925787,16.68399185464507,22.298142787586738,21.81129811416405,22.793210428245764,0.06237468190940072,0,2019-2024,Metropolitana
records,,14,HOMBRE,308.0,1199351.0,25.680555567135894,22.892338882137786,28.714711440968344,33.81242116835738,30.11845630855502,37.8543395595062,3.759684914922122,0,2019-2024,Los Ríos
records,,14,MUJER,94.0,1251265.0,7.512397453776778,6.070781840704424,9.193271907136557,10.445935485178001,8.421124443235042,12.835052057098844,1.1857802601826364,0,2019-2024,Los Ríos
records,,14,TOTAL,402.0,2450616.0,16.404038821259633,14.839468937201294,18.08869379937118,22.27759327292597,20.136747916616056,24.594341591137596,1.253792490273602,0,2019-2024,Los Ríos
records,,15,HOMBRE,425.0,772267.0,55.032780113613555,49.92439627201533,60.52205598870278,65.34752882541095,59.250546973549824,71.92932820330935,10.15379439215974,0,2019-2024,Arica y Parinacota
records,,15,MUJER,167.0,761562.0,21.928615135734187,18.728838684909253,25.518281132359576,27.388371816895972,23.37955599236816,31.914003579763737,4.520751029472171,0,2019-2024,Arica y Parinacota
records,,15,TOTAL,592.0,1533829.0,38.59621900485647,35.5493422728374,41.834404014546266,47.003587560919144,43.27781479932744,50.97735418344888,3.7632708521208644,0,2019-2024,Arica y Parinacota
records,,16,HOMBRE,809.0,1494522.0,54.1310198177076,50.46469733258785,57.99329692757345,70.42656702455524,65.62787542178107,75.501041644228,6.206135386407407,0,2019-2024,Ñuble
records,,16,MUJER,440.0,1597704.0,27.539519210066445,25.0260774765232,30.237018692577657,38.99802002988715,35.419107064818114,42.8620522825569,3.4957693477456213,0,2019-2024,Ñuble
records,,16,TOTAL,1249.0,3092226.0,40.39161432573169,38.18234811389024,42.695373062194626,55.006856976509646,51.98006286767444,58.173264656402665,2.452245781563183,0,2019-2024,Ñuble
records,,1,HOMBRE,310.0,804225.0,38.54642668407473,34.37445572288399,43.085147850218554,43.89038251702757,39.12421875915027,49.088567532102786,6.2567326854187,0,2021-2024,Tarapacá
records,,1,MUJER,186.0,791512.0,23.499327868686766,20.243412154644634,27.129889485177088,27.289750354387003,23.485562004378703,31.548755392187527,4.054931522185379,0,2021-2024,Tarapacá
records,,1,TOTAL,496.0,1595737.0,31.082816278622353,28.407203896141688,33.94254543349796,35.75882011994367,32.66727561624865,39.07024589336645,2.601063699720923,0,2021-2024,Tarapacá
records,,2,HOMBRE,821.0,1431051.0,57.370422158259906,53.51270015756545,61.432772426080604,70.26582699710772,65.52173713630955,75.2828737015685,6.063724427003449,0,2021-2024,Antofagasta
records,,2,MUJER,428.0,1414706.0,30.25363573774339,27.4549801647537,33.26020299160848,38.6829666091744,35.094552583787255,42.54286260612647,3.5162362316351996,0,2021-2024,Antofagasta
records,,2,TOTAL,1249.0,2845757.0,43.8899034597824,41.48929426469736,46.39318911017976,54.871673119349275,51.85936126008404,58.01542259549231,2.428673524950039,0,2021-2024,Antofagasta
records,,3,HOMBRE,218.0,642618.0,33.923730738946,29.56965951968195,38.73841851106868,40.16668866148696,34.986540142361115,45.925727369913204,7.4747059375169265,0,2021-2024,Atacama
records,,3,MUJER,81.0,631163.0,12.833451897528848,10.19161325903853,15.950808932102966,15.518904598352366,12.307889480604718,19.342697911115707,3.0057496652190534,0,2021-2024,Atacama
records,,3,TOTAL,299.0,1273781.0,23.473422825430745,20.887885558190323,26.290592818404857,28.077621103497304,24.969812392006354,31.479330664342378,2.6632816859821613,0,2021-2024,Atacama
records,,4,HOMBRE,964.0,1691475.0,56.991678860166424,53.45033021770223,60.705996207341364,71.60029521498012,67.129953480164,76.30191519005022,5.36979073564481,0,2021-2024,Coquimbo
records,,4,MUJER,318.0,1763743.0,18.029837680433033,16.102425979133933,20.12443952197592,23.7760442624634,21.217766923630506,26.5730373947515,1.8016424435963652,0,2021-2024,Coquimbo
records,,4,TOTAL,1282.0,3455218.0,37.103302888558694,35.09982111873487,39.19133984834504,48.0845144144966,45.47407986611918,50.81201231150356,1.8232976046054183,0,2021-2024,Coquimbo
records,,5,HOMBRE,1404.0,3917369.0,35.840381643904365,33.98995259648061,37.765359697161706,48.08128653453643,45.58179456098798,50.687729350068025,1.6696160332000864,0,2021-2024,Valparaíso
records,,5,MUJER,653.0,4094084.0,15.94984372572717,14.749798037426622,17.221515630813602,22.831451103497777,21.097342787829636,24.67668913425869,0.8138060582368832,0,2021-2024,Valparaíso
records,,5,TOTAL,2057.0,8011453.0,25.675741965908056,24.578043298212442,26.809836594366224,35.70016056380076,34.16183218526539,37.29281732851361,0.629533562816205,0,2021-2024,Valparaíso
records,,6,HOMBRE,561.0,2026408.0,27.684454463267024,25.440665580167007,30.073101936954526,36.89848392120848,33.88961655783982,40.11221077864948,2.4573440660497092,0,2021-2024,O'Higgins
records,,6,MUJER,201.0,2027390.0,9.91422469283167,8.5909294905862,11.383653374973026,13.737341934727489,11.893030304406524,15.797158739593558,0.9503145471409817,0,2021-2024,O'Higgins
records,,6,TOTAL,762.0,4053798.0,18.797187230345468,17.486065278204887,20.180577722193675,25.5629056379602,23.768838158056106,27.461224701575137,0.8684022128157237,0,2021-2024,O'Higgins
records,,7,HOMBRE,831.0,2270678.0,36.59699878186163,34.15072567010181,39.17222591403195,47.69989828907166,44.499765314212574,51.07696434834148,2.7584942924659637,0,2021-2024,Maule
records,,7,MUJER,261.0,2360000.0,11.059322033898304,9.758192391350715,12.485638370661038,15.315840671000771,13.506484918211596,17.309142593104276,0.9064421916645032,0,2021-2024,Maule
records,,7,TOTAL,1092.0,4630678.0,23.581859934981445,22.20375620838609,25.023104142731626,31.795710956659494,29.93037027505552,33.75076281957941,0.933119872312379,0,2021-2024,Maule
records,,8,HOMBRE,1840.0,3267368.0,56.31444024670622,53.77043650264157,58.947723061823154,73.48224588632772,70.14578602604537,76.9433623838197,2.9648958616024723,0,2021-2024,Biobío
records,,8,MUJER,794.0,3447146.0,23.0335471720664,21.459064749370587,24.69299569507366,31.997793947855715,29.795179174256297,34.328623366074254,1.3080141645166297,0,2021-2024,Biobío
records,,8,TOTAL,2634.0,6714514.0,39.228453466624686,37.744507001830534,40.755788739354685,53.114559297607805,51.09362175213149,55.19860381250272,1.0836893918580413,0,2021-2024,Biobío
records,,9,HOMBRE,881.0,2003225.0,43.979083727489424,41.12258554486445,46.98170437068715,55.54610420966192,51.92553091792516,59.362471420909245,3.5274077090552356,0,2021-2024,La Araucanía
records,,9,MUJER,394.0,2100717.0,18.755501097958458,16.949044758511285,20.702067255647968,24.78101671461693,22.381543703038325,27.380850141952326,1.5756438367347392,0,2021-2024,La Araucanía
records,,9,TOTAL,1275.0,4103942.0,31.06769052779011,29.385581035546295,32.820991098323375,40.408188687835356,38.21103291577077,42.7041203470388,1.2917335253856073,0,2021-2024,La Araucanía
records,,10,HOMBRE,679.0,1799919.0,37.72391979861316,34.9394409786231,40.671278426243,50.131350563272385,46.41614498974746,54.07596726555375,3.7317287720942924,0,2021-2024,Los Lagos
records,,10,MUJER,271.0,1819494.0,14.894250819183796,13.173566950635825,16.777248913035994,19.964809032391027,17.645295945046424,22.519940567967936,1.488045372476982,0,2021-2024,Los Lagos
records,,10,TOTAL,950.0,3619413.0,26.24735005372418,24.604611633822074,27.97092898335116,35.30673533762152,33.086514272882646,37.64284501365356,1.32486136458806,0,2021-2024,Los Lagos
records,,11,HOMBRE,124.0,218196.0,56.829639406771896,47.26795381724119,67.75757304872367,71.05258542071316,58.973040263220014,85.05569764653066,41.61079499267914,0,2021-2024,Aysén
records,,11,MUJER,47.0,214432.0,21.918370392478735,16.104794138498804,29.14678608633365,26.350444558618918,19.253919595521197,35.50620649146201,15.271467381464364,0,2021-2024,Aysén
records,,11,TOTAL,171.0,432628.0,39.525874423292066,33.82352363877943,45.91435279327631,49.33715718165066,42.130393818718645,57.52451400755678,14.607815051523026,0,2021-2024,Aysén
records,,12,HOMBRE,212.0,369536.0,57.36924142708694,49.90613201639723,65.633603704413,77.60236138784907,67.4148569442453,88.9788726749896,28.947290917671186,0,2021-2024,Magallanes
records,,12,MUJER,63.0,357008.0,17.646663380092324,13.56018066695627,22.577748198048923,23.95750548563076,18.329217072461834,30.859009664194783,9.396215748525252,0,2021-2024,Magallanes
records,,12,TOTAL,275.0,726544.0,37.85042612697924,33.508630091513936,42.59864918393295,51.85555280155307,45.85256100342785,58.465514240767895,9.96456114092543,0,2021-2024,Magallanes
records,,13,HOMBRE,4902.0,16484107.0,29.73773465556854,28.911023930484525,30.582088280690115,40.25655782748388,39.13278447704798,41.40461202770057,0.33336354113599515,0,2021-2024,Metropolitana
records,,13,MUJER,1994.0,16857855.0,11.828313863181288,11.314786444896143,12.359139934244505,16.46444481985706,15.743687642448979,17.210096429275755,0.13824577552190648,0,2021-2024,Metropolitana
records,,13,TOTAL,6896.0,33341962.0,20.68264609023308,20.197340441351965,21.176667743501227,28.54528808881726,27.87189666107482,29.230971470382713,0.11943922683006113,0,2021-2024,Metropolitana
records,,14,HOMBRE,232.0,802510.0,28.909297080410212,25.308701079698587,32.878488257572144,38.54389175983234,33.712101367684916,43.9050651541566,6.490087297623499,0,2021-2024,Los Ríos
records,,14,MUJER,71.0,838858.0,8.463887809378942,6.610366600127676,10.676042799508451,11.716242435521275,9.126319634403742,14.856000524391805,1.972485287339241,0,2021-2024,Los Ríos
records,,14,TOTAL,303.0,1641368.0,18.460211238430382,16.43993989698574,20.66021832087778,25.29771047013694,22.507728258647624,28.354471268465755,2.1459319326776565,0,2021-2024,Los Ríos
records,,15,HOMBRE,369.0,521456.0,70.76340093890951,63.72661099686642,78.36494232925263,84.7730401565066,76.2945649054515,93.98145967595664,19.706633851879108,0,2021-2024,Arica y Parinacota
records,,15,MUJER,147.0,513227.0,28.642296683533797,24.19934101788424,33.66474614015792,36.01066883350943,30.406913249552527,42.39188839418693,8.880480935786405,0,2021-2024,Arica y Parinacota
records,,15,TOTAL,516.0,1034683.0,49.870346763211536,45.65966240998735,54.36490257633919,61.21169065554859,56.019719605594226,66.77668970042615,7.329666167811995,0,2021-2024,Arica y Parinacota
records,,16,HOMBRE,656.0,1000315.0,65.57934250711025,60.65631220455877,70.79551554067197,86.42948814747085,79.89648547308244,93.38225633732347,11.548088789590304,0,2021-2024,Ñuble
records,,16,MUJER,404.0,1072401.0,37.67247512824028,34.08806471373766,41.53128898118858,54.190092671884194,49.004541681076766,59.808961429250544,7.3544352792955605,0,2021-2024,Ñuble
records,,16,TOTAL,1060.0,2072716.0,51.14062901043848,48.10792049096532,54.31442162961875,70.56914306848189,66.35619399318806,74.9942573682008,4.762418829548998,0,2021-2024,Ñuble
persons,2019.0,1,HOMBRE,52.0,186270.0,27.916465346003115,20.849351586654443,36.608730198568146,31.113814419010666,23.22259429498,40.98605303801639,18.6919029157251,0,2019,Tarapacá
persons,2019.0,1,MUJER,10.0,182636.0,5.4753717777437085,2.6256535930114726,10.069403645512264,6.239882964442219,2.9879024560856804,11.575674258479866,3.9066749942328203,0,2019,Tarapacá
persons,2019.0,1,TOTAL,62.0,368906.0,16.806449339398114,12.885408338756372,21.545109560632316,18.934398903608088,14.508708811786923,24.31426988173272,5.805470393824384,0,2019,Tarapacá
persons,2019.0,2,HOMBRE,67.0,336667.0,19.900970395078815,15.422978707506388,25.273528925554434,23.312337414288145,18.0511094090269,29.763553831814253,8.163239854432987,0,2019,Antofagasta
persons,2019.0,2,MUJER,26.0,331896.0,7.83377925615253,5.1172846962893015,11.47830166170276,9.436382062458925,6.1562996239396455,13.866227163469123,3.443365587275876,0,2019,Antofagasta
persons,2019.0,2,TOTAL,93.0,668563.0,13.910431776810862,11.227513745637934,17.0412187071873,16.531741345602246,13.33400554061235,20.275404810924773,2.956747674622868,0,2019,Antofagasta
persons,2019.0,3,HOMBRE,18.0,157283.0,11.444339184781573,6.782640705225313,18.086989863830155,12.617076185029749,7.462943155025104,20.103389069517156,8.902913397156619,0,2019,Atacama
persons,2019.0,3,MUJER,8.0,154024.0,5.1939957409234925,2.242398701987029,10.234242209131896,5.923635182737001,2.546080214621817,11.873220552200157,4.4245244541009345,0,2019,Atacama
persons,2019.0,3,TOTAL,26.0,311307.0,8.351884152942272,5.455728016265725,12.23744537807534,9.32959344086219,6.08379919471953,13.749987806173413,3.372493637597573,0,2019,Atacama
persons,2019.0,4,HOMBRE,73.0,402663.0,18.12930415757097,14.210480456982426,22.794878144498387,21.564553278322023,16.883607925964053,27.180121503162656,6.427435290364779,0,2019,Coquimbo
persons,2019.0,4,MUJER,18.0,419063.0,4.29529688853466,2.5456651578401166,6.788420897938492,5.626692004516663,3.330024129174316,8.943247815499644,1.7672737634432798,0,2019,Coquimbo
persons,2019.0,4,TOTAL,91.0,821726.0,11.074251027714835,8.91629612508684,13.59672627086738,13.698569080310122,11.016704995522966,16.85471010658801,2.0826435183300385,0,2019,Coquimbo
persons,2019.0,5,HOMBRE,143.0,946578.0,15.107048758792196,12.732524432445578,17.79588544214389,19.410131977831085,16.338603603274624,22.908614872037216,2.67205600252009,0,2019,Valparaíso
persons,2019.0,5,MUJER,50.0,988877.0,5.0562405637910475,3.7528392042146663,6.666022838465938,7.234700577750886,5.3599404754558995,9.569566837681228,1.0587681172989905,0,2019,Valparaíso
persons,2019.0,5,TOTAL,193.0,1935455.0,9.971815412913243,8.614536363388858,11.482240986324005,13.436444476026331,11.59515135785462,15.495363843022874,0.9486926031320407,0,2019,Valparaíso
persons,2019.0,6,HOMBRE,57.0,489662.0,11.640682756677055,8.816539442089594,15.08185470854647,14.536678976504946,10.997075919163427,18.8914133366221,3.7364724928718007,0,2019,O'Higgins
persons,2019.0,6,MUJER,21.0,489206.0,4.29267016348941,2.6572304886032034,6.561802335814239,5.804716005612086,3.5899334820333064,8.911162231409135,1.6099598834258757,0,2019,O'Higgins
persons,2019.0,6,TOTAL,78.0,978868.0,7.968387974680958,6.298680026828983,9.944908818233898,10.254685025902521,8.098614241942846,12.825851925729658,1.3579382061021938,0,2019,O'Higgins
persons,2019.0,7,HOMBRE,56.0,550096.0,10.180041301881854,7.689893797197255,13.219630393165,12.892104318625725,9.732088357643981,16.77171623932743,2.9811110917470303,0,2019,Maule
persons,2019.0,7,MUJER,24.0,568851.0,4.21903099405644,2.7032127665568777,6.27758368953438,5.434481107247197,3.459971192583908,8.161795973493502,1.2622259240327962,0,2019,Maule
persons,2019.0,7,TOTAL,80.0,1118947.0,7.149579023850102,5.6691715149145,8.898269977705688,9.230254760395036,7.3095197696989604,11.512588087940404,1.0762563302306853,0,2019,Maule
persons,2019.0,8,HOMBRE,238.0,806588.0,29.507009774506937,25.877046513739433,33.50360549831454,37.19254152011245,32.60259745925578,42.2674773974662,5.850297983004192,0,2019,Biobío
persons,2019.0,8,MUJER,64.0,848156.0,7.545781672239541,5.811171358362784,9.635794736921627,10.280785134418885,7.903298115233814,13.172853040804979,1.672766545229495,0,2019,Biobío
persons,2019.0,8,TOTAL,302.0,1654744.0,18.250557185884947,16.25002255783287,20.429380203736827,23.97481162385781,21.336447846811126,26.85940187601346,1.9187815775253068,0,2019,Biobío
persons,2019.0,9,HOMBRE,73.0,492834.0,14.812289736503569,11.61047064985353,18.624230508240412,17.78218234276145,13.927195423998443,22.409384039666453,4.358551438544331,0,2019,La Araucanía
persons,2019.0,9,MUJER,17.0,515131.0,3.300131422880782,1.9224481674772618,5.283830096792197,4.2740483579799236,2.4865378808259297,6.897430790530541,1.0791373585140511,0,2019,La Araucanía
persons,2019.0,9,TOTAL,90.0,1007965.0,8.92888145917765,7.179875107876362,10.975111218138172,11.11015342958389,8.926676269016816,13.684211784458123,1.3811329921203004,0,2019,La Araucanía
persons,2019.0,10,HOMBRE,81.0,440258.0,18.398302813350355,14.610908147982627,22.867410513864378,22.979767107477606,18.23135765084872,28.630765360686905,6.571909085245646,0,2019,Los Lagos
persons,2019.0,10,MUJER,25.0,444206.0,5.628019432425496,3.6421574332245235,8.308066909841463,7.405912092709524,4.776327967434138,11.011688132127254,2.2251010434836522,0,2019,Los Lagos
persons,2019.0,10,TOTAL,106.0,884464.0,11.984659635666347,9.812057332669902,14.495100595156757,15.318528084416684,12.528597988846634,18.566415036780445,2.2355751325192563,0,2019,Los Lagos
persons,2019.0,11,HOMBRE,14.0,54038.0,25.907694585291832,14.163977712536724,43.468709282052586,32.862959408769925,17.914428149560866,55.86249222255613,77.78541870218605,0,2019,Aysén
persons,2019.0,11,MUJER,0.0,52642.0,0.0,0.0,7.007483481087222,0.0,0.0,11.002533546223088,0.0,0,2019,Aysén
persons,2019.0,11,TOTAL,14.0,106680.0,13.123359580052494,7.17466280118166,22.018767455788883,17.018647016974032,9.277508109376232,28.94268931678386,20.859612095426545,0,2019,Aysén
persons,2019.0,12,HOMBRE,33.0,89455.0,36.890056452965176,25.39341744198741,51.80735483669923,48.8348700318873,33.5248969740825,69.05222065189338,73.22686778430145,0,2019,Magallanes
persons,2019.0,12,MUJER,7.0,86529.0,8.089773370777428,3.2525084671264723,16.66802501092394,11.1687473686021,4.435689236906568,23.47231836618017,18.211974878600092,0,2019,Magallanes
persons,2019.0,12,TOTAL,40.0,175984.0,22.729339030820984,16.238173039474592,30.950908584862297,30.723421298005587,21.89918029160761,42.05232801872606,23.894439581200096,0,2019,Magallanes
persons,2019.0,13,HOMBRE,429.0,3903339.0,10.990590363788542,9.975047025134995,12.08148674215988,14.159136476958858,12.842580467391041,15.576225663091519,0.47337216218471717,0,2019,Metropolitana
persons,2019.0,13,MUJER,149.0,4011860.0,3.7139880255043796,3.14159402588216,4.3605019720268805,5.111823681652859,4.319444742887736,6.009427977063257,0.17749774358969508,0,2019,Metropolitana
persons,2019.0,13,TOTAL,578.0,7915199.0,7.3024064208619395,6.719141934524443,7.922749200927948,9.708086413055666,8.927918643943496,10.539195798239652,0.16510581263302207,0,2019,Metropolitana
persons,2019.0,14,HOMBRE,37.0,197926.0,18.693855279245778,13.16219929019231,25.7670170376458,23.981432334083934,16.849679854895154,33.2428130792739,15.714975438324887,0,2019,Los Ríos
persons,2019.0,14,MUJER,11.0,205487.0,5.353136694778745,2.672266550797296,9.578240235782289,7.169751500244041,3.542648502089676,13.101692273110045,4.790966292499856,0,2019,Los Ríos
persons,2019.0,14,TOTAL,48.0,403413.0,11.898476251385057,8.772997108046404,15.775653283887051,15.723395099267922,11.56673591094954,20.95259528735969,5.222430741270208,0,2019,Los Ríos
persons,2019.0,15,HOMBRE,26.0,124067.0,20.95641870924581,13.689428466551412,30.70600891705691,24.724618336644568,16.120628886880386,36.418754365495516,23.69938983498144,0,2019,Arica y Parinacota
persons,2019.0,15,MUJER,9.0,122969.0,7.318917776024851,3.3466752574863046,13.89358574227583,9.139917278891843,4.142280524553624,17.567433833052082,9.45920723685631,0,2019,Arica y Parinacota
persons,2019.0,15,TOTAL,35.0,247036.0,14.167975517738306,9.868514063747696,19.704224230105357,17.215978550972952,11.970584879254245,24.035885473675435,8.543539015540205,0,2019,Arica y Parinacota
persons,2019.0,16,HOMBRE,80.0,246415.0,32.46555607410263,25.743166849010958,40.406194820704286,40.901382347855794,32.4033673471283,51.05352595509853,21.063489099863972,0,2019,Ñuble
persons,2019.0,16,MUJER,17.0,261544.0,6.499862355855994,3.786409349710677,10.406909283297118,9.012371580011854,5.234773755429595,14.604852941570368,4.823206372693164,0,2019,Ñuble
persons,2019.0,16,TOTAL,97.0,507959.0,19.096029403947956,15.48559343849254,23.2955364374711,25.360110990777255,20.547937580687606,31.014113172175428,6.681218523501835,0,2019,Ñuble
persons,2020.0,1,HOMBRE,14.0,193145.0,7.248440290973103,3.962789757074009,12.161651154228988,8.000835830726194,4.362413201334109,13.627811909472547,4.607691921677268,0,2020,Tarapacá
persons,2020.0,1,MUJER,12.0,189628.0,6.32817938279157,3.269862630372212,11.054055861042125,7.183554511346723,3.6973027652540704,12.67724559070951,4.34421679235216,0,2020,Tarapacá
persons,2020.0,1,TOTAL,26.0,382773.0,6.792537613677036,4.437111085577181,9.952641404468181,7.5923464434462575,4.949289766984435,11.182391430885394,2.236612834935921,0,2020,Tarapacá
persons,2020.0,2,HOMBRE,67.0,348210.0,19.241262456563568,14.911714116539024,24.43572316354968,22.684592607026772,17.556339390712843,28.97357884609182,7.757662603832646,0,2020,Antofagasta
persons,2020.0,2,MUJER,15.0,343644.0,4.364982365471244,2.443047494728066,7.199374606128972,5.4342445529636265,3.0373271117687857,9.005213196620673,1.9768764175290694,0,2020,Antofagasta
persons,2020.0,2,TOTAL,82.0,691854.0,11.852211593775566,9.42641561195055,14.711719688845934,14.27291893069991,11.339037831503909,17.749199994548206,2.507235796282195,0,2020,Antofagasta
persons,2020.0,3,HOMBRE,12.0,158939.0,7.550066377666903,3.90122947088016,13.188446541237179,8.88267485588313,4.579344597521718,15.6536298790509,6.614175609686716,0,2020,Atacama
persons,2020.0,3,MUJER,2.0,155770.0,1.2839442768183862,0.15549160848941707,4.638048191387276,1.4107932706703281,0.17085361013187036,5.4727245973678285,0.9951688262843411,0,2020,Atacama
persons,2020.0,3,TOTAL,14.0,314709.0,4.448554061053227,2.432065900975376,7.463917816724523,5.2390267038188885,2.857646599122735,8.86512118503605,1.9735021913355266,0,2020,Atacama
persons,2020.0,4,HOMBRE,52.0,409614.0,12.69487859301684,9.481142539185972,16.64764430436286,15.471363084997508,11.540537556546678,20.36037967942375,4.639354466583115,0,2020,Coquimbo
persons,2020.0,4,MUJER,10.0,426482.0,2.344764843533842,1.124405882577092,4.312106030739346,3.0834198993916253,1.472967023158309,5.754535574298236,0.9591249478964521,0,2020,Coquimbo
persons,2020.0,4,TOTAL,62.0,836096.0,7.415416411512553,5.6853572420119916,9.50622917413147,9.37693337883676,7.1808482067828185,12.058504087356818,1.4298815181160676,0,2020,Coquimbo
persons,2020.0,5,HOMBRE,100.0,958672.0,10.431096349950765,8.487156321549303,12.687008047843932,13.207516254961403,10.728611041162353,16.114111336673506,1.7707523468610273,0,2020,Valparaíso
persons,2020.0,5,MUJER,33.0,1001498.0,3.295063994136783,2.2681704379569245,4.627494939497563,4.625765078178675,3.170226493526245,6.546790410461724,0.6623942777232318,0,2020,Valparaíso
persons,2020.0,5,TOTAL,133.0,1960170.0,6.785125779906845,5.681044024455255,8.041141014758853,8.985905302853096,7.511025773343163,10.678579522810649,0.6182023988716117,0,2020,Valparaíso
persons,2020.0,6,HOMBRE,36.0,495674.0,7.262838075025117,5.086802498681639,10.054829280784586,9.349204993101576,6.530929155033336,13.010130780196976,2.4608649268599394,0,2020,O'Higgins
persons,2020.0,6,MUJER,15.0,495389.0,3.0279235106148907,1.6947058034763216,4.9940993585820115,4.22814831659439,2.3621844388065014,7.014636000162918,1.1983051086517431,0,2020,O'Higgins
persons,2020.0,6,TOTAL,51.0,991063.0,5.145989710038615,3.8315273436997206,6.7660261130325505,6.841192155214222,5.084261171475522,9.026220453435702,0.9284702368529049,0,2020,O'Higgins
persons,2020.0,7,HOMBRE,53.0,556100.0,9.530659953245818,7.139118311878703,12.46633787613815,12.210027184329816,9.133914940842894,16.014741440082098,2.8372504483778815,0,2020,Maule
persons,2020.0,7,MUJER,10.0,575839.0,1.7365965139561579,0.8327655292768349,3.193662819298064,2.2629801770546782,1.0660705159572343,4.255677731079068,0.5331500804051782,0,2020,Maule
persons,2020.0,7,TOTAL,63.0,1131939.0,5.565670941632014,4.276814368573505,7.1209108694806424,7.327499335749509,5.620024149346671,9.403659977875762,0.863752211564212,0,2020,Maule
persons,2020.0,8,HOMBRE,142.0,810577.0,17.518385051636056,14.755589668447046,20.64826363553415,22.139045957420837,18.63210201693504,26.14085783187825,3.4836515810856743,0,2020,Biobío
persons,2020.0,8,MUJER,47.0,853119.0,5.5091962551531495,4.047950188316724,7.326063109677192,7.707070766221165,5.651439126931133,10.293906045241126,1.2792129945119537,0,2020,Biobío
persons,2020.0,8,TOTAL,189.0,1663696.0,11.360248506938767,9.798318748435877,13.100384368123688,15.044185056652445,12.96541606508109,17.374394072976013,1.2099621879921318,0,2020,Biobío
persons,2020.0,9,HOMBRE,56.0,495735.0,11.29635793316994,8.533147383709082,14.669260392666432,13.829389250134364,10.437941748847928,18.01243178159446,3.4340263603948418,0,2020,La Araucanía
persons,2020.0,9,MUJER,18.0,518608.0,3.4708296054052385,2.0570335938511417,5.485407141333721,4.348978419269844,2.556457588378502,6.980848968793852,1.0799668061976302,0,2020,La Araucanía
persons,2020.0,9,TOTAL,74.0,1014343.0,7.2953626140270105,5.728428770479115,9.158659694195812,9.155350198642605,7.179086920555673,11.529550280233407,1.1448198720391358,0,2020,La Araucanía
persons,2020.0,10,HOMBRE,53.0,443617.0,11.947242779244258,8.949304677764259,15.627287711968714,14.993939968682463,11.217099520398333,19.688539494969202,4.2769959835707345,0,2020,Los Lagos
persons,2020.0,10,MUJER,11.0,447823.0,2.456327611578682,1.2261898936045803,4.395048604761692,3.3067567896997225,1.6488506146909025,5.986581605258912,0.9968212975940411,0,2020,Los Lagos
persons,2020.0,10,TOTAL,64.0,891440.0,7.179395135959795,5.529009080390766,9.16792730962095,9.233307261114899,7.102991848307171,11.829242932095333,1.3425839022507935,0,2020,Los Lagos
persons,2020.0,11,HOMBRE,7.0,54276.0,12.897044734320879,5.185280882010217,26.572841332637587,15.355483249777182,6.125584724653516,32.89195533723752,34.156507873316535,0,2020,Aysén
persons,2020.0,11,MUJER,1.0,53021.0,1.886045151920937,0.04775052900603511,10.508371005712638,2.557244499308963,0.06474382520238586,15.62666422083361,6.539499429245948,0,2020,Aysén
persons,2020.0,11,TOTAL,8.0,107297.0,7.455940054241964,3.2189457084061077,14.69117423617931,9.125503189882975,3.912794489353258,18.617220904339455,10.55018258074319,0,2020,Aysén
persons,2020.0,12,HOMBRE,27.0,90675.0,29.77667493796526,19.623016412202674,43.32349869882783,39.813827777121176,26.157429192734106,58.44421345558946,59.49009699482957,0,2020,Magallanes
persons,2020.0,12,MUJER,5.0,87687.0,5.702099513040702,1.8514561909044904,13.3067981335006,8.391541439931514,2.7156080876760886,19.874366083743592,14.14915571243932,0,2020,Magallanes
persons,2020.0,12,TOTAL,32.0,178362.0,17.94104125318173,12.271658935919403,25.327397135836375,24.509906401850515,16.72437430781845,34.8331214196119,18.99102219601134,0,2020,Magallanes
persons,2020.0,13,HOMBRE,282.0,4010416.0,7.031689480592537,6.234858224707887,7.902132717158953,9.132702623935746,8.08976881724048,10.274510216092958,0.30051144771789834,0,2020,Metropolitana
persons,2020.0,13,MUJER,110.0,4114656.0,2.673370507765412,2.197185429168215,3.2221344148046485,3.697093407831689,3.0339748567058025,4.463948629800276,0.12608819322424986,0,2020,Metropolitana
persons,2020.0,13,TOTAL,392.0,8125072.0,4.82457263147945,4.358734949292931,5.326636880494111,6.454739246310819,5.826758050588473,7.1328194699156,0.10795144814802927,0,2020,Metropolitana
persons,2020.0,14,HOMBRE,24.0,198915.0,12.065455093884323,7.730564741063501,17.952440788152334,15.817576553035906,10.092962621468436,23.745654768764165,10.598786663718473,0,2020,Los Ríos
persons,2020.0,14,MUJER,11.0,206920.0,5.316064179393002,2.6537600846882077,9.511907265272546,8.191075729137713,4.074428066701186,14.751922261198354,6.152703554984211,0,2020,Los Ríos
persons,2020.0,14,TOTAL,35.0,405835.0,8.624194561829315,6.007067503423746,11.994166932148058,12.017795898889483,8.342102509506363,16.813236945618225,4.198646277886844,0,2020,Los Ríos
persons,2020.0,15,HOMBRE,21.0,126744.0,16.568831660670327,10.256367941737823,25.327219225323017,19.597011597946373,12.082614177193378,30.238182299910946,18.559573675765197,0,2020,Arica y Parinacota
persons,2020.0,15,MUJER,8.0,125366.0,6.381315508192014,2.754999104022224,12.573735478673095,7.701600907844696,3.318150759068904,15.477311060252156,7.444445649407379,0,2020,Arica y Parinacota
persons,2020.0,15,TOTAL,29.0,252110.0,11.502915394074016,7.703682970746078,16.52010528681393,13.778579503523673,9.20583211163045,19.923640271521055,6.617133487578568,0,2020,Arica y Parinacota
persons,2020.0,16,HOMBRE,39.0,247792.0,15.73900690902047,11.19197249686692,21.51574056702107,20.05394628423308,14.237778835015781,27.582489203604776,10.400048445289324,0,2020,Ñuble
persons,2020.0,16,MUJER,16.0,263759.0,6.066143714527277,3.4673252680065985,9.851037347563851,8.02136287256893,4.556224552772749,13.295907440572982,4.100736427129019,0,2020,Ñuble
persons,2020.0,16,TOTAL,55.0,511551.0,10.751616163393289,8.099588696227448,13.994706290469447,14.224450221313262,10.697785166376985,18.610733986735646,3.719703843197674,0,2020,Ñuble
persons,2021.0,1,HOMBRE,27.0,197277.0,13.686339512462173,9.019383978753112,19.912905430010664,15.200512525867618,9.992128432888459,22.27356729160565,8.650981329891035,0,2021,Tarapacá
persons,2021.0,1,MUJER,12.0,193888.0,6.189140122132365,3.198019015473994,10.811182253763493,6.97075100277397,3.5785721906375705,12.342563048237665,4.1177806109452515,0,2021,Tarapacá
persons,2021.0,1,TOTAL,39.0,391165.0,9.970217171781728,7.089799059076471,13.629615089753134,11.170698554354745,7.924884933290138,15.341387099078302,3.2401577519730984,0,2021,Tarapacá
persons,2021.0,2,HOMBRE,83.0,354057.0,23.442553035245737,18.671862637316334,29.060571545617254,28.246452812346824,22.479888855458782,35.14861746275114,9.677737455831112,0,2021,Antofagasta
persons,2021.0,2,MUJER,38.0,349689.0,10.866798784062409,7.689993578635916,14.915530348183559,14.026144458649599,9.923417992322088,19.277684410826307,5.183606096867993,0,2021,Antofagasta
persons,2021.0,2,TOTAL,121.0,703746.0,17.193703410037145,14.266879181230356,20.544281580489862,21.309961355908513,17.673231293981104,25.488220353347963,3.7730462558009124,0,2021,Antofagasta
persons,2021.0,3,HOMBRE,21.0,159897.0,13.1334546614383,8.129815433733082,20.075880557448485,15.61074810833552,9.645726509055699,24.02251458194275,11.683208086610309,0,2021,Atacama
persons,2021.0,3,MUJER,5.0,156840.0,3.1879622545269064,1.0351226664871338,7.4396404484332255,3.9837672350168547,1.287335347340139,9.453926601612684,3.195242202921336,0,2021,Atacama
persons,2021.0,3,TOTAL,26.0,316737.0,8.208703119622905,5.36219741160532,12.027651989860672,9.93907614730211,6.481201244646984,14.640299322485209,3.8276214644666178,0,2021,Atacama
persons,2021.0,4,HOMBRE,70.0,415361.0,16.852809965307287,13.137592144651396,21.29251153383176,20.159159466158407,15.687260127242668,25.57632932572293,5.8834597780785085,0,2021,Coquimbo
persons,2021.0,4,MUJER,19.0,432718.0,4.390850392172269,2.643578765932254,6.856856791625398,5.868637715043526,3.519712407324726,9.25953308288793,1.8371508544757988,0,2021,Coquimbo
persons,2021.0,4,TOTAL,89.0,848079.0,10.494305365419967,8.427788937392714,12.914145780494085,13.104314248568587,10.505023659652563,16.183884371582174,1.95940963854461,0,2021,Coquimbo
persons,2021.0,5,HOMBRE,124.0,968008.0,12.809811489161246,10.654538445040494,15.273046719592513,16.395199311870904,13.608414318418268,19.613476239323568,2.214641502962361,0,2021,Valparaíso
persons,2021.0,5,MUJER,31.0,1011365.0,3.0651644065199015,2.0826305022560456,4.350756206043194,4.159277316960111,2.8103643136706293,5.970546555128273,0.5727498727201961,0,2021,Valparaíso
persons,2021.0,5,TOTAL,155.0,1979373.0,7.8307625697632535,6.646506351242477,9.165170358520372,10.387054964696347,8.798099347012672,12.194854955067122,0.7129232789407246,0,2021,Valparaíso
persons,2021.0,6,HOMBRE,67.0,500528.0,13.385864527059425,10.373861147668169,16.999574774597296,17.43084954106422,13.491735305633197,22.205198095667562,4.576851454745222,0,2021,O'Higgins
persons,2021.0,6,MUJER,17.0,500431.0,3.3970717241737622,1.9789194653423337,5.439040909916974,4.638838540185766,2.697583178098908,7.491649985354191,1.2730149033961748,0,2021,O'Higgins
persons,2021.0,6,TOTAL,84.0,1000959.0,8.391952117918915,6.6937496680469435,10.38980775135522,11.170112904672367,8.900629629115397,13.863777760286553,1.498083514047635,0,2021,O'Higgins
persons,2021.0,7,HOMBRE,62.0,561122.0,11.049290528619444,8.471427690622107,14.16469179175763,14.151659248473027,10.829372261399373,18.204196626339925,3.273629532582794,0,2021,Maule
persons,2021.0,7,MUJER,12.0,581890.0,2.0622454415783054,1.065592312760525,3.6023277678215746,2.8817882700137947,1.4867781799418855,5.0800046625479105,0.6948196650498122,0,2021,Maule
persons,2021.0,7,TOTAL,74.0,1143012.0,6.474122756366512,5.0835788463586535,8.127668257367082,8.597823779333138,6.73977320340102,10.825948310893413,1.0121129266590296,0,2021,Maule
persons,2021.0,8,HOMBRE,192.0,813546.0,23.600386456328224,20.38005684718967,27.185079159994707,30.091982519347205,25.9669878792184,34.71700906132687,4.761423367968397,0,2021,Biobío
persons,2021.0,8,MUJER,44.0,857044.0,5.133925446068114,3.730318088469709,6.892055283078551,7.230733944773145,5.244361298175522,9.756474263719229,1.2007507244625566,0,2021,Biobío
persons,2021.0,8,TOTAL,236.0,1670590.0,14.126745640761648,12.381763936046141,16.048759211586333,18.855358335435838,16.51473793615515,21.450120838417526,1.5219503677568371,0,2021,Biobío
persons,2021.0,9,HOMBRE,78.0,498048.0,15.661141094834234,12.379482139275797,19.545812863593426,19.285410715687856,15.232428512685974,24.132175781749513,4.79819975965983,0,2021,La Araucanía
persons,2021.0,9,MUJER,29.0,521500.0,5.560882070949185,3.72420999761226,7.986354254762531,7.3403238253109135,4.90617498855292,10.617335969042218,1.8746901521516908,0,2021,La Araucanía
persons,2021.0,9,TOTAL,107.0,1019548.0,10.494846736004583,8.600780168960735,12.681948008421806,13.378694544849486,10.955490442966862,16.2020990140061,1.6854834551939257,0,2021,La Araucanía
persons,2021.0,10,HOMBRE,70.0,446418.0,15.68037131119265,12.223618695470497,19.811205827730724,20.463193274575865,15.933758166909888,25.929161010143424,6.034017714103447,0,2021,Los Lagos
persons,2021.0,10,MUJER,34.0,450885.0,7.540725462146667,5.222171592439817,10.537408007630123,9.971445588045633,6.891876986451827,14.027877764948675,2.953258655638659,0,2021,Los Lagos
persons,2021.0,10,TOTAL,104.0,897303.0,11.590287784616791,9.470105004678517,14.043573574924562,15.301150242833847,12.489521368553428,18.58310860495222,2.272673837715352,0,2021,Los Lagos
persons,2021.0,11,HOMBRE,8.0,54429.0,14.698046997005273,6.345573456702312,28.961011997636025,18.823245257162668,7.978209264738827,38.28973715422177,45.90269465223114,0,2021,Aysén
persons,2021.0,11,MUJER,3.0,53308.0,5.627673144743754,1.1605614971403941,16.446449069074667,6.354454705585489,1.2643866918938118,21.033373564470377,13.902274532299828,0,2021,Aysén
persons,2021.0,11,TOTAL,11.0,107737.0,10.210048544139896,5.096819446649563,18.268597151676726,12.776047233901137,6.277742615798833,23.58900733492239,15.417216320168702,0,2021,Aysén
persons,2021.0,12,HOMBRE,27.0,91500.0,29.508196721311474,19.44608757569921,42.932876989248236,41.14358306494996,27.04926759593458,60.32134545930942,63.34640371509496,0,2021,Magallanes
persons,2021.0,12,MUJER,11.0,88449.0,12.436545353819715,6.208278632021662,22.25241496602783,18.38822538390941,9.16285428015104,33.21658914649021,30.87427179929653,0,2021,Magallanes
persons,2021.0,12,TOTAL,38.0,179949.0,21.117094287825996,14.943712743719693,28.98486177709218,30.193000165105587,21.33842276362476,41.630806040370594,24.1571324377577,0,2021,Magallanes
persons,2021.0,13,HOMBRE,482.0,4071264.0,11.839075039103335,10.805607663306047,12.944722586063419,15.606929484824605,14.23615332958807,17.07575183912388,0.5117448377604498,0,2021,Metropolitana
persons,2021.0,13,MUJER,160.0,4171195.0,3.8358312186315913,3.2644962123970696,4.478389248792662,5.275414982550772,4.482743111401969,6.17020411101556,0.17714538345314607,0,2021,Metropolitana
persons,2021.0,13,TOTAL,642.0,8242459.0,7.788937742972092,7.198007475081927,8.415449150040196,10.519358313877108,9.715769729197607,11.372608026659924,0.17479824695848192,0,2021,Metropolitana
persons,2021.0,14,HOMBRE,26.0,199687.0,13.020376889832589,8.505342468761782,19.077868906401015,16.51168683646085,10.759481777983135,24.437528590893468,10.595599006485346,0,2021,Los Ríos
persons,2021.0,14,MUJER,3.0,208131.0,1.4413998875708087,0.2972513094616378,4.212382139009721,1.8800623203853044,0.3853688046418534,5.9103905890575,1.1847694119890428,0,2021,Los Ríos
persons,2021.0,14,TOTAL,29.0,407818.0,7.111015207764248,4.762358487744027,10.212604014189319,9.286069072961835,6.203732358061718,13.464631197538523,3.006722831958963,0,2021,Los Ríos
persons,2021.0,15,HOMBRE,49.0,128511.0,38.12903175603645,28.2080675964152,50.40860205968228,44.57298848171474,32.88652294743461,59.27646367437383,41.222638091266575,0,2021,Arica y Parinacota
persons,2021.0,15,MUJER,13.0,126869.0,10.246789995980105,5.455984118266717,17.52232296160518,12.859118197570274,6.817350256912835,22.271583214525013,12.87093118412702,0,2021,Arica y Parinacota
persons,2021.0,15,TOTAL,62.0,255380.0,24.27754718458767,18.61345621668595,31.1227198197769,29.168011247413645,22.312950580365545,37.56300815879671,13.939525465889584,0,2021,Arica y Parinacota
persons,2021.0,16,HOMBRE,89.0,248859.0,35.76322335137568,28.720805011010555,44.00972373663658,45.36294591769723,36.34160304464931,56.07866397973049,23.609854581213572,0,2021,Ñuble
persons,2021.0,16,MUJER,36.0,265649.0,13.55171673900523,9.491455799688772,18.761288199555125,18.855059102004965,13.175467246420604,26.32861584727942,9.992849459078265,0,2021,Ñuble
persons,2021.0,16,TOTAL,125.0,514508.0,24.295054693027126,20.222989549725217,28.94646088047855,32.354225822488374,26.880144817418824,38.68404433595063,8.541223571605599,0,2021,Ñuble
persons,2022.0,1,HOMBRE,57.0,199973.0,28.50384801948263,21.588536133840442,36.93004125705111,32.66790507216503,24.716154407379804,42.41734914751388,18.856248573740903,0,2022,Tarapacá
persons,2022.0,1,MUJER,23.0,196724.0,11.691506882739269,7.4114124545274995,17.543000800529185,14.140323051250487,8.949876836697188,21.29051236664152,8.746470387053584,0,2022,Tarapacá
persons,2022.0,1,TOTAL,80.0,396697.0,20.166525080855163,15.990800180235885,25.098986119743397,23.59857257615691,18.696139323885063,29.41789317501708,7.009901585042899,0,2022,Tarapacá
persons,2022.0,2,HOMBRE,140.0,356913.0,39.225245367918795,32.99699681245858,46.28732783641141,48.20156966509974,40.52223130281261,57.00298367348524,16.712961762562685,0,2022,Antofagasta
persons,2022.0,2,MUJER,46.0,352724.0,13.041358115693857,9.547913215140413,17.395344153101576,16.933290879758054,12.389893661610566,22.613159428540815,6.255553031018586,0,2022,Antofagasta
persons,2022.0,2,TOTAL,186.0,709637.0,26.210583720972835,22.579013835731622,30.260024612853453,32.97441483769102,28.391666004298934,38.09506984143173,5.883126587129235,0,2022,Antofagasta
persons,2022.0,3,HOMBRE,35.0,160468.0,21.81120223346711,15.192301519629932,30.334102356284788,25.693260564450142,17.863456917528243,35.926280674608286,19.037116817788174,0,2022,Atacama
persons,2022.0,3,MUJER,11.0,157536.0,6.982530977046516,3.4856543058328504,12.493676691868496,8.298005869319862,4.109308610386455,15.108732133145596,6.382900854258188,0,2022,Atacama
persons,2022.0,3,TOTAL,46.0,318004.0,14.465226852492421,10.590364086291956,19.294585511687274,17.17748937478416,12.551303247595717,23.01886024670273,6.489877452814625,0,2022,Atacama
persons,2022.0,4,HOMBRE,148.0,420466.0,35.19904106396237,29.756702495370394,41.34865494624632,43.81238043131865,37.00290109850872,51.56642822069417,13.111681842455015,0,2022,Coquimbo
persons,2022.0,4,MUJER,48.0,438303.0,10.951328190772138,8.074644897133544,14.519872367318332,14.613934226459028,10.75364253577061,19.475728425044423,4.503650541334717,0,2022,Coquimbo
persons,2022.0,4,TOTAL,196.0,858769.0,22.823366935695162,19.739834517200734,26.251992419038146,29.44249131037066,25.4425099789348,33.920582015542244,4.474109164932948,0,2022,Coquimbo
persons,2022.0,5,HOMBRE,220.0,975818.0,22.5451877296791,19.664267528290615,25.729413346713457,30.400679058213317,26.48439061239292,34.7554100280702,4.271929364644939,0,2022,Valparaíso
persons,2022.0,5,MUJER,79.0,1019720.0,7.747224728356803,6.1335507746827425,9.655353544568678,11.325217702341936,8.944682809254113,14.170965774384502,1.65534528330316,0,2022,Valparaíso
persons,2022.0,5,TOTAL,299.0,1995538.0,14.983428027930312,13.333041893563154,16.781668708298493,21.04128965837604,18.70330675403736,23.602101893206125,1.5076246908272395,0,2022,Valparaíso
persons,2022.0,6,HOMBRE,91.0,504711.0,18.030120207405822,14.516728087327417,22.13699224240163,23.602051139793733,18.965762246880256,29.07418321093317,6.2266518780799185,0,2022,O'Higgins
persons,2022.0,6,MUJER,25.0,504841.0,4.9520542111278605,3.2047083830016434,7.310208896965651,6.9172317477427985,4.451751042373689,10.299649744077461,1.9579959579508783,0,2022,O'Higgins
persons,2022.0,6,TOTAL,116.0,1009552.0,11.490245178059178,9.49461191710912,13.781454593552088,15.426073039944717,12.722690139725641,18.55546043642941,2.0905188350953257,0,2022,O'Higgins
persons,2022.0,7,HOMBRE,137.0,565612.0,24.221551169352843,20.33558949134717,28.633834623040777,31.39999240292065,26.340956010729798,37.18115062051777,7.26094778135583,0,2022,Maule
persons,2022.0,7,MUJER,26.0,587431.0,4.426051740544847,2.891243944496688,6.48519129619053,6.274517916061446,4.089842908000572,9.245723232908146,1.5281667214015617,0,2022,Maule
persons,2022.0,7,TOTAL,163.0,1153043.0,14.136506617706365,12.04959760295477,16.48100817198765,19.051812685515422,16.22658527575421,22.243968071595077,2.247820368026571,0,2022,Maule
persons,2022.0,8,HOMBRE,281.0,815898.0,34.4405795822517,30.531044080336127,38.71195547362285,44.54766687440445,39.46454936221297,50.13501205980275,7.138149993344443,0,2022,Biobío
persons,2022.0,8,MUJER,100.0,860371.0,11.622892914800708,9.456849574302613,14.136551998199193,16.59155362373435,13.477250331050842,20.241979153636102,2.794883563676256,0,2022,Biobío
persons,2022.0,8,TOTAL,381.0,1676269.0,22.729048857910037,20.503797930002108,25.129935865328875,30.81042273757585,27.77585590370453,34.101319502179784,2.522385671647465,0,2022,Biobío
persons,2022.0,9,HOMBRE,123.0,499978.0,24.601082447627697,20.44590471795426,29.35257547594877,31.13183028086741,25.851687674386795,37.21543873022665,7.948660493902744,0,2022,La Araucanía
persons,2022.0,9,MUJER,58.0,524051.0,11.067625097557299,8.404111752529763,14.307471933971039,14.802786963708321,11.223524429548645,19.21725732298778,3.8165556381192802,0,2022,La Araucanía
persons,2022.0,9,TOTAL,181.0,1024029.0,17.675280680527603,15.19399597151939,20.446237868128424,23.08732245500307,19.831153990662905,26.747802697352956,2.973554342730666,0,2022,La Araucanía
persons,2022.0,10,HOMBRE,110.0,448889.0,24.5049444294692,20.140084094819812,29.535084848776503,32.44424559052122,26.641894081529156,39.1849483901531,9.65086880098486,0,2022,Los Lagos
persons,2022.0,10,MUJER,37.0,453621.0,8.156588870444711,5.742991300470223,11.24278332394903,11.12917525284034,7.814624028298872,15.439834833022283,3.395471519343467,0,2022,Los Lagos
persons,2022.0,10,TOTAL,147.0,902510.0,16.287908167222525,13.761349118110243,19.144005791930095,21.959873906329715,18.536871068615117,25.857516891187196,3.3140422399323546,0,2022,Los Lagos
persons,2022.0,11,HOMBRE,17.0,54524.0,31.17893037928252,18.162875925477394,49.9204878877313,40.595461819143544,23.508128062962427,66.03988177512424,98.82513747863025,0,2022,Aysén
persons,2022.0,11,MUJER,9.0,53523.0,16.815200941651252,7.6889806202535995,31.920489231581126,20.364485731300018,9.158173595073702,40.563575752514545,47.72716496907255,0,2022,Aysén
persons,2022.0,11,TOTAL,26.0,108047.0,24.063601951002806,15.719143720414579,35.258752286620634,30.809718639389335,19.998694009890613,45.80736074199161,37.4962154896452,0,2022,Aysén
persons,2022.0,12,HOMBRE,39.0,92124.0,42.33424514784421,30.10378673248717,57.87230674507495,56.322965112920734,39.91800180402661,77.64401994561669,82.80841836340723,0,2022,Magallanes
persons,2022.0,12,MUJER,6.0,89019.0,6.740134128669161,2.473510434279031,14.670434426941085,9.190128619001614,3.278610993590514,20.822267859098996,14.715286095874733,0,2022,Magallanes
persons,2022.0,12,TOTAL,45.0,181143.0,24.84225170169424,18.12010885777229,33.24088730834689,33.6579958810595,24.472386239352907,45.35614877597526,25.646699142067607,0,2022,Magallanes
persons,2022.0,13,HOMBRE,781.0,4107724.0,19.012961922466065,17.70273086862365,20.394502313279627,25.64746190949543,23.872406469884094,27.52056259757304,0.8496588558468359,0,2022,Metropolitana
persons,2022.0,13,MUJER,264.0,4203260.0,6.2808391581772245,5.545976807318546,7.085981884451269,8.740991828097822,7.709878279892781,9.87344663079591,0.2943496573731701,0,2022,Metropolitana
persons,2022.0,13,TOTAL,1045.0,8310984.0,12.573721715743888,11.822832403613482,13.359799232099139,17.327629927023164,16.287329260129145,18.41756440302267,0.2904353208845242,0,2022,Metropolitana
persons,2022.0,14,HOMBRE,39.0,200335.0,19.46739211820201,13.84321885313923,26.61256588505895,25.96903583068007,18.416659730011176,35.72819755947336,17.545326417585173,0,2022,Los Ríos
persons,2022.0,14,MUJER,14.0,209224.0,6.691392956830956,3.6582467959223584,11.227020380948447,9.208649309732012,5.007773670941961,15.741999587805372,6.149857692560761,0,2022,Los Ríos
persons,2022.0,14,TOTAL,53.0,409559.0,12.940748463591326,9.693508611056641,16.92681760850189,17.68895181375924,13.21769642633447,23.26427962909941,5.997716531202574,0,2022,Los Ríos
persons,2022.0,15,HOMBRE,55.0,129821.0,42.36602706803984,31.915889549024023,55.1452076135289,50.57282195060756,38.018468047587895,66.15718707946547,47.147167549023834,0,2022,Arica y Parinacota
persons,2022.0,15,MUJER,15.0,127901.0,11.727820736350772,6.563972238515191,19.343256793524557,14.951750453593489,8.352391390760753,24.90911031555949,14.989434232359788,0,2022,Arica y Parinacota
persons,2022.0,15,TOTAL,70.0,257722.0,27.161049502952793,21.173370572921787,34.31635205067435,33.252504219528795,25.88479361659634,42.16350754936824,15.967746523781257,0,2022,Arica y Parinacota
persons,2022.0,16,HOMBRE,125.0,249724.0,50.055261008153,41.66555840547974,59.63858377526092,65.724829639385,54.64533205058484,78.5168525238563,34.97687612380007,0,2022,Ñuble
persons,2022.0,16,MUJER,65.0,267336.0,24.31397193045456,18.765010222803614,30.99015314655399,34.92671578966823,26.894207786838077,44.75788191408282,19.078978964305072,0,2022,Ñuble
persons,2022.0,16,TOTAL,190.0,517060.0,36.746219007465285,31.706768455037615,42.35903130451577,50.59447367896211,43.60985163352036,58.44384390756965,13.658849511727922,0,2022,Ñuble
persons,2023.0,1,HOMBRE,77.0,202347.0,38.053442848176644,30.03118200637841,47.56027442962974,43.580885857020334,34.36057609074801,54.56259275259912,24.853902208034413,0,2023,Tarapacá
persons,2023.0,1,MUJER,34.0,199241.0,17.06476076711119,11.817842906114839,23.846292728506224,20.62361673733364,14.270088277689078,28.882398173698725,12.563829009862946,0,2023,Tarapacá
persons,2023.0,1,TOTAL,111.0,401588.0,27.64026813550206,22.73806186195316,33.286012627492774,32.32972736097558,26.57788282141486,38.97977212140884,9.478391113302552,0,2023,Tarapacá
persons,2023.0,2,HOMBRE,186.0,359072.0,51.800196060957134,44.623094090731335,59.803140000310485,64.31413589140278,55.370645849135876,74.37253848206487,22.407320314764835,0,2023,Antofagasta
persons,2023.0,2,MUJER,131.0,355070.0,36.894133551130764,30.847106165136676,43.780089235352634,47.405325944893306,39.614484211962186,56.300646491225976,17.252023228929453,0,2023,Antofagasta
persons,2023.0,2,TOTAL,317.0,714142.0,44.38893105292785,39.636434135223965,49.55435558497165,56.073502537362074,50.0507210313632,62.6291201569482,9.984408556705652,0,2023,Antofagasta
persons,2023.0,3,HOMBRE,57.0,160922.0,35.420887137868036,26.827434013326172,45.89186773900574,43.07599570521627,32.58092897375056,55.981707669436666,32.85212011366117,0,2023,Atacama
persons,2023.0,3,MUJER,21.0,158126.0,13.28054842340918,8.220868790759386,20.300728997725486,16.03458774272547,9.893487527140554,24.730270453180587,12.391431808165903,0,2023,Atacama
persons,2023.0,3,TOTAL,78.0,319048.0,24.447732002708058,19.32491763152263,30.511875971913252,29.783601565711727,23.513072319400326,37.268812238751615,11.48782496080657,0,2023,Atacama
persons,2023.0,4,HOMBRE,219.0,425400.0,51.48095909732017,44.888018966028156,58.769681164984426,66.24620670212754,57.7202070419806,75.72122439946057,20.245849917613857,0,2023,Coquimbo
persons,2023.0,4,MUJER,85.0,443703.0,19.156958596178075,15.301898117613469,23.687875970840622,25.686186653049404,20.47568774188005,31.880735693623144,7.89506573543911,0,2023,Coquimbo
persons,2023.0,4,TOTAL,304.0,869103.0,34.978592871040604,31.156680517725995,39.13993954810732,46.31972205573618,41.228380190715114,51.889865145477344,7.144794386068908,0,2023,Coquimbo
persons,2023.0,5,HOMBRE,349.0,983195.0,35.49651900182568,31.86967064904182,39.4230381859338,48.78774656449263,43.7723149567309,54.24107337098014,6.90640533078837,0,2023,Valparaíso
persons,2023.0,5,MUJER,171.0,1027654.0,16.639841814462844,14.239231672136603,19.329302099976786,24.245900818253617,20.72002475605393,28.226761990994135,3.4952478580758086,0,2023,Valparaíso
persons,2023.0,5,TOTAL,520.0,2010849.0,25.859723927554978,23.684548398398505,28.180957448861413,36.76365734643867,33.64975623186738,40.09925529775575,2.6363408820784326,0,2023,Valparaíso
persons,2023.0,6,HOMBRE,130.0,508672.0,25.556743834927026,21.352592377528943,30.346557995383463,34.57474829242954,28.840453765347455,41.152482790662255,9.354311618035728,0,2023,O'Higgins
persons,2023.0,6,MUJER,43.0,509029.0,8.447455842397977,6.113465679159181,11.378667582865342,11.743410088293668,8.479125014634933,15.89977197180218,3.249691889963093,0,2023,O'Higgins
persons,2023.0,6,TOTAL,173.0,1017701.0,16.99909894949499,14.560319388540654,19.729511910407627,23.39470959218561,20.01152466951231,27.2052787098828,3.2165889565332693,0,2023,O'Higgins
persons,2023.0,7,HOMBRE,190.0,569896.0,33.339416314555635,28.767181551303658,38.43185550751878,44.16732070292778,38.08859946143982,50.9710135742404,10.343066158220612,0,2023,Maule
persons,2023.0,7,MUJER,68.0,592745.0,11.472049532260922,8.908495348357635,14.543556361678217,16.06880996013626,12.464162621350985,20.430957585015967,3.8286613490855657,0,2023,Maule
persons,2023.0,7,TOTAL,258.0,1162641.0,22.190856850910986,19.56544651326002,25.070408485327192,30.380118170344083,26.772421775874506,34.35424759076071,3.604957563926089,0,2023,Maule
persons,2023.0,8,HOMBRE,468.0,818002.0,57.21257405238618,52.145893162340066,62.638581560650884,75.75635879655162,69.01191875417027,83.00966903280893,12.396276551842123,0,2023,Biobío
persons,2023.0,8,MUJER,215.0,863428.0,24.900744474351075,21.68331801254379,28.461043369941137,35.44383522626803,30.829816040353304,40.58654019642907,5.93421473343877,0,2023,Biobío
persons,2023.0,8,TOTAL,683.0,1681430.0,40.62018638896654,37.630552909856576,43.7841711981691,55.95532508836082,51.811771868554466,60.35645027970651,4.641697202475021,0,2023,Biobío
persons,2023.0,9,HOMBRE,214.0,501761.0,42.64978744860601,37.12659552440679,48.76302309084817,54.5654398036624,47.46977099760383,62.46343463770003,14.033221612359375,0,2023,La Araucanía
persons,2023.0,9,MUJER,88.0,526440.0,16.7160550110174,13.406764924986097,20.59464729930368,22.478702736055517,18.001498154635932,27.787355976504003,5.8162733261598145,0,2023,La Araucanía
persons,2023.0,9,TOTAL,302.0,1028201.0,29.37168899855184,26.15211162743335,32.878196301941244,38.76452291235596,34.49449939373038,43.438958080458576,5.026224489162224,0,2023,La Araucanía
persons,2023.0,10,HOMBRE,159.0,451199.0,35.239439803722966,29.97483115713001,41.16253580837977,46.95433629209721,39.90597171390581,54.93916239718426,14.005003015024617,0,2023,Los Lagos
persons,2023.0,10,MUJER,71.0,456230.0,15.56232601977073,12.154305734936113,19.62975672513877,20.92368164797626,16.310123265185364,26.507809262471543,6.256937411651129,0,2023,Los Lagos
persons,2023.0,10,TOTAL,230.0,907429.0,25.346335636176494,22.176265007092756,28.842413764793775,34.15754833463471,29.8609474270347,38.92577721814983,5.133203092108203,0,2023,Los Lagos
persons,2023.0,11,HOMBRE,30.0,54592.0,54.95310668229777,37.076630314736434,78.4489767636424,66.12097762976137,44.42406934229335,95.73635001914444,148.5809409265984,0,2023,Aysén
persons,2023.0,11,MUJER,9.0,53714.0,16.755408273448264,7.661639604904371,31.806984122238458,21.79676942786801,9.702887637755166,43.3190575608307,55.84235309803523,0,2023,Aysén
persons,2023.0,11,TOTAL,39.0,108306.0,36.00908536923162,25.60597980669259,49.22560510574931,44.720681744093355,31.62969489245998,61.913439982357225,52.7833235656654,0,2023,Aysén
persons,2023.0,12,HOMBRE,51.0,92686.0,55.02449129318344,40.969347947144946,72.34704418855468,75.48018534698684,55.99627253085643,99.90969640891899,114.28265762496842,0,2023,Magallanes
persons,2023.0,12,MUJER,16.0,89531.0,17.870905049647607,10.21476634198381,29.02123018570209,23.541183792594556,13.28220402127863,39.105209874376925,36.056497841202045,0,2023,Magallanes
persons,2023.0,12,TOTAL,67.0,182217.0,36.76934643858696,28.495738446577725,46.69577022330318,50.496095531648386,39.00217688574368,64.49115334117148,39.007519560623656,0,2023,Magallanes
persons,2023.0,13,HOMBRE,1161.0,4138275.0,28.055167914167136,26.464394106693625,29.716573698277298,38.02911965001067,35.862588821181326,40.29315519072136,1.2576712579125096,0,2023,Metropolitana
persons,2023.0,13,MUJER,493.0,4229515.0,11.656182801101309,10.649837948640581,12.731995461040807,16.369823256988358,14.945901494565504,17.89418871707462,0.5519444974595403,0,2023,Metropolitana
persons,2023.0,13,TOTAL,1654.0,8367790.0,19.766270425046518,18.82505156775976,20.742364888405255,27.370237671727555,26.059569472822034,28.730203468522493,0.458119266447874,0,2023,Metropolitana
persons,2023.0,14,HOMBRE,54.0,200948.0,26.872623763361666,20.187542037016915,35.06294483832171,36.359724089398,27.268371593510874,47.646623290899925,24.752716537128734,0,2023,Los Ríos
persons,2023.0,14,MUJER,17.0,210257.0,8.085343175256947,4.710010353808574,12.945417663101164,11.527995158341792,6.67076206162488,18.735392389802463,7.988133413995732,0,2023,Los Ríos
persons,2023.0,14,TOTAL,71.0,411205.0,17.266327014506146,13.485144649140702,21.77912211843256,24.12198131289645,18.805453162060807,30.54404063780609,8.30847043464972,0,2023,Los Ríos
persons,2023.0,15,HOMBRE,84.0,130999.0,64.12262689028161,51.14671847860366,79.388175306596,78.00730232497807,62.14225822800839,96.88260388639667,73.21810044819257,0,2023,Arica y Parinacota
persons,2023.0,15,MUJER,45.0,128803.0,34.93707444702375,25.48334183849325,46.74855437913621,43.81301794442938,31.91360631209713,58.90009608293667,43.00221548744021,0,2023,Arica y Parinacota
persons,2023.0,15,TOTAL,129.0,259802.0,49.653197434969705,41.45496521265676,58.998235812900056,61.503964899813674,51.30604402036562,73.22666553679163,29.584502182620398,0,2023,Arica y Parinacota
persons,2023.0,16,HOMBRE,184.0,250500.0,73.45309381237524,63.222834523379504,84.86728434637287,98.95978318530705,85.09098743472096,114.55599326969745,53.916334785476515,0,2023,Ñuble
persons,2023.0,16,MUJER,95.0,268937.0,35.324258097621374,28.57943424048388,43.18207372862622,51.97060494314714,41.990670079159756,63.749240470748155,28.775315943433203,0,2023,Ñuble
persons,2023.0,16,TOTAL,279.0,519437.0,53.711999722776774,47.593710758145264,60.39868366678417,76.0229277726741,67.30979366810118,85.60873303350034,20.979517402373414,0,2023,Ñuble
persons,2024.0,1,HOMBRE,114.0,204628.0,55.7108509099439,45.954582052287755,66.92574993941953,65.09300697856338,53.67063801556499,78.25251886111167,37.325882024773854,0,2024,Tarapacá
persons,2024.0,1,MUJER,66.0,201659.0,32.728516951884124,25.312232639575363,41.63869821952246,38.34114669834729,29.61458326705936,48.88369811489273,22.4850589124557,0,2024,Tarapacá
persons,2024.0,1,TOTAL,180.0,406287.0,44.303657266907386,38.06764691524864,51.26982327807365,51.98587479749791,44.64670807687416,60.20359221113118,15.107405823933679,0,2024,Tarapacá
persons,2024.0,2,HOMBRE,271.0,361009.0,75.0673805916196,66.39509271314616,84.55773605027996,94.79336731369612,83.81607190307825,106.87963122719025,33.32135417133872,0,2024,Antofagasta
persons,2024.0,2,MUJER,142.0,357223.0,39.75107985767993,33.482003137202256,46.85310742281534,50.5905722894535,42.57365551378353,59.71761796012688,18.20569116871065,0,2024,Antofagasta
persons,2024.0,2,TOTAL,413.0,718232.0,57.50231123091146,52.08961318925418,63.324651147463236,73.26555019224085,66.34607202919643,80.72382382665742,13.086190064189664,0,2024,Antofagasta
persons,2024.0,3,HOMBRE,53.0,161331.0,32.85171479752806,24.608188712868245,42.97085180728084,38.99341827177821,29.155449357743276,51.22060317715141,29.02725414004917,0,2024,Atacama
persons,2024.0,3,MUJER,32.0,158661.0,20.168787540731497,13.795435747464445,28.472310195587113,24.75988837719063,16.905785164592285,35.147546283448165,19.321133420714897,0,2024,Atacama
persons,2024.0,3,TOTAL,85.0,319992.0,26.563164079101977,21.217712006798447,32.84576374374952,31.996542246328392,25.526614226447897,39.67180197966631,12.168196737869263,0,2024,Atacama
persons,2024.0,4,HOMBRE,341.0,430248.0,79.25661478960971,71.0667339907736,88.13143785097652,101.85153091758325,91.27966372179353,113.35835915769269,30.70255731031649,0,2024,Coquimbo
persons,2024.0,4,MUJER,118.0,449019.0,26.279511557417393,21.75224632817029,31.47116819641543,34.719977648896105,28.691831002532126,41.70928264868033,10.384647560686822,0,2024,Coquimbo
persons,2024.0,4,TOTAL,459.0,879267.0,52.20257327978873,47.53552673892849,57.20395907313479,68.8640707646512,62.67327866365422,75.52627301557051,10.449491106266686,0,2024,Coquimbo
persons,2024.0,5,HOMBRE,481.0,990348.0,48.568785921716405,44.32477096369105,53.10953405492474,66.05249467489628,60.2438823323667,72.29307453905541,9.1894678720965,0,2024,Valparaíso
persons,2024.0,5,MUJER,256.0,1035345.0,24.7260574977423,21.78966450744735,27.94786107142488,34.944650746753986,30.752854639326824,39.58016451565969,4.870012545866188,0,2024,Valparaíso
persons,2024.0,5,TOTAL,737.0,2025693.0,36.3826107904801,33.802989531075525,39.10688433764077,50.806709894133675,47.175820084144775,54.65559596144348,3.5592897200880254,0,2024,Valparaíso
persons,2024.0,6,HOMBRE,170.0,512497.0,33.17092587859051,28.371896998393144,38.54919616637226,45.193417243726294,38.622311824237734,52.60199149970141,12.139906510568784,0,2024,O'Higgins
persons,2024.0,6,MUJER,80.0,513089.0,15.591836893794254,12.363356959706863,19.405390676361893,22.100754291679323,17.499342144901046,27.586406964161878,6.177209479792409,0,2024,O'Higgins
persons,2024.0,6,TOTAL,250.0,1025586.0,24.376307788912875,21.44803026083988,27.592781594358353,33.899207808257124,29.805512441182234,38.417974145448724,4.646809385555109,0,2024,O'Higgins
persons,2024.0,7,HOMBRE,307.0,574048.0,53.479848375048775,47.66420152201384,59.80934832188352,71.03291655709505,63.28027946777623,79.50512516896015,16.559197719173692,0,2024,Maule
persons,2024.0,7,MUJER,112.0,597934.0,18.73116430910435,15.42318274802209,22.53845797230721,26.227777126310794,21.572283411030774,31.631131734178247,6.207932280097269,0,2024,Maule
persons,2024.0,7,TOTAL,419.0,1171982.0,35.751402325291686,32.40970637398587,39.3441121699281,49.04299276581656,44.440199050649156,54.00959045372128,5.788563661674327,0,2024,Maule
persons,2024.0,8,HOMBRE,587.0,819922.0,71.5921758411166,65.916997251073,77.6252556603056,95.24537228896838,87.65126913815679,103.34938935975843,15.638442524605757,0,2024,Biobío
persons,2024.0,8,MUJER,292.0,866303.0,33.70645143789182,29.950848211422016,37.8027157165316,46.721540715486505,41.478243806087015,52.48345632901187,7.587253064030738,0,2024,Biobío
persons,2024.0,8,TOTAL,879.0,1686225.0,52.12827469643731,48.738690926241155,55.69145326142167,71.4314423989008,66.75606452650891,76.36335000064986,5.882964474576765,0,2024,Biobío
persons,2024.0,9,HOMBRE,312.0,503438.0,61.97386768579249,55.287204611194454,69.24636680125604,79.88618118312932,71.23796573586068,89.33625379040286,20.59599579895145,0,2024,La Araucanía
persons,2024.0,9,MUJER,157.0,528726.0,29.694019208436885,25.23086558107662,34.71919728938614,39.458121428060984,33.49366444781887,46.239376971497194,10.034805211592149,0,2024,La Araucanía
persons,2024.0,9,TOTAL,469.0,1032164.0,45.438515584732656,41.41872467143515,49.743072414515204,60.05166618723831,54.716157546920336,65.78993603240511,7.757276290445535,0,2024,La Araucanía
persons,2024.0,10,HOMBRE,238.0,453413.0,52.49077551812586,46.03334089102884,59.60042202511734,72.37200325705082,63.44452271126549,82.24600220128887,22.13134265201425,0,2024,Los Lagos
persons,2024.0,10,MUJER,99.0,458758.0,21.58000514432446,17.53916331795748,26.272881944980895,29.364706961986187,23.836831801921203,35.859383720455845,8.808449286474879,0,2024,Los Lagos
persons,2024.0,10,TOTAL,337.0,912171.0,36.944827230859126,33.1052134390508,41.10754482869771,51.26766707209614,45.91892263975197,57.09231930730571,7.861421798418164,0,2024,Los Lagos
persons,2024.0,11,HOMBRE,37.0,54651.0,67.70232932608735,47.66868779547681,93.3187428261712,85.38310383693884,59.94196637152821,118.88737333973852,200.06204739817315,0,2024,Aysén
persons,2024.0,11,MUJER,17.0,53887.0,31.54749754115093,18.37757987939075,50.51059961754526,37.968761089248694,21.959514778963708,62.818957788277,86.79889369662888,0,2024,Aysén
persons,2024.0,11,TOTAL,54.0,108538.0,49.75216053363799,37.37535422851421,64.91577732564697,62.17183160940596,46.57311543702199,81.85706255590611,72.90919123482719,0,2024,Aysén
persons,2024.0,12,HOMBRE,52.0,93226.0,55.77843090983202,41.6580001292142,73.14599118365358,78.62356236926644,58.572770893101165,103.65401713417917,120.78671601476215,0,2024,Magallanes
persons,2024.0,12,MUJER,20.0,90009.0,22.220000222200003,13.572553395109317,34.31698819304136,29.779592578594773,18.06530013200753,46.729787420871105,45.448231186565856,0,2024,Magallanes
persons,2024.0,12,TOTAL,72.0,183235.0,39.29380303981226,30.744980866203697,49.484041828612405,55.00024997480519,42.93792948508825,69.56670595487094,42.739997618929124,0,2024,Magallanes
persons,2024.0,13,HOMBRE,1567.0,4166844.0,37.60639947163849,35.76725193121345,39.515599372694695,51.66974292144409,49.13306271276555,54.30435537403662,1.7170984421696076,0,2024,Metropolitana
persons,2024.0,13,MUJER,700.0,4253885.0,16.455545930367183,15.258940485569106,17.721056449042756,22.934515163860283,21.250433597887145,24.71855850347507,0.7665040974655484,0,2024,Metropolitana
persons,2024.0,13,TOTAL,2267.0,8420729.0,26.921659633031773,25.824734688860516,28.05319947286953,37.5383784217256,36.00013524315928,39.12606201998797,0.6287820325841865,0,2024,Metropolitana
persons,2024.0,14,HOMBRE,56.0,201540.0,27.78604743475241,20.989281622819398,36.08249380152076,37.53219124393969,28.270921875763236,48.992115017319335,25.632759159796386,0,2024,Los Ríos
persons,2024.0,14,MUJER,28.0,211246.0,13.254688846179336,8.807644478881272,19.15671583995351,18.132993511972128,11.988140848280235,26.532131740862777,12.009004535726643,0,2024,Los Ríos
persons,2024.0,14,TOTAL,84.0,412786.0,20.34952735800148,16.231579980858363,25.194099550345143,27.964648145869944,22.247882851839673,34.776013630914456,9.51290728097328,0,2024,Los Ríos
persons,2024.0,15,HOMBRE,91.0,132125.0,68.87417218543047,55.453187130997975,84.5622213181061,84.53666808037917,67.9440841439954,104.14382526512286,79.74437666980235,0,2024,Arica y Parinacota
persons,2024.0,15,MUJER,48.0,129654.0,37.02161136563469,27.296813691427367,49.08528559252107,47.15444849418387,34.71975486122475,62.78570214327552,46.7161816249852,0,2024,Arica y Parinacota
persons,2024.0,15,TOTAL,139.0,261779.0,53.098224074505595,44.63826040269456,62.69515862806324,66.4437543281868,55.7982275244228,78.61688806977313,32.13412618230932,0,2024,Arica y Parinacota
persons,2024.0,16,HOMBRE,179.0,251232.0,71.24888549229398,61.193271322986014,82.48537092781119,95.4140502891187,81.86813706918164,110.68230621009991,51.48828533243787,0,2024,Ñuble
persons,2024.0,16,MUJER,128.0,270479.0,47.32345209794476,39.48082246422237,56.26773923922894,69.7502009547086,58.13488529652115,83.15101798488044,38.39587969655732,0,2024,Ñuble
persons,2024.0,16,TOTAL,307.0,521711.0,58.8448393842568,52.44577851590057,65.80930205704037,82.77231323979088,73.72003511207454,92.69215971660789,22.579226540049977,0,2024,Ñuble
persons,,1,HOMBRE,341.0,1183640.0,28.809435301274036,25.832449195754084,32.035394944837066,32.67214391550511,29.28689869944173,36.34944084106596,3.147804739339448,0,2019-2024,Tarapacá
persons,,1,MUJER,157.0,1163776.0,13.490568631764189,11.462871407573552,15.773604461707386,15.842904236955063,13.452754635304622,18.54342386600926,1.6111807635728488,0,2019-2024,Tarapacá
persons,,1,TOTAL,498.0,2347416.0,21.21481663241624,19.39223093999295,23.162558334758028,24.425466034074564,22.32064798280679,26.679181298139586,1.2054894211712355,0,2019-2024,Tarapacá
persons,,2,HOMBRE,814.0,2115928.0,38.47011807585135,35.8723916647308,41.20624617612232,46.766011590590196,43.5987800732873,50.11667840627293,2.702968266795157,0,2019-2024,Antofagasta
persons,,2,MUJER,398.0,2090246.0,19.040821032548322,17.215889341345044,21.006552697871168,23.959117939011307,21.656166987522813,26.443423052159137,1.4508732797241486,0,2019-2024,Antofagasta
persons,,2,TOTAL,1212.0,4206174.0,28.81478512301203,27.215190339298495,30.483857274919167,35.648527361996386,33.66377185479626,37.7212257130434,1.054772864485661,0,2019-2024,Antofagasta
persons,,3,HOMBRE,196.0,958840.0,20.441366651370405,17.67965244305823,23.51215768814919,23.941263394592074,20.69507357140944,27.569522963526484,2.9462727380383407,0,2019-2024,Atacama
persons,,3,MUJER,79.0,940957.0,8.395707774106574,6.646960908903899,10.46355690692303,10.028214130427235,7.930087027668883,12.530393655591702,1.28512167733076,0,2019-2024,Atacama
persons,,3,TOTAL,275.0,1899797.0,14.47523077465645,12.81478712789256,16.291105298456298,17.119178177099105,15.147814722895957,19.284474620636782,1.074262081070356,0,2019-2024,Atacama
persons,,4,HOMBRE,903.0,2503752.0,36.06587233879394,33.75158412462341,38.49705555588055,44.61972069237773,41.744153942713396,47.64859788018557,2.224233525812457,0,2019-2024,Coquimbo
persons,,4,MUJER,298.0,2609288.0,11.420740063956144,10.16072793427258,12.793832351092734,14.949332410646454,13.290103265802864,16.767605235816934,0.759265664519157,0,2019-2024,Coquimbo
persons,,4,TOTAL,1201.0,5113040.0,23.488961557116706,22.179146449874445,24.855933786776802,30.023975060507873,28.34145289722765,31.784183964226802,0.758138606546373,0,2019-2024,Coquimbo
persons,,5,HOMBRE,1417.0,5822619.0,24.336127780299552,23.085361238585985,25.637047703639343,32.19292754232126,30.52683471160223,33.92976529395867,0.7417532702724247,0,2019-2024,Valparaíso
persons,,5,MUJER,620.0,6084459.0,10.18989527252957,9.403485787550142,11.024516652419162,14.36262348074892,13.243882248683807,15.55482103730657,0.33905875937387275,0,2019-2024,Valparaíso
persons,,5,TOTAL,2037.0,11907078.0,17.10747170716443,16.372544190988044,17.866888442529252,23.446961726565057,22.43169745839962,24.49815804622808,0.27423689391282086,0,2019-2024,Valparaíso
persons,,6,HOMBRE,551.0,3011744.0,18.295047653452617,16.799148766261705,19.888424782537815,23.927432995553755,21.959421376345485,26.030495918125236,1.0516675038135541,0,2019-2024,O'Higgins
persons,,6,MUJER,201.0,3011985.0,6.67334000667334,5.782619946619772,7.662423622921948,9.174610332394753,7.94373870027095,10.548380486297217,0.4232540749585406,0,2019-2024,O'Higgins
persons,,6,TOTAL,752.0,6023729.0,12.4839613468667,11.60752728157147,13.409033944114622,16.703936282353304,15.524344648441232,17.952361880268718,0.3754969418950787,0,2019-2024,O'Higgins
persons,,7,HOMBRE,805.0,3376874.0,23.838615240011915,22.220077105245363,25.543880613750968,30.868707086025424,28.76555692501544,33.089341775356985,1.1921060508722632,0,2019-2024,Maule
persons,,7,MUJER,252.0,3504690.0,7.190364911019234,6.329924831686547,8.135133676474231,9.807469537654267,8.627013721758315,11.109841203659139,0.38630241797303755,0,2019-2024,Maule
persons,,7,TOTAL,1057.0,6881564.0,15.359880399281327,14.447746708330394,16.31450900866514,20.527011701462456,19.30298809741268,21.81058408264535,0.40199343177702024,0,2019-2024,Maule
persons,,8,HOMBRE,1908.0,4884533.0,39.06207614934734,37.328820063372206,40.855044550526294,50.35070610275807,48.105896285272074,52.67748327178432,1.341569513475735,0,2019-2024,Biobío
persons,,8,MUJER,762.0,5148421.0,14.80065441423691,13.76829448342636,15.889917628933858,20.463919124395048,19.026644525272083,21.98598899061541,0.5573587311577306,0,2019-2024,Biobío
persons,,8,TOTAL,2670.0,10032954.0,26.61230182058046,25.612348191459624,27.64129195420146,35.671550561413525,34.32378455118694,37.060888994302545,0.4819134003349405,0,2019-2024,Biobío
persons,,9,HOMBRE,856.0,2991794.0,28.611595584455348,26.726751473734684,30.594295214025863,35.71501133085388,33.35449976534685,38.20456489686765,1.5001029074073937,0,2019-2024,La Araucanía
persons,,9,MUJER,367.0,3134456.0,11.708570801440505,10.541173021130376,12.969926414866114,15.27852151820779,13.746966675193905,16.942243262673344,0.6431258433571135,0,2019-2024,La Araucanía
persons,,9,TOTAL,1223.0,6126250.0,19.96327280146909,18.85997626664198,21.11426920458562,25.654229507482412,24.23060859597183,27.1429671453628,0.5426156517562066,0,2019-2024,La Araucanía
persons,,10,HOMBRE,711.0,2683794.0,26.49234628291143,24.58057069697707,28.513327648714007,34.648359050241254,32.13879139980207,37.30891743066738,1.701203816177019,0,2019-2024,Los Lagos
persons,,10,MUJER,277.0,2711523.0,10.215661087883083,9.047938358675474,11.492276913768903,13.574845457653906,12.014612347611184,15.29088316768435,0.672826674065459,0,2019-2024,Los Lagos
persons,,10,TOTAL,988.0,5395317.0,18.31217702314804,17.187980796661282,19.490593239066612,24.29002765859116,22.792294249889185,25.864145260327092,0.602516655621958,0,2019-2024,Los Lagos
persons,,11,HOMBRE,113.0,326510.0,34.60843465743775,28.52224846442673,41.60888341277767,42.606236293521896,35.04897203221237,51.42586403418869,16.357313652792314,0,2019-2024,Aysén
persons,,11,MUJER,39.0,320095.0,12.183882909761165,8.66393179819631,16.65576902664298,14.601224258976533,10.318315568219605,20.253048499758055,5.652033893909377,0,2019-2024,Aysén
persons,,11,TOTAL,152.0,646605.0,23.507396323876247,19.918895541168812,27.55565427928793,29.020077148524663,24.542232061984553,34.143429080161944,5.6661549262517745,0,2019-2024,Aysén
persons,,12,HOMBRE,229.0,549666.0,41.66166362845801,36.440051167207066,47.42149832743697,56.512596445313044,49.374551610128876,64.44325875942906,14.171742301752825,0,2019-2024,Magallanes
persons,,12,MUJER,65.0,531224.0,12.235892956643525,9.443403861503672,15.595650011270495,16.71779891069354,12.855301798360538,21.429201364616375,4.414454497675079,0,2019-2024,Magallanes
persons,,12,TOTAL,294.0,1080890.0,27.19980756598729,24.179200609612728,30.493427040883645,37.315881855083376,33.139300709449245,41.89687203608609,4.8133341499281626,0,2019-2024,Magallanes
persons,,13,HOMBRE,4702.0,24397862.0,19.27218048860183,18.725217394428338,19.831064987560836,25.717767243670004,24.984262045212002,26.46750003771049,0.14206932040438,0,2019-2024,Metropolitana
persons,,13,MUJER,1876.0,24984371.0,7.508694135225578,7.172722209759659,7.85634078730431,10.354201016773711,9.8869003973794,10.838170787850864,0.05815261171341484,0,2019-2024,Metropolitana
persons,,13,TOTAL,6578.0,49382233.0,13.320580298586336,13.000600110246086,13.646445939245128,18.157146108126906,17.718362844282037,18.604149205248532,0.050726859359545746,0,2019-2024,Metropolitana
persons,,14,HOMBRE,236.0,1199351.0,19.677308811182048,17.246703437041635,22.35450393694924,25.909487173591124,22.688521024169766,29.479707120566808,2.8824016849392073,0,2019-2024,Los Ríos
persons,,14,MUJER,84.0,1251265.0,6.713206235289887,5.3547162063820215,8.311406118598994,9.28757518208647,7.388359085672372,11.551223686905777,1.0499716632467813,0,2019-2024,Los Ríos
persons,,14,TOTAL,320.0,2450616.0,13.057941350256426,11.666276772985201,14.569928137521893,17.70719043726591,15.80510877872088,19.78555631174374,0.995838240135669,0,2019-2024,Los Ríos
persons,,15,HOMBRE,326.0,772267.0,42.21337956950122,37.75486858205505,47.05364161499367,50.15737830888618,44.82979905014632,55.97170415562002,7.807373020809384,0,2019-2024,Arica y Parinacota
persons,,15,MUJER,138.0,761562.0,18.120652028331246,15.223568360562767,21.408595991359224,22.655991373753398,19.020733150056927,26.8103286660094,3.7476757345464384,0,2019-2024,Arica y Parinacota
persons,,15,TOTAL,464.0,1533829.0,30.251090571373993,27.56083432046223,33.13299080939252,36.822032994168836,33.53213831183166,40.360578656132155,2.950105915673348,0,2019-2024,Arica y Parinacota
persons,,16,HOMBRE,696.0,1494522.0,46.570073909919024,43.17408309566012,50.16219751405046,60.64344732230425,56.19479563362738,65.36835302204844,5.348455513451684,0,2019-2024,Ñuble
persons,,16,MUJER,357.0,1597704.0,22.34456444998573,20.086551016334944,24.78695290535677,31.78188650482651,28.551593007033794,35.29880399206205,2.863154222635869,0,2019-2024,Ñuble
persons,,16,TOTAL,1053.0,3092226.0,34.05313841873136,32.02714260640118,36.1737059631922,46.53122348530548,43.74610433652321,49.45639823582818,2.08150719829318,0,2019-2024,Ñuble
persons,,1,HOMBRE,275.0,804225.0,34.19441076813081,30.271993709731607,38.48399760352063,39.09023090501009,34.59255827898296,44.021370662158866,5.591513787156644,0,2021-2024,Tarapacá
persons,,1,MUJER,135.0,791512.0,17.055963775659748,14.300314036611244,20.187797340355296,20.157795011277127,16.887742343833395,23.88837925514296,3.0356082936477957,0,2021-2024,Tarapacá
persons,,1,TOTAL,410.0,1595737.0,25.69345700450638,23.2663170184412,28.304985302102107,29.814916204201875,26.988859435651666,32.862117486319185,2.1832765421392515,0,2021-2024,Tarapacá
persons,,2,HOMBRE,680.0,1431051.0,47.51752383388153,44.01268980248153,51.22721969454145,58.64204285679176,54.304354773491696,63.25393163463306,5.086613164991104,0,2021-2024,Antofagasta
persons,,2,MUJER,357.0,1414706.0,25.23492513638876,22.68482844138811,27.993246515318475,32.13368968595922,28.876096437445543,35.66265967381523,2.911335797586387,0,2021-2024,Antofagasta
persons,,2,TOTAL,1037.0,2845757.0,36.440216083101966,34.255796142970496,38.72740662777519,45.72860805106425,42.97927536162955,48.609696840346146,2.0286433612038155,0,2021-2024,Antofagasta
persons,,3,HOMBRE,166.0,642618.0,25.831831663601083,22.051623673991905,30.074129591871554,30.72574359576238,26.209682116103387,35.824240464346616,5.739171987692051,0,2021-2024,Atacama
persons,,3,MUJER,69.0,631163.0,10.932199764561611,8.505903951411097,13.835398477896405,13.229492204229585,10.278070479499586,16.796252112547563,2.5647898851312316,0,2021-2024,Atacama
persons,,3,TOTAL,235.0,1273781.0,18.449011250756605,16.165446945059852,20.964766922258715,22.144386223018046,19.390660717613613,25.193411912607907,2.1068443624853797,0,2021-2024,Atacama
persons,,4,HOMBRE,778.0,1691475.0,45.99535908009282,42.81970687175011,49.34418899301417,57.797577611589325,53.78771250401982,62.0391289480513,4.336293768312285,0,2021-2024,Coquimbo
persons,,4,MUJER,270.0,1763743.0,15.308352747537482,13.536658304969375,17.2474982116643,20.197409344085592,17.84312464981833,22.791166747971815,1.5333189647706031,0,2021-2024,Coquimbo
persons,,4,TOTAL,1048.0,3455218.0,30.33093715070945,28.522160444387737,32.22435230806607,39.30805866706463,36.95073234720381,41.78263264033951,1.4912690409034717,0,2021-2024,Coquimbo
persons,,5,HOMBRE,1174.0,3917369.0,29.96909405266647,28.279095673675716,31.733703404352752,40.24329954691602,37.95764602911582,42.63611933040226,1.3996477626421688,0,2021-2024,Valparaíso
persons,,5,MUJER,537.0,4094084.0,13.116487106761854,12.030424585366198,14.274270894371567,18.60133961981843,17.046051481328238,20.267387937951163,0.6572957394273423,0,2021-2024,Valparaíso
persons,,5,TOTAL,1711.0,8011453.0,21.356924892400915,20.35684235514014,22.39342923189047,29.632102533697644,28.233066308420963,31.085470866945016,0.521795322646786,0,2021-2024,Valparaíso
persons,,6,HOMBRE,458.0,2026408.0,22.601568884449726,20.57877657887951,24.769434833814927,30.07601010416563,27.36697728324596,32.99016623464866,2.0011143585698146,0,2021-2024,O'Higgins
persons,,6,MUJER,165.0,2027390.0,8.138542658294655,6.944096449684562,9.479467720109577,11.298682165583706,9.630282432685522,13.183541533348187,0.7836084967518342,0,2021-2024,O'Higgins
persons,,6,TOTAL,623.0,4053798.0,15.368303995413683,14.185050479169965,16.623917783090285,20.88399753847535,19.265616899929803,22.606788374424987,0.7093899656361884,0,2021-2024,O'Higgins
persons,,7,HOMBRE,696.0,2270678.0,30.65163796892382,28.41645403544323,33.015913199975394,40.07800756488581,37.143822410239295,43.18976355873833,2.326554105374432,0,2021-2024,Maule
persons,,7,MUJER,218.0,2360000.0,9.23728813559322,8.05169299204194,10.548307214722854,12.824792361539796,11.171437795473217,14.662870997245557,0.7614302096159712,0,2021-2024,Maule
persons,,7,TOTAL,914.0,4630678.0,19.737930385140146,18.47889845655214,21.060161829178938,26.694822880635854,24.98486941616824,28.49479344767262,0.7863450591025491,0,2021-2024,Maule
persons,,8,HOMBRE,1528.0,3267368.0,46.76546994400386,44.44975953929184,49.17052700973837,61.04599978995523,58.006994170758574,64.20985337030741,2.4653647132879555,0,2021-2024,Biobío
persons,,8,MUJER,651.0,3447146.0,18.88518792067409,17.462152447781257,20.39329364183779,26.32170127396166,24.32372874571879,28.448402170529295,1.0802810188039196,0,2021-2024,Biobío
persons,,8,TOTAL,2179.0,6714514.0,32.45208811836568,31.103668212874954,33.843924949336916,43.99264121469009,42.153535107783405,45.894976187314946,0.8991825023020379,0,2021-2024,Biobío
persons,,9,HOMBRE,727.0,2003225.0,36.29147998851851,33.70100955754292,39.02823733092503,45.94624058101536,42.65466358647032,49.43419631159886,2.9254007020514727,0,2021-2024,La Araucanía
persons,,9,MUJER,332.0,2100717.0,15.80412782873657,14.14965157775082,17.598920601780485,20.903551459829927,18.703132051339605,23.30490934452137,1.3311596132460572,0,2021-2024,La Araucanía
persons,,9,TOTAL,1059.0,4103942.0,25.80445825014096,24.273507635453086,27.406664423225674,33.62531266191519,31.62157061774713,35.72807480587161,1.0772438330386904,0,2021-2024,La Araucanía
persons,,10,HOMBRE,577.0,1799919.0,32.05699812047098,29.494340618530867,34.78271049340429,42.75381973573707,39.32304364072768,46.41474693257073,3.192595260855315,0,2021-2024,Los Lagos
persons,,10,MUJER,241.0,1819494.0,13.24544076539961,11.625820940857691,15.027568669876716,17.775163413215186,15.588937462091218,20.19760015335857,1.3269438191497107,0,2021-2024,Los Lagos
persons,,10,TOTAL,818.0,3619413.0,22.60034983573303,21.077913466623084,24.2036942658202,30.481667333920132,28.4187603453354,32.660758612308356,1.1466467194982215,0,2021-2024,Los Lagos
persons,,11,HOMBRE,92.0,218196.0,42.16392601147592,33.990075329640504,51.71031228880277,52.201627205465414,41.983665743143455,64.34516020009477,30.23154572781364,0,2021-2024,Aysén
persons,,11,MUJER,38.0,214432.0,17.72123563647217,12.540601050774209,24.32378046152608,21.431486845169285,15.058985193599973,29.891038698514077,12.54666442892459,0,2021-2024,Aysén
persons,,11,TOTAL,130.0,432628.0,30.048910380280518,25.1057857324593,35.68064098631549,37.249304201563156,31.046543464621948,44.43451885527829,10.94941293183179,0,2021-2024,Aysén
persons,,12,HOMBRE,169.0,369536.0,45.733027364045725,39.09779546479691,53.171648245360316,62.714138226289016,53.53909284977384,73.0906391685581,23.67977369310985,0,2021-2024,Magallanes
persons,,12,MUJER,53.0,357008.0,14.84560570071259,11.120377395564656,19.418417774728926,20.212745089462853,15.072832180784086,26.632415199649778,7.933465417620647,0,2021-2024,Magallanes
persons,,12,TOTAL,222.0,726544.0,30.555616727961418,26.668112450926074,34.85044895489714,42.23780054519115,36.81778886330618,48.26928660642523,8.18000247070292,0,2021-2024,Magallanes
persons,,13,HOMBRE,3991.0,16484107.0,24.211199308521838,23.465817006108225,24.974233664889308,32.702031975033876,31.69069752647332,33.73763745736689,0.27040391855902285,0,2021-2024,Metropolitana
persons,,13,MUJER,1617.0,16857855.0,9.591967661366171,9.13009060414564,10.071157654526074,13.307339674047158,12.66080520570708,13.978759982139858,0.11151489838960393,0,2021-2024,Metropolitana
persons,,13,TOTAL,5608.0,33341962.0,16.819646066419246,16.382282588852135,17.26572938906363,23.15843282327446,22.552731775017584,23.7764201578465,0.09675882297069564,0,2021-2024,Metropolitana
persons,,14,HOMBRE,175.0,802510.0,21.806581849447358,18.695326011441875,25.287619899393448,29.00734873572917,24.841028733914513,33.70473407439068,4.875357591427317,0,2021-2024,Los Ríos
persons,,14,MUJER,62.0,838858.0,7.391000622274569,5.6666377964056585,9.474929234238244,10.13653281362318,7.749144891277095,13.073213748883823,1.6912543959959951,0,2021-2024,Los Ríos
persons,,14,TOTAL,237.0,1641368.0,14.439175127089111,12.659243010637217,16.399282843295715,19.695541086057844,17.248275027999703,22.409832009265628,1.6639096392591466,0,2021-2024,Los Ríos
persons,,15,HOMBRE,279.0,521456.0,53.50403485624866,47.40943499562513,60.16482895550798,64.15995940448745,56.805375714702066,72.24789213274148,14.947444293847111,0,2021-2024,Arica y Parinacota
persons,,15,MUJER,121.0,513227.0,23.57631223610605,19.562998743780312,28.17068467781979,29.69446168753662,24.62144885133684,35.54882321948458,7.342569876266834,0,2021-2024,Arica y Parinacota
persons,,15,TOTAL,400.0,1034683.0,38.65918353737328,34.96300766815957,42.63978900751979,47.4430307101933,42.883741062696416,52.3765211502263,5.686562787310543,0,2021-2024,Arica y Parinacota
persons,,16,HOMBRE,577.0,1000315.0,57.6818302234796,53.070706799123734,62.58634678933911,76.0985404582649,69.97348411488936,82.6440806326194,10.177371663735318,0,2021-2024,Ñuble
persons,,16,MUJER,324.0,1072401.0,30.212579063242202,27.012016803912804,33.68806664226267,43.688741715008284,39.03307274853721,48.78031513219428,5.963369666932342,0,2021-2024,Ñuble
persons,,16,TOTAL,901.0,2072716.0,43.4695346588727,40.67712259664677,46.403152597552406,60.21787854052503,56.32351868162649,64.32514989241872,4.079969253653571,0,2021-2024,Ñuble
