year,cut_region,sex,age_group,population
2017,1,HOMBRE,0-4,14459.0
2017,1,HOMBRE,10-14,12503.0
2017,1,HOMBRE,15-19,12768.0
2017,1,HOMBRE,20-24,14313.0
2017,1,HOMBRE,25-29,15722.0
2017,1,HOMBRE,30-34,14582.0
2017,1,HOMBRE,35-39,13736.0
2017,1,HOMBRE,40-44,12326.0
2017,1,HOMBRE,45-49,10671.0
2017,1,HOMBRE,5-9,14378.0
2017,1,HOMBRE,50-54,9865.0
2017,1,HOMBRE,55-59,8557.0
2017,1,HOMBRE,60-64,7286.0
2017,1,HOMBRE,65-69,4859.0
2017,1,HOMBRE,70-74,3040.0
2017,1,HOMBRE,75-79,1924.0
2017,1,HOMBRE,80+,2104.0
2017,1,MUJER,0-4,13886.0
2017,1,MUJER,10-14,12124.0
2017,1,MUJER,15-19,11959.0
2017,1,MUJER,20-24,13471.0
2017,1,MUJER,25-29,15069.0
2017,1,MUJER,30-34,14045.0
2017,1,MUJER,35-39,12922.0
2017,1,MUJER,40-44,11599.0
2017,1,MUJER,45-49,10312.0
2017,1,MUJER,5-9,13870.0
2017,1,MUJER,50-54,9594.0
2017,1,MUJER,55-59,8426.0
2017,1,MUJER,60-64,7284.0
2017,1,MUJER,65-69,5153.0
2017,1,MUJER,70-74,3519.0
2017,1,MUJER,75-79,2445.0
2017,1,MUJER,80+,3358.0
2017,2,HOMBRE,0-4,24505.0
2017,2,HOMBRE,10-14,22098.0
2017,2,HOMBRE,15-19,23324.0
2017,2,HOMBRE,20-24,26912.0
2017,2,HOMBRE,25-29,29133.0
2017,2,HOMBRE,30-34,26592.0
2017,2,HOMBRE,35-39,24920.0
2017,2,HOMBRE,40-44,24005.0
2017,2,HOMBRE,45-49,20445.0
2017,2,HOMBRE,5-9,24393.0
2017,2,HOMBRE,50-54,18582.0
2017,2,HOMBRE,55-59,16324.0
2017,2,HOMBRE,60-64,13521.0
2017,2,HOMBRE,65-69,8910.0
2017,2,HOMBRE,70-74,5133.0
2017,2,HOMBRE,75-79,3188.0
2017,2,HOMBRE,80+,3369.0
2017,2,MUJER,0-4,23551.0
2017,2,MUJER,10-14,21216.0
2017,2,MUJER,15-19,22129.0
2017,2,MUJER,20-24,25933.0
2017,2,MUJER,25-29,27828.0
2017,2,MUJER,30-34,24951.0
2017,2,MUJER,35-39,23391.0
2017,2,MUJER,40-44,22681.0
2017,2,MUJER,45-49,19207.0
2017,2,MUJER,5-9,23395.0
2017,2,MUJER,50-54,17770.0
2017,2,MUJER,55-59,16040.0
2017,2,MUJER,60-64,13461.0
2017,2,MUJER,65-69,9499.0
2017,2,MUJER,70-74,6343.0
2017,2,MUJER,75-79,4575.0
2017,2,MUJER,80+,6527.0
2017,3,HOMBRE,0-4,11879.0
2017,3,HOMBRE,10-14,11172.0
2017,3,HOMBRE,15-19,11205.0
2017,3,HOMBRE,20-24,11388.0
2017,3,HOMBRE,25-29,12935.0
2017,3,HOMBRE,30-34,11644.0
2017,3,HOMBRE,35-39,11091.0
2017,3,HOMBRE,40-44,10572.0
2017,3,HOMBRE,45-49,10079.0
2017,3,HOMBRE,5-9,12861.0
2017,3,HOMBRE,50-54,9744.0
2017,3,HOMBRE,55-59,8642.0
2017,3,HOMBRE,60-64,7237.0
2017,3,HOMBRE,65-69,5060.0
2017,3,HOMBRE,70-74,3431.0
2017,3,HOMBRE,75-79,2433.0
2017,3,HOMBRE,80+,2635.0
2017,3,MUJER,0-4,11444.0
2017,3,MUJER,10-14,10731.0
2017,3,MUJER,15-19,10391.0
2017,3,MUJER,20-24,10717.0
2017,3,MUJER,25-29,12384.0
2017,3,MUJER,30-34,11172.0
2017,3,MUJER,35-39,10302.0
2017,3,MUJER,40-44,9688.0
2017,3,MUJER,45-49,9574.0
2017,3,MUJER,5-9,12419.0
2017,3,MUJER,50-54,9625.0
2017,3,MUJER,55-59,8692.0
2017,3,MUJER,60-64,7292.0
2017,3,MUJER,65-69,5317.0
2017,3,MUJER,70-74,3837.0
2017,3,MUJER,75-79,2913.0
2017,3,MUJER,80+,4074.0
2017,4,HOMBRE,0-4,28465.0
2017,4,HOMBRE,10-14,27325.0
2017,4,HOMBRE,15-19,29253.0
2017,4,HOMBRE,20-24,30125.0
2017,4,HOMBRE,25-29,31441.0
2017,4,HOMBRE,30-34,27756.0
2017,4,HOMBRE,35-39,27152.0
2017,4,HOMBRE,40-44,26327.0
2017,4,HOMBRE,45-49,25550.0
2017,4,HOMBRE,5-9,29771.0
2017,4,HOMBRE,50-54,24628.0
2017,4,HOMBRE,55-59,21293.0
2017,4,HOMBRE,60-64,18607.0
2017,4,HOMBRE,65-69,14079.0
2017,4,HOMBRE,70-74,10373.0
2017,4,HOMBRE,75-79,7632.0
2017,4,HOMBRE,80+,8982.0
2017,4,MUJER,0-4,27437.0
2017,4,MUJER,10-14,26504.0
2017,4,MUJER,15-19,28543.0
2017,4,MUJER,20-24,29648.0
2017,4,MUJER,25-29,31320.0
2017,4,MUJER,30-34,28390.0
2017,4,MUJER,35-39,28016.0
2017,4,MUJER,40-44,27790.0
2017,4,MUJER,45-49,26897.0
2017,4,MUJER,5-9,28818.0
2017,4,MUJER,50-54,26079.0
2017,4,MUJER,55-59,22756.0
2017,4,MUJER,60-64,20097.0
2017,4,MUJER,65-69,15924.0
2017,4,MUJER,70-74,12448.0
2017,4,MUJER,75-79,9750.0
2017,4,MUJER,80+,13873.0
2017,5,HOMBRE,0-4,60188.0
2017,5,HOMBRE,10-14,61065.0
2017,5,HOMBRE,15-19,68049.0
2017,5,HOMBRE,20-24,76775.0
2017,5,HOMBRE,25-29,76768.0
2017,5,HOMBRE,30-34,68548.0
2017,5,HOMBRE,35-39,63385.0
2017,5,HOMBRE,40-44,60095.0
2017,5,HOMBRE,45-49,57441.0
2017,5,HOMBRE,5-9,62728.0
2017,5,HOMBRE,50-54,58752.0
2017,5,HOMBRE,55-59,54529.0
2017,5,HOMBRE,60-64,47070.0
2017,5,HOMBRE,65-69,37191.0
2017,5,HOMBRE,70-74,27977.0
2017,5,HOMBRE,75-79,19116.0
2017,5,HOMBRE,80+,22004.0
2017,5,MUJER,0-4,57667.0
2017,5,MUJER,10-14,58817.0
2017,5,MUJER,15-19,64999.0
2017,5,MUJER,20-24,72826.0
2017,5,MUJER,25-29,74132.0
2017,5,MUJER,30-34,66196.0
2017,5,MUJER,35-39,63771.0
2017,5,MUJER,40-44,61870.0
2017,5,MUJER,45-49,60462.0
2017,5,MUJER,5-9,60361.0
2017,5,MUJER,50-54,63814.0
2017,5,MUJER,55-59,60696.0
2017,5,MUJER,60-64,52978.0
2017,5,MUJER,65-69,43203.0
2017,5,MUJER,70-74,34887.0
2017,5,MUJER,75-79,26759.0
2017,5,MUJER,80+,40829.0
2017,6,HOMBRE,0-4,31737.0
2017,6,HOMBRE,10-14,33576.0
2017,6,HOMBRE,15-19,34019.0
2017,6,HOMBRE,20-24,31389.0
2017,6,HOMBRE,25-29,36566.0
2017,6,HOMBRE,30-34,33726.0
2017,6,HOMBRE,35-39,35042.0
2017,6,HOMBRE,40-44,34743.0
2017,6,HOMBRE,45-49,33388.0
2017,6,HOMBRE,5-9,34485.0
2017,6,HOMBRE,50-54,32890.0
2017,6,HOMBRE,55-59,29422.0
2017,6,HOMBRE,60-64,24408.0
2017,6,HOMBRE,65-69,18750.0
2017,6,HOMBRE,70-74,13408.0
2017,6,HOMBRE,75-79,9264.0
2017,6,HOMBRE,80+,10418.0
2017,6,MUJER,0-4,30461.0
2017,6,MUJER,10-14,32121.0
2017,6,MUJER,15-19,32461.0
2017,6,MUJER,20-24,29903.0
2017,6,MUJER,25-29,35293.0
2017,6,MUJER,30-34,33165.0
2017,6,MUJER,35-39,33983.0
2017,6,MUJER,40-44,34425.0
2017,6,MUJER,45-49,32945.0
2017,6,MUJER,5-9,33104.0
2017,6,MUJER,50-54,32779.0
2017,6,MUJER,55-59,29428.0
2017,6,MUJER,60-64,25337.0
2017,6,MUJER,65-69,20097.0
2017,6,MUJER,70-74,14869.0
2017,6,MUJER,75-79,11064.0
2017,6,MUJER,80+,15613.0
2017,7,HOMBRE,0-4,36476.0
2017,7,HOMBRE,10-14,37808.0
2017,7,HOMBRE,15-19,39588.0
2017,7,HOMBRE,20-24,38205.0
2017,7,HOMBRE,25-29,40575.0
2017,7,HOMBRE,30-34,36853.0
2017,7,HOMBRE,35-39,37673.0
2017,7,HOMBRE,40-44,38074.0
2017,7,HOMBRE,45-49,36228.0
2017,7,HOMBRE,5-9,38194.0
2017,7,HOMBRE,50-54,37024.0
2017,7,HOMBRE,55-59,32715.0
2017,7,HOMBRE,60-64,28314.0
2017,7,HOMBRE,65-69,21907.0
2017,7,HOMBRE,70-74,15633.0
2017,7,HOMBRE,75-79,10672.0
2017,7,HOMBRE,80+,11635.0
2017,7,MUJER,0-4,35196.0
2017,7,MUJER,10-14,36137.0
2017,7,MUJER,15-19,38397.0
2017,7,MUJER,20-24,39015.0
2017,7,MUJER,25-29,41912.0
2017,7,MUJER,30-34,38050.0
2017,7,MUJER,35-39,38621.0
2017,7,MUJER,40-44,39033.0
2017,7,MUJER,45-49,37577.0
2017,7,MUJER,5-9,36803.0
2017,7,MUJER,50-54,37950.0
2017,7,MUJER,55-59,33551.0
2017,7,MUJER,60-64,29786.0
2017,7,MUJER,65-69,23726.0
2017,7,MUJER,70-74,17754.0
2017,7,MUJER,75-79,13435.0
2017,7,MUJER,80+,18058.0
2017,8,HOMBRE,0-4,53207.0
2017,8,HOMBRE,10-14,55392.0
2017,8,HOMBRE,15-19,61007.0
2017,8,HOMBRE,20-24,65156.0
2017,8,HOMBRE,25-29,65556.0
2017,8,HOMBRE,30-34,54260.0
2017,8,HOMBRE,35-39,54964.0
2017,8,HOMBRE,40-44,54871.0
2017,8,HOMBRE,45-49,55863.0
2017,8,HOMBRE,5-9,56838.0
2017,8,HOMBRE,50-54,54188.0
2017,8,HOMBRE,55-59,46468.0
2017,8,HOMBRE,60-64,39027.0
2017,8,HOMBRE,65-69,29526.0
2017,8,HOMBRE,70-74,21296.0
2017,8,HOMBRE,75-79,14494.0
2017,8,HOMBRE,80+,15874.0
2017,8,MUJER,0-4,51181.0
2017,8,MUJER,10-14,53344.0
2017,8,MUJER,15-19,60032.0
2017,8,MUJER,20-24,64515.0
2017,8,MUJER,25-29,65886.0
2017,8,MUJER,30-34,56482.0
2017,8,MUJER,35-39,57485.0
2017,8,MUJER,40-44,57599.0
2017,8,MUJER,45-49,58411.0
2017,8,MUJER,5-9,54785.0
2017,8,MUJER,50-54,56907.0
2017,8,MUJER,55-59,50029.0
2017,8,MUJER,60-64,43987.0
2017,8,MUJER,65-69,34037.0
2017,8,MUJER,70-74,26277.0
2017,8,MUJER,75-79,19874.0
2017,8,MUJER,80+,27391.0
2017,9,HOMBRE,0-4,33491.0
2017,9,HOMBRE,10-14,35503.0
2017,9,HOMBRE,15-19,37506.0
2017,9,HOMBRE,20-24,36871.0
2017,9,HOMBRE,25-29,37002.0
2017,9,HOMBRE,30-34,33062.0
2017,9,HOMBRE,35-39,33400.0
2017,9,HOMBRE,40-44,33444.0
2017,9,HOMBRE,45-49,32614.0
2017,9,HOMBRE,5-9,35832.0
2017,9,HOMBRE,50-54,31941.0
2017,9,HOMBRE,55-59,28061.0
2017,9,HOMBRE,60-64,24085.0
2017,9,HOMBRE,65-69,18356.0
2017,9,HOMBRE,70-74,14017.0
2017,9,HOMBRE,75-79,9993.0
2017,9,HOMBRE,80+,11614.0
2017,9,MUJER,0-4,32271.0
2017,9,MUJER,10-14,34294.0
2017,9,MUJER,15-19,36463.0
2017,9,MUJER,20-24,37941.0
2017,9,MUJER,25-29,38300.0
2017,9,MUJER,30-34,35082.0
2017,9,MUJER,35-39,35010.0
2017,9,MUJER,40-44,34688.0
2017,9,MUJER,45-49,33305.0
2017,9,MUJER,5-9,34523.0
2017,9,MUJER,50-54,32595.0
2017,9,MUJER,55-59,28725.0
2017,9,MUJER,60-64,25544.0
2017,9,MUJER,65-69,20479.0
2017,9,MUJER,70-74,16556.0
2017,9,MUJER,75-79,13160.0
2017,9,MUJER,80+,19160.0
2017,10,HOMBRE,0-4,28495.0
2017,10,HOMBRE,10-14,30983.0
2017,10,HOMBRE,15-19,31558.0
2017,10,HOMBRE,20-24,30634.0
2017,10,HOMBRE,25-29,33884.0
2017,10,HOMBRE,30-34,31745.0
2017,10,HOMBRE,35-39,32053.0
2017,10,HOMBRE,40-44,33239.0
2017,10,HOMBRE,45-49,31803.0
2017,10,HOMBRE,5-9,32129.0
2017,10,HOMBRE,50-54,30237.0
2017,10,HOMBRE,55-59,24279.0
2017,10,HOMBRE,60-64,20314.0
2017,10,HOMBRE,65-69,15117.0
2017,10,HOMBRE,70-74,10747.0
2017,10,HOMBRE,75-79,7765.0
2017,10,HOMBRE,80+,8277.0
2017,10,MUJER,0-4,27399.0
2017,10,MUJER,10-14,30042.0
2017,10,MUJER,15-19,30872.0
2017,10,MUJER,20-24,30142.0
2017,10,MUJER,25-29,33646.0
2017,10,MUJER,30-34,31767.0
2017,10,MUJER,35-39,32039.0
2017,10,MUJER,40-44,32589.0
2017,10,MUJER,45-49,30287.0
2017,10,MUJER,5-9,30902.0
2017,10,MUJER,50-54,28806.0
2017,10,MUJER,55-59,24142.0
2017,10,MUJER,60-64,20982.0
2017,10,MUJER,65-69,16485.0
2017,10,MUJER,70-74,12631.0
2017,10,MUJER,75-79,10198.0
2017,10,MUJER,80+,14039.0
2017,11,HOMBRE,0-4,3818.0
2017,11,HOMBRE,10-14,4196.0
2017,11,HOMBRE,15-19,3861.0
2017,11,HOMBRE,20-24,3187.0
2017,11,HOMBRE,25-29,4251.0
2017,11,HOMBRE,30-34,4090.0
2017,11,HOMBRE,35-39,4134.0
2017,11,HOMBRE,40-44,4085.0
2017,11,HOMBRE,45-49,3764.0
2017,11,HOMBRE,5-9,4359.0
2017,11,HOMBRE,50-54,3519.0
2017,11,HOMBRE,55-59,3035.0
2017,11,HOMBRE,60-64,2457.0
2017,11,HOMBRE,65-69,1754.0
2017,11,HOMBRE,70-74,1216.0
2017,11,HOMBRE,75-79,861.0
2017,11,HOMBRE,80+,889.0
2017,11,MUJER,0-4,3692.0
2017,11,MUJER,10-14,3932.0
2017,11,MUJER,15-19,3436.0
2017,11,MUJER,20-24,2927.0
2017,11,MUJER,25-29,4353.0
2017,11,MUJER,30-34,4223.0
2017,11,MUJER,35-39,4088.0
2017,11,MUJER,40-44,3935.0
2017,11,MUJER,45-49,3475.0
2017,11,MUJER,5-9,4217.0
2017,11,MUJER,50-54,3176.0
2017,11,MUJER,55-59,2856.0
2017,11,MUJER,60-64,2457.0
2017,11,MUJER,65-69,1722.0
2017,11,MUJER,70-74,1149.0
2017,11,MUJER,75-79,936.0
2017,11,MUJER,80+,1332.0
2017,12,HOMBRE,0-4,5274.0
2017,12,HOMBRE,10-14,5656.0
2017,12,HOMBRE,15-19,6365.0
2017,12,HOMBRE,20-24,6386.0
2017,12,HOMBRE,25-29,7267.0
2017,12,HOMBRE,30-34,6863.0
2017,12,HOMBRE,35-39,6802.0
2017,12,HOMBRE,40-44,6198.0
2017,12,HOMBRE,45-49,5535.0
2017,12,HOMBRE,5-9,5779.0
2017,12,HOMBRE,50-54,5623.0
2017,12,HOMBRE,55-59,5547.0
2017,12,HOMBRE,60-64,4799.0
2017,12,HOMBRE,65-69,3439.0
2017,12,HOMBRE,70-74,2339.0
2017,12,HOMBRE,75-79,1535.0
2017,12,HOMBRE,80+,1719.0
2017,12,MUJER,0-4,5095.0
2017,12,MUJER,10-14,5391.0
2017,12,MUJER,15-19,5462.0
2017,12,MUJER,20-24,5597.0
2017,12,MUJER,25-29,6805.0
2017,12,MUJER,30-34,6704.0
2017,12,MUJER,35-39,6396.0
2017,12,MUJER,40-44,5864.0
2017,12,MUJER,45-49,5370.0
2017,12,MUJER,5-9,5578.0
2017,12,MUJER,50-54,5641.0
2017,12,MUJER,55-59,5372.0
2017,12,MUJER,60-64,4467.0
2017,12,MUJER,65-69,3281.0
2017,12,MUJER,70-74,2469.0
2017,12,MUJER,75-79,1936.0
2017,12,MUJER,80+,2739.0
2017,13,HOMBRE,0-4,254702.0
2017,13,HOMBRE,10-14,234309.0
2017,13,HOMBRE,15-19,258755.0
2017,13,HOMBRE,20-24,317255.0
2017,13,HOMBRE,25-29,351872.0
2017,13,HOMBRE,30-34,315050.0
2017,13,HOMBRE,35-39,285561.0
2017,13,HOMBRE,40-44,266616.0
2017,13,HOMBRE,45-49,237886.0
2017,13,HOMBRE,5-9,251681.0
2017,13,HOMBRE,50-54,226924.0
2017,13,HOMBRE,55-59,199228.0
2017,13,HOMBRE,60-64,166355.0
2017,13,HOMBRE,65-69,124000.0
2017,13,HOMBRE,70-74,83626.0
2017,13,HOMBRE,75-79,55133.0
2017,13,HOMBRE,80+,61412.0
2017,13,MUJER,0-4,245626.0
2017,13,MUJER,10-14,227927.0
2017,13,MUJER,15-19,251805.0
2017,13,MUJER,20-24,303075.0
2017,13,MUJER,25-29,332647.0
2017,13,MUJER,30-34,295864.0
2017,13,MUJER,35-39,274266.0
2017,13,MUJER,40-44,263782.0
2017,13,MUJER,45-49,245764.0
2017,13,MUJER,5-9,243786.0
2017,13,MUJER,50-54,244119.0
2017,13,MUJER,55-59,223108.0
2017,13,MUJER,60-64,194409.0
2017,13,MUJER,65-69,150895.0
2017,13,MUJER,70-74,110815.0
2017,13,MUJER,75-79,83064.0
2017,13,MUJER,80+,127373.0
2017,14,HOMBRE,0-4,12409.0
2017,14,HOMBRE,10-14,13636.0
2017,14,HOMBRE,15-19,15071.0
2017,14,HOMBRE,20-24,15684.0
2017,14,HOMBRE,25-29,15284.0
2017,14,HOMBRE,30-34,12851.0
2017,14,HOMBRE,35-39,12445.0
2017,14,HOMBRE,40-44,13158.0
2017,14,HOMBRE,45-49,13667.0
2017,14,HOMBRE,5-9,13929.0
2017,14,HOMBRE,50-54,14330.0
2017,14,HOMBRE,55-59,11985.0
2017,14,HOMBRE,60-64,9873.0
2017,14,HOMBRE,65-69,7552.0
2017,14,HOMBRE,70-74,5518.0
2017,14,HOMBRE,75-79,3928.0
2017,14,HOMBRE,80+,4493.0
2017,14,MUJER,0-4,12001.0
2017,14,MUJER,10-14,13134.0
2017,14,MUJER,15-19,14562.0
2017,14,MUJER,20-24,15564.0
2017,14,MUJER,25-29,15722.0
2017,14,MUJER,30-34,13715.0
2017,14,MUJER,35-39,13003.0
2017,14,MUJER,40-44,13282.0
2017,14,MUJER,45-49,13687.0
2017,14,MUJER,5-9,13468.0
2017,14,MUJER,50-54,14073.0
2017,14,MUJER,55-59,11951.0
2017,14,MUJER,60-64,10468.0
2017,14,MUJER,65-69,8531.0
2017,14,MUJER,70-74,6656.0
2017,14,MUJER,75-79,5241.0
2017,14,MUJER,80+,7622.0
2017,15,HOMBRE,0-4,8676.0
2017,15,HOMBRE,10-14,8431.0
2017,15,HOMBRE,15-19,9396.0
2017,15,HOMBRE,20-24,9908.0
2017,15,HOMBRE,25-29,10380.0
2017,15,HOMBRE,30-34,9358.0
2017,15,HOMBRE,35-39,8309.0
2017,15,HOMBRE,40-44,8007.0
2017,15,HOMBRE,45-49,7468.0
2017,15,HOMBRE,5-9,9314.0
2017,15,HOMBRE,50-54,6748.0
2017,15,HOMBRE,55-59,5936.0
2017,15,HOMBRE,60-64,5328.0
2017,15,HOMBRE,65-69,4120.0
2017,15,HOMBRE,70-74,2954.0
2017,15,HOMBRE,75-79,1867.0
2017,15,HOMBRE,80+,2112.0
2017,15,MUJER,0-4,8381.0
2017,15,MUJER,10-14,8057.0
2017,15,MUJER,15-19,8421.0
2017,15,MUJER,20-24,8925.0
2017,15,MUJER,25-29,9404.0
2017,15,MUJER,30-34,8822.0
2017,15,MUJER,35-39,8223.0
2017,15,MUJER,40-44,7938.0
2017,15,MUJER,45-49,7569.0
2017,15,MUJER,5-9,8905.0
2017,15,MUJER,50-54,7317.0
2017,15,MUJER,55-59,6613.0
2017,15,MUJER,60-64,5802.0
2017,15,MUJER,65-69,4711.0
2017,15,MUJER,70-74,3668.0
2017,15,MUJER,75-79,2585.0
2017,15,MUJER,80+,3429.0
2017,16,HOMBRE,0-4,15148.0
2017,16,HOMBRE,10-14,17834.0
2017,16,HOMBRE,15-19,17930.0
2017,16,HOMBRE,20-24,16891.0
2017,16,HOMBRE,25-29,17530.0
2017,16,HOMBRE,30-34,15568.0
2017,16,HOMBRE,35-39,15211.0
2017,16,HOMBRE,40-44,16018.0
2017,16,HOMBRE,45-49,17444.0
2017,16,HOMBRE,5-9,17312.0
2017,16,HOMBRE,50-54,17512.0
2017,16,HOMBRE,55-59,15505.0
2017,16,HOMBRE,60-64,13125.0
2017,16,HOMBRE,65-69,10595.0
2017,16,HOMBRE,70-74,7913.0
2017,16,HOMBRE,75-79,5605.0
2017,16,HOMBRE,80+,6246.0
2017,16,MUJER,0-4,14524.0
2017,16,MUJER,10-14,16478.0
2017,16,MUJER,15-19,17238.0
2017,16,MUJER,20-24,17871.0
2017,16,MUJER,25-29,18704.0
2017,16,MUJER,30-34,17079.0
2017,16,MUJER,35-39,16428.0
2017,16,MUJER,40-44,17766.0
2017,16,MUJER,45-49,19058.0
2017,16,MUJER,5-9,16308.0
2017,16,MUJER,50-54,17927.0
2017,16,MUJER,55-59,16304.0
2017,16,MUJER,60-64,13968.0
2017,16,MUJER,65-69,11466.0
2017,16,MUJER,70-74,8868.0
2017,16,MUJER,75-79,7232.0
2017,16,MUJER,80+,9911.0
2018,1,HOMBRE,0-4,14421.0
2018,1,HOMBRE,10-14,12932.0
2018,1,HOMBRE,15-19,12926.0
2018,1,HOMBRE,20-24,14874.0
2018,1,HOMBRE,25-29,16756.0
2018,1,HOMBRE,30-34,15476.0
2018,1,HOMBRE,35-39,14376.0
2018,1,HOMBRE,40-44,12802.0
2018,1,HOMBRE,45-49,11088.0
2018,1,HOMBRE,5-9,14802.0
2018,1,HOMBRE,50-54,9885.0
2018,1,HOMBRE,55-59,8834.0
2018,1,HOMBRE,60-64,7507.0
2018,1,HOMBRE,65-69,5237.0
2018,1,HOMBRE,70-74,3256.0
2018,1,HOMBRE,75-79,2009.0
2018,1,HOMBRE,80+,2209.0
2018,1,MUJER,0-4,13853.0
2018,1,MUJER,10-14,12562.0
2018,1,MUJER,15-19,12180.0
2018,1,MUJER,20-24,14087.0
2018,1,MUJER,25-29,16075.0
2018,1,MUJER,30-34,14774.0
2018,1,MUJER,35-39,13627.0
2018,1,MUJER,40-44,12027.0
2018,1,MUJER,45-49,10729.0
2018,1,MUJER,5-9,14293.0
2018,1,MUJER,50-54,9699.0
2018,1,MUJER,55-59,8762.0
2018,1,MUJER,60-64,7565.0
2018,1,MUJER,65-69,5555.0
2018,1,MUJER,70-74,3749.0
2018,1,MUJER,75-79,2537.0
2018,1,MUJER,80+,3476.0
2018,2,HOMBRE,0-4,24201.0
2018,2,HOMBRE,10-14,22770.0
2018,2,HOMBRE,15-19,23599.0
2018,2,HOMBRE,20-24,27835.0
2018,2,HOMBRE,25-29,30867.0
2018,2,HOMBRE,30-34,28173.0
2018,2,HOMBRE,35-39,25929.0
2018,2,HOMBRE,40-44,24722.0
2018,2,HOMBRE,45-49,21416.0
2018,2,HOMBRE,5-9,24733.0
2018,2,HOMBRE,50-54,18692.0
2018,2,HOMBRE,55-59,16824.0
2018,2,HOMBRE,60-64,13817.0
2018,2,HOMBRE,65-69,9605.0
2018,2,HOMBRE,70-74,5433.0
2018,2,HOMBRE,75-79,3258.0
2018,2,HOMBRE,80+,3435.0
2018,2,MUJER,0-4,23268.0
2018,2,MUJER,10-14,21860.0
2018,2,MUJER,15-19,22458.0
2018,2,MUJER,20-24,27029.0
2018,2,MUJER,25-29,29730.0
2018,2,MUJER,30-34,26652.0
2018,2,MUJER,35-39,24465.0
2018,2,MUJER,40-44,23556.0
2018,2,MUJER,45-49,20295.0
2018,2,MUJER,5-9,23707.0
2018,2,MUJER,50-54,17916.0
2018,2,MUJER,55-59,16667.0
2018,2,MUJER,60-64,13864.0
2018,2,MUJER,65-69,10215.0
2018,2,MUJER,70-74,6658.0
2018,2,MUJER,75-79,4681.0
2018,2,MUJER,80+,6692.0
2018,3,HOMBRE,0-4,11534.0
2018,3,HOMBRE,10-14,11402.0
2018,3,HOMBRE,15-19,11070.0
2018,3,HOMBRE,20-24,11206.0
2018,3,HOMBRE,25-29,13066.0
2018,3,HOMBRE,30-34,12168.0
2018,3,HOMBRE,35-39,11266.0
2018,3,HOMBRE,40-44,10669.0
2018,3,HOMBRE,45-49,10044.0
2018,3,HOMBRE,5-9,12908.0
2018,3,HOMBRE,50-54,9796.0
2018,3,HOMBRE,55-59,8866.0
2018,3,HOMBRE,60-64,7452.0
2018,3,HOMBRE,65-69,5386.0
2018,3,HOMBRE,70-74,3580.0
2018,3,HOMBRE,75-79,2470.0
2018,3,HOMBRE,80+,2712.0
2018,3,MUJER,0-4,11109.0
2018,3,MUJER,10-14,10955.0
2018,3,MUJER,15-19,10257.0
2018,3,MUJER,20-24,10547.0
2018,3,MUJER,25-29,12517.0
2018,3,MUJER,30-34,11619.0
2018,3,MUJER,35-39,10526.0
2018,3,MUJER,40-44,9763.0
2018,3,MUJER,45-49,9487.0
2018,3,MUJER,5-9,12466.0
2018,3,MUJER,50-54,9639.0
2018,3,MUJER,55-59,8941.0
2018,3,MUJER,60-64,7540.0
2018,3,MUJER,65-69,5658.0
2018,3,MUJER,70-74,4021.0
2018,3,MUJER,75-79,2976.0
2018,3,MUJER,80+,4219.0
2018,4,HOMBRE,0-4,27718.0
2018,4,HOMBRE,10-14,27704.0
2018,4,HOMBRE,15-19,29021.0
2018,4,HOMBRE,20-24,30130.0
2018,4,HOMBRE,25-29,32211.0
2018,4,HOMBRE,30-34,28745.0
2018,4,HOMBRE,35-39,27633.0
2018,4,HOMBRE,40-44,26734.0
2018,4,HOMBRE,45-49,25746.0
2018,4,HOMBRE,5-9,30449.0
2018,4,HOMBRE,50-54,25183.0
2018,4,HOMBRE,55-59,21968.0
2018,4,HOMBRE,60-64,19289.0
2018,4,HOMBRE,65-69,14915.0
2018,4,HOMBRE,70-74,10851.0
2018,4,HOMBRE,75-79,7939.0
2018,4,HOMBRE,80+,9400.0
2018,4,MUJER,0-4,26716.0
2018,4,MUJER,10-14,26892.0
2018,4,MUJER,15-19,28276.0
2018,4,MUJER,20-24,29608.0
2018,4,MUJER,25-29,31911.0
2018,4,MUJER,30-34,29384.0
2018,4,MUJER,35-39,28469.0
2018,4,MUJER,40-44,28147.0
2018,4,MUJER,45-49,27115.0
2018,4,MUJER,5-9,29473.0
2018,4,MUJER,50-54,26744.0
2018,4,MUJER,55-59,23557.0
2018,4,MUJER,60-64,20824.0
2018,4,MUJER,65-69,16822.0
2018,4,MUJER,70-74,12963.0
2018,4,MUJER,75-79,10145.0
2018,4,MUJER,80+,14531.0
2018,5,HOMBRE,0-4,59186.0
2018,5,HOMBRE,10-14,61239.0
2018,5,HOMBRE,15-19,67378.0
2018,5,HOMBRE,20-24,76642.0
2018,5,HOMBRE,25-29,78200.0
2018,5,HOMBRE,30-34,69402.0
2018,5,HOMBRE,35-39,65494.0
2018,5,HOMBRE,40-44,60944.0
2018,5,HOMBRE,45-49,57557.0
2018,5,HOMBRE,5-9,63127.0
2018,5,HOMBRE,50-54,59098.0
2018,5,HOMBRE,55-59,55692.0
2018,5,HOMBRE,60-64,48700.0
2018,5,HOMBRE,65-69,39079.0
2018,5,HOMBRE,70-74,29238.0
2018,5,HOMBRE,75-79,20137.0
2018,5,HOMBRE,80+,22962.0
2018,5,MUJER,0-4,56674.0
2018,5,MUJER,10-14,59022.0
2018,5,MUJER,15-19,64540.0
2018,5,MUJER,20-24,72355.0
2018,5,MUJER,25-29,75144.0
2018,5,MUJER,30-34,67165.0
2018,5,MUJER,35-39,65208.0
2018,5,MUJER,40-44,62808.0
2018,5,MUJER,45-49,60321.0
2018,5,MUJER,5-9,60706.0
2018,5,MUJER,50-54,63902.0
2018,5,MUJER,55-59,61984.0
2018,5,MUJER,60-64,54892.0
2018,5,MUJER,65-69,45342.0
2018,5,MUJER,70-74,36111.0
2018,5,MUJER,75-79,27836.0
2018,5,MUJER,80+,42300.0
2018,6,HOMBRE,0-4,31279.0
2018,6,HOMBRE,10-14,33820.0
2018,6,HOMBRE,15-19,33417.0
2018,6,HOMBRE,20-24,31194.0
2018,6,HOMBRE,25-29,36993.0
2018,6,HOMBRE,30-34,34502.0
2018,6,HOMBRE,35-39,35487.0
2018,6,HOMBRE,40-44,35435.0
2018,6,HOMBRE,45-49,33287.0
2018,6,HOMBRE,5-9,34452.0
2018,6,HOMBRE,50-54,33351.0
2018,6,HOMBRE,55-59,30256.0
2018,6,HOMBRE,60-64,25394.0
2018,6,HOMBRE,65-69,19797.0
2018,6,HOMBRE,70-74,14178.0
2018,6,HOMBRE,75-79,9691.0
2018,6,HOMBRE,80+,10922.0
2018,6,MUJER,0-4,30012.0
2018,6,MUJER,10-14,32363.0
2018,6,MUJER,15-19,31873.0
2018,6,MUJER,20-24,29613.0
2018,6,MUJER,25-29,35547.0
2018,6,MUJER,30-34,34031.0
2018,6,MUJER,35-39,34265.0
2018,6,MUJER,40-44,34946.0
2018,6,MUJER,45-49,32895.0
2018,6,MUJER,5-9,33062.0
2018,6,MUJER,50-54,33202.0
2018,6,MUJER,55-59,30269.0
2018,6,MUJER,60-64,26271.0
2018,6,MUJER,65-69,21238.0
2018,6,MUJER,70-74,15654.0
2018,6,MUJER,75-79,11489.0
2018,6,MUJER,80+,16301.0
2018,7,HOMBRE,0-4,36185.0
2018,7,HOMBRE,10-14,37988.0
2018,7,HOMBRE,15-19,39142.0
2018,7,HOMBRE,20-24,37957.0
2018,7,HOMBRE,25-29,41193.0
2018,7,HOMBRE,30-34,37398.0
2018,7,HOMBRE,35-39,37964.0
2018,7,HOMBRE,40-44,38630.0
2018,7,HOMBRE,45-49,35960.0
2018,7,HOMBRE,5-9,38276.0
2018,7,HOMBRE,50-54,37389.0
2018,7,HOMBRE,55-59,33768.0
2018,7,HOMBRE,60-64,29055.0
2018,7,HOMBRE,65-69,23173.0
2018,7,HOMBRE,70-74,16452.0
2018,7,HOMBRE,75-79,11167.0
2018,7,HOMBRE,80+,12174.0
2018,7,MUJER,0-4,34908.0
2018,7,MUJER,10-14,36337.0
2018,7,MUJER,15-19,37874.0
2018,7,MUJER,20-24,38523.0
2018,7,MUJER,25-29,42229.0
2018,7,MUJER,30-34,38729.0
2018,7,MUJER,35-39,38856.0
2018,7,MUJER,40-44,39676.0
2018,7,MUJER,45-49,37313.0
2018,7,MUJER,5-9,36881.0
2018,7,MUJER,50-54,38558.0
2018,7,MUJER,55-59,34707.0
2018,7,MUJER,60-64,30589.0
2018,7,MUJER,65-69,25208.0
2018,7,MUJER,70-74,18631.0
2018,7,MUJER,75-79,13949.0
2018,7,MUJER,80+,18892.0
2018,8,HOMBRE,0-4,51987.0
2018,8,HOMBRE,10-14,55250.0
2018,8,HOMBRE,15-19,59823.0
2018,8,HOMBRE,20-24,64045.0
2018,8,HOMBRE,25-29,66404.0
2018,8,HOMBRE,30-34,55072.0
2018,8,HOMBRE,35-39,55263.0
2018,8,HOMBRE,40-44,54501.0
2018,8,HOMBRE,45-49,55599.0
2018,8,HOMBRE,5-9,56669.0
2018,8,HOMBRE,50-54,54861.0
2018,8,HOMBRE,55-59,47729.0
2018,8,HOMBRE,60-64,40238.0
2018,8,HOMBRE,65-69,30886.0
2018,8,HOMBRE,70-74,22359.0
2018,8,HOMBRE,75-79,15118.0
2018,8,HOMBRE,80+,16544.0
2018,8,MUJER,0-4,50014.0
2018,8,MUJER,10-14,53159.0
2018,8,MUJER,15-19,58714.0
2018,8,MUJER,20-24,63416.0
2018,8,MUJER,25-29,66522.0
2018,8,MUJER,30-34,56910.0
2018,8,MUJER,35-39,58023.0
2018,8,MUJER,40-44,57304.0
2018,8,MUJER,45-49,58155.0
2018,8,MUJER,5-9,54599.0
2018,8,MUJER,50-54,57677.0
2018,8,MUJER,55-59,51222.0
2018,8,MUJER,60-64,45184.0
2018,8,MUJER,65-69,35829.0
2018,8,MUJER,70-74,27298.0
2018,8,MUJER,75-79,20594.0
2018,8,MUJER,80+,28492.0
2018,9,HOMBRE,0-4,32975.0
2018,9,HOMBRE,10-14,35533.0
2018,9,HOMBRE,15-19,36564.0
2018,9,HOMBRE,20-24,36457.0
2018,9,HOMBRE,25-29,37426.0
2018,9,HOMBRE,30-34,33231.0
2018,9,HOMBRE,35-39,33634.0
2018,9,HOMBRE,40-44,33572.0
2018,9,HOMBRE,45-49,32479.0
2018,9,HOMBRE,5-9,35700.0
2018,9,HOMBRE,50-54,32440.0
2018,9,HOMBRE,55-59,28676.0
2018,9,HOMBRE,60-64,24875.0
2018,9,HOMBRE,65-69,19326.0
2018,9,HOMBRE,70-74,14518.0
2018,9,HOMBRE,75-79,10369.0
2018,9,HOMBRE,80+,12058.0
2018,9,MUJER,0-4,31776.0
2018,9,MUJER,10-14,34291.0
2018,9,MUJER,15-19,35591.0
2018,9,MUJER,20-24,37389.0
2018,9,MUJER,25-29,38798.0
2018,9,MUJER,30-34,35197.0
2018,9,MUJER,35-39,35283.0
2018,9,MUJER,40-44,34975.0
2018,9,MUJER,45-49,33186.0
2018,9,MUJER,5-9,34410.0
2018,9,MUJER,50-54,33179.0
2018,9,MUJER,55-59,29389.0
2018,9,MUJER,60-64,26249.0
2018,9,MUJER,65-69,21487.0
2018,9,MUJER,70-74,17023.0
2018,9,MUJER,75-79,13486.0
2018,9,MUJER,80+,19878.0
2018,10,HOMBRE,0-4,27997.0
2018,10,HOMBRE,10-14,31193.0
2018,10,HOMBRE,15-19,31155.0
2018,10,HOMBRE,20-24,30074.0
2018,10,HOMBRE,25-29,34178.0
2018,10,HOMBRE,30-34,32169.0
2018,10,HOMBRE,35-39,32224.0
2018,10,HOMBRE,40-44,33210.0
2018,10,HOMBRE,45-49,32018.0
2018,10,HOMBRE,5-9,31440.0
2018,10,HOMBRE,50-54,30929.0
2018,10,HOMBRE,55-59,25314.0
2018,10,HOMBRE,60-64,20945.0
2018,10,HOMBRE,65-69,15997.0
2018,10,HOMBRE,70-74,11192.0
2018,10,HOMBRE,75-79,8068.0
2018,10,HOMBRE,80+,8693.0
2018,10,MUJER,0-4,26915.0
2018,10,MUJER,10-14,30247.0
2018,10,MUJER,15-19,30541.0
2018,10,MUJER,20-24,29688.0
2018,10,MUJER,25-29,33982.0
2018,10,MUJER,30-34,32080.0
2018,10,MUJER,35-39,32017.0
2018,10,MUJER,40-44,32768.0
2018,10,MUJER,45-49,30551.0
2018,10,MUJER,5-9,30226.0
2018,10,MUJER,50-54,29449.0
2018,10,MUJER,55-59,24987.0
2018,10,MUJER,60-64,21602.0
2018,10,MUJER,65-69,17357.0
2018,10,MUJER,70-74,13034.0
2018,10,MUJER,75-79,10490.0
2018,10,MUJER,80+,14618.0
2018,11,HOMBRE,0-4,3705.0
2018,11,HOMBRE,10-14,4234.0
2018,11,HOMBRE,15-19,3848.0
2018,11,HOMBRE,20-24,3070.0
2018,11,HOMBRE,25-29,4226.0
2018,11,HOMBRE,30-34,4233.0
2018,11,HOMBRE,35-39,4157.0
2018,11,HOMBRE,40-44,4117.0
2018,11,HOMBRE,45-49,3782.0
2018,11,HOMBRE,5-9,4292.0
2018,11,HOMBRE,50-54,3528.0
2018,11,HOMBRE,55-59,3109.0
2018,11,HOMBRE,60-64,2529.0
2018,11,HOMBRE,65-69,1849.0
2018,11,HOMBRE,70-74,1263.0
2018,11,HOMBRE,75-79,888.0
2018,11,HOMBRE,80+,934.0
2018,11,MUJER,0-4,3578.0
2018,11,MUJER,10-14,3965.0
2018,11,MUJER,15-19,3391.0
2018,11,MUJER,20-24,2814.0
2018,11,MUJER,25-29,4347.0
2018,11,MUJER,30-34,4340.0
2018,11,MUJER,35-39,4134.0
2018,11,MUJER,40-44,3970.0
2018,11,MUJER,45-49,3530.0
2018,11,MUJER,5-9,4147.0
2018,11,MUJER,50-54,3200.0
2018,11,MUJER,55-59,2899.0
2018,11,MUJER,60-64,2532.0
2018,11,MUJER,65-69,1859.0
2018,11,MUJER,70-74,1203.0
2018,11,MUJER,75-79,949.0
2018,11,MUJER,80+,1401.0
2018,12,HOMBRE,0-4,5188.0
2018,12,HOMBRE,10-14,5685.0
2018,12,HOMBRE,15-19,6302.0
2018,12,HOMBRE,20-24,6468.0
2018,12,HOMBRE,25-29,7387.0
2018,12,HOMBRE,30-34,7120.0
2018,12,HOMBRE,35-39,6887.0
2018,12,HOMBRE,40-44,6362.0
2018,12,HOMBRE,45-49,5571.0
2018,12,HOMBRE,5-9,5715.0
2018,12,HOMBRE,50-54,5586.0
2018,12,HOMBRE,55-59,5554.0
2018,12,HOMBRE,60-64,4944.0
2018,12,HOMBRE,65-69,3658.0
2018,12,HOMBRE,70-74,2441.0
2018,12,HOMBRE,75-79,1595.0
2018,12,HOMBRE,80+,1783.0
2018,12,MUJER,0-4,5018.0
2018,12,MUJER,10-14,5417.0
2018,12,MUJER,15-19,5401.0
2018,12,MUJER,20-24,5659.0
2018,12,MUJER,25-29,6916.0
2018,12,MUJER,30-34,6892.0
2018,12,MUJER,35-39,6550.0
2018,12,MUJER,40-44,6033.0
2018,12,MUJER,45-49,5360.0
2018,12,MUJER,5-9,5525.0
2018,12,MUJER,50-54,5618.0
2018,12,MUJER,55-59,5452.0
2018,12,MUJER,60-64,4652.0
2018,12,MUJER,65-69,3485.0
2018,12,MUJER,70-74,2543.0
2018,12,MUJER,75-79,1967.0
2018,12,MUJER,80+,2833.0
2018,13,HOMBRE,0-4,255527.0
2018,13,HOMBRE,10-14,237301.0
2018,13,HOMBRE,15-19,258075.0
2018,13,HOMBRE,20-24,321917.0
2018,13,HOMBRE,25-29,367706.0
2018,13,HOMBRE,30-34,334137.0
2018,13,HOMBRE,35-39,297893.0
2018,13,HOMBRE,40-44,275744.0
2018,13,HOMBRE,45-49,242599.0
2018,13,HOMBRE,5-9,254257.0
2018,13,HOMBRE,50-54,231236.0
2018,13,HOMBRE,55-59,204786.0
2018,13,HOMBRE,60-64,171618.0
2018,13,HOMBRE,65-69,130971.0
2018,13,HOMBRE,70-74,88400.0
2018,13,HOMBRE,75-79,57448.0
2018,13,HOMBRE,80+,63565.0
2018,13,MUJER,0-4,246308.0
2018,13,MUJER,10-14,230935.0
2018,13,MUJER,15-19,251479.0
2018,13,MUJER,20-24,307483.0
2018,13,MUJER,25-29,345928.0
2018,13,MUJER,30-34,310889.0
2018,13,MUJER,35-39,283002.0
2018,13,MUJER,40-44,270124.0
2018,13,MUJER,45-49,248972.0
2018,13,MUJER,5-9,246254.0
2018,13,MUJER,50-54,247484.0
2018,13,MUJER,55-59,228643.0
2018,13,MUJER,60-64,200080.0
2018,13,MUJER,65-69,159292.0
2018,13,MUJER,70-74,116114.0
2018,13,MUJER,75-79,85679.0
2018,13,MUJER,80+,131045.0
2018,14,HOMBRE,0-4,12083.0
2018,14,HOMBRE,10-14,13625.0
2018,14,HOMBRE,15-19,14740.0
2018,14,HOMBRE,20-24,15369.0
2018,14,HOMBRE,25-29,15527.0
2018,14,HOMBRE,30-34,13201.0
2018,14,HOMBRE,35-39,12649.0
2018,14,HOMBRE,40-44,13017.0
2018,14,HOMBRE,45-49,13433.0
2018,14,HOMBRE,5-9,13843.0
2018,14,HOMBRE,50-54,14331.0
2018,14,HOMBRE,55-59,12566.0
2018,14,HOMBRE,60-64,10120.0
2018,14,HOMBRE,65-69,7969.0
2018,14,HOMBRE,70-74,5714.0
2018,14,HOMBRE,75-79,4061.0
2018,14,HOMBRE,80+,4628.0
2018,14,MUJER,0-4,11688.0
2018,14,MUJER,10-14,13145.0
2018,14,MUJER,15-19,14276.0
2018,14,MUJER,20-24,15293.0
2018,14,MUJER,25-29,15922.0
2018,14,MUJER,30-34,14011.0
2018,14,MUJER,35-39,13300.0
2018,14,MUJER,40-44,13097.0
2018,14,MUJER,45-49,13497.0
2018,14,MUJER,5-9,13398.0
2018,14,MUJER,50-54,14159.0
2018,14,MUJER,55-59,12494.0
2018,14,MUJER,60-64,10672.0
2018,14,MUJER,65-69,8968.0
2018,14,MUJER,70-74,6848.0
2018,14,MUJER,75-79,5378.0
2018,14,MUJER,80+,7913.0
2018,15,HOMBRE,0-4,8534.0
2018,15,HOMBRE,10-14,8589.0
2018,15,HOMBRE,15-19,9524.0
2018,15,HOMBRE,20-24,10243.0
2018,15,HOMBRE,25-29,10591.0
2018,15,HOMBRE,30-34,9788.0
2018,15,HOMBRE,35-39,8720.0
2018,15,HOMBRE,40-44,8081.0
2018,15,HOMBRE,45-49,7768.0
2018,15,HOMBRE,5-9,9400.0
2018,15,HOMBRE,50-54,6823.0
2018,15,HOMBRE,55-59,6113.0
2018,15,HOMBRE,60-64,5412.0
2018,15,HOMBRE,65-69,4343.0
2018,15,HOMBRE,70-74,3077.0
2018,15,HOMBRE,75-79,1972.0
2018,15,HOMBRE,80+,2199.0
2018,15,MUJER,0-4,8204.0
2018,15,MUJER,10-14,8169.0
2018,15,MUJER,15-19,8408.0
2018,15,MUJER,20-24,9059.0
2018,15,MUJER,25-29,9515.0
2018,15,MUJER,30-34,9049.0
2018,15,MUJER,35-39,8496.0
2018,15,MUJER,40-44,7959.0
2018,15,MUJER,45-49,7772.0
2018,15,MUJER,5-9,9002.0
2018,15,MUJER,50-54,7280.0
2018,15,MUJER,55-59,6848.0
2018,15,MUJER,60-64,5929.0
2018,15,MUJER,65-69,4926.0
2018,15,MUJER,70-74,3810.0
2018,15,MUJER,75-79,2711.0
2018,15,MUJER,80+,3587.0
2018,16,HOMBRE,0-4,14975.0
2018,16,HOMBRE,10-14,17856.0
2018,16,HOMBRE,15-19,17613.0
2018,16,HOMBRE,20-24,16591.0
2018,16,HOMBRE,25-29,17578.0
2018,16,HOMBRE,30-34,15919.0
2018,16,HOMBRE,35-39,15335.0
2018,16,HOMBRE,40-44,15655.0
2018,16,HOMBRE,45-49,17370.0
2018,16,HOMBRE,5-9,17086.0
2018,16,HOMBRE,50-54,17715.0
2018,16,HOMBRE,55-59,15894.0
2018,16,HOMBRE,60-64,13631.0
2018,16,HOMBRE,65-69,11029.0
2018,16,HOMBRE,70-74,8308.0
2018,16,HOMBRE,75-79,5837.0
2018,16,HOMBRE,80+,6541.0
2018,16,MUJER,0-4,14359.0
2018,16,MUJER,10-14,16434.0
2018,16,MUJER,15-19,16956.0
2018,16,MUJER,20-24,17591.0
2018,16,MUJER,25-29,18743.0
2018,16,MUJER,30-34,17431.0
2018,16,MUJER,35-39,16652.0
2018,16,MUJER,40-44,17390.0
2018,16,MUJER,45-49,19162.0
2018,16,MUJER,5-9,16073.0
2018,16,MUJER,50-54,18325.0
2018,16,MUJER,55-59,16669.0
2018,16,MUJER,60-64,14547.0
2018,16,MUJER,65-69,11930.0
2018,16,MUJER,70-74,9272.0
2018,16,MUJER,75-79,7415.0
2018,16,MUJER,80+,10366.0
2019,1,HOMBRE,0-4,14504.0
2019,1,HOMBRE,10-14,13578.0
2019,1,HOMBRE,15-19,13205.0
2019,1,HOMBRE,20-24,15439.0
2019,1,HOMBRE,25-29,17741.0
2019,1,HOMBRE,30-34,16549.0
2019,1,HOMBRE,35-39,14972.0
2019,1,HOMBRE,40-44,13270.0
2019,1,HOMBRE,45-49,11559.0
2019,1,HOMBRE,5-9,15226.0
2019,1,HOMBRE,50-54,9952.0
2019,1,HOMBRE,55-59,9119.0
2019,1,HOMBRE,60-64,7630.0
2019,1,HOMBRE,65-69,5644.0
2019,1,HOMBRE,70-74,3467.0
2019,1,HOMBRE,75-79,2099.0
2019,1,HOMBRE,80+,2316.0
2019,1,MUJER,0-4,13920.0
2019,1,MUJER,10-14,13184.0
2019,1,MUJER,15-19,12481.0
2019,1,MUJER,20-24,14696.0
2019,1,MUJER,25-29,17127.0
2019,1,MUJER,30-34,15755.0
2019,1,MUJER,35-39,14347.0
2019,1,MUJER,40-44,12462.0
2019,1,MUJER,45-49,11183.0
2019,1,MUJER,5-9,14694.0
2019,1,MUJER,50-54,9822.0
2019,1,MUJER,55-59,9065.0
2019,1,MUJER,60-64,7725.0
2019,1,MUJER,65-69,5967.0
2019,1,MUJER,70-74,3966.0
2019,1,MUJER,75-79,2642.0
2019,1,MUJER,80+,3600.0
2019,2,HOMBRE,0-4,24148.0
2019,2,HOMBRE,10-14,23898.0
2019,2,HOMBRE,15-19,23979.0
2019,2,HOMBRE,20-24,28704.0
2019,2,HOMBRE,25-29,32559.0
2019,2,HOMBRE,30-34,29940.0
2019,2,HOMBRE,35-39,27066.0
2019,2,HOMBRE,40-44,25379.0
2019,2,HOMBRE,45-49,22602.0
2019,2,HOMBRE,5-9,25216.0
2019,2,HOMBRE,50-54,18983.0
2019,2,HOMBRE,55-59,17300.0
2019,2,HOMBRE,60-64,14050.0
2019,2,HOMBRE,65-69,10286.0
2019,2,HOMBRE,70-74,5714.0
2019,2,HOMBRE,75-79,3340.0
2019,2,HOMBRE,80+,3503.0
2019,2,MUJER,0-4,23129.0
2019,2,MUJER,10-14,22841.0
2019,2,MUJER,15-19,22763.0
2019,2,MUJER,20-24,28040.0
2019,2,MUJER,25-29,31636.0
2019,2,MUJER,30-34,28678.0
2019,2,MUJER,35-39,25796.0
2019,2,MUJER,40-44,24388.0
2019,2,MUJER,45-49,21598.0
2019,2,MUJER,5-9,24050.0
2019,2,MUJER,50-54,18192.0
2019,2,MUJER,55-59,17165.0
2019,2,MUJER,60-64,14158.0
2019,2,MUJER,65-69,10889.0
2019,2,MUJER,70-74,6942.0
2019,2,MUJER,75-79,4782.0
2019,2,MUJER,80+,6849.0
2019,3,HOMBRE,0-4,11174.0
2019,3,HOMBRE,10-14,11844.0
2019,3,HOMBRE,15-19,10888.0
2019,3,HOMBRE,20-24,11081.0
2019,3,HOMBRE,25-29,13073.0
2019,3,HOMBRE,30-34,12750.0
2019,3,HOMBRE,35-39,11435.0
2019,3,HOMBRE,40-44,10755.0
2019,3,HOMBRE,45-49,10058.0
2019,3,HOMBRE,5-9,12911.0
2019,3,HOMBRE,50-54,9832.0
2019,3,HOMBRE,55-59,9078.0
2019,3,HOMBRE,60-64,7635.0
2019,3,HOMBRE,65-69,5737.0
2019,3,HOMBRE,70-74,3727.0
2019,3,HOMBRE,75-79,2516.0
2019,3,HOMBRE,80+,2789.0
2019,3,MUJER,0-4,10755.0
2019,3,MUJER,10-14,11369.0
2019,3,MUJER,15-19,10076.0
2019,3,MUJER,20-24,10431.0
2019,3,MUJER,25-29,12581.0
2019,3,MUJER,30-34,12169.0
2019,3,MUJER,35-39,10764.0
2019,3,MUJER,40-44,9847.0
2019,3,MUJER,45-49,9430.0
2019,3,MUJER,5-9,12465.0
2019,3,MUJER,50-54,9613.0
2019,3,MUJER,55-59,9148.0
2019,3,MUJER,60-64,7751.0
2019,3,MUJER,65-69,6022.0
2019,3,MUJER,70-74,4187.0
2019,3,MUJER,75-79,3054.0
2019,3,MUJER,80+,4362.0
2019,4,HOMBRE,0-4,26957.0
2019,4,HOMBRE,10-14,28474.0
2019,4,HOMBRE,15-19,28744.0
2019,4,HOMBRE,20-24,30163.0
2019,4,HOMBRE,25-29,32669.0
2019,4,HOMBRE,30-34,30070.0
2019,4,HOMBRE,35-39,27962.0
2019,4,HOMBRE,40-44,27107.0
2019,4,HOMBRE,45-49,26141.0
2019,4,HOMBRE,5-9,30894.0
2019,4,HOMBRE,50-54,25608.0
2019,4,HOMBRE,55-59,22661.0
2019,4,HOMBRE,60-64,19928.0
2019,4,HOMBRE,65-69,15765.0
2019,4,HOMBRE,70-74,11428.0
2019,4,HOMBRE,75-79,8238.0
2019,4,HOMBRE,80+,9854.0
2019,4,MUJER,0-4,25963.0
2019,4,MUJER,10-14,27654.0
2019,4,MUJER,15-19,27984.0
2019,4,MUJER,20-24,29608.0
2019,4,MUJER,25-29,32305.0
2019,4,MUJER,30-34,30744.0
2019,4,MUJER,35-39,28905.0
2019,4,MUJER,40-44,28447.0
2019,4,MUJER,45-49,27521.0
2019,4,MUJER,5-9,29899.0
2019,4,MUJER,50-54,27189.0
2019,4,MUJER,55-59,24316.0
2019,4,MUJER,60-64,21512.0
2019,4,MUJER,65-69,17696.0
2019,4,MUJER,70-74,13573.0
2019,4,MUJER,75-79,10522.0
2019,4,MUJER,80+,15225.0
2019,5,HOMBRE,0-4,58147.0
2019,5,HOMBRE,10-14,62068.0
2019,5,HOMBRE,15-19,66498.0
2019,5,HOMBRE,20-24,76305.0
2019,5,HOMBRE,25-29,79141.0
2019,5,HOMBRE,30-34,70801.0
2019,5,HOMBRE,35-39,67405.0
2019,5,HOMBRE,40-44,61707.0
2019,5,HOMBRE,45-49,58200.0
2019,5,HOMBRE,5-9,63369.0
2019,5,HOMBRE,50-54,59166.0
2019,5,HOMBRE,55-59,56797.0
2019,5,HOMBRE,60-64,50272.0
2019,5,HOMBRE,65-69,40941.0
2019,5,HOMBRE,70-74,30508.0
2019,5,HOMBRE,75-79,21237.0
2019,5,HOMBRE,80+,24016.0
2019,5,MUJER,0-4,55687.0
2019,5,MUJER,10-14,59840.0
2019,5,MUJER,15-19,63880.0
2019,5,MUJER,20-24,71875.0
2019,5,MUJER,25-29,75869.0
2019,5,MUJER,30-34,68975.0
2019,5,MUJER,35-39,66742.0
2019,5,MUJER,40-44,63545.0
2019,5,MUJER,45-49,60709.0
2019,5,MUJER,5-9,60903.0
2019,5,MUJER,50-54,63604.0
2019,5,MUJER,55-59,63023.0
2019,5,MUJER,60-64,56667.0
2019,5,MUJER,65-69,47439.0
2019,5,MUJER,70-74,37315.0
2019,5,MUJER,75-79,29005.0
2019,5,MUJER,80+,43799.0
2019,6,HOMBRE,0-4,30883.0
2019,6,HOMBRE,10-14,34272.0
2019,6,HOMBRE,15-19,32801.0
2019,6,HOMBRE,20-24,30994.0
2019,6,HOMBRE,25-29,36953.0
2019,6,HOMBRE,30-34,35874.0
2019,6,HOMBRE,35-39,35744.0
2019,6,HOMBRE,40-44,35845.0
2019,6,HOMBRE,45-49,33494.0
2019,6,HOMBRE,5-9,34242.0
2019,6,HOMBRE,50-54,33769.0
2019,6,HOMBRE,55-59,31018.0
2019,6,HOMBRE,60-64,26334.0
2019,6,HOMBRE,65-69,20838.0
2019,6,HOMBRE,70-74,14974.0
2019,6,HOMBRE,75-79,10158.0
2019,6,HOMBRE,80+,11469.0
2019,6,MUJER,0-4,29638.0
2019,6,MUJER,10-14,32788.0
2019,6,MUJER,15-19,31297.0
2019,6,MUJER,20-24,29359.0
2019,6,MUJER,25-29,35448.0
2019,6,MUJER,30-34,35533.0
2019,6,MUJER,35-39,34573.0
2019,6,MUJER,40-44,35141.0
2019,6,MUJER,45-49,33152.0
2019,6,MUJER,5-9,32858.0
2019,6,MUJER,50-54,33472.0
2019,6,MUJER,55-59,31057.0
2019,6,MUJER,60-64,27102.0
2019,6,MUJER,65-69,22349.0
2019,6,MUJER,70-74,16469.0
2019,6,MUJER,75-79,11950.0
2019,6,MUJER,80+,17020.0
2019,7,HOMBRE,0-4,35818.0
2019,7,HOMBRE,10-14,38427.0
2019,7,HOMBRE,15-19,38547.0
2019,7,HOMBRE,20-24,37743.0
2019,7,HOMBRE,25-29,41333.0
2019,7,HOMBRE,30-34,38673.0
2019,7,HOMBRE,35-39,38030.0
2019,7,HOMBRE,40-44,38769.0
2019,7,HOMBRE,45-49,36227.0
2019,7,HOMBRE,5-9,38266.0
2019,7,HOMBRE,50-54,37505.0
2019,7,HOMBRE,55-59,34733.0
2019,7,HOMBRE,60-64,29803.0
2019,7,HOMBRE,65-69,24459.0
2019,7,HOMBRE,70-74,17297.0
2019,7,HOMBRE,75-79,11686.0
2019,7,HOMBRE,80+,12780.0
2019,7,MUJER,0-4,34543.0
2019,7,MUJER,10-14,36780.0
2019,7,MUJER,15-19,37239.0
2019,7,MUJER,20-24,38122.0
2019,7,MUJER,25-29,42222.0
2019,7,MUJER,30-34,40185.0
2019,7,MUJER,35-39,39067.0
2019,7,MUJER,40-44,39894.0
2019,7,MUJER,45-49,37525.0
2019,7,MUJER,5-9,36851.0
2019,7,MUJER,50-54,38846.0
2019,7,MUJER,55-59,35743.0
2019,7,MUJER,60-64,31323.0
2019,7,MUJER,65-69,26708.0
2019,7,MUJER,70-74,19541.0
2019,7,MUJER,75-79,14461.0
2019,7,MUJER,80+,19801.0
2019,8,HOMBRE,0-4,50702.0
2019,8,HOMBRE,10-14,55662.0
2019,8,HOMBRE,15-19,58499.0
2019,8,HOMBRE,20-24,63045.0
2019,8,HOMBRE,25-29,66199.0
2019,8,HOMBRE,30-34,56974.0
2019,8,HOMBRE,35-39,55011.0
2019,8,HOMBRE,40-44,54281.0
2019,8,HOMBRE,45-49,55435.0
2019,8,HOMBRE,5-9,56324.0
2019,8,HOMBRE,50-54,55329.0
2019,8,HOMBRE,55-59,49095.0
2019,8,HOMBRE,60-64,41258.0
2019,8,HOMBRE,65-69,32471.0
2019,8,HOMBRE,70-74,23282.0
2019,8,HOMBRE,75-79,15761.0
2019,8,HOMBRE,80+,17260.0
2019,8,MUJER,0-4,48789.0
2019,8,MUJER,10-14,53528.0
2019,8,MUJER,15-19,57223.0
2019,8,MUJER,20-24,62481.0
2019,8,MUJER,25-29,66377.0
2019,8,MUJER,30-34,58580.0
2019,8,MUJER,35-39,58119.0
2019,8,MUJER,40-44,57147.0
2019,8,MUJER,45-49,58034.0
2019,8,MUJER,5-9,54210.0
2019,8,MUJER,50-54,58173.0
2019,8,MUJER,55-59,52469.0
2019,8,MUJER,60-64,46080.0
2019,8,MUJER,65-69,37863.0
2019,8,MUJER,70-74,28146.0
2019,8,MUJER,75-79,21298.0
2019,8,MUJER,80+,29639.0
2019,9,HOMBRE,0-4,32433.0
2019,9,HOMBRE,10-14,35843.0
2019,9,HOMBRE,15-19,35651.0
2019,9,HOMBRE,20-24,36048.0
2019,9,HOMBRE,25-29,37337.0
2019,9,HOMBRE,30-34,33955.0
2019,9,HOMBRE,35-39,33712.0
2019,9,HOMBRE,40-44,33509.0
2019,9,HOMBRE,45-49,32590.0
2019,9,HOMBRE,5-9,35359.0
2019,9,HOMBRE,50-54,32762.0
2019,9,HOMBRE,55-59,29392.0
2019,9,HOMBRE,60-64,25638.0
2019,9,HOMBRE,65-69,20339.0
2019,9,HOMBRE,70-74,14963.0
2019,9,HOMBRE,75-79,10752.0
2019,9,HOMBRE,80+,12551.0
2019,9,MUJER,0-4,31268.0
2019,9,MUJER,10-14,34556.0
2019,9,MUJER,15-19,34770.0
2019,9,MUJER,20-24,36846.0
2019,9,MUJER,25-29,38879.0
2019,9,MUJER,30-34,35935.0
2019,9,MUJER,35-39,35539.0
2019,9,MUJER,40-44,35026.0
2019,9,MUJER,45-49,33324.0
2019,9,MUJER,5-9,34085.0
2019,9,MUJER,50-54,33524.0
2019,9,MUJER,55-59,30120.0
2019,9,MUJER,60-64,26900.0
2019,9,MUJER,65-69,22519.0
2019,9,MUJER,70-74,17417.0
2019,9,MUJER,75-79,13808.0
2019,9,MUJER,80+,20615.0
2019,10,HOMBRE,0-4,27550.0
2019,10,HOMBRE,10-14,31722.0
2019,10,HOMBRE,15-19,30672.0
2019,10,HOMBRE,20-24,29671.0
2019,10,HOMBRE,25-29,33836.0
2019,10,HOMBRE,30-34,33008.0
2019,10,HOMBRE,35-39,32415.0
2019,10,HOMBRE,40-44,33078.0
2019,10,HOMBRE,45-49,32323.0
2019,10,HOMBRE,5-9,30505.0
2019,10,HOMBRE,50-54,31365.0
2019,10,HOMBRE,55-59,26502.0
2019,10,HOMBRE,60-64,21497.0
2019,10,HOMBRE,65-69,16950.0
2019,10,HOMBRE,70-74,11702.0
2019,10,HOMBRE,75-79,8309.0
2019,10,HOMBRE,80+,9153.0
2019,10,MUJER,0-4,26475.0
2019,10,MUJER,10-14,30742.0
2019,10,MUJER,15-19,30120.0
2019,10,MUJER,20-24,29403.0
2019,10,MUJER,25-29,33818.0
2019,10,MUJER,30-34,32908.0
2019,10,MUJER,35-39,32142.0
2019,10,MUJER,40-44,32794.0
2019,10,MUJER,45-49,30920.0
2019,10,MUJER,5-9,29303.0
2019,10,MUJER,50-54,29838.0
2019,10,MUJER,55-59,25888.0
2019,10,MUJER,60-64,22128.0
2019,10,MUJER,65-69,18296.0
2019,10,MUJER,70-74,13505.0
2019,10,MUJER,75-79,10681.0
2019,10,MUJER,80+,15245.0
2019,11,HOMBRE,0-4,3612.0
2019,11,HOMBRE,10-14,4335.0
2019,11,HOMBRE,15-19,3824.0
2019,11,HOMBRE,20-24,2995.0
2019,11,HOMBRE,25-29,4110.0
2019,11,HOMBRE,30-34,4407.0
2019,11,HOMBRE,35-39,4167.0
2019,11,HOMBRE,40-44,4148.0
2019,11,HOMBRE,45-49,3815.0
2019,11,HOMBRE,5-9,4164.0
2019,11,HOMBRE,50-54,3535.0
2019,11,HOMBRE,55-59,3180.0
2019,11,HOMBRE,60-64,2601.0
2019,11,HOMBRE,65-69,1944.0
2019,11,HOMBRE,70-74,1310.0
2019,11,HOMBRE,75-79,910.0
2019,11,HOMBRE,80+,981.0
2019,11,MUJER,0-4,3485.0
2019,11,MUJER,10-14,4054.0
2019,11,MUJER,15-19,3328.0
2019,11,MUJER,20-24,2755.0
2019,11,MUJER,25-29,4253.0
2019,11,MUJER,30-34,4517.0
2019,11,MUJER,35-39,4191.0
2019,11,MUJER,40-44,3996.0
2019,11,MUJER,45-49,3604.0
2019,11,MUJER,5-9,4018.0
2019,11,MUJER,50-54,3227.0
2019,11,MUJER,55-59,2939.0
2019,11,MUJER,60-64,2587.0
2019,11,MUJER,65-69,1999.0
2019,11,MUJER,70-74,1262.0
2019,11,MUJER,75-79,955.0
2019,11,MUJER,80+,1472.0
2019,12,HOMBRE,0-4,5128.0
2019,12,HOMBRE,10-14,5783.0
2019,12,HOMBRE,15-19,6244.0
2019,12,HOMBRE,20-24,6537.0
2019,12,HOMBRE,25-29,7453.0
2019,12,HOMBRE,30-34,7435.0
2019,12,HOMBRE,35-39,6940.0
2019,12,HOMBRE,40-44,6519.0
2019,12,HOMBRE,45-49,5674.0
2019,12,HOMBRE,5-9,5634.0
2019,12,HOMBRE,50-54,5551.0
2019,12,HOMBRE,55-59,5544.0
2019,12,HOMBRE,60-64,5069.0
2019,12,HOMBRE,65-69,3892.0
2019,12,HOMBRE,70-74,2537.0
2019,12,HOMBRE,75-79,1660.0
2019,12,HOMBRE,80+,1855.0
2019,12,MUJER,0-4,4960.0
2019,12,MUJER,10-14,5504.0
2019,12,MUJER,15-19,5317.0
2019,12,MUJER,20-24,5707.0
2019,12,MUJER,25-29,6986.0
2019,12,MUJER,30-34,7148.0
2019,12,MUJER,35-39,6711.0
2019,12,MUJER,40-44,6180.0
2019,12,MUJER,45-49,5436.0
2019,12,MUJER,5-9,5454.0
2019,12,MUJER,50-54,5554.0
2019,12,MUJER,55-59,5513.0
2019,12,MUJER,60-64,4812.0
2019,12,MUJER,65-69,3706.0
2019,12,MUJER,70-74,2605.0
2019,12,MUJER,75-79,2008.0
2019,12,MUJER,80+,2928.0
2019,13,HOMBRE,0-4,256618.0
2019,13,HOMBRE,10-14,242702.0
2019,13,HOMBRE,15-19,256502.0
2019,13,HOMBRE,20-24,324760.0
2019,13,HOMBRE,25-29,381013.0
2019,13,HOMBRE,30-34,358570.0
2019,13,HOMBRE,35-39,313297.0
2019,13,HOMBRE,40-44,284342.0
2019,13,HOMBRE,45-49,249798.0
2019,13,HOMBRE,5-9,257212.0
2019,13,HOMBRE,50-54,234811.0
2019,13,HOMBRE,55-59,210577.0
2019,13,HOMBRE,60-64,176747.0
2019,13,HOMBRE,65-69,137982.0
2019,13,HOMBRE,70-74,92704.0
2019,13,HOMBRE,75-79,59829.0
2019,13,HOMBRE,80+,65875.0
2019,13,MUJER,0-4,247366.0
2019,13,MUJER,10-14,236222.0
2019,13,MUJER,15-19,250195.0
2019,13,MUJER,20-24,310722.0
2019,13,MUJER,25-29,358687.0
2019,13,MUJER,30-34,333018.0
2019,13,MUJER,35-39,295296.0
2019,13,MUJER,40-44,276504.0
2019,13,MUJER,45-49,254375.0
2019,13,MUJER,5-9,249199.0
2019,13,MUJER,50-54,249809.0
2019,13,MUJER,55-59,233892.0
2019,13,MUJER,60-64,205099.0
2019,13,MUJER,65-69,167681.0
2019,13,MUJER,70-74,120690.0
2019,13,MUJER,75-79,88319.0
2019,13,MUJER,80+,134786.0
2019,14,HOMBRE,0-4,11809.0
2019,14,HOMBRE,10-14,13780.0
2019,14,HOMBRE,15-19,14304.0
2019,14,HOMBRE,20-24,15048.0
2019,14,HOMBRE,25-29,15611.0
2019,14,HOMBRE,30-34,13743.0
2019,14,HOMBRE,35-39,12765.0
2019,14,HOMBRE,40-44,12858.0
2019,14,HOMBRE,45-49,13311.0
2019,14,HOMBRE,5-9,13683.0
2019,14,HOMBRE,50-54,14258.0
2019,14,HOMBRE,55-59,13077.0
2019,14,HOMBRE,60-64,10397.0
2019,14,HOMBRE,65-69,8378.0
2019,14,HOMBRE,70-74,5928.0
2019,14,HOMBRE,75-79,4205.0
2019,14,HOMBRE,80+,4771.0
2019,14,MUJER,0-4,11422.0
2019,14,MUJER,10-14,13317.0
2019,14,MUJER,15-19,13880.0
2019,14,MUJER,20-24,15031.0
2019,14,MUJER,25-29,16028.0
2019,14,MUJER,30-34,14536.0
2019,14,MUJER,35-39,13533.0
2019,14,MUJER,40-44,12912.0
2019,14,MUJER,45-49,13388.0
2019,14,MUJER,5-9,13249.0
2019,14,MUJER,50-54,14170.0
2019,14,MUJER,55-59,12965.0
2019,14,MUJER,60-64,10889.0
2019,14,MUJER,65-69,9391.0
2019,14,MUJER,70-74,7053.0
2019,14,MUJER,75-79,5520.0
2019,14,MUJER,80+,8203.0
2019,15,HOMBRE,0-4,8402.0
2019,15,HOMBRE,10-14,8836.0
2019,15,HOMBRE,15-19,9645.0
2019,15,HOMBRE,20-24,10576.0
2019,15,HOMBRE,25-29,10747.0
2019,15,HOMBRE,30-34,10213.0
2019,15,HOMBRE,35-39,9088.0
2019,15,HOMBRE,40-44,8197.0
2019,15,HOMBRE,45-49,8045.0
2019,15,HOMBRE,5-9,9467.0
2019,15,HOMBRE,50-54,6952.0
2019,15,HOMBRE,55-59,6292.0
2019,15,HOMBRE,60-64,5484.0
2019,15,HOMBRE,65-69,4566.0
2019,15,HOMBRE,70-74,3173.0
2019,15,HOMBRE,75-79,2089.0
2019,15,HOMBRE,80+,2295.0
2019,15,MUJER,0-4,8043.0
2019,15,MUJER,10-14,8364.0
2019,15,MUJER,15-19,8437.0
2019,15,MUJER,20-24,9228.0
2019,15,MUJER,25-29,9643.0
2019,15,MUJER,30-34,9381.0
2019,15,MUJER,35-39,8768.0
2019,15,MUJER,40-44,8032.0
2019,15,MUJER,45-49,7952.0
2019,15,MUJER,5-9,9079.0
2019,15,MUJER,50-54,7281.0
2019,15,MUJER,55-59,7044.0
2019,15,MUJER,60-64,6042.0
2019,15,MUJER,65-69,5150.0
2019,15,MUJER,70-74,3906.0
2019,15,MUJER,75-79,2858.0
2019,15,MUJER,80+,3761.0
2019,16,HOMBRE,0-4,14728.0
2019,16,HOMBRE,10-14,18019.0
2019,16,HOMBRE,15-19,17319.0
2019,16,HOMBRE,20-24,16270.0
2019,16,HOMBRE,25-29,17418.0
2019,16,HOMBRE,30-34,16429.0
2019,16,HOMBRE,35-39,15377.0
2019,16,HOMBRE,40-44,15381.0
2019,16,HOMBRE,45-49,17275.0
2019,16,HOMBRE,5-9,16850.0
2019,16,HOMBRE,50-54,17786.0
2019,16,HOMBRE,55-59,16334.0
2019,16,HOMBRE,60-64,14114.0
2019,16,HOMBRE,65-69,11451.0
2019,16,HOMBRE,70-74,8719.0
2019,16,HOMBRE,75-79,6072.0
2019,16,HOMBRE,80+,6873.0
2019,16,MUJER,0-4,14120.0
2019,16,MUJER,10-14,16538.0
2019,16,MUJER,15-19,16655.0
2019,16,MUJER,20-24,17302.0
2019,16,MUJER,25-29,18731.0
2019,16,MUJER,30-34,17933.0
2019,16,MUJER,35-39,16849.0
2019,16,MUJER,40-44,17099.0
2019,16,MUJER,45-49,19231.0
2019,16,MUJER,5-9,15833.0
2019,16,MUJER,50-54,18598.0
2019,16,MUJER,55-59,17045.0
2019,16,MUJER,60-64,15086.0
2019,16,MUJER,65-69,12396.0
2019,16,MUJER,70-74,9681.0
2019,16,MUJER,75-79,7585.0
2019,16,MUJER,80+,10862.0
2020,1,HOMBRE,0-4,14636.0
2020,1,HOMBRE,10-14,14275.0
2020,1,HOMBRE,15-19,13500.0
2020,1,HOMBRE,20-24,15866.0
2020,1,HOMBRE,25-29,18640.0
2020,1,HOMBRE,30-34,17729.0
2020,1,HOMBRE,35-39,15534.0
2020,1,HOMBRE,40-44,13777.0
2020,1,HOMBRE,45-49,12007.0
2020,1,HOMBRE,5-9,15594.0
2020,1,HOMBRE,50-54,10126.0
2020,1,HOMBRE,55-59,9365.0
2020,1,HOMBRE,60-64,7711.0
2020,1,HOMBRE,65-69,6052.0
2020,1,HOMBRE,70-74,3692.0
2020,1,HOMBRE,75-79,2217.0
2020,1,HOMBRE,80+,2424.0
2020,1,MUJER,0-4,14030.0
2020,1,MUJER,10-14,13846.0
2020,1,MUJER,15-19,12788.0
2020,1,MUJER,20-24,15144.0
2020,1,MUJER,25-29,18078.0
2020,1,MUJER,30-34,16841.0
2020,1,MUJER,35-39,14986.0
2020,1,MUJER,40-44,12976.0
2020,1,MUJER,45-49,11598.0
2020,1,MUJER,5-9,15030.0
2020,1,MUJER,50-54,10039.0
2020,1,MUJER,55-59,9326.0
2020,1,MUJER,60-64,7863.0
2020,1,MUJER,65-69,6380.0
2020,1,MUJER,70-74,4199.0
2020,1,MUJER,75-79,2777.0
2020,1,MUJER,80+,3727.0
2020,2,HOMBRE,0-4,24114.0
2020,2,HOMBRE,10-14,25058.0
2020,2,HOMBRE,15-19,24379.0
2020,2,HOMBRE,20-24,29399.0
2020,2,HOMBRE,25-29,34078.0
2020,2,HOMBRE,30-34,31909.0
2020,2,HOMBRE,35-39,28250.0
2020,2,HOMBRE,40-44,26053.0
2020,2,HOMBRE,45-49,23754.0
2020,2,HOMBRE,5-9,25761.0
2020,2,HOMBRE,50-54,19463.0
2020,2,HOMBRE,55-59,17692.0
2020,2,HOMBRE,60-64,14304.0
2020,2,HOMBRE,65-69,10893.0
2020,2,HOMBRE,70-74,6104.0
2020,2,HOMBRE,75-79,3429.0
2020,2,HOMBRE,80+,3570.0
2020,2,MUJER,0-4,23004.0
2020,2,MUJER,10-14,23800.0
2020,2,MUJER,15-19,23003.0
2020,2,MUJER,20-24,28758.0
2020,2,MUJER,25-29,33238.0
2020,2,MUJER,30-34,30825.0
2020,2,MUJER,35-39,27133.0
2020,2,MUJER,40-44,25173.0
2020,2,MUJER,45-49,22860.0
2020,2,MUJER,5-9,24443.0
2020,2,MUJER,50-54,18667.0
2020,2,MUJER,55-59,17532.0
2020,2,MUJER,60-64,14465.0
2020,2,MUJER,65-69,11517.0
2020,2,MUJER,70-74,7315.0
2020,2,MUJER,75-79,4905.0
2020,2,MUJER,80+,7006.0
2020,3,HOMBRE,0-4,10893.0
2020,3,HOMBRE,10-14,12350.0
2020,3,HOMBRE,15-19,10711.0
2020,3,HOMBRE,20-24,11003.0
2020,3,HOMBRE,25-29,13001.0
2020,3,HOMBRE,30-34,13281.0
2020,3,HOMBRE,35-39,11649.0
2020,3,HOMBRE,40-44,10846.0
2020,3,HOMBRE,45-49,10120.0
2020,3,HOMBRE,5-9,12759.0
2020,3,HOMBRE,50-54,9853.0
2020,3,HOMBRE,55-59,9243.0
2020,3,HOMBRE,60-64,7804.0
2020,3,HOMBRE,65-69,6083.0
2020,3,HOMBRE,70-74,3904.0
2020,3,HOMBRE,75-79,2570.0
2020,3,HOMBRE,80+,2869.0
2020,3,MUJER,0-4,10478.0
2020,3,MUJER,10-14,11845.0
2020,3,MUJER,15-19,9903.0
2020,3,MUJER,20-24,10347.0
2020,3,MUJER,25-29,12557.0
2020,3,MUJER,30-34,12690.0
2020,3,MUJER,35-39,11021.0
2020,3,MUJER,40-44,9966.0
2020,3,MUJER,45-49,9417.0
2020,3,MUJER,5-9,12315.0
2020,3,MUJER,50-54,9565.0
2020,3,MUJER,55-59,9308.0
2020,3,MUJER,60-64,7947.0
2020,3,MUJER,65-69,6384.0
2020,3,MUJER,70-74,4367.0
2020,3,MUJER,75-79,3151.0
2020,3,MUJER,80+,4509.0
2020,4,HOMBRE,0-4,26177.0
2020,4,HOMBRE,10-14,29401.0
2020,4,HOMBRE,15-19,28455.0
2020,4,HOMBRE,20-24,30199.0
2020,4,HOMBRE,25-29,32859.0
2020,4,HOMBRE,30-34,31473.0
2020,4,HOMBRE,35-39,28363.0
2020,4,HOMBRE,40-44,27474.0
2020,4,HOMBRE,45-49,26573.0
2020,4,HOMBRE,5-9,31233.0
2020,4,HOMBRE,50-54,25941.0
2020,4,HOMBRE,55-59,23429.0
2020,4,HOMBRE,60-64,20448.0
2020,4,HOMBRE,65-69,16657.0
2020,4,HOMBRE,70-74,12038.0
2020,4,HOMBRE,75-79,8566.0
2020,4,HOMBRE,80+,10328.0
2020,4,MUJER,0-4,25204.0
2020,4,MUJER,10-14,28559.0
2020,4,MUJER,15-19,27684.0
2020,4,MUJER,20-24,29623.0
2020,4,MUJER,25-29,32458.0
2020,4,MUJER,30-34,32114.0
2020,4,MUJER,35-39,29465.0
2020,4,MUJER,40-44,28740.0
2020,4,MUJER,45-49,27983.0
2020,4,MUJER,5-9,30222.0
2020,4,MUJER,50-54,27490.0
2020,4,MUJER,55-59,25144.0
2020,4,MUJER,60-64,22108.0
2020,4,MUJER,65-69,18623.0
2020,4,MUJER,70-74,14205.0
2020,4,MUJER,75-79,10926.0
2020,4,MUJER,80+,15934.0
2020,5,HOMBRE,0-4,56836.0
2020,5,HOMBRE,10-14,63137.0
2020,5,HOMBRE,15-19,65593.0
2020,5,HOMBRE,20-24,75817.0
2020,5,HOMBRE,25-29,79584.0
2020,5,HOMBRE,30-34,72634.0
2020,5,HOMBRE,35-39,68808.0
2020,5,HOMBRE,40-44,62579.0
2020,5,HOMBRE,45-49,59154.0
2020,5,HOMBRE,5-9,63767.0
2020,5,HOMBRE,50-54,59042.0
2020,5,HOMBRE,55-59,57788.0
2020,5,HOMBRE,60-64,51729.0
2020,5,HOMBRE,65-69,42732.0
2020,5,HOMBRE,70-74,31889.0
2020,5,HOMBRE,75-79,22406.0
2020,5,HOMBRE,80+,25177.0
2020,5,MUJER,0-4,54461.0
2020,5,MUJER,10-14,60927.0
2020,5,MUJER,15-19,63206.0
2020,5,MUJER,20-24,71372.0
2020,5,MUJER,25-29,76141.0
2020,5,MUJER,30-34,71226.0
2020,5,MUJER,35-39,67969.0
2020,5,MUJER,40-44,64304.0
2020,5,MUJER,45-49,61521.0
2020,5,MUJER,5-9,61266.0
2020,5,MUJER,50-54,63126.0
2020,5,MUJER,55-59,63885.0
2020,5,MUJER,60-64,58358.0
2020,5,MUJER,65-69,49445.0
2020,5,MUJER,70-74,38673.0
2020,5,MUJER,75-79,30232.0
2020,5,MUJER,80+,45386.0
2020,6,HOMBRE,0-4,30382.0
2020,6,HOMBRE,10-14,34862.0
2020,6,HOMBRE,15-19,32209.0
2020,6,HOMBRE,20-24,30703.0
2020,6,HOMBRE,25-29,36729.0
2020,6,HOMBRE,30-34,37428.0
2020,6,HOMBRE,35-39,35767.0
2020,6,HOMBRE,40-44,36057.0
2020,6,HOMBRE,45-49,34063.0
2020,6,HOMBRE,5-9,34083.0
2020,6,HOMBRE,50-54,33989.0
2020,6,HOMBRE,55-59,31764.0
2020,6,HOMBRE,60-64,27247.0
2020,6,HOMBRE,65-69,21833.0
2020,6,HOMBRE,70-74,15826.0
2020,6,HOMBRE,75-79,10674.0
2020,6,HOMBRE,80+,12058.0
2020,6,MUJER,0-4,29171.0
2020,6,MUJER,10-14,33361.0
2020,6,MUJER,15-19,30753.0
2020,6,MUJER,20-24,29063.0
2020,6,MUJER,25-29,35197.0
2020,6,MUJER,30-34,37150.0
2020,6,MUJER,35-39,34801.0
2020,6,MUJER,40-44,35241.0
2020,6,MUJER,45-49,33664.0
2020,6,MUJER,5-9,32711.0
2020,6,MUJER,50-54,33581.0
2020,6,MUJER,55-59,31808.0
2020,6,MUJER,60-64,27906.0
2020,6,MUJER,65-69,23379.0
2020,6,MUJER,70-74,17354.0
2020,6,MUJER,75-79,12472.0
2020,6,MUJER,80+,17777.0
2020,7,HOMBRE,0-4,35161.0
2020,7,HOMBRE,10-14,39028.0
2020,7,HOMBRE,15-19,37861.0
2020,7,HOMBRE,20-24,37546.0
2020,7,HOMBRE,25-29,41207.0
2020,7,HOMBRE,30-34,40115.0
2020,7,HOMBRE,35-39,37989.0
2020,7,HOMBRE,40-44,38719.0
2020,7,HOMBRE,45-49,36878.0
2020,7,HOMBRE,5-9,38490.0
2020,7,HOMBRE,50-54,37347.0
2020,7,HOMBRE,55-59,35641.0
2020,7,HOMBRE,60-64,30508.0
2020,7,HOMBRE,65-69,25713.0
2020,7,HOMBRE,70-74,18198.0
2020,7,HOMBRE,75-79,12257.0
2020,7,HOMBRE,80+,13442.0
2020,7,MUJER,0-4,33920.0
2020,7,MUJER,10-14,37386.0
2020,7,MUJER,15-19,36560.0
2020,7,MUJER,20-24,37785.0
2020,7,MUJER,25-29,42007.0
2020,7,MUJER,30-34,41700.0
2020,7,MUJER,35-39,39268.0
2020,7,MUJER,40-44,39940.0
2020,7,MUJER,45-49,38142.0
2020,7,MUJER,5-9,37049.0
2020,7,MUJER,50-54,38819.0
2020,7,MUJER,55-59,36755.0
2020,7,MUJER,60-64,32052.0
2020,7,MUJER,65-69,28145.0
2020,7,MUJER,70-74,20519.0
2020,7,MUJER,75-79,15020.0
2020,7,MUJER,80+,20772.0
2020,8,HOMBRE,0-4,49252.0
2020,8,HOMBRE,10-14,56446.0
2020,8,HOMBRE,15-19,57268.0
2020,8,HOMBRE,20-24,62049.0
2020,8,HOMBRE,25-29,65240.0
2020,8,HOMBRE,30-34,59491.0
2020,8,HOMBRE,35-39,54544.0
2020,8,HOMBRE,40-44,54158.0
2020,8,HOMBRE,45-49,55232.0
2020,8,HOMBRE,5-9,55933.0
2020,8,HOMBRE,50-54,55459.0
2020,8,HOMBRE,55-59,50484.0
2020,8,HOMBRE,60-64,42317.0
2020,8,HOMBRE,65-69,33899.0
2020,8,HOMBRE,70-74,24312.0
2020,8,HOMBRE,75-79,16423.0
2020,8,HOMBRE,80+,18070.0
2020,8,MUJER,0-4,47424.0
2020,8,MUJER,10-14,54267.0
2020,8,MUJER,15-19,55839.0
2020,8,MUJER,20-24,61581.0
2020,8,MUJER,25-29,65522.0
2020,8,MUJER,30-34,60891.0
2020,8,MUJER,35-39,57904.0
2020,8,MUJER,40-44,57130.0
2020,8,MUJER,45-49,57963.0
2020,8,MUJER,5-9,53784.0
2020,8,MUJER,50-54,58310.0
2020,8,MUJER,55-59,53772.0
2020,8,MUJER,60-64,47000.0
2020,8,MUJER,65-69,39713.0
2020,8,MUJER,70-74,29133.0
2020,8,MUJER,75-79,21997.0
2020,8,MUJER,80+,30889.0
2020,9,HOMBRE,0-4,31635.0
2020,9,HOMBRE,10-14,36106.0
2020,9,HOMBRE,15-19,34835.0
2020,9,HOMBRE,20-24,35507.0
2020,9,HOMBRE,25-29,37137.0
2020,9,HOMBRE,30-34,34768.0
2020,9,HOMBRE,35-39,33661.0
2020,9,HOMBRE,40-44,33401.0
2020,9,HOMBRE,45-49,32879.0
2020,9,HOMBRE,5-9,35412.0
2020,9,HOMBRE,50-54,32858.0
2020,9,HOMBRE,55-59,30162.0
2020,9,HOMBRE,60-64,26276.0
2020,9,HOMBRE,65-69,21328.0
2020,9,HOMBRE,70-74,15505.0
2020,9,HOMBRE,75-79,11180.0
2020,9,HOMBRE,80+,13085.0
2020,9,MUJER,0-4,30513.0
2020,9,MUJER,10-14,34788.0
2020,9,MUJER,15-19,34037.0
2020,9,MUJER,20-24,36191.0
2020,9,MUJER,25-29,38801.0
2020,9,MUJER,30-34,36775.0
2020,9,MUJER,35-39,35711.0
2020,9,MUJER,40-44,34984.0
2020,9,MUJER,45-49,33718.0
2020,9,MUJER,5-9,34138.0
2020,9,MUJER,50-54,33603.0
2020,9,MUJER,55-59,30932.0
2020,9,MUJER,60-64,27436.0
2020,9,MUJER,65-69,23525.0
2020,9,MUJER,70-74,17903.0
2020,9,MUJER,75-79,14190.0
2020,9,MUJER,80+,21363.0
2020,10,HOMBRE,0-4,27091.0
2020,10,HOMBRE,10-14,32073.0
2020,10,HOMBRE,15-19,30166.0
2020,10,HOMBRE,20-24,29285.0
2020,10,HOMBRE,25-29,33340.0
2020,10,HOMBRE,30-34,33833.0
2020,10,HOMBRE,35-39,32631.0
2020,10,HOMBRE,40-44,32878.0
2020,10,HOMBRE,45-49,32744.0
2020,10,HOMBRE,5-9,29845.0
2020,10,HOMBRE,50-54,31548.0
2020,10,HOMBRE,55-59,27726.0
2020,10,HOMBRE,60-64,22075.0
2020,10,HOMBRE,65-69,17881.0
2020,10,HOMBRE,70-74,12306.0
2020,10,HOMBRE,75-79,8558.0
2020,10,HOMBRE,80+,9637.0
2020,10,MUJER,0-4,26032.0
2020,10,MUJER,10-14,31062.0
2020,10,MUJER,15-19,29686.0
2020,10,MUJER,20-24,29124.0
2020,10,MUJER,25-29,33505.0
2020,10,MUJER,30-34,33784.0
2020,10,MUJER,35-39,32339.0
2020,10,MUJER,40-44,32633.0
2020,10,MUJER,45-49,31456.0
2020,10,MUJER,5-9,28651.0
2020,10,MUJER,50-54,29996.0
2020,10,MUJER,55-59,26864.0
2020,10,MUJER,60-64,22643.0
2020,10,MUJER,65-69,19218.0
2020,10,MUJER,70-74,14073.0
2020,10,MUJER,75-79,10869.0
2020,10,MUJER,80+,15888.0
2020,11,HOMBRE,0-4,3531.0
2020,11,HOMBRE,10-14,4336.0
2020,11,HOMBRE,15-19,3836.0
2020,11,HOMBRE,20-24,2933.0
2020,11,HOMBRE,25-29,3938.0
2020,11,HOMBRE,30-34,4581.0
2020,11,HOMBRE,35-39,4198.0
2020,11,HOMBRE,40-44,4170.0
2020,11,HOMBRE,45-49,3872.0
2020,11,HOMBRE,5-9,4084.0
2020,11,HOMBRE,50-54,3527.0
2020,11,HOMBRE,55-59,3237.0
2020,11,HOMBRE,60-64,2667.0
2020,11,HOMBRE,65-69,2038.0
2020,11,HOMBRE,70-74,1364.0
2020,11,HOMBRE,75-79,934.0
2020,11,HOMBRE,80+,1030.0
2020,11,MUJER,0-4,3406.0
2020,11,MUJER,10-14,4052.0
2020,11,MUJER,15-19,3311.0
2020,11,MUJER,20-24,2706.0
2020,11,MUJER,25-29,4091.0
2020,11,MUJER,30-34,4728.0
2020,11,MUJER,35-39,4263.0
2020,11,MUJER,40-44,4007.0
2020,11,MUJER,45-49,3689.0
2020,11,MUJER,5-9,3937.0
2020,11,MUJER,50-54,3250.0
2020,11,MUJER,55-59,2976.0
2020,11,MUJER,60-64,2628.0
2020,11,MUJER,65-69,2135.0
2020,11,MUJER,70-74,1338.0
2020,11,MUJER,75-79,964.0
2020,11,MUJER,80+,1540.0
2020,12,HOMBRE,0-4,5049.0
2020,12,HOMBRE,10-14,5875.0
2020,12,HOMBRE,15-19,6186.0
2020,12,HOMBRE,20-24,6584.0
2020,12,HOMBRE,25-29,7519.0
2020,12,HOMBRE,30-34,7758.0
2020,12,HOMBRE,35-39,6986.0
2020,12,HOMBRE,40-44,6680.0
2020,12,HOMBRE,45-49,5810.0
2020,12,HOMBRE,5-9,5589.0
2020,12,HOMBRE,50-54,5512.0
2020,12,HOMBRE,55-59,5524.0
2020,12,HOMBRE,60-64,5172.0
2020,12,HOMBRE,65-69,4102.0
2020,12,HOMBRE,70-74,2663.0
2020,12,HOMBRE,75-79,1731.0
2020,12,HOMBRE,80+,1935.0
2020,12,MUJER,0-4,4880.0
2020,12,MUJER,10-14,5581.0
2020,12,MUJER,15-19,5241.0
2020,12,MUJER,20-24,5726.0
2020,12,MUJER,25-29,7035.0
2020,12,MUJER,30-34,7417.0
2020,12,MUJER,35-39,6849.0
2020,12,MUJER,40-44,6320.0
2020,12,MUJER,45-49,5558.0
2020,12,MUJER,5-9,5410.0
2020,12,MUJER,50-54,5471.0
2020,12,MUJER,55-59,5540.0
2020,12,MUJER,60-64,4966.0
2020,12,MUJER,65-69,3911.0
2020,12,MUJER,70-74,2699.0
2020,12,MUJER,75-79,2059.0
2020,12,MUJER,80+,3024.0
2020,13,HOMBRE,0-4,257492.0
2020,13,HOMBRE,10-14,249664.0
2020,13,HOMBRE,15-19,254842.0
2020,13,HOMBRE,20-24,324627.0
2020,13,HOMBRE,25-29,390544.0
2020,13,HOMBRE,30-34,383412.0
2020,13,HOMBRE,35-39,329251.0
2020,13,HOMBRE,40-44,292158.0
2020,13,HOMBRE,45-49,259443.0
2020,13,HOMBRE,5-9,260711.0
2020,13,HOMBRE,50-54,237416.0
2020,13,HOMBRE,55-59,216063.0
2020,13,HOMBRE,60-64,181942.0
2020,13,HOMBRE,65-69,144347.0
2020,13,HOMBRE,70-74,97624.0
2020,13,HOMBRE,75-79,62525.0
2020,13,HOMBRE,80+,68355.0
2020,13,MUJER,0-4,248384.0
2020,13,MUJER,10-14,243167.0
2020,13,MUJER,15-19,249017.0
2020,13,MUJER,20-24,311588.0
2020,13,MUJER,25-29,368763.0
2020,13,MUJER,30-34,356568.0
2020,13,MUJER,35-39,308336.0
2020,13,MUJER,40-44,282350.0
2020,13,MUJER,45-49,262160.0
2020,13,MUJER,5-9,252752.0
2020,13,MUJER,50-54,251248.0
2020,13,MUJER,55-59,238774.0
2020,13,MUJER,60-64,210103.0
2020,13,MUJER,65-69,175344.0
2020,13,MUJER,70-74,126043.0
2020,13,MUJER,75-79,91357.0
2020,13,MUJER,80+,138702.0
2020,14,HOMBRE,0-4,11631.0
2020,14,HOMBRE,10-14,13977.0
2020,14,HOMBRE,15-19,14014.0
2020,14,HOMBRE,20-24,14678.0
2020,14,HOMBRE,25-29,15563.0
2020,14,HOMBRE,30-34,14288.0
2020,14,HOMBRE,35-39,12873.0
2020,14,HOMBRE,40-44,12725.0
2020,14,HOMBRE,45-49,13292.0
2020,14,HOMBRE,5-9,13354.0
2020,14,HOMBRE,50-54,14065.0
2020,14,HOMBRE,55-59,13499.0
2020,14,HOMBRE,60-64,10715.0
2020,14,HOMBRE,65-69,8745.0
2020,14,HOMBRE,70-74,6201.0
2020,14,HOMBRE,75-79,4372.0
2020,14,HOMBRE,80+,4923.0
2020,14,MUJER,0-4,11251.0
2020,14,MUJER,10-14,13524.0
2020,14,MUJER,15-19,13612.0
2020,14,MUJER,20-24,14744.0
2020,14,MUJER,25-29,16014.0
2020,14,MUJER,30-34,15094.0
2020,14,MUJER,35-39,13727.0
2020,14,MUJER,40-44,12810.0
2020,14,MUJER,45-49,13363.0
2020,14,MUJER,5-9,12945.0
2020,14,MUJER,50-54,14057.0
2020,14,MUJER,55-59,13382.0
2020,14,MUJER,60-64,11138.0
2020,14,MUJER,65-69,9751.0
2020,14,MUJER,70-74,7336.0
2020,14,MUJER,75-79,5682.0
2020,14,MUJER,80+,8490.0
2020,15,HOMBRE,0-4,8248.0
2020,15,HOMBRE,10-14,9121.0
2020,15,HOMBRE,15-19,9697.0
2020,15,HOMBRE,20-24,10865.0
2020,15,HOMBRE,25-29,10876.0
2020,15,HOMBRE,30-34,10587.0
2020,15,HOMBRE,35-39,9423.0
2020,15,HOMBRE,40-44,8365.0
2020,15,HOMBRE,45-49,8226.0
2020,15,HOMBRE,5-9,9509.0
2020,15,HOMBRE,50-54,7139.0
2020,15,HOMBRE,55-59,6465.0
2020,15,HOMBRE,60-64,5557.0
2020,15,HOMBRE,65-69,4756.0
2020,15,HOMBRE,70-74,3302.0
2020,15,HOMBRE,75-79,2214.0
2020,15,HOMBRE,80+,2394.0
2020,15,MUJER,0-4,7892.0
2020,15,MUJER,10-14,8634.0
2020,15,MUJER,15-19,8450.0
2020,15,MUJER,20-24,9390.0
2020,15,MUJER,25-29,9792.0
2020,15,MUJER,30-34,9737.0
2020,15,MUJER,35-39,9033.0
2020,15,MUJER,40-44,8167.0
2020,15,MUJER,45-49,8079.0
2020,15,MUJER,5-9,9140.0
2020,15,MUJER,50-54,7352.0
2020,15,MUJER,55-59,7189.0
2020,15,MUJER,60-64,6175.0
2020,15,MUJER,65-69,5350.0
2020,15,MUJER,70-74,4035.0
2020,15,MUJER,75-79,3012.0
2020,15,MUJER,80+,3939.0
2020,16,HOMBRE,0-4,14400.0
2020,16,HOMBRE,10-14,18141.0
2020,16,HOMBRE,15-19,17076.0
2020,16,HOMBRE,20-24,15949.0
2020,16,HOMBRE,25-29,17100.0
2020,16,HOMBRE,30-34,16942.0
2020,16,HOMBRE,35-39,15427.0
2020,16,HOMBRE,40-44,15248.0
2020,16,HOMBRE,45-49,17106.0
2020,16,HOMBRE,5-9,16740.0
2020,16,HOMBRE,50-54,17752.0
2020,16,HOMBRE,55-59,16780.0
2020,16,HOMBRE,60-64,14560.0
2020,16,HOMBRE,65-69,11862.0
2020,16,HOMBRE,70-74,9147.0
2020,16,HOMBRE,75-79,6340.0
2020,16,HOMBRE,80+,7222.0
2020,16,MUJER,0-4,13804.0
2020,16,MUJER,10-14,16620.0
2020,16,MUJER,15-19,16344.0
2020,16,MUJER,20-24,17029.0
2020,16,MUJER,25-29,18593.0
2020,16,MUJER,30-34,18442.0
2020,16,MUJER,35-39,17081.0
2020,16,MUJER,40-44,16978.0
2020,16,MUJER,45-49,19189.0
2020,16,MUJER,5-9,15730.0
2020,16,MUJER,50-54,18814.0
2020,16,MUJER,55-59,17427.0
2020,16,MUJER,60-64,15574.0
2020,16,MUJER,65-69,12867.0
2020,16,MUJER,70-74,10122.0
2020,16,MUJER,75-79,7776.0
2020,16,MUJER,80+,11369.0
2021,1,HOMBRE,0-4,14695.0
2021,1,HOMBRE,10-14,14855.0
2021,1,HOMBRE,15-19,13567.0
2021,1,HOMBRE,20-24,15683.0
2021,1,HOMBRE,25-29,18901.0
2021,1,HOMBRE,30-34,18616.0
2021,1,HOMBRE,35-39,15927.0
2021,1,HOMBRE,40-44,14191.0
2021,1,HOMBRE,45-49,12355.0
2021,1,HOMBRE,5-9,15629.0
2021,1,HOMBRE,50-54,10322.0
2021,1,HOMBRE,55-59,9490.0
2021,1,HOMBRE,60-64,7836.0
2021,1,HOMBRE,65-69,6388.0
2021,1,HOMBRE,70-74,3953.0
2021,1,HOMBRE,75-79,2345.0
2021,1,HOMBRE,80+,2524.0
2021,1,MUJER,0-4,14080.0
2021,1,MUJER,10-14,14394.0
2021,1,MUJER,15-19,12877.0
2021,1,MUJER,20-24,14963.0
2021,1,MUJER,25-29,18395.0
2021,1,MUJER,30-34,17647.0
2021,1,MUJER,35-39,15389.0
2021,1,MUJER,40-44,13425.0
2021,1,MUJER,45-49,11920.0
2021,1,MUJER,5-9,15050.0
2021,1,MUJER,50-54,10261.0
2021,1,MUJER,55-59,9472.0
2021,1,MUJER,60-64,8034.0
2021,1,MUJER,65-69,6721.0
2021,1,MUJER,70-74,4480.0
2021,1,MUJER,75-79,2928.0
2021,1,MUJER,80+,3852.0
2021,2,HOMBRE,0-4,24067.0
2021,2,HOMBRE,10-14,25697.0
2021,2,HOMBRE,15-19,24344.0
2021,2,HOMBRE,20-24,29017.0
2021,2,HOMBRE,25-29,34426.0
2021,2,HOMBRE,30-34,33258.0
2021,2,HOMBRE,35-39,28970.0
2021,2,HOMBRE,40-44,26477.0
2021,2,HOMBRE,45-49,24522.0
2021,2,HOMBRE,5-9,25681.0
2021,2,HOMBRE,50-54,20015.0
2021,2,HOMBRE,55-59,17851.0
2021,2,HOMBRE,60-64,14605.0
2021,2,HOMBRE,65-69,11350.0
2021,2,HOMBRE,70-74,6610.0
2021,2,HOMBRE,75-79,3547.0
2021,2,HOMBRE,80+,3620.0
2021,2,MUJER,0-4,22952.0
2021,2,MUJER,10-14,24322.0
2021,2,MUJER,15-19,22839.0
2021,2,MUJER,20-24,28277.0
2021,2,MUJER,25-29,33642.0
2021,2,MUJER,30-34,32309.0
2021,2,MUJER,35-39,27969.0
2021,2,MUJER,40-44,25646.0
2021,2,MUJER,45-49,23739.0
2021,2,MUJER,5-9,24295.0
2021,2,MUJER,50-54,19233.0
2021,2,MUJER,55-59,17634.0
2021,2,MUJER,60-64,14826.0
2021,2,MUJER,65-69,11953.0
2021,2,MUJER,70-74,7846.0
2021,2,MUJER,75-79,5050.0
2021,2,MUJER,80+,7157.0
2021,3,HOMBRE,0-4,10630.0
2021,3,HOMBRE,10-14,12750.0
2021,3,HOMBRE,15-19,10542.0
2021,3,HOMBRE,20-24,10869.0
2021,3,HOMBRE,25-29,12722.0
2021,3,HOMBRE,30-34,13689.0
2021,3,HOMBRE,35-39,11854.0
2021,3,HOMBRE,40-44,10923.0
2021,3,HOMBRE,45-49,10200.0
2021,3,HOMBRE,5-9,12480.0
2021,3,HOMBRE,50-54,9818.0
2021,3,HOMBRE,55-59,9351.0
2021,3,HOMBRE,60-64,7971.0
2021,3,HOMBRE,65-69,6372.0
2021,3,HOMBRE,70-74,4137.0
2021,3,HOMBRE,75-79,2646.0
2021,3,HOMBRE,80+,2943.0
2021,3,MUJER,0-4,10220.0
2021,3,MUJER,10-14,12228.0
2021,3,MUJER,15-19,9745.0
2021,3,MUJER,20-24,10179.0
2021,3,MUJER,25-29,12316.0
2021,3,MUJER,30-34,13085.0
2021,3,MUJER,35-39,11255.0
2021,3,MUJER,40-44,10085.0
2021,3,MUJER,45-49,9453.0
2021,3,MUJER,5-9,12038.0
2021,3,MUJER,50-54,9463.0
2021,3,MUJER,55-59,9398.0
2021,3,MUJER,60-64,8156.0
2021,3,MUJER,65-69,6665.0
2021,3,MUJER,70-74,4624.0
2021,3,MUJER,75-79,3277.0
2021,3,MUJER,80+,4653.0
2021,4,HOMBRE,0-4,25714.0
2021,4,HOMBRE,10-14,30310.0
2021,4,HOMBRE,15-19,28198.0
2021,4,HOMBRE,20-24,29982.0
2021,4,HOMBRE,25-29,32666.0
2021,4,HOMBRE,30-34,32704.0
2021,4,HOMBRE,35-39,28750.0
2021,4,HOMBRE,40-44,27910.0
2021,4,HOMBRE,45-49,26984.0
2021,4,HOMBRE,5-9,31050.0
2021,4,HOMBRE,50-54,26049.0
2021,4,HOMBRE,55-59,24200.0
2021,4,HOMBRE,60-64,20881.0
2021,4,HOMBRE,65-69,17540.0
2021,4,HOMBRE,70-74,12698.0
2021,4,HOMBRE,75-79,8879.0
2021,4,HOMBRE,80+,10846.0
2021,4,MUJER,0-4,24763.0
2021,4,MUJER,10-14,29433.0
2021,4,MUJER,15-19,27409.0
2021,4,MUJER,20-24,29397.0
2021,4,MUJER,25-29,32222.0
2021,4,MUJER,30-34,33232.0
2021,4,MUJER,35-39,30006.0
2021,4,MUJER,40-44,29139.0
2021,4,MUJER,45-49,28441.0
2021,4,MUJER,5-9,30032.0
2021,4,MUJER,50-54,27566.0
2021,4,MUJER,55-59,25992.0
2021,4,MUJER,60-64,22660.0
2021,4,MUJER,65-69,19506.0
2021,4,MUJER,70-74,14928.0
2021,4,MUJER,75-79,11295.0
2021,4,MUJER,80+,16697.0
2021,5,HOMBRE,0-4,55721.0
2021,5,HOMBRE,10-14,64039.0
2021,5,HOMBRE,15-19,64606.0
2021,5,HOMBRE,20-24,74802.0
2021,5,HOMBRE,25-29,78985.0
2021,5,HOMBRE,30-34,74634.0
2021,5,HOMBRE,35-39,69334.0
2021,5,HOMBRE,40-44,63725.0
2021,5,HOMBRE,45-49,60231.0
2021,5,HOMBRE,5-9,63828.0
2021,5,HOMBRE,50-54,58634.0
2021,5,HOMBRE,55-59,58598.0
2021,5,HOMBRE,60-64,53001.0
2021,5,HOMBRE,65-69,44408.0
2021,5,HOMBRE,70-74,33403.0
2021,5,HOMBRE,75-79,23576.0
2021,5,HOMBRE,80+,26483.0
2021,5,MUJER,0-4,53399.0
2021,5,MUJER,10-14,61835.0
2021,5,MUJER,15-19,62404.0
2021,5,MUJER,20-24,70369.0
2021,5,MUJER,25-29,75349.0
2021,5,MUJER,30-34,73532.0
2021,5,MUJER,35-39,68475.0
2021,5,MUJER,40-44,65233.0
2021,5,MUJER,45-49,62526.0
2021,5,MUJER,5-9,61281.0
2021,5,MUJER,50-54,62409.0
2021,5,MUJER,55-59,64557.0
2021,5,MUJER,60-64,59865.0
2021,5,MUJER,65-69,51286.0
2021,5,MUJER,70-74,40295.0
2021,5,MUJER,75-79,31443.0
2021,5,MUJER,80+,47107.0
2021,6,HOMBRE,0-4,29775.0
2021,6,HOMBRE,10-14,35418.0
2021,6,HOMBRE,15-19,31566.0
2021,6,HOMBRE,20-24,30207.0
2021,6,HOMBRE,25-29,36007.0
2021,6,HOMBRE,30-34,38943.0
2021,6,HOMBRE,35-39,35633.0
2021,6,HOMBRE,40-44,36186.0
2021,6,HOMBRE,45-49,34864.0
2021,6,HOMBRE,5-9,34006.0
2021,6,HOMBRE,50-54,33979.0
2021,6,HOMBRE,55-59,32388.0
2021,6,HOMBRE,60-64,28128.0
2021,6,HOMBRE,65-69,22770.0
2021,6,HOMBRE,70-74,16720.0
2021,6,HOMBRE,75-79,11247.0
2021,6,HOMBRE,80+,12691.0
2021,6,MUJER,0-4,28592.0
2021,6,MUJER,10-14,33889.0
2021,6,MUJER,15-19,30144.0
2021,6,MUJER,20-24,28583.0
2021,6,MUJER,25-29,34452.0
2021,6,MUJER,30-34,38625.0
2021,6,MUJER,35-39,34942.0
2021,6,MUJER,40-44,35227.0
2021,6,MUJER,45-49,34433.0
2021,6,MUJER,5-9,32636.0
2021,6,MUJER,50-54,33467.0
2021,6,MUJER,55-59,32475.0
2021,6,MUJER,60-64,28707.0
2021,6,MUJER,65-69,24308.0
2021,6,MUJER,70-74,18327.0
2021,6,MUJER,75-79,13051.0
2021,6,MUJER,80+,18573.0
2021,7,HOMBRE,0-4,34514.0
2021,7,HOMBRE,10-14,39619.0
2021,7,HOMBRE,15-19,37139.0
2021,7,HOMBRE,20-24,37284.0
2021,7,HOMBRE,25-29,40521.0
2021,7,HOMBRE,30-34,41650.0
2021,7,HOMBRE,35-39,37855.0
2021,7,HOMBRE,40-44,38579.0
2021,7,HOMBRE,45-49,37757.0
2021,7,HOMBRE,5-9,38613.0
2021,7,HOMBRE,50-54,36942.0
2021,7,HOMBRE,55-59,36371.0
2021,7,HOMBRE,60-64,31314.0
2021,7,HOMBRE,65-69,26597.0
2021,7,HOMBRE,70-74,19319.0
2021,7,HOMBRE,75-79,12914.0
2021,7,HOMBRE,80+,14134.0
2021,7,MUJER,0-4,33319.0
2021,7,MUJER,10-14,37969.0
2021,7,MUJER,15-19,35861.0
2021,7,MUJER,20-24,37403.0
2021,7,MUJER,25-29,41181.0
2021,7,MUJER,30-34,43174.0
2021,7,MUJER,35-39,39363.0
2021,7,MUJER,40-44,39941.0
2021,7,MUJER,45-49,39061.0
2021,7,MUJER,5-9,37157.0
2021,7,MUJER,50-54,38535.0
2021,7,MUJER,55-59,37628.0
2021,7,MUJER,60-64,32913.0
2021,7,MUJER,65-69,29101.0
2021,7,MUJER,70-74,21849.0
2021,7,MUJER,75-79,15672.0
2021,7,MUJER,80+,21763.0
2021,8,HOMBRE,0-4,47895.0
2021,8,HOMBRE,10-14,57420.0
2021,8,HOMBRE,15-19,56104.0
2021,8,HOMBRE,20-24,60897.0
2021,8,HOMBRE,25-29,63442.0
2021,8,HOMBRE,30-34,62172.0
2021,8,HOMBRE,35-39,54167.0
2021,8,HOMBRE,40-44,54205.0
2021,8,HOMBRE,45-49,54880.0
2021,8,HOMBRE,5-9,55179.0
2021,8,HOMBRE,50-54,55306.0
2021,8,HOMBRE,55-59,51728.0
2021,8,HOMBRE,60-64,43388.0
2021,8,HOMBRE,65-69,35285.0
2021,8,HOMBRE,70-74,25396.0
2021,8,HOMBRE,75-79,17179.0
2021,8,HOMBRE,80+,18903.0
2021,8,MUJER,0-4,46142.0
2021,8,MUJER,10-14,55179.0
2021,8,MUJER,15-19,54514.0
2021,8,MUJER,20-24,60511.0
2021,8,MUJER,25-29,63783.0
2021,8,MUJER,30-34,63344.0
2021,8,MUJER,35-39,57604.0
2021,8,MUJER,40-44,57374.0
2021,8,MUJER,45-49,57803.0
2021,8,MUJER,5-9,53036.0
2021,8,MUJER,50-54,58186.0
2021,8,MUJER,55-59,54985.0
2021,8,MUJER,60-64,47933.0
2021,8,MUJER,65-69,41225.0
2021,8,MUJER,70-74,30495.0
2021,8,MUJER,75-79,22768.0
2021,8,MUJER,80+,32162.0
2021,9,HOMBRE,0-4,30973.0
2021,9,HOMBRE,10-14,36451.0
2021,9,HOMBRE,15-19,34106.0
2021,9,HOMBRE,20-24,34798.0
2021,9,HOMBRE,25-29,36593.0
2021,9,HOMBRE,30-34,35733.0
2021,9,HOMBRE,35-39,33400.0
2021,9,HOMBRE,40-44,33398.0
2021,9,HOMBRE,45-49,33213.0
2021,9,HOMBRE,5-9,35190.0
2021,9,HOMBRE,50-54,32760.0
2021,9,HOMBRE,55-59,30885.0
2021,9,HOMBRE,60-64,26807.0
2021,9,HOMBRE,65-69,22207.0
2021,9,HOMBRE,70-74,16205.0
2021,9,HOMBRE,75-79,11657.0
2021,9,HOMBRE,80+,13672.0
2021,9,MUJER,0-4,29873.0
2021,9,MUJER,10-14,35112.0
2021,9,MUJER,15-19,33362.0
2021,9,MUJER,20-24,35387.0
2021,9,MUJER,25-29,38277.0
2021,9,MUJER,30-34,37790.0
2021,9,MUJER,35-39,35638.0
2021,9,MUJER,40-44,35024.0
2021,9,MUJER,45-49,34245.0
2021,9,MUJER,5-9,33930.0
2021,9,MUJER,50-54,33498.0
2021,9,MUJER,55-59,31713.0
2021,9,MUJER,60-64,27922.0
2021,9,MUJER,65-69,24289.0
2021,9,MUJER,70-74,18666.0
2021,9,MUJER,75-79,14631.0
2021,9,MUJER,80+,22143.0
2021,10,HOMBRE,0-4,26542.0
2021,10,HOMBRE,10-14,32204.0
2021,10,HOMBRE,15-19,29737.0
2021,10,HOMBRE,20-24,28912.0
2021,10,HOMBRE,25-29,32383.0
2021,10,HOMBRE,30-34,34879.0
2021,10,HOMBRE,35-39,32753.0
2021,10,HOMBRE,40-44,32705.0
2021,10,HOMBRE,45-49,33111.0
2021,10,HOMBRE,5-9,29307.0
2021,10,HOMBRE,50-54,31578.0
2021,10,HOMBRE,55-59,28868.0
2021,10,HOMBRE,60-64,22725.0
2021,10,HOMBRE,65-69,18688.0
2021,10,HOMBRE,70-74,13047.0
2021,10,HOMBRE,75-79,8843.0
2021,10,HOMBRE,80+,10136.0
2021,10,MUJER,0-4,25506.0
2021,10,MUJER,10-14,31168.0
2021,10,MUJER,15-19,29311.0
2021,10,MUJER,20-24,28820.0
2021,10,MUJER,25-29,32719.0
2021,10,MUJER,30-34,34861.0
2021,10,MUJER,35-39,32468.0
2021,10,MUJER,40-44,32383.0
2021,10,MUJER,45-49,32025.0
2021,10,MUJER,5-9,28129.0
2021,10,MUJER,50-54,30041.0
2021,10,MUJER,55-59,27811.0
2021,10,MUJER,60-64,23206.0
2021,10,MUJER,65-69,19939.0
2021,10,MUJER,70-74,14851.0
2021,10,MUJER,75-79,11106.0
2021,10,MUJER,80+,16541.0
2021,11,HOMBRE,0-4,3444.0
2021,11,HOMBRE,10-14,4378.0
2021,11,HOMBRE,15-19,3819.0
2021,11,HOMBRE,20-24,2877.0
2021,11,HOMBRE,25-29,3723.0
2021,11,HOMBRE,30-34,4737.0
2021,11,HOMBRE,35-39,4231.0
2021,11,HOMBRE,40-44,4189.0
2021,11,HOMBRE,45-49,3932.0
2021,11,HOMBRE,5-9,3981.0
2021,11,HOMBRE,50-54,3509.0
2021,11,HOMBRE,55-59,3281.0
2021,11,HOMBRE,60-64,2727.0
2021,11,HOMBRE,65-69,2114.0
2021,11,HOMBRE,70-74,1439.0
2021,11,HOMBRE,75-79,967.0
2021,11,HOMBRE,80+,1081.0
2021,11,MUJER,0-4,3324.0
2021,11,MUJER,10-14,4090.0
2021,11,MUJER,15-19,3261.0
2021,11,MUJER,20-24,2659.0
2021,11,MUJER,25-29,3879.0
2021,11,MUJER,30-34,4939.0
2021,11,MUJER,35-39,4316.0
2021,11,MUJER,40-44,4015.0
2021,11,MUJER,45-49,3775.0
2021,11,MUJER,5-9,3832.0
2021,11,MUJER,50-54,3274.0
2021,11,MUJER,55-59,3009.0
2021,11,MUJER,60-64,2658.0
2021,11,MUJER,65-69,2229.0
2021,11,MUJER,70-74,1455.0
2021,11,MUJER,75-79,987.0
2021,11,MUJER,80+,1606.0
2021,12,HOMBRE,0-4,4977.0
2021,12,HOMBRE,10-14,5902.0
2021,12,HOMBRE,15-19,6122.0
2021,12,HOMBRE,20-24,6527.0
2021,12,HOMBRE,25-29,7519.0
2021,12,HOMBRE,30-34,8001.0
2021,12,HOMBRE,35-39,7053.0
2021,12,HOMBRE,40-44,6812.0
2021,12,HOMBRE,45-49,5976.0
2021,12,HOMBRE,5-9,5517.0
2021,12,HOMBRE,50-54,5434.0
2021,12,HOMBRE,55-59,5489.0
2021,12,HOMBRE,60-64,5238.0
2021,12,HOMBRE,65-69,4258.0
2021,12,HOMBRE,70-74,2839.0
2021,12,HOMBRE,75-79,1817.0
2021,12,HOMBRE,80+,2019.0
2021,12,MUJER,0-4,4806.0
2021,12,MUJER,10-14,5603.0
2021,12,MUJER,15-19,5167.0
2021,12,MUJER,20-24,5649.0
2021,12,MUJER,25-29,7003.0
2021,12,MUJER,30-34,7624.0
2021,12,MUJER,35-39,6953.0
2021,12,MUJER,40-44,6427.0
2021,12,MUJER,45-49,5731.0
2021,12,MUJER,5-9,5346.0
2021,12,MUJER,50-54,5347.0
2021,12,MUJER,55-59,5530.0
2021,12,MUJER,60-64,5098.0
2021,12,MUJER,65-69,4078.0
2021,12,MUJER,70-74,2854.0
2021,12,MUJER,75-79,2119.0
2021,12,MUJER,80+,3114.0
2021,13,HOMBRE,0-4,258027.0
2021,13,HOMBRE,10-14,254385.0
2021,13,HOMBRE,15-19,251728.0
2021,13,HOMBRE,20-24,316441.0
2021,13,HOMBRE,25-29,386370.0
2021,13,HOMBRE,30-34,399993.0
2021,13,HOMBRE,35-39,340924.0
2021,13,HOMBRE,40-44,297890.0
2021,13,HOMBRE,45-49,267988.0
2021,13,HOMBRE,5-9,261890.0
2021,13,HOMBRE,50-54,238931.0
2021,13,HOMBRE,55-59,220376.0
2021,13,HOMBRE,60-64,186896.0
2021,13,HOMBRE,65-69,149347.0
2021,13,HOMBRE,70-74,103555.0
2021,13,HOMBRE,75-79,65574.0
2021,13,HOMBRE,80+,70949.0
2021,13,MUJER,0-4,248927.0
2021,13,MUJER,10-14,247830.0
2021,13,MUJER,15-19,246288.0
2021,13,MUJER,20-24,304415.0
2021,13,MUJER,25-29,365632.0
2021,13,MUJER,30-34,372742.0
2021,13,MUJER,35-39,317413.0
2021,13,MUJER,40-44,286116.0
2021,13,MUJER,45-49,268421.0
2021,13,MUJER,5-9,253808.0
2021,13,MUJER,50-54,251323.0
2021,13,MUJER,55-59,242170.0
2021,13,MUJER,60-64,214590.0
2021,13,MUJER,65-69,180625.0
2021,13,MUJER,70-74,133276.0
2021,13,MUJER,75-79,94919.0
2021,13,MUJER,80+,142700.0
2021,14,HOMBRE,0-4,11406.0
2021,14,HOMBRE,10-14,14125.0
2021,14,HOMBRE,15-19,13740.0
2021,14,HOMBRE,20-24,14290.0
2021,14,HOMBRE,25-29,15318.0
2021,14,HOMBRE,30-34,14863.0
2021,14,HOMBRE,35-39,12931.0
2021,14,HOMBRE,40-44,12722.0
2021,14,HOMBRE,45-49,13284.0
2021,14,HOMBRE,5-9,13112.0
2021,14,HOMBRE,50-54,13780.0
2021,14,HOMBRE,55-59,13813.0
2021,14,HOMBRE,60-64,11072.0
2021,14,HOMBRE,65-69,9065.0
2021,14,HOMBRE,70-74,6514.0
2021,14,HOMBRE,75-79,4537.0
2021,14,HOMBRE,80+,5115.0
2021,14,MUJER,0-4,11035.0
2021,14,MUJER,10-14,13684.0
2021,14,MUJER,15-19,13333.0
2021,14,MUJER,20-24,14450.0
2021,14,MUJER,25-29,15821.0
2021,14,MUJER,30-34,15646.0
2021,14,MUJER,35-39,13849.0
2021,14,MUJER,40-44,12875.0
2021,14,MUJER,45-49,13335.0
2021,14,MUJER,5-9,12716.0
2021,14,MUJER,50-54,13859.0
2021,14,MUJER,55-59,13719.0
2021,14,MUJER,60-64,11441.0
2021,14,MUJER,65-69,10036.0
2021,14,MUJER,70-74,7679.0
2021,14,MUJER,75-79,5841.0
2021,14,MUJER,80+,8812.0
2021,15,HOMBRE,0-4,8160.0
2021,15,HOMBRE,10-14,9421.0
2021,15,HOMBRE,15-19,9650.0
2021,15,HOMBRE,20-24,10970.0
2021,15,HOMBRE,25-29,10870.0
2021,15,HOMBRE,30-34,10824.0
2021,15,HOMBRE,35-39,9673.0
2021,15,HOMBRE,40-44,8573.0
2021,15,HOMBRE,45-49,8298.0
2021,15,HOMBRE,5-9,9297.0
2021,15,HOMBRE,50-54,7355.0
2021,15,HOMBRE,55-59,6592.0
2021,15,HOMBRE,60-64,5642.0
2021,15,HOMBRE,65-69,4875.0
2021,15,HOMBRE,70-74,3479.0
2021,15,HOMBRE,75-79,2340.0
2021,15,HOMBRE,80+,2492.0
2021,15,MUJER,0-4,7823.0
2021,15,MUJER,10-14,8936.0
2021,15,MUJER,15-19,8392.0
2021,15,MUJER,20-24,9315.0
2021,15,MUJER,25-29,9800.0
2021,15,MUJER,30-34,9963.0
2021,15,MUJER,35-39,9199.0
2021,15,MUJER,40-44,8330.0
2021,15,MUJER,45-49,8119.0
2021,15,MUJER,5-9,8946.0
2021,15,MUJER,50-54,7468.0
2021,15,MUJER,55-59,7263.0
2021,15,MUJER,60-64,6328.0
2021,15,MUJER,65-69,5479.0
2021,15,MUJER,70-74,4228.0
2021,15,MUJER,75-79,3163.0
2021,15,MUJER,80+,4117.0
2021,16,HOMBRE,0-4,14092.0
2021,16,HOMBRE,10-14,18258.0
2021,16,HOMBRE,15-19,16883.0
2021,16,HOMBRE,20-24,15523.0
2021,16,HOMBRE,25-29,16669.0
2021,16,HOMBRE,30-34,17415.0
2021,16,HOMBRE,35-39,15479.0
2021,16,HOMBRE,40-44,15322.0
2021,16,HOMBRE,45-49,16744.0
2021,16,HOMBRE,5-9,16576.0
2021,16,HOMBRE,50-54,17667.0
2021,16,HOMBRE,55-59,17190.0
2021,16,HOMBRE,60-64,14953.0
2021,16,HOMBRE,65-69,12288.0
2021,16,HOMBRE,70-74,9571.0
2021,16,HOMBRE,75-79,6645.0
2021,16,HOMBRE,80+,7584.0
2021,16,MUJER,0-4,13502.0
2021,16,MUJER,10-14,16716.0
2021,16,MUJER,15-19,16047.0
2021,16,MUJER,20-24,16673.0
2021,16,MUJER,25-29,18285.0
2021,16,MUJER,30-34,18854.0
2021,16,MUJER,35-39,17332.0
2021,16,MUJER,40-44,17125.0
2021,16,MUJER,45-49,18915.0
2021,16,MUJER,5-9,15582.0
2021,16,MUJER,50-54,19001.0
2021,16,MUJER,55-59,17777.0
2021,16,MUJER,60-64,16023.0
2021,16,MUJER,65-69,13343.0
2021,16,MUJER,70-74,10602.0
2021,16,MUJER,75-79,7991.0
2021,16,MUJER,80+,11881.0
2022,1,HOMBRE,0-4,14890.0
2022,1,HOMBRE,10-14,15219.0
2022,1,HOMBRE,15-19,13682.0
2022,1,HOMBRE,20-24,15196.0
2022,1,HOMBRE,25-29,18787.0
2022,1,HOMBRE,30-34,19251.0
2022,1,HOMBRE,35-39,16260.0
2022,1,HOMBRE,40-44,14578.0
2022,1,HOMBRE,45-49,12656.0
2022,1,HOMBRE,5-9,15368.0
2022,1,HOMBRE,50-54,10557.0
2022,1,HOMBRE,55-59,9506.0
2022,1,HOMBRE,60-64,8007.0
2022,1,HOMBRE,65-69,6649.0
2022,1,HOMBRE,70-74,4239.0
2022,1,HOMBRE,75-79,2493.0
2022,1,HOMBRE,80+,2635.0
2022,1,MUJER,0-4,14262.0
2022,1,MUJER,10-14,14738.0
2022,1,MUJER,15-19,13004.0
2022,1,MUJER,20-24,14488.0
2022,1,MUJER,25-29,18328.0
2022,1,MUJER,30-34,18230.0
2022,1,MUJER,35-39,15673.0
2022,1,MUJER,40-44,13881.0
2022,1,MUJER,45-49,12172.0
2022,1,MUJER,5-9,14786.0
2022,1,MUJER,50-54,10505.0
2022,1,MUJER,55-59,9535.0
2022,1,MUJER,60-64,8239.0
2022,1,MUJER,65-69,7005.0
2022,1,MUJER,70-74,4789.0
2022,1,MUJER,75-79,3101.0
2022,1,MUJER,80+,3988.0
2022,2,HOMBRE,0-4,24352.0
2022,2,HOMBRE,10-14,25789.0
2022,2,HOMBRE,15-19,24366.0
2022,2,HOMBRE,20-24,28147.0
2022,2,HOMBRE,25-29,34045.0
2022,2,HOMBRE,30-34,34113.0
2022,2,HOMBRE,35-39,29535.0
2022,2,HOMBRE,40-44,26851.0
2022,2,HOMBRE,45-49,25028.0
2022,2,HOMBRE,5-9,24995.0
2022,2,HOMBRE,50-54,20640.0
2022,2,HOMBRE,55-59,17865.0
2022,2,HOMBRE,60-64,14960.0
2022,2,HOMBRE,65-69,11692.0
2022,2,HOMBRE,70-74,7151.0
2022,2,HOMBRE,75-79,3727.0
2022,2,HOMBRE,80+,3657.0
2022,2,MUJER,0-4,23252.0
2022,2,MUJER,10-14,24349.0
2022,2,MUJER,15-19,22761.0
2022,2,MUJER,20-24,27231.0
2022,2,MUJER,25-29,33301.0
2022,2,MUJER,30-34,33257.0
2022,2,MUJER,35-39,28637.0
2022,2,MUJER,40-44,26030.0
2022,2,MUJER,45-49,24351.0
2022,2,MUJER,5-9,23604.0
2022,2,MUJER,50-54,19890.0
2022,2,MUJER,55-59,17572.0
2022,2,MUJER,60-64,15235.0
2022,2,MUJER,65-69,12310.0
2022,2,MUJER,70-74,8402.0
2022,2,MUJER,75-79,5249.0
2022,2,MUJER,80+,7293.0
2022,3,HOMBRE,0-4,10523.0
2022,3,HOMBRE,10-14,12923.0
2022,3,HOMBRE,15-19,10526.0
2022,3,HOMBRE,20-24,10684.0
2022,3,HOMBRE,25-29,12359.0
2022,3,HOMBRE,30-34,13886.0
2022,3,HOMBRE,35-39,12112.0
2022,3,HOMBRE,40-44,11020.0
2022,3,HOMBRE,45-49,10274.0
2022,3,HOMBRE,5-9,12080.0
2022,3,HOMBRE,50-54,9750.0
2022,3,HOMBRE,55-59,9387.0
2022,3,HOMBRE,60-64,8173.0
2022,3,HOMBRE,65-69,6613.0
2022,3,HOMBRE,70-74,4399.0
2022,3,HOMBRE,75-79,2753.0
2022,3,HOMBRE,80+,3006.0
2022,3,MUJER,0-4,10120.0
2022,3,MUJER,10-14,12400.0
2022,3,MUJER,15-19,9746.0
2022,3,MUJER,20-24,9945.0
2022,3,MUJER,25-29,11966.0
2022,3,MUJER,30-34,13287.0
2022,3,MUJER,35-39,11508.0
2022,3,MUJER,40-44,10245.0
2022,3,MUJER,45-49,9496.0
2022,3,MUJER,5-9,11638.0
2022,3,MUJER,50-54,9349.0
2022,3,MUJER,55-59,9402.0
2022,3,MUJER,60-64,8388.0
2022,3,MUJER,65-69,6912.0
2022,3,MUJER,70-74,4911.0
2022,3,MUJER,75-79,3428.0
2022,3,MUJER,80+,4795.0
2022,4,HOMBRE,0-4,25644.0
2022,4,HOMBRE,10-14,31309.0
2022,4,HOMBRE,15-19,27962.0
2022,4,HOMBRE,20-24,29623.0
2022,4,HOMBRE,25-29,32313.0
2022,4,HOMBRE,30-34,33608.0
2022,4,HOMBRE,35-39,29281.0
2022,4,HOMBRE,40-44,28353.0
2022,4,HOMBRE,45-49,27314.0
2022,4,HOMBRE,5-9,30328.0
2022,4,HOMBRE,50-54,26113.0
2022,4,HOMBRE,55-59,24862.0
2022,4,HOMBRE,60-64,21371.0
2022,4,HOMBRE,65-69,18348.0
2022,4,HOMBRE,70-74,13383.0
2022,4,HOMBRE,75-79,9262.0
2022,4,HOMBRE,80+,11392.0
2022,4,MUJER,0-4,24706.0
2022,4,MUJER,10-14,30390.0
2022,4,MUJER,15-19,27153.0
2022,4,MUJER,20-24,29035.0
2022,4,MUJER,25-29,31826.0
2022,4,MUJER,30-34,33981.0
2022,4,MUJER,35-39,30663.0
2022,4,MUJER,40-44,29559.0
2022,4,MUJER,45-49,28816.0
2022,4,MUJER,5-9,29319.0
2022,4,MUJER,50-54,27630.0
2022,4,MUJER,55-59,26734.0
2022,4,MUJER,60-64,23277.0
2022,4,MUJER,65-69,20312.0
2022,4,MUJER,70-74,15684.0
2022,4,MUJER,75-79,11732.0
2022,4,MUJER,80+,17486.0
2022,5,HOMBRE,0-4,55319.0
2022,5,HOMBRE,10-14,64934.0
2022,5,HOMBRE,15-19,63911.0
2022,5,HOMBRE,20-24,73472.0
2022,5,HOMBRE,25-29,78013.0
2022,5,HOMBRE,30-34,76119.0
2022,5,HOMBRE,35-39,69541.0
2022,5,HOMBRE,40-44,65089.0
2022,5,HOMBRE,45-49,61355.0
2022,5,HOMBRE,5-9,62844.0
2022,5,HOMBRE,50-54,58223.0
2022,5,HOMBRE,55-59,59110.0
2022,5,HOMBRE,60-64,54194.0
2022,5,HOMBRE,65-69,46001.0
2022,5,HOMBRE,70-74,35008.0
2022,5,HOMBRE,75-79,24728.0
2022,5,HOMBRE,80+,27957.0
2022,5,MUJER,0-4,53001.0
2022,5,MUJER,10-14,62709.0
2022,5,MUJER,15-19,61839.0
2022,5,MUJER,20-24,69106.0
2022,5,MUJER,25-29,74179.0
2022,5,MUJER,30-34,75254.0
2022,5,MUJER,35-39,68775.0
2022,5,MUJER,40-44,66321.0
2022,5,MUJER,45-49,63611.0
2022,5,MUJER,5-9,60304.0
2022,5,MUJER,50-54,61715.0
2022,5,MUJER,55-59,64911.0
2022,5,MUJER,60-64,61288.0
2022,5,MUJER,65-69,53022.0
2022,5,MUJER,70-74,42107.0
2022,5,MUJER,75-79,32579.0
2022,5,MUJER,80+,48999.0
2022,6,HOMBRE,0-4,29458.0
2022,6,HOMBRE,10-14,35750.0
2022,6,HOMBRE,15-19,31171.0
2022,6,HOMBRE,20-24,29533.0
2022,6,HOMBRE,25-29,35293.0
2022,6,HOMBRE,30-34,39805.0
2022,6,HOMBRE,35-39,35714.0
2022,6,HOMBRE,40-44,36455.0
2022,6,HOMBRE,45-49,35605.0
2022,6,HOMBRE,5-9,33649.0
2022,6,HOMBRE,50-54,33820.0
2022,6,HOMBRE,55-59,32898.0
2022,6,HOMBRE,60-64,28984.0
2022,6,HOMBRE,65-69,23674.0
2022,6,HOMBRE,70-74,17653.0
2022,6,HOMBRE,75-79,11881.0
2022,6,HOMBRE,80+,13368.0
2022,6,MUJER,0-4,28287.0
2022,6,MUJER,10-14,34203.0
2022,6,MUJER,15-19,29736.0
2022,6,MUJER,20-24,27975.0
2022,6,MUJER,25-29,33722.0
2022,6,MUJER,30-34,39402.0
2022,6,MUJER,35-39,35321.0
2022,6,MUJER,40-44,35337.0
2022,6,MUJER,45-49,35105.0
2022,6,MUJER,5-9,32286.0
2022,6,MUJER,50-54,33308.0
2022,6,MUJER,55-59,33006.0
2022,6,MUJER,60-64,29512.0
2022,6,MUJER,65-69,25176.0
2022,6,MUJER,70-74,19353.0
2022,6,MUJER,75-79,13703.0
2022,6,MUJER,80+,19409.0
2022,7,HOMBRE,0-4,34114.0
2022,7,HOMBRE,10-14,39804.0
2022,7,HOMBRE,15-19,36735.0
2022,7,HOMBRE,20-24,36877.0
2022,7,HOMBRE,25-29,39823.0
2022,7,HOMBRE,30-34,42661.0
2022,7,HOMBRE,35-39,37888.0
2022,7,HOMBRE,40-44,38468.0
2022,7,HOMBRE,45-49,38615.0
2022,7,HOMBRE,5-9,38672.0
2022,7,HOMBRE,50-54,36500.0
2022,7,HOMBRE,55-59,36904.0
2022,7,HOMBRE,60-64,32224.0
2022,7,HOMBRE,65-69,27382.0
2022,7,HOMBRE,70-74,20411.0
2022,7,HOMBRE,75-79,13674.0
2022,7,HOMBRE,80+,14860.0
2022,7,MUJER,0-4,32955.0
2022,7,MUJER,10-14,38157.0
2022,7,MUJER,15-19,35471.0
2022,7,MUJER,20-24,36919.0
2022,7,MUJER,25-29,40284.0
2022,7,MUJER,30-34,44029.0
2022,7,MUJER,35-39,39596.0
2022,7,MUJER,40-44,40045.0
2022,7,MUJER,45-49,39993.0
2022,7,MUJER,5-9,37216.0
2022,7,MUJER,50-54,38171.0
2022,7,MUJER,55-59,38348.0
2022,7,MUJER,60-64,33897.0
2022,7,MUJER,65-69,29960.0
2022,7,MUJER,70-74,23165.0
2022,7,MUJER,75-79,16440.0
2022,7,MUJER,80+,22785.0
2022,8,HOMBRE,0-4,47175.0
2022,8,HOMBRE,10-14,57550.0
2022,8,HOMBRE,15-19,55500.0
2022,8,HOMBRE,20-24,59594.0
2022,8,HOMBRE,25-29,61704.0
2022,8,HOMBRE,30-34,64125.0
2022,8,HOMBRE,35-39,53940.0
2022,8,HOMBRE,40-44,54651.0
2022,8,HOMBRE,45-49,54326.0
2022,8,HOMBRE,5-9,54180.0
2022,8,HOMBRE,50-54,54948.0
2022,8,HOMBRE,55-59,52771.0
2022,8,HOMBRE,60-64,44506.0
2022,8,HOMBRE,65-69,36523.0
2022,8,HOMBRE,70-74,26593.0
2022,8,HOMBRE,75-79,18022.0
2022,8,HOMBRE,80+,19790.0
2022,8,MUJER,0-4,45469.0
2022,8,MUJER,10-14,55283.0
2022,8,MUJER,15-19,53742.0
2022,8,MUJER,20-24,59259.0
2022,8,MUJER,25-29,62088.0
2022,8,MUJER,30-34,65100.0
2022,8,MUJER,35-39,57309.0
2022,8,MUJER,40-44,58121.0
2022,8,MUJER,45-49,57443.0
2022,8,MUJER,5-9,52067.0
2022,8,MUJER,50-54,57858.0
2022,8,MUJER,55-59,56047.0
2022,8,MUJER,60-64,48921.0
2022,8,MUJER,65-69,42548.0
2022,8,MUJER,70-74,32003.0
2022,8,MUJER,75-79,23634.0
2022,8,MUJER,80+,33479.0
2022,9,HOMBRE,0-4,30487.0
2022,9,HOMBRE,10-14,36542.0
2022,9,HOMBRE,15-19,33673.0
2022,9,HOMBRE,20-24,33956.0
2022,9,HOMBRE,25-29,35943.0
2022,9,HOMBRE,30-34,36662.0
2022,9,HOMBRE,35-39,33029.0
2022,9,HOMBRE,40-44,33523.0
2022,9,HOMBRE,45-49,33492.0
2022,9,HOMBRE,5-9,34845.0
2022,9,HOMBRE,50-54,32529.0
2022,9,HOMBRE,55-59,31512.0
2022,9,HOMBRE,60-64,27325.0
2022,9,HOMBRE,65-69,23041.0
2022,9,HOMBRE,70-74,16985.0
2022,9,HOMBRE,75-79,12141.0
2022,9,HOMBRE,80+,14293.0
2022,9,MUJER,0-4,29396.0
2022,9,MUJER,10-14,35199.0
2022,9,MUJER,15-19,32930.0
2022,9,MUJER,20-24,34532.0
2022,9,MUJER,25-29,37550.0
2022,9,MUJER,30-34,38805.0
2022,9,MUJER,35-39,35391.0
2022,9,MUJER,40-44,35211.0
2022,9,MUJER,45-49,34759.0
2022,9,MUJER,5-9,33603.0
2022,9,MUJER,50-54,33273.0
2022,9,MUJER,55-59,32407.0
2022,9,MUJER,60-64,28446.0
2022,9,MUJER,65-69,25021.0
2022,9,MUJER,70-74,19505.0
2022,9,MUJER,75-79,15081.0
2022,9,MUJER,80+,22942.0
2022,10,HOMBRE,0-4,26147.0
2022,10,HOMBRE,10-14,32085.0
2022,10,HOMBRE,15-19,29305.0
2022,10,HOMBRE,20-24,28515.0
2022,10,HOMBRE,25-29,31451.0
2022,10,HOMBRE,30-34,35613.0
2022,10,HOMBRE,35-39,32884.0
2022,10,HOMBRE,40-44,32727.0
2022,10,HOMBRE,45-49,33254.0
2022,10,HOMBRE,5-9,28898.0
2022,10,HOMBRE,50-54,31616.0
2022,10,HOMBRE,55-59,29785.0
2022,10,HOMBRE,60-64,23559.0
2022,10,HOMBRE,65-69,19341.0
2022,10,HOMBRE,70-74,13831.0
2022,10,HOMBRE,75-79,9212.0
2022,10,HOMBRE,80+,10666.0
2022,10,MUJER,0-4,25133.0
2022,10,MUJER,10-14,31033.0
2022,10,MUJER,15-19,28912.0
2022,10,MUJER,20-24,28481.0
2022,10,MUJER,25-29,31933.0
2022,10,MUJER,30-34,35642.0
2022,10,MUJER,35-39,32602.0
2022,10,MUJER,40-44,32266.0
2022,10,MUJER,45-49,32431.0
2022,10,MUJER,5-9,27734.0
2022,10,MUJER,50-54,30113.0
2022,10,MUJER,55-59,28610.0
2022,10,MUJER,60-64,23877.0
2022,10,MUJER,65-69,20528.0
2022,10,MUJER,70-74,15671.0
2022,10,MUJER,75-79,11438.0
2022,10,MUJER,80+,17217.0
2022,11,HOMBRE,0-4,3383.0
2022,11,HOMBRE,10-14,4301.0
2022,11,HOMBRE,15-19,3834.0
2022,11,HOMBRE,20-24,2820.0
2022,11,HOMBRE,25-29,3530.0
2022,11,HOMBRE,30-34,4794.0
2022,11,HOMBRE,35-39,4319.0
2022,11,HOMBRE,40-44,4192.0
2022,11,HOMBRE,45-49,3976.0
2022,11,HOMBRE,5-9,3927.0
2022,11,HOMBRE,50-54,3510.0
2022,11,HOMBRE,55-59,3296.0
2022,11,HOMBRE,60-64,2800.0
2022,11,HOMBRE,65-69,2184.0
2022,11,HOMBRE,70-74,1519.0
2022,11,HOMBRE,75-79,1006.0
2022,11,HOMBRE,80+,1133.0
2022,11,MUJER,0-4,3268.0
2022,11,MUJER,10-14,4016.0
2022,11,MUJER,15-19,3241.0
2022,11,MUJER,20-24,2610.0
2022,11,MUJER,25-29,3683.0
2022,11,MUJER,30-34,5044.0
2022,11,MUJER,35-39,4403.0
2022,11,MUJER,40-44,4031.0
2022,11,MUJER,45-49,3831.0
2022,11,MUJER,5-9,3777.0
2022,11,MUJER,50-54,3314.0
2022,11,MUJER,55-59,3029.0
2022,11,MUJER,60-64,2695.0
2022,11,MUJER,65-69,2307.0
2022,11,MUJER,70-74,1581.0
2022,11,MUJER,75-79,1026.0
2022,11,MUJER,80+,1667.0
2022,12,HOMBRE,0-4,4958.0
2022,12,HOMBRE,10-14,5878.0
2022,12,HOMBRE,15-19,6074.0
2022,12,HOMBRE,20-24,6397.0
2022,12,HOMBRE,25-29,7495.0
2022,12,HOMBRE,30-34,8151.0
2022,12,HOMBRE,35-39,7171.0
2022,12,HOMBRE,40-44,6899.0
2022,12,HOMBRE,45-49,6127.0
2022,12,HOMBRE,5-9,5412.0
2022,12,HOMBRE,50-54,5405.0
2022,12,HOMBRE,55-59,5446.0
2022,12,HOMBRE,60-64,5275.0
2022,12,HOMBRE,65-69,4403.0
2022,12,HOMBRE,70-74,3015.0
2022,12,HOMBRE,75-79,1916.0
2022,12,HOMBRE,80+,2102.0
2022,12,MUJER,0-4,4785.0
2022,12,MUJER,10-14,5588.0
2022,12,MUJER,15-19,5112.0
2022,12,MUJER,20-24,5504.0
2022,12,MUJER,25-29,6943.0
2022,12,MUJER,30-34,7754.0
2022,12,MUJER,35-39,7033.0
2022,12,MUJER,40-44,6547.0
2022,12,MUJER,45-49,5889.0
2022,12,MUJER,5-9,5244.0
2022,12,MUJER,50-54,5279.0
2022,12,MUJER,55-59,5470.0
2022,12,MUJER,60-64,5215.0
2022,12,MUJER,65-69,4248.0
2022,12,MUJER,70-74,3020.0
2022,12,MUJER,75-79,2186.0
2022,12,MUJER,80+,3202.0
2022,13,HOMBRE,0-4,260027.0
2022,13,HOMBRE,10-14,256713.0
2022,13,HOMBRE,15-19,249819.0
2022,13,HOMBRE,20-24,305244.0
2022,13,HOMBRE,25-29,376274.0
2022,13,HOMBRE,30-34,407945.0
2022,13,HOMBRE,35-39,350551.0
2022,13,HOMBRE,40-44,303532.0
2022,13,HOMBRE,45-49,275230.0
2022,13,HOMBRE,5-9,260063.0
2022,13,HOMBRE,50-54,240450.0
2022,13,HOMBRE,55-59,223966.0
2022,13,HOMBRE,60-64,191595.0
2022,13,HOMBRE,65-69,154037.0
2022,13,HOMBRE,70-74,109561.0
2022,13,HOMBRE,75-79,69096.0
2022,13,HOMBRE,80+,73621.0
2022,13,MUJER,0-4,250818.0
2022,13,MUJER,10-14,250111.0
2022,13,MUJER,15-19,244671.0
2022,13,MUJER,20-24,294012.0
2022,13,MUJER,25-29,356786.0
2022,13,MUJER,30-34,380904.0
2022,13,MUJER,35-39,325006.0
2022,13,MUJER,40-44,289586.0
2022,13,MUJER,45-49,273226.0
2022,13,MUJER,5-9,251861.0
2022,13,MUJER,50-54,251161.0
2022,13,MUJER,55-59,244644.0
2022,13,MUJER,60-64,218629.0
2022,13,MUJER,65-69,185451.0
2022,13,MUJER,70-74,140445.0
2022,13,MUJER,75-79,99182.0
2022,13,MUJER,80+,146767.0
2022,14,HOMBRE,0-4,11301.0
2022,14,HOMBRE,10-14,14176.0
2022,14,HOMBRE,15-19,13521.0
2022,14,HOMBRE,20-24,13946.0
2022,14,HOMBRE,25-29,14970.0
2022,14,HOMBRE,30-34,15287.0
2022,14,HOMBRE,35-39,13065.0
2022,14,HOMBRE,40-44,12821.0
2022,14,HOMBRE,45-49,13221.0
2022,14,HOMBRE,5-9,12812.0
2022,14,HOMBRE,50-54,13474.0
2022,14,HOMBRE,55-59,13994.0
2022,14,HOMBRE,60-64,11533.0
2022,14,HOMBRE,65-69,9304.0
2022,14,HOMBRE,70-74,6878.0
2022,14,HOMBRE,75-79,4706.0
2022,14,HOMBRE,80+,5326.0
2022,14,MUJER,0-4,10935.0
2022,14,MUJER,10-14,13748.0
2022,14,MUJER,15-19,13099.0
2022,14,MUJER,20-24,14197.0
2022,14,MUJER,25-29,15516.0
2022,14,MUJER,30-34,16054.0
2022,14,MUJER,35-39,14029.0
2022,14,MUJER,40-44,13077.0
2022,14,MUJER,45-49,13251.0
2022,14,MUJER,5-9,12432.0
2022,14,MUJER,50-54,13619.0
2022,14,MUJER,55-59,13958.0
2022,14,MUJER,60-64,11847.0
2022,14,MUJER,65-69,10232.0
2022,14,MUJER,70-74,8083.0
2022,14,MUJER,75-79,6008.0
2022,14,MUJER,80+,9139.0
2022,15,HOMBRE,0-4,8100.0
2022,15,HOMBRE,10-14,9635.0
2022,15,HOMBRE,15-19,9547.0
2022,15,HOMBRE,20-24,10981.0
2022,15,HOMBRE,25-29,10810.0
2022,15,HOMBRE,30-34,10906.0
2022,15,HOMBRE,35-39,9909.0
2022,15,HOMBRE,40-44,8828.0
2022,15,HOMBRE,45-49,8306.0
2022,15,HOMBRE,5-9,9080.0
2022,15,HOMBRE,50-54,7590.0
2022,15,HOMBRE,55-59,6684.0
2022,15,HOMBRE,60-64,5748.0
2022,15,HOMBRE,65-69,4969.0
2022,15,HOMBRE,70-74,3663.0
2022,15,HOMBRE,75-79,2457.0
2022,15,HOMBRE,80+,2608.0
2022,15,MUJER,0-4,7787.0
2022,15,MUJER,10-14,9171.0
2022,15,MUJER,15-19,8309.0
2022,15,MUJER,20-24,9102.0
2022,15,MUJER,25-29,9747.0
2022,15,MUJER,30-34,10048.0
2022,15,MUJER,35-39,9333.0
2022,15,MUJER,40-44,8539.0
2022,15,MUJER,45-49,8112.0
2022,15,MUJER,5-9,8730.0
2022,15,MUJER,50-54,7615.0
2022,15,MUJER,55-59,7273.0
2022,15,MUJER,60-64,6503.0
2022,15,MUJER,65-69,5595.0
2022,15,MUJER,70-74,4418.0
2022,15,MUJER,75-79,3304.0
2022,15,MUJER,80+,4315.0
2022,16,HOMBRE,0-4,13904.0
2022,16,HOMBRE,10-14,18165.0
2022,16,HOMBRE,15-19,16853.0
2022,16,HOMBRE,20-24,15052.0
2022,16,HOMBRE,25-29,16181.0
2022,16,HOMBRE,30-34,17664.0
2022,16,HOMBRE,35-39,15671.0
2022,16,HOMBRE,40-44,15449.0
2022,16,HOMBRE,45-49,16297.0
2022,16,HOMBRE,5-9,16419.0
2022,16,HOMBRE,50-54,17580.0
2022,16,HOMBRE,55-59,17487.0
2022,16,HOMBRE,60-64,15291.0
2022,16,HOMBRE,65-69,12791.0
2022,16,HOMBRE,70-74,9971.0
2022,16,HOMBRE,75-79,6974.0
2022,16,HOMBRE,80+,7975.0
2022,16,MUJER,0-4,13330.0
2022,16,MUJER,10-14,16607.0
2022,16,MUJER,15-19,15882.0
2022,16,MUJER,20-24,16313.0
2022,16,MUJER,25-29,17887.0
2022,16,MUJER,30-34,19070.0
2022,16,MUJER,35-39,17640.0
2022,16,MUJER,40-44,17377.0
2022,16,MUJER,45-49,18517.0
2022,16,MUJER,5-9,15432.0
2022,16,MUJER,50-54,19204.0
2022,16,MUJER,55-59,18024.0
2022,16,MUJER,60-64,16419.0
2022,16,MUJER,65-69,13911.0
2022,16,MUJER,70-74,11087.0
2022,16,MUJER,75-79,8223.0
2022,16,MUJER,80+,12413.0
2023,1,HOMBRE,0-4,15099.0
2023,1,HOMBRE,10-14,15437.0
2023,1,HOMBRE,15-19,13905.0
2023,1,HOMBRE,20-24,14717.0
2023,1,HOMBRE,25-29,18492.0
2023,1,HOMBRE,30-34,19703.0
2023,1,HOMBRE,35-39,16711.0
2023,1,HOMBRE,40-44,14928.0
2023,1,HOMBRE,45-49,12942.0
2023,1,HOMBRE,5-9,15071.0
2023,1,HOMBRE,50-54,10862.0
2023,1,HOMBRE,55-59,9460.0
2023,1,HOMBRE,60-64,8223.0
2023,1,HOMBRE,65-69,6825.0
2023,1,HOMBRE,70-74,4556.0
2023,1,HOMBRE,75-79,2664.0
2023,1,HOMBRE,80+,2752.0
2023,1,MUJER,0-4,14463.0
2023,1,MUJER,10-14,14944.0
2023,1,MUJER,15-19,13226.0
2023,1,MUJER,20-24,14022.0
2023,1,MUJER,25-29,18077.0
2023,1,MUJER,30-34,18664.0
2023,1,MUJER,35-39,16026.0
2023,1,MUJER,40-44,14330.0
2023,1,MUJER,45-49,12403.0
2023,1,MUJER,5-9,14494.0
2023,1,MUJER,50-54,10794.0
2023,1,MUJER,55-59,9542.0
2023,1,MUJER,60-64,8487.0
2023,1,MUJER,65-69,7214.0
2023,1,MUJER,70-74,5130.0
2023,1,MUJER,75-79,3288.0
2023,1,MUJER,80+,4137.0
2023,2,HOMBRE,0-4,24657.0
2023,2,HOMBRE,10-14,25704.0
2023,2,HOMBRE,15-19,24597.0
2023,2,HOMBRE,20-24,27269.0
2023,2,HOMBRE,25-29,33355.0
2023,2,HOMBRE,30-34,34632.0
2023,2,HOMBRE,35-39,30211.0
2023,2,HOMBRE,40-44,27256.0
2023,2,HOMBRE,45-49,25350.0
2023,2,HOMBRE,5-9,24167.0
2023,2,HOMBRE,50-54,21365.0
2023,2,HOMBRE,55-59,17854.0
2023,2,HOMBRE,60-64,15375.0
2023,2,HOMBRE,65-69,11923.0
2023,2,HOMBRE,70-74,7729.0
2023,2,HOMBRE,75-79,3938.0
2023,2,HOMBRE,80+,3690.0
2023,2,MUJER,0-4,23582.0
2023,2,MUJER,10-14,24207.0
2023,2,MUJER,15-19,22922.0
2023,2,MUJER,20-24,26136.0
2023,2,MUJER,25-29,32640.0
2023,2,MUJER,30-34,33860.0
2023,2,MUJER,35-39,29387.0
2023,2,MUJER,40-44,26470.0
2023,2,MUJER,45-49,24749.0
2023,2,MUJER,5-9,22793.0
2023,2,MUJER,50-54,20662.0
2023,2,MUJER,55-59,17501.0
2023,2,MUJER,60-64,15681.0
2023,2,MUJER,65-69,12584.0
2023,2,MUJER,70-74,8978.0
2023,2,MUJER,75-79,5484.0
2023,2,MUJER,80+,7434.0
2023,3,HOMBRE,0-4,10484.0
2023,3,HOMBRE,10-14,12922.0
2023,3,HOMBRE,15-19,10714.0
2023,3,HOMBRE,20-24,10397.0
2023,3,HOMBRE,25-29,11977.0
2023,3,HOMBRE,30-34,13869.0
2023,3,HOMBRE,35-39,12517.0
2023,3,HOMBRE,40-44,11121.0
2023,3,HOMBRE,45-49,10324.0
2023,3,HOMBRE,5-9,11688.0
2023,3,HOMBRE,50-54,9682.0
2023,3,HOMBRE,55-59,9412.0
2023,3,HOMBRE,60-64,8370.0
2023,3,HOMBRE,65-69,6811.0
2023,3,HOMBRE,70-74,4687.0
2023,3,HOMBRE,75-79,2878.0
2023,3,HOMBRE,80+,3069.0
2023,3,MUJER,0-4,10082.0
2023,3,MUJER,10-14,12406.0
2023,3,MUJER,15-19,9922.0
2023,3,MUJER,20-24,9642.0
2023,3,MUJER,25-29,11584.0
2023,3,MUJER,30-34,13294.0
2023,3,MUJER,35-39,11876.0
2023,3,MUJER,40-44,10419.0
2023,3,MUJER,45-49,9537.0
2023,3,MUJER,5-9,11251.0
2023,3,MUJER,50-54,9234.0
2023,3,MUJER,55-59,9383.0
2023,3,MUJER,60-64,8610.0
2023,3,MUJER,65-69,7128.0
2023,3,MUJER,70-74,5224.0
2023,3,MUJER,75-79,3589.0
2023,3,MUJER,80+,4945.0
2023,4,HOMBRE,0-4,25724.0
2023,4,HOMBRE,10-14,31939.0
2023,4,HOMBRE,15-19,28280.0
2023,4,HOMBRE,20-24,29093.0
2023,4,HOMBRE,25-29,31898.0
2023,4,HOMBRE,30-34,34119.0
2023,4,HOMBRE,35-39,30085.0
2023,4,HOMBRE,40-44,28692.0
2023,4,HOMBRE,45-49,27611.0
2023,4,HOMBRE,5-9,29510.0
2023,4,HOMBRE,50-54,26259.0
2023,4,HOMBRE,55-59,25375.0
2023,4,HOMBRE,60-64,22004.0
2023,4,HOMBRE,65-69,18979.0
2023,4,HOMBRE,70-74,14148.0
2023,4,HOMBRE,75-79,9698.0
2023,4,HOMBRE,80+,11986.0
2023,4,MUJER,0-4,24789.0
2023,4,MUJER,10-14,30982.0
2023,4,MUJER,15-19,27461.0
2023,4,MUJER,20-24,28466.0
2023,4,MUJER,25-29,31385.0
2023,4,MUJER,30-34,34372.0
2023,4,MUJER,35-39,31511.0
2023,4,MUJER,40-44,29935.0
2023,4,MUJER,45-49,29106.0
2023,4,MUJER,5-9,28518.0
2023,4,MUJER,50-54,27803.0
2023,4,MUJER,55-59,27335.0
2023,4,MUJER,60-64,24008.0
2023,4,MUJER,65-69,20969.0
2023,4,MUJER,70-74,16516.0
2023,4,MUJER,75-79,12209.0
2023,4,MUJER,80+,18338.0
2023,5,HOMBRE,0-4,55295.0
2023,5,HOMBRE,10-14,65214.0
2023,5,HOMBRE,15-19,63928.0
2023,5,HOMBRE,20-24,72074.0
2023,5,HOMBRE,25-29,76852.0
2023,5,HOMBRE,30-34,76930.0
2023,5,HOMBRE,35-39,69919.0
2023,5,HOMBRE,40-44,66834.0
2023,5,HOMBRE,45-49,61969.0
2023,5,HOMBRE,5-9,61662.0
2023,5,HOMBRE,50-54,58209.0
2023,5,HOMBRE,55-59,59358.0
2023,5,HOMBRE,60-64,55269.0
2023,5,HOMBRE,65-69,47501.0
2023,5,HOMBRE,70-74,36730.0
2023,5,HOMBRE,75-79,25862.0
2023,5,HOMBRE,80+,29589.0
2023,5,MUJER,0-4,52960.0
2023,5,MUJER,10-14,62963.0
2023,5,MUJER,15-19,61896.0
2023,5,MUJER,20-24,67943.0
2023,5,MUJER,25-29,72870.0
2023,5,MUJER,30-34,75886.0
2023,5,MUJER,35-39,69539.0
2023,5,MUJER,40-44,67626.0
2023,5,MUJER,45-49,64407.0
2023,5,MUJER,5-9,59159.0
2023,5,MUJER,50-54,61475.0
2023,5,MUJER,55-59,64892.0
2023,5,MUJER,60-64,62437.0
2023,5,MUJER,65-69,54769.0
2023,5,MUJER,70-74,44092.0
2023,5,MUJER,75-79,33702.0
2023,5,MUJER,80+,51038.0
2023,6,HOMBRE,0-4,29344.0
2023,6,HOMBRE,10-14,35682.0
2023,6,HOMBRE,15-19,31380.0
2023,6,HOMBRE,20-24,28657.0
2023,6,HOMBRE,25-29,34660.0
2023,6,HOMBRE,30-34,39968.0
2023,6,HOMBRE,35-39,36273.0
2023,6,HOMBRE,40-44,36764.0
2023,6,HOMBRE,45-49,36194.0
2023,6,HOMBRE,5-9,33135.0
2023,6,HOMBRE,50-54,33665.0
2023,6,HOMBRE,55-59,33319.0
2023,6,HOMBRE,60-64,29762.0
2023,6,HOMBRE,65-69,24595.0
2023,6,HOMBRE,70-74,18611.0
2023,6,HOMBRE,75-79,12568.0
2023,6,HOMBRE,80+,14095.0
2023,6,MUJER,0-4,28168.0
2023,6,MUJER,10-14,34132.0
2023,6,MUJER,15-19,29936.0
2023,6,MUJER,20-24,27135.0
2023,6,MUJER,25-29,33074.0
2023,6,MUJER,30-34,39498.0
2023,6,MUJER,35-39,36095.0
2023,6,MUJER,40-44,35568.0
2023,6,MUJER,45-49,35571.0
2023,6,MUJER,5-9,31793.0
2023,6,MUJER,50-54,33226.0
2023,6,MUJER,55-59,33373.0
2023,6,MUJER,60-64,30292.0
2023,6,MUJER,65-69,26030.0
2023,6,MUJER,70-74,20414.0
2023,6,MUJER,75-79,14426.0
2023,6,MUJER,80+,20298.0
2023,7,HOMBRE,0-4,33973.0
2023,7,HOMBRE,10-14,39872.0
2023,7,HOMBRE,15-19,36887.0
2023,7,HOMBRE,20-24,36198.0
2023,7,HOMBRE,25-29,39231.0
2023,7,HOMBRE,30-34,43083.0
2023,7,HOMBRE,35-39,38258.0
2023,7,HOMBRE,40-44,38636.0
2023,7,HOMBRE,45-49,39070.0
2023,7,HOMBRE,5-9,38327.0
2023,7,HOMBRE,50-54,36200.0
2023,7,HOMBRE,55-59,37231.0
2023,7,HOMBRE,60-64,33222.0
2023,7,HOMBRE,65-69,28060.0
2023,7,HOMBRE,70-74,21565.0
2023,7,HOMBRE,75-79,14406.0
2023,7,HOMBRE,80+,15677.0
2023,7,MUJER,0-4,32825.0
2023,7,MUJER,10-14,38224.0
2023,7,MUJER,15-19,35643.0
2023,7,MUJER,20-24,36173.0
2023,7,MUJER,25-29,39490.0
2023,7,MUJER,30-34,44268.0
2023,7,MUJER,35-39,40230.0
2023,7,MUJER,40-44,40258.0
2023,7,MUJER,45-49,40598.0
2023,7,MUJER,5-9,36905.0
2023,7,MUJER,50-54,37894.0
2023,7,MUJER,55-59,38905.0
2023,7,MUJER,60-64,34974.0
2023,7,MUJER,65-69,30684.0
2023,7,MUJER,70-74,24543.0
2023,7,MUJER,75-79,17256.0
2023,7,MUJER,80+,23875.0
2023,8,HOMBRE,0-4,46873.0
2023,8,HOMBRE,10-14,57390.0
2023,8,HOMBRE,15-19,55330.0
2023,8,HOMBRE,20-24,58055.0
2023,8,HOMBRE,25-29,60209.0
2023,8,HOMBRE,30-34,64861.0
2023,8,HOMBRE,35-39,54622.0
2023,8,HOMBRE,40-44,54845.0
2023,8,HOMBRE,45-49,53895.0
2023,8,HOMBRE,5-9,52964.0
2023,8,HOMBRE,50-54,54651.0
2023,8,HOMBRE,55-59,53412.0
2023,8,HOMBRE,60-64,45714.0
2023,8,HOMBRE,65-69,37661.0
2023,8,HOMBRE,70-74,27829.0
2023,8,HOMBRE,75-79,18954.0
2023,8,HOMBRE,80+,20737.0
2023,8,MUJER,0-4,45177.0
2023,8,MUJER,10-14,55097.0
2023,8,MUJER,15-19,53517.0
2023,8,MUJER,20-24,57613.0
2023,8,MUJER,25-29,60646.0
2023,8,MUJER,30-34,65743.0
2023,8,MUJER,35-39,57768.0
2023,8,MUJER,40-44,58684.0
2023,8,MUJER,45-49,57142.0
2023,8,MUJER,5-9,50925.0
2023,8,MUJER,50-54,57603.0
2023,8,MUJER,55-59,56762.0
2023,8,MUJER,60-64,50023.0
2023,8,MUJER,65-69,43644.0
2023,8,MUJER,70-74,33668.0
2023,8,MUJER,75-79,24564.0
2023,8,MUJER,80+,34852.0
2023,9,HOMBRE,0-4,30255.0
2023,9,HOMBRE,10-14,36414.0
2023,9,HOMBRE,15-19,33709.0
2023,9,HOMBRE,20-24,32845.0
2023,9,HOMBRE,25-29,35319.0
2023,9,HOMBRE,30-34,37036.0
2023,9,HOMBRE,35-39,33138.0
2023,9,HOMBRE,40-44,33685.0
2023,9,HOMBRE,45-49,33565.0
2023,9,HOMBRE,5-9,34329.0
2023,9,HOMBRE,50-54,32370.0
2023,9,HOMBRE,55-59,31985.0
2023,9,HOMBRE,60-64,27907.0
2023,9,HOMBRE,65-69,23782.0
2023,9,HOMBRE,70-74,17875.0
2023,9,HOMBRE,75-79,12594.0
2023,9,HOMBRE,80+,14953.0
2023,9,MUJER,0-4,29156.0
2023,9,MUJER,10-14,35091.0
2023,9,MUJER,15-19,32915.0
2023,9,MUJER,20-24,33469.0
2023,9,MUJER,25-29,36795.0
2023,9,MUJER,30-34,39309.0
2023,9,MUJER,35-39,35518.0
2023,9,MUJER,40-44,35491.0
2023,9,MUJER,45-49,35036.0
2023,9,MUJER,5-9,33113.0
2023,9,MUJER,50-54,33151.0
2023,9,MUJER,55-59,32955.0
2023,9,MUJER,60-64,29057.0
2023,9,MUJER,65-69,25669.0
2023,9,MUJER,70-74,20444.0
2023,9,MUJER,75-79,15516.0
2023,9,MUJER,80+,23755.0
2023,10,HOMBRE,0-4,25972.0
2023,10,HOMBRE,10-14,31400.0
2023,10,HOMBRE,15-19,29514.0
2023,10,HOMBRE,20-24,27963.0
2023,10,HOMBRE,25-29,30665.0
2023,10,HOMBRE,30-34,35828.0
2023,10,HOMBRE,35-39,33227.0
2023,10,HOMBRE,40-44,32835.0
2023,10,HOMBRE,45-49,33180.0
2023,10,HOMBRE,5-9,28410.0
2023,10,HOMBRE,50-54,31812.0
2023,10,HOMBRE,55-59,30446.0
2023,10,HOMBRE,60-64,24552.0
2023,10,HOMBRE,65-69,19933.0
2023,10,HOMBRE,70-74,14635.0
2023,10,HOMBRE,75-79,9612.0
2023,10,HOMBRE,80+,11215.0
2023,10,MUJER,0-4,24968.0
2023,10,MUJER,10-14,30362.0
2023,10,MUJER,15-19,29094.0
2023,10,MUJER,20-24,28002.0
2023,10,MUJER,25-29,31273.0
2023,10,MUJER,30-34,35951.0
2023,10,MUJER,35-39,32915.0
2023,10,MUJER,40-44,32245.0
2023,10,MUJER,45-49,32605.0
2023,10,MUJER,5-9,27263.0
2023,10,MUJER,50-54,30369.0
2023,10,MUJER,55-59,29218.0
2023,10,MUJER,60-64,24671.0
2023,10,MUJER,65-69,21097.0
2023,10,MUJER,70-74,16484.0
2023,10,MUJER,75-79,11815.0
2023,10,MUJER,80+,17898.0
2023,11,HOMBRE,0-4,3351.0
2023,11,HOMBRE,10-14,4232.0
2023,11,HOMBRE,15-19,3868.0
2023,11,HOMBRE,20-24,2783.0
2023,11,HOMBRE,25-29,3372.0
2023,11,HOMBRE,30-34,4747.0
2023,11,HOMBRE,35-39,4448.0
2023,11,HOMBRE,40-44,4202.0
2023,11,HOMBRE,45-49,4000.0
2023,11,HOMBRE,5-9,3806.0
2023,11,HOMBRE,50-54,3525.0
2023,11,HOMBRE,55-59,3301.0
2023,11,HOMBRE,60-64,2874.0
2023,11,HOMBRE,65-69,2251.0
2023,11,HOMBRE,70-74,1601.0
2023,11,HOMBRE,75-79,1046.0
2023,11,HOMBRE,80+,1185.0
2023,11,MUJER,0-4,3239.0
2023,11,MUJER,10-14,3946.0
2023,11,MUJER,15-19,3273.0
2023,11,MUJER,20-24,2547.0
2023,11,MUJER,25-29,3531.0
2023,11,MUJER,30-34,5029.0
2023,11,MUJER,35-39,4519.0
2023,11,MUJER,40-44,4076.0
2023,11,MUJER,45-49,3863.0
2023,11,MUJER,5-9,3660.0
2023,11,MUJER,50-54,3370.0
2023,11,MUJER,55-59,3048.0
2023,11,MUJER,60-64,2733.0
2023,11,MUJER,65-69,2375.0
2023,11,MUJER,70-74,1707.0
2023,11,MUJER,75-79,1076.0
2023,11,MUJER,80+,1722.0
2023,12,HOMBRE,0-4,4961.0
2023,12,HOMBRE,10-14,5790.0
2023,12,HOMBRE,15-19,6064.0
2023,12,HOMBRE,20-24,6251.0
2023,12,HOMBRE,25-29,7464.0
2023,12,HOMBRE,30-34,8197.0
2023,12,HOMBRE,35-39,7370.0
2023,12,HOMBRE,40-44,6949.0
2023,12,HOMBRE,45-49,6270.0
2023,12,HOMBRE,5-9,5309.0
2023,12,HOMBRE,50-54,5427.0
2023,12,HOMBRE,55-59,5403.0
2023,12,HOMBRE,60-64,5280.0
2023,12,HOMBRE,65-69,4534.0
2023,12,HOMBRE,70-74,3210.0
2023,12,HOMBRE,75-79,2009.0
2023,12,HOMBRE,80+,2198.0
2023,12,MUJER,0-4,4790.0
2023,12,MUJER,10-14,5513.0
2023,12,MUJER,15-19,5110.0
2023,12,MUJER,20-24,5342.0
2023,12,MUJER,25-29,6876.0
2023,12,MUJER,30-34,7779.0
2023,12,MUJER,35-39,7160.0
2023,12,MUJER,40-44,6662.0
2023,12,MUJER,45-49,6033.0
2023,12,MUJER,5-9,5138.0
2023,12,MUJER,50-54,5252.0
2023,12,MUJER,55-59,5429.0
2023,12,MUJER,60-64,5280.0
2023,12,MUJER,65-69,4415.0
2023,12,MUJER,70-74,3205.0
2023,12,MUJER,75-79,2251.0
2023,12,MUJER,80+,3296.0
2023,13,HOMBRE,0-4,262682.0
2023,13,HOMBRE,10-14,256889.0
2023,13,HOMBRE,15-19,250066.0
2023,13,HOMBRE,20-24,294917.0
2023,13,HOMBRE,25-29,364479.0
2023,13,HOMBRE,30-34,409889.0
2023,13,HOMBRE,35-39,360784.0
2023,13,HOMBRE,40-44,310291.0
2023,13,HOMBRE,45-49,280920.0
2023,13,HOMBRE,5-9,257485.0
2023,13,HOMBRE,50-54,243147.0
2023,13,HOMBRE,55-59,226973.0
2023,13,HOMBRE,60-64,196220.0
2023,13,HOMBRE,65-69,158574.0
2023,13,HOMBRE,70-74,115536.0
2023,13,HOMBRE,75-79,73013.0
2023,13,HOMBRE,80+,76410.0
2023,13,MUJER,0-4,253288.0
2023,13,MUJER,10-14,250278.0
2023,13,MUJER,15-19,244923.0
2023,13,MUJER,20-24,284432.0
2023,13,MUJER,25-29,346267.0
2023,13,MUJER,30-34,383583.0
2023,13,MUJER,35-39,333629.0
2023,13,MUJER,40-44,294160.0
2023,13,MUJER,45-49,276432.0
2023,13,MUJER,5-9,249212.0
2023,13,MUJER,50-54,252055.0
2023,13,MUJER,55-59,246196.0
2023,13,MUJER,60-64,222702.0
2023,13,MUJER,65-69,189934.0
2023,13,MUJER,70-74,147676.0
2023,13,MUJER,75-79,103708.0
2023,13,MUJER,80+,151040.0
2023,14,HOMBRE,0-4,11284.0
2023,14,HOMBRE,10-14,14096.0
2023,14,HOMBRE,15-19,13505.0
2023,14,HOMBRE,20-24,13548.0
2023,14,HOMBRE,25-29,14565.0
2023,14,HOMBRE,30-34,15500.0
2023,14,HOMBRE,35-39,13375.0
2023,14,HOMBRE,40-44,12991.0
2023,14,HOMBRE,45-49,13058.0
2023,14,HOMBRE,5-9,12484.0
2023,14,HOMBRE,50-54,13236.0
2023,14,HOMBRE,55-59,13994.0
2023,14,HOMBRE,60-64,12088.0
2023,14,HOMBRE,65-69,9534.0
2023,14,HOMBRE,70-74,7251.0
2023,14,HOMBRE,75-79,4887.0
2023,14,HOMBRE,80+,5552.0
2023,14,MUJER,0-4,10914.0
2023,14,MUJER,10-14,13680.0
2023,14,MUJER,15-19,13107.0
2023,14,MUJER,20-24,13838.0
2023,14,MUJER,25-29,15165.0
2023,14,MUJER,30-34,16258.0
2023,14,MUJER,35-39,14341.0
2023,14,MUJER,40-44,13377.0
2023,14,MUJER,45-49,13065.0
2023,14,MUJER,5-9,12125.0
2023,14,MUJER,50-54,13428.0
2023,14,MUJER,55-59,14034.0
2023,14,MUJER,60-64,12363.0
2023,14,MUJER,65-69,10417.0
2023,14,MUJER,70-74,8486.0
2023,14,MUJER,75-79,6189.0
2023,14,MUJER,80+,9470.0
2023,15,HOMBRE,0-4,8089.0
2023,15,HOMBRE,10-14,9654.0
2023,15,HOMBRE,15-19,9618.0
2023,15,HOMBRE,20-24,10860.0
2023,15,HOMBRE,25-29,10834.0
2023,15,HOMBRE,30-34,10879.0
2023,15,HOMBRE,35-39,10157.0
2023,15,HOMBRE,40-44,9111.0
2023,15,HOMBRE,45-49,8295.0
2023,15,HOMBRE,5-9,8846.0
2023,15,HOMBRE,50-54,7836.0
2023,15,HOMBRE,55-59,6731.0
2023,15,HOMBRE,60-64,5900.0
2023,15,HOMBRE,65-69,5033.0
2023,15,HOMBRE,70-74,3853.0
2023,15,HOMBRE,75-79,2560.0
2023,15,HOMBRE,80+,2743.0
2023,15,MUJER,0-4,7796.0
2023,15,MUJER,10-14,9236.0
2023,15,MUJER,15-19,8357.0
2023,15,MUJER,20-24,8890.0
2023,15,MUJER,25-29,9691.0
2023,15,MUJER,30-34,10024.0
2023,15,MUJER,35-39,9477.0
2023,15,MUJER,40-44,8760.0
2023,15,MUJER,45-49,8094.0
2023,15,MUJER,5-9,8494.0
2023,15,MUJER,50-54,7791.0
2023,15,MUJER,55-59,7213.0
2023,15,MUJER,60-64,6710.0
2023,15,MUJER,65-69,5699.0
2023,15,MUJER,70-74,4611.0
2023,15,MUJER,75-79,3428.0
2023,15,MUJER,80+,4532.0
2023,16,HOMBRE,0-4,13828.0
2023,16,HOMBRE,10-14,17932.0
2023,16,HOMBRE,15-19,16868.0
2023,16,HOMBRE,20-24,14640.0
2023,16,HOMBRE,25-29,15761.0
2023,16,HOMBRE,30-34,17653.0
2023,16,HOMBRE,35-39,15971.0
2023,16,HOMBRE,40-44,15520.0
2023,16,HOMBRE,45-49,15906.0
2023,16,HOMBRE,5-9,16236.0
2023,16,HOMBRE,50-54,17488.0
2023,16,HOMBRE,55-59,17677.0
2023,16,HOMBRE,60-64,15659.0
2023,16,HOMBRE,65-69,13258.0
2023,16,HOMBRE,70-74,10376.0
2023,16,HOMBRE,75-79,7328.0
2023,16,HOMBRE,80+,8399.0
2023,16,MUJER,0-4,13258.0
2023,16,MUJER,10-14,16376.0
2023,16,MUJER,15-19,15824.0
2023,16,MUJER,20-24,15936.0
2023,16,MUJER,25-29,17507.0
2023,16,MUJER,30-34,19102.0
2023,16,MUJER,35-39,18002.0
2023,16,MUJER,40-44,17600.0
2023,16,MUJER,45-49,18134.0
2023,16,MUJER,5-9,15265.0
2023,16,MUJER,50-54,19302.0
2023,16,MUJER,55-59,18403.0
2023,16,MUJER,60-64,16750.0
2023,16,MUJER,65-69,14449.0
2023,16,MUJER,70-74,11516.0
2023,16,MUJER,75-79,8601.0
2023,16,MUJER,80+,12912.0
2024,1,HOMBRE,0-4,15254.0
2024,1,HOMBRE,10-14,15522.0
2024,1,HOMBRE,15-19,14236.0
2024,1,HOMBRE,20-24,14374.0
2024,1,HOMBRE,25-29,18062.0
2024,1,HOMBRE,30-34,19969.0
2024,1,HOMBRE,35-39,17343.0
2024,1,HOMBRE,40-44,15235.0
2024,1,HOMBRE,45-49,13200.0
2024,1,HOMBRE,5-9,14796.0
2024,1,HOMBRE,50-54,11192.0
2024,1,HOMBRE,55-59,9449.0
2024,1,HOMBRE,60-64,8452.0
2024,1,HOMBRE,65-69,6913.0
2024,1,HOMBRE,70-74,4909.0
2024,1,HOMBRE,75-79,2844.0
2024,1,HOMBRE,80+,2878.0
2024,1,MUJER,0-4,14619.0
2024,1,MUJER,10-14,15012.0
2024,1,MUJER,15-19,13543.0
2024,1,MUJER,20-24,13703.0
2024,1,MUJER,25-29,17676.0
2024,1,MUJER,30-34,18936.0
2024,1,MUJER,35-39,16540.0
2024,1,MUJER,40-44,14736.0
2024,1,MUJER,45-49,12614.0
2024,1,MUJER,5-9,14219.0
2024,1,MUJER,50-54,11096.0
2024,1,MUJER,55-59,9581.0
2024,1,MUJER,60-64,8742.0
2024,1,MUJER,65-69,7341.0
2024,1,MUJER,70-74,5510.0
2024,1,MUJER,75-79,3484.0
2024,1,MUJER,80+,4307.0
2024,2,HOMBRE,0-4,24825.0
2024,2,HOMBRE,10-14,25468.0
2024,2,HOMBRE,15-19,25016.0
2024,2,HOMBRE,20-24,26471.0
2024,2,HOMBRE,25-29,32427.0
2024,2,HOMBRE,30-34,34918.0
2024,2,HOMBRE,35-39,31022.0
2024,2,HOMBRE,40-44,27686.0
2024,2,HOMBRE,45-49,25508.0
2024,2,HOMBRE,5-9,23470.0
2024,2,HOMBRE,50-54,22180.0
2024,2,HOMBRE,55-59,17945.0
2024,2,HOMBRE,60-64,15751.0
2024,2,HOMBRE,65-69,12115.0
2024,2,HOMBRE,70-74,8326.0
2024,2,HOMBRE,75-79,4150.0
2024,2,HOMBRE,80+,3731.0
2024,2,MUJER,0-4,23805.0
2024,2,MUJER,10-14,23925.0
2024,2,MUJER,15-19,23275.0
2024,2,MUJER,20-24,25141.0
2024,2,MUJER,25-29,31703.0
2024,2,MUJER,30-34,34196.0
2024,2,MUJER,35-39,30287.0
2024,2,MUJER,40-44,26950.0
2024,2,MUJER,45-49,24971.0
2024,2,MUJER,5-9,22098.0
2024,2,MUJER,50-54,21541.0
2024,2,MUJER,55-59,17549.0
2024,2,MUJER,60-64,16060.0
2024,2,MUJER,65-69,12829.0
2024,2,MUJER,70-74,9587.0
2024,2,MUJER,75-79,5722.0
2024,2,MUJER,80+,7584.0
2024,3,HOMBRE,0-4,10437.0
2024,3,HOMBRE,10-14,12851.0
2024,3,HOMBRE,15-19,11077.0
2024,3,HOMBRE,20-24,10062.0
2024,3,HOMBRE,25-29,11637.0
2024,3,HOMBRE,30-34,13719.0
2024,3,HOMBRE,35-39,12978.0
2024,3,HOMBRE,40-44,11214.0
2024,3,HOMBRE,45-49,10356.0
2024,3,HOMBRE,5-9,11255.0
2024,3,HOMBRE,50-54,9657.0
2024,3,HOMBRE,55-59,9410.0
2024,3,HOMBRE,60-64,8554.0
2024,3,HOMBRE,65-69,6976.0
2024,3,HOMBRE,70-74,5000.0
2024,3,HOMBRE,75-79,3005.0
2024,3,HOMBRE,80+,3143.0
2024,3,MUJER,0-4,10041.0
2024,3,MUJER,10-14,12338.0
2024,3,MUJER,15-19,10281.0
2024,3,MUJER,20-24,9306.0
2024,3,MUJER,25-29,11222.0
2024,3,MUJER,30-34,13163.0
2024,3,MUJER,35-39,12297.0
2024,3,MUJER,40-44,10589.0
2024,3,MUJER,45-49,9576.0
2024,3,MUJER,5-9,10820.0
2024,3,MUJER,50-54,9152.0
2024,3,MUJER,55-59,9330.0
2024,3,MUJER,60-64,8803.0
2024,3,MUJER,65-69,7328.0
2024,3,MUJER,70-74,5565.0
2024,3,MUJER,75-79,3743.0
2024,3,MUJER,80+,5107.0
2024,4,HOMBRE,0-4,25813.0
2024,4,HOMBRE,10-14,32290.0
2024,4,HOMBRE,15-19,28976.0
2024,4,HOMBRE,20-24,28577.0
2024,4,HOMBRE,25-29,31481.0
2024,4,HOMBRE,30-34,34222.0
2024,4,HOMBRE,35-39,31222.0
2024,4,HOMBRE,40-44,28898.0
2024,4,HOMBRE,45-49,27863.0
2024,4,HOMBRE,5-9,28619.0
2024,4,HOMBRE,50-54,26568.0
2024,4,HOMBRE,55-59,25733.0
2024,4,HOMBRE,60-64,22641.0
2024,4,HOMBRE,65-69,19570.0
2024,4,HOMBRE,70-74,14933.0
2024,4,HOMBRE,75-79,10228.0
2024,4,HOMBRE,80+,12614.0
2024,4,MUJER,0-4,24882.0
2024,4,MUJER,10-14,31305.0
2024,4,MUJER,15-19,28135.0
2024,4,MUJER,20-24,27927.0
2024,4,MUJER,25-29,30941.0
2024,4,MUJER,30-34,34371.0
2024,4,MUJER,35-39,32622.0
2024,4,MUJER,40-44,30220.0
2024,4,MUJER,45-49,29334.0
2024,4,MUJER,5-9,27648.0
2024,4,MUJER,50-54,28170.0
2024,4,MUJER,55-59,27740.0
2024,4,MUJER,60-64,24730.0
2024,4,MUJER,65-69,21628.0
2024,4,MUJER,70-74,17351.0
2024,4,MUJER,75-79,12795.0
2024,4,MUJER,80+,19220.0
2024,5,HOMBRE,0-4,55310.0
2024,5,HOMBRE,10-14,65252.0
2024,5,HOMBRE,15-19,64581.0
2024,5,HOMBRE,20-24,70628.0
2024,5,HOMBRE,25-29,75484.0
2024,5,HOMBRE,30-34,77037.0
2024,5,HOMBRE,35-39,70856.0
2024,5,HOMBRE,40-44,68406.0
2024,5,HOMBRE,45-49,62485.0
2024,5,HOMBRE,5-9,60298.0
2024,5,HOMBRE,50-54,58670.0
2024,5,HOMBRE,55-59,59281.0
2024,5,HOMBRE,60-64,56266.0
2024,5,HOMBRE,65-69,48942.0
2024,5,HOMBRE,70-74,38448.0
2024,5,HOMBRE,75-79,27022.0
2024,5,HOMBRE,80+,31382.0
2024,5,MUJER,0-4,52952.0
2024,5,MUJER,10-14,62957.0
2024,5,MUJER,15-19,62566.0
2024,5,MUJER,20-24,66730.0
2024,5,MUJER,25-29,71403.0
2024,5,MUJER,30-34,75780.0
2024,5,MUJER,35-39,70838.0
2024,5,MUJER,40-44,68880.0
2024,5,MUJER,45-49,64980.0
2024,5,MUJER,5-9,57850.0
2024,5,MUJER,50-54,61768.0
2024,5,MUJER,55-59,64542.0
2024,5,MUJER,60-64,63433.0
2024,5,MUJER,65-69,56468.0
2024,5,MUJER,70-74,46109.0
2024,5,MUJER,75-79,34855.0
2024,5,MUJER,80+,53234.0
2024,6,HOMBRE,0-4,29244.0
2024,6,HOMBRE,10-14,35412.0
2024,6,HOMBRE,15-19,31806.0
2024,6,HOMBRE,20-24,27839.0
2024,6,HOMBRE,25-29,34003.0
2024,6,HOMBRE,30-34,39584.0
2024,6,HOMBRE,35-39,37425.0
2024,6,HOMBRE,40-44,36902.0
2024,6,HOMBRE,45-49,36521.0
2024,6,HOMBRE,5-9,32622.0
2024,6,HOMBRE,50-54,33794.0
2024,6,HOMBRE,55-59,33663.0
2024,6,HOMBRE,60-64,30465.0
2024,6,HOMBRE,65-69,25469.0
2024,6,HOMBRE,70-74,19572.0
2024,6,HOMBRE,75-79,13288.0
2024,6,HOMBRE,80+,14888.0
2024,6,MUJER,0-4,28061.0
2024,6,MUJER,10-14,33878.0
2024,6,MUJER,15-19,30329.0
2024,6,MUJER,20-24,26375.0
2024,6,MUJER,25-29,32400.0
2024,6,MUJER,30-34,39048.0
2024,6,MUJER,35-39,37366.0
2024,6,MUJER,40-44,35756.0
2024,6,MUJER,45-49,35700.0
2024,6,MUJER,5-9,31300.0
2024,6,MUJER,50-54,33457.0
2024,6,MUJER,55-59,33612.0
2024,6,MUJER,60-64,31053.0
2024,6,MUJER,65-69,26831.0
2024,6,MUJER,70-74,21478.0
2024,6,MUJER,75-79,15186.0
2024,6,MUJER,80+,21259.0
2024,7,HOMBRE,0-4,33867.0
2024,7,HOMBRE,10-14,39804.0
2024,7,HOMBRE,15-19,37313.0
2024,7,HOMBRE,20-24,35440.0
2024,7,HOMBRE,25-29,38687.0
2024,7,HOMBRE,30-34,42975.0
2024,7,HOMBRE,35-39,39385.0
2024,7,HOMBRE,40-44,38609.0
2024,7,HOMBRE,45-49,39119.0
2024,7,HOMBRE,5-9,37825.0
2024,7,HOMBRE,50-54,36383.0
2024,7,HOMBRE,55-59,37292.0
2024,7,HOMBRE,60-64,34122.0
2024,7,HOMBRE,65-69,28742.0
2024,7,HOMBRE,70-74,22743.0
2024,7,HOMBRE,75-79,15168.0
2024,7,HOMBRE,80+,16574.0
2024,7,MUJER,0-4,32718.0
2024,7,MUJER,10-14,38157.0
2024,7,MUJER,15-19,36071.0
2024,7,MUJER,20-24,35385.0
2024,7,MUJER,25-29,38748.0
2024,7,MUJER,30-34,43969.0
2024,7,MUJER,35-39,41510.0
2024,7,MUJER,40-44,40365.0
2024,7,MUJER,45-49,40781.0
2024,7,MUJER,5-9,36461.0
2024,7,MUJER,50-54,38092.0
2024,7,MUJER,55-59,39189.0
2024,7,MUJER,60-64,35980.0
2024,7,MUJER,65-69,31383.0
2024,7,MUJER,70-74,25961.0
2024,7,MUJER,75-79,18122.0
2024,7,MUJER,80+,25042.0
2024,8,HOMBRE,0-4,46630.0
2024,8,HOMBRE,10-14,57023.0
2024,8,HOMBRE,15-19,55731.0
2024,8,HOMBRE,20-24,56461.0
2024,8,HOMBRE,25-29,58745.0
2024,8,HOMBRE,30-34,64416.0
2024,8,HOMBRE,35-39,56458.0
2024,8,HOMBRE,40-44,54568.0
2024,8,HOMBRE,45-49,53639.0
2024,8,HOMBRE,5-9,51570.0
2024,8,HOMBRE,50-54,54443.0
2024,8,HOMBRE,55-59,53817.0
2024,8,HOMBRE,60-64,47006.0
2024,8,HOMBRE,65-69,38616.0
2024,8,HOMBRE,70-74,29286.0
2024,8,HOMBRE,75-79,19774.0
2024,8,HOMBRE,80+,21739.0
2024,8,MUJER,0-4,44930.0
2024,8,MUJER,10-14,54702.0
2024,8,MUJER,15-19,53868.0
2024,8,MUJER,20-24,55878.0
2024,8,MUJER,25-29,59257.0
2024,8,MUJER,30-34,65276.0
2024,8,MUJER,35-39,59287.0
2024,8,MUJER,40-44,58762.0
2024,8,MUJER,45-49,56987.0
2024,8,MUJER,5-9,49621.0
2024,8,MUJER,50-54,57493.0
2024,8,MUJER,55-59,57253.0
2024,8,MUJER,60-64,51247.0
2024,8,MUJER,65-69,44507.0
2024,8,MUJER,70-74,35605.0
2024,8,MUJER,75-79,25362.0
2024,8,MUJER,80+,36268.0
2024,9,HOMBRE,0-4,30052.0
2024,9,HOMBRE,10-14,36053.0
2024,9,HOMBRE,15-19,34028.0
2024,9,HOMBRE,20-24,31808.0
2024,9,HOMBRE,25-29,34665.0
2024,9,HOMBRE,30-34,36827.0
2024,9,HOMBRE,35-39,33844.0
2024,9,HOMBRE,40-44,33742.0
2024,9,HOMBRE,45-49,33462.0
2024,9,HOMBRE,5-9,33722.0
2024,9,HOMBRE,50-54,32429.0
2024,9,HOMBRE,55-59,32261.0
2024,9,HOMBRE,60-64,28575.0
2024,9,HOMBRE,65-69,24491.0
2024,9,HOMBRE,70-74,18803.0
2024,9,HOMBRE,75-79,13011.0
2024,9,HOMBRE,80+,15665.0
2024,9,MUJER,0-4,28945.0
2024,9,MUJER,10-14,34759.0
2024,9,MUJER,15-19,33185.0
2024,9,MUJER,20-24,32514.0
2024,9,MUJER,25-29,35978.0
2024,9,MUJER,30-34,39213.0
2024,9,MUJER,35-39,36184.0
2024,9,MUJER,40-44,35730.0
2024,9,MUJER,45-49,35086.0
2024,9,MUJER,5-9,32532.0
2024,9,MUJER,50-54,33291.0
2024,9,MUJER,55-59,33298.0
2024,9,MUJER,60-64,29774.0
2024,9,MUJER,65-69,26296.0
2024,9,MUJER,70-74,21436.0
2024,9,MUJER,75-79,15898.0
2024,9,MUJER,80+,24607.0
2024,10,HOMBRE,0-4,25837.0
2024,10,HOMBRE,10-14,30447.0
2024,10,HOMBRE,15-19,30047.0
2024,10,HOMBRE,20-24,27376.0
2024,10,HOMBRE,25-29,30024.0
2024,10,HOMBRE,30-34,35341.0
2024,10,HOMBRE,35-39,34032.0
2024,10,HOMBRE,40-44,33006.0
2024,10,HOMBRE,45-49,33024.0
2024,10,HOMBRE,5-9,27903.0
2024,10,HOMBRE,50-54,32075.0
2024,10,HOMBRE,55-59,30840.0
2024,10,HOMBRE,60-64,25676.0
2024,10,HOMBRE,65-69,20455.0
2024,10,HOMBRE,70-74,15511.0
2024,10,HOMBRE,75-79,10072.0
2024,10,HOMBRE,80+,11747.0
2024,10,MUJER,0-4,24843.0
2024,10,MUJER,10-14,29441.0
2024,10,MUJER,15-19,29584.0
2024,10,MUJER,20-24,27469.0
2024,10,MUJER,25-29,30741.0
2024,10,MUJER,30-34,35587.0
2024,10,MUJER,35-39,33655.0
2024,10,MUJER,40-44,32342.0
2024,10,MUJER,45-49,32629.0
2024,10,MUJER,5-9,26775.0
2024,10,MUJER,50-54,30742.0
2024,10,MUJER,55-59,29603.0
2024,10,MUJER,60-64,25556.0
2024,10,MUJER,65-69,21604.0
2024,10,MUJER,70-74,17381.0
2024,10,MUJER,75-79,12263.0
2024,10,MUJER,80+,18543.0
2024,11,HOMBRE,0-4,3324.0
2024,11,HOMBRE,10-14,4097.0
2024,11,HOMBRE,15-19,3964.0
2024,11,HOMBRE,20-24,2742.0
2024,11,HOMBRE,25-29,3254.0
2024,11,HOMBRE,30-34,4602.0
2024,11,HOMBRE,35-39,4616.0
2024,11,HOMBRE,40-44,4204.0
2024,11,HOMBRE,45-49,4025.0
2024,11,HOMBRE,5-9,3695.0
2024,11,HOMBRE,50-54,3556.0
2024,11,HOMBRE,55-59,3306.0
2024,11,HOMBRE,60-64,2941.0
2024,11,HOMBRE,65-69,2320.0
2024,11,HOMBRE,70-74,1682.0
2024,11,HOMBRE,75-79,1088.0
2024,11,HOMBRE,80+,1235.0
2024,11,MUJER,0-4,3215.0
2024,11,MUJER,10-14,3816.0
2024,11,MUJER,15-19,3358.0
2024,11,MUJER,20-24,2472.0
2024,11,MUJER,25-29,3425.0
2024,11,MUJER,30-34,4897.0
2024,11,MUJER,35-39,4682.0
2024,11,MUJER,40-44,4124.0
2024,11,MUJER,45-49,3882.0
2024,11,MUJER,5-9,3555.0
2024,11,MUJER,50-54,3444.0
2024,11,MUJER,55-59,3075.0
2024,11,MUJER,60-64,2772.0
2024,11,MUJER,65-69,2428.0
2024,11,MUJER,70-74,1840.0
2024,11,MUJER,75-79,1129.0
2024,11,MUJER,80+,1773.0
2024,12,HOMBRE,0-4,4960.0
2024,12,HOMBRE,10-14,5677.0
2024,12,HOMBRE,15-19,6111.0
2024,12,HOMBRE,20-24,6093.0
2024,12,HOMBRE,25-29,7413.0
2024,12,HOMBRE,30-34,8167.0
2024,12,HOMBRE,35-39,7629.0
2024,12,HOMBRE,40-44,6964.0
2024,12,HOMBRE,45-49,6397.0
2024,12,HOMBRE,5-9,5216.0
2024,12,HOMBRE,50-54,5515.0
2024,12,HOMBRE,55-59,5354.0
2024,12,HOMBRE,60-64,5263.0
2024,12,HOMBRE,65-69,4647.0
2024,12,HOMBRE,70-74,3424.0
2024,12,HOMBRE,75-79,2095.0
2024,12,HOMBRE,80+,2301.0
2024,12,MUJER,0-4,4790.0
2024,12,MUJER,10-14,5413.0
2024,12,MUJER,15-19,5167.0
2024,12,MUJER,20-24,5177.0
2024,12,MUJER,25-29,6778.0
2024,12,MUJER,30-34,7730.0
2024,12,MUJER,35-39,7336.0
2024,12,MUJER,40-44,6754.0
2024,12,MUJER,45-49,6147.0
2024,12,MUJER,5-9,5038.0
2024,12,MUJER,50-54,5308.0
2024,12,MUJER,55-59,5354.0
2024,12,MUJER,60-64,5330.0
2024,12,MUJER,65-69,4568.0
2024,12,MUJER,70-74,3413.0
2024,12,MUJER,75-79,2309.0
2024,12,MUJER,80+,3397.0
2024,13,HOMBRE,0-4,264633.0
2024,13,HOMBRE,10-14,256589.0
2024,13,HOMBRE,15-19,252465.0
2024,13,HOMBRE,20-24,285760.0
2024,13,HOMBRE,25-29,351640.0
2024,13,HOMBRE,30-34,406011.0
2024,13,HOMBRE,35-39,373234.0
2024,13,HOMBRE,40-44,318443.0
2024,13,HOMBRE,45-49,285062.0
2024,13,HOMBRE,5-9,254656.0
2024,13,HOMBRE,50-54,247540.0
2024,13,HOMBRE,55-59,228879.0
2024,13,HOMBRE,60-64,200973.0
2024,13,HOMBRE,65-69,163082.0
2024,13,HOMBRE,70-74,121786.0
2024,13,HOMBRE,75-79,76680.0
2024,13,HOMBRE,80+,79411.0
2024,13,MUJER,0-4,255080.0
2024,13,MUJER,10-14,249950.0
2024,13,MUJER,15-19,247234.0
2024,13,MUJER,20-24,275887.0
2024,13,MUJER,25-29,334703.0
2024,13,MUJER,30-34,380680.0
2024,13,MUJER,35-39,345116.0
2024,13,MUJER,40-44,299773.0
2024,13,MUJER,45-49,278371.0
2024,13,MUJER,5-9,246342.0
2024,13,MUJER,50-54,254388.0
2024,13,MUJER,55-59,246554.0
2024,13,MUJER,60-64,226775.0
2024,13,MUJER,65-69,194288.0
2024,13,MUJER,70-74,155358.0
2024,13,MUJER,75-79,107812.0
2024,13,MUJER,80+,155574.0
2024,14,HOMBRE,0-4,11272.0
2024,14,HOMBRE,10-14,13935.0
2024,14,HOMBRE,15-19,13657.0
2024,14,HOMBRE,20-24,13057.0
2024,14,HOMBRE,25-29,14147.0
2024,14,HOMBRE,30-34,15524.0
2024,14,HOMBRE,35-39,13899.0
2024,14,HOMBRE,40-44,13084.0
2024,14,HOMBRE,45-49,12890.0
2024,14,HOMBRE,5-9,12181.0
2024,14,HOMBRE,50-54,13101.0
2024,14,HOMBRE,55-59,13915.0
2024,14,HOMBRE,60-64,12578.0
2024,14,HOMBRE,65-69,9793.0
2024,14,HOMBRE,70-74,7626.0
2024,14,HOMBRE,75-79,5084.0
2024,14,HOMBRE,80+,5797.0
2024,14,MUJER,0-4,10900.0
2024,14,MUJER,10-14,13531.0
2024,14,MUJER,15-19,13280.0
2024,14,MUJER,20-24,13387.0
2024,14,MUJER,25-29,14800.0
2024,14,MUJER,30-34,16284.0
2024,14,MUJER,35-39,14837.0
2024,14,MUJER,40-44,13605.0
2024,14,MUJER,45-49,12880.0
2024,14,MUJER,5-9,11835.0
2024,14,MUJER,50-54,13323.0
2024,14,MUJER,55-59,14048.0
2024,14,MUJER,60-64,12830.0
2024,14,MUJER,65-69,10624.0
2024,14,MUJER,70-74,8887.0
2024,14,MUJER,75-79,6388.0
2024,14,MUJER,80+,9807.0
2024,15,HOMBRE,0-4,8082.0
2024,15,HOMBRE,10-14,9614.0
2024,15,HOMBRE,15-19,9765.0
2024,15,HOMBRE,20-24,10752.0
2024,15,HOMBRE,25-29,10849.0
2024,15,HOMBRE,30-34,10799.0
2024,15,HOMBRE,35-39,10425.0
2024,15,HOMBRE,40-44,9362.0
2024,15,HOMBRE,45-49,8317.0
2024,15,HOMBRE,5-9,8574.0
2024,15,HOMBRE,50-54,8035.0
2024,15,HOMBRE,55-59,6825.0
2024,15,HOMBRE,60-64,6050.0
2024,15,HOMBRE,65-69,5089.0
2024,15,HOMBRE,70-74,4047.0
2024,15,HOMBRE,75-79,2642.0
2024,15,HOMBRE,80+,2898.0
2024,15,MUJER,0-4,7799.0
2024,15,MUJER,10-14,9242.0
2024,15,MUJER,15-19,8477.0
2024,15,MUJER,20-24,8714.0
2024,15,MUJER,25-29,9598.0
2024,15,MUJER,30-34,9942.0
2024,15,MUJER,35-39,9663.0
2024,15,MUJER,40-44,8943.0
2024,15,MUJER,45-49,8109.0
2024,15,MUJER,5-9,8232.0
2024,15,MUJER,50-54,7934.0
2024,15,MUJER,55-59,7197.0
2024,15,MUJER,60-64,6888.0
2024,15,MUJER,65-69,5802.0
2024,15,MUJER,70-74,4820.0
2024,15,MUJER,75-79,3517.0
2024,15,MUJER,80+,4777.0
2024,16,HOMBRE,0-4,13765.0
2024,16,HOMBRE,10-14,17680.0
2024,16,HOMBRE,15-19,17031.0
2024,16,HOMBRE,20-24,14272.0
2024,16,HOMBRE,25-29,15313.0
2024,16,HOMBRE,30-34,17408.0
2024,16,HOMBRE,35-39,16452.0
2024,16,HOMBRE,40-44,15538.0
2024,16,HOMBRE,45-49,15615.0
2024,16,HOMBRE,5-9,15947.0
2024,16,HOMBRE,50-54,17367.0
2024,16,HOMBRE,55-59,17729.0
2024,16,HOMBRE,60-64,16074.0
2024,16,HOMBRE,65-69,13704.0
2024,16,HOMBRE,70-74,10776.0
2024,16,HOMBRE,75-79,7704.0
2024,16,HOMBRE,80+,8857.0
2024,16,MUJER,0-4,13196.0
2024,16,MUJER,10-14,16133.0
2024,16,MUJER,15-19,15925.0
2024,16,MUJER,20-24,15551.0
2024,16,MUJER,25-29,17087.0
2024,16,MUJER,30-34,18987.0
2024,16,MUJER,35-39,18463.0
2024,16,MUJER,40-44,17775.0
2024,16,MUJER,45-49,17841.0
2024,16,MUJER,5-9,14996.0
2024,16,MUJER,50-54,19370.0
2024,16,MUJER,55-59,18674.0
2024,16,MUJER,60-64,17115.0
2024,16,MUJER,65-69,14966.0
2024,16,MUJER,70-74,11966.0
2024,16,MUJER,75-79,8994.0
2024,16,MUJER,80+,13440.0
