year,code,IdRegion,IdComuna,Col01,Col02,Col03,total_known,rows,rows_total_known,reporting_establishments
2017,05225000,1,01101,36,27,9,36,22,22,6
2017,05225000,1,01107,3,3,0,3,2,2,2
2017,05225000,10,10101,2,2,0,2,2,2,2
2017,05225000,10,10102,4,3,1,4,4,4,1
2017,05225000,10,10203,7,4,3,7,4,4,1
2017,05225000,10,10208,2,2,0,2,2,2,2
2017,05225000,10,10307,1,0,1,1,1,1,1
2017,05225000,10,10403,1,1,0,1,1,1,1
2017,05225000,11,11101,1,1,0,1,1,1,1
2017,05225000,11,11201,0,0,0,0,1,1,1
2017,05225000,12,12401,1,1,0,1,1,1,1
2017,05225000,13,13101,30,18,12,30,19,19,5
2017,05225000,13,13102,7,5,2,7,9,9,2
2017,05225000,13,13103,14,6,8,14,1,1,1
2017,05225000,13,13104,4,1,3,4,3,3,3
2017,05225000,13,13105,0,0,0,0,1,1,1
2017,05225000,13,13106,1,0,1,1,1,1,1
2017,05225000,13,13107,1,1,0,1,3,3,1
2017,05225000,13,13108,3,2,1,3,4,4,3
2017,05225000,13,13110,33,25,8,33,18,18,9
2017,05225000,13,13111,1,0,1,1,1,1,1
2017,05225000,13,13112,1,1,0,1,1,1,1
2017,05225000,13,13113,3,3,0,3,1,1,1
2017,05225000,13,13114,4,3,1,4,3,3,1
2017,05225000,13,13116,1,1,0,1,1,1,1
2017,05225000,13,13117,4,3,1,4,3,3,2
2017,05225000,13,13118,7,6,1,7,4,4,1
2017,05225000,13,13119,15,13,2,15,12,12,6
2017,05225000,13,13120,2,2,0,2,2,2,2
2017,05225000,13,13121,4,4,0,4,5,5,3
2017,05225000,13,13122,27,15,12,27,12,12,5
2017,05225000,13,13123,14,9,5,14,9,9,4
2017,05225000,13,13124,10,6,4,10,9,9,4
2017,05225000,13,13125,4,4,0,4,5,5,2
2017,05225000,13,13126,2,2,0,2,2,2,2
2017,05225000,13,13127,2,1,1,2,4,4,3
2017,05225000,13,13128,11,10,1,11,9,9,4
2017,05225000,13,13129,13,9,4,13,7,7,2
2017,05225000,13,13130,2,2,0,2,4,4,2
2017,05225000,13,13131,17,12,5,17,10,10,5
2017,05225000,13,13132,2,2,0,2,2,2,2
2017,05225000,13,13201,8,5,3,8,6,6,3
2017,05225000,13,13203,2,2,0,2,1,1,1
2017,05225000,13,13301,13,9,4,13,6,6,3
2017,05225000,13,13302,5,3,2,5,5,5,2
2017,05225000,13,13303,2,1,1,2,1,1,1
2017,05225000,13,13401,18,15,3,18,11,11,3
2017,05225000,13,13402,2,1,1,2,8,8,5
2017,05225000,13,13404,3,3,0,3,3,3,1
2017,05225000,13,13501,6,6,0,6,5,5,3
2017,05225000,13,13504,2,2,0,2,2,2,1
2017,05225000,13,13601,1,1,0,1,1,1,1
2017,05225000,13,13603,3,2,1,3,9,9,4
2017,05225000,13,13604,1,0,1,1,1,1,1
2017,05225000,13,13605,1,1,0,1,2,2,2
2017,05225000,14,14101,8,7,1,8,6,6,3
2017,05225000,14,14106,1,1,0,1,1,1,1
2017,05225000,14,14108,1,1,0,1,2,2,2
2017,05225000,14,14201,1,0,1,1,1,1,1
2017,05225000,15,15101,28,23,5,28,45,45,9
2017,05225000,2,02101,30,24,6,30,28,28,8
2017,05225000,2,02201,2,2,0,2,2,2,2
2017,05225000,3,03101,2,2,0,2,2,2,1
2017,05225000,3,03302,4,2,2,4,2,2,2
2017,05225000,3,03303,1,1,0,1,1,1,1
2017,05225000,4,04101,10,4,6,10,19,19,6
2017,05225000,4,04102,8,5,3,8,7,7,3
2017,05225000,4,04105,0,0,0,0,1,1,1
2017,05225000,4,04106,0,0,0,0,2,2,1
2017,05225000,4,04201,15,12,3,15,5,5,1
2017,05225000,4,04203,3,3,0,3,2,2,2
2017,05225000,4,04204,3,1,2,3,2,2,2
2017,05225000,4,04301,4,2,2,4,3,3,2
2017,05225000,4,04303,1,1,0,1,1,1,1
2017,05225000,5,05101,3,2,1,3,5,5,5
2017,05225000,5,05103,2,2,0,2,2,2,2
2017,05225000,5,05105,1,1,0,1,1,1,1
2017,05225000,5,05109,9,5,4,9,9,9,7
2017,05225000,5,05201,0,0,0,0,1,1,1
2017,05225000,5,05301,2,2,0,2,2,2,2
2017,05225000,5,05302,1,0,1,1,2,2,1
2017,05225000,5,05405,1,0,1,1,1,1,1
2017,05225000,5,05501,5,4,1,5,4,4,2
2017,05225000,5,05502,1,0,1,1,1,1,1
2017,05225000,5,05506,1,1,0,1,1,1,1
2017,05225000,5,05601,6,5,1,6,7,7,4
2017,05225000,5,05604,0,0,0,0,1,1,1
2017,05225000,5,05605,1,1,0,1,1,1,1
2017,05225000,5,05701,13,10,3,13,13,13,5
2017,05225000,5,05702,1,1,0,1,1,1,1
2017,05225000,5,05704,2,1,1,2,1,1,1
2017,05225000,5,05705,5,3,2,5,3,3,1
2017,05225000,5,05801,9,8,1,9,9,9,4
2017,05225000,5,05803,1,1,0,1,1,1,1
2017,05225000,5,05804,2,2,0,2,6,6,2
2017,05225000,6,06101,5,4,1,5,9,9,5
2017,05225000,6,06104,2,2,0,2,1,1,1
2017,05225000,6,06105,1,0,1,1,1,1,1
2017,05225000,6,06106,1,0,1,1,1,1,1
2017,05225000,6,06108,1,1,0,1,1,1,1
2017,05225000,6,06111,0,0,0,0,1,1,1
2017,05225000,6,06112,1,1,0,1,2,2,1
2017,05225000,6,06116,0,0,0,0,1,1,1
2017,05225000,6,06117,1,1,0,1,1,1,1
2017,05225000,6,06201,1,0,1,1,2,2,1
2017,05225000,6,06301,4,3,1,4,7,7,3
2017,05225000,6,06303,1,1,0,1,3,3,1
2017,05225000,6,06309,6,4,2,6,4,4,2
2017,05225000,6,06310,2,1,1,2,2,2,1
2017,05225000,7,07101,4,4,0,4,6,6,3
2017,05225000,7,07105,5,1,4,5,4,4,2
2017,05225000,7,07201,3,2,1,3,2,2,2
2017,05225000,7,07301,15,12,3,15,6,6,1
2017,05225000,7,07304,0,0,0,0,1,1,1
2017,05225000,7,07401,3,3,0,3,2,2,1
2017,05225000,7,07404,2,2,0,2,1,1,1
2017,05225000,8,08101,8,5,3,8,10,10,7
2017,05225000,8,08102,4,4,0,4,3,3,3
2017,05225000,8,08103,3,2,1,3,3,3,2
2017,05225000,8,08104,0,0,0,0,1,1,1
2017,05225000,8,08106,5,5,0,5,6,6,2
2017,05225000,8,08107,4,3,1,4,5,5,2
2017,05225000,8,08108,6,6,0,6,6,6,3
2017,05225000,8,08110,27,21,6,27,13,13,4
2017,05225000,8,08111,4,4,0,4,6,6,3
2017,05225000,8,08112,5,4,1,5,5,5,3
2017,05225000,8,08201,1,1,0,1,1,1,1
2017,05225000,8,08202,4,2,2,4,3,3,1
2017,05225000,8,08203,5,1,4,5,5,5,2
2017,05225000,8,08205,1,0,1,1,2,2,1
2017,05225000,8,08301,3,2,1,3,3,3,3
2017,05225000,8,08304,0,0,0,0,2,2,2
2017,05225000,8,08306,0,0,0,0,1,1,1
2017,05225000,8,08401,5,2,3,5,8,8,5
2017,05225000,8,08402,1,0,1,1,1,1,1
2017,05225000,8,08406,1,1,0,1,1,1,1
2017,05225000,8,08413,1,0,1,1,1,1,1
2017,05225000,8,08416,0,0,0,0,4,4,1
2017,05225000,9,09101,7,5,2,7,7,7,2
2017,05225000,9,09110,1,0,1,1,1,1,1
2017,05225000,9,09112,3,2,1,3,6,6,3
2017,05225000,9,09114,3,2,1,3,3,3,2
2017,05225000,9,09115,6,6,0,6,2,2,1
2017,05225000,9,09120,4,1,3,4,2,2,2
2017,05225000,9,09201,11,8,3,11,6,6,1
2017,05225000,9,09204,0,0,0,0,1,1,1
2017,05225000,9,09206,1,1,0,1,1,1,1
2017,05225000,9,09210,1,0,1,1,2,2,1
2017,05225000,9,09211,1,1,0,1,1,1,1
2017,06902600,1,01101,31,26,5,31,25,25,6
2017,06902600,1,01107,62,54,8,62,21,21,4
2017,06902600,10,10101,22,18,4,22,18,18,9
2017,06902600,10,10102,2,2,0,2,2,2,1
2017,06902600,10,10103,1,1,0,1,1,1,1
2017,06902600,10,10107,1,0,1,1,1,1,1
2017,06902600,10,10109,6,6,0,6,5,5,1
2017,06902600,10,10201,5,5,0,5,5,5,2
2017,06902600,10,10202,5,3,2,5,5,5,2
2017,06902600,10,10203,8,6,2,8,6,6,1
2017,06902600,10,10204,1,1,0,1,1,1,1
2017,06902600,10,10205,1,1,0,1,1,1,1
2017,06902600,10,10208,8,6,2,8,4,4,2
2017,06902600,10,10301,34,27,7,34,23,23,7
2017,06902600,10,10302,2,2,0,2,2,2,1
2017,06902600,10,10303,2,1,1,2,2,2,1
2017,06902600,10,10304,2,1,1,2,2,2,1
2017,06902600,10,10305,1,1,0,1,1,1,1
2017,06902600,10,10401,2,2,0,2,2,2,1
2017,06902600,10,10403,1,0,1,1,1,1,1
2017,06902600,11,11101,12,9,3,12,11,11,3
2017,06902600,11,11201,11,11,0,11,4,4,1
2017,06902600,11,11202,2,1,1,2,2,2,2
2017,06902600,11,11203,2,2,0,2,1,1,1
2017,06902600,11,11303,10,10,0,10,1,1,1
2017,06902600,12,12101,22,19,3,22,10,10,3
2017,06902600,12,12201,3,3,0,3,3,3,1
2017,06902600,12,12301,1,0,1,1,1,1,1
2017,06902600,12,12401,3,1,2,3,2,2,1
2017,06902600,13,13101,51,40,11,51,24,24,6
2017,06902600,13,13102,21,16,5,21,17,17,3
2017,06902600,13,13103,2,1,1,2,2,2,1
2017,06902600,13,13104,14,9,5,14,12,12,5
2017,06902600,13,13105,5,4,1,5,5,5,4
2017,06902600,13,13106,4,2,2,4,4,4,3
2017,06902600,13,13107,11,8,3,11,8,8,4
2017,06902600,13,13108,5,4,1,5,5,5,3
2017,06902600,13,13109,10,8,2,10,7,7,2
2017,06902600,13,13110,43,38,5,43,25,25,9
2017,06902600,13,13111,1,1,0,1,1,1,1
2017,06902600,13,13112,2,2,0,2,2,2,2
2017,06902600,13,13113,6,4,2,6,5,5,2
2017,06902600,13,13114,13,13,0,13,9,9,2
2017,06902600,13,13115,19,14,5,19,6,6,1
2017,06902600,13,13116,17,16,1,17,14,14,5
2017,06902600,13,13117,9,7,2,9,7,7,2
2017,06902600,13,13118,11,9,2,11,7,7,2
2017,06902600,13,13119,30,19,11,30,19,19,9
2017,06902600,13,13120,9,9,0,9,7,7,2
2017,06902600,13,13121,17,6,11,17,10,10,4
2017,06902600,13,13122,78,52,26,78,38,38,8
2017,06902600,13,13123,34,30,4,34,17,17,4
2017,06902600,13,13124,54,39,15,54,22,22,4
2017,06902600,13,13125,6,3,3,6,5,5,3
2017,06902600,13,13126,4,3,1,4,2,2,2
2017,06902600,13,13127,12,11,1,12,11,11,3
2017,06902600,13,13128,20,18,2,20,18,18,4
2017,06902600,13,13129,14,13,1,14,11,11,5
2017,06902600,13,13130,5,5,0,5,4,4,2
2017,06902600,13,13131,422,305,117,422,32,32,5
2017,06902600,13,13132,3,3,0,3,2,2,2
2017,06902600,13,13201,122,76,46,122,54,54,9
2017,06902600,13,13202,2,2,0,2,2,2,1
2017,06902600,13,13203,4,2,2,4,3,3,2
2017,06902600,13,13301,12,10,2,12,11,11,3
2017,06902600,13,13302,22,15,7,22,14,14,4
2017,06902600,13,13303,4,4,0,4,3,3,2
2017,06902600,13,13401,52,36,16,52,33,33,9
2017,06902600,13,13402,34,28,6,34,22,22,7
2017,06902600,13,13404,13,6,7,13,4,4,2
2017,06902600,13,13501,24,20,4,24,14,14,4
2017,06902600,13,13504,1,1,0,1,1,1,1
2017,06902600,13,13505,6,6,0,6,4,4,2
2017,06902600,13,13601,9,9,0,9,8,8,2
2017,06902600,13,13603,5,4,1,5,4,4,3
2017,06902600,13,13605,4,3,1,4,3,3,2
2017,06902600,14,14101,12,8,4,12,8,8,3
2017,06902600,14,14105,7,5,2,7,3,3,1
2017,06902600,14,14108,3,2,1,3,3,3,3
2017,06902600,14,14203,1,0,1,1,1,1,1
2017,06902600,14,14204,3,2,1,3,3,3,2
2017,06902600,15,15101,83,67,16,83,50,50,10
2017,06902600,2,02101,62,48,14,62,41,41,9
2017,06902600,2,02102,2,2,0,2,2,2,1
2017,06902600,2,02104,11,11,0,11,7,7,1
2017,06902600,2,02201,37,23,14,37,21,21,6
2017,06902600,2,02301,4,4,0,4,3,3,1
2017,06902600,2,02302,3,1,2,3,3,3,1
2017,06902600,3,03101,5,4,1,5,4,4,4
2017,06902600,3,03102,27,9,18,27,1,1,1
2017,06902600,3,03201,2,0,2,2,2,2,1
2017,06902600,3,03202,1,1,0,1,1,1,1
2017,06902600,3,03301,2,2,0,2,2,2,2
2017,06902600,3,03302,1,1,0,1,1,1,1
2017,06902600,3,03303,3,1,2,3,2,2,1
2017,06902600,4,04101,44,32,12,44,29,29,7
2017,06902600,4,04102,27,20,7,27,20,20,7
2017,06902600,4,04105,1,0,1,1,1,1,1
2017,06902600,4,04106,5,5,0,5,4,4,3
2017,06902600,4,04201,16,10,6,16,11,11,4
2017,06902600,4,04202,1,1,0,1,1,1,1
2017,06902600,4,04203,3,3,0,3,1,1,1
2017,06902600,4,04204,2,1,1,2,2,2,2
2017,06902600,4,04301,20,15,5,20,13,13,5
2017,06902600,4,04302,3,1,2,3,3,3,2
2017,06902600,4,04303,2,1,1,2,2,2,2
2017,06902600,4,04304,1,1,0,1,1,1,1
2017,06902600,5,05101,37,24,13,37,29,29,15
2017,06902600,5,05102,2,2,0,2,2,2,2
2017,06902600,5,05103,11,7,4,11,9,9,2
2017,06902600,5,05105,3,2,1,3,2,2,1
2017,06902600,5,05107,3,2,1,3,3,3,2
2017,06902600,5,05109,19,10,9,19,13,13,8
2017,06902600,5,05201,2,1,1,2,1,1,1
2017,06902600,5,05301,1,0,1,1,1,1,1
2017,06902600,5,05302,2,1,1,2,2,2,1
2017,06902600,5,05303,1,1,0,1,1,1,1
2017,06902600,5,05304,1,1,0,1,1,1,1
2017,06902600,5,05401,1,0,1,1,1,1,1
2017,06902600,5,05402,1,1,0,1,1,1,1
2017,06902600,5,05405,2,2,0,2,2,2,2
2017,06902600,5,05501,21,19,2,21,17,17,3
2017,06902600,5,05502,9,5,4,9,5,5,3
2017,06902600,5,05504,3,2,1,3,3,3,1
2017,06902600,5,05601,20,18,2,20,15,15,7
2017,06902600,5,05602,3,3,0,3,3,3,1
2017,06902600,5,05603,2,2,0,2,2,2,2
2017,06902600,5,05606,1,1,0,1,1,1,1
2017,06902600,5,05701,49,40,9,49,22,22,4
2017,06902600,5,05702,2,2,0,2,2,2,1
2017,06902600,5,05703,1,1,0,1,1,1,1
2017,06902600,5,05705,16,14,2,16,7,7,2
2017,06902600,5,05706,5,2,3,5,4,4,1
2017,06902600,5,05801,33,24,9,33,20,20,6
2017,06902600,5,05802,7,5,2,7,4,4,1
2017,06902600,5,05803,1,0,1,1,1,1,1
2017,06902600,5,05804,3,3,0,3,3,3,2
2017,06902600,6,06101,41,32,9,41,24,24,10
2017,06902600,6,06103,1,0,1,1,1,1,1
2017,06902600,6,06104,11,5,6,11,4,4,2
2017,06902600,6,06105,5,4,1,5,3,3,2
2017,06902600,6,06106,11,7,4,11,6,6,2
2017,06902600,6,06107,1,0,1,1,1,1,1
2017,06902600,6,06108,2,2,0,2,1,1,1
2017,06902600,6,06110,2,1,1,2,2,2,1
2017,06902600,6,06111,7,3,4,7,4,4,2
2017,06902600,6,06112,2,2,0,2,2,2,1
2017,06902600,6,06113,1,1,0,1,1,1,1
2017,06902600,6,06114,2,2,0,2,1,1,1
2017,06902600,6,06115,7,3,4,7,6,6,2
2017,06902600,6,06116,4,3,1,4,4,4,1
2017,06902600,6,06117,5,5,0,5,5,5,2
2017,06902600,6,06201,2,1,1,2,2,2,1
2017,06902600,6,06203,1,1,0,1,1,1,1
2017,06902600,6,06205,2,2,0,2,2,2,1
2017,06902600,6,06301,20,13,7,20,15,15,5
2017,06902600,6,06302,2,0,2,2,1,1,1
2017,06902600,6,06303,3,3,0,3,3,3,1
2017,06902600,6,06304,1,0,1,1,1,1,1
2017,06902600,6,06306,2,1,1,2,2,2,1
2017,06902600,6,06307,1,1,0,1,1,1,1
2017,06902600,6,06309,5,3,2,5,2,2,1
2017,06902600,6,06310,5,2,3,5,3,3,2
2017,06902600,7,07101,11,11,0,11,8,8,4
2017,06902600,7,07105,20,8,12,20,12,12,6
2017,06902600,7,07301,11,6,5,11,10,10,2
2017,06902600,7,07303,3,3,0,3,3,3,2
2017,06902600,7,07304,1,0,1,1,1,1,1
2017,06902600,7,07308,1,0,1,1,1,1,1
2017,06902600,7,07401,8,5,3,8,7,7,3
2017,06902600,7,07403,1,0,1,1,1,1,1
2017,06902600,7,07404,5,2,3,5,5,5,4
2017,06902600,7,07406,9,6,3,9,3,3,2
2017,06902600,7,07407,3,0,3,3,3,3,2
2017,06902600,7,07408,1,1,0,1,1,1,1
2017,06902600,8,08101,44,30,14,44,23,23,8
2017,06902600,8,08102,24,21,3,24,18,18,5
2017,06902600,8,08103,9,7,2,9,8,8,3
2017,06902600,8,08104,1,1,0,1,1,1,1
2017,06902600,8,08105,2,1,1,2,2,2,2
2017,06902600,8,08106,24,16,8,24,11,11,3
2017,06902600,8,08107,21,17,4,21,15,15,5
2017,06902600,8,08108,11,9,2,11,9,9,4
2017,06902600,8,08109,1,1,0,1,1,1,1
2017,06902600,8,08110,53,37,16,53,25,25,8
2017,06902600,8,08111,17,13,4,17,11,11,4
2017,06902600,8,08112,36,30,6,36,32,32,8
2017,06902600,8,08201,27,23,4,27,12,12,3
2017,06902600,8,08202,31,26,5,31,16,16,3
2017,06902600,8,08203,23,19,4,23,12,12,4
2017,06902600,8,08205,17,16,1,17,13,13,3
2017,06902600,8,08206,2,1,1,2,2,2,2
2017,06902600,8,08207,2,1,1,2,2,2,1
2017,06902600,8,08301,91,48,43,91,28,28,10
2017,06902600,8,08303,2,1,1,2,2,2,1
2017,06902600,8,08304,2,2,0,2,2,2,2
2017,06902600,8,08305,3,3,0,3,3,3,2
2017,06902600,8,08307,3,1,2,3,3,3,1
2017,06902600,8,08309,1,1,0,1,1,1,1
2017,06902600,8,08310,1,1,0,1,1,1,1
2017,06902600,8,08311,1,1,0,1,1,1,1
2017,06902600,8,08312,1,1,0,1,1,1,1
2017,06902600,8,08401,16,11,5,16,15,15,7
2017,06902600,8,08402,4,2,2,4,3,3,1
2017,06902600,8,08404,9,8,1,9,5,5,1
2017,06902600,8,08405,1,1,0,1,1,1,1
2017,06902600,8,08406,4,4,0,4,3,3,1
2017,06902600,8,08407,1,1,0,1,1,1,1
2017,06902600,8,08409,6,2,4,6,3,3,1
2017,06902600,8,08413,3,2,1,3,3,3,1
2017,06902600,8,08416,17,13,4,17,11,11,3
2017,06902600,8,08419,2,2,0,2,2,2,2
2017,06902600,8,08420,2,1,1,2,2,2,2
2017,06902600,8,08421,1,0,1,1,1,1,1
2017,06902600,9,09101,29,25,4,29,22,22,9
2017,06902600,9,09102,1,0,1,1,1,1,1
2017,06902600,9,09103,4,2,2,4,3,3,1
2017,06902600,9,09105,1,1,0,1,1,1,1
2017,06902600,9,09107,1,1,0,1,1,1,1
2017,06902600,9,09108,14,11,3,14,11,11,3
2017,06902600,9,09109,2,2,0,2,2,2,1
2017,06902600,9,09110,2,2,0,2,2,2,1
2017,06902600,9,09111,8,8,0,8,6,6,2
2017,06902600,9,09112,6,4,2,6,6,6,1
2017,06902600,9,09114,10,10,0,10,3,3,2
2017,06902600,9,09115,5,5,0,5,4,4,2
2017,06902600,9,09117,1,0,1,1,1,1,1
2017,06902600,9,09118,1,1,0,1,1,1,1
2017,06902600,9,09120,14,10,4,14,12,12,3
2017,06902600,9,09201,62,38,24,62,14,14,3
2017,06902600,9,09202,2,2,0,2,1,1,1
2017,06902600,9,09206,1,1,0,1,1,1,1
2017,06902600,9,09208,1,0,1,1,1,1,1
2017,06902600,9,09210,4,3,1,4,4,4,1
2017,06902600,9,09211,34,31,3,34,12,12,2
2018,05225000,1,01101,73,53,20,73,23,23,6
2018,05225000,1,01107,3,2,1,3,1,1,1
2018,05225000,1,01401,1,1,0,1,1,1,1
2018,05225000,10,10101,13,12,1,13,5,5,2
2018,05225000,10,10102,1,1,0,1,1,1,1
2018,05225000,10,10203,10,4,6,10,5,5,2
2018,05225000,10,10204,1,1,0,1,1,1,1
2018,05225000,10,10208,6,6,0,6,5,5,3
2018,05225000,10,10301,3,3,0,3,6,6,5
2018,05225000,10,10304,1,1,0,1,1,1,1
2018,05225000,10,10401,2,2,0,2,2,2,1
2018,05225000,11,11101,7,7,0,7,5,5,2
2018,05225000,11,11201,6,5,1,6,4,4,2
2018,05225000,11,11401,1,1,0,1,1,1,1
2018,05225000,12,12101,8,7,1,8,5,5,2
2018,05225000,12,12401,4,4,0,4,2,2,1
2018,05225000,13,13101,32,25,7,32,16,16,2
2018,05225000,13,13102,0,0,0,0,5,5,2
2018,05225000,13,13103,2,1,1,2,2,2,1
2018,05225000,13,13104,8,7,1,8,9,9,4
2018,05225000,13,13105,2,2,0,2,2,2,1
2018,05225000,13,13107,0,0,0,0,1,1,1
2018,05225000,13,13108,6,4,2,6,9,9,3
2018,05225000,13,13109,0,0,0,0,1,1,1
2018,05225000,13,13110,57,33,24,57,20,20,7
2018,05225000,13,13111,2,1,1,2,2,2,2
2018,05225000,13,13112,2,2,0,2,2,2,2
2018,05225000,13,13113,3,1,2,3,2,2,2
2018,05225000,13,13114,4,3,1,4,2,2,2
2018,05225000,13,13116,1,1,0,1,4,4,4
2018,05225000,13,13117,5,4,1,5,4,4,2
2018,05225000,13,13118,13,10,3,13,9,9,2
2018,05225000,13,13119,17,14,3,17,12,12,5
2018,05225000,13,13120,17,10,7,17,7,7,3
2018,05225000,13,13121,6,5,1,6,8,8,2
2018,05225000,13,13122,17,13,4,17,12,12,3
2018,05225000,13,13123,5,2,3,5,5,5,5
2018,05225000,13,13124,10,7,3,10,8,8,3
2018,05225000,13,13125,6,3,3,6,6,6,3
2018,05225000,13,13126,4,2,2,4,4,4,3
2018,05225000,13,13127,9,7,2,9,7,7,5
2018,05225000,13,13128,20,17,3,20,13,13,5
2018,05225000,13,13129,8,5,3,8,7,7,4
2018,05225000,13,13130,1,1,0,1,2,2,1
2018,05225000,13,13131,13,11,2,13,6,6,2
2018,05225000,13,13132,3,3,0,3,2,2,1
2018,05225000,13,13201,59,28,31,59,15,15,6
2018,05225000,13,13301,7,4,3,7,4,4,3
2018,05225000,13,13302,8,8,0,8,5,5,2
2018,05225000,13,13303,1,0,1,1,1,1,1
2018,05225000,13,13401,22,16,6,22,14,14,8
2018,05225000,13,13402,27,22,5,27,24,24,6
2018,05225000,13,13404,5,5,0,5,5,5,1
2018,05225000,13,13501,7,6,1,7,5,5,3
2018,05225000,13,13505,1,1,0,1,1,1,1
2018,05225000,13,13601,2,2,0,2,2,2,2
2018,05225000,13,13603,2,2,0,2,2,2,2
2018,05225000,13,13604,3,0,3,3,2,2,1
2018,05225000,13,13605,1,0,1,1,2,2,1
2018,05225000,14,14101,10,6,4,10,9,9,4
2018,05225000,14,14106,2,2,0,2,2,2,1
2018,05225000,15,15101,27,24,3,27,36,36,9
2018,05225000,2,02101,12,8,4,12,11,11,7
2018,05225000,2,02104,0,0,0,0,1,1,1
2018,05225000,2,02201,3,2,1,3,3,3,2
2018,05225000,3,03202,1,0,1,1,1,1,1
2018,05225000,3,03304,1,0,1,1,1,1,1
2018,05225000,4,04101,14,9,5,14,16,16,8
2018,05225000,4,04102,11,10,1,11,13,13,5
2018,05225000,4,04105,0,0,0,0,1,1,1
2018,05225000,4,04106,0,0,0,0,1,1,1
2018,05225000,4,04201,2,2,0,2,2,2,1
2018,05225000,4,04204,1,0,1,1,1,1,1
2018,05225000,4,04301,11,10,1,11,7,7,3
2018,05225000,5,05101,1,1,0,1,3,3,3
2018,05225000,5,05103,0,0,0,0,1,1,1
2018,05225000,5,05104,1,1,0,1,1,1,1
2018,05225000,5,05109,8,5,3,8,12,12,7
2018,05225000,5,05301,1,1,0,1,1,1,1
2018,05225000,5,05302,4,2,2,4,4,4,1
2018,05225000,5,05401,1,1,0,1,1,1,1
2018,05225000,5,05405,5,4,1,5,5,5,2
2018,05225000,5,05501,26,22,4,26,11,11,4
2018,05225000,5,05506,2,2,0,2,1,1,1
2018,05225000,5,05601,4,3,1,4,10,10,4
2018,05225000,5,05602,4,4,0,4,1,1,1
2018,05225000,5,05606,2,1,1,2,2,2,1
2018,05225000,5,05701,18,13,5,18,12,12,5
2018,05225000,5,05702,1,0,1,1,2,2,1
2018,05225000,5,05706,1,1,0,1,1,1,1
2018,05225000,5,05801,11,7,4,11,16,16,6
2018,05225000,5,05803,2,1,1,2,2,2,1
2018,05225000,5,05804,1,1,0,1,3,3,3
2018,05225000,6,06101,4,3,1,4,11,11,5
2018,05225000,6,06104,2,1,1,2,2,2,2
2018,05225000,6,06105,1,1,0,1,1,1,1
2018,05225000,6,06108,0,0,0,0,1,1,1
2018,05225000,6,06110,4,3,1,4,1,1,1
2018,05225000,6,06112,0,0,0,0,2,2,1
2018,05225000,6,06113,1,0,1,1,1,1,1
2018,05225000,6,06115,4,3,1,4,4,4,4
2018,05225000,6,06117,12,9,3,12,7,7,2
2018,05225000,6,06201,1,0,1,1,1,1,1
2018,05225000,6,06301,1,1,0,1,4,4,2
2018,05225000,6,06303,0,0,0,0,2,2,1
2018,05225000,6,06310,3,3,0,3,3,3,1
2018,05225000,7,07101,16,10,6,16,12,12,3
2018,05225000,7,07201,1,1,0,1,1,1,1
2018,05225000,7,07301,2,2,0,2,7,7,2
2018,05225000,7,07401,7,4,3,7,4,4,3
2018,05225000,7,07402,1,1,0,1,1,1,1
2018,05225000,7,07404,3,3,0,3,1,1,1
2018,05225000,8,08101,32,26,6,32,24,24,7
2018,05225000,8,08102,5,5,0,5,6,6,4
2018,05225000,8,08103,2,2,0,2,4,4,3
2018,05225000,8,08104,0,0,0,0,1,1,1
2018,05225000,8,08106,23,15,8,23,7,7,3
2018,05225000,8,08107,1,1,0,1,4,4,2
2018,05225000,8,08108,6,6,0,6,5,5,3
2018,05225000,8,08110,26,17,9,26,21,21,7
2018,05225000,8,08111,6,5,1,6,9,9,3
2018,05225000,8,08112,7,7,0,7,6,6,3
2018,05225000,8,08201,2,1,1,2,2,2,1
2018,05225000,8,08202,15,7,8,15,10,10,3
2018,05225000,8,08203,8,7,1,8,5,5,2
2018,05225000,8,08205,8,1,7,8,1,1,1
2018,05225000,8,08206,5,3,2,5,2,2,2
2018,05225000,8,08207,3,2,1,3,3,3,2
2018,05225000,8,08301,16,8,8,16,10,10,3
2018,05225000,8,08304,0,0,0,0,1,1,1
2018,05225000,8,08307,1,0,1,1,1,1,1
2018,05225000,8,08310,2,1,1,2,1,1,1
2018,05225000,8,08312,1,1,0,1,3,3,3
2018,05225000,8,08401,14,8,6,14,13,13,5
2018,05225000,8,08402,2,1,1,2,2,2,2
2018,05225000,8,08405,0,0,0,0,1,1,1
2018,05225000,8,08413,0,0,0,0,1,1,1
2018,05225000,8,08416,6,5,1,6,8,8,3
2018,05225000,8,08421,1,1,0,1,1,1,1
2018,05225000,9,09101,9,8,1,9,10,10,6
2018,05225000,9,09108,0,0,0,0,1,1,1
2018,05225000,9,09112,1,1,0,1,1,1,1
2018,05225000,9,09113,1,0,1,1,1,1,1
2018,05225000,9,09114,1,1,0,1,2,2,1
2018,05225000,9,09115,2,2,0,2,2,2,1
2018,05225000,9,09120,9,5,4,9,5,5,3
2018,05225000,9,09201,16,12,4,16,11,11,3
2018,05225000,9,09210,3,2,1,3,2,2,1
2018,05225000,9,09211,3,2,1,3,3,3,3
2018,06902600,1,01101,38,31,7,38,19,19,6
2018,06902600,1,01107,47,35,12,47,26,26,5
2018,06902600,10,10101,70,50,20,70,41,41,13
2018,06902600,10,10102,2,2,0,2,2,2,2
2018,06902600,10,10103,1,1,0,1,1,1,1
2018,06902600,10,10106,1,0,1,1,1,1,1
2018,06902600,10,10107,1,1,0,1,1,1,1
2018,06902600,10,10108,13,7,6,13,2,2,1
2018,06902600,10,10109,2,1,1,2,2,2,1
2018,06902600,10,10201,16,8,8,16,5,5,3
2018,06902600,10,10202,6,3,3,6,5,5,3
2018,06902600,10,10203,1,1,0,1,1,1,1
2018,06902600,10,10204,1,1,0,1,1,1,1
2018,06902600,10,10205,1,1,0,1,1,1,1
2018,06902600,10,10208,1,1,0,1,1,1,1
2018,06902600,10,10210,1,0,1,1,1,1,1
2018,06902600,10,10301,43,30,13,43,26,26,8
2018,06902600,10,10302,1,1,0,1,1,1,1
2018,06902600,10,10402,1,1,0,1,1,1,1
2018,06902600,11,11101,21,18,3,21,19,19,4
2018,06902600,11,11102,1,0,1,1,1,1,1
2018,06902600,11,11201,12,6,6,12,5,5,3
2018,06902600,11,11202,1,0,1,1,1,1,1
2018,06902600,11,11401,1,1,0,1,1,1,1
2018,06902600,12,12101,37,29,8,37,17,17,4
2018,06902600,12,12401,8,6,2,8,6,6,1
2018,06902600,13,13101,71,61,10,71,23,23,5
2018,06902600,13,13102,16,12,4,16,13,13,4
2018,06902600,13,13103,16,13,3,16,10,10,3
2018,06902600,13,13104,12,10,2,12,9,9,4
2018,06902600,13,13105,13,11,2,13,9,9,6
2018,06902600,13,13106,3,1,2,3,2,2,2
2018,06902600,13,13107,9,8,1,9,8,8,3
2018,06902600,13,13108,14,9,5,14,10,10,3
2018,06902600,13,13109,8,8,0,8,8,8,2
2018,06902600,13,13110,45,37,8,45,31,31,8
2018,06902600,13,13111,14,10,4,14,11,11,6
2018,06902600,13,13112,3,3,0,3,3,3,2
2018,06902600,13,13113,8,6,2,8,4,4,3
2018,06902600,13,13114,11,10,1,11,8,8,2
2018,06902600,13,13115,12,6,6,12,5,5,2
2018,06902600,13,13116,24,21,3,24,13,13,4
2018,06902600,13,13117,6,6,0,6,6,6,2
2018,06902600,13,13118,27,20,7,27,19,19,4
2018,06902600,13,13119,14,9,5,14,12,12,7
2018,06902600,13,13120,25,18,7,25,18,18,5
2018,06902600,13,13121,35,25,10,35,18,18,4
2018,06902600,13,13122,33,28,5,33,23,23,6
2018,06902600,13,13123,45,32,13,45,21,21,8
2018,06902600,13,13124,48,30,18,48,15,15,3
2018,06902600,13,13125,22,19,3,22,12,12,3
2018,06902600,13,13126,4,4,0,4,4,4,2
2018,06902600,13,13127,13,12,1,13,11,11,3
2018,06902600,13,13128,29,26,3,29,20,20,5
2018,06902600,13,13129,44,34,10,44,16,16,6
2018,06902600,13,13130,7,1,6,7,4,4,2
2018,06902600,13,13131,75,64,11,75,24,24,5
2018,06902600,13,13132,5,4,1,5,2,2,1
2018,06902600,13,13201,252,143,109,252,68,68,10
2018,06902600,13,13202,1,0,1,1,1,1,1
2018,06902600,13,13203,1,1,0,1,1,1,1
2018,06902600,13,13301,15,10,5,15,10,10,3
2018,06902600,13,13302,19,14,5,19,14,14,4
2018,06902600,13,13303,5,5,0,5,5,5,2
2018,06902600,13,13401,88,66,22,88,40,40,10
2018,06902600,13,13402,38,29,9,38,14,14,3
2018,06902600,13,13403,1,1,0,1,1,1,1
2018,06902600,13,13404,11,7,4,11,5,5,2
2018,06902600,13,13501,22,21,1,22,19,19,5
2018,06902600,13,13504,1,1,0,1,1,1,1
2018,06902600,13,13505,3,3,0,3,2,2,1
2018,06902600,13,13601,15,12,3,15,11,11,3
2018,06902600,13,13602,2,2,0,2,2,2,2
2018,06902600,13,13603,2,2,0,2,2,2,2
2018,06902600,13,13604,3,1,2,3,3,3,1
2018,06902600,13,13605,18,11,7,18,9,9,3
2018,06902600,14,14101,26,19,7,26,14,14,4
2018,06902600,14,14103,1,0,1,1,1,1,1
2018,06902600,14,14106,1,1,0,1,1,1,1
2018,06902600,14,14204,3,3,0,3,2,2,1
2018,06902600,15,15101,107,88,19,107,59,59,12
2018,06902600,2,02101,92,75,17,92,54,54,10
2018,06902600,2,02102,5,5,0,5,4,4,1
2018,06902600,2,02103,1,0,1,1,1,1,1
2018,06902600,2,02104,8,6,2,8,6,6,1
2018,06902600,2,02201,38,28,10,38,24,24,7
2018,06902600,2,02301,2,1,1,2,2,2,1
2018,06902600,3,03101,12,9,3,12,12,12,5
2018,06902600,3,03202,1,0,1,1,1,1,1
2018,06902600,3,03301,3,3,0,3,2,2,2
2018,06902600,3,03304,1,1,0,1,1,1,1
2018,06902600,4,04101,63,43,20,63,36,36,9
2018,06902600,4,04102,36,28,8,36,28,28,8
2018,06902600,4,04105,2,2,0,2,2,2,2
2018,06902600,4,04106,3,2,1,3,3,3,3
2018,06902600,4,04201,18,13,5,18,8,8,3
2018,06902600,4,04203,2,1,1,2,2,2,2
2018,06902600,4,04204,2,1,1,2,1,1,1
2018,06902600,4,04301,33,23,10,33,13,13,4
2018,06902600,4,04302,1,1,0,1,1,1,1
2018,06902600,4,04303,2,2,0,2,2,2,2
2018,06902600,4,04304,3,3,0,3,2,2,1
2018,06902600,5,05101,36,26,10,36,30,30,12
2018,06902600,5,05102,4,4,0,4,4,4,3
2018,06902600,5,05103,6,5,1,6,4,4,1
2018,06902600,5,05105,1,1,0,1,1,1,1
2018,06902600,5,05107,4,2,2,4,2,2,2
2018,06902600,5,05109,16,15,1,16,14,14,9
2018,06902600,5,05201,1,1,0,1,1,1,1
2018,06902600,5,05301,12,8,4,12,5,5,1
2018,06902600,5,05302,1,1,0,1,1,1,1
2018,06902600,5,05401,14,11,3,14,6,6,1
2018,06902600,5,05402,1,1,0,1,1,1,1
2018,06902600,5,05404,1,1,0,1,1,1,1
2018,06902600,5,05405,3,3,0,3,3,3,2
2018,06902600,5,05501,132,96,36,132,36,36,7
2018,06902600,5,05502,4,3,1,4,4,4,2
2018,06902600,5,05504,6,5,1,6,2,2,1
2018,06902600,5,05506,1,1,0,1,1,1,1
2018,06902600,5,05601,31,22,9,31,24,24,9
2018,06902600,5,05602,6,5,1,6,3,3,2
2018,06902600,5,05604,2,1,1,2,2,2,2
2018,06902600,5,05605,3,2,1,3,3,3,2
2018,06902600,5,05606,3,3,0,3,3,3,1
2018,06902600,5,05701,23,19,4,23,14,14,4
2018,06902600,5,05702,4,3,1,4,2,2,1
2018,06902600,5,05704,1,1,0,1,1,1,1
2018,06902600,5,05705,1,1,0,1,1,1,1
2018,06902600,5,05706,5,4,1,5,5,5,2
2018,06902600,5,05801,61,43,18,61,34,34,6
2018,06902600,5,05802,6,6,0,6,5,5,2
2018,06902600,5,05803,4,3,1,4,2,2,1
2018,06902600,5,05804,18,13,5,18,12,12,2
2018,06902600,6,06101,31,23,8,31,26,26,11
2018,06902600,6,06103,1,0,1,1,1,1,1
2018,06902600,6,06105,3,3,0,3,3,3,2
2018,06902600,6,06106,3,3,0,3,2,2,1
2018,06902600,6,06107,5,5,0,5,5,5,2
2018,06902600,6,06110,1,1,0,1,1,1,1
2018,06902600,6,06111,3,3,0,3,3,3,2
2018,06902600,6,06112,6,4,2,6,3,3,1
2018,06902600,6,06113,4,4,0,4,3,3,1
2018,06902600,6,06115,13,6,7,13,10,10,6
2018,06902600,6,06117,7,6,1,7,7,7,4
2018,06902600,6,06201,3,2,1,3,3,3,1
2018,06902600,6,06204,1,1,0,1,1,1,1
2018,06902600,6,06301,45,44,1,45,22,22,4
2018,06902600,6,06303,2,0,2,2,2,2,1
2018,06902600,6,06304,2,2,0,2,1,1,1
2018,06902600,6,06305,1,0,1,1,1,1,1
2018,06902600,6,06306,1,1,0,1,1,1,1
2018,06902600,6,06307,1,1,0,1,1,1,1
2018,06902600,6,06308,1,0,1,1,1,1,1
2018,06902600,6,06309,6,1,5,6,2,2,1
2018,06902600,6,06310,2,2,0,2,2,2,2
2018,06902600,7,07101,32,24,8,32,25,25,9
2018,06902600,7,07102,3,3,0,3,3,3,3
2018,06902600,7,07104,1,0,1,1,1,1,1
2018,06902600,7,07105,2,2,0,2,2,2,1
2018,06902600,7,07201,4,3,1,4,3,3,2
2018,06902600,7,07202,1,1,0,1,1,1,1
2018,06902600,7,07203,1,1,0,1,1,1,1
2018,06902600,7,07301,15,12,3,15,9,9,3
2018,06902600,7,07304,2,2,0,2,2,2,2
2018,06902600,7,07401,7,5,2,7,7,7,4
2018,06902600,7,07404,2,2,0,2,2,2,2
2018,06902600,8,08101,96,70,26,96,45,45,10
2018,06902600,8,08102,21,17,4,21,17,17,6
2018,06902600,8,08103,11,10,1,11,11,11,3
2018,06902600,8,08105,3,3,0,3,1,1,1
2018,06902600,8,08106,24,20,4,24,16,16,5
2018,06902600,8,08107,42,37,5,42,17,17,4
2018,06902600,8,08108,10,8,2,10,9,9,5
2018,06902600,8,08110,113,83,30,113,39,39,8
2018,06902600,8,08111,19,16,3,19,15,15,4
2018,06902600,8,08112,61,44,17,61,32,32,5
2018,06902600,8,08201,22,22,0,22,16,16,4
2018,06902600,8,08202,52,43,9,52,18,18,4
2018,06902600,8,08203,15,11,4,15,10,10,4
2018,06902600,8,08205,19,16,3,19,12,12,3
2018,06902600,8,08206,4,4,0,4,4,4,2
2018,06902600,8,08207,4,3,1,4,4,4,3
2018,06902600,8,08301,47,26,21,47,19,19,9
2018,06902600,8,08304,1,1,0,1,1,1,1
2018,06902600,8,08305,2,2,0,2,2,2,2
2018,06902600,8,08307,2,1,1,2,2,2,2
2018,06902600,8,08310,2,1,1,2,1,1,1
2018,06902600,8,08311,2,1,1,2,2,2,2
2018,06902600,8,08312,2,0,2,2,1,1,1
2018,06902600,8,08313,2,1,1,2,2,2,1
2018,06902600,8,08401,45,33,12,45,27,27,8
2018,06902600,8,08402,9,6,3,9,7,7,3
2018,06902600,8,08404,9,9,0,9,7,7,1
2018,06902600,8,08405,4,3,1,4,2,2,2
2018,06902600,8,08406,7,7,0,7,7,7,2
2018,06902600,8,08407,4,2,2,4,2,2,1
2018,06902600,8,08409,9,5,4,9,4,4,1
2018,06902600,8,08413,3,3,0,3,2,2,1
2018,06902600,8,08414,1,0,1,1,1,1,1
2018,06902600,8,08416,26,20,6,26,20,20,4
2018,06902600,8,08417,2,2,0,2,2,2,1
2018,06902600,8,08419,2,0,2,2,1,1,1
2018,06902600,9,09101,24,18,6,24,21,21,10
2018,06902600,9,09103,10,5,5,10,5,5,3
2018,06902600,9,09105,2,1,1,2,2,2,1
2018,06902600,9,09108,26,21,5,26,14,14,4
2018,06902600,9,09110,1,1,0,1,1,1,1
2018,06902600,9,09111,10,8,2,10,8,8,5
2018,06902600,9,09112,11,5,6,11,10,10,2
2018,06902600,9,09114,20,17,3,20,11,11,2
2018,06902600,9,09115,1,1,0,1,1,1,1
2018,06902600,9,09117,1,0,1,1,1,1,1
2018,06902600,9,09118,1,0,1,1,1,1,1
2018,06902600,9,09119,7,3,4,7,5,5,3
2018,06902600,9,09120,6,4,2,6,5,5,4
2018,06902600,9,09121,1,1,0,1,1,1,1
2018,06902600,9,09201,86,71,15,86,17,17,4
2018,06902600,9,09202,2,0,2,2,1,1,1
2018,06902600,9,09205,6,6,0,6,3,3,1
2018,06902600,9,09206,1,1,0,1,1,1,1
2018,06902600,9,09209,1,1,0,1,1,1,1
2018,06902600,9,09210,1,1,0,1,1,1,1
2018,06902600,9,09211,40,28,12,40,22,22,7
2019,03500404,1,01101,349,315,,635,33,29,5
2019,03500404,1,01107,168,179,,338,28,23,5
2019,03500404,1,01402,2,2,,1,3,1,1
2019,03500404,1,01403,4,1,,,5,0,3
2019,03500404,1,01405,13,8,,19,7,5,1
2019,03500404,10,10101,236,255,,488,36,34,10
2019,03500404,10,10102,2,,,,2,0,2
2019,03500404,10,10104,13,27,,36,6,5,1
2019,03500404,10,10105,39,61,,96,12,10,2
2019,03500404,10,10107,5,5,,10,1,1,1
2019,03500404,10,10109,111,103,,211,14,12,3
2019,03500404,10,10201,119,136,,232,50,39,8
2019,03500404,10,10202,2,,,,1,0,1
2019,03500404,10,10205,25,30,,48,26,20,6
2019,03500404,10,10206,6,2,,6,3,1,1
2019,03500404,10,10301,223,146,,326,25,21,6
2019,03500404,10,10303,48,47,,95,11,11,3
2019,03500404,10,10304,37,46,,83,10,10,1
2019,03500404,10,10305,2,1,,3,1,1,1
2019,03500404,10,10306,1,2,,,2,0,2
2019,03500404,10,10307,10,11,,15,6,1,2
2019,03500404,10,10404,,1,,,1,0,1
2019,03500404,11,11101,123,126,,238,21,12,6
2019,03500404,11,11201,3,4,,2,4,1,2
2019,03500404,11,11202,14,21,,33,7,5,2
2019,03500404,11,11203,2,4,,5,3,2,1
2019,03500404,11,11301,5,10,,14,5,4,1
2019,03500404,11,11302,3,4,,7,1,1,1
2019,03500404,11,11303,2,1,,2,2,1,1
2019,03500404,11,11401,1,3,,2,3,1,1
2019,03500404,11,11402,2,5,,,5,0,2
2019,03500404,12,12101,99,86,,179,15,12,4
2019,03500404,12,12301,30,33,,59,11,9,1
2019,03500404,12,12401,3,2,,3,3,1,2
2019,03500404,13,13101,49,37,,86,2,2,2
2019,03500404,13,13102,12,10,,22,1,1,1
2019,03500404,13,13103,134,163,,293,16,14,4
2019,03500404,13,13105,322,312,,634,34,34,4
2019,03500404,13,13106,160,140,,300,11,11,3
2019,03500404,13,13107,2,7,,9,1,1,1
2019,03500404,13,13108,122,116,,238,10,10,2
2019,03500404,13,13109,190,163,,351,20,19,2
2019,03500404,13,13110,72,74,,145,9,8,2
2019,03500404,13,13112,101,104,,205,18,18,4
2019,03500404,13,13113,13,18,,31,3,3,1
2019,03500404,13,13114,125,110,,228,15,13,2
2019,03500404,13,13115,2,,,,2,0,2
2019,03500404,13,13116,308,301,,607,34,32,4
2019,03500404,13,13117,265,236,,501,22,22,3
2019,03500404,13,13118,238,201,,438,27,26,3
2019,03500404,13,13119,239,202,,435,29,25,5
2019,03500404,13,13120,91,61,,151,11,10,2
2019,03500404,13,13121,203,210,,413,26,26,4
2019,03500404,13,13122,245,209,,454,16,16,3
2019,03500404,13,13123,67,86,,150,25,23,5
2019,03500404,13,13124,654,711,,1354,78,70,11
2019,03500404,13,13126,77,60,,135,13,12,3
2019,03500404,13,13127,165,147,,312,17,17,3
2019,03500404,13,13128,155,170,,325,14,14,2
2019,03500404,13,13129,225,203,,404,57,52,8
2019,03500404,13,13130,192,197,,386,24,22,2
2019,03500404,13,13131,16,19,,33,5,4,1
2019,03500404,13,13132,20,24,,44,7,7,1
2019,03500404,13,13201,13,4,,9,10,5,2
2019,03500404,13,13202,73,80,,151,20,18,4
2019,03500404,13,13401,522,495,,1012,53,50,8
2019,03500404,13,13402,89,75,,150,26,17,7
2019,03500404,13,13404,208,198,,401,21,18,7
2019,03500404,13,13501,2,4,,6,2,2,1
2019,03500404,13,13502,28,23,,48,13,11,3
2019,03500404,13,13503,51,70,,121,15,15,3
2019,03500404,13,13601,104,111,,207,14,11,3
2019,03500404,13,13602,27,36,,63,6,6,2
2019,03500404,13,13603,16,5,,15,4,1,3
2019,03500404,14,14101,283,323,,582,62,50,14
2019,03500404,14,14103,2,3,,4,2,1,2
2019,03500404,15,15101,311,337,,648,71,71,11
2019,03500404,15,15201,1,,,,1,0,1
2019,03500404,16,16101,176,183,,359,26,26,6
2019,03500404,16,16102,26,29,,55,6,6,1
2019,03500404,16,16103,85,79,,164,13,13,2
2019,03500404,16,16104,28,35,,60,6,5,1
2019,03500404,16,16109,5,3,,8,1,1,1
2019,03500404,16,16203,35,29,,64,6,6,1
2019,03500404,16,16204,40,54,,89,11,9,3
2019,03500404,16,16206,24,24,,47,5,4,1
2019,03500404,16,16207,21,25,,43,7,6,1
2019,03500404,16,16301,60,79,,136,14,11,2
2019,03500404,16,16302,2,4,,6,1,1,1
2019,03500404,2,02101,72,66,,137,10,9,3
2019,03500404,2,02201,6,9,,15,1,1,1
2019,03500404,3,03101,249,225,,472,42,41,8
2019,03500404,3,03102,22,11,,32,4,3,2
2019,03500404,3,03103,69,53,,116,14,9,2
2019,03500404,3,03201,6,6,,12,1,1,1
2019,03500404,3,03202,54,55,,107,15,13,3
2019,03500404,3,03301,107,131,,236,23,21,4
2019,03500404,3,03302,11,16,,22,6,2,4
2019,03500404,3,03303,6,9,,15,1,1,1
2019,03500404,3,03304,42,46,,85,13,12,2
2019,03500404,4,04101,264,271,,525,31,26,8
2019,03500404,4,04102,323,303,,621,38,34,9
2019,03500404,4,04103,3,4,,7,2,2,1
2019,03500404,4,04106,19,22,,38,8,5,4
2019,03500404,4,04201,3,3,,3,3,1,2
2019,03500404,4,04203,3,1,,4,1,1,1
2019,03500404,4,04301,10,12,,19,4,2,3
2019,03500404,4,04302,9,20,,28,5,4,2
2019,03500404,4,04303,5,3,,8,1,1,1
2019,03500404,5,05101,493,456,,931,73,59,11
2019,03500404,5,05102,2,,,,2,0,1
2019,03500404,5,05103,61,50,,111,6,6,1
2019,03500404,5,05104,,1,,,1,0,1
2019,03500404,5,05105,20,16,,30,4,3,2
2019,03500404,5,05109,8,10,,17,2,1,2
2019,03500404,5,05301,38,40,,78,5,5,1
2019,03500404,5,05302,58,68,,126,10,10,2
2019,03500404,5,05303,27,20,,47,4,4,1
2019,03500404,5,05401,103,120,,193,35,13,10
2019,03500404,5,05402,73,64,,136,13,12,3
2019,03500404,5,05403,4,4,,2,5,1,2
2019,03500404,5,05404,34,36,,53,28,15,4
2019,03500404,5,05405,8,2,,,5,0,1
2019,03500404,5,05501,351,338,,668,52,41,7
2019,03500404,5,05502,102,116,,207,28,21,7
2019,03500404,5,05503,43,57,,98,11,10,2
2019,03500404,5,05504,21,22,,43,2,2,1
2019,03500404,5,05506,40,27,,44,19,10,4
2019,03500404,5,05601,,1,,,1,0,1
2019,03500404,5,05603,6,2,,,3,0,1
2019,03500404,5,05606,3,1,,4,1,1,1
2019,03500404,5,05701,141,182,,321,17,15,3
2019,03500404,5,05702,92,64,,155,23,22,2
2019,03500404,5,05703,64,78,,142,7,7,1
2019,03500404,5,05704,28,34,,56,6,4,1
2019,03500404,5,05705,61,71,,125,14,10,3
2019,03500404,5,05706,47,50,,92,15,10,3
2019,03500404,5,05801,470,429,,897,61,59,6
2019,03500404,5,05802,3,0,,3,2,2,1
2019,03500404,5,05803,32,33,,62,6,5,1
2019,03500404,5,05804,356,310,,665,30,29,3
2019,03500404,6,06101,416,401,,803,44,36,7
2019,03500404,6,06103,27,24,,47,11,10,1
2019,03500404,6,06105,37,36,,73,11,11,1
2019,03500404,6,06106,73,78,,151,8,8,1
2019,03500404,6,06109,8,6,,12,6,4,3
2019,03500404,6,06110,108,126,,230,23,21,2
2019,03500404,6,06111,17,10,,17,6,3,1
2019,03500404,6,06112,1,,,,1,0,1
2019,03500404,6,06113,5,7,,12,2,2,1
2019,03500404,6,06114,8,12,,20,2,2,1
2019,03500404,6,06115,188,145,,333,9,9,1
2019,03500404,6,06117,126,105,,230,10,9,2
2019,03500404,6,06203,1,1,,1,2,1,1
2019,03500404,6,06301,144,127,,269,18,16,4
2019,03500404,6,06302,71,51,,122,11,11,1
2019,03500404,6,06303,14,11,,5,16,2,3
2019,03500404,6,06304,2,1,,,3,0,1
2019,03500404,6,06305,65,66,,131,11,11,1
2019,03500404,6,06309,12,11,,14,6,3,3
2019,03500404,6,06310,2,0,,1,2,1,1
2019,03500404,7,07101,673,542,,1206,72,66,9
2019,03500404,7,07102,252,256,,483,63,47,7
2019,03500404,7,07103,22,18,,31,21,17,5
2019,03500404,7,07104,18,14,,25,10,7,1
2019,03500404,7,07105,120,123,,221,45,32,5
2019,03500404,7,07106,54,60,,114,32,32,4
2019,03500404,7,07107,35,46,,81,33,33,4
2019,03500404,7,07108,47,48,,80,24,12,6
2019,03500404,7,07109,52,48,,94,38,33,15
2019,03500404,7,07201,206,188,,394,55,55,11
2019,03500404,7,07202,25,30,,55,8,8,1
2019,03500404,7,07203,45,30,,75,27,27,3
2019,03500404,7,07301,66,64,,130,5,5,3
2019,03500404,7,07302,38,42,,79,20,19,4
2019,03500404,7,07303,37,34,,71,34,34,5
2019,03500404,7,07304,98,83,,169,32,23,5
2019,03500404,7,07306,97,71,,162,20,14,3
2019,03500404,7,07307,62,88,,142,27,21,4
2019,03500404,7,07308,155,136,,267,43,32,7
2019,03500404,7,07401,277,237,,503,40,34,4
2019,03500404,7,07402,143,132,,252,40,24,6
2019,03500404,7,07403,95,116,,175,66,38,10
2019,03500404,7,07404,198,183,,381,62,62,12
2019,03500404,7,07405,13,10,,21,4,3,3
2019,03500404,7,07406,123,119,,242,9,9,1
2019,03500404,7,07407,63,60,,110,21,10,7
2019,03500404,8,08101,74,67,,141,12,12,2
2019,03500404,8,08102,221,198,,417,24,23,5
2019,03500404,8,08103,150,141,,291,17,17,3
2019,03500404,8,08105,53,53,,84,23,12,4
2019,03500404,8,08106,161,170,,331,26,26,4
2019,03500404,8,08107,5,6,,9,3,1,3
2019,03500404,8,08108,188,148,,329,29,25,5
2019,03500404,8,08110,124,144,,264,26,23,6
2019,03500404,8,08111,113,105,,199,31,18,6
2019,03500404,8,08112,103,115,,203,43,31,4
2019,03500404,8,08201,22,23,,45,4,4,1
2019,03500404,8,08202,107,110,,210,20,16,4
2019,03500404,8,08203,67,53,,120,5,5,1
2019,03500404,8,08205,87,82,,169,15,15,3
2019,03500404,8,08301,308,286,,570,60,46,9
2019,03500404,8,08302,8,5,,4,5,1,1
2019,03500404,8,08304,11,9,,17,6,3,4
2019,03500404,8,08309,3,3,,6,2,2,1
2019,03500404,8,08311,10,4,,11,2,1,1
2019,03500404,8,08312,,6,,,4,0,1
2019,03500404,8,08313,6,5,,11,1,1,1
2019,03500404,8,08314,1,,,,1,0,1
2019,03500404,9,09101,462,514,,961,65,62,11
2019,03500404,9,09107,4,,,,1,0,1
2019,03500404,9,09108,11,5,,10,5,2,1
2019,03500404,9,09110,5,10,,14,3,2,1
2019,03500404,9,09112,156,162,,318,21,21,4
2019,03500404,9,09120,8,3,,3,7,1,5
2019,03500404,9,09201,1,1,,1,2,1,1
2019,03500404,9,09204,1,5,,,3,0,2
2019,03500405,1,01101,59,45,,98,28,23,5
2019,03500405,1,01107,26,15,,26,24,13,5
2019,03500405,1,01403,,1,,,1,0,1
2019,03500405,1,01405,5,3,,8,4,4,1
2019,03500405,10,10101,34,27,,45,26,17,7
2019,03500405,10,10104,1,5,,3,4,1,1
2019,03500405,10,10105,10,12,,18,10,6,2
2019,03500405,10,10107,,1,,,1,0,1
2019,03500405,10,10109,25,16,,36,15,11,4
2019,03500405,10,10201,14,7,,14,16,11,4
2019,03500405,10,10202,2,1,,1,2,1,1
2019,03500405,10,10205,4,0,,2,4,2,3
2019,03500405,10,10206,1,,,,1,0,1
2019,03500405,10,10301,25,13,,37,10,9,3
2019,03500405,10,10303,11,10,,19,8,6,2
2019,03500405,10,10304,8,5,,5,9,3,1
2019,03500405,10,10306,,1,,,1,0,1
2019,03500405,10,10307,1,,,,1,0,1
2019,03500405,11,11101,27,18,,41,10,9,2
2019,03500405,11,11201,1,1,,,2,0,2
2019,03500405,11,11202,6,8,,9,8,3,2
2019,03500405,11,11203,1,,,,1,0,1
2019,03500405,11,11301,1,,,,1,0,1
2019,03500405,11,11402,1,,,,1,0,1
2019,03500405,12,12101,39,20,,58,12,11,3
2019,03500405,12,12301,15,6,,14,9,5,1
2019,03500405,12,12401,3,1,,3,2,1,1
2019,03500405,13,13101,13,3,,16,2,2,2
2019,03500405,13,13102,2,3,,5,1,1,1
2019,03500405,13,13103,23,18,,38,13,11,4
2019,03500405,13,13105,45,17,,62,30,30,4
2019,03500405,13,13106,55,44,,94,8,6,3
2019,03500405,13,13107,1,,,,1,0,1
2019,03500405,13,13108,15,3,,13,7,3,2
2019,03500405,13,13109,31,23,,45,17,12,2
2019,03500405,13,13110,8,9,,17,6,6,1
2019,03500405,13,13111,1,,,,1,0,1
2019,03500405,13,13112,15,5,,17,13,10,3
2019,03500405,13,13113,2,4,,6,2,2,1
2019,03500405,13,13114,4,2,,,6,0,1
2019,03500405,13,13116,18,7,,20,11,7,4
2019,03500405,13,13117,69,36,,87,19,10,3
2019,03500405,13,13118,28,11,,31,18,14,3
2019,03500405,13,13119,36,14,,36,23,15,5
2019,03500405,13,13120,4,1,,,4,0,1
2019,03500405,13,13121,17,15,,27,15,10,4
2019,03500405,13,13122,43,18,,54,13,10,3
2019,03500405,13,13123,12,11,,20,13,10,4
2019,03500405,13,13124,77,52,,114,54,42,10
2019,03500405,13,13126,10,3,,13,6,6,2
2019,03500405,13,13127,41,19,,53,17,15,3
2019,03500405,13,13128,19,22,,41,13,13,2
2019,03500405,13,13129,52,28,,73,44,38,8
2019,03500405,13,13130,13,5,,2,11,1,2
2019,03500405,13,13131,1,5,,3,4,1,2
2019,03500405,13,13132,3,4,,7,3,3,1
2019,03500405,13,13202,10,12,,22,10,10,3
2019,03500405,13,13401,43,25,,54,30,17,6
2019,03500405,13,13402,15,8,,10,14,4,7
2019,03500405,13,13404,36,19,,51,12,9,3
2019,03500405,13,13502,4,2,,2,4,1,3
2019,03500405,13,13503,13,15,,28,12,12,3
2019,03500405,13,13601,6,4,,8,3,2,1
2019,03500405,13,13602,3,5,,3,4,1,2
2019,03500405,13,13603,2,,,,2,0,2
2019,03500405,14,14101,63,64,,114,36,29,12
2019,03500405,14,14103,1,,,,1,0,1
2019,03500405,14,14105,1,,,,1,0,1
2019,03500405,15,15101,11,2,,12,10,9,6
2019,03500405,16,16101,21,24,,36,17,12,6
2019,03500405,16,16102,8,11,,19,5,5,1
2019,03500405,16,16103,10,7,,9,7,3,2
2019,03500405,16,16104,3,5,,6,4,2,1
2019,03500405,16,16203,11,10,,17,6,4,1
2019,03500405,16,16204,7,10,,17,6,6,3
2019,03500405,16,16206,3,4,,7,3,3,1
2019,03500405,16,16207,3,5,,6,4,2,1
2019,03500405,16,16301,14,10,,18,10,6,2
2019,03500405,2,02101,6,2,,8,4,4,2
2019,03500405,2,02102,,3,,,1,0,1
2019,03500405,2,02201,1,2,,3,1,1,1
2019,03500405,3,03101,20,17,,34,19,17,7
2019,03500405,3,03102,1,2,,3,1,1,1
2019,03500405,3,03103,11,8,,12,8,4,2
2019,03500405,3,03201,1,2,,3,1,1,1
2019,03500405,3,03202,15,13,,18,11,6,3
2019,03500405,3,03301,16,15,,31,14,14,4
2019,03500405,3,03302,2,2,,3,2,1,1
2019,03500405,3,03303,1,2,,3,1,1,1
2019,03500405,3,03304,5,8,,12,5,4,2
2019,03500405,4,04101,52,20,,50,23,14,5
2019,03500405,4,04102,60,27,,78,27,20,8
2019,03500405,4,04103,,1,,,1,0,1
2019,03500405,4,04106,4,5,,9,4,4,1
2019,03500405,4,04201,2,1,,,2,0,2
2019,03500405,4,04203,2,0,,2,1,1,1
2019,03500405,4,04301,2,7,,6,4,1,2
2019,03500405,4,04302,5,2,,6,6,5,3
2019,03500405,4,04303,3,2,,4,2,1,2
2019,03500405,5,05101,59,36,,67,45,22,8
2019,03500405,5,05102,1,,,,1,0,1
2019,03500405,5,05103,4,3,,7,3,3,1
2019,03500405,5,05104,,1,,,1,0,1
2019,03500405,5,05105,4,5,,8,4,3,2
2019,03500405,5,05109,1,2,,,2,0,2
2019,03500405,5,05301,3,4,,6,3,2,1
2019,03500405,5,05302,7,8,,15,6,6,2
2019,03500405,5,05303,6,3,,7,6,4,1
2019,03500405,5,05401,9,1,,7,7,4,3
2019,03500405,5,05402,6,1,,5,4,2,2
2019,03500405,5,05403,3,2,,,4,0,2
2019,03500405,5,05404,2,4,,1,5,1,3
2019,03500405,5,05501,60,27,,47,33,14,7
2019,03500405,5,05502,6,4,,10,7,7,4
2019,03500405,5,05503,5,6,,10,6,5,2
2019,03500405,5,05504,4,1,,3,2,1,1
2019,03500405,5,05506,10,6,,8,8,3,4
2019,03500405,5,05603,1,,,,1,0,1
2019,03500405,5,05604,1,,,,1,0,1
2019,03500405,5,05701,12,11,,13,13,5,3
2019,03500405,5,05702,7,1,,6,7,5,2
2019,03500405,5,05703,15,7,,14,6,3,1
2019,03500405,5,05704,7,6,,6,5,2,1
2019,03500405,5,05705,5,8,,12,5,4,2
2019,03500405,5,05706,3,7,,9,4,3,3
2019,03500405,5,05801,85,36,,101,50,37,6
2019,03500405,5,05803,4,4,,3,6,1,1
2019,03500405,5,05804,60,22,,64,26,16,3
2019,03500405,6,06101,68,47,,97,38,27,7
2019,03500405,6,06103,7,4,,8,5,2,1
2019,03500405,6,06105,3,3,,1,6,1,1
2019,03500405,6,06106,13,3,,4,8,1,1
2019,03500405,6,06109,0,2,,1,2,1,2
2019,03500405,6,06110,8,7,,8,9,4,2
2019,03500405,6,06111,1,,,,1,0,1
2019,03500405,6,06112,1,,,,1,0,1
2019,03500405,6,06113,1,,,,1,0,1
2019,03500405,6,06114,1,0,,1,1,1,1
2019,03500405,6,06115,10,9,,14,7,3,1
2019,03500405,6,06117,4,1,,,3,0,2
2019,03500405,6,06203,1,,,,1,0,1
2019,03500405,6,06301,21,13,,30,12,10,5
2019,03500405,6,06302,9,6,,15,9,9,1
2019,03500405,6,06303,1,,,,1,0,1
2019,03500405,6,06304,2,1,,,3,0,1
2019,03500405,6,06305,3,6,,5,6,2,1
2019,03500405,6,06309,3,1,,,4,0,3
2019,03500405,6,06310,2,2,,2,4,2,1
2019,03500405,7,07101,494,287,,774,29,22,7
2019,03500405,7,07102,5,2,,7,4,4,1
2019,03500405,7,07105,12,7,,18,6,5,1
2019,03500405,7,07106,5,4,,9,7,7,1
2019,03500405,7,07109,1,1,,1,2,1,2
2019,03500405,7,07201,2,1,,3,3,3,2
2019,03500405,7,07303,2,2,,4,4,4,3
2019,03500405,7,07306,5,2,,7,3,3,1
2019,03500405,7,07307,2,,,,2,0,1
2019,03500405,7,07308,,3,,,1,0,1
2019,03500405,7,07401,68,35,,97,11,7,2
2019,03500405,7,07402,89,105,,193,5,4,2
2019,03500405,7,07404,4,2,,6,6,6,3
2019,03500405,7,07406,24,31,,55,7,7,1
2019,03500405,7,07407,4,7,,11,1,1,1
2019,03500405,8,08101,13,4,,6,10,2,2
2019,03500405,8,08102,20,19,,31,18,11,5
2019,03500405,8,08103,16,10,,22,8,6,3
2019,03500405,8,08105,7,7,,8,7,2,2
2019,03500405,8,08106,18,14,,22,17,9,4
2019,03500405,8,08107,1,1,,,2,0,2
2019,03500405,8,08108,46,9,,32,22,10,4
2019,03500405,8,08110,28,21,,38,21,13,5
2019,03500405,8,08111,32,22,,48,15,9,5
2019,03500405,8,08112,,1,,,1,0,1
2019,03500405,8,08201,4,4,,8,3,3,1
2019,03500405,8,08202,21,21,,36,16,11,4
2019,03500405,8,08203,12,14,,26,5,5,1
2019,03500405,8,08205,24,19,,43,10,10,3
2019,03500405,8,08301,20,5,,5,18,2,6
2019,03500405,8,08304,3,0,,1,3,1,3
2019,03500405,8,08311,1,1,,2,1,1,1
2019,03500405,8,08312,,2,,,2,0,1
2019,03500405,8,08314,2,,,,2,0,1
2019,03500405,9,09101,62,66,,123,49,45,11
2019,03500405,9,09105,,2,,,1,0,1
2019,03500405,9,09107,2,,,,1,0,1
2019,03500405,9,09108,2,1,,,3,0,1
2019,03500405,9,09112,22,23,,35,15,10,4
2019,03500405,9,09201,2,1,,1,3,1,2
2019,03500405,9,09208,,3,,,2,0,1
2019,03500406,1,01101,26,14,,35,18,14,4
2019,03500406,1,01107,17,6,,10,16,6,5
2019,03500406,1,01405,4,2,,6,3,3,1
2019,03500406,10,10101,1,0,,1,1,1,1
2019,03500406,10,10109,18,1,,16,7,5,3
2019,03500406,10,10201,10,7,,13,11,8,4
2019,03500406,10,10205,3,0,,1,3,1,2
2019,03500406,10,10301,13,4,,10,9,4,4
2019,03500406,10,10303,5,4,,8,4,3,2
2019,03500406,10,10304,7,4,,3,8,2,1
2019,03500406,10,10307,2,,,,2,0,1
2019,03500406,11,11202,2,5,,2,4,1,1
2019,03500406,11,11301,1,,,,1,0,1
2019,03500406,12,12101,19,12,,27,8,5,2
2019,03500406,12,12301,13,4,,13,6,4,1
2019,03500406,13,13103,7,9,,16,1,1,1
2019,03500406,13,13105,24,13,,37,20,20,4
2019,03500406,13,13106,11,11,,20,6,4,2
2019,03500406,13,13107,9,2,,4,6,1,2
2019,03500406,13,13108,9,1,,6,6,3,2
2019,03500406,13,13109,31,16,,36,15,10,2
2019,03500406,13,13112,8,2,,9,7,6,2
2019,03500406,13,13114,4,2,,,6,0,1
2019,03500406,13,13116,10,2,,7,8,3,4
2019,03500406,13,13117,55,31,,74,15,7,3
2019,03500406,13,13118,9,7,,14,9,7,2
2019,03500406,13,13119,19,2,,9,10,4,3
2019,03500406,13,13120,5,1,,,6,0,2
2019,03500406,13,13121,16,10,,21,14,9,4
2019,03500406,13,13122,23,6,,17,13,8,3
2019,03500406,13,13123,8,5,,9,10,6,4
2019,03500406,13,13124,42,22,,56,26,19,6
2019,03500406,13,13126,2,1,,3,3,3,2
2019,03500406,13,13129,42,19,,57,38,34,7
2019,03500406,13,13130,11,5,,8,9,2,2
2019,03500406,13,13201,1,1,,2,1,1,1
2019,03500406,13,13401,23,12,,25,18,9,5
2019,03500406,13,13402,21,6,,14,13,4,6
2019,03500406,13,13404,23,6,,26,10,8,2
2019,03500406,13,13502,4,2,,2,4,1,3
2019,03500406,14,14101,2,2,,1,4,1,3
2019,03500406,14,14103,1,,,,1,0,1
2019,03500406,15,15101,3,0,,2,3,2,2
2019,03500406,16,16101,5,1,,2,4,1,1
2019,03500406,16,16203,1,,,,1,0,1
2019,03500406,2,02101,6,1,,4,5,2,3
2019,03500406,3,03101,4,1,,1,5,1,2
2019,03500406,3,03202,,1,,,1,0,1
2019,03500406,3,03301,8,5,,13,1,1,1
2019,03500406,3,03302,1,,,,1,0,1
2019,03500406,4,04101,22,8,,21,18,11,7
2019,03500406,4,04102,13,7,,19,9,8,4
2019,03500406,4,04103,,1,,,1,0,1
2019,03500406,4,04106,3,3,,5,3,2,1
2019,03500406,4,04201,,1,,,1,0,1
2019,03500406,4,04202,2,1,,3,1,1,1
2019,03500406,4,04203,2,,,,1,0,1
2019,03500406,4,04301,3,8,,8,5,2,4
2019,03500406,4,04302,4,0,,4,4,4,1
2019,03500406,4,04303,4,1,,4,2,1,2
2019,03500406,4,04304,2,,,,1,0,1
2019,03500406,5,05101,33,13,,15,29,7,9
2019,03500406,5,05109,,2,,,1,0,1
2019,03500406,5,05401,2,0,,1,2,1,2
2019,03500406,5,05402,5,1,,5,3,2,2
2019,03500406,5,05403,2,1,,,2,0,1
2019,03500406,5,05404,2,2,,1,4,1,2
2019,03500406,5,05501,22,9,,11,19,5,4
2019,03500406,5,05503,3,3,,3,5,3,2
2019,03500406,5,05504,4,1,,3,2,1,1
2019,03500406,5,05506,5,1,,2,4,1,2
2019,03500406,5,05603,1,,,,1,0,1
2019,03500406,5,05701,2,1,,2,2,1,1
2019,03500406,5,05702,2,0,,1,2,1,2
2019,03500406,5,05801,63,29,,74,42,31,6
2019,03500406,5,05802,2,0,,2,1,1,1
2019,03500406,5,05803,4,1,,,5,0,1
2019,03500406,5,05804,35,20,,26,25,9,3
2019,03500406,6,06101,59,38,,80,33,22,6
2019,03500406,6,06103,5,4,,6,5,2,1
2019,03500406,6,06105,4,3,,1,6,1,1
2019,03500406,6,06106,8,3,,,6,0,1
2019,03500406,6,06109,0,2,,1,2,1,2
2019,03500406,6,06110,8,6,,8,8,4,2
2019,03500406,6,06113,1,1,,2,1,1,1
2019,03500406,6,06114,1,0,,1,1,1,1
2019,03500406,6,06115,9,8,,13,6,3,1
2019,03500406,6,06117,4,1,,,3,0,2
2019,03500406,6,06301,21,5,,25,9,8,3
2019,03500406,6,06302,9,6,,15,9,9,1
2019,03500406,6,06304,1,1,,,2,0,1
2019,03500406,6,06305,3,2,,2,4,1,1
2019,03500406,6,06309,3,1,,,4,0,3
2019,03500406,6,06310,5,2,,4,4,1,1
2019,03500406,7,07101,475,271,,739,15,9,7
2019,03500406,7,07105,2,1,,1,3,1,1
2019,03500406,7,07109,1,,,,1,0,1
2019,03500406,7,07303,1,0,,1,1,1,1
2019,03500406,7,07308,1,1,,2,1,1,1
2019,03500406,7,07401,60,29,,85,4,1,2
2019,03500406,7,07402,88,102,,190,1,1,1
2019,03500406,7,07406,3,1,,4,2,2,1
2019,03500406,8,08101,10,4,,4,9,2,2
2019,03500406,8,08102,5,,,,3,0,1
2019,03500406,8,08103,3,2,,2,5,2,2
2019,03500406,8,08105,6,2,,3,6,1,2
2019,03500406,8,08106,9,6,,9,9,4,2
2019,03500406,8,08107,2,1,,2,2,1,2
2019,03500406,8,08108,40,10,,32,24,11,5
2019,03500406,8,08110,4,3,,7,1,1,1
2019,03500406,8,08111,4,1,,2,4,1,3
2019,03500406,8,08201,7,4,,11,1,1,1
2019,03500406,8,08301,4,2,,3,4,1,2
2019,03500406,8,08304,3,0,,1,3,1,3
2019,03500406,9,09108,2,1,,,3,0,1
2019,03500406,9,09112,1,,,,1,0,1
2019,03500406,9,09201,1,2,,1,3,1,2
2019,03500406,9,09202,,1,,,1,0,1
2019,03500407,1,01101,10,4,,9,9,5,4
2019,03500407,1,01107,4,2,,2,6,2,3
2019,03500407,10,10101,1,0,,1,1,1,1
2019,03500407,10,10109,9,0,,7,7,5,2
2019,03500407,10,10201,5,4,,6,9,6,5
2019,03500407,10,10205,1,,,,1,0,1
2019,03500407,10,10301,6,1,,4,4,2,2
2019,03500407,10,10304,3,1,,,4,0,1
2019,03500407,10,10307,1,,,,1,0,1
2019,03500407,11,11202,,1,,,1,0,1
2019,03500407,12,12101,5,5,,6,6,2,2
2019,03500407,12,12301,1,0,,1,1,1,1
2019,03500407,13,13105,6,3,,9,7,7,3
2019,03500407,13,13106,4,4,,5,5,2,2
2019,03500407,13,13107,10,3,,4,8,1,2
2019,03500407,13,13108,2,0,,2,1,1,1
2019,03500407,13,13109,14,3,,11,11,7,2
2019,03500407,13,13112,4,2,,3,4,2,2
2019,03500407,13,13114,2,2,,,4,0,1
2019,03500407,13,13116,3,1,,,4,0,3
2019,03500407,13,13117,12,1,,3,10,2,3
2019,03500407,13,13118,8,3,,5,7,4,2
2019,03500407,13,13119,13,9,,18,6,2,2
2019,03500407,13,13120,1,,,,1,0,1
2019,03500407,13,13121,3,2,,4,4,3,2
2019,03500407,13,13122,6,1,,2,4,1,2
2019,03500407,13,13123,2,0,,1,2,1,2
2019,03500407,13,13124,11,8,,14,11,7,3
2019,03500407,13,13126,2,0,,2,2,2,1
2019,03500407,13,13129,25,8,,28,27,23,8
2019,03500407,13,13130,8,3,,3,8,1,2
2019,03500407,13,13131,2,,,,2,0,1
2019,03500407,13,13401,1,1,,,2,0,2
2019,03500407,13,13402,7,1,,1,5,1,3
2019,03500407,13,13404,3,1,,4,3,3,1
2019,03500407,13,13502,1,,,,1,0,1
2019,03500407,14,14101,6,3,,4,5,2,3
2019,03500407,14,14103,1,,,,1,0,1
2019,03500407,14,14105,1,,,,1,0,1
2019,03500407,15,15101,1,0,,1,1,1,1
2019,03500407,16,16101,3,,,,3,0,1
2019,03500407,16,16201,1,,,,1,0,1
2019,03500407,2,02101,5,0,,2,4,2,3
2019,03500407,2,02102,,3,,,1,0,1
2019,03500407,3,03101,6,11,,14,4,1,2
2019,03500407,4,04101,7,6,,8,9,4,3
2019,03500407,4,04102,6,3,,9,6,6,3
2019,03500407,4,04103,2,,,,1,0,1
2019,03500407,4,04106,1,,,,1,0,1
2019,03500407,4,04202,2,,,,1,0,1
2019,03500407,4,04203,1,,,,1,0,1
2019,03500407,4,04301,,2,,,2,0,2
2019,03500407,4,04303,2,1,,2,2,1,2
2019,03500407,4,04304,1,,,,1,0,1
2019,03500407,5,05101,44,15,,20,29,7,9
2019,03500407,5,05102,1,,,,1,0,1
2019,03500407,5,05109,,2,,,1,0,1
2019,03500407,5,05303,1,0,,1,1,1,1
2019,03500407,5,05401,1,0,,1,1,1,1
2019,03500407,5,05402,2,0,,1,2,1,1
2019,03500407,5,05404,2,,,,2,0,1
2019,03500407,5,05501,10,2,,2,10,2,4
2019,03500407,5,05503,1,,,,1,0,1
2019,03500407,5,05504,3,,,,2,0,1
2019,03500407,5,05506,1,,,,1,0,1
2019,03500407,5,05601,,1,,,1,0,1
2019,03500407,5,05603,,1,,,1,0,1
2019,03500407,5,05701,4,,,,2,0,1
2019,03500407,5,05705,1,,,,1,0,1
2019,03500407,5,05801,31,14,,36,25,18,5
2019,03500407,5,05803,2,,,,2,0,1
2019,03500407,5,05804,16,8,,10,17,5,3
2019,03500407,6,06101,17,9,,11,20,8,5
2019,03500407,6,06103,,1,,,1,0,1
2019,03500407,6,06105,1,1,,,2,0,1
2019,03500407,6,06106,2,,,,2,0,1
2019,03500407,6,06110,,2,,,2,0,2
2019,03500407,6,06114,1,0,,1,1,1,1
2019,03500407,6,06115,2,0,,1,2,1,1
2019,03500407,6,06301,5,2,,5,6,4,2
2019,03500407,6,06302,2,0,,2,2,2,1
2019,03500407,6,06304,1,1,,,2,0,1
2019,03500407,6,06305,1,,,,1,0,1
2019,03500407,6,06310,3,1,,4,1,1,1
2019,03500407,7,07101,467,273,,735,10,5,5
2019,03500407,7,07105,1,0,,1,1,1,1
2019,03500407,7,07109,1,,,,1,0,1
2019,03500407,7,07401,58,29,,85,2,1,2
2019,03500407,7,07402,88,102,,190,1,1,1
2019,03500407,8,08101,2,1,,,3,0,1
2019,03500407,8,08102,4,,,,3,0,1
2019,03500407,8,08103,4,1,,2,5,2,2
2019,03500407,8,08105,7,3,,3,6,1,2
2019,03500407,8,08106,3,2,,3,4,2,2
2019,03500407,8,08107,3,,,,2,0,2
2019,03500407,8,08108,15,4,,15,11,7,4
2019,03500407,8,08110,3,3,,5,2,1,2
2019,03500407,8,08111,1,,,,1,0,1
2019,03500407,8,08201,1,0,,1,1,1,1
2019,03500407,8,08304,1,1,,2,1,1,1
2019,03500407,9,09108,1,1,,,2,0,1
2019,05225000,1,01101,46,28,18,46,20,20,6
2019,05225000,1,01107,1,1,0,1,1,1,1
2019,05225000,10,10101,15,12,3,15,9,9,3
2019,05225000,10,10108,1,1,0,1,1,1,1
2019,05225000,10,10109,1,0,1,1,1,1,1
2019,05225000,10,10201,12,11,1,12,9,9,2
2019,05225000,10,10203,2,2,0,2,1,1,1
2019,05225000,10,10205,2,1,1,2,2,2,1
2019,05225000,10,10208,7,3,4,7,3,3,1
2019,05225000,10,10301,4,3,1,4,5,5,3
2019,05225000,10,10302,1,1,0,1,1,1,1
2019,05225000,10,10303,1,1,0,1,1,1,1
2019,05225000,11,11101,39,32,7,39,16,16,3
2019,05225000,11,11201,11,7,4,11,7,7,2
2019,05225000,11,11402,1,1,0,1,1,1,1
2019,05225000,12,12101,20,13,7,20,13,13,5
2019,05225000,12,12401,2,2,0,2,2,2,1
2019,05225000,13,13101,14,13,1,14,14,14,2
2019,05225000,13,13102,0,0,0,0,7,7,1
2019,05225000,13,13103,6,5,1,6,9,9,3
2019,05225000,13,13104,8,6,2,8,7,7,3
2019,05225000,13,13105,3,3,0,3,5,5,3
2019,05225000,13,13107,0,0,0,0,2,2,2
2019,05225000,13,13108,0,0,0,0,2,2,1
2019,05225000,13,13109,1,1,0,1,3,3,1
2019,05225000,13,13110,41,22,19,41,22,22,8
2019,05225000,13,13111,0,0,0,0,1,1,1
2019,05225000,13,13112,4,4,0,4,2,2,2
2019,05225000,13,13113,4,4,0,4,2,2,1
2019,05225000,13,13114,5,3,2,5,4,4,1
2019,05225000,13,13115,2,2,0,2,2,2,1
2019,05225000,13,13116,3,3,0,3,4,4,2
2019,05225000,13,13117,7,4,3,7,4,4,2
2019,05225000,13,13118,10,7,3,10,9,9,2
2019,05225000,13,13119,12,10,2,12,12,12,5
2019,05225000,13,13120,3,2,1,3,2,2,2
2019,05225000,13,13121,12,5,7,12,13,13,3
2019,05225000,13,13122,13,9,4,13,10,10,3
2019,05225000,13,13123,8,4,4,8,5,5,3
2019,05225000,13,13124,5,4,1,5,4,4,2
2019,05225000,13,13125,9,7,2,9,5,5,2
2019,05225000,13,13126,3,1,2,3,2,2,2
2019,05225000,13,13127,9,8,1,9,9,9,5
2019,05225000,13,13128,13,13,0,13,5,5,3
2019,05225000,13,13129,8,6,2,8,8,8,3
2019,05225000,13,13130,1,0,1,1,2,2,2
2019,05225000,13,13131,20,19,1,20,13,13,4
2019,05225000,13,13132,3,3,0,3,2,2,1
2019,05225000,13,13201,60,41,19,60,21,21,9
2019,05225000,13,13301,10,9,1,10,6,6,3
2019,05225000,13,13302,8,7,1,8,4,4,2
2019,05225000,13,13303,1,1,0,1,1,1,1
2019,05225000,13,13401,5,3,2,5,12,12,5
2019,05225000,13,13402,24,17,7,24,21,21,5
2019,05225000,13,13404,4,4,0,4,5,5,1
2019,05225000,13,13501,3,3,0,3,3,3,3
2019,05225000,13,13502,1,0,1,1,1,1,1
2019,05225000,13,13601,3,0,3,3,4,4,3
2019,05225000,13,13603,0,0,0,0,2,2,2
2019,05225000,13,13604,0,0,0,0,2,2,1
2019,05225000,13,13605,0,0,0,0,1,1,1
2019,05225000,14,14101,7,6,1,7,9,9,3
2019,05225000,14,14104,3,2,1,3,1,1,1
2019,05225000,14,14106,1,1,0,1,1,1,1
2019,05225000,14,14203,1,0,1,1,1,1,1
2019,05225000,15,15101,38,27,11,38,51,51,10
2019,05225000,16,16101,26,17,9,26,18,18,7
2019,05225000,16,16102,1,0,1,1,1,1,1
2019,05225000,16,16103,1,1,0,1,1,1,1
2019,05225000,16,16203,1,0,1,1,1,1,1
2019,05225000,16,16301,12,10,2,12,9,9,3
2019,05225000,2,02101,26,19,7,26,30,30,10
2019,05225000,2,02102,0,0,0,0,1,1,1
2019,05225000,2,02201,50,39,11,50,22,22,5
2019,05225000,3,03101,8,7,1,8,6,6,3
2019,05225000,3,03102,1,0,1,1,1,1,1
2019,05225000,3,03202,1,0,1,1,1,1,1
2019,05225000,3,03301,0,0,0,0,1,1,1
2019,05225000,4,04101,13,7,6,13,16,16,8
2019,05225000,4,04102,23,16,7,23,16,16,6
2019,05225000,4,04106,1,1,0,1,3,3,2
2019,05225000,4,04201,6,5,1,6,6,6,2
2019,05225000,4,04301,17,13,4,17,14,14,6
2019,05225000,4,04303,1,0,1,1,1,1,1
2019,05225000,5,05101,3,2,1,3,3,3,3
2019,05225000,5,05103,0,0,0,0,1,1,1
2019,05225000,5,05104,2,1,1,2,1,1,1
2019,05225000,5,05105,2,1,1,2,2,2,2
2019,05225000,5,05109,15,14,1,15,14,14,6
2019,05225000,5,05301,4,4,0,4,5,5,2
2019,05225000,5,05401,14,11,3,14,1,1,1
2019,05225000,5,05405,3,1,2,3,4,4,2
2019,05225000,5,05501,70,49,21,70,17,17,6
2019,05225000,5,05502,2,2,0,2,3,3,2
2019,05225000,5,05601,3,2,1,3,3,3,2
2019,05225000,5,05604,3,1,2,3,2,2,1
2019,05225000,5,05605,0,0,0,0,1,1,1
2019,05225000,5,05606,1,1,0,1,1,1,1
2019,05225000,5,05701,6,5,1,6,6,6,3
2019,05225000,5,05702,1,0,1,1,1,1,1
2019,05225000,5,05703,1,1,0,1,1,1,1
2019,05225000,5,05704,2,2,0,2,1,1,1
2019,05225000,5,05801,8,5,3,8,13,13,5
2019,05225000,5,05802,2,2,0,2,1,1,1
2019,05225000,5,05804,2,0,2,2,4,4,3
2019,05225000,6,06101,10,7,3,10,16,16,7
2019,05225000,6,06103,4,1,3,4,2,2,1
2019,05225000,6,06107,5,5,0,5,5,5,4
2019,05225000,6,06111,13,2,11,13,1,1,1
2019,05225000,6,06112,7,6,1,7,7,7,1
2019,05225000,6,06116,2,1,1,2,1,1,1
2019,05225000,6,06117,14,10,4,14,6,6,3
2019,05225000,6,06201,1,1,0,1,3,3,1
2019,05225000,6,06301,1,1,0,1,10,10,2
2019,05225000,6,06303,2,2,0,2,1,1,1
2019,05225000,6,06310,7,4,3,7,5,5,1
2019,05225000,7,07101,21,19,2,21,12,12,4
2019,05225000,7,07106,1,0,1,1,1,1,1
2019,05225000,7,07201,2,1,1,2,2,2,2
2019,05225000,7,07301,3,2,1,3,6,6,3
2019,05225000,7,07304,1,0,1,1,1,1,1
2019,05225000,7,07308,1,0,1,1,1,1,1
2019,05225000,7,07401,11,10,1,11,7,7,1
2019,05225000,7,07402,3,2,1,3,2,2,1
2019,05225000,7,07407,1,0,1,1,1,1,1
2019,05225000,8,08101,33,27,6,33,18,18,5
2019,05225000,8,08102,7,6,1,7,8,8,4
2019,05225000,8,08103,5,4,1,5,7,7,3
2019,05225000,8,08104,0,0,0,0,1,1,1
2019,05225000,8,08105,2,0,2,2,1,1,1
2019,05225000,8,08106,21,19,2,21,14,14,5
2019,05225000,8,08107,7,5,2,7,8,8,3
2019,05225000,8,08108,11,5,6,11,5,5,1
2019,05225000,8,08110,19,14,5,19,16,16,6
2019,05225000,8,08111,4,3,1,4,7,7,4
2019,05225000,8,08112,2,1,1,2,4,4,3
2019,05225000,8,08201,3,2,1,3,2,2,1
2019,05225000,8,08202,39,30,9,39,10,10,3
2019,05225000,8,08203,7,7,0,7,3,3,2
2019,05225000,8,08205,7,6,1,7,7,7,3
2019,05225000,8,08206,3,1,2,3,5,5,3
2019,05225000,8,08207,2,0,2,2,2,2,2
2019,05225000,8,08301,5,4,1,5,13,13,6
2019,05225000,8,08304,0,0,0,0,1,1,1
2019,05225000,8,08305,0,0,0,0,4,4,2
2019,05225000,8,08306,1,1,0,1,1,1,1
2019,05225000,8,08313,0,0,0,0,1,1,1
2019,05225000,9,09101,9,5,4,9,11,11,5
2019,05225000,9,09109,1,0,1,1,1,1,1
2019,05225000,9,09112,1,1,0,1,1,1,1
2019,05225000,9,09114,2,1,1,2,1,1,1
2019,05225000,9,09115,1,1,0,1,1,1,1
2019,05225000,9,09116,0,0,0,0,1,1,1
2019,05225000,9,09120,2,1,1,2,6,6,4
2019,05225000,9,09201,7,7,0,7,6,6,2
2019,05225000,9,09205,1,0,1,1,1,1,1
2019,05225000,9,09211,2,2,0,2,2,2,2
2019,06902600,1,01101,32,21,11,32,18,18,6
2019,06902600,1,01107,66,44,22,66,36,36,6
2019,06902600,1,01404,2,2,0,2,1,1,1
2019,06902600,10,10101,24,21,3,24,20,20,6
2019,06902600,10,10104,4,3,1,4,4,4,1
2019,06902600,10,10105,3,2,1,3,3,3,2
2019,06902600,10,10106,1,0,1,1,1,1,1
2019,06902600,10,10109,4,4,0,4,4,4,3
2019,06902600,10,10201,40,27,13,40,15,15,2
2019,06902600,10,10202,3,2,1,3,3,3,2
2019,06902600,10,10203,6,4,2,6,3,3,1
2019,06902600,10,10208,3,1,2,3,3,3,1
2019,06902600,10,10210,3,1,2,3,3,3,1
2019,06902600,10,10301,35,27,8,35,27,27,7
2019,06902600,10,10302,2,1,1,2,2,2,1
2019,06902600,10,10303,1,0,1,1,1,1,1
2019,06902600,10,10306,2,2,0,2,2,2,2
2019,06902600,10,10307,1,0,1,1,1,1,1
2019,06902600,10,10401,2,2,0,2,2,2,1
2019,06902600,11,11101,31,27,4,31,18,18,3
2019,06902600,11,11201,10,7,3,10,9,9,3
2019,06902600,11,11202,4,4,0,4,4,4,1
2019,06902600,11,11301,1,1,0,1,1,1,1
2019,06902600,11,11401,2,1,1,2,2,2,1
2019,06902600,12,12101,33,26,7,33,13,13,2
2019,06902600,12,12301,1,1,0,1,1,1,1
2019,06902600,12,12401,4,2,2,4,4,4,1
2019,06902600,13,13101,36,29,7,36,21,21,7
2019,06902600,13,13102,18,15,3,18,12,12,2
2019,06902600,13,13103,29,20,9,29,12,12,3
2019,06902600,13,13104,19,15,4,19,15,15,3
2019,06902600,13,13105,21,20,1,21,15,15,5
2019,06902600,13,13106,4,3,1,4,3,3,1
2019,06902600,13,13107,8,7,1,8,6,6,3
2019,06902600,13,13108,7,6,1,7,7,7,2
2019,06902600,13,13109,22,17,5,22,14,14,2
2019,06902600,13,13110,70,52,18,70,44,44,8
2019,06902600,13,13111,24,13,11,24,16,16,4
2019,06902600,13,13112,4,4,0,4,4,4,2
2019,06902600,13,13113,16,16,0,16,10,10,2
2019,06902600,13,13114,15,12,3,15,12,12,3
2019,06902600,13,13115,7,4,3,7,4,4,2
2019,06902600,13,13116,29,23,6,29,17,17,5
2019,06902600,13,13117,12,6,6,12,7,7,3
2019,06902600,13,13118,42,31,11,42,26,26,4
2019,06902600,13,13119,13,10,3,13,11,11,4
2019,06902600,13,13120,16,12,4,16,12,12,3
2019,06902600,13,13121,36,30,6,36,17,17,3
2019,06902600,13,13122,37,26,11,37,22,22,6
2019,06902600,13,13123,44,37,7,44,18,18,4
2019,06902600,13,13124,33,22,11,33,13,13,2
2019,06902600,13,13125,24,20,4,24,14,14,2
2019,06902600,13,13126,4,4,0,4,3,3,3
2019,06902600,13,13127,15,12,3,15,13,13,7
2019,06902600,13,13128,21,20,1,21,12,12,4
2019,06902600,13,13129,75,55,20,75,20,20,6
2019,06902600,13,13130,5,4,1,5,4,4,2
2019,06902600,13,13131,70,57,13,70,27,27,5
2019,06902600,13,13132,5,5,0,5,4,4,1
2019,06902600,13,13201,398,233,165,398,94,94,11
2019,06902600,13,13202,1,1,0,1,1,1,1
2019,06902600,13,13203,6,2,4,6,4,4,3
2019,06902600,13,13301,28,28,0,28,12,12,3
2019,06902600,13,13302,27,20,7,27,20,20,5
2019,06902600,13,13303,7,5,2,7,7,7,2
2019,06902600,13,13401,119,90,29,119,45,45,10
2019,06902600,13,13402,48,37,11,48,24,24,6
2019,06902600,13,13403,1,1,0,1,1,1,1
2019,06902600,13,13404,13,8,5,13,7,7,2
2019,06902600,13,13501,25,25,0,25,17,17,5
2019,06902600,13,13502,2,1,1,2,2,2,1
2019,06902600,13,13503,1,1,0,1,1,1,1
2019,06902600,13,13504,6,5,1,6,6,6,3
2019,06902600,13,13505,8,6,2,8,6,6,1
2019,06902600,13,13601,34,31,3,34,13,13,3
2019,06902600,13,13602,7,3,4,7,6,6,2
2019,06902600,13,13603,2,2,0,2,2,2,2
2019,06902600,13,13604,6,4,2,6,5,5,1
2019,06902600,13,13605,37,27,10,37,10,10,3
2019,06902600,14,14101,14,11,3,14,13,13,7
2019,06902600,14,14103,1,1,0,1,1,1,1
2019,06902600,14,14104,1,1,0,1,1,1,1
2019,06902600,14,14106,2,2,0,2,2,2,2
2019,06902600,14,14204,6,5,1,6,3,3,1
2019,06902600,15,15101,119,86,33,119,59,59,11
2019,06902600,16,16101,148,115,33,148,45,45,9
2019,06902600,16,16102,3,1,2,3,2,2,1
2019,06902600,16,16103,10,10,0,10,9,9,2
2019,06902600,16,16104,13,9,4,13,7,7,1
2019,06902600,16,16106,3,1,2,3,3,3,2
2019,06902600,16,16107,12,11,1,12,5,5,1
2019,06902600,16,16109,4,3,1,4,3,3,1
2019,06902600,16,16203,10,8,2,10,7,7,1
2019,06902600,16,16301,51,44,7,51,26,26,4
2019,06902600,16,16302,12,8,4,12,9,9,4
2019,06902600,16,16303,5,5,0,5,3,3,1
2019,06902600,16,16305,5,4,1,5,5,5,2
2019,06902600,2,02101,130,101,29,130,51,51,10
2019,06902600,2,02102,3,2,1,3,2,2,1
2019,06902600,2,02104,6,5,1,6,4,4,1
2019,06902600,2,02201,71,61,10,71,25,25,6
2019,06902600,2,02203,3,2,1,3,1,1,1
2019,06902600,2,02301,7,6,4,7,8,7,1
2019,06902600,3,03101,30,24,6,30,16,16,5
2019,06902600,3,03102,2,2,0,2,2,2,1
2019,06902600,3,03103,1,0,1,1,1,1,1
2019,06902600,3,03201,2,1,1,2,2,2,2
2019,06902600,3,03202,1,1,0,1,1,1,1
2019,06902600,3,03301,3,1,2,3,3,3,2
2019,06902600,4,04101,56,52,4,56,35,35,11
2019,06902600,4,04102,61,46,15,61,41,41,9
2019,06902600,4,04105,2,1,1,2,1,1,1
2019,06902600,4,04106,6,6,0,6,6,6,3
2019,06902600,4,04201,18,17,1,18,9,9,3
2019,06902600,4,04202,1,1,0,1,1,1,1
2019,06902600,4,04204,4,0,4,4,4,4,4
2019,06902600,4,04301,27,23,4,27,17,17,6
2019,06902600,4,04302,2,2,0,2,2,2,2
2019,06902600,4,04304,3,2,1,3,3,3,1
2019,06902600,5,05101,44,35,9,44,35,35,13
2019,06902600,5,05102,5,5,0,5,3,3,1
2019,06902600,5,05103,15,12,3,15,9,9,1
2019,06902600,5,05105,4,2,2,4,3,3,2
2019,06902600,5,05107,1,1,0,1,1,1,1
2019,06902600,5,05109,17,11,6,17,14,14,9
2019,06902600,5,05201,3,3,0,3,3,3,1
2019,06902600,5,05301,15,14,1,15,10,10,4
2019,06902600,5,05302,2,2,0,2,2,2,1
2019,06902600,5,05401,11,7,4,11,8,8,2
2019,06902600,5,05404,1,1,0,1,1,1,1
2019,06902600,5,05405,4,2,2,4,3,3,1
2019,06902600,5,05501,122,99,23,122,44,44,8
2019,06902600,5,05502,5,3,2,5,5,5,2
2019,06902600,5,05504,2,1,1,2,2,2,1
2019,06902600,5,05601,27,20,7,27,20,20,6
2019,06902600,5,05602,1,1,0,1,1,1,1
2019,06902600,5,05603,5,4,1,5,3,3,1
2019,06902600,5,05605,2,2,0,2,2,2,2
2019,06902600,5,05606,1,0,1,1,1,1,1
2019,06902600,5,05701,20,16,4,20,14,14,4
2019,06902600,5,05703,3,3,0,3,3,3,2
2019,06902600,5,05704,2,2,0,2,2,2,1
2019,06902600,5,05706,2,2,0,2,2,2,1
2019,06902600,5,05801,47,35,12,47,22,22,7
2019,06902600,5,05802,3,3,0,3,3,3,2
2019,06902600,5,05804,8,6,2,8,8,8,3
2019,06902600,6,06101,22,17,5,22,14,14,8
2019,06902600,6,06103,1,1,0,1,1,1,1
2019,06902600,6,06107,3,2,1,3,3,3,2
2019,06902600,6,06108,3,2,1,3,3,3,2
2019,06902600,6,06109,1,1,0,1,1,1,1
2019,06902600,6,06110,1,0,1,1,1,1,1
2019,06902600,6,06111,3,1,2,3,2,2,1
2019,06902600,6,06112,1,1,0,1,1,1,1
2019,06902600,6,06115,15,12,3,15,8,8,3
2019,06902600,6,06116,2,0,2,2,1,1,1
2019,06902600,6,06117,10,9,1,10,9,9,4
2019,06902600,6,06201,1,1,0,1,1,1,1
2019,06902600,6,06301,35,24,11,35,20,20,5
2019,06902600,6,06303,2,1,1,2,2,2,1
2019,06902600,6,06305,8,3,5,8,1,1,1
2019,06902600,6,06310,6,6,0,6,3,3,1
2019,06902600,7,07101,43,37,6,43,28,28,10
2019,06902600,7,07102,4,4,0,4,3,3,1
2019,06902600,7,07105,4,4,0,4,4,4,1
2019,06902600,7,07201,5,4,1,5,5,5,3
2019,06902600,7,07301,26,22,4,26,13,13,4
2019,06902600,7,07303,2,2,0,2,2,2,1
2019,06902600,7,07304,3,1,2,3,3,3,2
2019,06902600,7,07401,28,20,8,28,16,16,6
2019,06902600,7,07402,13,11,2,13,6,6,3
2019,06902600,7,07403,1,0,1,1,1,1,1
2019,06902600,7,07404,2,1,1,2,2,2,1
2019,06902600,7,07406,1,0,1,1,1,1,1
2019,06902600,8,08101,182,150,32,182,52,52,8
2019,06902600,8,08102,44,35,9,44,27,27,6
2019,06902600,8,08103,15,12,3,15,13,13,3
2019,06902600,8,08104,4,4,0,4,2,2,1
2019,06902600,8,08105,7,6,1,7,5,5,3
2019,06902600,8,08106,34,31,3,34,20,20,5
2019,06902600,8,08107,62,54,8,62,25,25,5
2019,06902600,8,08108,21,15,6,21,15,15,4
2019,06902600,8,08109,2,1,1,2,2,2,1
2019,06902600,8,08110,110,83,27,110,38,38,9
2019,06902600,8,08111,33,28,5,33,15,15,3
2019,06902600,8,08112,44,31,13,44,31,31,9
2019,06902600,8,08201,21,19,2,21,17,17,4
2019,06902600,8,08202,61,50,11,61,19,19,6
2019,06902600,8,08203,26,22,4,26,13,13,3
2019,06902600,8,08205,26,22,4,26,17,17,3
2019,06902600,8,08206,10,6,4,10,8,8,4
2019,06902600,8,08207,2,2,0,2,1,1,1
2019,06902600,8,08301,64,34,30,64,40,40,10
2019,06902600,8,08303,1,1,0,1,1,1,1
2019,06902600,8,08304,2,2,0,2,2,2,2
2019,06902600,8,08305,1,0,1,1,1,1,1
2019,06902600,8,08307,1,1,0,1,1,1,1
2019,06902600,9,09101,59,38,21,59,32,32,10
2019,06902600,9,09103,4,3,1,4,3,3,1
2019,06902600,9,09105,3,3,0,3,3,3,1
2019,06902600,9,09107,1,0,1,1,1,1,1
2019,06902600,9,09108,30,23,7,30,10,10,2
2019,06902600,9,09109,6,3,3,6,5,5,1
2019,06902600,9,09111,15,13,2,15,11,11,2
2019,06902600,9,09112,10,6,4,10,8,8,3
2019,06902600,9,09114,11,8,3,11,9,9,2
2019,06902600,9,09115,16,14,2,16,9,9,4
2019,06902600,9,09119,7,4,3,7,4,4,2
2019,06902600,9,09120,11,5,6,11,8,8,2
2019,06902600,9,09201,44,29,15,44,12,12,3
2019,06902600,9,09202,1,1,0,1,1,1,1
2019,06902600,9,09205,2,1,1,2,2,2,1
2019,06902600,9,09206,3,3,0,3,2,2,1
2019,06902600,9,09207,1,0,1,1,1,1,1
2019,06902600,9,09208,1,1,0,1,1,1,1
2019,06902600,9,09210,9,9,0,9,4,4,1
2019,06902600,9,09211,57,44,13,57,29,29,8
2020,03500404,1,01101,116,123,,229,20,17,4
2020,03500404,1,01107,135,140,,272,26,24,5
2020,03500404,1,01402,2,6,,3,6,2,2
2020,03500404,1,01403,1,,,,1,0,1
2020,03500404,1,01405,9,6,,10,4,2,1
2020,03500404,10,10101,123,101,,219,27,22,9
2020,03500404,10,10104,10,8,,18,3,3,1
2020,03500404,10,10105,9,11,,18,5,3,2
2020,03500404,10,10109,27,35,,61,8,7,1
2020,03500404,10,10201,127,101,,214,44,33,7
2020,03500404,10,10202,2,,,,2,0,2
2020,03500404,10,10205,22,18,,32,16,9,5
2020,03500404,10,10206,1,,,,1,0,1
2020,03500404,10,10301,133,117,,236,30,22,4
2020,03500404,10,10303,26,32,,58,11,11,3
2020,03500404,10,10304,25,35,,59,6,5,1
2020,03500404,10,10305,8,10,,16,5,3,2
2020,03500404,10,10306,3,1,,3,2,1,1
2020,03500404,10,10307,9,8,,13,8,4,2
2020,03500404,10,10404,1,,,,1,0,1
2020,03500404,11,11101,59,73,,126,14,12,4
2020,03500404,11,11102,2,4,,,6,0,2
2020,03500404,11,11201,2,3,,,3,0,2
2020,03500404,11,11202,26,23,,35,18,6,4
2020,03500404,11,11203,2,1,,3,1,1,1
2020,03500404,11,11301,12,14,,18,6,3,1
2020,03500404,11,11302,1,,,,1,0,1
2020,03500404,11,11303,3,2,,3,3,1,1
2020,03500404,11,11401,6,2,,2,6,1,1
2020,03500404,11,11402,11,9,,7,12,3,4
2020,03500404,12,12101,26,26,,42,8,4,3
2020,03500404,12,12301,6,4,,10,3,3,1
2020,03500404,13,13101,47,48,,95,1,1,1
2020,03500404,13,13103,53,69,,119,8,6,3
2020,03500404,13,13105,71,73,,144,13,13,3
2020,03500404,13,13106,142,142,,282,10,9,3
2020,03500404,13,13107,29,21,,42,7,4,1
2020,03500404,13,13108,58,46,,104,4,4,2
2020,03500404,13,13109,46,45,,91,7,7,2
2020,03500404,13,13110,69,74,,143,8,8,3
2020,03500404,13,13112,137,148,,282,24,23,5
2020,03500404,13,13114,11,15,,24,7,5,2
2020,03500404,13,13115,13,15,,28,9,9,2
2020,03500404,13,13116,90,96,,181,17,13,3
2020,03500404,13,13117,185,184,,368,24,23,3
2020,03500404,13,13118,171,165,,336,27,27,3
2020,03500404,13,13119,91,87,,173,14,11,5
2020,03500404,13,13120,47,55,,102,10,10,3
2020,03500404,13,13121,106,107,,207,21,18,4
2020,03500404,13,13122,135,130,,265,12,12,4
2020,03500404,13,13123,29,26,,52,14,12,3
2020,03500404,13,13124,373,356,,700,62,47,10
2020,03500404,13,13126,30,18,,42,10,7,4
2020,03500404,13,13127,76,90,,166,15,15,3
2020,03500404,13,13128,74,94,,165,12,9,3
2020,03500404,13,13129,134,135,,256,57,48,9
2020,03500404,13,13130,40,33,,64,10,6,2
2020,03500404,13,13131,7,5,,12,2,2,2
2020,03500404,13,13132,4,3,,7,5,5,1
2020,03500404,13,13201,85,68,,151,14,12,2
2020,03500404,13,13202,44,39,,76,17,15,3
2020,03500404,13,13203,,3,,,3,0,2
2020,03500404,13,13401,183,170,,345,27,22,9
2020,03500404,13,13402,32,41,,61,15,7,7
2020,03500404,13,13404,50,51,,99,7,6,2
2020,03500404,13,13502,9,11,,15,8,5,2
2020,03500404,13,13503,22,35,,57,11,11,3
2020,03500404,13,13601,42,46,,86,8,6,3
2020,03500404,13,13602,24,16,,40,7,7,2
2020,03500404,13,13603,15,7,,17,7,2,3
2020,03500404,13,13604,16,14,,30,2,2,1
2020,03500404,14,14101,168,136,,300,45,42,10
2020,03500404,14,14102,1,0,,1,1,1,1
2020,03500404,15,15101,425,369,,794,102,102,11
2020,03500404,15,15201,1,1,,2,1,1,1
2020,03500404,16,16101,132,115,,247,28,28,6
2020,03500404,16,16102,8,14,,22,4,4,1
2020,03500404,16,16103,37,38,,70,11,7,2
2020,03500404,16,16104,22,14,,36,6,6,1
2020,03500404,16,16106,12,16,,28,4,4,1
2020,03500404,16,16109,8,11,,15,7,4,2
2020,03500404,16,16201,,1,,,1,0,1
2020,03500404,16,16202,2,,,,1,0,1
2020,03500404,16,16203,27,21,,45,8,5,1
2020,03500404,16,16204,2,,,,2,0,1
2020,03500404,16,16205,13,13,,25,9,8,1
2020,03500404,16,16206,3,4,,5,4,2,1
2020,03500404,16,16207,6,6,,10,4,2,1
2020,03500404,16,16301,20,39,,45,15,6,3
2020,03500404,16,16302,5,6,,8,4,2,2
2020,03500404,16,16303,2,3,,5,1,1,1
2020,03500404,2,02101,102,65,,165,15,13,3
2020,03500404,2,02201,0,1,,1,1,1,1
2020,03500404,3,03101,195,165,,341,48,36,8
2020,03500404,3,03102,4,,,,1,0,1
2020,03500404,3,03103,26,24,,40,12,7,2
2020,03500404,3,03201,2,4,,4,3,1,1
2020,03500404,3,03202,25,31,,46,14,11,3
2020,03500404,3,03301,52,43,,91,15,13,4
2020,03500404,3,03302,5,5,,4,7,1,1
2020,03500404,3,03303,10,4,,14,2,2,1
2020,03500404,3,03304,19,5,,11,8,3,2
2020,03500404,4,04101,154,128,,271,33,26,7
2020,03500404,4,04102,208,210,,410,32,26,10
2020,03500404,4,04106,30,19,,44,7,5,1
2020,03500404,5,05101,189,197,,367,45,30,11
2020,03500404,5,05103,37,40,,77,4,4,1
2020,03500404,5,05104,4,3,,2,6,1,1
2020,03500404,5,05105,9,12,,17,5,3,2
2020,03500404,5,05109,5,4,,9,2,2,2
2020,03500404,5,05301,34,30,,63,5,4,1
2020,03500404,5,05302,12,10,,22,6,6,2
2020,03500404,5,05303,14,16,,30,4,4,1
2020,03500404,5,05304,3,5,,8,2,2,1
2020,03500404,5,05401,45,33,,65,17,6,8
2020,03500404,5,05402,29,26,,55,5,5,1
2020,03500404,5,05403,3,4,,7,2,2,2
2020,03500404,5,05404,21,18,,27,17,9,3
2020,03500404,5,05405,7,16,,17,7,3,1
2020,03500404,5,05501,140,135,,259,25,17,7
2020,03500404,5,05502,59,64,,117,16,12,5
2020,03500404,5,05503,19,27,,45,9,8,3
2020,03500404,5,05506,18,16,,13,12,3,3
2020,03500404,5,05601,1,,,,1,0,1
2020,03500404,5,05603,4,3,,6,3,2,2
2020,03500404,5,05701,40,33,,73,5,5,2
2020,03500404,5,05702,39,33,,72,13,13,2
2020,03500404,5,05703,35,27,,61,4,3,1
2020,03500404,5,05704,4,5,,9,3,3,1
2020,03500404,5,05705,42,45,,79,12,9,2
2020,03500404,5,05706,27,19,,45,8,7,3
2020,03500404,5,05801,173,121,,289,27,23,6
2020,03500404,5,05803,30,15,,38,12,6,4
2020,03500404,5,05804,144,122,,263,21,18,3
2020,03500404,6,06101,212,235,,429,39,32,8
2020,03500404,6,06103,8,6,,9,6,2,1
2020,03500404,6,06105,9,6,,14,4,3,1
2020,03500404,6,06106,29,28,,56,6,5,1
2020,03500404,6,06109,0,2,,2,2,2,1
2020,03500404,6,06110,35,37,,71,10,9,2
2020,03500404,6,06111,18,14,,27,9,6,1
2020,03500404,6,06115,51,38,,83,7,6,2
2020,03500404,6,06117,110,112,,207,26,16,6
2020,03500404,6,06301,61,62,,120,12,9,5
2020,03500404,6,06302,18,16,,33,4,3,2
2020,03500404,6,06303,2,,,,1,0,1
2020,03500404,6,06304,3,5,,5,3,1,1
2020,03500404,6,06305,35,44,,79,10,10,1
2020,03500404,6,06306,1,3,,4,1,1,1
2020,03500404,6,06309,3,,,,2,0,1
2020,03500404,6,06310,1,,,,1,0,1
2020,03500404,7,07101,319,278,,557,66,46,10
2020,03500404,7,07102,259,215,,432,66,44,6
2020,03500404,7,07103,32,24,,41,20,8,4
2020,03500404,7,07104,30,18,,46,11,9,1
2020,03500404,7,07105,72,75,,128,31,18,6
2020,03500404,7,07106,60,42,,82,25,12,4
2020,03500404,7,07107,35,35,,49,29,12,5
2020,03500404,7,07108,30,24,,44,18,8,6
2020,03500404,7,07109,155,133,,205,102,41,17
2020,03500404,7,07110,56,40,,96,9,9,1
2020,03500404,7,07201,51,73,,104,27,14,6
2020,03500404,7,07202,31,32,,63,12,12,1
2020,03500404,7,07203,19,16,,22,18,8,3
2020,03500404,7,07301,6,1,,7,2,2,2
2020,03500404,7,07302,35,36,,59,21,12,4
2020,03500404,7,07303,33,25,,39,27,10,5
2020,03500404,7,07304,40,34,,56,19,9,5
2020,03500404,7,07305,27,31,,49,13,6,3
2020,03500404,7,07306,23,30,,46,14,7,3
2020,03500404,7,07307,75,70,,127,34,23,4
2020,03500404,7,07308,116,104,,183,56,28,7
2020,03500404,7,07401,234,238,,466,42,37,4
2020,03500404,7,07402,60,54,,101,23,13,6
2020,03500404,7,07403,65,46,,76,40,18,10
2020,03500404,7,07404,71,73,,126,29,16,7
2020,03500404,7,07405,18,20,,27,16,9,7
2020,03500404,7,07406,43,47,,90,4,4,1
2020,03500404,7,07407,57,49,,97,19,13,5
2020,03500404,8,08101,37,41,,71,12,8,1
2020,03500404,8,08102,76,86,,159,12,10,4
2020,03500404,8,08103,42,39,,76,15,11,3
2020,03500404,8,08105,16,9,,18,9,3,3
2020,03500404,8,08106,68,64,,124,24,18,4
2020,03500404,8,08107,24,22,,44,8,7,4
2020,03500404,8,08108,50,53,,99,12,9,4
2020,03500404,8,08110,33,38,,63,12,8,4
2020,03500404,8,08111,36,37,,68,13,8,4
2020,03500404,8,08112,44,31,,55,30,13,4
2020,03500404,8,08201,9,10,,19,3,3,1
2020,03500404,8,08202,26,20,,41,9,6,4
2020,03500404,8,08203,30,35,,65,3,3,1
2020,03500404,8,08204,1,,,,1,0,1
2020,03500404,8,08205,42,32,,74,6,6,2
2020,03500404,8,08206,12,10,,19,6,3,3
2020,03500404,8,08301,320,302,,570,93,57,17
2020,03500404,8,08302,16,16,,32,6,6,1
2020,03500404,8,08304,19,11,,17,15,4,3
2020,03500404,8,08306,29,28,,54,9,6,3
2020,03500404,8,08307,7,10,,17,2,2,1
2020,03500404,8,08308,9,13,,8,16,4,5
2020,03500404,8,08309,10,7,,17,4,4,1
2020,03500404,8,08310,1,,,,1,0,1
2020,03500404,8,08311,4,3,,7,1,1,1
2020,03500404,8,08312,8,6,,9,6,2,2
2020,03500404,8,08313,4,6,,10,2,2,1
2020,03500404,8,08314,2,,,,1,0,1
2020,03500404,9,09101,234,238,,470,50,48,11
2020,03500404,9,09108,1,,,,1,0,1
2020,03500404,9,09112,94,72,,161,14,12,4
2020,03500405,1,01101,25,22,,44,13,11,4
2020,03500405,1,01107,15,4,,18,9,8,4
2020,03500405,1,01401,1,,,,1,0,1
2020,03500405,10,10101,19,8,,21,18,12,7
2020,03500405,10,10104,4,1,,2,3,1,1
2020,03500405,10,10105,2,2,,3,2,1,1
2020,03500405,10,10109,4,5,,9,3,3,1
2020,03500405,10,10201,20,8,,23,20,15,5
2020,03500405,10,10202,2,,,,2,0,2
2020,03500405,10,10205,7,0,,4,6,3,3
2020,03500405,10,10206,1,,,,1,0,1
2020,03500405,10,10301,17,4,,14,9,6,3
2020,03500405,10,10303,2,3,,5,4,4,3
2020,03500405,10,10304,2,2,,,3,0,1
2020,03500405,10,10305,3,1,,,4,0,2
2020,03500405,10,10306,1,1,,1,2,1,1
2020,03500405,10,10307,1,,,,1,0,1
2020,03500405,10,10404,1,,,,1,0,1
2020,03500405,11,11101,9,9,,8,10,3,3
2020,03500405,11,11201,1,,,,1,0,1
2020,03500405,11,11202,6,3,,6,6,3,2
2020,03500405,11,11301,5,1,,3,3,1,1
2020,03500405,11,11303,1,,,,1,0,1
2020,03500405,11,11402,1,1,,,2,0,2
2020,03500405,12,12101,6,4,,10,2,2,1
2020,03500405,12,12201,1,,,,1,0,1
2020,03500405,12,12301,2,1,,2,2,1,1
2020,03500405,13,13101,18,6,,24,1,1,1
2020,03500405,13,13103,12,8,,19,4,3,2
2020,03500405,13,13105,6,6,,12,7,7,3
2020,03500405,13,13106,21,13,,30,9,7,3
2020,03500405,13,13107,1,,,,1,0,1
2020,03500405,13,13108,3,3,,5,3,2,2
2020,03500405,13,13109,15,3,,17,6,5,3
2020,03500405,13,13110,7,6,,11,6,4,2
2020,03500405,13,13112,31,18,,45,18,14,5
2020,03500405,13,13114,1,,,,1,0,1
2020,03500405,13,13115,4,1,,5,3,3,1
2020,03500405,13,13116,5,1,,5,4,3,2
2020,03500405,13,13117,72,54,,119,20,16,3
2020,03500405,13,13118,10,8,,15,11,9,2
2020,03500405,13,13119,11,1,,10,5,3,2
2020,03500405,13,13120,3,3,,2,5,1,3
2020,03500405,13,13121,18,2,,14,14,11,4
2020,03500405,13,13122,20,10,,18,10,5,4
2020,03500405,13,13123,6,4,,8,7,6,3
2020,03500405,13,13124,75,32,,92,35,25,8
2020,03500405,13,13126,9,0,,7,6,4,3
2020,03500405,13,13127,14,11,,25,10,10,3
2020,03500405,13,13128,16,12,,25,8,5,3
2020,03500405,13,13129,27,20,,45,27,25,8
2020,03500405,13,13130,3,,,,2,0,1
2020,03500405,13,13131,7,4,,11,2,2,1
2020,03500405,13,13132,0,1,,1,1,1,1
2020,03500405,13,13201,16,9,,24,9,8,2
2020,03500405,13,13202,15,5,,18,11,10,3
2020,03500405,13,13203,,2,,,2,0,2
2020,03500405,13,13401,19,7,,21,10,6,6
2020,03500405,13,13402,2,4,,4,4,2,4
2020,03500405,13,13403,1,,,,1,0,1
2020,03500405,13,13404,8,6,,13,6,5,1
2020,03500405,13,13502,4,1,,1,5,1,2
2020,03500405,13,13503,9,6,,14,9,8,3
2020,03500405,13,13601,5,7,,12,3,3,1
2020,03500405,13,13602,4,4,,4,3,1,2
2020,03500405,13,13603,6,5,,9,3,1,2
2020,03500405,13,13604,3,3,,6,2,2,1
2020,03500405,14,14101,40,21,,57,23,19,6
2020,03500405,15,15101,27,7,,34,23,23,8
2020,03500405,16,16101,20,12,,25,12,8,4
2020,03500405,16,16102,3,6,,8,4,3,1
2020,03500405,16,16103,2,,,,2,0,2
2020,03500405,16,16106,2,2,,4,2,2,1
2020,03500405,16,16109,3,1,,,3,0,2
2020,03500405,16,16203,7,3,,5,5,1,1
2020,03500405,16,16206,1,,,,1,0,1
2020,03500405,16,16207,,1,,,1,0,1
2020,03500405,16,16301,4,8,,9,6,3,2
2020,03500405,16,16302,3,,,,2,0,2
2020,03500405,16,16303,1,1,,2,1,1,1
2020,03500405,2,02101,15,6,,19,10,8,3
2020,03500405,3,03101,34,11,,42,25,22,8
2020,03500405,3,03102,2,,,,1,0,1
2020,03500405,3,03103,3,2,,4,3,2,1
2020,03500405,3,03202,9,14,,7,12,3,2
2020,03500405,3,03301,2,1,,3,2,2,2
2020,03500405,3,03303,1,,,,1,0,1
2020,03500405,3,03304,3,1,,,4,0,2
2020,03500405,4,04101,34,11,,38,16,12,5
2020,03500405,4,04102,32,22,,51,18,16,7
2020,03500405,4,04106,10,1,,7,6,3,2
2020,03500405,4,04202,4,,,,2,0,1
2020,03500405,5,05101,28,7,,16,21,7,9
2020,03500405,5,05102,1,,,,1,0,1
2020,03500405,5,05103,5,4,,9,4,4,1
2020,03500405,5,05105,5,3,,8,3,3,2
2020,03500405,5,05107,1,,,,1,0,1
2020,03500405,5,05109,2,,,,1,0,1
2020,03500405,5,05301,4,3,,5,3,1,1
2020,03500405,5,05302,,2,,,2,0,1
2020,03500405,5,05303,2,2,,3,3,2,1
2020,03500405,5,05401,5,5,,6,7,4,3
2020,03500405,5,05402,4,6,,10,5,5,1
2020,03500405,5,05403,1,2,,2,2,1,2
2020,03500405,5,05404,3,3,,1,6,1,3
2020,03500405,5,05405,,2,,,2,0,1
2020,03500405,5,05501,16,7,,15,14,7,6
2020,03500405,5,05502,2,2,,3,3,2,2
2020,03500405,5,05503,3,2,,3,4,2,1
2020,03500405,5,05603,2,1,,3,3,3,1
2020,03500405,5,05605,,1,,,1,0,1
2020,03500405,5,05701,4,2,,4,3,2,1
2020,03500405,5,05702,4,1,,5,3,3,1
2020,03500405,5,05703,8,1,,6,3,1,1
2020,03500405,5,05704,1,,,,1,0,1
2020,03500405,5,05705,8,5,,8,8,3,1
2020,03500405,5,05706,1,2,,,3,0,1
2020,03500405,5,05801,31,15,,40,19,15,6
2020,03500405,5,05803,9,0,,3,4,2,1
2020,03500405,5,05804,43,24,,61,17,14,3
2020,03500405,6,06101,27,24,,33,26,13,7
2020,03500405,6,06103,3,1,,,4,0,1
2020,03500405,6,06105,1,2,,,2,0,1
2020,03500405,6,06106,3,,,,2,0,1
2020,03500405,6,06110,3,1,,2,3,1,2
2020,03500405,6,06113,2,1,,3,1,1,1
2020,03500405,6,06115,6,2,,3,5,1,2
2020,03500405,6,06117,15,6,,17,12,9,3
2020,03500405,6,06301,5,1,,5,5,4,2
2020,03500405,6,06302,1,0,,1,1,1,1
2020,03500405,6,06304,2,1,,,3,0,1
2020,03500405,6,06305,1,,,,1,0,1
2020,03500405,6,06309,2,,,,1,0,1
2020,03500405,6,06310,0,1,,1,1,1,1
2020,03500405,7,07101,43,18,,44,21,9,6
2020,03500405,7,07102,16,6,,22,8,8,1
2020,03500405,7,07105,6,4,,7,4,2,2
2020,03500405,7,07106,3,1,,2,3,1,1
2020,03500405,7,07109,12,3,,4,9,2,7
2020,03500405,7,07201,8,2,,5,6,2,2
2020,03500405,7,07302,2,,,,2,0,1
2020,03500405,7,07304,1,3,,2,3,1,2
2020,03500405,7,07306,2,1,,,3,0,1
2020,03500405,7,07307,4,6,,4,7,2,1
2020,03500405,7,07308,3,5,,6,3,1,2
2020,03500405,7,07401,9,3,,3,8,1,3
2020,03500405,7,07402,5,4,,,8,0,2
2020,03500405,7,07403,1,3,,,3,0,3
2020,03500405,7,07404,11,13,,22,3,1,2
2020,03500405,7,07406,1,0,,1,1,1,1
2020,03500405,8,08101,11,7,,9,9,2,1
2020,03500405,8,08102,4,4,,4,5,2,3
2020,03500405,8,08103,7,5,,7,7,4,3
2020,03500405,8,08105,4,2,,,4,0,1
2020,03500405,8,08106,10,4,,7,6,1,3
2020,03500405,8,08107,3,4,,6,3,2,1
2020,03500405,8,08108,22,9,,22,14,7,4
2020,03500405,8,08110,10,4,,5,8,2,4
2020,03500405,8,08111,12,12,,23,6,5,2
2020,03500405,8,08112,2,2,,4,2,2,1
2020,03500405,8,08201,2,3,,5,3,3,1
2020,03500405,8,08202,6,4,,7,4,2,2
2020,03500405,8,08203,5,1,,,3,0,1
2020,03500405,8,08205,7,2,,6,3,1,1
2020,03500405,8,08206,2,,,,1,0,1
2020,03500405,8,08301,29,12,,12,26,4,9
2020,03500405,8,08302,8,4,,12,3,3,1
2020,03500405,8,08304,4,1,,1,5,1,2
2020,03500405,8,08306,3,1,,2,2,1,1
2020,03500405,8,08307,2,1,,,2,0,1
2020,03500405,8,08308,1,,,,1,0,1
2020,03500405,8,08309,6,1,,4,4,2,1
2020,03500405,8,08311,0,1,,1,1,1,1
2020,03500405,8,08312,3,,,,2,0,1
2020,03500405,8,08314,3,,,,2,0,2
2020,03500405,9,09101,37,24,,55,27,24,7
2020,03500405,9,09108,1,,,,1,0,1
2020,03500405,9,09112,9,7,,9,7,3,3
2020,03500406,1,01101,11,10,,17,9,6,3
2020,03500406,1,01107,10,2,,12,5,5,2
2020,03500406,10,10101,1,1,,1,2,1,2
2020,03500406,10,10109,3,5,,8,2,2,1
2020,03500406,10,10201,8,3,,9,11,9,5
2020,03500406,10,10202,1,,,,1,0,1
2020,03500406,10,10205,4,0,,1,4,1,2
2020,03500406,10,10206,1,,,,1,0,1
2020,03500406,10,10301,3,0,,2,2,1,1
2020,03500406,10,10303,1,0,,1,1,1,1
2020,03500406,10,10304,2,,,,2,0,1
2020,03500406,10,10307,1,,,,1,0,1
2020,03500406,11,11202,4,3,,4,5,2,1
2020,03500406,11,11301,5,1,,,3,0,1
2020,03500406,11,11402,1,,,,1,0,1
2020,03500406,12,12101,5,,,,3,0,1
2020,03500406,12,12301,2,1,,2,2,1,1
2020,03500406,13,13105,3,4,,7,6,6,3
2020,03500406,13,13106,35,24,,55,5,4,2
2020,03500406,13,13107,3,1,,3,2,1,2
2020,03500406,13,13108,1,,,,1,0,1
2020,03500406,13,13109,6,1,,7,5,5,2
2020,03500406,13,13112,8,3,,10,6,5,3
2020,03500406,13,13115,6,2,,8,5,5,2
2020,03500406,13,13116,2,0,,2,2,2,1
2020,03500406,13,13117,54,38,,83,16,8,3
2020,03500406,13,13118,6,7,,13,10,10,2
2020,03500406,13,13119,4,1,,4,2,1,1
2020,03500406,13,13120,,1,,,1,0,1
2020,03500406,13,13121,14,1,,10,9,7,3
2020,03500406,13,13122,15,5,,16,9,6,4
2020,03500406,13,13123,2,3,,3,4,3,2
2020,03500406,13,13124,15,7,,18,11,8,4
2020,03500406,13,13126,5,0,,4,5,4,3
2020,03500406,13,13128,1,,,,1,0,1
2020,03500406,13,13129,10,8,,18,11,11,4
2020,03500406,13,13130,2,1,,,3,0,1
2020,03500406,13,13131,2,1,,3,1,1,1
2020,03500406,13,13201,6,5,,11,6,6,2
2020,03500406,13,13401,9,3,,7,5,3,3
2020,03500406,13,13402,2,1,,,3,0,2
2020,03500406,13,13404,10,4,,8,8,4,3
2020,03500406,13,13502,3,0,,1,3,1,2
2020,03500406,13,13603,2,,,,2,0,2
2020,03500406,14,14101,3,0,,1,3,1,2
2020,03500406,15,15101,1,0,,1,1,1,1
2020,03500406,16,16101,,1,,,1,0,1
2020,03500406,2,02101,11,5,,16,3,3,2
2020,03500406,3,03101,,1,,,1,0,1
2020,03500406,4,04101,4,4,,3,8,3,4
2020,03500406,4,04102,8,4,,12,6,6,3
2020,03500406,4,04106,2,0,,1,2,1,1
2020,03500406,4,04202,4,,,,2,0,1
2020,03500406,4,04301,1,,,,1,0,1
2020,03500406,5,05101,17,3,,5,15,2,8
2020,03500406,5,05103,1,1,,2,1,1,1
2020,03500406,5,05105,3,1,,4,2,2,1
2020,03500406,5,05401,1,0,,1,1,1,1
2020,03500406,5,05402,2,4,,6,3,3,1
2020,03500406,5,05403,,1,,,1,0,1
2020,03500406,5,05404,,2,,,2,0,1
2020,03500406,5,05405,,2,,,2,0,1
2020,03500406,5,05501,4,1,,2,4,1,3
2020,03500406,5,05502,0,2,,2,2,2,1
2020,03500406,5,05503,1,2,,,3,0,1
2020,03500406,5,05603,2,1,,3,2,2,1
2020,03500406,5,05702,1,0,,1,1,1,1
2020,03500406,5,05801,26,14,,36,17,13,5
2020,03500406,5,05803,9,0,,3,4,2,1
2020,03500406,5,05804,18,7,,15,13,6,3
2020,03500406,6,06101,19,18,,24,19,10,7
2020,03500406,6,06103,2,,,,2,0,1
2020,03500406,6,06105,1,2,,,2,0,1
2020,03500406,6,06106,2,0,,1,2,1,1
2020,03500406,6,06110,2,,,,2,0,1
2020,03500406,6,06115,5,,,,4,0,2
2020,03500406,6,06117,11,6,,14,8,6,3
2020,03500406,6,06301,3,1,,4,3,3,1
2020,03500406,6,06304,2,1,,,3,0,1
2020,03500406,6,06309,2,,,,1,0,1
2020,03500406,6,06310,0,1,,1,1,1,1
2020,03500406,7,07101,13,5,,10,12,4,5
2020,03500406,7,07105,4,,,,3,0,2
2020,03500406,7,07106,1,,,,1,0,1
2020,03500406,7,07108,1,,,,1,0,1
2020,03500406,7,07109,1,1,,1,2,1,2
2020,03500406,7,07307,,1,,,1,0,1
2020,03500406,7,07401,2,2,,,4,0,3
2020,03500406,7,07402,2,1,,,3,0,1
2020,03500406,7,07403,1,2,,,2,0,2
2020,03500406,8,08101,9,6,,8,7,2,1
2020,03500406,8,08106,1,1,,2,2,2,2
2020,03500406,8,08107,2,1,,2,2,1,1
2020,03500406,8,08108,13,4,,13,8,5,4
2020,03500406,8,08111,1,2,,2,2,1,1
2020,03500406,8,08301,13,6,,7,12,2,5
2020,03500406,8,08302,6,4,,9,3,2,1
2020,03500406,8,08304,2,2,,,4,0,3
2020,03500406,8,08306,1,1,,,2,0,1
2020,03500406,8,08307,2,1,,,2,0,1
2020,03500406,8,08308,,1,,,1,0,1
2020,03500406,8,08309,6,1,,4,4,2,1
2020,03500406,8,08311,0,1,,1,1,1,1
2020,03500406,8,08312,,1,,,1,0,1
2020,03500406,9,09101,,1,,,1,0,1
2020,03500406,9,09108,1,,,,1,0,1
2020,03500407,1,01101,2,3,,2,4,1,3
2020,03500407,1,01107,2,0,,2,2,2,2
2020,03500407,10,10101,,1,,,1,0,1
2020,03500407,10,10102,1,,,,1,0,1
2020,03500407,10,10108,1,,,,1,0,1
2020,03500407,10,10109,1,3,,4,2,2,1
2020,03500407,10,10201,2,1,,2,3,2,3
2020,03500407,10,10205,2,,,,2,0,1
2020,03500407,10,10307,1,,,,1,0,1
2020,03500407,11,11201,1,,,,1,0,1
2020,03500407,11,11202,1,1,,,2,0,1
2020,03500407,11,11301,1,1,,,2,0,1
2020,03500407,11,11402,1,,,,1,0,1
2020,03500407,13,13105,0,2,,2,1,1,1
2020,03500407,13,13106,9,4,,6,6,3,2
2020,03500407,13,13107,6,1,,3,4,1,3
2020,03500407,13,13109,2,1,,3,3,3,2
2020,03500407,13,13112,3,0,,3,1,1,1
2020,03500407,13,13117,8,0,,3,8,3,3
2020,03500407,13,13118,5,3,,7,8,7,2
2020,03500407,13,13119,10,8,,17,2,1,1
2020,03500407,13,13121,3,1,,4,3,3,2
2020,03500407,13,13122,3,,,,2,0,1
2020,03500407,13,13124,5,5,,6,8,4,3
2020,03500407,13,13126,2,0,,1,2,1,2
2020,03500407,13,13128,2,,,,1,0,1
2020,03500407,13,13129,4,3,,7,7,7,3
2020,03500407,13,13130,1,1,,,2,0,1
2020,03500407,13,13201,4,0,,4,4,4,2
2020,03500407,13,13401,,2,,,2,0,2
2020,03500407,13,13403,1,,,,1,0,1
2020,03500407,13,13404,3,3,,5,4,3,1
2020,03500407,14,14101,1,,,,1,0,1
2020,03500407,16,16101,,1,,,1,0,1
2020,03500407,2,02101,2,1,,3,2,2,1
2020,03500407,3,03101,,1,,,1,0,1
2020,03500407,4,04101,4,5,,5,6,2,3
2020,03500407,4,04102,6,2,,7,5,4,2
2020,03500407,4,04106,2,0,,1,2,1,1
2020,03500407,5,05101,12,3,,2,14,2,8
2020,03500407,5,05105,1,1,,2,2,2,1
2020,03500407,5,05107,2,,,,1,0,1
2020,03500407,5,05109,2,0,,1,2,1,2
2020,03500407,5,05402,1,2,,2,3,2,2
2020,03500407,5,05404,1,1,,,2,0,2
2020,03500407,5,05501,1,,,,1,0,1
2020,03500407,5,05502,0,1,,1,1,1,1
2020,03500407,5,05503,1,2,,,3,0,2
2020,03500407,5,05702,1,0,,1,1,1,1
2020,03500407,5,05801,13,5,,14,11,7,4
2020,03500407,5,05803,6,0,,2,4,2,1
2020,03500407,5,05804,8,2,,4,7,1,3
2020,03500407,6,06101,2,5,,4,7,4,5
2020,03500407,6,06105,1,2,,,2,0,1
2020,03500407,6,06110,2,,,,2,0,1
2020,03500407,6,06112,3,,,,3,0,1
2020,03500407,6,06115,1,,,,1,0,1
2020,03500407,6,06304,2,,,,2,0,1
2020,03500407,6,06310,1,0,,1,1,1,1
2020,03500407,7,07101,6,1,,2,7,2,4
2020,03500407,7,07105,1,,,,1,0,1
2020,03500407,7,07108,1,,,,1,0,1
2020,03500407,7,07109,1,1,,1,2,1,2
2020,03500407,7,07307,,1,,,1,0,1
2020,03500407,7,07401,2,1,,,3,0,3
2020,03500407,7,07403,1,1,,,2,0,2
2020,03500407,8,08101,5,,,,4,0,2
2020,03500407,8,08105,2,1,,2,2,1,1
2020,03500407,8,08108,4,2,,3,5,2,4
2020,03500407,8,08111,,1,,,1,0,1
2020,03500407,8,08301,2,2,,,4,0,3
2020,03500407,8,08302,2,1,,2,2,1,1
2020,03500407,8,08304,1,1,,,2,0,1
2020,03500407,8,08306,1,1,,,2,0,1
2020,03500407,8,08307,,1,,,1,0,1
2020,03500407,8,08309,1,,,,1,0,1
2020,03500407,8,08312,1,,,,1,0,1
2020,03500407,9,09201,1,0,,1,1,1,1
2020,05225000,1,01101,13,10,3,13,8,8,4
2020,05225000,1,01107,1,1,0,1,1,1,1
2020,05225000,10,10101,21,18,3,21,16,16,5
2020,05225000,10,10201,6,3,3,6,6,6,2
2020,05225000,10,10202,0,0,0,0,1,1,1
2020,05225000,10,10203,2,2,0,2,2,2,1
2020,05225000,10,10208,4,3,1,4,3,3,1
2020,05225000,10,10301,5,4,1,5,5,5,4
2020,05225000,11,11101,23,23,0,23,14,14,3
2020,05225000,11,11201,15,14,1,15,7,7,2
2020,05225000,11,11401,1,1,0,1,1,1,1
2020,05225000,12,12101,10,7,3,10,8,8,3
2020,05225000,12,12401,3,2,1,3,2,2,1
2020,05225000,13,13101,1,1,0,1,4,4,2
2020,05225000,13,13103,2,2,0,2,3,3,2
2020,05225000,13,13104,12,6,6,12,4,4,2
2020,05225000,13,13105,1,1,0,1,1,1,1
2020,05225000,13,13107,0,0,0,0,4,4,2
2020,05225000,13,13108,1,1,0,1,2,2,1
2020,05225000,13,13109,1,0,1,1,2,2,1
2020,05225000,13,13110,14,9,5,14,11,11,5
2020,05225000,13,13112,2,2,0,2,3,3,2
2020,05225000,13,13113,6,5,1,6,6,6,2
2020,05225000,13,13114,5,4,1,5,5,5,1
2020,05225000,13,13115,1,1,0,1,1,1,1
2020,05225000,13,13116,3,1,2,3,3,3,1
2020,05225000,13,13117,7,5,2,7,2,2,2
2020,05225000,13,13118,1,1,0,1,1,1,1
2020,05225000,13,13119,7,4,3,7,5,5,3
2020,05225000,13,13120,2,2,0,2,1,1,1
2020,05225000,13,13121,5,3,2,5,6,6,1
2020,05225000,13,13122,9,8,1,9,5,5,2
2020,05225000,13,13123,4,3,1,4,5,5,3
2020,05225000,13,13124,7,5,2,7,4,4,2
2020,05225000,13,13125,3,2,1,3,3,3,3
2020,05225000,13,13127,6,5,1,6,6,6,3
2020,05225000,13,13128,6,5,1,6,2,2,2
2020,05225000,13,13129,3,2,1,3,3,3,1
2020,05225000,13,13130,10,9,1,10,9,9,2
2020,05225000,13,13131,4,3,1,4,5,5,3
2020,05225000,13,13132,25,3,22,25,2,2,2
2020,05225000,13,13201,20,10,10,20,12,12,5
2020,05225000,13,13203,1,0,1,1,1,1,1
2020,05225000,13,13301,6,3,3,6,4,4,1
2020,05225000,13,13302,5,3,2,5,1,1,1
2020,05225000,13,13303,3,3,0,3,2,2,1
2020,05225000,13,13401,6,5,1,6,4,4,4
2020,05225000,13,13402,6,5,1,6,15,15,6
2020,05225000,13,13404,0,0,0,0,2,2,1
2020,05225000,13,13501,3,2,1,3,3,3,2
2020,05225000,13,13601,2,2,0,2,2,2,1
2020,05225000,13,13604,3,1,2,3,7,7,1
2020,05225000,14,14101,2,2,0,2,3,3,2
2020,05225000,15,15101,9,6,3,9,17,17,7
2020,05225000,16,16101,28,22,6,28,17,17,7
2020,05225000,16,16106,0,0,0,0,1,1,1
2020,05225000,16,16203,1,0,1,1,1,1,1
2020,05225000,16,16301,2,2,0,2,2,2,2
2020,05225000,16,16305,1,1,0,1,1,1,1
2020,05225000,2,02101,10,8,2,10,12,12,7
2020,05225000,2,02201,16,13,3,16,13,13,3
2020,05225000,3,03101,8,4,4,8,4,4,4
2020,05225000,4,04101,17,13,4,17,14,14,7
2020,05225000,4,04102,18,14,4,18,11,11,5
2020,05225000,4,04105,0,0,0,0,1,1,1
2020,05225000,4,04201,2,2,0,2,1,1,1
2020,05225000,4,04301,4,4,0,4,3,3,2
2020,05225000,4,04304,1,1,0,1,1,1,1
2020,05225000,5,05101,2,2,0,2,2,2,1
2020,05225000,5,05104,2,1,1,2,1,1,1
2020,05225000,5,05107,1,1,0,1,1,1,1
2020,05225000,5,05109,2,1,1,2,3,3,2
2020,05225000,5,05201,1,1,0,1,2,2,1
2020,05225000,5,05301,7,6,1,7,6,6,3
2020,05225000,5,05501,13,11,2,13,8,8,3
2020,05225000,5,05502,1,0,1,1,2,2,1
2020,05225000,5,05601,6,4,2,6,6,6,4
2020,05225000,5,05605,0,0,0,0,1,1,1
2020,05225000,5,05701,2,2,0,2,2,2,1
2020,05225000,5,05702,1,1,0,1,1,1,1
2020,05225000,5,05703,3,2,1,3,3,3,1
2020,05225000,5,05801,5,4,1,5,3,3,3
2020,05225000,5,05804,1,1,0,1,4,4,2
2020,05225000,6,06101,7,3,4,7,8,8,5
2020,05225000,6,06103,3,1,2,3,2,2,1
2020,05225000,6,06108,2,2,0,2,2,2,1
2020,05225000,6,06115,1,1,0,1,1,1,1
2020,05225000,6,06116,2,0,2,2,1,1,1
2020,05225000,6,06117,3,3,0,3,1,1,1
2020,05225000,6,06201,0,0,0,0,1,1,1
2020,05225000,6,06203,1,1,0,1,1,1,1
2020,05225000,6,06301,1,1,0,1,2,2,2
2020,05225000,6,06303,2,1,1,2,2,2,1
2020,05225000,6,06310,7,7,0,7,4,4,1
2020,05225000,7,07101,1,1,0,1,1,1,1
2020,05225000,7,07102,1,1,0,1,1,1,1
2020,05225000,7,07301,3,1,2,3,3,3,2
2020,05225000,7,07401,4,4,0,4,4,4,1
2020,05225000,8,08101,13,12,1,13,9,9,3
2020,05225000,8,08102,3,1,2,3,5,5,3
2020,05225000,8,08103,1,1,0,1,1,1,1
2020,05225000,8,08106,8,5,3,8,4,4,3
2020,05225000,8,08107,1,1,0,1,3,3,3
2020,05225000,8,08108,3,2,1,3,2,2,2
2020,05225000,8,08109,1,1,0,1,1,1,1
2020,05225000,8,08110,6,4,2,6,5,5,3
2020,05225000,8,08111,0,0,0,0,1,1,1
2020,05225000,8,08112,1,0,1,1,5,5,2
2020,05225000,8,08201,4,4,0,4,2,2,2
2020,05225000,8,08202,21,8,13,21,10,10,4
2020,05225000,8,08203,12,6,6,12,7,7,4
2020,05225000,8,08205,7,4,3,7,4,4,2
2020,05225000,8,08207,1,1,0,1,1,1,1
2020,05225000,8,08301,23,7,16,23,6,6,4
2020,05225000,8,08307,5,1,4,5,1,1,1
2020,05225000,8,08309,1,1,0,1,2,2,2
2020,05225000,8,08312,1,1,0,1,1,1,1
2020,05225000,9,09101,7,6,1,7,4,4,3
2020,05225000,9,09108,1,0,1,1,1,1,1
2020,05225000,9,09109,1,1,0,1,1,1,1
2020,05225000,9,09111,6,5,1,6,5,5,2
2020,05225000,9,09112,3,2,1,3,3,3,1
2020,05225000,9,09120,1,0,1,1,1,1,1
2020,05225000,9,09201,3,2,1,3,2,2,1
2020,05225000,9,09211,1,1,0,1,1,1,1
2020,06902600,1,01101,13,10,3,13,11,11,4
2020,06902600,1,01107,24,20,4,24,12,12,5
2020,06902600,10,10101,27,19,8,27,16,16,7
2020,06902600,10,10102,6,5,1,6,4,4,2
2020,06902600,10,10105,2,2,0,2,2,2,2
2020,06902600,10,10109,3,3,0,3,3,3,1
2020,06902600,10,10201,13,9,4,13,11,11,3
2020,06902600,10,10202,2,2,0,2,2,2,1
2020,06902600,10,10208,8,6,2,8,3,3,1
2020,06902600,10,10301,29,19,10,29,19,19,4
2020,06902600,10,10302,1,0,1,1,1,1,1
2020,06902600,10,10303,2,1,1,2,1,1,1
2020,06902600,10,10305,3,3,0,3,3,3,1
2020,06902600,11,11101,22,16,6,22,10,10,3
2020,06902600,11,11201,10,10,0,10,2,2,1
2020,06902600,11,11202,2,2,0,2,2,2,1
2020,06902600,11,11301,2,2,0,2,2,2,1
2020,06902600,11,11401,3,1,2,3,2,2,1
2020,06902600,12,12101,18,15,3,18,10,10,3
2020,06902600,13,13101,21,18,3,21,16,16,5
2020,06902600,13,13102,2,2,0,2,2,2,2
2020,06902600,13,13103,19,15,4,19,9,9,1
2020,06902600,13,13104,16,15,1,16,10,10,3
2020,06902600,13,13105,23,14,9,23,15,15,4
2020,06902600,13,13106,7,7,0,7,4,4,2
2020,06902600,13,13107,10,9,1,10,7,7,2
2020,06902600,13,13108,15,13,2,15,11,11,3
2020,06902600,13,13109,6,3,3,6,5,5,2
2020,06902600,13,13110,51,45,6,51,25,25,10
2020,06902600,13,13111,12,11,1,12,7,7,4
2020,06902600,13,13112,7,6,1,7,7,7,3
2020,06902600,13,13113,6,5,1,6,3,3,2
2020,06902600,13,13114,5,4,1,5,5,5,2
2020,06902600,13,13115,12,8,4,12,8,8,2
2020,06902600,13,13116,6,3,3,6,5,5,3
2020,06902600,13,13117,11,10,1,11,6,6,3
2020,06902600,13,13118,17,13,4,17,11,11,3
2020,06902600,13,13119,13,8,5,13,9,9,3
2020,06902600,13,13120,13,11,2,13,8,8,3
2020,06902600,13,13121,18,16,2,18,14,14,5
2020,06902600,13,13122,12,11,1,12,11,11,5
2020,06902600,13,13123,23,10,13,23,15,15,5
2020,06902600,13,13124,44,38,6,44,12,12,4
2020,06902600,13,13125,15,15,0,15,9,9,2
2020,06902600,13,13126,10,8,2,10,6,6,4
2020,06902600,13,13127,7,7,0,7,7,7,2
2020,06902600,13,13128,10,4,6,10,7,7,4
2020,06902600,13,13129,24,19,5,24,11,11,3
2020,06902600,13,13130,55,48,7,55,13,13,3
2020,06902600,13,13131,17,14,3,17,10,10,4
2020,06902600,13,13132,2,2,0,2,2,2,1
2020,06902600,13,13201,133,88,45,133,28,28,8
2020,06902600,13,13203,2,1,1,2,2,2,2
2020,06902600,13,13301,21,19,2,21,8,8,3
2020,06902600,13,13302,12,10,2,12,6,6,3
2020,06902600,13,13303,1,0,1,1,1,1,1
2020,06902600,13,13401,83,54,29,83,26,26,9
2020,06902600,13,13402,21,17,4,21,15,15,7
2020,06902600,13,13403,2,2,0,2,2,2,2
2020,06902600,13,13404,9,9,0,9,7,7,4
2020,06902600,13,13501,9,8,1,9,8,8,5
2020,06902600,13,13504,1,1,0,1,1,1,1
2020,06902600,13,13505,1,0,1,1,1,1,1
2020,06902600,13,13601,10,9,1,10,6,6,2
2020,06902600,13,13602,2,2,0,2,1,1,1
2020,06902600,13,13603,3,3,0,3,3,3,2
2020,06902600,13,13604,4,2,2,4,4,4,1
2020,06902600,13,13605,13,11,2,13,3,3,1
2020,06902600,14,14101,9,6,3,9,8,8,4
2020,06902600,14,14105,1,1,0,1,1,1,1
2020,06902600,14,14106,1,1,0,1,1,1,1
2020,06902600,14,14201,1,0,1,1,1,1,1
2020,06902600,14,14204,4,2,2,4,3,3,1
2020,06902600,15,15101,65,52,13,65,34,34,8
2020,06902600,16,16101,99,68,31,99,43,43,10
2020,06902600,16,16102,2,1,1,2,2,2,2
2020,06902600,16,16103,16,14,2,16,5,5,2
2020,06902600,16,16104,2,2,0,2,2,2,1
2020,06902600,16,16106,2,2,0,2,1,1,1
2020,06902600,16,16107,3,3,0,3,3,3,1
2020,06902600,16,16108,2,2,0,2,2,2,2
2020,06902600,16,16109,2,2,0,2,2,2,1
2020,06902600,16,16203,6,4,2,6,5,5,1
2020,06902600,16,16206,2,2,0,2,1,1,1
2020,06902600,16,16301,24,21,3,24,16,16,4
2020,06902600,16,16302,12,10,2,12,8,8,2
2020,06902600,16,16303,3,2,1,3,2,2,1
2020,06902600,2,02101,75,62,13,75,41,41,10
2020,06902600,2,02102,1,1,0,1,1,1,1
2020,06902600,2,02104,1,1,0,1,1,1,1
2020,06902600,2,02201,14,10,4,14,11,11,5
2020,06902600,2,02203,1,0,1,1,1,1,1
2020,06902600,2,02301,3,3,0,3,3,3,1
2020,06902600,3,03101,35,21,14,35,19,19,6
2020,06902600,3,03102,2,2,0,2,1,1,1
2020,06902600,3,03202,2,2,0,2,2,2,1
2020,06902600,3,03301,1,1,0,1,1,1,1
2020,06902600,4,04101,36,30,6,36,24,24,7
2020,06902600,4,04102,20,17,3,20,18,18,7
2020,06902600,4,04105,3,2,1,3,3,3,1
2020,06902600,4,04106,4,4,0,4,4,4,2
2020,06902600,4,04201,16,11,5,16,6,6,1
2020,06902600,4,04301,13,9,4,13,10,10,3
2020,06902600,4,04302,1,1,0,1,1,1,1
2020,06902600,4,04304,3,1,2,3,2,2,1
2020,06902600,5,05101,46,37,9,46,32,32,11
2020,06902600,5,05103,4,3,1,4,2,2,1
2020,06902600,5,05109,13,9,4,13,12,12,6
2020,06902600,5,05201,4,3,1,4,4,4,1
2020,06902600,5,05301,15,12,3,15,12,12,3
2020,06902600,5,05401,8,5,3,8,5,5,2
2020,06902600,5,05402,2,2,0,2,2,2,1
2020,06902600,5,05404,1,1,0,1,1,1,1
2020,06902600,5,05501,47,31,16,47,22,22,7
2020,06902600,5,05601,21,13,8,21,11,11,4
2020,06902600,5,05701,20,15,5,20,14,14,4
2020,06902600,5,05703,5,4,1,5,4,4,2
2020,06902600,5,05705,1,1,0,1,1,1,1
2020,06902600,5,05706,1,1,0,1,1,1,1
2020,06902600,5,05801,21,17,4,21,12,12,4
2020,06902600,5,05804,10,9,1,10,7,7,3
2020,06902600,6,06101,13,10,3,13,11,11,7
2020,06902600,6,06107,3,2,1,3,2,2,1
2020,06902600,6,06108,1,1,0,1,1,1,1
2020,06902600,6,06110,4,4,0,4,3,3,1
2020,06902600,6,06112,1,1,0,1,1,1,1
2020,06902600,6,06114,1,1,0,1,1,1,1
2020,06902600,6,06115,8,4,4,8,4,4,1
2020,06902600,6,06117,1,1,0,1,1,1,1
2020,06902600,6,06201,6,5,1,6,3,3,1
2020,06902600,6,06301,29,19,10,29,18,18,2
2020,06902600,6,06306,1,1,0,1,1,1,1
2020,06902600,6,06310,5,4,1,5,4,4,1
2020,06902600,7,07101,19,15,4,19,14,14,6
2020,06902600,7,07102,1,1,0,1,1,1,1
2020,06902600,7,07103,1,1,0,1,1,1,1
2020,06902600,7,07105,2,1,1,2,2,2,1
2020,06902600,7,07201,2,2,0,2,2,2,2
2020,06902600,7,07301,17,12,5,17,11,11,4
2020,06902600,7,07308,1,0,1,1,1,1,1
2020,06902600,7,07401,28,24,4,28,14,14,3
2020,06902600,7,07402,1,1,0,1,1,1,1
2020,06902600,7,07406,1,0,1,1,1,1,1
2020,06902600,8,08101,50,40,10,50,27,27,7
2020,06902600,8,08102,36,24,12,36,18,18,6
2020,06902600,8,08103,6,4,2,6,5,5,3
2020,06902600,8,08106,22,19,3,22,10,10,5
2020,06902600,8,08107,43,38,5,43,16,16,4
2020,06902600,8,08108,19,17,2,19,14,14,5
2020,06902600,8,08110,56,45,13,56,23,23,6
2020,06902600,8,08111,20,14,6,20,11,11,5
2020,06902600,8,08112,31,20,11,31,17,17,6
2020,06902600,8,08201,25,16,9,25,12,12,3
2020,06902600,8,08202,46,31,15,46,17,17,4
2020,06902600,8,08203,27,17,10,27,11,11,3
2020,06902600,8,08205,145,126,19,145,14,14,3
2020,06902600,8,08206,3,2,1,3,3,3,2
2020,06902600,8,08301,25,16,9,25,16,16,7
2020,06902600,8,08302,3,3,0,3,1,1,1
2020,06902600,8,08303,1,1,0,1,1,1,1
2020,06902600,8,08306,4,4,0,4,3,3,1
2020,06902600,8,08307,3,1,2,3,2,2,1
2020,06902600,8,08309,1,0,1,1,1,1,1
2020,06902600,8,08312,1,1,0,1,1,1,1
2020,06902600,8,08313,2,1,1,2,2,2,2
2020,06902600,9,09101,28,14,14,28,22,22,9
2020,06902600,9,09102,2,2,0,2,2,2,1
2020,06902600,9,09108,3,2,1,3,3,3,1
2020,06902600,9,09111,19,16,3,19,12,12,3
2020,06902600,9,09112,2,2,0,2,2,2,1
2020,06902600,9,09114,6,6,0,6,4,4,1
2020,06902600,9,09115,8,5,3,8,5,5,2
2020,06902600,9,09119,2,1,1,2,2,2,1
2020,06902600,9,09120,9,6,3,9,4,4,2
2020,06902600,9,09201,21,13,8,21,9,9,2
2020,06902600,9,09202,4,1,3,4,1,1,1
2020,06902600,9,09205,2,1,1,2,1,1,1
2020,06902600,9,09211,7,7,0,7,4,4,2
2021,03500404,1,01101,120,101,,219,27,25,5
2021,03500404,1,01107,246,234,,474,54,49,5
2021,03500404,1,01402,7,5,,4,10,2,2
2021,03500404,1,01403,1,,,,1,0,1
2021,03500404,1,01405,24,26,,40,13,8,2
2021,03500404,10,10101,200,183,,357,38,25,8
2021,03500404,10,10102,1,2,,1,2,1,2
2021,03500404,10,10104,9,14,,19,4,3,1
2021,03500404,10,10105,381,66,,137,19,13,3
2021,03500404,10,10106,1,2,,3,1,1,1
2021,03500404,10,10107,4,,,,2,0,1
2021,03500404,10,10109,30,23,,53,9,9,1
2021,03500404,10,10201,139,169,,295,51,46,8
2021,03500404,10,10202,,2,,,1,0,1
2021,03500404,10,10203,1,1,,2,1,1,1
2021,03500404,10,10205,41,40,,77,21,17,6
2021,03500404,10,10207,20,14,,34,11,11,1
2021,03500404,10,10301,240,170,,340,28,22,4
2021,03500404,10,10302,5,4,,6,4,2,1
2021,03500404,10,10303,71,61,,132,23,23,4
2021,03500404,10,10304,20,35,,51,7,6,1
2021,03500404,10,10305,46,48,,85,14,9,3
2021,03500404,10,10306,3,1,,4,3,3,2
2021,03500404,10,10307,13,7,,6,12,2,3
2021,03500404,10,10401,,1,,,1,0,1
2021,03500404,11,11101,125,117,,231,26,21,4
2021,03500404,11,11202,12,10,,17,16,12,3
2021,03500404,11,11301,16,10,,22,7,5,1
2021,03500404,11,11302,,3,,,3,0,1
2021,03500404,11,11303,,1,,,1,0,1
2021,03500404,11,11401,1,1,,,2,0,1
2021,03500404,11,11402,3,3,,4,4,2,3
2021,03500404,12,12101,25,37,,59,8,6,3
2021,03500404,13,13101,75,76,,150,9,8,1
2021,03500404,13,13103,54,58,,103,15,10,4
2021,03500404,13,13104,104,93,,197,18,18,3
2021,03500404,13,13105,205,201,,406,33,33,4
2021,03500404,13,13106,224,226,,448,18,17,3
2021,03500404,13,13107,47,36,,80,13,11,2
2021,03500404,13,13108,87,94,,181,17,17,3
2021,03500404,13,13109,96,100,,196,16,16,2
2021,03500404,13,13110,281,262,,537,36,33,5
2021,03500404,13,13112,190,189,,374,47,42,7
2021,03500404,13,13113,2,3,,5,2,2,1
2021,03500404,13,13114,24,41,,50,13,9,2
2021,03500404,13,13115,9,2,,11,7,7,2
2021,03500404,13,13116,110,89,,195,24,22,2
2021,03500404,13,13117,344,359,,703,38,38,4
2021,03500404,13,13118,175,154,,329,28,28,3
2021,03500404,13,13119,71,79,,142,24,18,8
2021,03500404,13,13120,70,69,,133,16,10,3
2021,03500404,13,13121,176,168,,343,35,34,4
2021,03500404,13,13122,117,115,,231,16,15,2
2021,03500404,13,13123,46,40,,76,20,17,4
2021,03500404,13,13124,576,581,,1145,87,77,10
2021,03500404,13,13126,21,21,,38,10,7,4
2021,03500404,13,13127,229,195,,417,37,33,4
2021,03500404,13,13128,152,151,,302,29,28,4
2021,03500404,13,13129,223,237,,460,85,85,9
2021,03500404,13,13130,119,118,,231,23,20,2
2021,03500404,13,13131,33,22,,48,10,6,2
2021,03500404,13,13132,3,2,,5,4,4,1
2021,03500404,13,13201,136,142,,275,24,23,2
2021,03500404,13,13202,50,55,,105,23,23,3
2021,03500404,13,13203,8,3,,6,5,1,2
2021,03500404,13,13401,683,680,,1347,112,103,11
2021,03500404,13,13402,65,55,,99,34,18,8
2021,03500404,13,13403,1,,,,1,0,1
2021,03500404,13,13404,132,107,,233,22,18,5
2021,03500404,13,13501,5,8,,13,5,5,2
2021,03500404,13,13502,21,10,,26,8,5,2
2021,03500404,13,13503,47,50,,92,26,23,3
2021,03500404,13,13601,78,60,,128,19,14,2
2021,03500404,13,13602,23,26,,43,16,12,2
2021,03500404,13,13603,21,17,,37,10,9,3
2021,03500404,13,13604,22,28,,50,3,3,1
2021,03500404,14,14101,350,282,,613,74,62,13
2021,03500404,14,14202,1,3,,4,1,1,1
2021,03500404,15,15101,448,454,,902,112,112,11
2021,03500404,16,16101,321,271,,578,58,51,9
2021,03500404,16,16102,45,51,,91,14,11,2
2021,03500404,16,16103,43,56,,94,19,16,3
2021,03500404,16,16104,46,42,,83,12,10,1
2021,03500404,16,16106,56,58,,114,12,12,1
2021,03500404,16,16107,15,11,,23,7,5,2
2021,03500404,16,16108,1,,,,1,0,1
2021,03500404,16,16109,10,6,,12,7,3,2
2021,03500404,16,16201,12,12,,19,5,3,1
2021,03500404,16,16203,23,29,,51,10,9,1
2021,03500404,16,16204,3,2,,2,4,2,1
2021,03500404,16,16205,13,5,,10,8,3,1
2021,03500404,16,16206,2,3,,4,2,1,1
2021,03500404,16,16207,16,12,,28,6,6,1
2021,03500404,16,16301,74,101,,161,27,16,4
2021,03500404,16,16302,38,36,,63,18,12,2
2021,03500404,16,16303,11,8,,14,5,2,2
2021,03500404,2,02101,165,128,,292,21,20,5
2021,03500404,2,02201,9,8,,16,6,5,1
2021,03500404,3,03101,307,277,,577,76,72,8
2021,03500404,3,03102,1,2,,3,2,2,1
2021,03500404,3,03103,47,46,,84,17,11,2
2021,03500404,3,03201,10,17,,25,7,5,1
2021,03500404,3,03202,21,30,,40,14,9,2
2021,03500404,3,03301,145,127,,266,43,39,4
2021,03500404,3,03302,1,2,,,3,0,1
2021,03500404,3,03303,23,31,,50,9,7,1
2021,03500404,3,03304,13,14,,21,10,6,2
2021,03500404,4,04101,92,83,,172,32,29,5
2021,03500404,4,04102,377,376,,731,81,66,11
2021,03500404,4,04103,9,7,,15,4,3,1
2021,03500404,4,04302,8,6,,13,3,2,2
2021,03500404,5,05101,132,101,,219,46,36,14
2021,03500404,5,05103,63,52,,115,10,10,1
2021,03500404,5,05104,6,7,,6,8,3,1
2021,03500404,5,05105,9,8,,14,8,5,2
2021,03500404,5,05107,2,3,,5,1,1,1
2021,03500404,5,05109,101,84,,183,19,17,4
2021,03500404,5,05301,166,183,,327,33,24,4
2021,03500404,5,05302,55,60,,115,20,20,2
2021,03500404,5,05303,31,35,,66,8,8,1
2021,03500404,5,05401,70,61,,97,44,16,10
2021,03500404,5,05402,25,8,,32,16,15,4
2021,03500404,5,05403,5,13,,7,10,3,2
2021,03500404,5,05404,33,31,,41,29,15,3
2021,03500404,5,05405,13,14,,22,8,6,1
2021,03500404,5,05501,231,223,,427,47,31,6
2021,03500404,5,05502,95,86,,180,29,28,5
2021,03500404,5,05503,14,15,,29,6,6,2
2021,03500404,5,05504,59,46,,103,9,7,1
2021,03500404,5,05506,49,47,,71,30,13,4
2021,03500404,5,05601,27,33,,57,7,4,3
2021,03500404,5,05603,7,3,,10,4,4,2
2021,03500404,5,05605,,1,,,1,0,1
2021,03500404,5,05701,88,94,,174,15,10,3
2021,03500404,5,05702,91,65,,155,22,21,2
2021,03500404,5,05703,58,49,,104,8,7,1
2021,03500404,5,05704,13,13,,23,7,5,1
2021,03500404,5,05705,60,76,,124,27,15,4
2021,03500404,5,05706,45,51,,73,21,10,3
2021,03500404,5,05801,206,170,,348,56,50,6
2021,03500404,5,05802,61,49,,110,9,9,1
2021,03500404,5,05803,1,7,,4,5,4,2
2021,03500404,5,05804,196,187,,381,37,35,4
2021,03500404,6,06101,528,536,,1044,63,54,8
2021,03500404,6,06102,16,10,,26,4,4,2
2021,03500404,6,06103,19,16,,35,7,7,1
2021,03500404,6,06105,26,32,,55,9,8,1
2021,03500404,6,06106,31,38,,69,7,7,1
2021,03500404,6,06109,3,6,,9,2,2,1
2021,03500404,6,06110,56,46,,99,20,17,2
2021,03500404,6,06111,10,14,,17,9,5,1
2021,03500404,6,06112,1,,,,1,0,1
2021,03500404,6,06115,51,46,,96,13,12,2
2021,03500404,6,06117,154,143,,293,20,16,4
2021,03500404,6,06301,53,58,,96,27,14,5
2021,03500404,6,06302,30,40,,67,12,11,2
2021,03500404,6,06303,29,8,,37,3,3,1
2021,03500404,6,06304,14,15,,27,9,7,1
2021,03500404,6,06305,70,68,,138,12,12,1
2021,03500404,6,06306,4,2,,2,4,1,3
2021,03500404,6,06309,3,,,,2,0,1
2021,03500404,6,06310,3,1,,3,4,3,1
2021,03500404,7,07101,568,522,,1058,107,89,11
2021,03500404,7,07102,282,228,,471,73,49,7
2021,03500404,7,07103,23,37,,43,22,8,6
2021,03500404,7,07104,23,16,,38,10,9,1
2021,03500404,7,07105,152,141,,266,49,35,6
2021,03500404,7,07106,63,53,,101,27,15,4
2021,03500404,7,07107,31,32,,45,22,9,5
2021,03500404,7,07108,60,43,,78,31,15,6
2021,03500404,7,07109,161,169,,267,89,46,17
2021,03500404,7,07110,47,37,,83,13,12,2
2021,03500404,7,07201,154,132,,248,51,27,11
2021,03500404,7,07202,26,31,,50,12,9,1
2021,03500404,7,07203,38,34,,55,23,13,3
2021,03500404,7,07301,56,49,,100,13,12,4
2021,03500404,7,07302,53,31,,58,26,12,4
2021,03500404,7,07303,18,34,,27,28,6,5
2021,03500404,7,07304,140,122,,239,43,29,5
2021,03500404,7,07305,50,45,,85,20,13,3
2021,03500404,7,07306,43,28,,70,12,11,2
2021,03500404,7,07307,99,95,,181,35,24,4
2021,03500404,7,07308,115,120,,195,60,33,7
2021,03500404,7,07401,345,300,,642,50,48,5
2021,03500404,7,07402,120,109,,212,37,26,5
2021,03500404,7,07403,86,104,,135,63,29,10
2021,03500404,7,07404,165,169,,293,58,31,10
2021,03500404,7,07405,35,50,,68,32,17,10
2021,03500404,7,07406,108,94,,202,9,9,1
2021,03500404,7,07407,49,65,,83,37,17,7
2021,03500404,8,08101,48,30,,74,11,9,2
2021,03500404,8,08102,59,44,,90,18,10,5
2021,03500404,8,08103,79,81,,159,18,17,2
2021,03500404,8,08105,34,43,,65,20,10,4
2021,03500404,8,08106,51,40,,90,12,11,3
2021,03500404,8,08108,37,34,,70,7,6,2
2021,03500404,8,08110,17,11,,22,8,4,4
2021,03500404,8,08111,108,100,,195,47,35,8
2021,03500404,8,08112,61,58,,94,38,22,5
2021,03500404,8,08201,18,27,,44,8,7,1
2021,03500404,8,08202,89,97,,174,33,26,4
2021,03500404,8,08203,82,77,,151,11,9,1
2021,03500404,8,08204,18,19,,28,13,8,2
2021,03500404,8,08205,70,73,,142,22,21,3
2021,03500404,8,08206,83,91,,144,41,24,4
2021,03500404,8,08301,191,185,,341,65,43,9
2021,03500404,8,08302,18,12,,24,10,6,1
2021,03500404,8,08303,5,,,,5,0,1
2021,03500404,8,08304,25,26,,32,27,12,4
2021,03500404,8,08306,56,61,,107,25,18,3
2021,03500404,8,08308,,3,,,1,0,1
2021,03500404,8,08309,3,10,,5,6,1,2
2021,03500404,8,08310,4,7,,11,5,5,1
2021,03500404,8,08311,2,,,,2,0,2
2021,03500404,8,08312,4,2,,,6,0,2
2021,03500404,8,08313,,1,,,1,0,1
2021,03500404,8,08314,1,,,,1,0,1
2021,03500404,9,09101,394,353,,744,81,79,10
2021,03500404,9,09112,264,228,,477,39,33,4
2021,03500404,9,09113,1,,,,1,0,1
2021,03500404,9,09114,2,,,,2,0,1
2021,03500404,9,09115,13,12,,25,5,5,1
2021,03500404,9,09120,,2,,,2,0,1
2021,03500404,9,09201,0,1,,1,1,1,1
2021,03500404,9,09202,1,3,,2,3,1,1
2021,03500404,9,09204,8,2,,6,2,1,1
2021,03500405,1,01101,37,24,,56,27,23,5
2021,03500405,1,01107,36,20,,53,25,22,5
2021,03500405,1,01402,2,1,,2,2,1,2
2021,03500405,1,01405,4,2,,2,4,1,1
2021,03500405,10,10101,48,30,,61,28,18,8
2021,03500405,10,10104,2,4,,,3,0,1
2021,03500405,10,10105,21,12,,28,10,6,2
2021,03500405,10,10107,3,,,,1,0,1
2021,03500405,10,10109,12,1,,11,9,8,1
2021,03500405,10,10201,23,18,,39,25,23,6
2021,03500405,10,10205,9,0,,9,8,8,2
2021,03500405,10,10301,31,23,,44,19,11,3
2021,03500405,10,10302,1,,,,1,0,1
2021,03500405,10,10303,15,9,,24,10,10,2
2021,03500405,10,10304,1,2,,1,3,1,1
2021,03500405,10,10305,6,3,,3,6,1,2
2021,03500405,10,10306,1,1,,1,2,1,2
2021,03500405,10,10307,1,,,,1,0,1
2021,03500405,11,11101,27,11,,17,19,5,2
2021,03500405,11,11201,1,,,,1,0,1
2021,03500405,11,11202,4,,,,4,0,1
2021,03500405,11,11301,5,3,,4,7,3,1
2021,03500405,11,11401,1,,,,1,0,1
2021,03500405,12,12101,58,18,,74,6,4,2
2021,03500405,13,13101,23,13,,34,8,6,1
2021,03500405,13,13103,18,8,,21,9,6,3
2021,03500405,13,13104,17,7,,23,9,8,3
2021,03500405,13,13105,38,27,,65,24,24,4
2021,03500405,13,13106,45,31,,66,15,11,4
2021,03500405,13,13107,10,5,,11,10,6,2
2021,03500405,13,13108,17,15,,25,12,9,3
2021,03500405,13,13109,26,19,,45,15,15,2
2021,03500405,13,13110,43,31,,72,22,20,4
2021,03500405,13,13112,46,33,,63,35,24,6
2021,03500405,13,13113,1,1,,2,1,1,1
2021,03500405,13,13114,2,2,,,4,0,1
2021,03500405,13,13115,3,1,,4,3,3,1
2021,03500405,13,13116,2,1,,2,3,2,1
2021,03500405,13,13117,95,75,,160,33,28,4
2021,03500405,13,13118,14,13,,22,13,10,2
2021,03500405,13,13119,18,11,,17,18,8,5
2021,03500405,13,13120,3,6,,2,8,1,2
2021,03500405,13,13121,31,13,,40,21,18,4
2021,03500405,13,13122,6,3,,7,6,4,1
2021,03500405,13,13123,4,6,,8,8,6,2
2021,03500405,13,13124,127,70,,179,63,51,8
2021,03500405,13,13125,1,,,,1,0,1
2021,03500405,13,13126,2,14,,12,8,5,3
2021,03500405,13,13127,70,44,,108,31,26,4
2021,03500405,13,13128,24,19,,36,18,12,3
2021,03500405,13,13129,76,42,,117,56,55,9
2021,03500405,13,13130,15,1,,4,10,1,2
2021,03500405,13,13131,8,10,,15,6,3,1
2021,03500405,13,13132,1,0,,1,1,1,1
2021,03500405,13,13201,25,16,,40,11,10,2
2021,03500405,13,13202,11,4,,14,8,7,3
2021,03500405,13,13203,4,,,,2,0,1
2021,03500405,13,13401,61,38,,70,47,28,10
2021,03500405,13,13402,35,14,,20,26,8,7
2021,03500405,13,13403,2,,,,2,0,1
2021,03500405,13,13404,38,27,,64,14,13,3
2021,03500405,13,13501,3,2,,1,4,1,2
2021,03500405,13,13502,7,1,,2,8,2,3
2021,03500405,13,13503,6,1,,7,6,6,3
2021,03500405,13,13601,27,14,,24,11,3,1
2021,03500405,13,13602,12,8,,8,15,6,2
2021,03500405,13,13603,8,2,,9,8,7,3
2021,03500405,13,13604,5,7,,12,3,3,1
2021,03500405,14,14101,131,66,,184,45,36,11
2021,03500405,14,14202,,1,,,1,0,1
2021,03500405,15,15101,42,16,,58,36,36,8
2021,03500405,16,16101,54,32,,66,37,22,7
2021,03500405,16,16102,4,5,,6,5,2,2
2021,03500405,16,16103,11,2,,2,8,1,2
2021,03500405,16,16104,11,2,,5,8,2,1
2021,03500405,16,16106,13,20,,33,12,12,1
2021,03500405,16,16107,2,0,,2,1,1,1
2021,03500405,16,16108,1,,,,1,0,1
2021,03500405,16,16109,2,1,,,3,0,2
2021,03500405,16,16201,9,2,,,4,0,1
2021,03500405,16,16203,15,13,,25,9,7,1
2021,03500405,16,16204,0,1,,1,1,1,1
2021,03500405,16,16207,1,6,,2,5,1,1
2021,03500405,16,16301,14,10,,16,13,6,4
2021,03500405,16,16302,13,4,,2,10,1,2
2021,03500405,16,16303,1,,,,1,0,1
2021,03500405,2,02101,35,9,,32,16,11,4
2021,03500405,2,02201,1,2,,2,2,1,1
2021,03500405,3,03101,51,24,,53,43,26,8
2021,03500405,3,03103,18,11,,23,12,6,2
2021,03500405,3,03201,3,5,,6,4,2,1
2021,03500405,3,03202,7,6,,6,9,3,2
2021,03500405,3,03301,24,19,,42,23,22,4
2021,03500405,3,03302,,1,,,1,0,1
2021,03500405,3,03303,1,2,,,3,0,1
2021,03500405,3,03304,5,2,,,6,0,2
2021,03500405,4,04101,21,8,,18,24,13,5
2021,03500405,4,04102,94,65,,144,55,43,9
2021,03500405,4,04103,3,,,,3,0,1
2021,03500405,4,04301,0,2,,2,2,2,1
2021,03500405,5,05101,43,15,,42,39,26,14
2021,03500405,5,05103,18,10,,28,8,8,1
2021,03500405,5,05105,3,2,,1,5,1,2
2021,03500405,5,05107,1,1,,1,2,1,1
2021,03500405,5,05109,17,9,,20,10,5,4
2021,03500405,5,05301,24,16,,33,15,8,4
2021,03500405,5,05302,6,5,,11,9,9,2
2021,03500405,5,05303,9,7,,14,5,4,1
2021,03500405,5,05401,20,7,,13,15,6,5
2021,03500405,5,05402,9,3,,11,10,9,3
2021,03500405,5,05404,9,8,,7,10,3,3
2021,03500405,5,05405,2,3,,,4,0,1
2021,03500405,5,05501,42,15,,43,23,9,6
2021,03500405,5,05502,20,7,,17,14,10,3
2021,03500405,5,05503,5,4,,8,6,5,2
2021,03500405,5,05504,12,14,,24,9,7,1
2021,03500405,5,05506,4,5,,2,8,1,3
2021,03500405,5,05601,5,3,,4,4,1,2
2021,03500405,5,05603,3,1,,3,3,2,2
2021,03500405,5,05701,33,11,,37,11,7,1
2021,03500405,5,05702,18,5,,23,8,8,2
2021,03500405,5,05703,14,7,,12,7,3,1
2021,03500405,5,05704,3,1,,1,4,1,1
2021,03500405,5,05705,6,6,,7,6,2,1
2021,03500405,5,05706,5,4,,,8,0,3
2021,03500405,5,05801,65,27,,70,42,30,6
2021,03500405,5,05802,21,18,,39,10,10,2
2021,03500405,5,05803,1,3,,4,4,4,1
2021,03500405,5,05804,90,61,,137,35,28,4
2021,03500405,6,06101,60,48,,82,42,29,6
2021,03500405,6,06102,1,1,,1,2,1,1
2021,03500405,6,06103,11,5,,13,7,4,1
2021,03500405,6,06105,7,2,,5,5,1,2
2021,03500405,6,06106,1,2,,3,2,2,1
2021,03500405,6,06109,2,,,,2,0,1
2021,03500405,6,06110,10,0,,4,5,1,2
2021,03500405,6,06111,1,1,,2,1,1,1
2021,03500405,6,06115,7,5,,12,9,9,2
2021,03500405,6,06117,3,3,,1,5,1,2
2021,03500405,6,06301,6,7,,13,7,7,2
2021,03500405,6,06302,5,7,,11,8,7,2
2021,03500405,6,06303,2,1,,3,2,2,1
2021,03500405,6,06304,1,2,,,2,0,1
2021,03500405,6,06305,7,3,,4,5,1,1
2021,03500405,6,06310,5,1,,5,5,4,1
2021,03500405,7,07101,52,15,,24,42,9,8
2021,03500405,7,07102,33,22,,32,24,8,4
2021,03500405,7,07103,1,,,,1,0,1
2021,03500405,7,07105,17,8,,7,16,3,3
2021,03500405,7,07106,15,4,,4,13,2,3
2021,03500405,7,07107,1,,,,1,0,1
2021,03500405,7,07108,4,1,,2,4,1,1
2021,03500405,7,07109,18,3,,3,15,2,6
2021,03500405,7,07201,12,12,,10,13,3,2
2021,03500405,7,07301,5,1,,5,3,2,2
2021,03500405,7,07302,4,,,,3,0,1
2021,03500405,7,07303,1,,,,1,0,1
2021,03500405,7,07304,10,5,,2,10,1,2
2021,03500405,7,07306,2,1,,,3,0,1
2021,03500405,7,07307,9,6,,2,10,1,1
2021,03500405,7,07308,9,6,,3,9,1,2
2021,03500405,7,07401,7,2,,,8,0,4
2021,03500405,7,07402,6,2,,,7,0,1
2021,03500405,7,07403,2,3,,2,4,1,2
2021,03500405,7,07404,8,11,,5,14,1,3
2021,03500405,7,07406,11,4,,15,6,6,1
2021,03500405,8,08101,6,4,,5,6,2,2
2021,03500405,8,08102,13,6,,17,4,2,2
2021,03500405,8,08103,15,13,,26,14,13,3
2021,03500405,8,08105,2,4,,,6,0,2
2021,03500405,8,08106,12,4,,13,7,5,3
2021,03500405,8,08108,24,18,,38,14,10,3
2021,03500405,8,08110,1,,,,1,0,1
2021,03500405,8,08111,25,19,,36,25,18,7
2021,03500405,8,08112,16,5,,8,13,3,4
2021,03500405,8,08201,5,7,,12,6,6,1
2021,03500405,8,08202,29,16,,35,23,17,4
2021,03500405,8,08203,23,9,,23,10,5,1
2021,03500405,8,08204,5,1,,,6,0,2
2021,03500405,8,08205,15,13,,25,13,11,3
2021,03500405,8,08206,19,7,,6,20,2,4
2021,03500405,8,08301,28,18,,14,25,5,7
2021,03500405,8,08302,7,5,,3,8,1,1
2021,03500405,8,08304,2,3,,,5,0,3
2021,03500405,8,08306,10,4,,5,8,2,3
2021,03500405,8,08307,2,1,,,3,0,2
2021,03500405,8,08308,1,,,,1,0,1
2021,03500405,8,08309,1,,,,1,0,1
2021,03500405,8,08310,0,1,,1,1,1,1
2021,03500405,8,08311,1,,,,1,0,1
2021,03500405,8,08312,2,,,,2,0,2
2021,03500405,9,09101,75,44,,115,55,52,11
2021,03500405,9,09108,1,,,,1,0,1
2021,03500405,9,09112,52,41,,80,30,20,4
2021,03500405,9,09114,2,,,,2,0,2
2021,03500405,9,09120,1,,,,1,0,1
2021,03500405,9,09202,1,,,,1,0,1
2021,03500405,9,09204,3,,,,2,0,1
2021,03500406,1,01101,16,8,,22,12,10,4
2021,03500406,1,01107,24,8,,31,17,16,4
2021,03500406,1,01401,1,,,,1,0,1
2021,03500406,1,01405,,1,,,1,0,1
2021,03500406,10,10107,1,,,,1,0,1
2021,03500406,10,10201,14,14,,25,21,18,4
2021,03500406,10,10205,1,0,,1,1,1,1
2021,03500406,10,10207,2,,,,1,0,1
2021,03500406,10,10301,11,10,,15,11,6,3
2021,03500406,10,10302,1,,,,1,0,1
2021,03500406,10,10303,0,1,,1,1,1,1
2021,03500406,10,10304,,1,,,1,0,1
2021,03500406,10,10307,1,,,,1,0,1
2021,03500406,10,10401,1,,,,1,0,1
2021,03500406,11,11101,2,,,,1,0,1
2021,03500406,11,11202,3,,,,3,0,1
2021,03500406,11,11301,2,,,,2,0,1
2021,03500406,12,12101,24,8,,32,4,4,1
2021,03500406,13,13105,27,20,,47,18,18,3
2021,03500406,13,13106,36,22,,50,11,9,2
2021,03500406,13,13107,3,3,,5,3,2,2
2021,03500406,13,13108,12,11,,19,11,8,3
2021,03500406,13,13109,19,13,,32,13,13,2
2021,03500406,13,13112,26,12,,35,17,14,3
2021,03500406,13,13114,3,1,,,4,0,2
2021,03500406,13,13115,3,1,,4,3,3,1
2021,03500406,13,13116,1,1,,2,2,2,1
2021,03500406,13,13117,70,59,,119,30,23,4
2021,03500406,13,13118,4,6,,5,6,2,2
2021,03500406,13,13119,14,9,,16,10,5,3
2021,03500406,13,13120,2,4,,2,5,1,1
2021,03500406,13,13121,24,9,,29,15,12,2
2021,03500406,13,13122,9,3,,10,6,4,1
2021,03500406,13,13123,0,1,,1,1,1,1
2021,03500406,13,13124,59,23,,69,32,24,5
2021,03500406,13,13126,1,2,,1,2,1,2
2021,03500406,13,13128,1,,,,1,0,1
2021,03500406,13,13129,49,29,,78,48,48,8
2021,03500406,13,13130,7,1,,,6,0,2
2021,03500406,13,13201,40,22,,54,18,15,2
2021,03500406,13,13202,1,,,,1,0,1
2021,03500406,13,13401,27,16,,24,21,10,8
2021,03500406,13,13402,18,7,,11,12,4,4
2021,03500406,13,13403,1,,,,1,0,1
2021,03500406,13,13404,39,22,,47,24,12,6
2021,03500406,13,13501,0,2,,1,2,1,1
2021,03500406,13,13502,1,0,,1,1,1,1
2021,03500406,13,13601,3,1,,4,1,1,1
2021,03500406,14,14101,4,1,,3,4,2,3
2021,03500406,15,15101,4,1,,5,5,5,3
2021,03500406,16,16101,15,7,,14,9,4,1
2021,03500406,16,16108,2,,,,2,0,1
2021,03500406,16,16201,2,,,,1,0,1
2021,03500406,16,16301,1,2,,2,2,1,2
2021,03500406,2,02101,26,12,,36,16,14,3
2021,03500406,3,03101,18,6,,12,13,4,3
2021,03500406,3,03103,1,,,,1,0,1
2021,03500406,3,03303,1,2,,3,1,1,1
2021,03500406,4,04101,6,4,,6,6,4,3
2021,03500406,4,04102,27,8,,28,13,7,2
2021,03500406,4,04302,1,,,,1,0,1
2021,03500406,5,05101,24,6,,21,25,16,9
2021,03500406,5,05103,16,8,,24,6,6,1
2021,03500406,5,05107,1,,,,1,0,1
2021,03500406,5,05109,9,3,,7,5,2,3
2021,03500406,5,05301,3,2,,2,4,1,2
2021,03500406,5,05303,2,0,,1,2,1,1
2021,03500406,5,05401,1,1,,2,2,2,1
2021,03500406,5,05402,5,0,,5,4,4,2
2021,03500406,5,05404,3,3,,5,3,2,2
2021,03500406,5,05501,12,3,,9,11,5,5
2021,03500406,5,05502,15,5,,12,10,6,2
2021,03500406,5,05503,1,0,,1,1,1,1
2021,03500406,5,05504,12,14,,24,9,7,1
2021,03500406,5,05506,1,2,,,3,0,2
2021,03500406,5,05601,2,,,,2,0,2
2021,03500406,5,05603,3,1,,3,4,3,2
2021,03500406,5,05701,3,1,,3,3,2,2
2021,03500406,5,05702,7,0,,7,5,5,2
2021,03500406,5,05801,59,27,,56,39,23,6
2021,03500406,5,05802,16,14,,30,8,8,1
2021,03500406,5,05803,1,3,,4,4,4,1
2021,03500406,5,05804,26,9,,31,14,12,3
2021,03500406,6,06101,37,28,,46,33,21,6
2021,03500406,6,06102,1,,,,1,0,1
2021,03500406,6,06103,4,3,,4,6,3,1
2021,03500406,6,06105,3,1,,,4,0,1
2021,03500406,6,06106,1,2,,3,2,2,1
2021,03500406,6,06109,2,,,,2,0,1
2021,03500406,6,06110,10,0,,4,5,1,2
2021,03500406,6,06113,1,0,,1,1,1,1
2021,03500406,6,06115,6,5,,11,8,8,1
2021,03500406,6,06117,4,3,,3,5,2,2
2021,03500406,6,06301,5,0,,5,3,3,2
2021,03500406,6,06302,5,7,,11,8,7,2
2021,03500406,6,06303,2,0,,2,2,2,1
2021,03500406,6,06304,2,1,,,3,0,1
2021,03500406,6,06305,1,1,,,2,0,1
2021,03500406,6,06310,3,1,,3,4,3,1
2021,03500406,7,07101,34,11,,17,31,6,8
2021,03500406,7,07102,1,,,,1,0,1
2021,03500406,7,07103,1,,,,1,0,1
2021,03500406,7,07105,15,9,,8,15,4,3
2021,03500406,7,07106,1,,,,1,0,1
2021,03500406,7,07108,1,,,,1,0,1
2021,03500406,7,07109,6,1,,,7,0,6
2021,03500406,7,07201,1,,,,1,0,1
2021,03500406,7,07304,3,,,,1,0,1
2021,03500406,7,07308,,2,,,2,0,1
2021,03500406,7,07401,1,2,,,3,0,2
2021,03500406,7,07403,1,4,,2,4,1,2
2021,03500406,7,07406,1,0,,1,1,1,1
2021,03500406,8,08101,9,5,,4,9,2,3
2021,03500406,8,08102,7,6,,10,5,2,3
2021,03500406,8,08103,12,6,,17,10,9,2
2021,03500406,8,08105,2,1,,,3,0,2
2021,03500406,8,08106,6,1,,3,6,3,3
2021,03500406,8,08108,20,14,,33,11,10,3
2021,03500406,8,08110,,1,,,1,0,1
2021,03500406,8,08111,6,5,,7,8,4,4
2021,03500406,8,08112,1,1,,,2,0,1
2021,03500406,8,08205,1,0,,1,1,1,1
2021,03500406,8,08301,17,7,,3,11,1,2
2021,03500406,8,08302,14,4,,11,7,3,1
2021,03500406,8,08304,1,,,,1,0,1
2021,03500406,8,08306,8,4,,5,6,2,1
2021,03500406,8,08307,1,,,,1,0,1
2021,03500406,8,08309,1,,,,1,0,1
2021,03500406,8,08311,2,,,,2,0,2
2021,03500406,8,08312,1,,,,1,0,1
2021,03500406,8,08313,1,,,,1,0,1
2021,03500406,9,09115,1,,,,1,0,1
2021,03500406,9,09202,1,,,,1,0,1
2021,03500406,9,09204,2,,,,1,0,1
2021,03500407,1,01101,10,3,,11,10,8,3
2021,03500407,1,01107,5,4,,9,7,7,2
2021,03500407,1,01405,1,1,,,2,0,1
2021,03500407,10,10101,1,1,,2,1,1,1
2021,03500407,10,10107,1,,,,1,0,1
2021,03500407,10,10201,7,5,,9,11,8,5
2021,03500407,10,10203,1,0,,1,1,1,1
2021,03500407,10,10205,1,0,,1,1,1,1
2021,03500407,10,10301,7,4,,5,8,3,3
2021,03500407,10,10303,0,1,,1,1,1,1
2021,03500407,10,10304,,1,,,1,0,1
2021,03500407,10,10307,1,1,,,2,0,2
2021,03500407,10,10401,5,,,,5,0,1
2021,03500407,10,10402,2,0,,2,1,1,1
2021,03500407,11,11202,1,,,,1,0,1
2021,03500407,11,11401,1,,,,1,0,1
2021,03500407,12,12101,15,3,,17,5,4,2
2021,03500407,13,13105,11,9,,20,11,11,3
2021,03500407,13,13106,12,5,,10,7,3,2
2021,03500407,13,13107,,1,,,1,0,1
2021,03500407,13,13108,4,3,,5,5,3,2
2021,03500407,13,13109,15,5,,20,9,9,2
2021,03500407,13,13112,7,2,,8,7,6,3
2021,03500407,13,13114,1,1,,,2,0,2
2021,03500407,13,13117,24,10,,21,21,11,4
2021,03500407,13,13118,3,3,,5,4,3,2
2021,03500407,13,13119,13,5,,10,7,2,3
2021,03500407,13,13120,1,3,,2,3,1,1
2021,03500407,13,13121,8,0,,5,7,4,3
2021,03500407,13,13122,1,,,,1,0,1
2021,03500407,13,13123,,1,,,1,0,1
2021,03500407,13,13124,21,8,,22,20,14,4
2021,03500407,13,13126,3,3,,5,2,1,1
2021,03500407,13,13128,1,,,,1,0,1
2021,03500407,13,13129,17,11,,28,21,21,8
2021,03500407,13,13130,6,1,,,6,0,2
2021,03500407,13,13201,17,9,,23,14,12,2
2021,03500407,13,13401,10,6,,8,12,5,5
2021,03500407,13,13402,11,4,,6,10,3,6
2021,03500407,13,13403,4,,,,3,0,2
2021,03500407,13,13404,10,8,,14,10,7,2
2021,03500407,14,14101,2,1,,1,3,1,2
2021,03500407,14,14102,2,2,,4,3,3,1
2021,03500407,15,15101,0,3,,3,3,3,3
2021,03500407,16,16101,8,2,,4,6,1,1
2021,03500407,16,16108,2,,,,2,0,2
2021,03500407,16,16201,1,,,,1,0,1
2021,03500407,2,02101,21,8,,24,13,11,3
2021,03500407,3,03101,18,7,,17,14,7,3
2021,03500407,4,04101,12,2,,10,7,4,3
2021,03500407,4,04102,20,5,,15,13,6,3
2021,03500407,4,04301,1,1,,,2,0,2
2021,03500407,5,05101,22,6,,21,21,14,10
2021,03500407,5,05103,8,1,,9,5,5,1
2021,03500407,5,05109,11,4,,8,8,3,3
2021,03500407,5,05301,1,,,,1,0,1
2021,03500407,5,05303,1,1,,2,1,1,1
2021,03500407,5,05401,1,1,,2,2,2,1
2021,03500407,5,05402,2,0,,1,2,1,2
2021,03500407,5,05404,1,,,,1,0,1
2021,03500407,5,05501,11,3,,7,10,4,6
2021,03500407,5,05502,13,5,,12,11,7,4
2021,03500407,5,05503,1,0,,1,1,1,1
2021,03500407,5,05504,12,14,,24,9,7,1
2021,03500407,5,05506,,1,,,1,0,1
2021,03500407,5,05604,1,,,,1,0,1
2021,03500407,5,05701,,1,,,1,0,1
2021,03500407,5,05702,2,0,,2,2,2,2
2021,03500407,5,05801,39,15,,34,26,17,5
2021,03500407,5,05802,7,3,,10,5,5,1
2021,03500407,5,05803,1,2,,3,3,3,1
2021,03500407,5,05804,11,2,,12,9,8,2
2021,03500407,6,06101,19,9,,18,22,13,6
2021,03500407,6,06102,3,0,,1,2,1,1
2021,03500407,6,06105,2,,,,2,0,1
2021,03500407,6,06106,0,1,,1,1,1,1
2021,03500407,6,06110,3,0,,2,2,1,2
2021,03500407,6,06113,,2,,,1,0,1
2021,03500407,6,06115,2,0,,2,2,2,2
2021,03500407,6,06301,1,2,,3,3,3,2
2021,03500407,6,06302,1,0,,1,1,1,1
2021,03500407,6,06303,2,0,,1,2,1,1
2021,03500407,6,06304,2,,,,2,0,1
2021,03500407,6,06305,1,,,,1,0,1
2021,03500407,7,07101,27,6,,7,24,4,8
2021,03500407,7,07102,1,,,,1,0,1
2021,03500407,7,07103,1,,,,1,0,1
2021,03500407,7,07105,8,4,,2,10,1,3
2021,03500407,7,07106,1,,,,1,0,1
2021,03500407,7,07108,1,,,,1,0,1
2021,03500407,7,07109,2,1,,,3,0,3
2021,03500407,7,07304,3,,,,1,0,1
2021,03500407,7,07401,2,2,,,4,0,3
2021,03500407,7,07403,,2,,,2,0,2
2021,03500407,7,07406,1,0,,1,1,1,1
2021,03500407,8,08101,8,2,,5,7,2,2
2021,03500407,8,08102,3,1,,2,3,1,2
2021,03500407,8,08103,8,5,,12,9,8,2
2021,03500407,8,08106,1,1,,1,2,1,2
2021,03500407,8,08108,9,5,,6,11,4,4
2021,03500407,8,08111,4,1,,1,5,1,3
2021,03500407,8,08112,1,1,,,2,0,1
2021,03500407,8,08301,4,,,,3,0,1
2021,03500407,8,08302,1,1,,,2,0,1
2021,03500407,8,08306,,1,,,1,0,1
2021,03500407,8,08307,,1,,,1,0,1
2021,03500407,8,08312,1,0,,1,1,1,1
2021,03500407,9,09101,1,,,,1,0,1
2021,03500407,9,09114,3,,,,1,0,1
2021,03500407,9,09120,1,,,,1,0,1
2021,05990022,1,01101,5,5,0,5,5,5,2
2021,05990022,1,01107,8,6,2,8,6,6,2
2021,05990022,10,10101,34,19,15,34,24,24,9
2021,05990022,10,10102,7,7,0,7,5,5,1
2021,05990022,10,10106,1,1,0,1,1,1,1
2021,05990022,10,10109,3,2,1,3,3,3,1
2021,05990022,10,10201,2,1,1,2,2,2,2
2021,05990022,10,10202,5,5,0,5,5,5,3
2021,05990022,10,10203,1,1,0,1,1,1,1
2021,05990022,10,10207,1,1,0,1,1,1,1
2021,05990022,10,10210,1,1,0,1,1,1,1
2021,05990022,10,10301,13,12,1,13,11,11,5
2021,05990022,10,10304,1,1,0,1,1,1,1
2021,05990022,10,10306,1,1,0,1,1,1,1
2021,05990022,11,11101,13,9,4,13,9,9,3
2021,05990022,11,11201,19,15,4,19,8,8,1
2021,05990022,11,11202,1,1,0,1,1,1,1
2021,05990022,11,11301,1,0,1,1,1,1,1
2021,05990022,12,12101,6,6,0,6,5,5,2
2021,05990022,12,12401,1,1,0,1,1,1,1
2021,05990022,13,13101,4,2,2,4,2,2,1
2021,05990022,13,13102,5,5,0,5,4,4,1
2021,05990022,13,13103,2,2,0,2,1,1,1
2021,05990022,13,13104,11,6,5,11,7,7,4
2021,05990022,13,13105,13,12,1,13,9,9,4
2021,05990022,13,13106,3,3,0,3,3,3,1
2021,05990022,13,13107,4,2,2,4,4,4,2
2021,05990022,13,13108,3,2,1,3,3,3,2
2021,05990022,13,13109,5,2,3,5,4,4,1
2021,05990022,13,13110,20,11,9,20,16,16,8
2021,05990022,13,13111,13,12,1,13,10,10,4
2021,05990022,13,13112,2,2,0,2,1,1,1
2021,05990022,13,13115,1,1,0,1,1,1,1
2021,05990022,13,13116,38,27,11,38,13,13,2
2021,05990022,13,13117,1,0,1,1,1,1,1
2021,05990022,13,13118,7,4,3,7,6,6,2
2021,05990022,13,13119,11,6,5,11,9,9,4
2021,05990022,13,13121,6,3,3,6,4,4,1
2021,05990022,13,13122,1,1,0,1,1,1,1
2021,05990022,13,13123,5,3,2,5,4,4,2
2021,05990022,13,13124,24,17,7,24,17,17,3
2021,05990022,13,13125,17,15,2,17,9,9,3
2021,05990022,13,13126,12,8,4,12,11,11,5
2021,05990022,13,13127,11,9,2,11,8,8,3
2021,05990022,13,13128,7,7,0,7,4,4,2
2021,05990022,13,13129,19,14,5,19,9,9,4
2021,05990022,13,13131,9,8,1,9,7,7,4
2021,05990022,13,13132,1,1,0,1,1,1,1
2021,05990022,13,13201,22,18,4,22,13,13,4
2021,05990022,13,13203,5,5,0,5,1,1,1
2021,05990022,13,13301,3,2,1,3,3,3,1
2021,05990022,13,13302,1,1,0,1,1,1,1
2021,05990022,13,13303,3,2,1,3,3,3,2
2021,05990022,13,13401,24,20,4,24,15,15,7
2021,05990022,13,13402,31,20,11,31,10,10,2
2021,05990022,13,13404,2,0,2,2,2,2,1
2021,05990022,13,13501,1,1,0,1,1,1,1
2021,05990022,13,13601,10,8,2,10,6,6,2
2021,05990022,13,13602,4,2,2,4,4,4,2
2021,05990022,13,13603,1,1,0,1,1,1,1
2021,05990022,13,13604,5,4,1,5,5,5,1
2021,05990022,13,13605,2,2,0,2,2,2,2
2021,05990022,14,14101,13,10,3,13,11,11,4
2021,05990022,14,14102,2,2,0,2,2,2,1
2021,05990022,14,14106,1,1,0,1,1,1,1
2021,05990022,14,14107,1,1,0,1,1,1,1
2021,05990022,14,14108,6,5,1,6,4,4,1
2021,05990022,14,14204,4,4,0,4,2,2,1
2021,05990022,15,15101,39,29,10,39,29,29,9
2021,05990022,15,15201,1,1,0,1,1,1,1
2021,05990022,16,16101,53,43,10,53,30,30,7
2021,05990022,16,16102,7,5,2,7,5,5,2
2021,05990022,16,16103,11,10,1,11,7,7,3
2021,05990022,16,16104,12,5,7,12,6,6,1
2021,05990022,16,16107,15,11,4,15,8,8,1
2021,05990022,16,16108,5,3,2,5,4,4,2
2021,05990022,16,16109,1,0,1,1,1,1,1
2021,05990022,16,16206,2,1,1,2,1,1,1
2021,05990022,16,16301,18,15,3,18,11,11,3
2021,05990022,16,16302,7,5,2,7,5,5,4
2021,05990022,16,16304,1,0,1,1,1,1,1
2021,05990022,16,16305,5,3,2,5,4,4,1
2021,05990022,2,02101,112,90,22,112,47,47,11
2021,05990022,2,02102,5,5,0,5,5,5,1
2021,05990022,2,02201,14,12,2,14,10,10,5
2021,05990022,2,02301,4,4,0,4,3,3,1
2021,05990022,3,03101,112,82,30,112,18,18,5
2021,05990022,3,03201,5,5,0,5,1,1,1
2021,05990022,3,03301,23,19,4,23,6,6,1
2021,05990022,3,03302,1,1,0,1,1,1,1
2021,05990022,4,04101,49,33,16,49,32,32,9
2021,05990022,4,04102,43,36,7,43,26,26,10
2021,05990022,4,04103,10,9,1,10,6,6,1
2021,05990022,4,04104,1,0,1,1,1,1,1
2021,05990022,4,04106,3,1,2,3,3,3,1
2021,05990022,4,04201,15,13,2,15,11,11,2
2021,05990022,4,04202,2,1,1,2,2,2,1
2021,05990022,4,04203,4,3,1,4,4,4,1
2021,05990022,4,04204,6,5,1,6,6,6,4
2021,05990022,4,04301,19,15,4,19,14,14,5
2021,05990022,4,04302,2,2,0,2,2,2,2
2021,05990022,5,05101,27,23,4,27,22,22,12
2021,05990022,5,05105,2,2,0,2,2,2,2
2021,05990022,5,05107,9,7,2,9,6,6,1
2021,05990022,5,05109,15,12,3,15,13,13,8
2021,05990022,5,05201,2,2,0,2,2,2,1
2021,05990022,5,05301,14,9,5,14,14,14,4
2021,05990022,5,05401,11,8,3,11,8,8,3
2021,05990022,5,05402,3,2,1,3,3,3,2
2021,05990022,5,05501,39,33,6,39,21,21,7
2021,05990022,5,05502,5,5,0,5,4,4,2
2021,05990022,5,05503,5,3,2,5,3,3,1
2021,05990022,5,05506,4,4,0,4,4,4,2
2021,05990022,5,05601,16,12,4,16,11,11,4
2021,05990022,5,05602,2,2,0,2,2,2,1
2021,05990022,5,05603,3,3,0,3,2,2,1
2021,05990022,5,05605,1,1,0,1,1,1,1
2021,05990022,5,05606,1,1,0,1,1,1,1
2021,05990022,5,05701,16,14,2,16,9,9,4
2021,05990022,5,05703,1,1,0,1,1,1,1
2021,05990022,5,05706,1,1,0,1,1,1,1
2021,05990022,5,05801,12,9,3,12,9,9,4
2021,05990022,5,05802,3,1,2,3,2,2,1
2021,05990022,5,05804,4,3,1,4,3,3,2
2021,05990022,6,06101,14,12,2,14,7,7,4
2021,05990022,6,06105,3,3,0,3,1,1,1
2021,05990022,6,06106,4,4,0,4,1,1,1
2021,05990022,6,06107,3,3,0,3,3,3,2
2021,05990022,6,06108,5,3,2,5,5,5,1
2021,05990022,6,06110,9,9,0,9,6,6,1
2021,05990022,6,06112,2,2,0,2,2,2,1
2021,05990022,6,06115,7,4,3,7,5,5,3
2021,05990022,6,06117,1,1,0,1,1,1,1
2021,05990022,6,06201,1,1,0,1,1,1,1
2021,05990022,6,06301,28,22,6,28,11,11,2
2021,05990022,6,06305,1,1,0,1,1,1,1
2021,05990022,6,06310,1,1,0,1,1,1,1
2021,05990022,7,07101,128,113,15,128,24,24,8
2021,05990022,7,07102,1,1,0,1,1,1,1
2021,05990022,7,07105,5,4,1,5,4,4,2
2021,05990022,7,07109,2,1,1,2,2,2,1
2021,05990022,7,07201,1,1,0,1,1,1,1
2021,05990022,7,07301,8,5,3,8,7,7,4
2021,05990022,7,07306,1,1,0,1,1,1,1
2021,05990022,7,07401,44,37,7,44,21,21,4
2021,05990022,7,07406,4,4,0,4,4,4,2
2021,05990022,8,08101,58,49,9,58,21,21,5
2021,05990022,8,08102,6,2,4,6,6,6,4
2021,05990022,8,08103,9,6,3,9,7,7,3
2021,05990022,8,08104,2,1,1,2,2,2,2
2021,05990022,8,08106,19,15,4,19,11,11,4
2021,05990022,8,08107,18,13,5,18,13,13,4
2021,05990022,8,08108,9,6,3,9,8,8,4
2021,05990022,8,08110,37,26,11,37,18,18,9
2021,05990022,8,08111,17,14,3,17,10,10,4
2021,05990022,8,08112,22,21,1,22,10,10,3
2021,05990022,8,08201,40,34,6,40,14,14,2
2021,05990022,8,08202,19,16,3,19,8,8,1
2021,05990022,8,08203,9,8,1,9,6,6,1
2021,05990022,8,08205,20,13,7,20,10,10,2
2021,05990022,8,08206,4,3,1,4,3,3,2
2021,05990022,8,08207,1,1,0,1,1,1,1
2021,05990022,8,08301,19,18,1,19,17,17,8
2021,05990022,8,08303,1,0,1,1,1,1,1
2021,05990022,8,08304,1,1,0,1,1,1,1
2021,05990022,8,08305,1,1,0,1,1,1,1
2021,05990022,8,08306,1,1,0,1,1,1,1
2021,05990022,8,08313,1,1,0,1,1,1,1
2021,05990022,9,09101,36,15,21,36,19,19,7
2021,05990022,9,09103,1,1,0,1,1,1,1
2021,05990022,9,09107,2,2,0,2,2,2,1
2021,05990022,9,09108,39,32,7,39,10,10,3
2021,05990022,9,09111,6,6,0,6,6,6,2
2021,05990022,9,09112,3,3,0,3,3,3,1
2021,05990022,9,09114,10,7,3,10,6,6,2
2021,05990022,9,09115,2,1,1,2,2,2,1
2021,05990022,9,09116,2,1,1,2,2,2,1
2021,05990022,9,09118,2,2,0,2,2,2,2
2021,05990022,9,09120,4,3,1,4,3,3,1
2021,05990022,9,09201,55,46,9,55,11,11,2
2021,05990022,9,09202,1,0,1,1,1,1,1
2021,05990022,9,09203,6,6,0,6,1,1,1
2021,05990022,9,09209,1,1,0,1,1,1,1
2021,05990022,9,09210,4,1,3,4,4,4,1
2021,05990022,9,09211,1,0,1,1,1,1,1
2021,05990023,1,01101,4,4,0,4,4,4,2
2021,05990023,1,01107,5,3,2,5,5,5,4
2021,05990023,10,10101,7,5,2,7,4,4,4
2021,05990023,10,10102,3,2,1,3,3,3,2
2021,05990023,10,10109,1,0,1,1,1,1,1
2021,05990023,10,10201,4,1,3,4,2,2,2
2021,05990023,10,10202,6,6,0,6,5,5,3
2021,05990023,10,10205,1,1,0,1,1,1,1
2021,05990023,10,10210,1,1,0,1,1,1,1
2021,05990023,10,10301,4,3,1,4,3,3,3
2021,05990023,10,10307,1,1,0,1,1,1,1
2021,05990023,11,11101,3,2,1,3,3,3,2
2021,05990023,11,11201,6,3,3,6,4,4,1
2021,05990023,12,12101,13,11,2,13,12,12,5
2021,05990023,12,12401,1,1,0,1,1,1,1
2021,05990023,13,13101,3,3,0,3,3,3,1
2021,05990023,13,13104,17,17,0,17,7,7,2
2021,05990023,13,13105,4,3,1,4,3,3,3
2021,05990023,13,13106,2,0,2,2,2,2,1
2021,05990023,13,13107,2,1,1,2,2,2,2
2021,05990023,13,13108,2,1,1,2,2,2,1
2021,05990023,13,13109,3,3,0,3,3,3,2
2021,05990023,13,13110,22,16,6,22,16,16,6
2021,05990023,13,13111,1,1,0,1,1,1,1
2021,05990023,13,13112,4,2,2,4,3,3,3
2021,05990023,13,13113,1,1,0,1,1,1,1
2021,05990023,13,13115,2,1,1,2,2,2,1
2021,05990023,13,13116,3,2,1,3,2,2,2
2021,05990023,13,13117,17,14,3,17,4,4,2
2021,05990023,13,13118,4,2,2,4,4,4,2
2021,05990023,13,13119,10,9,1,10,9,9,6
2021,05990023,13,13120,4,3,1,4,4,4,2
2021,05990023,13,13123,2,2,0,2,2,2,1
2021,05990023,13,13124,18,17,1,18,11,11,2
2021,05990023,13,13125,3,2,1,3,3,3,2
2021,05990023,13,13126,2,1,1,2,2,2,2
2021,05990023,13,13127,4,3,1,4,4,4,2
2021,05990023,13,13128,17,13,4,17,6,6,3
2021,05990023,13,13129,2,0,2,2,2,2,1
2021,05990023,13,13131,5,2,3,5,3,3,2
2021,05990023,13,13132,2,2,0,2,1,1,1
2021,05990023,13,13201,25,17,8,25,10,10,2
2021,05990023,13,13203,5,5,0,5,1,1,1
2021,05990023,13,13301,9,8,1,9,4,4,2
2021,05990023,13,13302,5,4,1,5,4,4,3
2021,05990023,13,13303,1,1,0,1,1,1,1
2021,05990023,13,13401,9,8,1,9,8,8,4
2021,05990023,13,13402,8,8,0,8,5,5,1
2021,05990023,13,13403,2,2,0,2,2,2,1
2021,05990023,13,13501,1,1,0,1,1,1,1
2021,05990023,13,13505,1,1,0,1,1,1,1
2021,05990023,13,13602,2,0,2,2,1,1,1
2021,05990023,13,13603,1,0,1,1,1,1,1
2021,05990023,13,13604,3,2,1,3,3,3,1
2021,05990023,13,13605,4,3,1,4,3,3,1
2021,05990023,14,14103,1,0,1,1,1,1,1
2021,05990023,14,14204,1,1,0,1,1,1,1
2021,05990023,15,15101,28,23,5,28,19,19,9
2021,05990023,16,16101,23,19,4,23,13,13,7
2021,05990023,16,16102,2,2,0,2,2,2,1
2021,05990023,16,16103,2,1,1,2,2,2,1
2021,05990023,16,16107,1,1,0,1,1,1,1
2021,05990023,16,16301,12,7,5,12,7,7,3
2021,05990023,16,16302,2,2,0,2,1,1,1
2021,05990023,2,02101,24,20,4,24,16,16,7
2021,05990023,2,02104,2,2,0,2,1,1,1
2021,05990023,2,02201,4,4,0,4,3,3,2
2021,05990023,3,03101,8,4,4,8,8,8,5
2021,05990023,3,03201,5,5,0,5,1,1,1
2021,05990023,3,03301,1,1,0,1,1,1,1
2021,05990023,4,04101,10,3,7,10,9,9,5
2021,05990023,4,04102,10,7,3,10,10,10,7
2021,05990023,4,04106,2,2,0,2,2,2,1
2021,05990023,4,04202,1,1,0,1,1,1,1
2021,05990023,4,04203,2,1,1,2,2,2,1
2021,05990023,4,04301,6,4,2,6,5,5,4
2021,05990023,5,05101,13,12,1,13,11,11,6
2021,05990023,5,05201,2,2,0,2,2,2,1
2021,05990023,5,05301,4,4,0,4,4,4,4
2021,05990023,5,05401,1,1,0,1,1,1,1
2021,05990023,5,05402,1,1,0,1,1,1,1
2021,05990023,5,05501,5,2,3,5,5,5,3
2021,05990023,5,05503,4,3,1,4,3,3,1
2021,05990023,5,05506,3,3,0,3,2,2,2
2021,05990023,5,05601,4,4,0,4,4,4,3
2021,05990023,5,05604,1,1,0,1,1,1,1
2021,05990023,5,05605,2,1,1,2,2,2,1
2021,05990023,5,05701,7,6,1,7,7,7,3
2021,05990023,5,05706,2,2,0,2,2,2,1
2021,05990023,5,05804,2,2,0,2,1,1,1
2021,05990023,6,06101,10,8,2,10,9,9,5
2021,05990023,6,06103,1,0,1,1,1,1,1
2021,05990023,6,06107,5,5,0,5,5,5,2
2021,05990023,6,06108,2,2,0,2,1,1,1
2021,05990023,6,06110,1,1,0,1,1,1,1
2021,05990023,6,06112,2,1,1,2,2,2,1
2021,05990023,6,06115,5,5,0,5,5,5,3
2021,05990023,6,06117,3,3,0,3,3,3,2
2021,05990023,6,06201,1,1,0,1,1,1,1
2021,05990023,6,06203,1,1,0,1,1,1,1
2021,05990023,6,06301,17,12,5,17,10,10,4
2021,05990023,6,06303,3,2,1,3,2,2,1
2021,05990023,6,06304,1,1,0,1,1,1,1
2021,05990023,6,06306,1,1,0,1,1,1,1
2021,05990023,6,06310,4,2,2,4,3,3,2
2021,05990023,7,07101,72,66,6,72,10,10,6
2021,05990023,7,07102,2,0,2,2,1,1,1
2021,05990023,7,07105,1,1,0,1,1,1,1
2021,05990023,7,07301,3,3,0,3,3,3,3
2021,05990023,7,07304,1,1,0,1,1,1,1
2021,05990023,7,07308,1,1,0,1,1,1,1
2021,05990023,7,07401,14,12,2,14,7,7,3
2021,05990023,7,07402,1,1,0,1,1,1,1
2021,05990023,8,08101,15,12,3,15,12,12,5
2021,05990023,8,08102,4,1,3,4,4,4,2
2021,05990023,8,08103,4,4,0,4,3,3,3
2021,05990023,8,08106,10,4,6,10,6,6,3
2021,05990023,8,08107,21,13,8,21,16,16,5
2021,05990023,8,08108,16,13,3,16,11,11,5
2021,05990023,8,08110,34,23,11,34,19,19,7
2021,05990023,8,08111,6,4,2,6,6,6,5
2021,05990023,8,08112,26,24,2,26,20,20,8
2021,05990023,8,08201,10,6,4,10,7,7,3
2021,05990023,8,08202,22,17,5,22,14,14,3
2021,05990023,8,08203,4,3,1,4,4,4,2
2021,05990023,8,08205,6,5,1,6,6,6,1
2021,05990023,8,08206,5,5,0,5,5,5,3
2021,05990023,8,08207,1,0,1,1,1,1,1
2021,05990023,8,08301,14,11,3,14,12,12,7
2021,05990023,8,08303,1,0,1,1,1,1,1
2021,05990023,8,08306,1,1,0,1,1,1,1
2021,05990023,8,08309,2,2,0,2,1,1,1
2021,05990023,8,08311,1,0,1,1,1,1,1
2021,05990023,9,09101,9,5,4,9,6,6,2
2021,05990023,9,09106,1,0,1,1,1,1,1
2021,05990023,9,09108,31,21,10,31,6,6,2
2021,05990023,9,09109,4,4,0,4,4,4,4
2021,05990023,9,09111,6,1,5,6,6,6,2
2021,05990023,9,09112,2,2,0,2,2,2,1
2021,05990023,9,09114,1,1,0,1,1,1,1
2021,05990023,9,09115,3,0,3,3,2,2,1
2021,05990023,9,09118,1,0,1,1,1,1,1
2021,05990023,9,09201,3,2,1,3,3,3,1
2021,05990023,9,09202,1,1,0,1,1,1,1
2021,05990023,9,09203,2,0,2,2,2,2,1
2021,05990023,9,09210,1,0,1,1,1,1,1
2021,05990023,9,09211,1,1,0,1,1,1,1
2021,05990024,1,01401,83,31,52,83,8,8,1
2021,05990024,10,10202,4,2,2,4,3,3,1
2021,05990024,12,12101,3,1,2,3,1,1,1
2021,05990024,13,13105,2,2,0,2,1,1,1
2021,05990024,13,13110,1,1,0,1,1,1,1
2021,05990024,13,13119,84,19,65,84,6,6,3
2021,05990024,13,13201,1,1,0,1,1,1,1
2021,05990024,13,13203,5,5,0,5,1,1,1
2021,05990024,13,13301,1,1,0,1,1,1,1
2021,05990024,13,13401,3,1,2,3,2,2,2
2021,05990024,13,13505,11,6,5,11,1,1,1
2021,05990024,13,13601,2,0,2,2,2,2,1
2021,05990024,13,13602,39,10,29,39,4,4,1
2021,05990024,13,13603,10,4,6,10,6,6,5
2021,05990024,14,14101,1,0,1,1,1,1,1
2021,05990024,15,15101,19,14,5,19,8,8,4
2021,05990024,16,16302,1,1,0,1,1,1,1
2021,05990024,2,02104,2,0,2,2,1,1,1
2021,05990024,3,03201,5,5,0,5,1,1,1
2021,05990024,4,04101,3,1,2,3,2,2,2
2021,05990024,4,04102,4,1,3,4,1,1,1
2021,05990024,5,05101,9,3,6,9,1,1,1
2021,05990024,5,05109,6,1,5,6,4,4,3
2021,05990024,5,05404,1,0,1,1,1,1,1
2021,05990024,5,05501,1,1,0,1,1,1,1
2021,05990024,5,05801,6,3,3,6,2,2,2
2021,05990024,6,06110,1,0,1,1,1,1,1
2021,05990024,6,06115,1,0,1,1,1,1,1
2021,05990024,6,06301,4,3,1,4,1,1,1
2021,05990024,7,07101,1,0,1,1,1,1,1
2021,05990024,7,07108,6,1,5,6,1,1,1
2021,05990024,7,07110,3,2,1,3,1,1,1
2021,05990024,8,08102,1,1,0,1,1,1,1
2021,05990024,8,08106,12,3,9,12,3,3,2
2021,05990024,8,08107,1,1,0,1,1,1,1
2021,05990024,8,08108,4,1,3,4,1,1,1
2021,05990024,8,08110,3,0,3,3,2,2,1
2021,05990024,8,08202,1,0,1,1,1,1,1
2021,05990024,8,08203,3,1,2,3,2,2,1
2021,05990024,9,09109,3,1,2,3,1,1,1
2021,05990024,9,09111,1,1,0,1,1,1,1
2021,05990024,9,09114,1,0,1,1,1,1,1
2021,05990024,9,09202,1,0,1,1,1,1,1
2021,05990025,10,10105,1,1,0,1,1,1,1
2021,05990025,10,10201,1,1,0,1,1,1,1
2021,05990025,10,10303,2,0,2,2,1,1,1
2021,05990025,10,10307,1,0,1,1,1,1,1
2021,05990025,13,13106,1,1,0,1,1,1,1
2021,05990025,13,13110,4,1,3,4,2,2,2
2021,05990025,13,13118,1,1,0,1,1,1,1
2021,05990025,13,13127,1,0,1,1,1,1,1
2021,05990025,13,13203,5,5,0,5,1,1,1
2021,05990025,13,13301,7,0,7,7,1,1,1
2021,05990025,13,13302,1,1,0,1,1,1,1
2021,05990025,13,13401,4,0,4,4,1,1,1
2021,05990025,13,13402,1,0,1,1,1,1,1
2021,05990025,14,14101,1,0,1,1,1,1,1
2021,05990025,16,16101,1,1,0,1,1,1,1
2021,05990025,16,16302,3,1,2,3,1,1,1
2021,05990025,2,02101,3,1,2,3,1,1,1
2021,05990025,3,03201,5,5,0,5,1,1,1
2021,05990025,4,04101,1,1,0,1,1,1,1
2021,05990025,4,04102,1,1,0,1,1,1,1
2021,05990025,4,04106,1,1,0,1,1,1,1
2021,05990025,4,04201,1,0,1,1,1,1,1
2021,05990025,5,05109,3,1,2,3,3,3,2
2021,05990025,7,07101,4,1,3,4,3,3,3
2021,05990025,7,07108,3,0,3,3,2,2,1
2021,05990025,7,07403,1,0,1,1,1,1,1
2021,05990025,8,08101,1,1,0,1,1,1,1
2021,05990025,8,08102,2,2,0,2,2,2,2
2021,05990025,8,08103,1,1,0,1,1,1,1
2021,05990025,8,08110,3,1,2,3,2,2,1
2021,05990025,9,09101,1,0,1,1,1,1,1
2021,05990025,9,09102,1,0,1,1,1,1,1
2021,05990025,9,09108,1,0,1,1,1,1,1
2021,05990026,1,01101,10,8,2,10,9,9,4
2021,05990026,1,01107,7,6,1,7,4,4,2
2021,05990026,10,10101,19,15,4,19,13,13,6
2021,05990026,10,10102,1,1,0,1,1,1,1
2021,05990026,10,10105,1,1,0,1,1,1,1
2021,05990026,10,10109,1,0,1,1,1,1,1
2021,05990026,10,10201,2,0,2,2,2,2,2
2021,05990026,10,10202,4,3,1,4,4,4,1
2021,05990026,10,10205,5,4,1,5,1,1,1
2021,05990026,10,10208,2,2,0,2,2,2,1
2021,05990026,10,10301,17,15,2,17,13,13,5
2021,05990026,10,10303,1,1,0,1,1,1,1
2021,05990026,10,10307,1,1,0,1,1,1,1
2021,05990026,11,11101,12,10,2,12,9,9,3
2021,05990026,11,11201,6,2,4,6,3,3,1
2021,05990026,11,11401,1,1,0,1,1,1,1
2021,05990026,12,12101,7,4,3,7,7,7,3
2021,05990026,13,13101,21,16,5,21,12,12,7
2021,05990026,13,13102,2,1,1,2,2,2,2
2021,05990026,13,13103,35,24,11,35,17,17,5
2021,05990026,13,13104,2,0,2,2,2,2,2
2021,05990026,13,13105,24,16,8,24,16,16,4
2021,05990026,13,13106,10,8,2,10,5,5,3
2021,05990026,13,13107,12,10,2,12,10,10,3
2021,05990026,13,13108,9,7,2,9,6,6,3
2021,05990026,13,13110,46,23,23,46,26,26,9
2021,05990026,13,13111,10,8,2,10,9,9,3
2021,05990026,13,13112,8,6,2,8,7,7,1
2021,05990026,13,13113,5,5,0,5,4,4,2
2021,05990026,13,13114,5,5,0,5,4,4,1
2021,05990026,13,13115,23,17,6,23,8,8,1
2021,05990026,13,13116,3,2,1,3,3,3,2
2021,05990026,13,13117,4,4,0,4,3,3,2
2021,05990026,13,13118,21,9,12,21,10,10,3
2021,05990026,13,13119,8,5,3,8,5,5,3
2021,05990026,13,13120,6,4,2,6,6,6,2
2021,05990026,13,13121,11,9,2,11,6,6,2
2021,05990026,13,13122,38,28,10,38,25,25,5
2021,05990026,13,13123,29,25,4,29,13,13,2
2021,05990026,13,13124,46,39,7,46,25,25,3
2021,05990026,13,13125,6,3,3,6,3,3,3
2021,05990026,13,13126,5,4,1,5,4,4,2
2021,05990026,13,13127,6,5,1,6,3,3,3
2021,05990026,13,13128,6,4,2,6,5,5,2
2021,05990026,13,13129,24,20,4,24,15,15,5
2021,05990026,13,13130,67,58,9,67,13,13,2
2021,05990026,13,13131,48,41,7,48,18,18,4
2021,05990026,13,13132,4,4,0,4,2,2,1
2021,05990026,13,13201,122,86,36,122,53,53,12
2021,05990026,13,13202,1,1,0,1,1,1,1
2021,05990026,13,13203,5,5,0,5,1,1,1
2021,05990026,13,13301,9,6,3,9,6,6,3
2021,05990026,13,13302,5,5,0,5,3,3,2
2021,05990026,13,13401,57,37,20,57,20,20,7
2021,05990026,13,13402,29,15,14,29,11,11,5
2021,05990026,13,13404,4,4,0,4,4,4,2
2021,05990026,13,13501,1,0,1,1,1,1,1
2021,05990026,13,13505,2,2,0,2,2,2,1
2021,05990026,13,13601,10,7,3,10,5,5,2
2021,05990026,13,13602,1,1,0,1,1,1,1
2021,05990026,13,13603,3,3,0,3,3,3,1
2021,05990026,13,13604,3,3,0,3,2,2,1
2021,05990026,13,13605,6,6,0,6,4,4,2
2021,05990026,14,14101,11,9,2,11,9,9,3
2021,05990026,14,14108,1,0,1,1,1,1,1
2021,05990026,14,14202,2,1,1,2,1,1,1
2021,05990026,14,14204,1,1,0,1,1,1,1
2021,05990026,15,15101,68,54,14,68,36,36,9
2021,05990026,16,16101,48,33,15,48,28,28,8
2021,05990026,16,16103,5,4,1,5,3,3,2
2021,05990026,16,16104,3,2,1,3,1,1,1
2021,05990026,16,16105,1,1,0,1,1,1,1
2021,05990026,16,16106,5,1,4,5,2,2,1
2021,05990026,16,16201,1,0,1,1,1,1,1
2021,05990026,16,16204,3,0,3,3,1,1,1
2021,05990026,16,16301,28,21,7,28,14,14,4
2021,05990026,16,16302,9,6,3,9,5,5,2
2021,05990026,16,16303,4,2,2,4,3,3,1
2021,05990026,2,02101,38,30,8,38,23,23,9
2021,05990026,2,02201,16,13,3,16,11,11,4
2021,05990026,2,02203,1,0,1,1,1,1,1
2021,05990026,2,02301,1,1,0,1,1,1,1
2021,05990026,3,03101,44,40,4,44,13,13,3
2021,05990026,3,03201,5,5,0,5,1,1,1
2021,05990026,3,03202,1,1,0,1,1,1,1
2021,05990026,3,03301,5,3,2,5,3,3,2
2021,05990026,4,04101,30,22,8,30,19,19,5
2021,05990026,4,04102,50,32,18,50,25,25,7
2021,05990026,4,04104,4,4,0,4,4,4,4
2021,05990026,4,04105,1,0,1,1,1,1,1
2021,05990026,4,04201,6,5,1,6,5,5,2
2021,05990026,4,04301,23,16,7,23,13,13,4
2021,05990026,5,05101,10,5,5,10,7,7,5
2021,05990026,5,05102,3,2,1,3,3,3,1
2021,05990026,5,05103,4,3,1,4,3,3,1
2021,05990026,5,05109,18,12,6,18,14,14,7
2021,05990026,5,05301,12,10,2,12,9,9,2
2021,05990026,5,05401,11,10,1,11,6,6,2
2021,05990026,5,05402,1,1,0,1,1,1,1
2021,05990026,5,05405,1,1,0,1,1,1,1
2021,05990026,5,05501,14,9,5,14,7,7,2
2021,05990026,5,05502,3,1,2,3,3,3,2
2021,05990026,5,05506,3,3,0,3,3,3,2
2021,05990026,5,05601,4,3,1,4,4,4,2
2021,05990026,5,05603,4,3,1,4,3,3,1
2021,05990026,5,05604,1,0,1,1,1,1,1
2021,05990026,5,05606,2,2,0,2,2,2,1
2021,05990026,5,05701,9,7,2,9,6,6,2
2021,05990026,5,05703,2,2,0,2,2,2,2
2021,05990026,5,05706,3,0,3,3,3,3,2
2021,05990026,5,05801,31,21,10,31,11,11,4
2021,05990026,5,05802,2,1,1,2,2,2,1
2021,05990026,5,05804,5,4,1,5,3,3,2
2021,05990026,6,06101,23,16,7,23,19,19,8
2021,05990026,6,06105,2,1,1,2,2,2,1
2021,05990026,6,06106,6,5,1,6,3,3,1
2021,05990026,6,06107,1,1,0,1,1,1,1
2021,05990026,6,06111,2,2,0,2,2,2,1
2021,05990026,6,06112,2,0,2,2,2,2,1
2021,05990026,6,06115,5,5,0,5,4,4,2
2021,05990026,6,06301,4,4,0,4,4,4,3
2021,05990026,6,06304,1,0,1,1,1,1,1
2021,05990026,6,06310,1,0,1,1,1,1,1
2021,05990026,7,07101,9,8,1,9,6,6,4
2021,05990026,7,07102,5,4,1,5,3,3,3
2021,05990026,7,07201,1,1,0,1,1,1,1
2021,05990026,7,07202,1,1,0,1,1,1,1
2021,05990026,7,07301,31,24,7,31,18,18,5
2021,05990026,7,07308,6,3,3,6,1,1,1
2021,05990026,7,07401,10,5,5,10,9,9,5
2021,05990026,7,07403,1,1,0,1,1,1,1
2021,05990026,8,08101,20,8,12,20,12,12,7
2021,05990026,8,08102,23,19,4,23,19,19,7
2021,05990026,8,08103,6,3,3,6,3,3,2
2021,05990026,8,08105,7,6,1,7,6,6,3
2021,05990026,8,08106,10,8,2,10,9,9,3
2021,05990026,8,08107,2,1,1,2,2,2,1
2021,05990026,8,08108,11,7,4,11,5,5,4
2021,05990026,8,08109,1,1,0,1,1,1,1
2021,05990026,8,08110,50,31,19,50,15,15,4
2021,05990026,8,08111,23,13,10,23,14,14,5
2021,05990026,8,08112,12,9,3,12,6,6,3
2021,05990026,8,08201,8,5,3,8,7,7,2
2021,05990026,8,08202,12,8,4,12,6,6,3
2021,05990026,8,08203,8,3,5,8,4,4,2
2021,05990026,8,08205,8,6,2,8,7,7,2
2021,05990026,8,08206,2,2,0,2,2,2,1
2021,05990026,8,08301,16,13,3,16,13,13,8
2021,05990026,8,08304,13,7,6,13,3,3,1
2021,05990026,8,08307,1,1,0,1,1,1,1
2021,05990026,8,08314,5,0,5,5,5,5,1
2021,05990026,9,09101,15,8,7,15,8,8,4
2021,05990026,9,09103,2,2,0,2,2,2,1
2021,05990026,9,09107,2,2,0,2,1,1,1
2021,05990026,9,09108,1,1,0,1,1,1,1
2021,05990026,9,09111,2,2,0,2,2,2,2
2021,05990026,9,09112,7,6,1,7,6,6,2
2021,05990026,9,09114,7,5,2,7,5,5,2
2021,05990026,9,09115,1,1,0,1,1,1,1
2021,05990026,9,09119,1,1,0,1,1,1,1
2021,05990026,9,09120,5,5,0,5,5,5,3
2021,05990026,9,09201,18,9,9,18,10,10,3
2021,05990026,9,09202,2,0,2,2,2,2,2
2021,05990026,9,09203,12,9,3,12,2,2,1
2021,05990026,9,09206,1,1,0,1,1,1,1
2021,05990026,9,09211,2,0,2,2,2,2,2
2021,05990027,1,01101,7,3,4,7,4,4,3
2021,05990027,1,01107,1,1,0,1,1,1,1
2021,05990027,10,10101,14,11,3,14,9,9,6
2021,05990027,10,10109,1,0,1,1,1,1,1
2021,05990027,10,10201,1,1,0,1,1,1,1
2021,05990027,10,10203,1,1,0,1,1,1,1
2021,05990027,10,10301,8,4,4,8,7,7,3
2021,05990027,10,10307,1,0,1,1,1,1,1
2021,05990027,11,11101,11,5,6,11,5,5,3
2021,05990027,11,11201,3,3,0,3,3,3,2
2021,05990027,12,12101,2,2,0,2,2,2,1
2021,05990027,13,13101,12,9,3,12,5,5,1
2021,05990027,13,13102,2,2,0,2,1,1,1
2021,05990027,13,13103,2,2,0,2,1,1,1
2021,05990027,13,13104,23,17,6,23,4,4,2
2021,05990027,13,13105,3,2,1,3,3,3,3
2021,05990027,13,13107,0,0,0,0,2,2,2
2021,05990027,13,13108,1,1,0,1,1,1,1
2021,05990027,13,13110,2,2,0,2,2,2,2
2021,05990027,13,13111,1,0,1,1,1,1,1
2021,05990027,13,13114,2,2,0,2,1,1,1
2021,05990027,13,13116,4,4,0,4,4,4,2
2021,05990027,13,13117,1,1,0,1,1,1,1
2021,05990027,13,13118,4,1,3,4,4,4,1
2021,05990027,13,13119,2,0,2,2,2,2,2
2021,05990027,13,13121,2,2,0,2,4,4,1
2021,05990027,13,13122,1,1,0,1,1,1,1
2021,05990027,13,13123,2,1,1,2,2,2,2
2021,05990027,13,13124,4,4,0,4,4,4,2
2021,05990027,13,13125,2,2,0,2,3,3,3
2021,05990027,13,13126,5,4,1,5,5,5,4
2021,05990027,13,13128,8,8,0,8,2,2,1
2021,05990027,13,13131,5,4,1,5,1,1,1
2021,05990027,13,13201,2,2,0,2,2,2,1
2021,05990027,13,13301,13,12,1,13,6,6,3
2021,05990027,13,13302,2,2,0,2,2,2,1
2021,05990027,13,13303,10,8,2,10,6,6,2
2021,05990027,13,13401,2,1,1,2,2,2,2
2021,05990027,13,13402,8,7,1,8,7,7,2
2021,05990027,13,13601,2,2,0,2,4,4,1
2021,05990027,13,13605,2,1,1,2,2,2,1
2021,05990027,14,14101,4,3,1,4,5,5,4
2021,05990027,14,14103,1,1,0,1,1,1,1
2021,05990027,15,15101,5,3,2,5,16,16,6
2021,05990027,16,16101,10,7,3,10,11,11,4
2021,05990027,16,16103,2,2,0,2,2,2,1
2021,05990027,16,16108,1,1,0,1,1,1,1
2021,05990027,16,16301,1,1,0,1,1,1,1
2021,05990027,2,02101,40,32,8,40,20,20,7
2021,05990027,2,02102,1,1,0,1,2,2,1
2021,05990027,2,02201,15,8,7,15,12,12,4
2021,05990027,3,03101,11,9,2,11,8,8,3
2021,05990027,3,03301,1,0,1,1,1,1,1
2021,05990027,4,04101,17,15,2,17,18,18,7
2021,05990027,4,04102,6,5,1,6,6,6,4
2021,05990027,4,04106,0,0,0,0,1,1,1
2021,05990027,4,04201,5,3,2,5,4,4,1
2021,05990027,4,04204,1,0,1,1,1,1,1
2021,05990027,4,04301,2,2,0,2,2,2,2
2021,05990027,4,04302,1,1,0,1,1,1,1
2021,05990027,5,05101,5,5,0,5,6,6,4
2021,05990027,5,05107,3,0,3,3,2,2,1
2021,05990027,5,05109,5,4,1,5,4,4,3
2021,05990027,5,05201,1,1,0,1,1,1,1
2021,05990027,5,05301,2,2,0,2,4,4,2
2021,05990027,5,05401,10,5,5,10,4,4,2
2021,05990027,5,05405,1,1,0,1,1,1,1
2021,05990027,5,05501,47,40,7,47,14,14,5
2021,05990027,5,05502,3,3,0,3,5,5,2
2021,05990027,5,05601,6,6,0,6,8,8,4
2021,05990027,5,05701,0,0,0,0,1,1,1
2021,05990027,5,05801,3,3,0,3,2,2,1
2021,05990027,5,05802,0,0,0,0,2,2,1
2021,05990027,5,05804,0,0,0,0,1,1,1
2021,05990027,6,06101,1,1,0,1,4,4,3
2021,05990027,6,06106,3,3,0,3,1,1,1
2021,05990027,6,06108,3,2,1,3,2,2,2
2021,05990027,6,06110,5,5,0,5,2,2,1
2021,05990027,6,06117,5,5,0,5,4,4,3
2021,05990027,6,06201,1,0,1,1,2,2,1
2021,05990027,6,06301,1,0,1,1,3,3,1
2021,05990027,6,06304,1,1,0,1,1,1,1
2021,05990027,6,06310,3,3,0,3,2,2,1
2021,05990027,7,07109,3,3,0,3,1,1,1
2021,05990027,7,07306,1,0,1,1,1,1,1
2021,05990027,7,07401,12,11,1,12,7,7,1
2021,05990027,7,07404,1,0,1,1,1,1,1
2021,05990027,7,07406,1,0,1,1,1,1,1
2021,05990027,8,08101,15,11,4,15,7,7,3
2021,05990027,8,08102,2,1,1,2,2,2,2
2021,05990027,8,08103,2,2,0,2,2,2,1
2021,05990027,8,08106,3,3,0,3,2,2,2
2021,05990027,8,08107,0,0,0,0,3,3,3
2021,05990027,8,08108,5,3,2,5,1,1,1
2021,05990027,8,08110,6,4,2,6,4,4,3
2021,05990027,8,08111,1,1,0,1,2,2,2
2021,05990027,8,08112,1,1,0,1,2,2,1
2021,05990027,8,08201,6,6,0,6,4,4,2
2021,05990027,8,08202,7,4,3,7,4,4,2
2021,05990027,8,08203,1,1,0,1,1,1,1
2021,05990027,8,08205,1,1,0,1,2,2,2
2021,05990027,8,08206,1,1,0,1,1,1,1
2021,05990027,8,08301,0,0,0,0,4,4,3
2021,05990027,8,08303,0,0,0,0,1,1,1
2021,05990027,8,08304,0,0,0,0,1,1,1
2021,05990027,8,08310,0,0,0,0,1,1,1
2021,05990027,9,09101,3,3,0,3,3,3,1
2021,05990027,9,09103,0,0,0,0,1,1,1
2021,05990027,9,09201,8,5,3,8,4,4,1
2021,05990027,9,09208,2,2,0,2,1,1,1
2021,05990028,1,01101,6,2,4,6,7,7,5
2021,05990028,10,10101,2,1,1,2,2,2,1
2021,05990028,10,10102,1,1,0,1,1,1,1
2021,05990028,10,10201,7,7,0,7,6,6,2
2021,05990028,10,10202,1,1,0,1,1,1,1
2021,05990028,10,10203,1,1,0,1,1,1,1
2021,05990028,10,10301,11,9,2,11,9,9,3
2021,05990028,10,10302,1,1,0,1,1,1,1
2021,05990028,11,11101,8,2,6,8,4,4,3
2021,05990028,11,11201,1,1,0,1,1,1,1
2021,05990028,12,12101,4,3,1,4,4,4,3
2021,05990028,13,13103,1,1,0,1,1,1,1
2021,05990028,13,13104,9,9,0,9,5,5,2
2021,05990028,13,13105,2,2,0,2,2,2,2
2021,05990028,13,13106,0,0,0,0,1,1,1
2021,05990028,13,13108,1,1,0,1,2,2,1
2021,05990028,13,13109,0,0,0,0,2,2,1
2021,05990028,13,13110,3,2,1,3,3,3,2
2021,05990028,13,13111,1,1,0,1,1,1,1
2021,05990028,13,13116,0,0,0,0,2,2,2
2021,05990028,13,13117,1,1,0,1,2,2,2
2021,05990028,13,13118,1,0,1,1,1,1,1
2021,05990028,13,13120,2,2,0,2,2,2,1
2021,05990028,13,13124,1,0,1,1,1,1,1
2021,05990028,13,13128,7,6,1,7,1,1,1
2021,05990028,13,13201,11,11,0,11,7,7,1
2021,05990028,13,13301,4,4,0,4,5,5,3
2021,05990028,13,13302,3,2,1,3,2,2,1
2021,05990028,13,13303,1,1,0,1,1,1,1
2021,05990028,13,13401,6,6,0,6,3,3,2
2021,05990028,13,13402,2,2,0,2,2,2,1
2021,05990028,13,13501,2,2,0,2,1,1,1
2021,05990028,13,13505,2,2,0,2,2,2,2
2021,05990028,13,13604,1,1,0,1,1,1,1
2021,05990028,13,13605,3,3,0,3,3,3,1
2021,05990028,14,14103,1,1,0,1,1,1,1
2021,05990028,15,15101,3,2,1,3,5,5,3
2021,05990028,16,16101,2,2,0,2,2,2,2
2021,05990028,16,16103,1,1,0,1,1,1,1
2021,05990028,16,16304,1,1,0,1,1,1,1
2021,05990028,2,02101,12,9,3,12,7,7,3
2021,05990028,2,02201,5,2,3,5,5,5,5
2021,05990028,3,03101,1,1,0,1,1,1,1
2021,05990028,4,04101,2,1,1,2,4,4,3
2021,05990028,4,04102,4,2,2,4,4,4,2
2021,05990028,4,04201,1,1,0,1,1,1,1
2021,05990028,4,04301,6,2,4,6,3,3,2
2021,05990028,5,05101,1,0,1,1,1,1,1
2021,05990028,5,05109,2,2,0,2,2,2,2
2021,05990028,5,05401,2,0,2,2,1,1,1
2021,05990028,5,05405,1,1,0,1,1,1,1
2021,05990028,5,05501,2,2,0,2,2,2,2
2021,05990028,5,05506,1,1,0,1,1,1,1
2021,05990028,5,05601,3,3,0,3,3,3,2
2021,05990028,5,05701,1,0,1,1,3,3,2
2021,05990028,5,05702,2,2,0,2,1,1,1
2021,05990028,6,06101,1,0,1,1,4,4,2
2021,05990028,6,06108,1,1,0,1,1,1,1
2021,05990028,6,06110,1,1,0,1,1,1,1
2021,05990028,6,06117,4,2,2,4,4,4,4
2021,05990028,6,06201,2,2,0,2,2,2,1
2021,05990028,6,06204,1,1,0,1,1,1,1
2021,05990028,6,06301,0,0,0,0,1,1,1
2021,05990028,6,06304,0,0,0,0,1,1,1
2021,05990028,6,06310,1,1,0,1,1,1,1
2021,05990028,7,07102,1,1,0,1,1,1,1
2021,05990028,7,07105,1,1,0,1,1,1,1
2021,05990028,7,07109,1,1,0,1,1,1,1
2021,05990028,7,07401,10,9,1,10,6,6,1
2021,05990028,7,07402,3,3,0,3,3,3,1
2021,05990028,7,07404,1,1,0,1,1,1,1
2021,05990028,8,08101,9,6,3,9,8,8,4
2021,05990028,8,08102,2,2,0,2,1,1,1
2021,05990028,8,08103,2,1,1,2,1,1,1
2021,05990028,8,08106,3,2,1,3,3,3,2
2021,05990028,8,08107,5,4,1,5,5,5,1
2021,05990028,8,08108,0,0,0,0,1,1,1
2021,05990028,8,08110,8,6,2,8,7,7,4
2021,05990028,8,08112,4,3,1,4,8,8,5
2021,05990028,8,08201,3,1,2,3,2,2,1
2021,05990028,8,08202,7,5,2,7,6,6,2
2021,05990028,8,08203,4,4,0,4,3,3,2
2021,05990028,8,08205,3,3,0,3,5,5,1
2021,05990028,8,08206,5,3,2,5,3,3,2
2021,05990028,8,08301,2,2,0,2,8,8,4
2021,05990028,8,08313,0,0,0,0,1,1,1
2021,05990028,9,09111,1,0,1,1,1,1,1
2021,05990028,9,09201,4,3,1,4,3,3,1
2021,05990028,9,09202,2,2,0,2,2,2,2
2021,05990028,9,09205,1,1,0,1,1,1,1
2021,05990028,9,09208,1,1,0,1,1,1,1
2021,05990029,1,01101,0,0,0,0,1,1,1
2021,05990029,1,01401,2,0,2,2,2,2,1
2021,05990029,10,10303,1,0,1,1,1,1,1
2021,05990029,11,11101,5,0,5,5,1,1,1
2021,05990029,11,11201,2,0,2,2,1,1,1
2021,05990029,13,13104,1,1,0,1,1,1,1
2021,05990029,13,13108,0,0,0,0,1,1,1
2021,05990029,13,13111,0,0,0,0,1,1,1
2021,05990029,13,13117,8,8,0,8,1,1,1
2021,05990029,13,13119,5,2,3,5,2,2,2
2021,05990029,13,13126,1,0,1,1,1,1,1
2021,05990029,13,13301,0,0,0,0,1,1,1
2021,05990029,13,13402,0,0,0,0,1,1,1
2021,05990029,13,13603,18,5,13,18,1,1,1
2021,05990029,15,15101,2,0,2,2,2,2,2
2021,05990029,16,16101,0,0,0,0,2,2,2
2021,05990029,2,02201,2,0,2,2,2,2,2
2021,05990029,4,04101,8,4,4,8,2,2,1
2021,05990029,5,05101,0,0,0,0,1,1,1
2021,05990029,5,05405,0,0,0,0,1,1,1
2021,05990029,7,07109,0,0,0,0,1,1,1
2021,05990029,7,07202,1,1,0,1,1,1,1
2021,05990029,8,08202,0,0,0,0,1,1,1
2021,05990029,8,08207,19,1,18,19,1,1,1
2021,05990029,9,09114,0,0,0,0,1,1,1
2021,05990030,1,01101,0,0,0,0,1,1,1
2021,05990030,10,10301,1,0,1,1,1,1,1
2021,05990030,11,11101,5,0,5,5,1,1,1
2021,05990030,13,13107,0,0,0,0,2,2,1
2021,05990030,13,13110,2,0,2,2,1,1,1
2021,05990030,14,14105,1,1,0,1,1,1,1
2021,05990030,15,15101,1,1,0,1,1,1,1
2021,05990030,16,16101,1,1,0,1,1,1,1
2021,05990030,5,05109,1,1,0,1,1,1,1
2021,05990030,6,06101,0,0,0,0,3,3,2
2021,05990030,6,06301,1,1,0,1,1,1,1
2021,05990030,8,08102,3,0,3,3,1,1,1
2021,05990030,8,08301,0,0,0,0,1,1,1
2021,05990030,9,09101,2,1,1,2,2,2,2
2021,05990030,9,09102,0,0,0,0,1,1,1
2021,05990031,1,01101,9,3,6,9,6,6,4
2021,05990031,1,01107,2,1,1,2,2,2,2
2021,05990031,10,10101,8,6,2,8,5,5,3
2021,05990031,10,10208,8,7,1,8,5,5,1
2021,05990031,10,10301,7,5,2,7,7,7,4
2021,05990031,10,10302,1,0,1,1,1,1,1
2021,05990031,10,10303,1,0,1,1,1,1,1
2021,05990031,11,11101,23,8,15,23,8,8,2
2021,05990031,11,11401,0,0,0,0,1,1,1
2021,05990031,12,12101,4,3,1,4,4,4,1
2021,05990031,13,13101,5,4,1,5,5,5,2
2021,05990031,13,13102,1,1,0,1,1,1,1
2021,05990031,13,13103,12,8,4,12,10,10,3
2021,05990031,13,13104,13,12,1,13,3,3,2
2021,05990031,13,13105,1,1,0,1,2,2,2
2021,05990031,13,13107,1,1,0,1,5,5,2
2021,05990031,13,13108,3,3,0,3,2,2,1
2021,05990031,13,13110,48,35,13,48,18,18,7
2021,05990031,13,13111,1,1,0,1,1,1,1
2021,05990031,13,13113,2,2,0,2,2,2,2
2021,05990031,13,13114,4,4,0,4,1,1,1
2021,05990031,13,13116,1,1,0,1,3,3,3
2021,05990031,13,13117,62,14,48,62,2,2,1
2021,05990031,13,13118,15,11,4,15,2,2,2
2021,05990031,13,13119,24,20,4,24,7,7,2
2021,05990031,13,13121,4,3,1,4,7,7,2
2021,05990031,13,13122,17,15,2,17,16,16,5
2021,05990031,13,13123,2,2,0,2,2,2,2
2021,05990031,13,13124,8,7,1,8,4,4,2
2021,05990031,13,13125,2,2,0,2,3,3,2
2021,05990031,13,13127,7,7,0,7,6,6,1
2021,05990031,13,13129,5,5,0,5,4,4,2
2021,05990031,13,13130,12,12,0,12,5,5,1
2021,05990031,13,13131,20,18,2,20,11,11,2
2021,05990031,13,13132,4,4,0,4,3,3,1
2021,05990031,13,13201,9,4,5,9,4,4,1
2021,05990031,13,13301,3,1,2,3,3,3,2
2021,05990031,13,13302,4,4,0,4,4,4,2
2021,05990031,13,13303,3,2,1,3,2,2,2
2021,05990031,13,13401,2,1,1,2,2,2,2
2021,05990031,13,13402,9,7,2,9,13,13,4
2021,05990031,13,13404,1,1,0,1,1,1,1
2021,05990031,13,13501,3,3,0,3,4,4,4
2021,05990031,13,13601,1,1,0,1,1,1,1
2021,05990031,13,13603,2,2,0,2,2,2,1
2021,05990031,14,14101,3,3,0,3,6,6,3
2021,05990031,15,15101,16,15,1,16,27,27,8
2021,05990031,16,16101,29,17,12,29,18,18,5
2021,05990031,16,16103,10,9,1,10,3,3,2
2021,05990031,16,16106,1,0,1,1,3,3,1
2021,05990031,16,16301,3,3,0,3,1,1,1
2021,05990031,2,02101,9,8,1,9,9,9,5
2021,05990031,2,02201,11,5,6,11,8,8,5
2021,05990031,3,03101,3,3,0,3,3,3,1
2021,05990031,3,03202,1,1,0,1,1,1,1
2021,05990031,3,03301,1,1,0,1,1,1,1
2021,05990031,4,04101,9,5,4,9,6,6,4
2021,05990031,4,04102,24,14,10,24,10,10,5
2021,05990031,4,04201,2,2,0,2,2,2,2
2021,05990031,4,04301,12,10,2,12,9,9,2
2021,05990031,5,05101,3,2,1,3,2,2,2
2021,05990031,5,05105,1,1,0,1,1,1,1
2021,05990031,5,05109,7,3,4,7,7,7,4
2021,05990031,5,05301,5,4,1,5,5,5,2
2021,05990031,5,05401,15,8,7,15,6,6,1
2021,05990031,5,05501,57,37,20,57,3,3,2
2021,05990031,5,05502,1,0,1,1,3,3,2
2021,05990031,5,05605,0,0,0,0,1,1,1
2021,05990031,5,05606,4,3,1,4,3,3,1
2021,05990031,5,05701,1,1,0,1,2,2,2
2021,05990031,5,05801,18,15,3,18,5,5,3
2021,05990031,5,05802,1,1,0,1,2,2,2
2021,05990031,5,05804,1,0,1,1,1,1,1
2021,05990031,6,06101,4,2,2,4,2,2,2
2021,05990031,6,06105,1,0,1,1,1,1,1
2021,05990031,6,06107,0,0,0,0,2,2,1
2021,05990031,6,06112,0,0,0,0,1,1,1
2021,05990031,6,06113,1,1,0,1,1,1,1
2021,05990031,6,06115,1,1,0,1,1,1,1
2021,05990031,6,06117,2,2,0,2,2,2,2
2021,05990031,6,06201,0,0,0,0,1,1,1
2021,05990031,6,06301,3,2,1,3,6,6,1
2021,05990031,6,06303,1,0,1,1,1,1,1
2021,05990031,6,06305,3,0,3,3,1,1,1
2021,05990031,6,06310,1,1,0,1,1,1,1
2021,05990031,7,07101,3,3,0,3,3,3,1
2021,05990031,7,07102,2,2,0,2,1,1,1
2021,05990031,7,07109,2,2,0,2,2,2,1
2021,05990031,7,07202,1,0,1,1,1,1,1
2021,05990031,7,07301,5,4,1,5,6,6,3
2021,05990031,7,07304,1,0,1,1,1,1,1
2021,05990031,7,07401,9,7,2,9,2,2,1
2021,05990031,7,07406,5,5,0,5,5,5,1
2021,05990031,8,08101,3,2,1,3,2,2,2
2021,05990031,8,08102,6,6,0,6,7,7,5
2021,05990031,8,08103,2,1,1,2,2,2,2
2021,05990031,8,08105,5,5,0,5,1,1,1
2021,05990031,8,08106,6,5,1,6,5,5,3
2021,05990031,8,08108,1,1,0,1,1,1,1
2021,05990031,8,08110,2,1,1,2,4,4,3
2021,05990031,8,08111,4,4,0,4,4,4,2
2021,05990031,8,08112,0,0,0,0,1,1,1
2021,05990031,8,08201,2,1,1,2,2,2,2
2021,05990031,8,08202,5,2,3,5,4,4,2
2021,05990031,8,08203,2,2,0,2,2,2,2
2021,05990031,8,08301,3,1,2,3,7,7,3
2021,05990031,8,08304,4,3,1,4,3,3,2
2021,05990031,8,08309,0,0,0,0,1,1,1
2021,05990031,8,08310,0,0,0,0,2,2,1
2021,05990031,9,09101,1,0,1,1,2,2,2
2021,05990031,9,09102,1,0,1,1,1,1,1
2021,05990031,9,09112,1,1,0,1,3,3,1
2021,05990031,9,09120,0,0,0,0,2,2,1
2021,05990031,9,09205,1,1,0,1,1,1,1
2021,05990031,9,09206,2,2,0,2,3,2,1
2022,03500404,1,01101,272,288,,560,37,37,5
2022,03500404,1,01107,441,463,,902,55,53,5
2022,03500404,1,01401,28,28,,56,9,9,1
2022,03500404,1,01402,7,3,,3,7,1,2
2022,03500404,1,01403,1,2,,,3,0,1
2022,03500404,1,01405,31,26,,52,13,9,3
2022,03500404,10,10101,406,397,,776,78,64,12
2022,03500404,10,10102,12,10,,17,7,4,2
2022,03500404,10,10104,17,15,,28,9,7,2
2022,03500404,10,10105,74,88,,148,27,20,3
2022,03500404,10,10106,16,13,,25,8,5,1
2022,03500404,10,10107,23,30,,49,8,4,3
2022,03500404,10,10109,94,74,,168,16,16,2
2022,03500404,10,10201,182,151,,333,58,58,8
2022,03500404,10,10202,8,7,,13,5,4,2
2022,03500404,10,10204,3,,,,3,0,2
2022,03500404,10,10205,17,19,,35,18,17,7
2022,03500404,10,10207,16,5,,21,7,7,1
2022,03500404,10,10210,3,3,,6,5,5,4
2022,03500404,10,10301,248,243,,479,37,29,4
2022,03500404,10,10302,11,11,,18,8,4,4
2022,03500404,10,10303,69,69,,138,23,23,4
2022,03500404,10,10304,53,40,,87,12,11,1
2022,03500404,10,10305,41,34,,71,16,12,4
2022,03500404,10,10306,11,12,,21,11,9,3
2022,03500404,10,10307,6,3,,,8,0,2
2022,03500404,10,10401,3,1,,2,3,1,1
2022,03500404,10,10403,30,19,,37,17,8,4
2022,03500404,11,11101,174,156,,320,34,25,7
2022,03500404,11,11201,4,9,,7,8,2,3
2022,03500404,11,11202,6,6,,10,5,3,1
2022,03500404,11,11203,2,,,,1,0,1
2022,03500404,11,11301,9,6,,14,5,4,1
2022,03500404,11,11302,6,4,,5,6,2,1
2022,03500404,11,11303,2,2,,,4,0,1
2022,03500404,11,11401,3,3,,2,5,1,2
2022,03500404,11,11402,7,9,,7,11,2,4
2022,03500404,12,12101,111,116,,205,29,17,4
2022,03500404,12,12201,1,1,,,2,0,1
2022,03500404,12,12401,4,3,,7,1,1,1
2022,03500404,13,13101,290,301,,577,32,21,6
2022,03500404,13,13102,31,23,,54,12,12,1
2022,03500404,13,13103,199,188,,376,33,25,5
2022,03500404,13,13104,142,139,,274,32,30,3
2022,03500404,13,13105,300,268,,568,42,42,5
2022,03500404,13,13106,295,276,,568,33,30,3
2022,03500404,13,13107,56,49,,105,13,13,2
2022,03500404,13,13108,306,254,,560,25,25,3
2022,03500404,13,13109,183,162,,341,27,26,3
2022,03500404,13,13110,308,260,,567,37,36,5
2022,03500404,13,13111,5,4,,4,6,2,3
2022,03500404,13,13112,332,271,,599,56,54,7
2022,03500404,13,13113,2,3,,5,3,3,1
2022,03500404,13,13114,31,31,,58,16,12,2
2022,03500404,13,13115,13,9,,22,9,9,2
2022,03500404,13,13116,147,158,,299,27,26,3
2022,03500404,13,13117,380,354,,734,41,41,4
2022,03500404,13,13118,229,228,,457,36,36,3
2022,03500404,13,13119,281,298,,556,61,45,8
2022,03500404,13,13120,116,120,,227,30,22,3
2022,03500404,13,13121,350,317,,667,58,58,5
2022,03500404,13,13122,316,308,,624,35,35,4
2022,03500404,13,13123,38,40,,77,26,25,4
2022,03500404,13,13124,596,606,,1172,97,76,10
2022,03500404,13,13125,117,100,,217,8,8,1
2022,03500404,13,13126,145,107,,243,31,25,6
2022,03500404,13,13127,235,175,,410,38,38,4
2022,03500404,13,13128,321,299,,614,31,30,4
2022,03500404,13,13129,254,197,,450,83,82,9
2022,03500404,13,13130,149,118,,264,23,22,2
2022,03500404,13,13131,71,90,,149,26,21,4
2022,03500404,13,13132,8,7,,15,6,6,1
2022,03500404,13,13201,118,113,,231,24,24,2
2022,03500404,13,13202,76,47,,123,26,26,3
2022,03500404,13,13203,52,51,,87,23,13,4
2022,03500404,13,13401,762,756,,1500,128,117,11
2022,03500404,13,13402,159,140,,276,54,45,7
2022,03500404,13,13404,141,147,,281,23,16,7
2022,03500404,13,13501,10,12,,20,8,6,2
2022,03500404,13,13502,28,35,,61,17,15,2
2022,03500404,13,13503,47,61,,108,31,31,3
2022,03500404,13,13601,181,198,,368,29,23,3
2022,03500404,13,13602,14,18,,25,14,7,2
2022,03500404,13,13603,86,92,,176,32,30,4
2022,03500404,13,13604,31,25,,56,2,2,1
2022,03500404,13,13605,74,73,,131,13,8,2
2022,03500404,14,14101,367,367,,705,102,86,15
2022,03500404,14,14102,1,,,,1,0,1
2022,03500404,14,14103,1,,,,1,0,1
2022,03500404,14,14204,11,21,,32,10,10,1
2022,03500404,15,15101,489,513,,1002,118,118,12
2022,03500404,15,15201,4,2,,5,2,1,1
2022,03500404,16,16101,436,389,,810,76,68,8
2022,03500404,16,16102,43,41,,79,17,14,2
2022,03500404,16,16103,87,82,,156,27,21,4
2022,03500404,16,16104,39,22,,61,9,9,1
2022,03500404,16,16106,39,39,,78,12,12,1
2022,03500404,16,16107,45,35,,75,16,14,2
2022,03500404,16,16108,14,17,,27,10,7,3
2022,03500404,16,16109,26,43,,50,19,11,2
2022,03500404,16,16201,51,41,,91,12,11,1
2022,03500404,16,16202,1,2,,2,2,1,2
2022,03500404,16,16203,41,27,,61,12,10,1
2022,03500404,16,16204,9,0,,3,5,1,2
2022,03500404,16,16205,6,8,,8,8,2,1
2022,03500404,16,16206,8,11,,14,7,4,1
2022,03500404,16,16207,24,14,,28,11,6,1
2022,03500404,16,16301,201,162,,347,37,29,4
2022,03500404,16,16302,99,89,,173,22,17,2
2022,03500404,16,16303,18,32,,39,17,9,3
2022,03500404,16,16305,42,65,,90,18,14,2
2022,03500404,2,02101,582,531,,1097,66,65,9
2022,03500404,2,02102,59,52,,111,8,8,1
2022,03500404,2,02201,7,8,,15,3,3,2
2022,03500404,2,02203,2,1,,2,2,1,1
2022,03500404,3,03101,389,359,,741,77,74,8
2022,03500404,3,03102,11,9,,20,9,9,2
2022,03500404,3,03103,57,56,,108,18,15,2
2022,03500404,3,03201,31,43,,67,14,9,2
2022,03500404,3,03202,42,37,,66,22,14,2
2022,03500404,3,03301,184,154,,337,50,49,6
2022,03500404,3,03302,1,1,,,2,0,1
2022,03500404,3,03303,39,22,,52,12,9,1
2022,03500404,3,03304,24,14,,27,14,7,2
2022,03500404,4,04101,329,332,,655,49,47,7
2022,03500404,4,04102,490,490,,963,83,73,10
2022,03500404,4,04103,8,9,,17,4,4,1
2022,03500404,4,04201,2,1,,,3,0,1
2022,03500404,4,04301,12,17,,28,7,6,3
2022,03500404,4,04302,13,13,,26,4,4,1
2022,03500404,4,04303,4,,,,2,0,2
2022,03500404,4,04305,2,5,,,6,0,4
2022,03500404,5,05101,132,122,,246,56,49,13
2022,03500404,5,05102,3,4,,,7,0,4
2022,03500404,5,05103,94,96,,190,12,12,1
2022,03500404,5,05104,2,1,,,2,0,1
2022,03500404,5,05105,49,33,,77,20,16,2
2022,03500404,5,05109,210,180,,382,48,43,7
2022,03500404,5,05301,186,179,,357,35,29,4
2022,03500404,5,05302,70,57,,127,18,18,2
2022,03500404,5,05303,22,24,,45,9,8,1
2022,03500404,5,05304,17,18,,30,10,8,2
2022,03500404,5,05401,151,133,,242,67,32,10
2022,03500404,5,05402,6,5,,7,6,2,4
2022,03500404,5,05403,27,17,,35,15,8,2
2022,03500404,5,05404,27,36,,39,31,14,4
2022,03500404,5,05405,31,28,,52,16,11,2
2022,03500404,5,05501,260,260,,485,59,40,8
2022,03500404,5,05502,167,152,,316,39,36,6
2022,03500404,5,05503,76,75,,135,20,14,3
2022,03500404,5,05504,72,85,,153,12,8,1
2022,03500404,5,05506,53,58,,96,30,19,3
2022,03500404,5,05601,84,66,,145,19,15,5
2022,03500404,5,05603,9,4,,8,4,2,2
2022,03500404,5,05604,3,3,,4,5,3,2
2022,03500404,5,05605,6,8,,11,4,3,1
2022,03500404,5,05701,2,2,,2,3,1,1
2022,03500404,5,05702,54,66,,120,20,20,2
2022,03500404,5,05703,83,108,,191,12,12,1
2022,03500404,5,05704,28,22,,49,12,11,1
2022,03500404,5,05705,62,59,,109,23,14,4
2022,03500404,5,05706,52,28,,61,21,9,3
2022,03500404,5,05801,404,377,,779,69,68,6
2022,03500404,5,05802,99,107,,206,12,12,1
2022,03500404,5,05803,5,3,,5,4,3,1
2022,03500404,5,05804,311,299,,610,46,46,4
2022,03500404,6,06101,709,703,,1396,84,74,10
2022,03500404,6,06102,67,55,,122,21,21,2
2022,03500404,6,06103,1,1,,,2,0,1
2022,03500404,6,06105,36,41,,77,10,10,2
2022,03500404,6,06106,54,46,,100,11,11,1
2022,03500404,6,06109,24,27,,40,11,8,2
2022,03500404,6,06110,85,85,,166,24,22,2
2022,03500404,6,06111,26,24,,42,13,8,3
2022,03500404,6,06112,11,5,,15,3,2,2
2022,03500404,6,06113,13,14,,26,6,5,2
2022,03500404,6,06115,125,86,,201,15,13,3
2022,03500404,6,06116,1,,,,1,0,1
2022,03500404,6,06117,148,134,,264,30,17,5
2022,03500404,6,06202,4,1,,4,2,1,1
2022,03500404,6,06204,4,3,,7,2,2,1
2022,03500404,6,06205,0,3,,3,1,1,1
2022,03500404,6,06301,153,127,,260,27,14,6
2022,03500404,6,06302,23,21,,44,6,6,1
2022,03500404,6,06303,3,2,,3,3,1,2
2022,03500404,6,06304,20,17,,27,12,7,3
2022,03500404,6,06305,32,28,,56,11,9,2
2022,03500404,6,06306,19,9,,21,10,5,2
2022,03500404,6,06307,9,3,,7,2,1,1
2022,03500404,6,06309,17,8,,17,11,6,1
2022,03500404,6,06310,6,5,,10,7,6,1
2022,03500404,7,07101,875,801,,1666,128,124,12
2022,03500404,7,07102,217,235,,433,65,50,6
2022,03500404,7,07103,23,28,,49,24,23,5
2022,03500404,7,07104,25,23,,44,12,9,1
2022,03500404,7,07105,136,127,,260,52,50,6
2022,03500404,7,07106,64,48,,112,33,33,4
2022,03500404,7,07107,39,37,,76,27,27,6
2022,03500404,7,07108,65,65,,130,44,44,6
2022,03500404,7,07109,210,223,,418,128,116,19
2022,03500404,7,07110,41,49,,82,15,10,2
2022,03500404,7,07201,172,177,,349,50,50,8
2022,03500404,7,07202,35,31,,59,12,10,1
2022,03500404,7,07203,32,42,,74,31,31,3
2022,03500404,7,07301,475,404,,872,58,52,7
2022,03500404,7,07302,50,49,,99,24,24,4
2022,03500404,7,07303,16,20,,30,21,17,5
2022,03500404,7,07304,195,169,,364,45,45,6
2022,03500404,7,07305,25,18,,38,10,5,2
2022,03500404,7,07306,77,76,,153,23,23,3
2022,03500404,7,07307,86,64,,130,36,25,4
2022,03500404,7,07308,127,103,,228,56,55,7
2022,03500404,7,07401,271,265,,533,46,44,5
2022,03500404,7,07402,107,105,,193,40,27,6
2022,03500404,7,07403,109,82,,140,60,30,10
2022,03500404,7,07404,151,158,,309,58,58,9
2022,03500404,7,07405,53,51,,104,32,32,7
2022,03500404,7,07406,162,145,,307,16,16,2
2022,03500404,7,07407,75,66,,137,36,33,7
2022,03500404,7,07408,3,1,,2,3,1,1
2022,03500404,8,08101,63,58,,118,18,16,3
2022,03500404,8,08102,140,130,,266,25,23,3
2022,03500404,8,08103,105,67,,172,19,19,2
2022,03500404,8,08104,3,6,,8,4,3,1
2022,03500404,8,08105,42,36,,67,20,13,4
2022,03500404,8,08106,101,82,,181,18,16,3
2022,03500404,8,08107,11,14,,21,5,3,4
2022,03500404,8,08108,21,12,,31,10,8,4
2022,03500404,8,08109,1,4,,2,4,1,2
2022,03500404,8,08111,165,152,,298,62,49,9
2022,03500404,8,08112,53,49,,69,35,13,4
2022,03500404,8,08201,45,45,,90,12,12,1
2022,03500404,8,08202,113,92,,188,39,29,5
2022,03500404,8,08203,94,90,,184,12,12,1
2022,03500404,8,08204,23,12,,26,15,8,2
2022,03500404,8,08205,133,110,,237,27,23,3
2022,03500404,8,08206,101,115,,188,48,30,5
2022,03500404,8,08301,282,305,,547,77,50,12
2022,03500404,8,08302,7,18,,18,8,5,1
2022,03500404,8,08304,22,16,,8,21,3,4
2022,03500404,8,08305,5,4,,,7,0,5
2022,03500404,8,08306,58,70,,115,29,20,3
2022,03500404,8,08307,1,,,,1,0,1
2022,03500404,8,08308,10,10,,15,8,5,2
2022,03500404,8,08309,1,3,,,2,0,1
2022,03500404,8,08311,2,4,,5,3,2,2
2022,03500404,8,08312,20,39,,47,19,11,3
2022,03500404,8,08313,2,3,,2,4,1,1
2022,03500404,8,08314,1,,,,1,0,1
2022,03500404,9,09101,681,644,,1323,126,124,11
2022,03500404,9,09105,4,3,,7,5,5,2
2022,03500404,9,09107,1,1,,,2,0,2
2022,03500404,9,09109,18,8,,17,8,4,1
2022,03500404,9,09111,26,26,,52,3,3,1
2022,03500404,9,09112,307,288,,591,47,45,4
2022,03500404,9,09114,1,,,,1,0,1
2022,03500404,9,09115,40,39,,65,15,9,2
2022,03500404,9,09116,2,0,,2,1,1,1
2022,03500404,9,09117,1,,,,1,0,1
2022,03500404,9,09120,3,0,,1,3,1,2
2022,03500404,9,09201,1,1,,2,2,2,2
2022,03500404,9,09202,1,5,,2,3,1,1
2022,03500404,9,09204,35,21,,45,19,10,4
2022,03500404,9,09206,24,22,,39,10,6,1
2022,03500404,9,09208,,1,,,1,0,1
2022,03500404,9,09210,,1,,,1,0,1
2022,03500404,9,09211,6,3,,2,6,1,1
2022,03500405,1,01101,88,63,,151,38,38,5
2022,03500405,1,01107,64,46,,107,36,33,5
2022,03500405,1,01401,3,5,,7,6,5,1
2022,03500405,1,01403,,1,,,1,0,1
2022,03500405,10,10101,75,43,,99,48,32,10
2022,03500405,10,10102,3,2,,,4,0,3
2022,03500405,10,10104,5,6,,10,4,3,1
2022,03500405,10,10105,18,16,,22,14,6,2
2022,03500405,10,10106,4,3,,4,6,3,1
2022,03500405,10,10107,2,3,,2,3,1,1
2022,03500405,10,10109,30,21,,51,13,13,2
2022,03500405,10,10201,33,18,,51,22,22,5
2022,03500405,10,10202,4,2,,6,4,4,1
2022,03500405,10,10204,1,,,,1,0,1
2022,03500405,10,10205,2,3,,5,4,4,2
2022,03500405,10,10210,0,1,,1,1,1,1
2022,03500405,10,10301,58,34,,86,30,24,5
2022,03500405,10,10302,3,1,,3,2,1,1
2022,03500405,10,10303,12,5,,17,7,7,2
2022,03500405,10,10304,6,3,,8,5,4,1
2022,03500405,10,10305,3,3,,2,4,1,1
2022,03500405,10,10306,4,4,,6,7,5,3
2022,03500405,10,10307,3,1,,2,3,1,2
2022,03500405,10,10401,2,1,,,3,0,1
2022,03500405,10,10403,7,2,,,7,0,3
2022,03500405,11,11101,38,20,,41,22,13,4
2022,03500405,11,11202,1,1,,,2,0,1
2022,03500405,11,11301,3,0,,2,3,2,1
2022,03500405,11,11402,2,,,,2,0,2
2022,03500405,12,12101,27,20,,42,17,13,3
2022,03500405,12,12201,1,1,,,2,0,1
2022,03500405,13,13101,106,76,,168,29,17,6
2022,03500405,13,13102,6,3,,9,5,5,1
2022,03500405,13,13103,45,24,,57,22,15,5
2022,03500405,13,13104,14,21,,33,16,14,3
2022,03500405,13,13105,57,35,,92,35,35,4
2022,03500405,13,13106,41,19,,52,14,9,2
2022,03500405,13,13107,16,6,,18,9,8,1
2022,03500405,13,13108,43,18,,57,23,22,3
2022,03500405,13,13109,48,36,,80,24,22,3
2022,03500405,13,13110,99,67,,154,35,28,5
2022,03500405,13,13111,8,5,,10,7,5,3
2022,03500405,13,13112,74,44,,105,41,33,7
2022,03500405,13,13113,1,2,,3,2,2,1
2022,03500405,13,13114,7,6,,6,9,3,2
2022,03500405,13,13115,6,0,,6,5,5,1
2022,03500405,13,13116,11,2,,6,11,6,3
2022,03500405,13,13117,99,86,,171,38,28,4
2022,03500405,13,13118,43,19,,51,25,17,3
2022,03500405,13,13119,54,30,,56,36,16,7
2022,03500405,13,13120,11,0,,2,9,1,3
2022,03500405,13,13121,97,56,,152,43,42,5
2022,03500405,13,13122,36,12,,40,14,10,3
2022,03500405,13,13123,7,11,,15,14,12,4
2022,03500405,13,13124,117,66,,153,58,36,10
2022,03500405,13,13125,19,8,,19,7,4,1
2022,03500405,13,13126,52,23,,61,25,16,6
2022,03500405,13,13127,61,37,,93,34,31,4
2022,03500405,13,13128,87,51,,120,25,17,4
2022,03500405,13,13129,77,31,,105,57,56,9
2022,03500405,13,13130,11,6,,11,12,6,2
2022,03500405,13,13131,11,7,,18,8,8,2
2022,03500405,13,13132,1,0,,1,1,1,1
2022,03500405,13,13201,32,24,,56,20,20,2
2022,03500405,13,13202,18,5,,23,16,16,3
2022,03500405,13,13203,14,5,,6,12,3,2
2022,03500405,13,13401,62,50,,86,52,33,8
2022,03500405,13,13402,49,25,,56,29,18,6
2022,03500405,13,13403,1,1,,,2,0,2
2022,03500405,13,13404,30,20,,45,14,10,2
2022,03500405,13,13501,2,1,,1,3,1,2
2022,03500405,13,13502,2,2,,4,4,4,2
2022,03500405,13,13503,9,2,,11,9,9,3
2022,03500405,13,13504,2,1,,,3,0,2
2022,03500405,13,13601,41,26,,60,15,10,2
2022,03500405,13,13602,7,6,,11,7,5,2
2022,03500405,13,13603,24,8,,29,18,16,4
2022,03500405,13,13604,12,7,,19,2,2,1
2022,03500405,13,13605,20,9,,24,7,4,2
2022,03500405,14,14101,84,82,,141,63,49,11
2022,03500405,14,14102,2,,,,1,0,1
2022,03500405,14,14204,2,2,,4,2,2,1
2022,03500405,15,15101,60,18,,78,52,52,10
2022,03500405,16,16101,65,34,,73,42,25,7
2022,03500405,16,16102,11,7,,2,13,1,2
2022,03500405,16,16103,12,9,,9,12,2,2
2022,03500405,16,16104,9,5,,5,7,2,1
2022,03500405,16,16106,10,7,,17,9,9,1
2022,03500405,16,16107,11,7,,16,10,8,2
2022,03500405,16,16108,5,4,,,8,0,3
2022,03500405,16,16109,8,12,,8,10,4,2
2022,03500405,16,16201,12,10,,16,10,5,1
2022,03500405,16,16203,14,9,,21,8,6,1
2022,03500405,16,16204,2,0,,2,1,1,1
2022,03500405,16,16206,2,1,,,2,0,1
2022,03500405,16,16207,3,2,,2,4,1,1
2022,03500405,16,16301,33,15,,26,25,8,4
2022,03500405,16,16302,27,19,,33,17,8,2
2022,03500405,16,16303,4,1,,,5,0,2
2022,03500405,16,16305,9,15,,10,14,4,2
2022,03500405,2,02101,113,60,,158,54,46,9
2022,03500405,2,02102,18,4,,19,7,6,1
2022,03500405,2,02201,2,0,,2,2,2,1
2022,03500405,3,03101,55,32,,83,39,35,8
2022,03500405,3,03102,1,0,,1,1,1,1
2022,03500405,3,03103,15,9,,18,10,5,2
2022,03500405,3,03201,2,7,,4,5,1,1
2022,03500405,3,03202,12,5,,7,12,3,2
2022,03500405,3,03301,37,7,,43,27,26,4
2022,03500405,3,03302,1,,,,1,0,1
2022,03500405,3,03303,5,1,,2,5,1,1
2022,03500405,3,03304,11,1,,,9,0,2
2022,03500405,4,04101,69,36,,98,33,26,7
2022,03500405,4,04102,137,66,,172,56,39,8
2022,03500405,4,04103,6,1,,2,5,1,1
2022,03500405,4,04201,1,1,,,2,0,2
2022,03500405,4,04204,1,1,,,2,0,2
2022,03500405,4,04301,2,3,,5,4,4,2
2022,03500405,4,04303,3,10,,12,4,3,1
2022,03500405,4,04304,1,1,,,2,0,1
2022,03500405,4,04305,1,1,,,2,0,2
2022,03500405,5,05101,54,34,,71,53,39,12
2022,03500405,5,05102,1,,,,1,0,1
2022,03500405,5,05103,17,10,,25,9,8,1
2022,03500405,5,05104,1,,,,1,0,1
2022,03500405,5,05105,6,0,,4,5,3,2
2022,03500405,5,05107,1,,,,1,0,1
2022,03500405,5,05109,53,23,,55,34,21,7
2022,03500405,5,05301,31,20,,46,18,13,3
2022,03500405,5,05302,10,2,,12,8,8,2
2022,03500405,5,05303,7,3,,9,6,5,1
2022,03500405,5,05304,0,1,,1,1,1,1
2022,03500405,5,05401,30,15,,38,24,17,9
2022,03500405,5,05402,1,3,,2,2,1,1
2022,03500405,5,05403,1,,,,1,0,1
2022,03500405,5,05404,6,11,,8,14,5,3
2022,03500405,5,05405,5,1,,1,5,1,2
2022,03500405,5,05501,30,16,,20,24,8,5
2022,03500405,5,05502,21,11,,29,16,13,4
2022,03500405,5,05503,20,9,,20,12,6,3
2022,03500405,5,05504,12,16,,23,10,5,1
2022,03500405,5,05506,5,4,,4,7,2,2
2022,03500405,5,05601,17,6,,16,12,6,4
2022,03500405,5,05603,5,1,,2,4,1,1
2022,03500405,5,05604,4,0,,1,3,1,2
2022,03500405,5,05701,10,7,,7,9,2,1
2022,03500405,5,05702,5,1,,6,5,5,1
2022,03500405,5,05703,22,18,,31,11,7,1
2022,03500405,5,05704,7,4,,10,7,6,1
2022,03500405,5,05705,5,5,,6,6,2,3
2022,03500405,5,05706,5,1,,2,5,1,3
2022,03500405,5,05801,101,60,,144,58,47,6
2022,03500405,5,05802,40,23,,61,17,15,2
2022,03500405,5,05803,4,3,,6,4,3,1
2022,03500405,5,05804,121,67,,168,44,35,4
2022,03500405,6,06101,122,57,,159,58,46,9
2022,03500405,6,06102,9,8,,16,9,8,2
2022,03500405,6,06105,8,4,,4,10,3,2
2022,03500405,6,06106,0,1,,1,1,1,1
2022,03500405,6,06108,2,,,,2,0,1
2022,03500405,6,06109,2,4,,4,5,3,2
2022,03500405,6,06110,5,6,,9,6,4,2
2022,03500405,6,06111,6,2,,2,6,1,2
2022,03500405,6,06112,1,,,,1,0,1
2022,03500405,6,06113,3,2,,2,4,2,3
2022,03500405,6,06115,22,10,,17,19,9,4
2022,03500405,6,06117,4,3,,3,6,2,3
2022,03500405,6,06202,1,,,,1,0,1
2022,03500405,6,06204,2,0,,2,1,1,1
2022,03500405,6,06301,40,18,,51,17,12,3
2022,03500405,6,06302,8,2,,9,6,5,1
2022,03500405,6,06303,1,0,,1,1,1,1
2022,03500405,6,06304,3,1,,1,4,1,1
2022,03500405,6,06307,1,,,,1,0,1
2022,03500405,6,06309,7,1,,4,7,3,1
2022,03500405,6,06310,7,2,,7,7,5,1
2022,03500405,7,07101,101,37,,111,68,51,10
2022,03500405,7,07102,16,11,,20,17,12,3
2022,03500405,7,07103,5,7,,9,7,5,1
2022,03500405,7,07105,20,11,,28,16,14,4
2022,03500405,7,07106,17,3,,20,14,14,3
2022,03500405,7,07107,2,2,,4,3,3,1
2022,03500405,7,07108,2,3,,5,4,4,1
2022,03500405,7,07109,19,9,,27,22,21,9
2022,03500405,7,07110,1,,,,1,0,1
2022,03500405,7,07201,14,14,,28,17,17,2
2022,03500405,7,07301,100,62,,151,38,28,8
2022,03500405,7,07302,4,1,,5,3,3,1
2022,03500405,7,07303,3,0,,3,3,3,1
2022,03500405,7,07304,34,17,,51,20,20,2
2022,03500405,7,07305,4,,,,4,0,2
2022,03500405,7,07306,9,5,,9,9,6,1
2022,03500405,7,07307,5,,,,4,0,1
2022,03500405,7,07308,13,3,,16,12,12,2
2022,03500405,7,07401,16,6,,22,15,15,4
2022,03500405,7,07402,11,0,,10,8,7,2
2022,03500405,7,07403,11,3,,7,9,3,2
2022,03500405,7,07404,12,12,,24,15,15,3
2022,03500405,7,07405,2,0,,2,1,1,1
2022,03500405,7,07406,21,8,,29,11,11,1
2022,03500405,7,07407,3,0,,3,2,2,1
2022,03500405,8,08101,10,6,,,12,0,3
2022,03500405,8,08102,34,11,,31,12,7,2
2022,03500405,8,08103,11,9,,20,11,11,2
2022,03500405,8,08105,4,1,,,5,0,3
2022,03500405,8,08106,20,5,,21,10,8,2
2022,03500405,8,08107,4,1,,4,2,1,1
2022,03500405,8,08108,11,3,,8,5,2,3
2022,03500405,8,08111,43,32,,55,35,16,7
2022,03500405,8,08112,10,5,,11,7,4,2
2022,03500405,8,08201,11,8,,14,9,5,1
2022,03500405,8,08202,47,20,,52,29,18,4
2022,03500405,8,08203,28,15,,34,10,6,1
2022,03500405,8,08204,2,2,,,3,0,1
2022,03500405,8,08205,33,20,,41,20,11,2
2022,03500405,8,08206,19,9,,13,19,5,4
2022,03500405,8,08301,43,30,,36,34,11,10
2022,03500405,8,08302,1,4,,3,3,1,1
2022,03500405,8,08305,3,2,,,4,0,2
2022,03500405,8,08306,8,5,,2,11,1,2
2022,03500405,8,08308,1,,,,1,0,1
2022,03500405,8,08309,1,,,,1,0,1
2022,03500405,8,08311,1,2,,2,2,1,2
2022,03500405,8,08312,7,1,,5,7,4,3
2022,03500405,8,08313,3,3,,2,5,1,1
2022,03500405,8,08314,2,,,,2,0,2
2022,03500405,9,09101,135,78,,207,86,81,11
2022,03500405,9,09105,4,2,,6,5,5,3
2022,03500405,9,09106,,1,,,1,0,1
2022,03500405,9,09107,1,,,,1,0,1
2022,03500405,9,09108,1,,,,1,0,1
2022,03500405,9,09109,4,1,,,4,0,2
2022,03500405,9,09111,3,,,,3,0,1
2022,03500405,9,09112,44,34,,59,33,18,4
2022,03500405,9,09115,3,2,,3,4,2,1
2022,03500405,9,09116,1,,,,1,0,1
2022,03500405,9,09117,1,,,,1,0,1
2022,03500405,9,09204,16,9,,23,10,8,3
2022,03500405,9,09206,4,3,,3,6,2,1
2022,03500405,9,09208,1,1,,2,1,1,1
2022,03500406,1,01101,50,33,,83,25,25,5
2022,03500406,1,01107,49,39,,86,36,34,5
2022,03500406,1,01401,0,2,,2,2,2,1
2022,03500406,1,01402,,1,,,1,0,1
2022,03500406,10,10101,4,4,,1,7,1,4
2022,03500406,10,10106,,1,,,1,0,1
2022,03500406,10,10107,6,1,,,6,0,2
2022,03500406,10,10109,13,15,,28,7,7,1
2022,03500406,10,10201,24,20,,44,22,22,5
2022,03500406,10,10202,1,0,,1,1,1,1
2022,03500406,10,10204,2,1,,2,2,1,1
2022,03500406,10,10205,1,0,,1,1,1,1
2022,03500406,10,10301,26,12,,37,20,19,2
2022,03500406,10,10303,2,3,,5,3,3,2
2022,03500406,10,10304,6,3,,8,5,4,1
2022,03500406,10,10306,4,3,,7,6,6,2
2022,03500406,10,10307,,1,,,1,0,1
2022,03500406,10,10401,2,,,,2,0,1
2022,03500406,10,10403,7,2,,,7,0,3
2022,03500406,11,11101,2,1,,,2,0,1
2022,03500406,11,11202,1,1,,,2,0,1
2022,03500406,11,11301,2,,,,2,0,1
2022,03500406,12,12101,21,7,,17,11,6,2
2022,03500406,12,12201,,1,,,1,0,1
2022,03500406,12,12401,1,,,,1,0,1
2022,03500406,13,13101,89,68,,147,24,16,5
2022,03500406,13,13103,27,21,,38,18,12,4
2022,03500406,13,13105,40,29,,69,25,25,4
2022,03500406,13,13106,33,15,,40,11,6,2
2022,03500406,13,13107,,1,,,1,0,1
2022,03500406,13,13108,33,10,,39,18,17,2
2022,03500406,13,13109,43,29,,66,21,18,3
2022,03500406,13,13110,5,5,,9,3,2,2
2022,03500406,13,13111,6,2,,4,5,2,2
2022,03500406,13,13112,21,10,,24,14,11,4
2022,03500406,13,13114,5,1,,2,5,2,1
2022,03500406,13,13115,4,0,,4,4,4,1
2022,03500406,13,13116,8,1,,4,7,4,3
2022,03500406,13,13117,74,73,,139,29,23,4
2022,03500406,13,13118,36,17,,46,20,16,3
2022,03500406,13,13119,40,26,,51,24,11,5
2022,03500406,13,13120,3,,,,3,0,1
2022,03500406,13,13121,51,29,,78,28,27,4
2022,03500406,13,13122,34,13,,36,15,9,3
2022,03500406,13,13123,3,5,,6,7,6,3
2022,03500406,13,13124,44,25,,56,23,14,5
2022,03500406,13,13125,18,8,,19,7,4,1
2022,03500406,13,13126,48,31,,70,20,15,5
2022,03500406,13,13128,29,29,,53,14,10,3
2022,03500406,13,13129,28,17,,44,31,30,8
2022,03500406,13,13130,14,11,,19,11,7,2
2022,03500406,13,13131,2,0,,1,2,1,2
2022,03500406,13,13201,3,4,,7,5,5,2
2022,03500406,13,13203,10,4,,6,8,3,2
2022,03500406,13,13401,25,29,,38,34,21,7
2022,03500406,13,13402,29,18,,28,24,14,7
2022,03500406,13,13404,34,22,,40,26,13,6
2022,03500406,13,13501,1,,,,1,0,1
2022,03500406,13,13502,1,2,,2,3,2,2
2022,03500406,13,13602,1,2,,3,1,1,1
2022,03500406,13,13605,8,5,,10,5,3,2
2022,03500406,14,14101,4,0,,2,3,2,2
2022,03500406,14,14102,2,,,,1,0,1
2022,03500406,15,15101,29,10,,39,29,29,7
2022,03500406,16,16101,12,2,,6,8,2,1
2022,03500406,16,16103,2,1,,3,1,1,1
2022,03500406,16,16104,8,4,,3,6,1,1
2022,03500406,16,16108,4,1,,,4,0,1
2022,03500406,2,02101,105,63,,153,57,48,7
2022,03500406,2,02102,7,1,,6,6,4,1
2022,03500406,3,03101,9,2,,5,9,4,3
2022,03500406,3,03301,2,0,,2,1,1,1
2022,03500406,4,04101,14,8,,21,11,10,4
2022,03500406,4,04102,34,17,,47,17,13,3
2022,03500406,4,04103,,1,,,1,0,1
2022,03500406,4,04301,2,1,,3,2,2,2
2022,03500406,4,04305,,1,,,1,0,1
2022,03500406,5,05101,27,12,,34,29,24,11
2022,03500406,5,05103,8,10,,13,7,5,1
2022,03500406,5,05104,1,,,,1,0,1
2022,03500406,5,05105,1,1,,2,1,1,1
2022,03500406,5,05109,36,20,,44,21,14,5
2022,03500406,5,05301,10,8,,17,6,5,2
2022,03500406,5,05303,6,2,,7,5,4,1
2022,03500406,5,05401,7,4,,9,9,7,4
2022,03500406,5,05402,1,1,,2,1,1,1
2022,03500406,5,05404,1,4,,3,4,2,1
2022,03500406,5,05405,3,1,,1,4,1,2
2022,03500406,5,05501,21,14,,13,20,5,5
2022,03500406,5,05502,13,4,,12,14,10,4
2022,03500406,5,05503,11,3,,11,7,5,3
2022,03500406,5,05504,12,16,,23,10,5,1
2022,03500406,5,05506,,1,,,1,0,1
2022,03500406,5,05601,14,5,,8,9,3,3
2022,03500406,5,05603,6,,,,4,0,1
2022,03500406,5,05604,1,3,,1,3,1,1
2022,03500406,5,05605,1,,,,1,0,1
2022,03500406,5,05701,14,6,,8,9,2,1
2022,03500406,5,05702,5,1,,6,5,5,1
2022,03500406,5,05705,1,,,,1,0,1
2022,03500406,5,05801,93,55,,130,57,45,6
2022,03500406,5,05802,37,23,,59,13,12,2
2022,03500406,5,05803,4,3,,6,4,3,1
2022,03500406,5,05804,47,16,,41,22,13,4
2022,03500406,6,06101,78,39,,99,47,36,9
2022,03500406,6,06102,11,6,,16,5,4,2
2022,03500406,6,06105,6,2,,4,7,3,2
2022,03500406,6,06107,,1,,,1,0,1
2022,03500406,6,06109,2,4,,4,5,3,2
2022,03500406,6,06110,5,6,,9,6,4,2
2022,03500406,6,06112,2,,,,2,0,1
2022,03500406,6,06115,15,5,,11,13,6,3
2022,03500406,6,06117,4,3,,1,6,1,4
2022,03500406,6,06204,2,0,,2,1,1,1
2022,03500406,6,06301,30,15,,45,10,10,1
2022,03500406,6,06302,6,0,,5,5,4,1
2022,03500406,6,06303,1,0,,1,1,1,1
2022,03500406,6,06304,2,,,,2,0,1
2022,03500406,6,06307,1,,,,1,0,1
2022,03500406,6,06309,6,1,,3,6,2,1
2022,03500406,6,06310,7,4,,8,5,3,1
2022,03500406,7,07101,46,18,,49,38,27,9
2022,03500406,7,07102,1,,,,1,0,1
2022,03500406,7,07103,5,7,,9,7,5,1
2022,03500406,7,07105,19,9,,24,16,13,4
2022,03500406,7,07106,3,0,,3,3,3,2
2022,03500406,7,07107,2,3,,5,3,3,1
2022,03500406,7,07109,15,18,,27,19,14,9
2022,03500406,7,07110,1,,,,1,0,1
2022,03500406,7,07301,22,14,,23,24,12,7
2022,03500406,7,07303,1,0,,1,1,1,1
2022,03500406,7,07304,1,0,,1,1,1,1
2022,03500406,7,07305,3,2,,3,3,1,2
2022,03500406,7,07306,,1,,,1,0,1
2022,03500406,7,07401,7,1,,8,5,5,3
2022,03500406,7,07402,1,,,,1,0,1
2022,03500406,7,07403,1,1,,,2,0,2
2022,03500406,7,07404,2,6,,8,4,4,2
2022,03500406,7,07406,2,0,,2,2,2,1
2022,03500406,7,07407,3,0,,3,2,2,1
2022,03500406,7,07408,,1,,,1,0,1
2022,03500406,8,08101,16,8,,2,18,1,5
2022,03500406,8,08102,28,8,,23,12,6,3
2022,03500406,8,08103,10,7,,17,9,9,2
2022,03500406,8,08105,3,1,,,4,0,3
2022,03500406,8,08106,16,7,,21,9,8,1
2022,03500406,8,08107,2,,,,1,0,1
2022,03500406,8,08108,3,2,,,3,0,2
2022,03500406,8,08111,3,5,,3,8,3,3
2022,03500406,8,08301,23,19,,20,21,7,8
2022,03500406,8,08302,3,7,,7,4,2,1
2022,03500406,8,08304,3,,,,2,0,1
2022,03500406,8,08305,,1,,,1,0,1
2022,03500406,8,08306,3,5,,2,7,1,1
2022,03500406,8,08307,,2,,,1,0,1
2022,03500406,8,08308,1,1,,,2,0,1
2022,03500406,8,08311,2,1,,2,2,1,2
2022,03500406,8,08312,5,3,,6,5,3,3
2022,03500406,8,08313,2,1,,2,2,1,1
2022,03500406,9,09101,2,2,,4,1,1,1
2022,03500406,9,09105,1,0,,1,1,1,1
2022,03500406,9,09106,,1,,,1,0,1
2022,03500406,9,09109,2,,,,2,0,1
2022,03500406,9,09111,1,,,,1,0,1
2022,03500406,9,09115,2,2,,1,4,1,1
2022,03500406,9,09116,6,0,,2,4,2,1
2022,03500406,9,09120,1,,,,1,0,1
2022,03500406,9,09204,16,8,,23,8,7,2
2022,03500406,9,09206,1,2,,3,2,2,1
2022,03500407,1,01101,12,10,,22,14,14,3
2022,03500407,1,01107,20,14,,32,23,21,4
2022,03500407,1,01401,,2,,,1,0,1
2022,03500407,10,10101,4,,,,4,0,2
2022,03500407,10,10106,,1,,,1,0,1
2022,03500407,10,10107,1,1,,,2,0,1
2022,03500407,10,10109,2,6,,8,6,6,1
2022,03500407,10,10201,13,1,,14,11,11,5
2022,03500407,10,10202,1,0,,1,1,1,1
2022,03500407,10,10205,1,0,,1,1,1,1
2022,03500407,10,10207,1,0,,1,1,1,1
2022,03500407,10,10301,18,11,,26,17,14,3
2022,03500407,10,10303,1,0,,1,1,1,1
2022,03500407,10,10401,6,1,,2,5,1,1
2022,03500407,10,10403,3,1,,,4,0,2
2022,03500407,11,11201,1,,,,1,0,1
2022,03500407,11,11202,1,1,,,2,0,1
2022,03500407,12,12101,7,4,,7,7,3,1
2022,03500407,12,12401,2,0,,2,1,1,1
2022,03500407,13,13101,32,18,,42,19,11,4
2022,03500407,13,13103,9,2,,5,9,3,3
2022,03500407,13,13105,28,11,,39,22,22,5
2022,03500407,13,13106,5,8,,10,5,2,2
2022,03500407,13,13107,4,1,,,5,0,1
2022,03500407,13,13108,18,5,,21,16,15,3
2022,03500407,13,13109,18,14,,30,17,15,2
2022,03500407,13,13110,3,1,,2,3,1,1
2022,03500407,13,13111,8,6,,10,8,4,3
2022,03500407,13,13112,11,0,,7,9,6,3
2022,03500407,13,13114,2,1,,1,3,1,2
2022,03500407,13,13115,3,0,,3,3,3,1
2022,03500407,13,13116,2,1,,1,3,1,2
2022,03500407,13,13117,16,8,,16,17,9,4
2022,03500407,13,13118,5,4,,5,9,5,3
2022,03500407,13,13119,24,12,,26,16,7,4
2022,03500407,13,13120,1,,,,1,0,1
2022,03500407,13,13121,22,9,,30,22,21,3
2022,03500407,13,13122,7,2,,4,6,2,3
2022,03500407,13,13123,2,3,,4,5,4,3
2022,03500407,13,13124,18,6,,14,12,5,2
2022,03500407,13,13125,7,0,,1,5,1,1
2022,03500407,13,13126,17,8,,19,13,10,5
2022,03500407,13,13128,14,2,,13,8,5,1
2022,03500407,13,13129,12,6,,17,16,15,6
2022,03500407,13,13130,10,7,,11,10,6,2
2022,03500407,13,13201,21,23,,41,10,8,2
2022,03500407,13,13203,2,,,,2,0,2
2022,03500407,13,13401,15,12,,17,23,13,7
2022,03500407,13,13402,15,11,,11,18,6,4
2022,03500407,13,13403,2,1,,,3,0,1
2022,03500407,13,13404,11,8,,13,11,6,3
2022,03500407,13,13501,1,,,,1,0,1
2022,03500407,13,13502,1,,,,1,0,1
2022,03500407,13,13603,,1,,,1,0,1
2022,03500407,13,13605,4,,,,2,0,1
2022,03500407,14,14101,3,1,,2,3,2,2
2022,03500407,14,14102,3,3,,6,1,1,1
2022,03500407,14,14106,,1,,,1,0,1
2022,03500407,15,15101,15,10,,25,21,21,9
2022,03500407,16,16101,9,,,,7,0,1
2022,03500407,16,16104,1,2,,,2,0,1
2022,03500407,16,16108,2,1,,,2,0,1
2022,03500407,2,02101,70,39,,95,51,40,8
2022,03500407,2,02102,6,2,,7,6,5,1
2022,03500407,3,03101,7,2,,6,8,5,3
2022,03500407,3,03301,2,0,,2,1,1,1
2022,03500407,4,04101,11,2,,12,11,10,3
2022,03500407,4,04102,26,9,,31,21,17,4
2022,03500407,4,04103,,1,,,1,0,1
2022,03500407,4,04301,7,1,,8,6,6,2
2022,03500407,4,04303,2,,,,1,0,1
2022,03500407,4,04304,,1,,,1,0,1
2022,03500407,5,05101,22,13,,34,28,27,10
2022,03500407,5,05103,1,0,,1,1,1,1
2022,03500407,5,05107,2,2,,2,3,1,1
2022,03500407,5,05109,31,16,,33,25,16,6
2022,03500407,5,05301,5,0,,5,2,2,1
2022,03500407,5,05303,0,1,,1,1,1,1
2022,03500407,5,05401,1,1,,2,2,2,2
2022,03500407,5,05501,16,3,,,12,0,5
2022,03500407,5,05502,6,3,,6,8,5,3
2022,03500407,5,05503,7,2,,9,5,5,1
2022,03500407,5,05504,10,14,,19,8,3,1
2022,03500407,5,05506,2,,,,2,0,1
2022,03500407,5,05601,9,0,,3,5,1,3
2022,03500407,5,05603,1,,,,1,0,1
2022,03500407,5,05604,4,1,,2,3,1,2
2022,03500407,5,05701,12,6,,10,8,3,1
2022,03500407,5,05702,1,1,,2,2,2,1
2022,03500407,5,05705,1,,,,1,0,1
2022,03500407,5,05801,41,25,,54,33,23,5
2022,03500407,5,05802,13,2,,14,9,8,2
2022,03500407,5,05803,4,4,,7,5,4,1
2022,03500407,5,05804,16,7,,14,14,7,3
2022,03500407,6,06101,31,16,,39,30,22,7
2022,03500407,6,06102,6,5,,11,7,7,2
2022,03500407,6,06103,1,1,,2,1,1,1
2022,03500407,6,06105,5,0,,3,4,2,2
2022,03500407,6,06107,0,1,,1,1,1,1
2022,03500407,6,06109,,1,,,1,0,1
2022,03500407,6,06110,1,2,,1,3,1,2
2022,03500407,6,06112,3,,,,2,0,1
2022,03500407,6,06113,2,0,,2,2,2,2
2022,03500407,6,06115,3,4,,,6,0,3
2022,03500407,6,06301,16,4,,19,9,8,3
2022,03500407,6,06302,3,0,,3,3,3,1
2022,03500407,6,06303,1,1,,1,2,1,1
2022,03500407,6,06307,1,,,,1,0,1
2022,03500407,6,06309,2,,,,2,0,1
2022,03500407,6,06310,4,4,,6,5,3,1
2022,03500407,7,07101,26,10,,23,29,18,7
2022,03500407,7,07102,1,,,,1,0,1
2022,03500407,7,07105,7,4,,10,8,7,2
2022,03500407,7,07106,1,0,,1,1,1,1
2022,03500407,7,07109,1,1,,2,2,2,2
2022,03500407,7,07301,11,6,,7,14,5,6
2022,03500407,7,07303,1,0,,1,1,1,1
2022,03500407,7,07305,5,1,,2,3,1,1
2022,03500407,7,07401,4,1,,5,4,4,2
2022,03500407,7,07402,1,,,,1,0,1
2022,03500407,7,07403,,1,,,1,0,1
2022,03500407,7,07404,1,0,,1,1,1,1
2022,03500407,7,07406,1,0,,1,1,1,1
2022,03500407,7,07407,1,0,,1,1,1,1
2022,03500407,8,08101,9,3,,3,8,2,3
2022,03500407,8,08102,4,4,,,7,0,3
2022,03500407,8,08103,5,3,,8,6,6,2
2022,03500407,8,08105,,1,,,1,0,1
2022,03500407,8,08106,9,0,,8,5,4,1
2022,03500407,8,08109,,1,,,1,0,1
2022,03500407,8,08111,2,2,,1,4,1,3
2022,03500407,8,08301,2,6,,,8,0,6
2022,03500407,8,08302,1,4,,3,3,1,1
2022,03500407,8,08304,1,,,,1,0,1
2022,03500407,8,08305,,1,,,1,0,1
2022,03500407,8,08306,1,,,,1,0,1
2022,03500407,8,08308,1,,,,1,0,1
2022,03500407,8,08311,3,2,,4,3,2,2
2022,03500407,8,08312,2,1,,2,3,2,2
2022,03500407,9,09105,1,0,,1,1,1,1
2022,03500407,9,09111,1,,,,1,0,1
2022,03500407,9,09114,,1,,,1,0,1
2022,03500407,9,09115,,2,,,2,0,1
2022,03500407,9,09117,1,,,,1,0,1
2022,03500407,9,09120,2,,,,2,0,2
2022,03500407,9,09204,1,1,,2,2,2,1
2022,03500407,9,09206,1,0,,1,1,1,1
2022,05990022,1,01101,7,7,0,7,6,6,3
2022,05990022,1,01107,36,32,4,36,25,25,6
2022,05990022,1,01401,4,3,1,4,4,4,2
2022,05990022,10,10101,104,76,28,104,60,60,14
2022,05990022,10,10102,1,1,0,1,1,1,1
2022,05990022,10,10105,2,2,0,2,2,2,1
2022,05990022,10,10106,4,1,3,4,3,3,1
2022,05990022,10,10107,4,3,1,4,3,3,1
2022,05990022,10,10109,4,1,3,4,4,4,3
2022,05990022,10,10201,7,5,2,7,5,5,2
2022,05990022,10,10202,14,13,1,14,9,9,2
2022,05990022,10,10203,1,1,0,1,1,1,1
2022,05990022,10,10205,2,2,0,2,2,2,1
2022,05990022,10,10207,2,2,0,2,2,2,2
2022,05990022,10,10208,9,6,3,9,3,3,2
2022,05990022,10,10301,65,53,12,65,44,44,8
2022,05990022,10,10302,1,0,1,1,1,1,1
2022,05990022,10,10304,2,2,0,2,1,1,1
2022,05990022,10,10306,1,1,0,1,1,1,1
2022,05990022,10,10307,2,2,0,2,1,1,1
2022,05990022,10,10401,6,6,0,6,4,4,1
2022,05990022,10,10402,4,2,2,4,2,2,1
2022,05990022,10,10403,5,5,0,5,4,4,1
2022,05990022,10,10404,2,2,0,2,2,2,1
2022,05990022,11,11101,42,34,8,42,18,18,3
2022,05990022,11,11201,36,27,9,36,15,15,3
2022,05990022,11,11202,2,2,0,2,2,2,1
2022,05990022,12,12101,10,8,2,10,9,9,3
2022,05990022,12,12401,1,1,0,1,1,1,1
2022,05990022,13,13101,63,50,13,63,24,24,8
2022,05990022,13,13102,21,16,5,21,12,12,3
2022,05990022,13,13103,14,13,1,14,8,8,3
2022,05990022,13,13104,11,11,0,11,5,5,2
2022,05990022,13,13105,53,37,16,53,30,30,7
2022,05990022,13,13106,11,1,10,11,6,6,2
2022,05990022,13,13107,6,4,2,6,6,6,3
2022,05990022,13,13108,13,8,5,13,6,6,3
2022,05990022,13,13109,58,44,14,58,16,16,3
2022,05990022,13,13110,57,39,18,57,37,37,11
2022,05990022,13,13111,37,30,7,37,24,24,5
2022,05990022,13,13112,13,12,1,13,10,10,3
2022,05990022,13,13114,3,1,2,3,3,3,2
2022,05990022,13,13115,3,2,1,3,3,3,1
2022,05990022,13,13116,15,15,0,15,11,11,5
2022,05990022,13,13117,14,14,0,14,10,10,3
2022,05990022,13,13118,13,9,4,13,9,9,3
2022,05990022,13,13119,21,18,3,21,14,14,3
2022,05990022,13,13120,18,11,7,18,8,8,3
2022,05990022,13,13121,49,37,12,49,33,33,6
2022,05990022,13,13122,4,4,0,4,4,4,3
2022,05990022,13,13123,13,12,1,13,10,10,4
2022,05990022,13,13124,35,28,7,35,16,16,3
2022,05990022,13,13125,22,14,8,22,15,15,3
2022,05990022,13,13126,23,14,9,23,15,15,4
2022,05990022,13,13127,11,8,3,11,7,7,2
2022,05990022,13,13128,17,14,3,17,9,9,3
2022,05990022,13,13129,50,35,15,50,23,23,7
2022,05990022,13,13130,5,4,1,5,5,5,2
2022,05990022,13,13131,16,12,4,16,11,11,4
2022,05990022,13,13201,23,18,5,23,11,11,1
2022,05990022,13,13202,1,1,0,1,1,1,1
2022,05990022,13,13203,1,0,1,1,1,1,1
2022,05990022,13,13301,20,18,2,20,13,13,3
2022,05990022,13,13302,5,3,2,5,5,5,3
2022,05990022,13,13303,1,1,0,1,1,1,1
2022,05990022,13,13401,35,22,13,35,21,21,8
2022,05990022,13,13402,27,19,8,27,17,17,4
2022,05990022,13,13404,4,2,2,4,4,4,3
2022,05990022,13,13501,4,4,0,4,4,4,3
2022,05990022,13,13502,5,5,0,5,5,5,2
2022,05990022,13,13503,2,2,0,2,2,2,2
2022,05990022,13,13504,7,7,0,7,6,6,3
2022,05990022,13,13505,5,3,2,5,4,4,1
2022,05990022,13,13601,20,15,5,20,10,10,2
2022,05990022,13,13602,6,4,2,6,5,5,1
2022,05990022,13,13603,2,2,0,2,2,2,1
2022,05990022,13,13604,4,2,2,4,4,4,1
2022,05990022,13,13605,4,3,1,4,4,4,2
2022,05990022,14,14101,33,28,5,33,24,24,10
2022,05990022,14,14102,2,0,2,2,1,1,1
2022,05990022,14,14103,3,3,0,3,3,3,2
2022,05990022,14,14104,4,4,0,4,4,4,1
2022,05990022,14,14106,101,86,15,101,8,8,2
2022,05990022,14,14108,5,4,1,5,3,3,2
2022,05990022,14,14201,6,5,1,6,5,5,1
2022,05990022,14,14202,3,3,0,3,3,3,2
2022,05990022,14,14204,16,10,6,16,11,11,2
2022,05990022,15,15101,129,99,30,129,57,57,11
2022,05990022,16,16101,243,172,71,243,78,78,10
2022,05990022,16,16102,7,6,1,7,5,5,1
2022,05990022,16,16103,9,8,1,9,7,7,2
2022,05990022,16,16104,8,5,3,8,4,4,1
2022,05990022,16,16106,4,4,0,4,2,2,1
2022,05990022,16,16107,25,17,8,25,11,11,2
2022,05990022,16,16108,3,2,1,3,3,3,2
2022,05990022,16,16109,8,6,2,8,5,5,2
2022,05990022,16,16201,19,13,6,19,7,7,1
2022,05990022,16,16202,1,1,0,1,1,1,1
2022,05990022,16,16203,8,7,1,8,7,7,1
2022,05990022,16,16204,1,0,1,1,1,1,1
2022,05990022,16,16301,74,53,21,74,27,27,5
2022,05990022,16,16302,27,17,10,27,16,16,2
2022,05990022,16,16303,1,1,0,1,1,1,1
2022,05990022,16,16304,1,1,0,1,1,1,1
2022,05990022,16,16305,12,10,2,12,8,8,2
2022,05990022,2,02101,118,85,33,118,50,50,8
2022,05990022,2,02102,7,6,1,7,5,5,1
2022,05990022,2,02104,7,4,3,7,3,3,1
2022,05990022,2,02201,41,33,8,41,28,28,7
2022,05990022,3,03101,267,202,65,267,32,32,6
2022,05990022,3,03201,2,2,0,2,2,2,1
2022,05990022,3,03202,1,1,0,1,1,1,1
2022,05990022,3,03301,36,19,17,36,11,11,2
2022,05990022,3,03302,1,1,0,1,1,1,1
2022,05990022,4,04101,104,79,25,104,57,57,11
2022,05990022,4,04102,82,56,26,82,51,51,11
2022,05990022,4,04103,20,14,6,20,6,6,1
2022,05990022,4,04105,1,1,0,1,1,1,1
2022,05990022,4,04106,4,4,0,4,4,4,2
2022,05990022,4,04201,13,10,3,13,9,9,3
2022,05990022,4,04202,4,4,0,4,4,4,2
2022,05990022,4,04203,32,27,5,32,10,10,1
2022,05990022,4,04301,33,30,3,33,21,21,5
2022,05990022,4,04302,1,1,0,1,1,1,1
2022,05990022,4,04303,6,6,0,6,6,6,3
2022,05990022,4,04304,2,0,2,2,2,2,1
2022,05990022,5,05101,92,71,21,92,60,60,16
2022,05990022,5,05102,2,2,0,2,2,2,2
2022,05990022,5,05103,17,16,1,17,9,9,1
2022,05990022,5,05105,1,1,0,1,1,1,1
2022,05990022,5,05107,5,4,1,5,5,5,2
2022,05990022,5,05109,20,16,4,20,15,15,6
2022,05990022,5,05201,7,5,2,7,5,5,1
2022,05990022,5,05301,35,25,10,35,14,14,4
2022,05990022,5,05304,2,2,0,2,2,2,1
2022,05990022,5,05401,17,10,7,17,10,10,3
2022,05990022,5,05403,10,6,4,10,5,5,1
2022,05990022,5,05501,109,70,39,109,47,47,7
2022,05990022,5,05502,4,3,1,4,3,3,1
2022,05990022,5,05503,16,13,3,16,9,9,2
2022,05990022,5,05504,14,7,7,14,7,7,1
2022,05990022,5,05506,4,4,0,4,4,4,3
2022,05990022,5,05601,62,44,18,62,24,24,7
2022,05990022,5,05603,5,5,0,5,3,3,1
2022,05990022,5,05604,2,1,1,2,2,2,1
2022,05990022,5,05605,2,2,0,2,2,2,1
2022,05990022,5,05606,3,1,2,3,3,3,2
2022,05990022,5,05701,40,26,14,40,21,21,4
2022,05990022,5,05702,16,12,4,16,7,7,2
2022,05990022,5,05703,6,5,1,6,6,6,2
2022,05990022,5,05704,2,2,0,2,2,2,1
2022,05990022,5,05706,10,9,1,10,8,8,2
2022,05990022,5,05801,56,42,14,56,30,30,5
2022,05990022,5,05802,5,4,1,5,5,5,2
2022,05990022,5,05803,1,0,1,1,1,1,1
2022,05990022,5,05804,13,10,3,13,9,9,3
2022,05990022,6,06101,56,46,10,56,35,35,9
2022,05990022,6,06105,3,3,0,3,3,3,1
2022,05990022,6,06106,13,7,6,13,6,6,2
2022,05990022,6,06107,3,2,1,3,3,3,3
2022,05990022,6,06108,2,1,1,2,2,2,1
2022,05990022,6,06110,2,2,0,2,2,2,1
2022,05990022,6,06111,1,1,0,1,1,1,1
2022,05990022,6,06112,2,2,0,2,2,2,2
2022,05990022,6,06113,1,1,0,1,1,1,1
2022,05990022,6,06114,1,1,0,1,1,1,1
2022,05990022,6,06115,11,10,1,11,9,9,4
2022,05990022,6,06116,2,1,1,2,1,1,1
2022,05990022,6,06117,4,3,1,4,4,4,2
2022,05990022,6,06204,1,1,0,1,1,1,1
2022,05990022,6,06301,9,8,1,9,7,7,3
2022,05990022,6,06302,1,1,0,1,1,1,1
2022,05990022,6,06303,3,3,0,3,3,3,2
2022,05990022,6,06308,1,0,1,1,1,1,1
2022,05990022,6,06310,7,4,3,7,4,4,2
2022,05990022,7,07101,103,71,32,103,29,29,8
2022,05990022,7,07105,11,11,0,11,9,9,2
2022,05990022,7,07108,3,3,0,3,3,3,1
2022,05990022,7,07109,17,15,2,17,8,8,1
2022,05990022,7,07201,4,4,0,4,3,3,2
2022,05990022,7,07202,1,1,0,1,1,1,1
2022,05990022,7,07301,27,19,8,27,19,19,5
2022,05990022,7,07305,3,3,0,3,2,2,2
2022,05990022,7,07401,19,17,2,19,16,16,4
2022,05990022,7,07402,15,14,1,15,5,5,3
2022,05990022,7,07404,3,3,0,3,2,2,1
2022,05990022,7,07406,2,1,1,2,2,2,2
2022,05990022,7,07408,1,1,0,1,1,1,1
2022,05990022,8,08101,124,76,48,124,43,43,9
2022,05990022,8,08102,30,22,8,30,15,15,5
2022,05990022,8,08103,18,8,10,18,12,12,3
2022,05990022,8,08104,5,3,2,5,4,4,3
2022,05990022,8,08105,7,4,3,7,6,6,2
2022,05990022,8,08106,94,72,22,94,26,26,5
2022,05990022,8,08107,57,43,14,57,26,26,4
2022,05990022,8,08108,43,23,20,43,21,21,6
2022,05990022,8,08109,7,6,1,7,5,5,2
2022,05990022,8,08110,67,46,21,67,31,31,7
2022,05990022,8,08111,43,29,14,43,14,14,5
2022,05990022,8,08112,39,33,6,39,18,18,4
2022,05990022,8,08201,38,29,9,38,14,14,5
2022,05990022,8,08202,24,20,4,24,10,10,5
2022,05990022,8,08203,15,12,3,15,9,9,3
2022,05990022,8,08204,3,2,1,3,3,3,1
2022,05990022,8,08205,1,1,0,1,1,1,1
2022,05990022,8,08206,3,3,0,3,3,3,1
2022,05990022,8,08301,53,45,8,53,36,36,8
2022,05990022,8,08303,1,1,0,1,1,1,1
2022,05990022,8,08305,1,0,1,1,1,1,1
2022,05990022,8,08306,8,6,2,8,3,3,2
2022,05990022,8,08309,1,1,0,1,1,1,1
2022,05990022,8,08312,1,1,0,1,1,1,1
2022,05990022,8,08313,3,3,0,3,2,2,2
2022,05990022,9,09101,27,19,8,27,17,17,9
2022,05990022,9,09103,4,4,0,4,4,4,2
2022,05990022,9,09107,1,0,1,1,1,1,1
2022,05990022,9,09108,50,40,10,50,16,16,2
2022,05990022,9,09109,3,2,1,3,3,3,2
2022,05990022,9,09111,16,13,3,16,11,11,2
2022,05990022,9,09112,14,9,5,14,9,9,4
2022,05990022,9,09114,12,10,2,12,8,8,4
2022,05990022,9,09115,7,5,2,7,6,6,2
2022,05990022,9,09116,2,1,1,2,2,2,1
2022,05990022,9,09118,5,2,3,5,4,4,2
2022,05990022,9,09119,1,0,1,1,1,1,1
2022,05990022,9,09120,3,3,0,3,3,3,2
2022,05990022,9,09201,86,67,19,86,19,19,3
2022,05990022,9,09202,1,1,0,1,1,1,1
2022,05990022,9,09203,8,3,5,8,4,4,2
2022,05990022,9,09206,3,3,0,3,2,2,1
2022,05990022,9,09208,1,1,0,1,1,1,1
2022,05990022,9,09210,10,8,2,10,10,10,3
2022,05990022,9,09211,10,9,1,10,8,8,2
2022,05990023,1,01101,3,3,0,3,3,3,3
2022,05990023,1,01107,18,14,4,18,15,15,5
2022,05990023,1,01404,3,3,0,3,2,2,1
2022,05990023,10,10101,21,15,6,21,21,21,11
2022,05990023,10,10102,1,1,0,1,1,1,1
2022,05990023,10,10105,1,1,0,1,1,1,1
2022,05990023,10,10109,1,1,0,1,1,1,1
2022,05990023,10,10201,3,2,1,3,3,3,2
2022,05990023,10,10202,2,1,1,2,2,2,2
2022,05990023,10,10205,1,1,0,1,1,1,1
2022,05990023,10,10301,12,11,1,12,11,11,8
2022,05990023,10,10305,2,2,0,2,2,2,1
2022,05990023,10,10402,1,0,1,1,1,1,1
2022,05990023,10,10404,1,0,1,1,1,1,1
2022,05990023,11,11101,4,4,0,4,4,4,3
2022,05990023,11,11201,2,2,0,2,1,1,1
2022,05990023,11,11202,2,1,1,2,2,2,2
2022,05990023,11,11402,1,1,0,1,1,1,1
2022,05990023,12,12101,8,6,2,8,8,8,4
2022,05990023,12,12401,1,0,1,1,1,1,1
2022,05990023,13,13101,6,1,5,6,5,5,2
2022,05990023,13,13102,6,6,0,6,5,5,2
2022,05990023,13,13103,8,8,0,8,7,7,3
2022,05990023,13,13104,10,10,0,10,6,6,2
2022,05990023,13,13105,5,5,0,5,5,5,2
2022,05990023,13,13106,7,5,2,7,7,7,3
2022,05990023,13,13107,12,9,3,12,8,8,2
2022,05990023,13,13108,3,2,1,3,3,3,1
2022,05990023,13,13109,11,7,4,11,7,7,2
2022,05990023,13,13110,30,27,3,30,26,26,9
2022,05990023,13,13111,6,2,4,6,3,3,2
2022,05990023,13,13112,2,2,0,2,2,2,1
2022,05990023,13,13113,1,1,0,1,1,1,1
2022,05990023,13,13114,8,5,3,8,6,6,3
2022,05990023,13,13115,3,2,1,3,3,3,1
2022,05990023,13,13116,2,1,1,2,2,2,2
2022,05990023,13,13117,8,5,3,8,6,6,3
2022,05990023,13,13118,9,7,2,9,5,5,2
2022,05990023,13,13119,12,9,3,12,11,11,4
2022,05990023,13,13120,2,2,0,2,2,2,2
2022,05990023,13,13121,5,5,0,5,4,4,2
2022,05990023,13,13122,3,3,0,3,3,3,3
2022,05990023,13,13123,40,31,9,40,12,12,2
2022,05990023,13,13124,17,14,3,17,14,14,3
2022,05990023,13,13125,15,11,4,15,9,9,2
2022,05990023,13,13126,3,2,1,3,3,3,2
2022,05990023,13,13127,3,2,1,3,3,3,3
2022,05990023,13,13128,1,1,0,1,1,1,1
2022,05990023,13,13130,1,1,0,1,1,1,1
2022,05990023,13,13131,4,3,1,4,2,2,1
2022,05990023,13,13201,36,28,8,36,10,10,1
2022,05990023,13,13203,3,3,0,3,2,2,2
2022,05990023,13,13301,14,11,3,14,12,12,4
2022,05990023,13,13302,15,9,6,15,11,11,3
2022,05990023,13,13303,4,4,0,4,4,4,1
2022,05990023,13,13401,25,20,5,25,20,20,9
2022,05990023,13,13402,9,7,2,9,8,8,4
2022,05990023,13,13404,2,2,0,2,2,2,1
2022,05990023,13,13501,2,2,0,2,2,2,1
2022,05990023,13,13504,2,2,0,2,2,2,2
2022,05990023,13,13505,2,2,0,2,2,2,1
2022,05990023,13,13601,2,2,0,2,2,2,2
2022,05990023,13,13602,2,1,1,2,2,2,1
2022,05990023,13,13604,1,1,0,1,1,1,1
2022,05990023,13,13605,3,2,1,3,3,3,2
2022,05990023,14,14101,5,2,3,5,5,5,4
2022,05990023,14,14106,2,2,0,2,2,2,1
2022,05990023,14,14107,1,1,0,1,1,1,1
2022,05990023,14,14201,2,1,1,2,2,2,1
2022,05990023,14,14202,3,2,1,3,3,3,2
2022,05990023,15,15101,16,12,4,16,13,13,7
2022,05990023,16,16101,26,20,6,26,17,17,5
2022,05990023,16,16103,1,1,0,1,1,1,1
2022,05990023,16,16107,8,4,4,8,4,4,1
2022,05990023,16,16109,1,1,0,1,1,1,1
2022,05990023,16,16201,2,1,1,2,2,2,1
2022,05990023,16,16203,2,2,0,2,2,2,1
2022,05990023,16,16301,3,3,0,3,2,2,2
2022,05990023,16,16302,2,2,0,2,2,2,1
2022,05990023,2,02101,53,38,15,53,27,27,8
2022,05990023,2,02104,9,7,2,9,5,5,1
2022,05990023,2,02201,8,4,4,8,6,6,4
2022,05990023,2,02301,2,2,0,2,2,2,1
2022,05990023,3,03101,11,5,6,11,8,8,4
2022,05990023,3,03201,1,1,0,1,1,1,1
2022,05990023,3,03301,5,2,3,5,4,4,3
2022,05990023,3,03303,2,2,0,2,2,2,1
2022,05990023,4,04101,18,14,4,18,15,15,7
2022,05990023,4,04102,17,12,5,17,18,18,7
2022,05990023,4,04103,1,1,0,1,1,1,1
2022,05990023,4,04202,5,5,0,5,5,5,2
2022,05990023,4,04204,1,0,1,1,1,1,1
2022,05990023,4,04301,3,1,2,3,3,3,3
2022,05990023,4,04302,1,0,1,1,1,1,1
2022,05990023,4,04303,1,1,0,1,1,1,1
2022,05990023,4,04304,1,1,0,1,1,1,1
2022,05990023,5,05101,4,4,0,4,4,4,3
2022,05990023,5,05107,4,4,0,4,3,3,2
2022,05990023,5,05109,2,2,0,2,2,2,2
2022,05990023,5,05201,1,1,0,1,1,1,1
2022,05990023,5,05301,4,2,2,4,4,4,2
2022,05990023,5,05401,1,1,0,1,1,1,1
2022,05990023,5,05404,1,1,0,1,1,1,1
2022,05990023,5,05504,1,1,0,1,1,1,1
2022,05990023,5,05506,1,1,0,1,1,1,1
2022,05990023,5,05601,4,3,1,4,3,3,2
2022,05990023,5,05602,1,1,0,1,1,1,1
2022,05990023,5,05701,7,4,3,7,6,6,3
2022,05990023,5,05702,4,3,1,4,2,2,1
2022,05990023,5,05703,3,1,2,3,3,3,2
2022,05990023,5,05801,2,2,0,2,2,2,2
2022,05990023,5,05802,2,2,0,2,2,2,1
2022,05990023,5,05804,1,1,0,1,1,1,1
2022,05990023,6,06101,20,17,3,20,18,18,7
2022,05990023,6,06105,2,1,1,2,2,2,2
2022,05990023,6,06107,9,9,0,9,9,9,2
2022,05990023,6,06108,1,1,0,1,1,1,1
2022,05990023,6,06115,3,0,3,3,3,3,2
2022,05990023,6,06117,4,2,2,4,3,3,1
2022,05990023,6,06301,6,4,2,6,5,5,4
2022,05990023,6,06302,9,3,6,9,5,5,1
2022,05990023,6,06303,10,8,2,10,6,6,1
2022,05990023,6,06310,6,6,0,6,5,5,3
2022,05990023,7,07101,8,7,1,8,7,7,3
2022,05990023,7,07105,3,3,0,3,3,3,1
2022,05990023,7,07108,1,1,0,1,1,1,1
2022,05990023,7,07301,25,22,3,25,17,17,6
2022,05990023,7,07306,1,0,1,1,1,1,1
2022,05990023,7,07401,6,5,1,6,5,5,3
2022,05990023,7,07402,1,0,1,1,1,1,1
2022,05990023,7,07406,1,1,0,1,1,1,1
2022,05990023,8,08101,44,36,8,44,24,24,5
2022,05990023,8,08102,17,13,4,17,11,11,3
2022,05990023,8,08103,3,3,0,3,3,3,1
2022,05990023,8,08105,1,0,1,1,1,1,1
2022,05990023,8,08106,1,1,0,1,1,1,1
2022,05990023,8,08107,15,14,1,15,10,10,2
2022,05990023,8,08108,10,9,1,10,8,8,4
2022,05990023,8,08110,63,43,20,63,31,31,7
2022,05990023,8,08111,8,6,2,8,6,6,3
2022,05990023,8,08112,69,49,20,69,31,31,9
2022,05990023,8,08201,12,5,7,12,5,5,2
2022,05990023,8,08202,13,5,8,13,6,6,3
2022,05990023,8,08203,4,3,1,4,4,4,2
2022,05990023,8,08205,4,2,2,4,4,4,1
2022,05990023,8,08206,6,6,0,6,6,6,3
2022,05990023,8,08301,33,23,10,33,25,25,8
2022,05990023,8,08306,2,1,1,2,2,2,2
2022,05990023,8,08309,1,1,0,1,1,1,1
2022,05990023,8,08310,1,1,0,1,1,1,1
2022,05990023,8,08314,1,0,1,1,1,1,1
2022,05990023,9,09101,23,21,2,23,19,19,9
2022,05990023,9,09102,2,2,0,2,2,2,2
2022,05990023,9,09103,2,0,2,2,2,2,1
2022,05990023,9,09105,1,0,1,1,1,1,1
2022,05990023,9,09106,1,0,1,1,1,1,1
2022,05990023,9,09108,3,2,1,3,3,3,2
2022,05990023,9,09109,1,1,0,1,1,1,1
2022,05990023,9,09111,6,4,2,6,5,5,3
2022,05990023,9,09112,2,2,0,2,2,2,2
2022,05990023,9,09114,6,5,1,6,5,5,3
2022,05990023,9,09115,6,2,4,6,5,5,1
2022,05990023,9,09118,1,1,0,1,1,1,1
2022,05990023,9,09119,3,2,1,3,3,3,1
2022,05990023,9,09120,1,0,1,1,1,1,1
2022,05990023,9,09201,3,2,1,3,3,3,2
2022,05990023,9,09202,5,2,3,5,4,4,2
2022,05990023,9,09204,1,0,1,1,1,1,1
2022,05990023,9,09208,3,2,1,3,3,3,1
2022,05990023,9,09210,2,1,1,2,2,2,2
2022,05990023,9,09211,2,1,1,2,2,2,1
2022,05990024,1,01401,8,5,3,8,2,2,1
2022,05990024,10,10301,2,1,1,2,1,1,1
2022,05990024,10,10402,1,0,1,1,1,1,1
2022,05990024,12,12101,2,0,2,2,1,1,1
2022,05990024,13,13101,1,0,1,1,1,1,1
2022,05990024,13,13111,2,0,2,2,1,1,1
2022,05990024,13,13116,1,0,1,1,1,1,1
2022,05990024,13,13119,12,5,7,12,1,1,1
2022,05990024,13,13121,1,1,0,1,1,1,1
2022,05990024,13,13602,12,2,10,12,1,1,1
2022,05990024,16,16203,1,0,1,1,1,1,1
2022,05990024,5,05109,3,2,1,3,1,1,1
2022,05990024,5,05504,1,0,1,1,1,1,1
2022,05990024,7,07401,14,2,12,14,1,1,1
2022,05990024,7,07403,1,0,1,1,1,1,1
2022,05990024,8,08106,2,0,2,2,1,1,1
2022,05990024,8,08110,5,5,0,5,3,3,1
2022,05990024,8,08202,1,1,0,1,1,1,1
2022,05990024,8,08205,1,1,0,1,1,1,1
2022,05990024,8,08301,4,3,1,4,3,3,2
2022,05990024,9,09116,1,1,0,1,1,1,1
2022,05990025,10,10301,1,0,1,1,1,1,1
2022,05990025,13,13107,1,0,1,1,1,1,1
2022,05990025,13,13108,1,1,0,1,1,1,1
2022,05990025,13,13111,3,2,1,3,3,3,2
2022,05990025,13,13117,2,1,1,2,1,1,1
2022,05990025,13,13121,1,1,0,1,1,1,1
2022,05990025,13,13401,1,0,1,1,1,1,1
2022,05990025,13,13501,1,1,0,1,1,1,1
2022,05990025,16,16101,1,1,0,1,1,1,1
2022,05990025,2,02101,1,0,1,1,1,1,1
2022,05990025,3,03301,2,0,2,2,2,2,1
2022,05990025,4,04101,1,1,0,1,1,1,1
2022,05990025,4,04301,1,0,1,1,1,1,1
2022,05990025,5,05101,3,1,2,3,2,2,2
2022,05990025,7,07101,1,0,1,1,1,1,1
2022,05990025,7,07403,4,1,3,4,2,2,1
2022,05990025,7,07405,3,0,3,3,2,2,1
2022,05990025,8,08102,7,2,5,7,2,2,2
2022,05990025,8,08301,1,1,0,1,1,1,1
2022,05990025,8,08309,1,0,1,1,1,1,1
2022,05990025,9,09101,4,0,4,4,1,1,1
2022,05990026,1,01101,11,10,1,11,9,9,3
2022,05990026,1,01107,8,4,4,8,5,5,2
2022,05990026,1,01404,2,1,1,2,1,1,1
2022,05990026,10,10101,42,34,8,42,26,26,9
2022,05990026,10,10106,1,0,1,1,1,1,1
2022,05990026,10,10107,1,1,0,1,1,1,1
2022,05990026,10,10108,1,1,0,1,1,1,1
2022,05990026,10,10109,4,4,0,4,4,4,1
2022,05990026,10,10201,5,2,3,5,4,4,2
2022,05990026,10,10202,1,1,0,1,1,1,1
2022,05990026,10,10205,1,0,1,1,1,1,1
2022,05990026,10,10208,3,2,1,3,2,2,1
2022,05990026,10,10301,19,13,6,19,15,15,7
2022,05990026,11,11101,16,13,3,16,6,6,2
2022,05990026,11,11201,18,11,7,18,5,5,1
2022,05990026,11,11202,4,1,3,4,4,4,2
2022,05990026,11,11301,1,1,0,1,1,1,1
2022,05990026,11,11401,2,2,0,2,1,1,1
2022,05990026,12,12101,12,10,2,12,8,8,3
2022,05990026,13,13101,30,15,15,30,20,20,6
2022,05990026,13,13103,17,12,5,17,11,11,4
2022,05990026,13,13104,10,9,1,10,7,7,3
2022,05990026,13,13105,26,18,8,26,20,20,6
2022,05990026,13,13106,10,4,6,10,9,9,4
2022,05990026,13,13107,5,3,2,5,4,4,2
2022,05990026,13,13108,13,10,3,13,8,8,1
2022,05990026,13,13109,8,5,3,8,5,5,1
2022,05990026,13,13110,55,31,24,55,32,32,9
2022,05990026,13,13111,22,20,2,22,11,11,4
2022,05990026,13,13112,13,12,1,13,5,5,1
2022,05990026,13,13113,5,3,2,5,5,5,2
2022,05990026,13,13114,7,2,5,7,4,4,2
2022,05990026,13,13115,43,26,17,43,11,11,2
2022,05990026,13,13116,3,2,1,3,3,3,3
2022,05990026,13,13117,19,13,6,19,11,11,4
2022,05990026,13,13118,35,21,14,35,18,18,4
2022,05990026,13,13119,40,25,15,40,18,18,4
2022,05990026,13,13120,7,2,5,7,4,4,1
2022,05990026,13,13121,10,8,2,10,8,8,4
2022,05990026,13,13122,67,44,23,67,21,21,7
2022,05990026,13,13123,37,28,9,37,20,20,5
2022,05990026,13,13124,27,18,9,27,17,17,5
2022,05990026,13,13125,7,4,3,7,7,7,3
2022,05990026,13,13126,9,5,4,9,8,8,3
2022,05990026,13,13127,14,11,3,14,12,12,5
2022,05990026,13,13128,12,9,3,12,6,6,2
2022,05990026,13,13129,20,13,7,20,11,11,4
2022,05990026,13,13130,67,48,19,67,16,16,3
2022,05990026,13,13131,36,24,12,36,19,19,5
2022,05990026,13,13132,1,1,0,1,1,1,1
2022,05990026,13,13201,246,166,80,246,85,85,12
2022,05990026,13,13202,1,0,1,1,1,1,1
2022,05990026,13,13301,7,4,3,7,6,6,2
2022,05990026,13,13302,5,3,2,5,5,5,2
2022,05990026,13,13303,1,0,1,1,1,1,1
2022,05990026,13,13401,58,42,16,58,30,30,6
2022,05990026,13,13402,9,3,6,9,5,5,2
2022,05990026,13,13404,10,6,4,10,9,9,2
2022,05990026,13,13501,2,1,1,2,2,2,2
2022,05990026,13,13504,3,1,2,3,3,3,2
2022,05990026,13,13505,1,1,0,1,1,1,1
2022,05990026,13,13601,1,1,0,1,1,1,1
2022,05990026,13,13603,2,2,0,2,2,2,2
2022,05990026,13,13604,2,1,1,2,2,2,1
2022,05990026,13,13605,36,23,13,36,15,15,3
2022,05990026,14,14101,6,2,4,6,5,5,4
2022,05990026,14,14102,1,1,0,1,1,1,1
2022,05990026,14,14105,1,0,1,1,1,1,1
2022,05990026,14,14106,3,2,1,3,1,1,1
2022,05990026,14,14108,6,6,0,6,4,4,1
2022,05990026,14,14202,1,1,0,1,1,1,1
2022,05990026,15,15101,50,33,17,50,33,33,10
2022,05990026,15,15201,2,2,0,2,1,1,1
2022,05990026,16,16101,60,35,25,60,26,26,5
2022,05990026,16,16103,9,5,4,9,5,5,2
2022,05990026,16,16106,1,0,1,1,1,1,1
2022,05990026,16,16107,1,1,0,1,1,1,1
2022,05990026,16,16201,2,1,1,2,2,2,1
2022,05990026,16,16203,2,2,0,2,2,2,1
2022,05990026,16,16301,10,8,2,10,8,8,4
2022,05990026,16,16302,9,5,4,9,7,7,2
2022,05990026,16,16304,1,1,0,1,1,1,1
2022,05990026,2,02101,31,23,8,31,17,17,7
2022,05990026,2,02102,1,1,0,1,1,1,1
2022,05990026,2,02201,14,9,5,14,14,14,5
2022,05990026,2,02203,1,1,0,1,1,1,1
2022,05990026,2,02301,4,4,0,4,3,3,1
2022,05990026,3,03101,14,9,5,14,10,10,5
2022,05990026,3,03202,3,3,0,3,2,2,1
2022,05990026,3,03301,9,3,6,9,6,6,4
2022,05990026,4,04101,36,23,13,36,19,19,7
2022,05990026,4,04102,19,14,5,19,15,15,8
2022,05990026,4,04103,2,1,1,2,2,2,1
2022,05990026,4,04201,14,10,4,14,9,9,2
2022,05990026,4,04202,1,1,0,1,1,1,1
2022,05990026,4,04204,5,2,3,5,3,3,3
2022,05990026,4,04301,8,7,1,8,5,5,4
2022,05990026,4,04303,1,1,0,1,1,1,1
2022,05990026,5,05101,20,15,5,20,17,17,9
2022,05990026,5,05105,2,2,0,2,2,2,2
2022,05990026,5,05109,12,7,5,12,9,9,3
2022,05990026,5,05201,2,0,2,2,2,2,1
2022,05990026,5,05301,8,3,5,8,5,5,3
2022,05990026,5,05402,1,1,0,1,1,1,1
2022,05990026,5,05403,3,1,2,3,3,3,1
2022,05990026,5,05404,2,2,0,2,2,2,1
2022,05990026,5,05405,1,0,1,1,1,1,1
2022,05990026,5,05501,6,5,1,6,4,4,2
2022,05990026,5,05503,4,0,4,4,3,3,1
2022,05990026,5,05504,3,2,1,3,3,3,1
2022,05990026,5,05601,10,7,3,10,8,8,4
2022,05990026,5,05603,5,5,0,5,5,5,1
2022,05990026,5,05701,20,19,1,20,12,12,3
2022,05990026,5,05706,5,4,1,5,5,5,1
2022,05990026,5,05801,21,13,8,21,10,10,3
2022,05990026,5,05802,10,7,3,10,7,7,3
2022,05990026,5,05804,9,8,1,9,7,7,1
2022,05990026,6,06101,17,11,6,17,13,13,7
2022,05990026,6,06106,6,1,5,6,4,4,1
2022,05990026,6,06108,1,1,0,1,1,1,1
2022,05990026,6,06109,1,1,0,1,1,1,1
2022,05990026,6,06111,2,1,1,2,2,2,2
2022,05990026,6,06115,6,4,2,6,3,3,2
2022,05990026,6,06205,1,0,1,1,1,1,1
2022,05990026,6,06301,4,4,0,4,3,3,1
2022,05990026,6,06303,2,1,1,2,2,2,2
2022,05990026,6,06305,1,1,0,1,1,1,1
2022,05990026,6,06310,2,1,1,2,2,2,2
2022,05990026,7,07101,25,14,11,25,22,22,9
2022,05990026,7,07104,1,1,0,1,1,1,1
2022,05990026,7,07105,1,1,0,1,1,1,1
2022,05990026,7,07108,1,0,1,1,1,1,1
2022,05990026,7,07109,1,1,0,1,1,1,1
2022,05990026,7,07201,5,4,1,5,3,3,2
2022,05990026,7,07301,11,10,1,11,5,5,2
2022,05990026,7,07303,1,1,0,1,1,1,1
2022,05990026,7,07304,1,1,0,1,1,1,1
2022,05990026,7,07306,1,1,0,1,1,1,1
2022,05990026,7,07308,1,0,1,1,1,1,1
2022,05990026,7,07401,10,5,5,10,6,6,4
2022,05990026,7,07403,2,2,0,2,1,1,1
2022,05990026,7,07404,2,1,1,2,1,1,1
2022,05990026,7,07405,1,1,0,1,1,1,1
2022,05990026,7,07407,1,1,0,1,1,1,1
2022,05990026,8,08101,38,26,12,38,30,30,8
2022,05990026,8,08102,28,19,9,28,19,19,8
2022,05990026,8,08103,6,5,1,6,3,3,2
2022,05990026,8,08104,2,1,1,2,2,2,1
2022,05990026,8,08106,49,33,16,49,21,21,4
2022,05990026,8,08107,7,5,2,7,3,3,2
2022,05990026,8,08108,3,3,0,3,3,3,3
2022,05990026,8,08109,1,0,1,1,1,1,1
2022,05990026,8,08110,30,16,14,30,15,15,6
2022,05990026,8,08111,25,20,5,25,19,19,5
2022,05990026,8,08112,9,5,4,9,6,6,3
2022,05990026,8,08202,1,1,0,1,1,1,1
2022,05990026,8,08203,9,6,3,9,7,7,2
2022,05990026,8,08205,7,7,0,7,2,2,1
2022,05990026,8,08206,2,1,1,2,2,2,1
2022,05990026,8,08301,17,14,3,17,16,16,5
2022,05990026,8,08303,2,1,1,2,2,2,2
2022,05990026,8,08307,2,1,1,2,2,2,1
2022,05990026,8,08312,1,0,1,1,1,1,1
2022,05990026,9,09101,29,15,14,29,21,21,7
2022,05990026,9,09109,1,1,0,1,1,1,1
2022,05990026,9,09110,1,0,1,1,1,1,1
2022,05990026,9,09112,5,1,4,5,5,5,3
2022,05990026,9,09114,2,1,1,2,2,2,1
2022,05990026,9,09115,4,1,3,4,3,3,1
2022,05990026,9,09119,1,1,0,1,1,1,1
2022,05990026,9,09120,1,1,0,1,1,1,1
2022,05990026,9,09121,1,1,0,1,1,1,1
2022,05990026,9,09201,24,19,5,24,14,14,4
2022,05990026,9,09202,6,3,3,6,3,3,2
2022,05990026,9,09206,1,1,0,1,1,1,1
2022,05990026,9,09207,1,1,0,1,1,1,1
2022,05990026,9,09210,2,1,1,2,2,2,2
2022,05990026,9,09211,7,4,3,7,5,5,3
2022,05990027,1,01101,2,2,0,2,2,2,2
2022,05990027,1,01107,1,1,0,1,1,1,1
2022,05990027,1,01401,2,1,1,2,2,2,2
2022,05990027,10,10101,14,8,6,14,9,9,5
2022,05990027,10,10104,1,1,0,1,1,1,1
2022,05990027,10,10109,1,1,0,1,1,1,1
2022,05990027,10,10201,3,1,2,3,3,3,1
2022,05990027,10,10301,8,7,1,8,8,8,4
2022,05990027,11,11101,9,7,2,9,5,5,1
2022,05990027,11,11201,10,9,1,10,8,8,3
2022,05990027,12,12101,2,2,0,2,2,2,1
2022,05990027,13,13101,25,22,3,25,12,12,2
2022,05990027,13,13102,2,1,1,2,3,3,2
2022,05990027,13,13103,3,3,0,3,6,6,1
2022,05990027,13,13104,0,0,0,0,1,1,1
2022,05990027,13,13105,7,7,0,7,7,7,4
2022,05990027,13,13107,1,0,1,1,1,1,1
2022,05990027,13,13108,1,1,0,1,3,3,2
2022,05990027,13,13109,0,0,0,0,1,1,1
2022,05990027,13,13110,16,12,4,16,13,13,6
2022,05990027,13,13111,1,1,0,1,6,6,4
2022,05990027,13,13116,19,14,5,19,8,8,3
2022,05990027,13,13117,4,4,0,4,4,4,2
2022,05990027,13,13118,1,1,0,1,1,1,1
2022,05990027,13,13119,0,0,0,0,2,2,1
2022,05990027,13,13121,1,0,1,1,2,2,2
2022,05990027,13,13122,3,2,1,3,2,2,2
2022,05990027,13,13123,4,4,0,4,3,3,1
2022,05990027,13,13124,13,12,1,13,9,9,3
2022,05990027,13,13125,5,4,1,5,6,6,2
2022,05990027,13,13126,12,8,4,12,7,7,4
2022,05990027,13,13128,9,7,2,9,4,4,2
2022,05990027,13,13129,13,11,2,13,7,7,2
2022,05990027,13,13131,2,1,1,2,2,2,2
2022,05990027,13,13201,1,1,0,1,2,2,1
2022,05990027,13,13203,1,1,0,1,1,1,1
2022,05990027,13,13301,4,4,0,4,7,7,3
2022,05990027,13,13302,3,2,1,3,3,3,2
2022,05990027,13,13401,7,5,2,7,10,10,4
2022,05990027,13,13402,23,18,5,23,13,13,3
2022,05990027,13,13404,0,0,0,0,2,2,1
2022,05990027,13,13501,1,1,0,1,1,1,1
2022,05990027,13,13601,3,3,0,3,4,4,1
2022,05990027,13,13602,1,1,0,1,1,1,1
2022,05990027,13,13603,0,0,0,0,1,1,1
2022,05990027,13,13604,0,0,0,0,1,1,1
2022,05990027,14,14101,4,2,2,4,6,6,4
2022,05990027,14,14106,1,1,0,1,1,1,1
2022,05990027,14,14201,5,5,0,5,2,2,1
2022,05990027,14,14204,7,5,2,7,6,6,2
2022,05990027,15,15101,9,6,3,9,20,20,8
2022,05990027,16,16101,17,14,3,17,16,16,6
2022,05990027,16,16103,1,0,1,1,1,1,1
2022,05990027,16,16104,0,0,0,0,1,1,1
2022,05990027,16,16108,2,1,1,2,1,1,1
2022,05990027,16,16203,1,1,0,1,1,1,1
2022,05990027,16,16301,2,2,0,2,4,4,2
2022,05990027,16,16302,3,3,0,3,1,1,1
2022,05990027,16,16305,4,3,1,4,4,4,2
2022,05990027,2,02101,26,19,7,26,25,25,8
2022,05990027,2,02102,2,2,0,2,2,2,1
2022,05990027,2,02201,9,5,4,9,13,13,5
2022,05990027,2,02302,1,1,0,1,1,1,1
2022,05990027,3,03101,81,62,19,81,26,26,4
2022,05990027,3,03301,1,1,0,1,2,2,2
2022,05990027,4,04101,20,16,4,20,17,17,7
2022,05990027,4,04102,19,12,7,19,17,17,7
2022,05990027,4,04103,0,0,0,0,1,1,1
2022,05990027,4,04105,0,0,0,0,1,1,1
2022,05990027,4,04106,0,0,0,0,2,2,1
2022,05990027,4,04201,5,5,0,5,3,3,2
2022,05990027,4,04203,2,0,2,2,2,2,1
2022,05990027,4,04204,1,1,0,1,1,1,1
2022,05990027,4,04301,14,11,3,14,12,12,4
2022,05990027,4,04304,1,0,1,1,1,1,1
2022,05990027,5,05101,20,16,4,20,10,10,5
2022,05990027,5,05107,3,3,0,3,3,3,2
2022,05990027,5,05109,4,3,1,4,5,5,4
2022,05990027,5,05301,1,1,0,1,3,3,1
2022,05990027,5,05303,9,0,9,9,1,1,1
2022,05990027,5,05401,8,6,2,8,4,4,1
2022,05990027,5,05402,1,1,0,1,1,1,1
2022,05990027,5,05403,3,3,0,3,3,3,2
2022,05990027,5,05501,58,35,23,58,26,26,7
2022,05990027,5,05502,3,3,0,3,3,3,2
2022,05990027,5,05504,7,4,3,7,3,3,1
2022,05990027,5,05601,10,8,2,10,11,11,5
2022,05990027,5,05605,0,0,0,0,1,1,1
2022,05990027,5,05701,8,8,0,8,7,7,3
2022,05990027,5,05702,2,1,1,2,1,1,1
2022,05990027,5,05801,15,10,5,15,12,12,4
2022,05990027,5,05802,2,1,1,2,2,2,1
2022,05990027,6,06101,9,7,2,9,10,10,7
2022,05990027,6,06104,1,1,0,1,1,1,1
2022,05990027,6,06105,1,1,0,1,1,1,1
2022,05990027,6,06106,4,3,1,4,3,3,2
2022,05990027,6,06107,1,1,0,1,2,2,2
2022,05990027,6,06113,0,0,0,0,1,1,1
2022,05990027,6,06117,2,2,0,2,2,2,1
2022,05990027,6,06201,1,1,0,1,2,2,1
2022,05990027,6,06301,0,0,0,0,1,1,1
2022,05990027,6,06303,2,2,0,2,1,1,1
2022,05990027,6,06310,1,0,1,1,1,1,1
2022,05990027,7,07101,10,8,2,10,9,9,5
2022,05990027,7,07102,1,1,0,1,1,1,1
2022,05990027,7,07202,1,1,0,1,1,1,1
2022,05990027,7,07301,1,1,0,1,5,5,3
2022,05990027,7,07401,19,17,2,19,7,7,2
2022,05990027,7,07402,1,1,0,1,1,1,1
2022,05990027,7,07404,3,1,2,3,2,2,1
2022,05990027,8,08101,35,25,10,35,16,16,4
2022,05990027,8,08102,2,1,1,2,4,4,2
2022,05990027,8,08103,5,1,4,5,5,5,2
2022,05990027,8,08105,3,3,0,3,3,3,2
2022,05990027,8,08106,1,0,1,1,2,2,1
2022,05990027,8,08107,3,3,0,3,8,8,3
2022,05990027,8,08108,3,2,1,3,2,2,2
2022,05990027,8,08109,1,0,1,1,1,1,1
2022,05990027,8,08110,9,7,2,9,6,6,3
2022,05990027,8,08111,2,1,1,2,4,4,4
2022,05990027,8,08112,4,3,1,4,3,3,1
2022,05990027,8,08201,3,3,0,3,3,3,2
2022,05990027,8,08202,16,15,1,16,8,8,3
2022,05990027,8,08203,9,8,1,9,5,5,3
2022,05990027,8,08205,1,0,1,1,1,1,1
2022,05990027,8,08206,6,6,0,6,5,5,2
2022,05990027,8,08207,5,5,0,5,3,3,2
2022,05990027,8,08301,4,4,0,4,7,7,5
2022,05990027,8,08306,1,1,0,1,1,1,1
2022,05990027,9,09101,4,4,0,4,4,4,2
2022,05990027,9,09102,1,0,1,1,1,1,1
2022,05990027,9,09105,1,1,0,1,1,1,1
2022,05990027,9,09110,3,2,1,3,1,1,1
2022,05990027,9,09111,2,0,2,2,2,2,2
2022,05990027,9,09112,2,2,0,2,2,2,1
2022,05990027,9,09114,0,0,0,0,1,1,1
2022,05990027,9,09120,1,1,0,1,1,1,1
2022,05990027,9,09201,10,10,0,10,8,8,2
2022,05990027,9,09206,1,1,0,1,1,1,1
2022,05990027,9,09208,1,1,0,1,1,1,1
2022,05990027,9,09210,1,0,1,1,1,1,1
2022,05990027,9,09211,2,2,0,2,2,2,2
2022,05990028,1,01101,9,9,0,9,6,6,2
2022,05990028,1,01107,1,1,0,1,1,1,1
2022,05990028,10,10101,10,9,1,10,6,6,3
2022,05990028,10,10301,8,8,0,8,5,5,2
2022,05990028,11,11101,1,0,1,1,2,2,2
2022,05990028,11,11201,2,2,0,2,2,2,1
2022,05990028,12,12101,3,3,0,3,2,2,1
2022,05990028,13,13103,3,2,1,3,5,5,2
2022,05990028,13,13104,1,0,1,1,1,1,1
2022,05990028,13,13105,1,1,0,1,2,2,1
2022,05990028,13,13107,2,1,1,2,1,1,1
2022,05990028,13,13108,0,0,0,0,3,3,1
2022,05990028,13,13109,1,1,0,1,1,1,1
2022,05990028,13,13110,14,12,2,14,13,13,5
2022,05990028,13,13111,1,1,0,1,1,1,1
2022,05990028,13,13114,0,0,0,0,1,1,1
2022,05990028,13,13116,3,2,1,3,1,1,1
2022,05990028,13,13117,2,2,0,2,3,3,3
2022,05990028,13,13118,1,1,0,1,1,1,1
2022,05990028,13,13119,1,1,0,1,1,1,1
2022,05990028,13,13120,0,0,0,0,1,1,1
2022,05990028,13,13122,1,1,0,1,1,1,1
2022,05990028,13,13123,2,2,0,2,2,2,1
2022,05990028,13,13124,7,7,0,7,5,5,2
2022,05990028,13,13125,4,3,1,4,9,9,1
2022,05990028,13,13127,2,2,0,2,1,1,1
2022,05990028,13,13128,3,3,0,3,2,2,2
2022,05990028,13,13129,2,2,0,2,2,2,1
2022,05990028,13,13130,0,0,0,0,1,1,1
2022,05990028,13,13131,2,2,0,2,2,2,1
2022,05990028,13,13132,1,1,0,1,1,1,1
2022,05990028,13,13201,26,20,6,26,11,11,1
2022,05990028,13,13301,5,4,1,5,3,3,2
2022,05990028,13,13302,3,1,2,3,3,3,2
2022,05990028,13,13303,1,1,0,1,1,1,1
2022,05990028,13,13401,5,3,2,5,5,5,4
2022,05990028,13,13402,6,4,2,6,6,6,2
2022,05990028,13,13501,2,2,0,2,2,2,2
2022,05990028,14,14106,2,2,0,2,2,2,2
2022,05990028,15,15101,5,4,1,5,8,8,4
2022,05990028,16,16101,9,5,4,9,7,7,4
2022,05990028,16,16301,1,1,0,1,1,1,1
2022,05990028,2,02101,2,2,0,2,3,3,2
2022,05990028,2,02201,3,3,0,3,1,1,1
2022,05990028,3,03101,4,1,3,4,4,4,2
2022,05990028,3,03301,0,0,0,0,1,1,1
2022,05990028,4,04101,1,1,0,1,2,2,2
2022,05990028,4,04102,9,9,0,9,8,8,5
2022,05990028,4,04106,0,0,0,0,1,1,1
2022,05990028,4,04201,1,1,0,1,1,1,1
2022,05990028,4,04301,3,2,1,3,3,3,2
2022,05990028,5,05101,5,4,1,5,5,5,5
2022,05990028,5,05109,0,0,0,0,1,1,1
2022,05990028,5,05201,0,0,0,0,1,1,1
2022,05990028,5,05301,0,0,0,0,1,1,1
2022,05990028,5,05303,10,0,10,10,1,1,1
2022,05990028,5,05401,1,0,1,1,1,1,1
2022,05990028,5,05402,0,0,0,0,1,1,1
2022,05990028,5,05501,3,2,1,3,3,3,3
2022,05990028,5,05503,1,1,0,1,1,1,1
2022,05990028,5,05601,4,1,3,4,4,4,2
2022,05990028,5,05605,0,0,0,0,3,3,1
2022,05990028,5,05701,8,4,4,8,7,7,3
2022,05990028,5,05801,2,2,0,2,1,1,1
2022,05990028,5,05802,1,1,0,1,1,1,1
2022,05990028,5,05804,1,1,0,1,1,1,1
2022,05990028,6,06101,4,3,1,4,10,10,3
2022,05990028,6,06107,0,0,0,0,1,1,1
2022,05990028,6,06108,1,1,0,1,1,1,1
2022,05990028,6,06113,0,0,0,0,1,1,1
2022,05990028,6,06117,8,8,0,8,4,4,2
2022,05990028,6,06303,2,2,0,2,2,2,1
2022,05990028,6,06310,2,0,2,2,1,1,1
2022,05990028,7,07101,2,2,0,2,2,2,2
2022,05990028,7,07301,1,1,0,1,3,3,3
2022,05990028,7,07401,8,5,3,8,7,7,2
2022,05990028,7,07403,1,0,1,1,1,1,1
2022,05990028,8,08101,33,31,2,33,13,13,4
2022,05990028,8,08102,7,4,3,7,7,7,4
2022,05990028,8,08103,4,3,1,4,3,3,1
2022,05990028,8,08105,2,2,0,2,3,3,1
2022,05990028,8,08106,5,3,2,5,2,2,2
2022,05990028,8,08107,3,2,1,3,3,3,2
2022,05990028,8,08109,1,0,1,1,1,1,1
2022,05990028,8,08110,5,5,0,5,7,7,3
2022,05990028,8,08111,0,0,0,0,2,2,2
2022,05990028,8,08112,1,0,1,1,4,4,3
2022,05990028,8,08201,13,10,3,13,12,12,3
2022,05990028,8,08202,9,5,4,9,4,4,1
2022,05990028,8,08203,5,5,0,5,5,5,2
2022,05990028,8,08205,3,2,1,3,3,3,1
2022,05990028,8,08206,9,8,1,9,5,5,3
2022,05990028,8,08301,3,2,1,3,6,6,4
2022,05990028,8,08305,0,0,0,0,1,1,1
2022,05990028,8,08309,1,1,0,1,1,1,1
2022,05990028,9,09101,4,3,1,4,7,7,4
2022,05990028,9,09102,1,1,0,1,2,2,1
2022,05990028,9,09111,1,0,1,1,1,1,1
2022,05990028,9,09114,2,2,0,2,2,2,1
2022,05990028,9,09120,1,0,1,1,1,1,1
2022,05990028,9,09202,1,1,0,1,1,1,1
2022,05990028,9,09205,2,2,0,2,2,2,1
2022,05990028,9,09206,1,1,0,1,1,1,1
2022,05990028,9,09208,1,1,0,1,1,1,1
2022,05990028,9,09209,1,0,1,1,1,1,1
2022,05990029,1,01401,4,2,2,4,1,1,1
2022,05990029,10,10208,1,0,1,1,1,1,1
2022,05990029,13,13102,0,0,0,0,1,1,1
2022,05990029,13,13119,0,0,0,0,1,1,1
2022,05990029,13,13401,0,0,0,0,1,1,1
2022,05990029,4,04101,1,0,1,1,1,1,1
2022,05990029,4,04301,1,0,1,1,1,1,1
2022,05990029,5,05107,0,0,0,0,1,1,1
2022,05990029,5,05303,11,0,11,11,1,1,1
2022,05990029,5,05405,1,0,1,1,1,1,1
2022,05990029,6,06101,0,0,0,0,2,2,2
2022,05990029,6,06107,0,0,0,0,1,1,1
2022,05990029,7,07101,4,2,2,4,2,2,1
2022,05990029,7,07304,0,0,0,0,1,1,1
2022,05990029,8,08110,0,0,0,0,1,1,1
2022,05990029,9,09210,1,0,1,1,1,1,1
2022,05990030,1,01101,2,1,1,2,1,1,1
2022,05990030,13,13108,0,0,0,0,1,1,1
2022,05990030,13,13110,1,1,0,1,1,1,1
2022,05990030,13,13401,0,0,0,0,1,1,1
2022,05990030,14,14105,2,2,0,2,1,1,1
2022,05990030,16,16101,1,1,0,1,1,1,1
2022,05990030,2,02201,1,1,0,1,1,1,1
2022,05990030,4,04301,1,0,1,1,1,1,1
2022,05990030,5,05109,1,0,1,1,1,1,1
2022,05990030,5,05303,12,0,12,12,1,1,1
2022,05990030,5,05801,0,0,0,0,1,1,1
2022,05990030,6,06107,0,0,0,0,1,1,1
2022,05990030,7,07402,1,0,1,1,1,1,1
2022,05990030,8,08102,3,1,2,3,1,1,1
2022,05990030,8,08103,1,1,0,1,1,1,1
2022,05990031,1,01101,6,5,1,6,5,5,2
2022,05990031,1,01107,1,1,0,1,1,1,1
2022,05990031,10,10101,11,10,1,11,8,8,6
2022,05990031,10,10109,1,0,1,1,1,1,1
2022,05990031,10,10205,1,1,0,1,1,1,1
2022,05990031,10,10208,2,2,0,2,1,1,1
2022,05990031,10,10301,5,3,2,5,5,5,4
2022,05990031,10,10304,1,1,0,1,1,1,1
2022,05990031,10,10305,0,0,0,0,1,1,1
2022,05990031,11,11101,4,4,0,4,5,5,2
2022,05990031,11,11201,1,0,1,1,1,1,1
2022,05990031,12,12101,6,4,2,6,6,6,2
2022,05990031,13,13101,1,1,0,1,7,7,1
2022,05990031,13,13102,0,0,0,0,2,2,2
2022,05990031,13,13103,6,5,1,6,8,8,4
2022,05990031,13,13104,7,6,1,7,7,7,3
2022,05990031,13,13105,7,6,1,7,5,5,3
2022,05990031,13,13106,2,2,0,2,2,2,2
2022,05990031,13,13107,2,2,0,2,3,3,2
2022,05990031,13,13108,1,1,0,1,8,8,2
2022,05990031,13,13110,40,29,11,40,23,23,8
2022,05990031,13,13111,2,2,0,2,4,4,2
2022,05990031,13,13113,2,2,0,2,2,2,2
2022,05990031,13,13114,2,1,1,2,2,2,1
2022,05990031,13,13117,11,7,4,11,5,5,2
2022,05990031,13,13118,1,0,1,1,1,1,1
2022,05990031,13,13119,14,8,6,14,8,8,1
2022,05990031,13,13120,2,1,1,2,1,1,1
2022,05990031,13,13121,5,4,1,5,9,9,1
2022,05990031,13,13122,21,14,7,21,11,11,5
2022,05990031,13,13123,2,1,1,2,1,1,1
2022,05990031,13,13124,11,10,1,11,10,10,3
2022,05990031,13,13125,1,1,0,1,3,3,2
2022,05990031,13,13127,6,6,0,6,4,4,2
2022,05990031,13,13128,4,2,2,4,2,2,1
2022,05990031,13,13129,29,28,1,29,11,11,2
2022,05990031,13,13130,32,29,3,32,8,8,1
2022,05990031,13,13131,9,8,1,9,5,5,2
2022,05990031,13,13201,16,11,5,16,13,13,5
2022,05990031,13,13301,9,4,5,9,7,7,3
2022,05990031,13,13302,1,1,0,1,1,1,1
2022,05990031,13,13401,3,3,0,3,5,5,3
2022,05990031,13,13402,7,5,2,7,8,8,4
2022,05990031,13,13404,2,1,1,2,4,4,2
2022,05990031,13,13501,2,2,0,2,2,2,1
2022,05990031,13,13505,1,1,0,1,1,1,1
2022,05990031,13,13603,2,2,0,2,2,2,2
2022,05990031,13,13604,4,3,1,4,4,4,1
2022,05990031,13,13605,5,5,0,5,3,3,2
2022,05990031,14,14101,8,4,4,8,7,7,2
2022,05990031,14,14106,1,1,0,1,1,1,1
2022,05990031,14,14108,2,2,0,2,1,1,1
2022,05990031,15,15101,12,10,2,12,24,24,8
2022,05990031,16,16101,7,5,2,7,6,6,3
2022,05990031,16,16103,4,4,0,4,2,2,1
2022,05990031,16,16106,0,0,0,0,1,1,1
2022,05990031,16,16201,1,1,0,1,1,1,1
2022,05990031,16,16206,2,1,1,2,1,1,1
2022,05990031,16,16301,4,4,0,4,3,3,1
2022,05990031,2,02101,4,4,0,4,12,12,5
2022,05990031,2,02201,13,9,4,13,11,11,3
2022,05990031,3,03101,3,3,0,3,3,3,2
2022,05990031,4,04101,6,3,3,6,6,6,4
2022,05990031,4,04102,9,7,2,9,7,7,4
2022,05990031,4,04201,12,11,1,12,8,8,2
2022,05990031,4,04301,4,3,1,4,5,5,3
2022,05990031,4,04302,1,1,0,1,1,1,1
2022,05990031,5,05101,1,1,0,1,2,2,2
2022,05990031,5,05109,7,7,0,7,8,8,6
2022,05990031,5,05201,1,1,0,1,1,1,1
2022,05990031,5,05301,4,3,1,4,6,6,2
2022,05990031,5,05303,13,0,13,13,1,1,1
2022,05990031,5,05401,1,1,0,1,1,1,1
2022,05990031,5,05403,5,4,1,5,3,3,1
2022,05990031,5,05501,27,15,12,27,3,3,3
2022,05990031,5,05601,0,0,0,0,3,3,2
2022,05990031,5,05603,2,2,0,2,2,2,1
2022,05990031,5,05605,0,0,0,0,2,2,1
2022,05990031,5,05606,1,1,0,1,1,1,1
2022,05990031,5,05701,17,13,4,17,7,7,4
2022,05990031,5,05703,1,1,0,1,1,1,1
2022,05990031,5,05706,2,0,2,2,1,1,1
2022,05990031,5,05801,4,2,2,4,4,4,1
2022,05990031,5,05802,1,0,1,1,1,1,1
2022,05990031,5,05803,3,2,1,3,1,1,1
2022,05990031,5,05804,5,3,2,5,4,4,2
2022,05990031,6,06101,1,0,1,1,4,4,2
2022,05990031,6,06107,0,0,0,0,1,1,1
2022,05990031,6,06110,1,1,0,1,1,1,1
2022,05990031,6,06115,2,2,0,2,2,2,1
2022,05990031,6,06117,3,3,0,3,1,1,1
2022,05990031,6,06201,0,0,0,0,3,3,1
2022,05990031,6,06204,2,2,0,2,1,1,1
2022,05990031,6,06310,2,1,1,2,2,2,1
2022,05990031,7,07101,10,8,2,10,8,8,5
2022,05990031,7,07109,2,1,1,2,1,1,1
2022,05990031,7,07301,1,0,1,1,4,4,3
2022,05990031,7,07401,1,1,0,1,1,1,1
2022,05990031,7,07403,1,1,0,1,1,1,1
2022,05990031,8,08101,3,2,1,3,5,5,5
2022,05990031,8,08102,5,4,1,5,5,5,3
2022,05990031,8,08103,3,2,1,3,3,3,2
2022,05990031,8,08106,10,7,3,10,7,7,3
2022,05990031,8,08110,1,0,1,1,2,2,2
2022,05990031,8,08111,3,1,2,3,8,8,3
2022,05990031,8,08112,3,2,1,3,3,3,1
2022,05990031,8,08201,1,1,0,1,1,1,1
2022,05990031,8,08203,9,7,2,9,7,7,2
2022,05990031,8,08205,2,2,0,2,2,2,2
2022,05990031,8,08301,1,0,1,1,3,3,1
2022,05990031,9,09101,9,8,1,9,7,7,4
2022,05990031,9,09112,1,0,1,1,1,1,1
2022,05990031,9,09121,2,2,0,2,2,2,1
2022,05990031,9,09201,3,3,0,3,3,3,2
2022,05990031,9,09211,1,0,1,1,1,1,1
2023,03500404,1,01101,560,552,3,1112,63,63,7
2023,03500404,1,01107,593,563,284,1153,56,53,5
2023,03500404,1,01401,32,41,14,70,13,11,3
2023,03500404,1,01402,2,3,5,,5,0,1
2023,03500404,1,01403,4,4,6,7,4,3,1
2023,03500404,1,01405,23,14,23,34,9,6,1
2023,03500404,10,10101,546,532,62,1059,103,88,16
2023,03500404,10,10102,40,38,6,63,33,20,15
2023,03500404,10,10103,5,2,0,6,6,5,4
2023,03500404,10,10104,37,21,1,58,10,10,1
2023,03500404,10,10105,91,86,29,172,30,25,4
2023,03500404,10,10106,59,43,9,102,12,12,1
2023,03500404,10,10107,13,21,5,30,10,6,2
2023,03500404,10,10108,2,4,0,4,4,2,3
2023,03500404,10,10109,142,138,6,276,23,21,2
2023,03500404,10,10201,186,162,6,348,65,65,9
2023,03500404,10,10202,5,6,0,10,7,6,4
2023,03500404,10,10203,5,6,2,11,3,3,1
2023,03500404,10,10204,12,4,0,15,4,3,2
2023,03500404,10,10205,30,53,5,70,26,18,6
2023,03500404,10,10206,1,3,0,4,1,1,1
2023,03500404,10,10207,5,4,0,9,7,7,3
2023,03500404,10,10209,1,1,0,2,2,2,1
2023,03500404,10,10210,4,5,1,9,4,4,1
2023,03500404,10,10301,275,272,18,535,45,38,7
2023,03500404,10,10302,17,17,3,23,18,8,6
2023,03500404,10,10303,63,74,50,137,17,17,5
2023,03500404,10,10304,41,56,7,92,13,11,2
2023,03500404,10,10305,46,67,28,109,16,12,4
2023,03500404,10,10306,21,13,6,30,16,13,3
2023,03500404,10,10307,9,7,6,6,8,2,1
2023,03500404,10,10401,4,,0,,3,0,1
2023,03500404,10,10402,5,3,0,8,4,4,1
2023,03500404,10,10403,26,20,17,44,12,11,2
2023,03500404,11,11101,217,173,11,387,27,24,5
2023,03500404,11,11102,1,2,0,,3,0,2
2023,03500404,11,11201,5,5,0,1,9,1,3
2023,03500404,11,11202,14,18,1,29,11,10,3
2023,03500404,11,11203,6,5,2,6,6,2,1
2023,03500404,11,11301,7,3,0,8,3,2,1
2023,03500404,11,11402,7,4,1,,8,0,4
2023,03500404,12,12101,163,162,9,312,40,32,7
2023,03500404,12,12201,1,1,0,,2,0,1
2023,03500404,12,12301,12,16,2,21,10,8,1
2023,03500404,12,12401,30,19,4,41,12,8,2
2023,03500404,13,13101,457,405,13,851,62,56,6
2023,03500404,13,13102,16,13,0,25,6,4,1
2023,03500404,13,13103,186,190,7,364,41,31,5
2023,03500404,13,13104,277,268,3,545,45,45,4
2023,03500404,13,13105,405,394,6,799,55,55,6
2023,03500404,13,13106,371,378,3,748,32,31,4
2023,03500404,13,13107,69,59,0,124,17,13,3
2023,03500404,13,13108,363,343,0,706,25,25,3
2023,03500404,13,13109,238,228,1,463,36,35,3
2023,03500404,13,13110,597,510,26,1107,64,64,6
2023,03500404,13,13111,59,38,1,73,38,22,5
2023,03500404,13,13112,520,540,48,1060,69,69,7
2023,03500404,13,13113,56,60,0,107,26,21,3
2023,03500404,13,13114,115,74,0,184,22,20,2
2023,03500404,13,13115,24,5,0,29,8,8,1
2023,03500404,13,13116,142,113,0,242,32,22,4
2023,03500404,13,13117,398,462,8,860,45,45,4
2023,03500404,13,13118,218,226,4,444,35,35,3
2023,03500404,13,13119,332,329,1,654,49,44,8
2023,03500404,13,13120,202,189,0,387,34,30,3
2023,03500404,13,13121,355,333,2,685,58,57,5
2023,03500404,13,13122,583,548,8,1126,58,54,6
2023,03500404,13,13123,60,56,0,108,35,30,5
2023,03500404,13,13124,688,677,21,1345,100,83,10
2023,03500404,13,13125,291,261,2,552,24,24,3
2023,03500404,13,13126,272,245,2,504,53,41,6
2023,03500404,13,13127,385,362,1,739,45,42,4
2023,03500404,13,13128,470,473,13,943,42,42,4
2023,03500404,13,13129,239,229,0,449,87,77,9
2023,03500404,13,13130,284,248,0,532,33,33,3
2023,03500404,13,13131,147,154,6,299,34,33,4
2023,03500404,13,13132,8,9,0,17,9,9,1
2023,03500404,13,13201,575,630,27,1202,78,77,10
2023,03500404,13,13202,93,81,1,173,32,31,5
2023,03500404,13,13203,52,46,3,88,19,12,3
2023,03500404,13,13301,1,0,0,1,1,1,1
2023,03500404,13,13302,36,42,0,78,6,6,3
2023,03500404,13,13303,2,1,0,2,2,1,2
2023,03500404,13,13401,933,960,10,1887,112,108,11
2023,03500404,13,13402,341,324,17,665,77,77,9
2023,03500404,13,13403,12,10,0,21,4,3,2
2023,03500404,13,13404,168,182,1,328,35,22,6
2023,03500404,13,13501,301,296,6,586,67,58,9
2023,03500404,13,13502,25,19,0,42,11,10,2
2023,03500404,13,13503,98,93,2,191,34,34,3
2023,03500404,13,13504,1,,0,,1,0,1
2023,03500404,13,13601,200,206,3,392,25,18,3
2023,03500404,13,13602,50,55,0,103,16,14,2
2023,03500404,13,13603,154,121,1,263,41,35,7
2023,03500404,13,13604,196,211,13,407,9,9,1
2023,03500404,13,13605,116,96,0,210,16,14,2
2023,03500404,14,14101,320,347,48,631,95,73,12
2023,03500404,14,14104,2,2,0,4,2,2,1
2023,03500404,14,14105,30,17,6,42,12,9,2
2023,03500404,14,14107,3,6,1,8,8,7,3
2023,03500404,14,14108,58,76,21,124,16,7,5
2023,03500404,14,14201,71,72,30,142,43,42,8
2023,03500404,14,14202,1,,0,,1,0,1
2023,03500404,14,14204,28,29,11,55,10,9,2
2023,03500404,15,15101,111,123,31,229,50,49,12
2023,03500404,15,15102,,3,3,,1,0,1
2023,03500404,16,16101,468,497,9,949,82,71,10
2023,03500404,16,16102,74,76,0,140,25,21,3
2023,03500404,16,16103,102,96,1,184,33,23,4
2023,03500404,16,16104,35,33,0,64,12,10,1
2023,03500404,16,16106,54,66,0,120,12,12,1
2023,03500404,16,16107,62,55,0,116,16,15,2
2023,03500404,16,16108,24,20,0,39,12,9,3
2023,03500404,16,16109,54,45,0,97,18,17,2
2023,03500404,16,16201,38,40,1,68,12,9,1
2023,03500404,16,16202,3,3,0,,3,0,2
2023,03500404,16,16203,34,48,1,71,12,9,1
2023,03500404,16,16204,11,19,0,15,11,4,2
2023,03500404,16,16205,8,5,0,12,5,4,1
2023,03500404,16,16206,13,12,0,20,10,6,3
2023,03500404,16,16207,19,24,0,39,12,8,1
2023,03500404,16,16301,224,218,0,428,39,31,4
2023,03500404,16,16302,108,96,1,203,23,22,2
2023,03500404,16,16303,47,36,0,78,18,15,2
2023,03500404,16,16304,,1,0,,1,0,1
2023,03500404,16,16305,76,69,0,136,24,20,2
2023,03500404,2,02101,829,793,13,1618,86,82,9
2023,03500404,2,02103,3,4,0,6,3,2,1
2023,03500404,2,02201,284,249,28,529,25,22,6
2023,03500404,2,02203,2,9,4,4,3,1,2
2023,03500404,2,02302,12,15,1,22,9,6,1
2023,03500404,3,03101,537,560,16,1091,85,81,8
2023,03500404,3,03102,15,0,0,15,8,8,2
2023,03500404,3,03103,77,65,11,133,22,16,2
2023,03500404,3,03201,36,29,1,61,12,8,2
2023,03500404,3,03202,35,33,3,55,23,14,3
2023,03500404,3,03301,188,182,13,346,58,44,6
2023,03500404,3,03302,5,3,0,4,6,2,2
2023,03500404,3,03303,16,14,15,26,8,5,1
2023,03500404,3,03304,33,21,1,42,16,9,2
2023,03500404,4,04101,595,513,0,1092,72,62,10
2023,03500404,4,04102,666,605,11,1262,91,82,9
2023,03500404,4,04103,39,42,4,81,12,12,1
2023,03500404,4,04106,1,1,0,,2,0,2
2023,03500404,4,04201,50,58,0,108,13,13,2
2023,03500404,4,04204,31,20,0,51,5,5,1
2023,03500404,4,04301,19,18,0,31,17,12,4
2023,03500404,4,04302,15,17,2,10,20,2,10
2023,03500404,4,04303,27,19,0,27,22,8,5
2023,03500404,5,05101,666,653,2,1298,139,129,16
2023,03500404,5,05103,143,88,0,231,11,11,1
2023,03500404,5,05104,,2,0,,2,0,1
2023,03500404,5,05105,78,54,0,122,23,16,3
2023,03500404,5,05107,7,10,0,15,8,6,2
2023,03500404,5,05109,305,306,0,595,59,49,11
2023,03500404,5,05301,215,191,1,391,37,29,4
2023,03500404,5,05302,63,58,10,120,18,17,2
2023,03500404,5,05303,25,27,0,52,6,6,1
2023,03500404,5,05304,13,11,0,19,9,5,3
2023,03500404,5,05401,134,124,0,242,56,41,10
2023,03500404,5,05402,76,50,0,123,15,12,4
2023,03500404,5,05403,23,15,0,29,12,8,2
2023,03500404,5,05404,34,35,2,58,29,21,3
2023,03500404,5,05405,23,24,2,38,13,8,2
2023,03500404,5,05501,319,283,4,569,63,47,8
2023,03500404,5,05502,192,199,0,391,45,45,6
2023,03500404,5,05503,84,83,1,159,26,22,3
2023,03500404,5,05504,70,71,0,141,11,11,1
2023,03500404,5,05506,39,34,1,65,20,15,3
2023,03500404,5,05601,187,193,0,350,40,31,7
2023,03500404,5,05602,14,10,0,20,9,6,2
2023,03500404,5,05603,11,15,0,24,7,5,2
2023,03500404,5,05604,2,4,0,5,5,4,1
2023,03500404,5,05605,20,24,0,42,11,9,2
2023,03500404,5,05701,32,44,2,59,20,10,4
2023,03500404,5,05702,22,42,0,58,13,9,2
2023,03500404,5,05703,97,65,0,162,9,9,1
2023,03500404,5,05704,30,24,0,54,11,11,1
2023,03500404,5,05705,64,58,1,114,22,16,2
2023,03500404,5,05706,44,55,1,85,23,15,3
2023,03500404,5,05801,322,314,0,633,68,65,6
2023,03500404,5,05802,114,109,0,222,15,14,2
2023,03500404,5,05803,29,29,0,58,7,7,1
2023,03500404,5,05804,383,382,9,765,59,59,5
2023,03500404,6,06101,637,586,4,1213,94,87,10
2023,03500404,6,06102,47,44,0,84,17,14,2
2023,03500404,6,06103,32,34,0,59,12,10,1
2023,03500404,6,06104,1,2,0,2,2,1,1
2023,03500404,6,06105,32,41,3,69,13,12,2
2023,03500404,6,06106,45,47,3,92,7,7,1
2023,03500404,6,06107,2,0,0,2,2,2,2
2023,03500404,6,06108,3,0,0,3,3,3,1
2023,03500404,6,06109,37,36,0,72,12,11,2
2023,03500404,6,06110,101,75,0,160,23,18,2
2023,03500404,6,06111,35,35,0,69,18,17,3
2023,03500404,6,06112,2,2,0,4,1,1,1
2023,03500404,6,06113,28,22,0,49,13,12,2
2023,03500404,6,06114,1,,,,1,0,1
2023,03500404,6,06115,143,147,0,285,28,23,5
2023,03500404,6,06116,,1,0,,1,0,1
2023,03500404,6,06117,131,117,0,240,19,11,5
2023,03500404,6,06202,19,11,0,21,12,6,1
2023,03500404,6,06203,,1,0,,1,0,1
2023,03500404,6,06204,3,5,0,7,3,2,2
2023,03500404,6,06206,2,1,0,,3,0,3
2023,03500404,6,06301,225,208,0,423,37,29,7
2023,03500404,6,06302,41,45,0,86,8,8,1
2023,03500404,6,06303,12,23,0,29,8,5,4
2023,03500404,6,06304,16,16,1,22,13,7,4
2023,03500404,6,06305,31,38,0,54,11,6,4
2023,03500404,6,06306,16,23,0,31,11,6,2
2023,03500404,6,06307,40,37,0,69,17,12,3
2023,03500404,6,06308,6,1,0,4,4,2,2
2023,03500404,6,06309,13,17,0,23,10,8,1
2023,03500404,6,06310,25,19,0,42,7,5,1
2023,03500404,7,07101,1623,1460,25,3063,136,122,12
2023,03500404,7,07102,476,404,18,866,71,63,6
2023,03500404,7,07103,45,48,6,66,34,12,8
2023,03500404,7,07104,47,50,,97,12,12,1
2023,03500404,7,07105,322,335,13,657,64,64,6
2023,03500404,7,07106,107,128,1,200,42,22,4
2023,03500404,7,07107,73,65,4,116,35,20,6
2023,03500404,7,07108,126,105,10,199,51,26,6
2023,03500404,7,07109,429,417,6,756,152,95,18
2023,03500404,7,07110,54,51,5,98,18,12,2
2023,03500404,7,07201,323,286,17,574,67,41,11
2023,03500404,7,07202,59,49,15,99,12,11,1
2023,03500404,7,07203,76,68,3,129,34,24,3
2023,03500404,7,07301,552,549,12,1086,87,76,12
2023,03500404,7,07302,95,86,1,153,38,18,4
2023,03500404,7,07303,47,69,28,88,36,16,5
2023,03500404,7,07304,457,444,14,890,66,56,7
2023,03500404,7,07305,25,26,0,48,9,6,3
2023,03500404,7,07306,169,141,11,297,27,16,4
2023,03500404,7,07307,208,154,2,352,42,34,4
2023,03500404,7,07308,284,270,14,514,70,49,7
2023,03500404,7,07309,,2,0,,1,0,1
2023,03500404,7,07401,528,568,39,1073,46,41,4
2023,03500404,7,07402,214,222,11,420,42,28,6
2023,03500404,7,07403,240,246,19,447,88,67,11
2023,03500404,7,07404,356,357,9,673,78,52,11
2023,03500404,7,07405,248,195,11,393,87,52,10
2023,03500404,7,07406,328,278,4,606,26,26,7
2023,03500404,7,07407,175,142,20,266,57,21,7
2023,03500404,7,07408,32,22,0,47,11,7,4
2023,03500404,8,08101,95,80,1,168,24,19,4
2023,03500404,8,08102,161,168,7,324,39,35,8
2023,03500404,8,08103,87,64,0,149,21,19,4
2023,03500404,8,08104,20,23,0,42,9,8,2
2023,03500404,8,08105,70,67,0,128,29,20,4
2023,03500404,8,08106,167,163,1,330,28,28,3
2023,03500404,8,08107,19,15,0,34,3,3,1
2023,03500404,8,08108,161,160,0,319,18,16,3
2023,03500404,8,08109,53,62,0,109,17,12,4
2023,03500404,8,08110,42,29,0,61,16,9,5
2023,03500404,8,08111,182,157,1,314,61,41,7
2023,03500404,8,08112,81,77,0,140,42,28,5
2023,03500404,8,08201,46,49,6,91,13,11,2
2023,03500404,8,08202,121,123,2,238,42,37,4
2023,03500404,8,08203,121,108,7,229,12,12,1
2023,03500404,8,08204,27,24,3,39,17,9,2
2023,03500404,8,08205,185,123,3,297,30,24,3
2023,03500404,8,08206,105,121,10,196,46,29,5
2023,03500404,8,08301,428,378,0,772,81,60,12
2023,03500404,8,08302,17,21,0,30,12,7,1
2023,03500404,8,08303,17,15,0,32,1,1,1
2023,03500404,8,08304,31,21,0,37,27,13,6
2023,03500404,8,08305,4,10,0,5,10,2,6
2023,03500404,8,08306,78,77,0,135,31,23,3
2023,03500404,8,08307,42,55,0,82,23,15,3
2023,03500404,8,08308,23,22,3,32,19,12,5
2023,03500404,8,08309,6,6,0,12,3,3,2
2023,03500404,8,08310,13,19,0,30,7,6,1
2023,03500404,8,08311,4,3,3,2,5,1,2
2023,03500404,8,08312,38,49,0,81,19,14,3
2023,03500404,8,08313,13,9,0,19,7,5,1
2023,03500404,9,09101,678,615,178,1291,107,105,12
2023,03500404,9,09102,9,4,2,7,8,3,3
2023,03500404,9,09103,1,1,0,2,1,1,1
2023,03500404,9,09105,7,4,1,11,4,4,1
2023,03500404,9,09106,1,2,3,,3,0,2
2023,03500404,9,09107,8,4,0,9,7,4,2
2023,03500404,9,09108,1,,0,,1,0,1
2023,03500404,9,09109,33,30,8,52,19,15,4
2023,03500404,9,09110,,1,0,,1,0,1
2023,03500404,9,09111,66,76,4,140,9,8,1
2023,03500404,9,09112,315,302,136,607,55,50,6
2023,03500404,9,09114,7,9,1,16,3,3,1
2023,03500404,9,09115,22,32,5,47,15,10,2
2023,03500404,9,09119,1,0,0,1,1,1,1
2023,03500404,9,09120,52,62,24,111,14,12,3
2023,03500404,9,09201,65,73,6,138,18,18,4
2023,03500404,9,09202,12,7,4,3,16,1,5
2023,03500404,9,09203,5,13,0,18,2,2,1
2023,03500404,9,09204,57,42,62,92,20,13,6
2023,03500404,9,09205,11,4,5,15,3,3,1
2023,03500404,9,09206,38,40,34,78,12,12,1
2023,03500404,9,09208,1,2,1,,3,0,2
2023,03500404,9,09211,3,7,4,6,5,2,1
2023,03500405,1,01101,102,56,0,158,43,43,5
2023,03500405,1,01107,84,36,30,117,45,42,5
2023,03500405,1,01401,9,11,3,16,12,9,3
2023,03500405,1,01402,0,1,1,1,1,1,1
2023,03500405,10,10101,93,57,6,128,65,49,14
2023,03500405,10,10102,5,0,0,2,5,2,4
2023,03500405,10,10104,4,1,0,2,4,1,1
2023,03500405,10,10105,18,10,7,24,14,11,2
2023,03500405,10,10106,11,4,2,14,8,7,1
2023,03500405,10,10107,4,5,1,8,4,3,1
2023,03500405,10,10108,,1,0,,1,0,1
2023,03500405,10,10109,31,17,1,46,17,15,3
2023,03500405,10,10201,34,17,2,51,27,27,6
2023,03500405,10,10202,0,1,0,1,1,1,1
2023,03500405,10,10204,1,,0,,1,0,1
2023,03500405,10,10205,1,1,0,2,2,2,1
2023,03500405,10,10207,2,0,0,2,2,2,2
2023,03500405,10,10210,1,0,0,1,1,1,1
2023,03500405,10,10301,46,32,2,69,30,24,5
2023,03500405,10,10302,,1,0,,1,0,1
2023,03500405,10,10303,7,7,4,14,7,7,1
2023,03500405,10,10304,10,2,1,4,8,2,2
2023,03500405,10,10305,2,1,0,,3,0,1
2023,03500405,10,10306,4,3,5,5,5,4,3
2023,03500405,10,10307,,2,0,,1,0,1
2023,03500405,10,10401,,1,0,,1,0,1
2023,03500405,10,10402,1,1,0,2,2,2,1
2023,03500405,10,10403,2,2,0,2,4,2,1
2023,03500405,11,11101,42,22,3,50,21,13,3
2023,03500405,11,11201,6,4,0,3,8,1,5
2023,03500405,11,11202,2,2,0,3,4,3,3
2023,03500405,11,11301,3,,,,3,0,1
2023,03500405,11,11401,1,,0,,1,0,1
2023,03500405,11,11402,1,,0,,1,0,1
2023,03500405,12,12101,37,44,1,73,25,17,7
2023,03500405,12,12201,1,,0,,1,0,1
2023,03500405,12,12301,13,14,3,18,10,6,1
2023,03500405,12,12401,2,4,2,3,5,3,2
2023,03500405,13,13101,159,108,8,251,56,49,6
2023,03500405,13,13102,13,9,0,22,8,8,1
2023,03500405,13,13103,52,55,6,92,31,20,5
2023,03500405,13,13104,31,24,0,53,25,23,4
2023,03500405,13,13105,78,30,2,108,42,42,6
2023,03500405,13,13106,24,21,0,42,14,11,2
2023,03500405,13,13107,23,10,0,32,13,12,3
2023,03500405,13,13108,42,13,0,55,20,20,2
2023,03500405,13,13109,59,52,0,108,28,26,3
2023,03500405,13,13110,146,76,2,212,54,48,7
2023,03500405,13,13111,51,31,0,66,30,21,5
2023,03500405,13,13112,119,81,5,182,59,48,7
2023,03500405,13,13113,12,7,0,15,12,8,3
2023,03500405,13,13114,20,6,0,12,13,4,2
2023,03500405,13,13115,2,1,0,3,3,3,1
2023,03500405,13,13116,28,19,0,35,22,12,4
2023,03500405,13,13117,147,116,0,246,43,31,4
2023,03500405,13,13118,30,21,1,37,28,17,3
2023,03500405,13,13119,70,38,0,83,41,25,7
2023,03500405,13,13120,18,16,0,16,19,6,3
2023,03500405,13,13121,99,50,0,135,46,40,5
2023,03500405,13,13122,157,65,0,201,51,39,6
2023,03500405,13,13123,7,4,0,9,9,7,5
2023,03500405,13,13124,90,73,2,133,51,27,7
2023,03500405,13,13125,43,30,0,71,23,21,4
2023,03500405,13,13126,65,31,0,70,36,23,6
2023,03500405,13,13127,79,56,0,130,33,31,4
2023,03500405,13,13128,69,61,0,124,35,33,4
2023,03500405,13,13129,51,39,0,85,51,46,9
2023,03500405,13,13130,63,40,0,101,21,20,3
2023,03500405,13,13131,20,6,0,22,12,8,3
2023,03500405,13,13132,1,0,0,1,1,1,1
2023,03500405,13,13201,81,58,1,97,56,35,10
2023,03500405,13,13202,15,5,0,20,11,11,3
2023,03500405,13,13203,11,3,1,6,8,3,1
2023,03500405,13,13301,2,0,0,2,1,1,1
2023,03500405,13,13302,5,1,0,6,3,3,2
2023,03500405,13,13303,,1,,,1,0,1
2023,03500405,13,13401,79,61,2,116,52,34,11
2023,03500405,13,13402,57,31,4,87,42,41,9
2023,03500405,13,13403,1,2,0,,3,0,2
2023,03500405,13,13404,59,35,3,69,40,18,7
2023,03500405,13,13501,41,25,0,48,36,20,8
2023,03500405,13,13502,3,0,0,1,3,1,2
2023,03500405,13,13503,24,8,0,32,16,16,2
2023,03500405,13,13504,2,2,0,,4,0,3
2023,03500405,13,13601,35,16,,38,15,9,3
2023,03500405,13,13602,5,7,0,12,5,5,2
2023,03500405,13,13603,42,13,0,41,25,17,7
2023,03500405,13,13604,36,34,4,70,9,9,1
2023,03500405,13,13605,10,8,0,11,6,3,1
2023,03500405,14,14101,93,68,14,147,55,44,9
2023,03500405,14,14102,4,0,0,2,4,2,1
2023,03500405,14,14103,,1,0,,1,0,1
2023,03500405,14,14105,1,,1,,1,0,1
2023,03500405,14,14106,2,,0,,2,0,1
2023,03500405,14,14107,2,3,1,4,5,4,1
2023,03500405,14,14108,14,11,5,17,12,6,4
2023,03500405,14,14201,12,11,4,23,15,15,7
2023,03500405,14,14202,1,,,,1,0,1
2023,03500405,14,14204,7,6,1,12,8,7,2
2023,03500405,15,15101,35,12,12,39,28,24,8
2023,03500405,15,15201,1,,0,,1,0,1
2023,03500405,16,16101,52,37,1,71,41,29,6
2023,03500405,16,16102,12,2,0,4,9,2,3
2023,03500405,16,16103,12,7,0,6,13,3,3
2023,03500405,16,16104,3,9,0,,8,0,1
2023,03500405,16,16106,6,4,0,10,4,4,1
2023,03500405,16,16107,16,5,0,21,8,8,1
2023,03500405,16,16108,9,3,0,4,8,2,2
2023,03500405,16,16109,15,3,0,16,10,8,2
2023,03500405,16,16201,13,7,1,6,9,2,1
2023,03500405,16,16202,2,,,,1,0,1
2023,03500405,16,16203,8,10,0,7,9,2,1
2023,03500405,16,16206,2,2,0,4,3,3,1
2023,03500405,16,16207,2,8,0,,4,0,1
2023,03500405,16,16301,35,25,0,40,25,10,4
2023,03500405,16,16302,20,11,0,20,16,7,2
2023,03500405,16,16303,0,1,0,1,1,1,1
2023,03500405,16,16304,1,,0,,1,0,1
2023,03500405,16,16305,24,16,0,28,17,7,2
2023,03500405,2,02101,182,92,3,245,76,65,9
2023,03500405,2,02201,37,22,1,46,20,11,5
2023,03500405,2,02203,1,1,0,1,2,1,1
2023,03500405,2,02302,3,,0,,2,0,1
2023,03500405,3,03101,28,25,1,48,36,31,8
2023,03500405,3,03102,1,0,0,1,1,1,1
2023,03500405,3,03103,15,13,0,11,14,4,2
2023,03500405,3,03201,2,4,0,3,5,2,2
2023,03500405,3,03202,15,10,2,14,15,5,3
2023,03500405,3,03301,28,19,3,42,29,26,4
2023,03500405,3,03302,3,2,0,2,4,1,2
2023,03500405,3,03303,3,3,3,,5,0,1
2023,03500405,3,03304,3,1,0,2,3,1,2
2023,03500405,4,04101,121,60,0,165,61,49,12
2023,03500405,4,04102,143,104,3,238,64,58,9
2023,03500405,4,04103,13,10,3,16,10,5,1
2023,03500405,4,04106,1,,0,,1,0,1
2023,03500405,4,04201,2,2,0,,4,0,3
2023,03500405,4,04203,2,,1,,2,0,2
2023,03500405,4,04204,4,3,0,4,7,4,4
2023,03500405,4,04301,16,3,0,9,13,5,6
2023,03500405,4,04302,1,2,0,3,1,1,1
2023,03500405,4,04303,2,2,0,,4,0,3
2023,03500405,4,04304,3,1,0,,4,0,1
2023,03500405,5,05101,112,66,0,151,79,61,12
2023,03500405,5,05103,17,8,0,24,10,9,1
2023,03500405,5,05104,,1,0,,1,0,1
2023,03500405,5,05105,9,4,0,7,10,5,3
2023,03500405,5,05107,33,10,0,26,9,4,2
2023,03500405,5,05109,95,51,0,125,45,29,10
2023,03500405,5,05301,21,14,0,25,19,11,3
2023,03500405,5,05302,9,5,1,13,7,6,2
2023,03500405,5,05303,13,1,0,11,11,9,1
2023,03500405,5,05401,35,16,0,41,25,15,8
2023,03500405,5,05402,20,10,0,29,10,9,3
2023,03500405,5,05403,1,,0,,1,0,1
2023,03500405,5,05404,6,5,0,7,10,7,3
2023,03500405,5,05405,8,2,0,1,7,1,2
2023,03500405,5,05501,62,37,1,78,27,12,5
2023,03500405,5,05502,16,10,0,13,17,8,5
2023,03500405,5,05503,15,9,0,9,17,5,3
2023,03500405,5,05504,20,16,0,34,10,8,1
2023,03500405,5,05506,4,3,0,4,6,3,3
2023,03500405,5,05601,35,26,0,53,26,18,5
2023,03500405,5,05602,2,2,0,2,3,1,1
2023,03500405,5,05603,7,4,0,11,6,6,2
2023,03500405,5,05604,1,1,0,1,2,1,1
2023,03500405,5,05605,3,1,0,1,4,1,2
2023,03500405,5,05701,17,34,0,38,17,10,4
2023,03500405,5,05702,7,1,0,3,7,3,2
2023,03500405,5,05703,23,12,0,29,8,6,1
2023,03500405,5,05704,9,2,0,9,8,6,1
2023,03500405,5,05705,6,5,0,9,6,4,1
2023,03500405,5,05706,7,6,0,3,8,1,1
2023,03500405,5,05801,80,43,2,106,51,38,6
2023,03500405,5,05802,37,20,0,50,19,14,2
2023,03500405,5,05803,5,6,0,11,6,6,1
2023,03500405,5,05804,98,66,3,158,56,51,5
2023,03500405,6,06101,131,70,0,177,69,55,9
2023,03500405,6,06102,12,6,0,17,10,9,2
2023,03500405,6,06103,8,2,0,2,6,1,1
2023,03500405,6,06104,,1,0,,1,0,1
2023,03500405,6,06105,2,0,0,2,2,2,2
2023,03500405,6,06106,3,3,0,4,4,3,1
2023,03500405,6,06107,4,0,0,2,4,2,2
2023,03500405,6,06108,1,0,,1,1,1,1
2023,03500405,6,06109,2,4,0,5,6,5,2
2023,03500405,6,06110,13,4,0,2,14,1,2
2023,03500405,6,06111,7,1,0,5,7,4,3
2023,03500405,6,06112,3,1,0,2,3,1,2
2023,03500405,6,06113,6,3,0,7,9,7,4
2023,03500405,6,06114,1,,,,1,0,1
2023,03500405,6,06115,32,19,0,32,29,15,6
2023,03500405,6,06116,,1,0,,1,0,1
2023,03500405,6,06117,10,3,0,7,8,2,2
2023,03500405,6,06202,3,2,0,2,4,2,1
2023,03500405,6,06204,1,0,0,1,1,1,1
2023,03500405,6,06301,38,22,0,52,21,14,6
2023,03500405,6,06302,4,5,0,8,5,4,1
2023,03500405,6,06303,3,3,0,3,5,3,2
2023,03500405,6,06304,,1,0,,1,0,1
2023,03500405,6,06305,2,,,,1,0,1
2023,03500405,6,06306,1,2,0,,3,0,2
2023,03500405,6,06307,5,0,0,2,3,1,2
2023,03500405,6,06308,5,1,0,6,4,4,1
2023,03500405,6,06309,6,0,0,3,4,2,1
2023,03500405,6,06310,12,7,0,14,8,4,1
2023,03500405,7,07101,151,79,0,175,87,49,11
2023,03500405,7,07102,20,5,0,4,21,2,4
2023,03500405,7,07103,9,6,0,12,6,5,1
2023,03500405,7,07104,2,2,,,4,0,1
2023,03500405,7,07105,22,10,0,30,18,16,5
2023,03500405,7,07106,13,10,0,12,14,4,4
2023,03500405,7,07107,1,3,0,,4,0,1
2023,03500405,7,07108,7,3,0,10,1,1,1
2023,03500405,7,07109,24,6,0,6,19,4,6
2023,03500405,7,07110,5,5,0,7,5,2,2
2023,03500405,7,07201,29,11,0,9,24,3,3
2023,03500405,7,07203,7,3,,3,6,1,2
2023,03500405,7,07301,112,40,0,118,53,36,8
2023,03500405,7,07302,4,2,,3,4,1,1
2023,03500405,7,07303,2,4,0,1,6,1,2
2023,03500405,7,07304,49,32,0,57,28,14,3
2023,03500405,7,07305,4,,0,,3,0,2
2023,03500405,7,07306,17,4,0,6,9,2,1
2023,03500405,7,07307,8,7,0,9,7,4,1
2023,03500405,7,07308,18,11,0,15,16,5,3
2023,03500405,7,07401,33,20,0,27,26,9,4
2023,03500405,7,07402,8,6,0,4,12,2,3
2023,03500405,7,07403,7,8,0,4,10,1,3
2023,03500405,7,07404,27,23,0,31,24,8,5
2023,03500405,7,07405,9,1,0,,8,0,2
2023,03500405,7,07406,59,42,1,101,14,14,2
2023,03500405,7,07407,3,1,,,4,0,1
2023,03500405,7,07408,4,2,0,3,5,2,2
2023,03500405,8,08101,31,16,0,28,25,10,5
2023,03500405,8,08102,39,22,0,57,15,12,2
2023,03500405,8,08103,17,4,0,20,13,12,4
2023,03500405,8,08105,10,4,0,11,7,4,2
2023,03500405,8,08106,27,12,0,30,21,13,3
2023,03500405,8,08107,8,7,0,12,6,4,1
2023,03500405,8,08108,28,17,0,39,16,13,3
2023,03500405,8,08109,9,15,0,21,9,7,1
2023,03500405,8,08110,15,9,0,13,14,6,3
2023,03500405,8,08111,44,28,0,55,31,17,7
2023,03500405,8,08112,16,11,0,8,21,4,6
2023,03500405,8,08201,12,13,1,22,9,6,1
2023,03500405,8,08202,31,20,0,42,22,15,4
2023,03500405,8,08203,20,16,0,28,11,7,1
2023,03500405,8,08204,4,4,0,2,7,1,2
2023,03500405,8,08205,30,25,0,38,21,11,2
2023,03500405,8,08206,22,8,1,4,23,2,5
2023,03500405,8,08301,51,32,0,57,33,16,9
2023,03500405,8,08302,8,1,0,,8,0,1
2023,03500405,8,08303,5,2,0,7,1,1,1
2023,03500405,8,08304,1,1,0,1,2,1,2
2023,03500405,8,08305,0,3,0,3,3,3,1
2023,03500405,8,08306,11,6,0,8,11,3,3
2023,03500405,8,08307,1,2,0,,3,0,1
2023,03500405,8,08308,4,2,1,6,3,3,1
2023,03500405,8,08309,2,1,0,2,2,1,1
2023,03500405,8,08310,1,0,0,1,1,1,1
2023,03500405,8,08311,5,8,3,7,8,3,2
2023,03500405,8,08312,4,10,0,3,9,2,2
2023,03500405,8,08313,4,1,0,4,5,4,1
2023,03500405,8,08314,2,,2,,2,0,2
2023,03500405,9,09101,85,52,17,135,65,63,10
2023,03500405,9,09105,0,1,0,1,1,1,1
2023,03500405,9,09106,2,4,4,2,6,2,3
2023,03500405,9,09108,1,,1,,1,0,1
2023,03500405,9,09109,2,1,2,,3,0,2
2023,03500405,9,09110,,1,0,,1,0,1
2023,03500405,9,09111,1,,0,,1,0,1
2023,03500405,9,09112,33,21,7,44,32,22,5
2023,03500405,9,09114,2,2,0,3,2,1,2
2023,03500405,9,09115,4,1,0,4,4,3,1
2023,03500405,9,09116,1,,0,,1,0,1
2023,03500405,9,09119,2,0,0,2,1,1,1
2023,03500405,9,09120,3,2,1,1,5,1,3
2023,03500405,9,09201,10,7,1,17,9,9,2
2023,03500405,9,09202,,1,0,,1,0,1
2023,03500405,9,09203,1,,0,,1,0,1
2023,03500405,9,09204,21,4,13,24,10,9,2
2023,03500405,9,09205,2,,2,,2,0,1
2023,03500405,9,09206,7,2,3,9,6,6,1
2023,05990022,1,01101,32,20,12,32,17,17,3
2023,05990022,1,01107,70,57,13,70,33,33,6
2023,05990022,1,01401,10,9,1,10,9,9,3
2023,05990022,10,10101,166,112,54,166,75,75,14
2023,05990022,10,10102,15,8,7,15,12,12,4
2023,05990022,10,10104,3,3,0,3,3,3,2
2023,05990022,10,10105,9,5,4,9,7,7,3
2023,05990022,10,10106,1,0,1,1,1,1,1
2023,05990022,10,10107,5,2,3,5,4,4,1
2023,05990022,10,10108,4,2,2,4,2,2,1
2023,05990022,10,10109,41,27,14,41,16,16,3
2023,05990022,10,10201,19,11,8,19,11,11,4
2023,05990022,10,10202,15,10,5,15,11,11,3
2023,05990022,10,10205,5,5,0,5,4,4,2
2023,05990022,10,10208,15,11,4,15,13,13,5
2023,05990022,10,10209,1,1,0,1,1,1,1
2023,05990022,10,10210,2,1,1,2,2,2,1
2023,05990022,10,10301,80,56,24,80,42,42,9
2023,05990022,10,10302,4,3,1,4,3,3,1
2023,05990022,10,10303,6,3,3,6,5,5,1
2023,05990022,10,10304,1,1,0,1,1,1,1
2023,05990022,10,10306,1,1,0,1,1,1,1
2023,05990022,10,10307,16,12,4,16,5,5,1
2023,05990022,10,10401,6,6,0,6,5,5,1
2023,05990022,10,10403,8,3,5,8,5,5,2
2023,05990022,10,10404,2,2,0,2,2,2,1
2023,05990022,11,11101,74,50,24,74,28,28,4
2023,05990022,11,11201,33,22,11,33,16,16,3
2023,05990022,11,11202,5,4,1,5,5,5,3
2023,05990022,11,11203,1,0,1,1,1,1,1
2023,05990022,11,11301,6,6,0,6,5,5,1
2023,05990022,11,11401,3,2,1,3,3,3,2
2023,05990022,11,11402,3,3,0,3,3,3,2
2023,05990022,12,12101,38,31,7,38,25,25,7
2023,05990022,12,12301,2,0,2,2,1,1,1
2023,05990022,13,13101,55,39,16,55,27,27,9
2023,05990022,13,13102,24,13,11,24,15,15,3
2023,05990022,13,13103,68,56,12,68,20,20,4
2023,05990022,13,13104,26,17,9,26,11,11,2
2023,05990022,13,13105,101,73,28,101,51,51,9
2023,05990022,13,13106,1,1,0,1,1,1,1
2023,05990022,13,13107,16,11,5,16,14,14,6
2023,05990022,13,13108,24,14,10,24,11,11,3
2023,05990022,13,13109,49,34,15,49,12,12,3
2023,05990022,13,13110,257,190,67,257,66,66,12
2023,05990022,13,13111,39,33,6,39,25,25,6
2023,05990022,13,13112,63,39,24,63,39,39,7
2023,05990022,13,13113,5,5,0,5,4,4,2
2023,05990022,13,13114,1,1,0,1,1,1,1
2023,05990022,13,13115,4,3,1,4,4,4,1
2023,05990022,13,13116,37,27,10,37,23,23,5
2023,05990022,13,13117,23,19,4,23,11,11,3
2023,05990022,13,13118,14,12,2,14,11,11,3
2023,05990022,13,13119,47,35,12,47,27,27,9
2023,05990022,13,13120,32,14,18,32,16,16,4
2023,05990022,13,13121,77,59,18,77,38,38,6
2023,05990022,13,13122,23,14,9,23,13,13,4
2023,05990022,13,13123,23,21,2,23,12,12,4
2023,05990022,13,13124,87,65,22,87,33,33,7
2023,05990022,13,13125,42,33,9,42,23,23,4
2023,05990022,13,13126,56,43,13,56,27,27,5
2023,05990022,13,13127,28,22,6,28,19,19,5
2023,05990022,13,13128,61,46,15,61,35,35,5
2023,05990022,13,13129,68,50,18,68,44,44,10
2023,05990022,13,13130,78,59,19,78,14,14,4
2023,05990022,13,13131,74,46,28,74,31,31,6
2023,05990022,13,13132,9,7,2,9,7,7,2
2023,05990022,13,13201,84,44,40,84,23,23,3
2023,05990022,13,13203,4,3,1,4,4,4,3
2023,05990022,13,13301,69,56,13,69,24,24,3
2023,05990022,13,13302,56,39,17,56,17,17,4
2023,05990022,13,13303,8,5,3,8,6,6,3
2023,05990022,13,13401,91,73,18,91,50,50,10
2023,05990022,13,13402,46,27,19,46,30,30,7
2023,05990022,13,13403,4,4,0,4,4,4,2
2023,05990022,13,13404,39,27,12,39,18,18,4
2023,05990022,13,13501,16,9,7,16,7,7,6
2023,05990022,13,13502,6,5,1,6,5,5,2
2023,05990022,13,13503,6,3,3,6,6,6,3
2023,05990022,13,13504,11,10,1,11,11,11,4
2023,05990022,13,13505,3,2,1,3,2,2,1
2023,05990022,13,13601,39,30,9,39,9,9,2
2023,05990022,13,13602,9,6,3,9,7,7,2
2023,05990022,13,13603,3,1,2,3,3,3,2
2023,05990022,13,13604,4,4,0,4,3,3,1
2023,05990022,13,13605,15,8,7,15,9,9,2
2023,05990022,14,14101,102,80,22,102,52,52,15
2023,05990022,14,14102,9,8,1,9,5,5,2
2023,05990022,14,14103,7,5,2,7,5,5,1
2023,05990022,14,14104,14,10,4,14,7,7,3
2023,05990022,14,14105,2,2,0,2,2,2,1
2023,05990022,14,14106,78,58,20,78,15,15,3
2023,05990022,14,14107,1,0,1,1,1,1,1
2023,05990022,14,14108,23,19,4,23,17,17,3
2023,05990022,14,14201,13,9,4,13,5,5,1
2023,05990022,14,14202,4,4,0,4,4,4,2
2023,05990022,14,14204,5,5,0,5,5,5,2
2023,05990022,15,15101,80,59,21,80,38,38,11
2023,05990022,15,15201,1,1,0,1,1,1,1
2023,05990022,16,16101,442,294,148,442,99,99,12
2023,05990022,16,16102,8,5,3,8,7,7,3
2023,05990022,16,16103,62,46,16,62,19,19,2
2023,05990022,16,16104,17,13,4,17,9,9,1
2023,05990022,16,16105,2,1,1,2,2,2,1
2023,05990022,16,16106,10,7,3,10,5,5,2
2023,05990022,16,16107,38,29,9,38,13,13,3
2023,05990022,16,16108,13,5,8,13,11,11,3
2023,05990022,16,16109,24,16,8,24,11,11,2
2023,05990022,16,16201,25,10,15,25,10,10,1
2023,05990022,16,16203,24,20,4,24,10,10,1
2023,05990022,16,16204,2,2,0,2,2,2,1
2023,05990022,16,16205,4,2,2,4,4,4,1
2023,05990022,16,16206,4,3,1,4,3,3,1
2023,05990022,16,16207,5,2,3,5,3,3,1
2023,05990022,16,16301,172,122,50,172,33,33,4
2023,05990022,16,16302,23,19,4,23,16,16,5
2023,05990022,16,16304,3,3,0,3,3,3,1
2023,05990022,16,16305,21,13,8,21,12,12,2
2023,05990022,2,02101,141,99,42,141,54,54,8
2023,05990022,2,02102,6,4,2,6,4,4,1
2023,05990022,2,02103,2,2,0,2,2,2,2
2023,05990022,2,02104,14,13,1,14,4,4,1
2023,05990022,2,02201,53,41,12,53,35,35,6
2023,05990022,2,02203,4,2,2,4,3,3,1
2023,05990022,2,02301,1,1,0,1,1,1,1
2023,05990022,3,03101,238,179,59,238,36,36,8
2023,05990022,3,03102,1,0,1,1,1,1,1
2023,05990022,3,03103,12,6,6,12,5,5,1
2023,05990022,3,03201,5,5,0,5,4,4,1
2023,05990022,3,03202,2,1,1,2,2,2,2
2023,05990022,3,03301,4,3,1,4,4,4,3
2023,05990022,3,03303,2,1,1,2,1,1,1
2023,05990022,3,03304,5,1,4,5,2,2,1
2023,05990022,4,04101,185,120,65,185,78,78,10
2023,05990022,4,04102,154,108,46,154,60,60,11
2023,05990022,4,04103,22,14,8,22,8,8,1
2023,05990022,4,04105,1,1,0,1,1,1,1
2023,05990022,4,04106,7,4,3,7,6,6,3
2023,05990022,4,04201,22,19,3,22,16,16,6
2023,05990022,4,04202,8,6,2,8,6,6,1
2023,05990022,4,04203,37,32,5,37,14,14,4
2023,05990022,4,04204,23,16,7,23,14,14,5
2023,05990022,4,04301,71,56,15,71,32,32,8
2023,05990022,4,04303,9,6,3,9,7,7,3
2023,05990022,4,04304,6,4,2,6,5,5,1
2023,05990022,4,04305,1,1,0,1,1,1,1
2023,05990022,5,05101,124,95,29,124,73,73,17
2023,05990022,5,05102,6,5,1,6,4,4,1
2023,05990022,5,05103,9,7,2,9,5,5,1
2023,05990022,5,05105,2,1,1,2,2,2,2
2023,05990022,5,05107,17,15,2,17,8,8,1
2023,05990022,5,05109,54,38,16,54,42,42,12
2023,05990022,5,05201,14,11,3,14,6,6,1
2023,05990022,5,05301,24,16,8,24,14,14,4
2023,05990022,5,05302,5,3,2,5,4,4,1
2023,05990022,5,05304,4,4,0,4,4,4,1
2023,05990022,5,05401,57,41,16,57,18,18,4
2023,05990022,5,05402,13,10,3,13,9,9,3
2023,05990022,5,05403,15,13,2,15,8,8,2
2023,05990022,5,05404,4,2,2,4,4,4,2
2023,05990022,5,05405,1,1,0,1,1,1,1
2023,05990022,5,05501,100,68,32,100,48,48,8
2023,05990022,5,05502,18,10,8,18,16,16,4
2023,05990022,5,05503,14,10,4,14,6,6,2
2023,05990022,5,05504,61,35,26,61,6,6,1
2023,05990022,5,05506,15,11,4,15,10,10,3
2023,05990022,5,05601,101,68,33,101,51,51,9
2023,05990022,5,05602,4,1,3,4,3,3,1
2023,05990022,5,05603,2,1,1,2,2,2,1
2023,05990022,5,05604,2,2,0,2,2,2,2
2023,05990022,5,05605,6,4,2,6,4,4,1
2023,05990022,5,05701,51,40,11,51,26,26,5
2023,05990022,5,05702,16,11,5,16,9,9,2
2023,05990022,5,05703,16,13,3,16,11,11,2
2023,05990022,5,05704,2,1,1,2,2,2,1
2023,05990022,5,05705,2,0,2,2,2,2,1
2023,05990022,5,05706,14,11,3,14,10,10,2
2023,05990022,5,05801,81,53,28,81,44,44,6
2023,05990022,5,05802,14,9,5,14,8,8,2
2023,05990022,5,05803,1,1,0,1,1,1,1
2023,05990022,5,05804,27,13,14,27,17,17,5
2023,05990022,6,06101,80,51,29,80,49,49,13
2023,05990022,6,06102,7,4,3,7,5,5,1
2023,05990022,6,06105,8,6,2,8,5,5,2
2023,05990022,6,06106,7,3,4,7,5,5,2
2023,05990022,6,06107,16,11,5,16,11,11,4
2023,05990022,6,06108,7,7,0,7,6,6,2
2023,05990022,6,06109,1,1,0,1,1,1,1
2023,05990022,6,06110,3,3,0,3,2,2,1
2023,05990022,6,06111,8,7,1,8,6,6,2
2023,05990022,6,06112,4,4,0,4,4,4,1
2023,05990022,6,06113,7,4,3,7,5,5,1
2023,05990022,6,06115,18,11,7,18,12,12,4
2023,05990022,6,06116,2,0,2,2,1,1,1
2023,05990022,6,06117,5,3,2,5,5,5,1
2023,05990022,6,06201,2,2,0,2,2,2,1
2023,05990022,6,06202,1,1,0,1,1,1,1
2023,05990022,6,06203,3,2,1,3,3,3,3
2023,05990022,6,06204,2,1,1,2,1,1,1
2023,05990022,6,06206,1,1,0,1,1,1,1
2023,05990022,6,06301,23,14,9,23,20,20,6
2023,05990022,6,06303,13,9,4,13,12,12,4
2023,05990022,6,06304,4,3,1,4,3,3,1
2023,05990022,6,06305,3,2,1,3,3,3,2
2023,05990022,6,06306,1,1,0,1,1,1,1
2023,05990022,6,06308,1,1,0,1,1,1,1
2023,05990022,6,06310,26,18,8,26,10,10,1
2023,05990022,7,07101,79,57,22,79,49,49,9
2023,05990022,7,07102,6,5,1,6,5,5,2
2023,05990022,7,07104,2,2,0,2,2,2,1
2023,05990022,7,07105,25,17,8,25,11,11,2
2023,05990022,7,07106,3,2,1,3,2,2,2
2023,05990022,7,07108,11,10,1,11,6,6,1
2023,05990022,7,07109,18,15,3,18,5,5,1
2023,05990022,7,07201,9,8,1,9,6,6,3
2023,05990022,7,07203,1,1,0,1,1,1,1
2023,05990022,7,07301,44,37,7,44,31,31,6
2023,05990022,7,07303,3,2,1,3,3,3,2
2023,05990022,7,07304,14,10,4,14,9,9,3
2023,05990022,7,07305,1,1,0,1,1,1,1
2023,05990022,7,07306,2,1,1,2,2,2,1
2023,05990022,7,07307,1,0,1,1,1,1,1
2023,05990022,7,07308,7,5,2,7,6,6,1
2023,05990022,7,07401,56,47,9,56,31,31,7
2023,05990022,7,07402,26,22,4,26,12,12,2
2023,05990022,7,07403,8,7,1,8,3,3,2
2023,05990022,7,07404,12,11,1,12,10,10,1
2023,05990022,7,07405,1,1,0,1,1,1,1
2023,05990022,7,07406,11,8,3,11,8,8,3
2023,05990022,7,07408,1,0,1,1,1,1,1
2023,05990022,8,08101,186,123,63,186,68,68,10
2023,05990022,8,08102,96,69,27,96,41,41,8
2023,05990022,8,08103,16,14,2,16,13,13,4
2023,05990022,8,08104,5,4,1,5,4,4,3
2023,05990022,8,08105,5,4,1,5,5,5,3
2023,05990022,8,08106,65,51,14,65,24,24,5
2023,05990022,8,08107,93,67,26,93,33,33,4
2023,05990022,8,08108,38,26,12,38,25,25,6
2023,05990022,8,08109,15,13,2,15,7,7,2
2023,05990022,8,08110,151,82,69,151,47,47,11
2023,05990022,8,08111,42,29,13,42,18,18,5
2023,05990022,8,08112,69,55,14,69,28,28,5
2023,05990022,8,08201,46,36,10,46,19,19,4
2023,05990022,8,08202,55,35,20,55,14,14,4
2023,05990022,8,08203,30,26,4,30,19,19,5
2023,05990022,8,08204,3,3,0,3,3,3,1
2023,05990022,8,08205,54,39,15,54,14,14,3
2023,05990022,8,08206,22,12,10,22,13,13,4
2023,05990022,8,08207,10,10,0,10,6,6,3
2023,05990022,8,08301,70,57,13,70,48,48,12
2023,05990022,8,08303,10,8,2,10,6,6,2
2023,05990022,8,08304,3,3,0,3,3,3,2
2023,05990022,8,08306,4,2,2,4,3,3,2
2023,05990022,8,08307,3,3,0,3,3,3,1
2023,05990022,8,08309,2,1,1,2,2,2,1
2023,05990022,8,08310,3,2,1,3,3,3,2
2023,05990022,8,08312,2,1,1,2,2,2,2
2023,05990022,8,08313,4,4,0,4,2,2,1
2023,05990022,8,08314,1,1,0,1,1,1,1
2023,05990022,9,09101,105,70,35,105,55,55,13
2023,05990022,9,09102,1,1,0,1,1,1,1
2023,05990022,9,09103,9,8,1,9,7,7,2
2023,05990022,9,09104,1,1,0,1,1,1,1
2023,05990022,9,09105,3,3,0,3,3,3,2
2023,05990022,9,09106,1,1,0,1,1,1,1
2023,05990022,9,09107,4,1,3,4,3,3,1
2023,05990022,9,09108,48,34,14,48,17,17,4
2023,05990022,9,09109,5,4,1,5,5,5,3
2023,05990022,9,09110,4,4,0,4,4,4,1
2023,05990022,9,09111,22,21,1,22,15,15,4
2023,05990022,9,09112,16,10,6,16,10,10,8
2023,05990022,9,09114,20,15,5,20,13,13,3
2023,05990022,9,09115,4,2,2,4,4,4,1
2023,05990022,9,09116,2,1,1,2,1,1,1
2023,05990022,9,09117,2,1,1,2,2,2,1
2023,05990022,9,09118,3,3,0,3,3,3,1
2023,05990022,9,09119,4,0,4,4,3,3,3
2023,05990022,9,09120,16,9,7,16,13,13,4
2023,05990022,9,09201,90,70,20,90,32,32,4
2023,05990022,9,09202,26,21,5,26,13,13,4
2023,05990022,9,09203,9,6,3,9,4,4,1
2023,05990022,9,09205,2,2,0,2,1,1,1
2023,05990022,9,09206,1,1,0,1,1,1,1
2023,05990022,9,09207,2,2,0,2,1,1,1
2023,05990022,9,09208,5,5,0,5,4,4,2
2023,05990022,9,09209,1,0,1,1,1,1,1
2023,05990022,9,09210,13,10,3,13,9,9,2
2023,05990022,9,09211,36,22,14,36,15,15,3
2023,05990023,1,01101,16,7,9,16,12,12,5
2023,05990023,1,01107,9,9,0,9,8,8,5
2023,05990023,1,01404,5,5,0,5,4,4,2
2023,05990023,10,10101,12,6,6,12,11,11,5
2023,05990023,10,10102,1,1,0,1,1,1,1
2023,05990023,10,10105,2,1,1,2,2,2,1
2023,05990023,10,10201,3,0,3,3,2,2,1
2023,05990023,10,10202,4,3,1,4,4,4,3
2023,05990023,10,10205,2,2,0,2,2,2,1
2023,05990023,10,10208,3,1,2,3,2,2,1
2023,05990023,10,10301,24,15,9,24,19,19,9
2023,05990023,10,10307,2,2,0,2,2,2,2
2023,05990023,11,11101,7,4,3,7,7,7,2
2023,05990023,11,11201,2,2,0,2,2,2,2
2023,05990023,12,12101,14,10,4,14,10,10,4
2023,05990023,12,12401,2,2,0,2,2,2,1
2023,05990023,13,13101,6,4,2,6,6,6,6
2023,05990023,13,13102,2,2,0,2,2,2,2
2023,05990023,13,13103,5,5,0,5,4,4,2
2023,05990023,13,13104,17,14,3,17,9,9,2
2023,05990023,13,13105,10,6,4,10,9,9,4
2023,05990023,13,13107,17,12,5,17,11,11,4
2023,05990023,13,13108,2,2,0,2,2,2,1
2023,05990023,13,13109,7,3,4,7,4,4,1
2023,05990023,13,13110,64,52,12,64,35,35,11
2023,05990023,13,13111,8,8,0,8,6,6,4
2023,05990023,13,13112,4,2,2,4,3,3,3
2023,05990023,13,13114,4,2,2,4,4,4,1
2023,05990023,13,13115,3,2,1,3,3,3,1
2023,05990023,13,13116,13,6,7,13,8,8,4
2023,05990023,13,13117,30,21,9,30,10,10,2
2023,05990023,13,13118,15,10,5,15,7,7,3
2023,05990023,13,13119,4,3,1,4,4,4,2
2023,05990023,13,13120,4,2,2,4,4,4,3
2023,05990023,13,13121,12,8,4,12,9,9,3
2023,05990023,13,13122,7,6,1,7,7,7,4
2023,05990023,13,13123,52,32,20,52,12,12,1
2023,05990023,13,13124,22,16,6,22,15,15,4
2023,05990023,13,13125,29,23,6,29,15,15,4
2023,05990023,13,13126,8,6,2,8,7,7,2
2023,05990023,13,13127,3,2,1,3,3,3,2
2023,05990023,13,13128,6,6,0,6,6,6,4
2023,05990023,13,13129,7,5,2,7,6,6,5
2023,05990023,13,13131,13,8,5,13,4,4,3
2023,05990023,13,13201,68,37,31,68,15,15,2
2023,05990023,13,13202,1,0,1,1,1,1,1
2023,05990023,13,13301,6,1,5,6,3,3,2
2023,05990023,13,13302,23,17,6,23,9,9,3
2023,05990023,13,13303,1,1,0,1,1,1,1
2023,05990023,13,13401,7,5,2,7,6,6,5
2023,05990023,13,13402,7,4,3,7,6,6,4
2023,05990023,13,13403,1,1,0,1,1,1,1
2023,05990023,13,13404,1,1,0,1,1,1,1
2023,05990023,13,13501,4,4,0,4,4,4,3
2023,05990023,13,13504,1,1,0,1,1,1,1
2023,05990023,13,13505,2,2,0,2,2,2,2
2023,05990023,13,13602,1,1,0,1,1,1,1
2023,05990023,13,13604,1,0,1,1,1,1,1
2023,05990023,13,13605,3,2,1,3,2,2,1
2023,05990023,14,14101,3,2,1,3,3,3,2
2023,05990023,14,14106,3,2,1,3,3,3,3
2023,05990023,14,14201,10,10,0,10,4,4,1
2023,05990023,14,14202,2,0,2,2,2,2,1
2023,05990023,15,15101,15,11,4,15,12,12,6
2023,05990023,16,16101,19,14,5,19,11,11,5
2023,05990023,16,16102,1,1,0,1,1,1,1
2023,05990023,16,16103,6,5,1,6,4,4,1
2023,05990023,16,16106,3,2,1,3,3,3,2
2023,05990023,16,16107,5,0,5,5,5,5,1
2023,05990023,16,16109,3,1,2,3,3,3,1
2023,05990023,16,16301,5,5,0,5,3,3,2
2023,05990023,2,02101,18,15,3,18,14,14,4
2023,05990023,2,02104,12,9,3,12,3,3,1
2023,05990023,2,02201,3,0,3,3,3,3,2
2023,05990023,2,02203,1,0,1,1,1,1,1
2023,05990023,3,03101,5,0,5,5,5,5,1
2023,05990023,3,03102,1,1,0,1,1,1,1
2023,05990023,3,03301,1,1,0,1,1,1,1
2023,05990023,3,03303,1,0,1,1,1,1,1
2023,05990023,4,04101,21,16,5,21,13,13,7
2023,05990023,4,04102,9,5,4,9,8,8,6
2023,05990023,4,04106,2,0,2,2,1,1,1
2023,05990023,4,04201,3,2,1,3,3,3,2
2023,05990023,4,04204,3,3,0,3,2,2,1
2023,05990023,4,04301,7,6,1,7,6,6,2
2023,05990023,4,04303,1,1,0,1,1,1,1
2023,05990023,5,05101,21,13,8,21,15,15,8
2023,05990023,5,05102,2,1,1,2,1,1,1
2023,05990023,5,05107,7,7,0,7,4,4,2
2023,05990023,5,05109,7,4,3,7,6,6,4
2023,05990023,5,05503,2,2,0,2,2,2,2
2023,05990023,5,05504,1,0,1,1,1,1,1
2023,05990023,5,05506,1,1,0,1,1,1,1
2023,05990023,5,05601,6,3,3,6,4,4,4
2023,05990023,5,05604,2,2,0,2,2,2,1
2023,05990023,5,05606,4,1,3,4,2,2,2
2023,05990023,5,05701,9,8,1,9,7,7,3
2023,05990023,5,05702,4,2,2,4,4,4,1
2023,05990023,5,05703,1,1,0,1,1,1,1
2023,05990023,5,05706,1,0,1,1,1,1,1
2023,05990023,5,05801,3,2,1,3,3,3,2
2023,05990023,5,05802,1,0,1,1,1,1,1
2023,05990023,5,05803,1,1,0,1,1,1,1
2023,05990023,5,05804,1,0,1,1,1,1,1
2023,05990023,6,06101,14,12,2,14,13,13,8
2023,05990023,6,06102,1,1,0,1,1,1,1
2023,05990023,6,06106,5,1,4,5,1,1,1
2023,05990023,6,06107,2,2,0,2,2,2,2
2023,05990023,6,06108,1,0,1,1,1,1,1
2023,05990023,6,06110,2,1,1,2,2,2,1
2023,05990023,6,06115,1,1,0,1,1,1,1
2023,05990023,6,06116,1,1,0,1,1,1,1
2023,05990023,6,06117,5,2,3,5,5,5,2
2023,05990023,6,06203,3,3,0,3,3,3,1
2023,05990023,6,06205,2,0,2,2,1,1,1
2023,05990023,6,06301,3,3,0,3,2,2,2
2023,05990023,6,06302,1,0,1,1,1,1,1
2023,05990023,6,06304,1,0,1,1,1,1,1
2023,05990023,6,06306,2,2,0,2,2,2,1
2023,05990023,6,06310,21,18,3,21,1,1,1
2023,05990023,7,07101,8,5,3,8,8,8,5
2023,05990023,7,07103,1,1,0,1,1,1,1
2023,05990023,7,07105,3,3,0,3,3,3,2
2023,05990023,7,07106,2,1,1,2,1,1,1
2023,05990023,7,07301,19,12,7,19,16,16,4
2023,05990023,7,07304,3,2,1,3,3,3,2
2023,05990023,7,07308,1,1,0,1,1,1,1
2023,05990023,7,07401,8,7,1,8,8,8,4
2023,05990023,7,07404,1,1,0,1,1,1,1
2023,05990023,7,07406,5,3,2,5,4,4,1
2023,05990023,8,08101,49,22,27,49,28,28,6
2023,05990023,8,08102,9,6,3,9,7,7,4
2023,05990023,8,08103,1,0,1,1,1,1,1
2023,05990023,8,08105,2,1,1,2,2,2,2
2023,05990023,8,08106,5,3,2,5,3,3,2
2023,05990023,8,08107,12,6,6,12,6,6,2
2023,05990023,8,08108,7,3,4,7,7,7,2
2023,05990023,8,08109,2,1,1,2,1,1,1
2023,05990023,8,08110,38,25,13,38,23,23,7
2023,05990023,8,08111,5,3,2,5,5,5,2
2023,05990023,8,08112,66,39,27,66,34,34,7
2023,05990023,8,08201,13,8,5,13,9,9,2
2023,05990023,8,08202,25,12,13,25,12,12,3
2023,05990023,8,08203,3,2,1,3,3,3,2
2023,05990023,8,08206,5,2,3,5,5,5,3
2023,05990023,8,08301,25,17,8,25,17,17,9
2023,05990023,8,08303,1,0,1,1,1,1,1
2023,05990023,8,08304,3,2,1,3,3,3,2
2023,05990023,8,08306,1,1,0,1,1,1,1
2023,05990023,8,08312,1,1,0,1,1,1,1
2023,05990023,9,09101,21,10,11,21,17,17,7
2023,05990023,9,09103,1,0,1,1,1,1,1
2023,05990023,9,09105,1,1,0,1,1,1,1
2023,05990023,9,09106,2,2,0,2,2,2,1
2023,05990023,9,09107,2,0,2,2,2,2,2
2023,05990023,9,09108,3,3,0,3,3,3,2
2023,05990023,9,09109,3,3,0,3,3,3,2
2023,05990023,9,09111,9,7,2,9,8,8,2
2023,05990023,9,09112,6,6,0,6,3,3,2
2023,05990023,9,09114,4,4,0,4,2,2,1
2023,05990023,9,09115,1,0,1,1,1,1,1
2023,05990023,9,09116,1,1,0,1,1,1,1
2023,05990023,9,09119,3,2,1,3,3,3,1
2023,05990023,9,09120,2,2,0,2,2,2,2
2023,05990023,9,09201,2,1,1,2,2,2,1
2023,05990023,9,09202,1,0,1,1,1,1,1
2023,05990023,9,09204,1,1,0,1,1,1,1
2023,05990023,9,09205,1,1,0,1,1,1,1
2023,05990023,9,09208,1,1,0,1,1,1,1
2023,05990023,9,09210,1,1,0,1,1,1,1
2023,05990024,10,10101,1,0,1,1,1,1,1
2023,05990024,11,11202,1,0,1,1,1,1,1
2023,05990024,12,12101,2,2,0,2,1,1,1
2023,05990024,13,13102,1,0,1,1,1,1,1
2023,05990024,13,13111,6,6,0,6,4,4,2
2023,05990024,13,13115,2,1,1,2,2,2,1
2023,05990024,13,13122,1,1,0,1,1,1,1
2023,05990024,13,13301,1,0,1,1,1,1,1
2023,05990024,13,13402,1,1,0,1,1,1,1
2023,05990024,16,16302,1,0,1,1,1,1,1
2023,05990024,4,04101,11,11,0,11,4,4,2
2023,05990024,4,04301,2,2,0,2,2,2,1
2023,05990024,5,05803,1,1,0,1,1,1,1
2023,05990024,6,06101,1,0,1,1,1,1,1
2023,05990024,7,07304,19,2,17,19,1,1,1
2023,05990024,8,08110,2,1,1,2,1,1,1
2023,05990024,9,09101,2,1,1,2,1,1,1
2023,05990024,9,09107,1,1,0,1,1,1,1
2023,05990025,10,10101,2,2,0,2,1,1,1
2023,05990025,10,10301,1,1,0,1,1,1,1
2023,05990025,11,11101,1,1,0,1,1,1,1
2023,05990025,13,13108,1,0,1,1,1,1,1
2023,05990025,13,13109,1,0,1,1,1,1,1
2023,05990025,13,13111,12,10,2,12,8,8,3
2023,05990025,13,13115,2,1,1,2,2,2,1
2023,05990025,13,13116,1,0,1,1,1,1,1
2023,05990025,13,13122,0,0,0,0,1,1,1
2023,05990025,13,13125,1,1,0,1,1,1,1
2023,05990025,13,13505,0,0,0,0,1,1,1
2023,05990025,14,14106,1,1,0,1,1,1,1
2023,05990025,14,14202,1,1,0,1,1,1,1
2023,05990025,15,15101,1,1,0,1,1,1,1
2023,05990025,16,16101,1,1,0,1,1,1,1
2023,05990025,4,04101,14,13,1,14,6,6,3
2023,05990025,4,04204,3,3,0,3,3,3,1
2023,05990025,4,04301,4,3,1,4,4,4,1
2023,05990025,5,05109,1,0,1,1,1,1,1
2023,05990025,5,05301,1,1,0,1,1,1,1
2023,05990025,5,05605,1,1,0,1,1,1,1
2023,05990025,5,05606,1,1,0,1,1,1,1
2023,05990025,5,05801,1,0,1,1,1,1,1
2023,05990025,5,05803,1,1,0,1,1,1,1
2023,05990025,6,06101,1,0,1,1,1,1,1
2023,05990025,6,06106,1,0,1,1,1,1,1
2023,05990025,6,06116,1,1,0,1,1,1,1
2023,05990025,7,07403,1,0,1,1,1,1,1
2023,05990025,8,08102,3,2,1,3,3,3,3
2023,05990025,8,08107,1,0,1,1,1,1,1
2023,05990025,8,08112,3,1,2,3,2,2,1
2023,05990025,9,09107,1,1,0,1,1,1,1
2023,05990025,9,09201,1,1,0,1,1,1,1
2023,05990025,9,09202,1,1,0,1,1,1,1
2023,05990026,1,01101,6,3,3,6,5,5,3
2023,05990026,1,01107,8,6,2,8,5,5,3
2023,05990026,1,01401,1,1,0,1,1,1,1
2023,05990026,10,10101,49,31,18,49,33,33,9
2023,05990026,10,10109,3,2,1,3,3,3,2
2023,05990026,10,10201,1,0,1,1,1,1,1
2023,05990026,10,10202,1,0,1,1,1,1,1
2023,05990026,10,10208,5,0,5,5,5,5,3
2023,05990026,10,10210,1,0,1,1,1,1,1
2023,05990026,10,10301,19,12,7,19,14,14,7
2023,05990026,10,10303,2,1,1,2,1,1,1
2023,05990026,11,11101,31,21,10,31,17,17,3
2023,05990026,11,11201,13,11,2,13,5,5,1
2023,05990026,11,11202,9,3,6,9,3,3,3
2023,05990026,11,11401,2,2,0,2,2,2,2
2023,05990026,12,12101,48,29,19,48,16,16,5
2023,05990026,12,12401,1,0,1,1,1,1,1
2023,05990026,13,13101,32,21,11,32,22,22,6
2023,05990026,13,13102,10,6,4,10,8,8,3
2023,05990026,13,13103,32,19,13,32,13,13,4
2023,05990026,13,13104,11,11,0,11,3,3,2
2023,05990026,13,13105,36,22,14,36,24,24,7
2023,05990026,13,13106,1,1,0,1,1,1,1
2023,05990026,13,13107,5,4,1,5,5,5,4
2023,05990026,13,13108,38,26,12,38,14,14,3
2023,05990026,13,13109,8,3,5,8,3,3,1
2023,05990026,13,13110,85,54,31,85,49,49,11
2023,05990026,13,13111,28,22,6,28,21,21,6
2023,05990026,13,13112,33,24,9,33,15,15,4
2023,05990026,13,13113,3,1,2,3,3,3,2
2023,05990026,13,13114,5,0,5,5,5,5,2
2023,05990026,13,13115,38,28,10,38,14,14,2
2023,05990026,13,13116,6,4,2,6,5,5,3
2023,05990026,13,13117,46,34,12,46,26,26,4
2023,05990026,13,13118,76,49,27,76,28,28,4
2023,05990026,13,13119,29,19,10,29,18,18,6
2023,05990026,13,13120,69,19,50,69,14,14,3
2023,05990026,13,13121,44,28,16,44,22,22,4
2023,05990026,13,13122,55,40,15,55,34,34,7
2023,05990026,13,13123,71,42,29,71,16,16,4
2023,05990026,13,13124,25,17,8,25,17,17,5
2023,05990026,13,13125,5,1,4,5,5,5,2
2023,05990026,13,13126,33,24,9,33,18,18,6
2023,05990026,13,13127,4,3,1,4,2,2,1
2023,05990026,13,13128,7,6,1,7,6,6,3
2023,05990026,13,13129,41,24,17,41,21,21,8
2023,05990026,13,13130,15,9,6,15,9,9,3
2023,05990026,13,13131,64,45,19,64,28,28,6
2023,05990026,13,13132,3,3,0,3,3,3,2
2023,05990026,13,13201,450,270,180,450,110,110,13
2023,05990026,13,13301,21,18,3,21,7,7,3
2023,05990026,13,13302,6,4,2,6,5,5,2
2023,05990026,13,13303,1,0,1,1,1,1,1
2023,05990026,13,13401,59,41,18,59,23,23,5
2023,05990026,13,13402,21,12,9,21,15,15,3
2023,05990026,13,13403,1,0,1,1,1,1,1
2023,05990026,13,13404,4,3,1,4,2,2,2
2023,05990026,13,13501,41,28,13,41,15,15,6
2023,05990026,13,13502,3,3,0,3,3,3,1
2023,05990026,13,13503,1,1,0,1,1,1,1
2023,05990026,13,13601,1,1,0,1,1,1,1
2023,05990026,13,13603,7,6,1,7,5,5,2
2023,05990026,13,13604,5,4,1,5,4,4,1
2023,05990026,13,13605,27,14,13,27,11,11,3
2023,05990026,14,14101,11,7,4,11,7,7,6
2023,05990026,14,14103,1,1,0,1,1,1,1
2023,05990026,14,14106,2,2,0,2,2,2,2
2023,05990026,14,14108,1,1,0,1,1,1,1
2023,05990026,15,15101,58,43,15,58,34,34,8
2023,05990026,16,16101,23,11,12,23,15,15,7
2023,05990026,16,16103,24,21,3,24,10,10,3
2023,05990026,16,16106,2,2,0,2,2,2,2
2023,05990026,16,16107,1,1,0,1,1,1,1
2023,05990026,16,16108,1,1,0,1,1,1,1
2023,05990026,16,16109,2,1,1,2,2,2,1
2023,05990026,16,16201,3,3,0,3,2,2,1
2023,05990026,16,16203,4,4,0,4,2,2,1
2023,05990026,16,16301,19,13,6,19,6,6,2
2023,05990026,16,16302,1,0,1,1,1,1,1
2023,05990026,16,16305,1,1,0,1,1,1,1
2023,05990026,2,02101,36,25,11,36,17,17,7
2023,05990026,2,02201,13,8,5,13,9,9,4
2023,05990026,2,02301,3,3,0,3,3,3,1
2023,05990026,3,03101,17,8,9,17,9,9,4
2023,05990026,3,03102,5,2,3,5,3,3,2
2023,05990026,3,03301,3,1,2,3,3,3,2
2023,05990026,3,03304,2,2,0,2,2,2,1
2023,05990026,4,04101,41,31,10,41,18,18,7
2023,05990026,4,04102,29,16,13,29,14,14,3
2023,05990026,4,04106,1,0,1,1,1,1,1
2023,05990026,4,04201,21,13,8,21,7,7,1
2023,05990026,4,04204,7,3,4,7,5,5,1
2023,05990026,4,04301,13,9,4,13,12,12,4
2023,05990026,5,05101,18,14,4,18,13,13,8
2023,05990026,5,05102,1,0,1,1,1,1,1
2023,05990026,5,05107,1,1,0,1,1,1,1
2023,05990026,5,05109,9,6,3,9,9,9,5
2023,05990026,5,05201,1,1,0,1,1,1,1
2023,05990026,5,05301,10,8,2,10,6,6,3
2023,05990026,5,05302,1,1,0,1,1,1,1
2023,05990026,5,05304,1,1,0,1,1,1,1
2023,05990026,5,05402,3,1,2,3,2,2,1
2023,05990026,5,05403,2,2,0,2,2,2,1
2023,05990026,5,05501,4,3,1,4,3,3,2
2023,05990026,5,05502,2,0,2,2,2,2,1
2023,05990026,5,05506,1,1,0,1,1,1,1
2023,05990026,5,05601,10,8,2,10,8,8,5
2023,05990026,5,05603,7,6,1,7,5,5,1
2023,05990026,5,05604,1,1,0,1,1,1,1
2023,05990026,5,05605,1,0,1,1,1,1,1
2023,05990026,5,05606,13,12,1,13,8,8,3
2023,05990026,5,05701,15,10,5,15,9,9,3
2023,05990026,5,05703,2,1,1,2,2,2,1
2023,05990026,5,05706,2,2,0,2,2,2,2
2023,05990026,5,05801,5,3,2,5,3,3,3
2023,05990026,5,05802,5,3,2,5,5,5,2
2023,05990026,5,05803,1,1,0,1,1,1,1
2023,05990026,5,05804,13,12,1,13,9,9,2
2023,05990026,6,06101,18,13,5,18,16,16,7
2023,05990026,6,06106,5,2,3,5,3,3,2
2023,05990026,6,06108,1,1,0,1,1,1,1
2023,05990026,6,06110,2,1,1,2,2,2,2
2023,05990026,6,06115,3,2,1,3,3,3,2
2023,05990026,6,06117,2,2,0,2,2,2,1
2023,05990026,6,06304,1,1,0,1,1,1,1
2023,05990026,6,06305,1,1,0,1,1,1,1
2023,05990026,6,06310,2,0,2,2,2,2,2
2023,05990026,7,07101,26,16,10,26,15,15,4
2023,05990026,7,07104,1,1,0,1,1,1,1
2023,05990026,7,07105,11,4,7,11,4,4,3
2023,05990026,7,07108,1,1,0,1,1,1,1
2023,05990026,7,07201,1,0,1,1,1,1,1
2023,05990026,7,07203,2,2,0,2,2,2,2
2023,05990026,7,07301,8,6,2,8,7,7,3
2023,05990026,7,07302,1,0,1,1,1,1,1
2023,05990026,7,07304,7,4,3,7,3,3,2
2023,05990026,7,07305,9,5,4,9,6,6,1
2023,05990026,7,07308,2,2,0,2,2,2,1
2023,05990026,7,07401,8,5,3,8,7,7,4
2023,05990026,7,07403,3,3,0,3,3,3,3
2023,05990026,7,07404,16,7,9,16,1,1,1
2023,05990026,7,07405,1,0,1,1,1,1,1
2023,05990026,7,07407,2,1,1,2,2,2,2
2023,05990026,8,08101,16,9,7,16,12,12,8
2023,05990026,8,08102,31,22,9,31,13,13,4
2023,05990026,8,08103,6,2,4,6,5,5,1
2023,05990026,8,08106,23,19,4,23,14,14,3
2023,05990026,8,08107,6,3,3,6,2,2,1
2023,05990026,8,08108,9,5,4,9,4,4,2
2023,05990026,8,08110,47,38,9,47,26,26,8
2023,05990026,8,08111,7,5,2,7,6,6,3
2023,05990026,8,08112,13,10,3,13,8,8,4
2023,05990026,8,08202,4,4,0,4,1,1,1
2023,05990026,8,08203,1,0,1,1,1,1,1
2023,05990026,8,08205,6,5,1,6,4,4,2
2023,05990026,8,08206,1,0,1,1,1,1,1
2023,05990026,8,08301,16,13,3,16,10,10,4
2023,05990026,8,08303,1,0,1,1,1,1,1
2023,05990026,8,08314,3,1,2,3,3,3,1
2023,05990026,9,09101,12,7,5,12,8,8,7
2023,05990026,9,09108,2,2,0,2,2,2,2
2023,05990026,9,09111,4,4,0,4,3,3,2
2023,05990026,9,09112,1,1,0,1,1,1,1
2023,05990026,9,09114,3,0,3,3,3,3,1
2023,05990026,9,09115,3,2,1,3,3,3,1
2023,05990026,9,09119,2,1,1,2,2,2,2
2023,05990026,9,09120,6,6,0,6,4,4,1
2023,05990026,9,09201,15,11,4,15,13,13,3
2023,05990026,9,09202,5,4,1,5,4,4,1
2023,05990026,9,09205,1,1,0,1,1,1,1
2023,05990026,9,09206,1,1,0,1,1,1,1
2023,05990026,9,09207,2,2,0,2,2,2,1
2023,05990026,9,09209,1,0,1,1,1,1,1
2023,05990026,9,09210,2,1,1,2,1,1,1
2023,05990026,9,09211,5,3,2,5,4,4,2
2023,05990027,1,01101,11,10,1,11,8,8,3
2023,05990027,1,01107,13,12,1,13,10,10,5
2023,05990027,1,01401,2,1,1,2,2,2,1
2023,05990027,10,10101,37,28,9,37,23,23,8
2023,05990027,10,10106,1,1,0,1,1,1,1
2023,05990027,10,10109,1,0,1,1,1,1,1
2023,05990027,10,10201,10,3,7,10,6,6,1
2023,05990027,10,10202,2,2,0,2,3,3,1
2023,05990027,10,10205,2,2,0,2,2,2,1
2023,05990027,10,10208,2,1,1,2,2,2,1
2023,05990027,10,10301,10,9,1,10,16,16,6
2023,05990027,11,11101,47,33,14,47,15,15,2
2023,05990027,11,11201,8,5,3,8,6,6,2
2023,05990027,11,11401,1,1,0,1,1,1,1
2023,05990027,13,13101,27,21,6,27,8,8,2
2023,05990027,13,13102,2,1,1,2,4,4,3
2023,05990027,13,13103,26,18,8,26,10,10,2
2023,05990027,13,13104,22,15,7,22,7,7,2
2023,05990027,13,13105,10,6,4,10,11,11,4
2023,05990027,13,13106,2,2,0,2,2,2,2
2023,05990027,13,13107,2,1,1,2,6,6,4
2023,05990027,13,13108,0,0,0,0,4,4,1
2023,05990027,13,13109,16,13,3,16,6,6,3
2023,05990027,13,13110,74,47,27,74,37,37,8
2023,05990027,13,13111,2,2,0,2,5,5,2
2023,05990027,13,13112,4,2,2,4,4,4,3
2023,05990027,13,13114,0,0,0,0,1,1,1
2023,05990027,13,13116,8,5,3,8,8,8,2
2023,05990027,13,13117,2,0,2,2,2,2,1
2023,05990027,13,13118,2,2,0,2,2,2,1
2023,05990027,13,13119,3,3,0,3,3,3,3
2023,05990027,13,13120,2,2,0,2,1,1,1
2023,05990027,13,13121,3,3,0,3,11,11,3
2023,05990027,13,13122,7,7,0,7,6,6,3
2023,05990027,13,13123,3,2,1,3,3,3,1
2023,05990027,13,13124,4,3,1,4,5,5,2
2023,05990027,13,13125,9,6,3,9,11,11,3
2023,05990027,13,13126,10,7,3,10,8,8,3
2023,05990027,13,13127,24,22,2,24,12,12,3
2023,05990027,13,13128,11,9,2,11,9,9,2
2023,05990027,13,13129,23,16,7,23,10,10,3
2023,05990027,13,13130,49,37,12,49,11,11,2
2023,05990027,13,13131,25,18,7,25,15,15,6
2023,05990027,13,13132,0,0,0,0,1,1,1
2023,05990027,13,13201,16,9,7,16,10,10,2
2023,05990027,13,13202,1,1,0,1,1,1,1
2023,05990027,13,13203,2,2,0,2,1,1,1
2023,05990027,13,13301,11,9,2,11,12,12,3
2023,05990027,13,13302,2,2,0,2,3,3,2
2023,05990027,13,13401,8,7,1,8,8,8,5
2023,05990027,13,13402,11,6,5,11,9,9,4
2023,05990027,13,13404,10,2,8,10,7,7,2
2023,05990027,13,13501,1,1,0,1,1,1,1
2023,05990027,13,13502,3,3,0,3,3,3,2
2023,05990027,13,13503,1,1,0,1,2,2,2
2023,05990027,13,13505,1,1,0,1,1,1,1
2023,05990027,13,13601,2,2,0,2,4,4,1
2023,05990027,13,13604,1,1,0,1,2,2,1
2023,05990027,13,13605,1,0,1,1,1,1,1
2023,05990027,14,14101,22,17,5,22,21,21,5
2023,05990027,14,14102,1,1,0,1,2,2,1
2023,05990027,14,14103,2,1,1,2,2,2,1
2023,05990027,14,14106,17,11,6,17,6,6,1
2023,05990027,14,14108,6,5,1,6,5,5,2
2023,05990027,14,14201,3,2,1,3,2,2,1
2023,05990027,14,14202,3,3,0,3,3,3,1
2023,05990027,14,14204,8,8,0,8,5,5,1
2023,05990027,15,15101,15,9,6,15,27,27,5
2023,05990027,16,16101,67,47,20,67,36,36,11
2023,05990027,16,16103,4,3,1,4,4,4,2
2023,05990027,16,16106,0,0,0,0,2,2,1
2023,05990027,16,16108,1,0,1,1,1,1,1
2023,05990027,16,16201,2,1,1,2,1,1,1
2023,05990027,16,16205,6,6,0,6,3,3,1
2023,05990027,16,16206,3,1,2,3,2,2,1
2023,05990027,16,16301,15,13,2,15,14,14,4
2023,05990027,16,16302,13,8,5,13,4,4,1
2023,05990027,16,16304,1,1,0,1,1,1,1
2023,05990027,16,16305,4,1,3,4,4,4,2
2023,05990027,2,02101,64,52,12,64,20,20,7
2023,05990027,2,02102,6,2,4,6,4,4,1
2023,05990027,2,02104,1,1,0,1,1,1,1
2023,05990027,2,02201,22,17,5,22,16,16,5
2023,05990027,2,02301,2,2,0,2,2,2,1
2023,05990027,3,03101,147,122,25,147,25,25,6
2023,05990027,3,03301,1,1,0,1,2,2,1
2023,05990027,4,04101,44,37,7,44,27,27,7
2023,05990027,4,04102,53,42,11,53,33,33,11
2023,05990027,4,04103,10,8,2,10,4,4,1
2023,05990027,4,04104,1,1,0,1,1,1,1
2023,05990027,4,04106,3,2,1,3,3,3,2
2023,05990027,4,04201,7,6,1,7,4,4,3
2023,05990027,4,04203,2,2,0,2,2,2,1
2023,05990027,4,04204,4,1,3,4,3,3,2
2023,05990027,4,04301,29,24,5,29,15,15,6
2023,05990027,4,04304,2,1,1,2,1,1,1
2023,05990027,5,05101,5,3,2,5,11,11,6
2023,05990027,5,05102,1,1,0,1,2,2,2
2023,05990027,5,05107,2,2,0,2,2,2,1
2023,05990027,5,05109,6,6,0,6,7,7,7
2023,05990027,5,05201,2,2,0,2,4,4,1
2023,05990027,5,05301,5,3,2,5,6,6,3
2023,05990027,5,05401,9,5,4,9,7,7,2
2023,05990027,5,05403,11,9,2,11,10,10,2
2023,05990027,5,05501,46,28,18,46,23,23,6
2023,05990027,5,05502,1,0,1,1,1,1,1
2023,05990027,5,05503,1,1,0,1,2,2,1
2023,05990027,5,05504,9,8,1,9,3,3,1
2023,05990027,5,05506,6,4,2,6,3,3,1
2023,05990027,5,05601,11,10,1,11,13,13,6
2023,05990027,5,05602,3,3,0,3,1,1,1
2023,05990027,5,05603,3,3,0,3,3,3,1
2023,05990027,5,05605,1,1,0,1,1,1,1
2023,05990027,5,05606,1,1,0,1,1,1,1
2023,05990027,5,05701,46,35,11,46,19,19,3
2023,05990027,5,05702,4,4,0,4,2,2,1
2023,05990027,5,05703,2,1,1,2,2,2,1
2023,05990027,5,05801,17,9,8,17,16,16,5
2023,05990027,5,05802,3,2,1,3,3,3,1
2023,05990027,5,05804,6,5,1,6,5,5,2
2023,05990027,6,06101,19,14,5,19,17,17,7
2023,05990027,6,06105,1,1,0,1,1,1,1
2023,05990027,6,06106,10,10,0,10,3,3,1
2023,05990027,6,06107,2,0,2,2,1,1,1
2023,05990027,6,06108,2,1,1,2,2,2,2
2023,05990027,6,06109,1,0,1,1,1,1,1
2023,05990027,6,06113,0,0,0,0,1,1,1
2023,05990027,6,06115,6,6,0,6,6,6,3
2023,05990027,6,06117,1,1,0,1,1,1,1
2023,05990027,6,06203,2,0,2,2,2,2,2
2023,05990027,6,06301,1,1,0,1,2,2,2
2023,05990027,6,06304,1,1,0,1,1,1,1
2023,05990027,6,06310,5,4,1,5,5,5,1
2023,05990027,7,07101,12,11,1,12,10,10,6
2023,05990027,7,07105,1,1,0,1,1,1,1
2023,05990027,7,07107,1,0,1,1,1,1,1
2023,05990027,7,07108,1,1,0,1,1,1,1
2023,05990027,7,07109,2,2,0,2,1,1,1
2023,05990027,7,07301,1,1,0,1,8,8,4
2023,05990027,7,07308,0,0,0,0,1,1,1
2023,05990027,7,07401,16,10,6,16,10,10,2
2023,05990027,7,07402,2,2,0,2,2,2,2
2023,05990027,7,07404,8,8,0,8,6,6,1
2023,05990027,8,08101,54,39,15,54,26,26,8
2023,05990027,8,08102,15,8,7,15,12,12,6
2023,05990027,8,08103,13,10,3,13,8,8,3
2023,05990027,8,08105,1,1,0,1,3,3,1
2023,05990027,8,08106,15,6,9,15,9,9,3
2023,05990027,8,08107,24,21,3,24,23,23,5
2023,05990027,8,08108,3,3,0,3,3,3,1
2023,05990027,8,08110,19,12,7,19,15,15,3
2023,05990027,8,08111,3,2,1,3,7,7,3
2023,05990027,8,08112,13,9,4,13,9,9,1
2023,05990027,8,08201,24,19,5,24,14,14,3
2023,05990027,8,08202,37,27,10,37,16,16,5
2023,05990027,8,08203,17,12,5,17,11,11,4
2023,05990027,8,08204,3,3,0,3,2,2,1
2023,05990027,8,08205,8,5,3,8,6,6,2
2023,05990027,8,08206,8,6,2,8,6,6,3
2023,05990027,8,08207,2,2,0,2,2,2,2
2023,05990027,8,08301,4,0,4,4,8,8,4
2023,05990027,8,08304,0,0,0,0,1,1,1
2023,05990027,8,08306,5,5,0,5,4,4,2
2023,05990027,8,08307,0,0,0,0,1,1,1
2023,05990027,8,08310,0,0,0,0,2,2,1
2023,05990027,8,08312,2,2,0,2,2,2,1
2023,05990027,8,08314,0,0,0,0,1,1,1
2023,05990027,9,09101,18,14,4,18,20,20,8
2023,05990027,9,09102,1,1,0,1,1,1,1
2023,05990027,9,09107,1,1,0,1,1,1,1
2023,05990027,9,09108,6,5,1,6,4,4,2
2023,05990027,9,09110,1,0,1,1,1,1,1
2023,05990027,9,09111,2,2,0,2,2,2,1
2023,05990027,9,09112,2,2,0,2,4,4,3
2023,05990027,9,09114,1,1,0,1,1,1,1
2023,05990027,9,09120,2,2,0,2,3,3,3
2023,05990027,9,09201,19,16,3,19,12,12,3
2023,05990027,9,09202,3,3,0,3,2,2,1
2023,05990027,9,09203,1,1,0,1,1,1,1
2023,05990027,9,09204,1,1,0,1,1,1,1
2023,05990027,9,09206,1,0,1,1,1,1,1
2023,05990027,9,09208,3,1,2,3,2,2,1
2023,05990027,9,09211,5,3,2,5,4,4,2
2023,05990028,1,01101,17,15,2,17,11,11,3
2023,05990028,1,01107,5,5,0,5,4,4,3
2023,05990028,10,10101,11,9,2,11,8,8,5
2023,05990028,10,10202,0,0,0,0,1,1,1
2023,05990028,10,10301,9,9,0,9,11,11,8
2023,05990028,11,11101,5,1,4,5,5,5,2
2023,05990028,11,11201,2,2,0,2,2,2,1
2023,05990028,11,11301,0,0,0,0,1,1,1
2023,05990028,12,12101,2,1,1,2,2,2,2
2023,05990028,13,13102,0,0,0,0,1,1,1
2023,05990028,13,13103,5,5,0,5,5,5,3
2023,05990028,13,13104,5,5,0,5,2,2,1
2023,05990028,13,13106,1,1,0,1,1,1,1
2023,05990028,13,13107,8,5,3,8,6,6,1
2023,05990028,13,13108,1,1,0,1,2,2,2
2023,05990028,13,13110,95,38,57,95,14,14,5
2023,05990028,13,13116,1,1,0,1,1,1,1
2023,05990028,13,13117,2,2,0,2,4,4,1
2023,05990028,13,13118,2,1,1,2,2,2,2
2023,05990028,13,13119,0,0,0,0,1,1,1
2023,05990028,13,13120,1,0,1,1,2,2,2
2023,05990028,13,13122,4,4,0,4,3,3,3
2023,05990028,13,13123,5,2,3,5,5,5,2
2023,05990028,13,13124,3,3,0,3,4,4,1
2023,05990028,13,13125,4,3,1,4,6,6,3
2023,05990028,13,13126,1,1,0,1,1,1,1
2023,05990028,13,13127,2,2,0,2,2,2,1
2023,05990028,13,13129,1,1,0,1,2,2,1
2023,05990028,13,13130,0,0,0,0,1,1,1
2023,05990028,13,13131,1,0,1,1,1,1,1
2023,05990028,13,13132,1,1,0,1,2,2,1
2023,05990028,13,13201,46,30,16,46,14,14,2
2023,05990028,13,13301,3,2,1,3,3,3,2
2023,05990028,13,13302,6,6,0,6,6,6,2
2023,05990028,13,13303,2,2,0,2,2,2,1
2023,05990028,13,13401,0,0,0,0,1,1,1
2023,05990028,13,13501,3,3,0,3,3,3,3
2023,05990028,13,13603,1,1,0,1,1,1,1
2023,05990028,13,13605,1,1,0,1,1,1,1
2023,05990028,14,14101,3,3,0,3,2,2,1
2023,05990028,14,14201,3,3,0,3,1,1,1
2023,05990028,14,14202,2,1,1,2,2,2,1
2023,05990028,14,14204,2,2,0,2,2,2,1
2023,05990028,15,15101,7,7,0,7,12,12,6
2023,05990028,16,16101,6,6,0,6,6,6,2
2023,05990028,16,16205,1,1,0,1,1,1,1
2023,05990028,16,16301,0,0,0,0,1,1,1
2023,05990028,2,02101,5,5,0,5,5,5,4
2023,05990028,2,02201,2,1,1,2,2,2,2
2023,05990028,3,03101,6,4,2,6,3,3,2
2023,05990028,4,04101,2,2,0,2,3,3,3
2023,05990028,4,04102,4,2,2,4,5,5,4
2023,05990028,4,04204,1,1,0,1,1,1,1
2023,05990028,5,05101,2,2,0,2,2,2,2
2023,05990028,5,05107,1,1,0,1,1,1,1
2023,05990028,5,05109,2,2,0,2,3,3,3
2023,05990028,5,05401,1,1,0,1,1,1,1
2023,05990028,5,05501,1,1,0,1,1,1,1
2023,05990028,5,05504,2,2,0,2,3,3,1
2023,05990028,5,05506,1,1,0,1,1,1,1
2023,05990028,5,05701,3,2,1,3,4,4,2
2023,05990028,5,05703,1,1,0,1,1,1,1
2023,05990028,6,06101,6,6,0,6,7,7,4
2023,05990028,6,06115,1,1,0,1,1,1,1
2023,05990028,6,06117,4,4,0,4,3,3,1
2023,05990028,6,06301,1,1,0,1,1,1,1
2023,05990028,7,07101,2,2,0,2,2,2,2
2023,05990028,7,07105,2,2,0,2,1,1,1
2023,05990028,7,07301,2,2,0,2,8,8,5
2023,05990028,7,07304,3,1,2,3,3,3,2
2023,05990028,7,07305,1,1,0,1,1,1,1
2023,05990028,7,07308,1,1,0,1,2,2,2
2023,05990028,7,07401,3,2,1,3,3,3,1
2023,05990028,7,07404,2,2,0,2,2,2,1
2023,05990028,7,07406,1,0,1,1,1,1,1
2023,05990028,8,08101,10,8,2,10,12,12,4
2023,05990028,8,08102,9,9,0,9,8,8,3
2023,05990028,8,08103,1,1,0,1,1,1,1
2023,05990028,8,08106,1,1,0,1,1,1,1
2023,05990028,8,08107,5,5,0,5,4,4,3
2023,05990028,8,08109,1,1,0,1,1,1,1
2023,05990028,8,08110,3,2,1,3,7,7,4
2023,05990028,8,08111,1,1,0,1,4,4,1
2023,05990028,8,08112,4,4,0,4,11,11,4
2023,05990028,8,08201,14,12,2,14,11,11,3
2023,05990028,8,08202,8,5,3,8,5,5,2
2023,05990028,8,08203,8,7,1,8,6,6,4
2023,05990028,8,08205,2,2,0,2,2,2,2
2023,05990028,8,08206,5,3,2,5,6,6,3
2023,05990028,8,08207,1,1,0,1,1,1,1
2023,05990028,8,08301,1,0,1,1,9,9,3
2023,05990028,8,08304,0,0,0,0,1,1,1
2023,05990028,8,08306,1,0,1,1,1,1,1
2023,05990028,9,09101,7,6,1,7,4,4,3
2023,05990028,9,09108,1,0,1,1,1,1,1
2023,05990028,9,09112,2,0,2,2,4,4,3
2023,05990028,9,09116,1,0,1,1,1,1,1
2023,05990028,9,09201,3,3,0,3,2,2,2
2023,05990028,9,09202,1,1,0,1,1,1,1
2023,05990028,9,09208,1,1,0,1,1,1,1
2023,05990029,12,12101,1,0,1,1,1,1,1
2023,05990029,13,13102,0,0,0,0,1,1,1
2023,05990029,13,13107,1,1,0,1,1,1,1
2023,05990029,13,13110,3,3,0,3,3,3,3
2023,05990029,13,13126,1,1,0,1,1,1,1
2023,05990029,13,13128,1,0,1,1,2,2,2
2023,05990029,13,13404,1,1,0,1,1,1,1
2023,05990029,16,16301,1,0,1,1,1,1,1
2023,05990029,8,08101,9,6,3,9,3,3,3
2023,05990029,8,08102,2,2,0,2,1,1,1
2023,05990029,8,08111,0,0,0,0,1,1,1
2023,05990029,8,08302,5,2,3,5,1,1,1
2023,05990030,11,11101,0,0,0,0,1,1,1
2023,05990030,13,13102,0,0,0,0,1,1,1
2023,05990030,13,13110,3,2,1,3,3,3,3
2023,05990030,13,13117,1,0,1,1,1,1,1
2023,05990030,13,13124,1,0,1,1,1,1,1
2023,05990030,5,05801,0,0,0,0,2,2,2
2023,05990030,7,07201,1,1,0,1,1,1,1
2023,05990031,1,01101,4,3,1,4,4,4,1
2023,05990031,10,10101,11,7,4,11,6,6,3
2023,05990031,10,10109,1,0,1,1,1,1,1
2023,05990031,10,10205,1,1,0,1,1,1,1
2023,05990031,10,10208,2,1,1,2,2,2,2
2023,05990031,10,10210,1,1,0,1,1,1,1
2023,05990031,10,10301,5,4,1,5,8,8,4
2023,05990031,10,10302,9,2,7,9,2,2,1
2023,05990031,11,11101,16,13,3,16,10,10,2
2023,05990031,11,11201,2,2,0,2,3,3,1
2023,05990031,11,11202,8,4,4,8,3,3,2
2023,05990031,11,11301,0,0,0,0,1,1,1
2023,05990031,12,12101,6,6,0,6,6,6,3
2023,05990031,13,13101,4,2,2,4,6,6,3
2023,05990031,13,13102,0,0,0,0,2,2,1
2023,05990031,13,13103,7,5,2,7,8,8,2
2023,05990031,13,13104,1,1,0,1,3,3,2
2023,05990031,13,13105,4,4,0,4,5,5,5
2023,05990031,13,13107,1,1,0,1,3,3,2
2023,05990031,13,13108,5,3,2,5,9,9,3
2023,05990031,13,13109,1,0,1,1,2,2,1
2023,05990031,13,13110,75,44,31,75,34,34,10
2023,05990031,13,13111,10,7,3,10,8,8,4
2023,05990031,13,13114,3,1,2,3,3,3,2
2023,05990031,13,13115,1,1,0,1,1,1,1
2023,05990031,13,13116,0,0,0,0,1,1,1
2023,05990031,13,13117,13,11,2,13,8,8,3
2023,05990031,13,13118,11,6,5,11,11,11,4
2023,05990031,13,13119,16,11,5,16,14,14,4
2023,05990031,13,13120,3,2,1,3,4,4,2
2023,05990031,13,13121,4,4,0,4,8,8,2
2023,05990031,13,13122,19,14,5,19,19,19,6
2023,05990031,13,13123,13,10,3,13,10,10,5
2023,05990031,13,13124,14,11,3,14,9,9,4
2023,05990031,13,13125,0,0,0,0,5,5,2
2023,05990031,13,13126,9,3,6,9,5,5,5
2023,05990031,13,13127,4,3,1,4,3,3,1
2023,05990031,13,13128,5,2,3,5,4,4,3
2023,05990031,13,13129,30,23,7,30,14,14,3
2023,05990031,13,13130,2,0,2,2,2,2,2
2023,05990031,13,13131,15,12,3,15,11,11,4
2023,05990031,13,13132,0,0,0,0,1,1,1
2023,05990031,13,13201,53,33,20,53,32,32,5
2023,05990031,13,13301,0,0,0,0,1,1,1
2023,05990031,13,13401,3,3,0,3,3,3,3
2023,05990031,13,13402,6,5,1,6,6,6,3
2023,05990031,13,13404,1,0,1,1,1,1,1
2023,05990031,13,13501,2,2,0,2,2,2,2
2023,05990031,13,13502,0,0,0,0,1,1,1
2023,05990031,13,13503,1,0,1,1,1,1,1
2023,05990031,13,13604,3,3,0,3,4,4,1
2023,05990031,13,13605,12,8,4,12,8,8,1
2023,05990031,14,14101,7,3,4,7,6,6,2
2023,05990031,14,14105,3,0,3,3,1,1,1
2023,05990031,14,14202,1,1,0,1,1,1,1
2023,05990031,15,15101,12,10,2,12,31,31,6
2023,05990031,15,15201,2,2,0,2,1,1,1
2023,05990031,16,16101,7,2,5,7,7,7,3
2023,05990031,16,16103,2,2,0,2,2,2,1
2023,05990031,16,16106,0,0,0,0,1,1,1
2023,05990031,16,16301,29,19,10,29,9,9,3
2023,05990031,2,02101,11,10,1,11,13,13,6
2023,05990031,2,02201,9,6,3,9,7,7,3
2023,05990031,3,03101,3,2,1,3,3,3,2
2023,05990031,4,04101,4,3,1,4,8,8,4
2023,05990031,4,04102,12,8,4,12,10,10,6
2023,05990031,4,04201,13,8,5,13,9,9,2
2023,05990031,4,04204,1,1,0,1,1,1,1
2023,05990031,4,04301,1,0,1,1,1,1,1
2023,05990031,4,04303,1,0,1,1,1,1,1
2023,05990031,5,05101,2,2,0,2,4,4,3
2023,05990031,5,05109,2,2,0,2,4,4,4
2023,05990031,5,05201,1,0,1,1,2,2,1
2023,05990031,5,05301,4,3,1,4,6,6,2
2023,05990031,5,05401,4,4,0,4,3,3,1
2023,05990031,5,05403,6,6,0,6,5,5,2
2023,05990031,5,05501,19,13,6,19,5,5,3
2023,05990031,5,05502,1,1,0,1,1,1,1
2023,05990031,5,05601,8,6,2,8,6,6,3
2023,05990031,5,05603,1,1,0,1,1,1,1
2023,05990031,5,05606,1,1,0,1,1,1,1
2023,05990031,5,05701,2,1,1,2,2,2,2
2023,05990031,5,05801,1,1,0,1,4,4,1
2023,05990031,5,05802,1,0,1,1,1,1,1
2023,05990031,5,05804,1,0,1,1,1,1,1
2023,05990031,6,06101,10,4,6,10,7,7,5
2023,05990031,6,06104,2,2,0,2,2,2,1
2023,05990031,6,06105,1,1,0,1,1,1,1
2023,05990031,6,06106,1,1,0,1,1,1,1
2023,05990031,6,06107,1,0,1,1,1,1,1
2023,05990031,6,06108,1,1,0,1,1,1,1
2023,05990031,6,06110,1,0,1,1,1,1,1
2023,05990031,6,06117,7,6,1,7,3,3,1
2023,05990031,6,06201,0,0,0,0,1,1,1
2023,05990031,6,06206,1,0,1,1,1,1,1
2023,05990031,7,07101,7,7,0,7,6,6,3
2023,05990031,7,07105,2,1,1,2,2,2,2
2023,05990031,7,07109,1,0,1,1,1,1,1
2023,05990031,7,07301,0,0,0,0,1,1,1
2023,05990031,7,07401,2,2,0,2,2,2,1
2023,05990031,7,07404,1,0,1,1,1,1,1
2023,05990031,8,08101,18,13,5,18,10,10,5
2023,05990031,8,08102,12,8,4,12,10,10,4
2023,05990031,8,08103,4,2,2,4,3,3,2
2023,05990031,8,08104,1,0,1,1,1,1,1
2023,05990031,8,08106,11,9,2,11,6,6,3
2023,05990031,8,08107,1,0,1,1,3,3,2
2023,05990031,8,08108,1,0,1,1,1,1,1
2023,05990031,8,08110,3,0,3,3,7,7,3
2023,05990031,8,08111,4,1,3,4,7,7,4
2023,05990031,8,08112,1,0,1,1,1,1,1
2023,05990031,8,08201,1,1,0,1,1,1,1
2023,05990031,8,08202,2,2,0,2,2,2,2
2023,05990031,8,08203,8,4,4,8,4,4,1
2023,05990031,8,08205,1,0,1,1,1,1,1
2023,05990031,8,08207,1,0,1,1,1,1,1
2023,05990031,8,08301,2,1,1,2,3,3,3
2023,05990031,8,08302,1,0,1,1,1,1,1
2023,05990031,8,08303,0,0,0,0,1,1,1
2023,05990031,8,08304,0,0,0,0,1,1,1
2023,05990031,8,08305,0,0,0,0,1,1,1
2023,05990031,8,08308,0,0,0,0,1,1,1
2023,05990031,8,08311,1,1,0,1,1,1,1
2023,05990031,9,09101,7,5,2,7,11,11,3
2023,05990031,9,09107,1,0,1,1,1,1,1
2023,05990031,9,09109,2,2,0,2,1,1,1
2023,05990031,9,09112,0,0,0,0,2,2,2
2023,05990031,9,09115,1,1,0,1,1,1,1
2023,05990031,9,09116,1,0,1,1,1,1,1
2023,05990031,9,09120,1,0,1,1,2,2,1
2023,05990031,9,09201,7,4,3,7,4,4,3
2023,05990031,9,09205,1,0,1,1,1,1,1
2023,09600212,1,01101,44,31,0,75,31,31,5
2023,09600212,1,01107,19,11,6,26,22,18,5
2023,09600212,1,01401,6,2,2,8,6,6,1
2023,09600212,1,01402,1,,1,,1,0,1
2023,09600212,10,10101,140,127,27,251,48,34,15
2023,09600212,10,10102,1,2,0,3,3,3,3
2023,09600212,10,10104,10,7,1,7,5,1,1
2023,09600212,10,10105,17,17,9,31,11,10,2
2023,09600212,10,10106,4,1,0,5,4,4,1
2023,09600212,10,10107,4,7,5,4,7,2,2
2023,09600212,10,10108,,1,0,,1,0,1
2023,09600212,10,10109,14,9,1,22,11,10,3
2023,09600212,10,10201,5,2,0,7,6,6,5
2023,09600212,10,10202,2,0,0,2,2,2,2
2023,09600212,10,10203,2,0,0,2,2,2,1
2023,09600212,10,10207,2,0,0,2,1,1,1
2023,09600212,10,10208,40,22,2,62,9,9,1
2023,09600212,10,10210,0,1,0,1,1,1,1
2023,09600212,10,10301,32,15,2,39,21,15,5
2023,09600212,10,10302,,1,0,,1,0,1
2023,09600212,10,10303,8,2,2,10,5,5,3
2023,09600212,10,10304,1,2,1,,3,0,2
2023,09600212,10,10305,7,11,2,17,2,1,2
2023,09600212,10,10306,2,3,3,4,5,4,2
2023,09600212,10,10401,1,,0,,1,0,1
2023,09600212,10,10402,3,1,0,4,2,2,1
2023,09600212,10,10403,2,0,1,1,2,1,1
2023,09600212,11,11101,39,17,2,49,14,11,3
2023,09600212,11,11201,1,,0,,1,0,1
2023,09600212,11,11202,0,2,0,2,2,2,2
2023,09600212,11,11401,1,,0,,1,0,1
2023,09600212,11,11402,2,2,1,,4,0,2
2023,09600212,12,12101,19,19,0,26,19,9,5
2023,09600212,12,12201,1,2,0,3,1,1,1
2023,09600212,12,12301,5,2,2,4,4,2,1
2023,09600212,12,12401,0,3,2,2,3,2,2
2023,09600212,13,13101,78,65,8,138,34,30,6
2023,09600212,13,13102,4,3,0,5,7,5,1
2023,09600212,13,13103,13,5,0,13,11,7,4
2023,09600212,13,13104,111,105,4,213,21,18,3
2023,09600212,13,13105,49,25,2,74,35,35,6
2023,09600212,13,13106,62,46,2,107,13,12,3
2023,09600212,13,13107,4,0,0,2,4,2,2
2023,09600212,13,13108,11,5,0,16,8,8,2
2023,09600212,13,13109,12,2,0,11,7,5,2
2023,09600212,13,13110,88,32,0,111,32,29,7
2023,09600212,13,13111,33,8,1,28,24,15,4
2023,09600212,13,13112,89,58,12,135,35,28,6
2023,09600212,13,13113,15,6,0,19,14,12,3
2023,09600212,13,13114,7,2,0,5,7,4,2
2023,09600212,13,13116,23,9,0,25,14,8,3
2023,09600212,13,13117,55,35,1,85,25,21,4
2023,09600212,13,13118,65,59,4,115,22,14,3
2023,09600212,13,13119,50,35,0,58,37,16,7
2023,09600212,13,13120,44,33,0,58,21,12,3
2023,09600212,13,13121,45,21,1,64,28,26,5
2023,09600212,13,13122,9,2,0,1,11,1,5
2023,09600212,13,13123,8,6,0,12,11,9,4
2023,09600212,13,13124,179,135,10,301,41,31,8
2023,09600212,13,13125,13,2,0,13,9,7,3
2023,09600212,13,13126,55,25,0,59,25,16,5
2023,09600212,13,13127,70,58,0,126,16,15,3
2023,09600212,13,13128,109,57,4,161,23,20,4
2023,09600212,13,13129,25,15,0,36,27,23,9
2023,09600212,13,13130,11,7,0,14,9,7,2
2023,09600212,13,13131,4,0,0,1,4,1,3
2023,09600212,13,13201,175,110,1,240,49,29,7
2023,09600212,13,13202,54,35,0,89,17,17,5
2023,09600212,13,13203,29,26,2,55,10,10,2
2023,09600212,13,13302,1,1,0,2,1,1,1
2023,09600212,13,13303,3,0,0,1,3,1,3
2023,09600212,13,13401,23,18,0,32,20,13,7
2023,09600212,13,13402,36,24,1,60,23,23,6
2023,09600212,13,13403,1,1,0,,2,0,1
2023,09600212,13,13404,54,32,2,69,33,19,7
2023,09600212,13,13501,50,25,0,63,29,18,7
2023,09600212,13,13502,10,4,0,13,5,4,2
2023,09600212,13,13503,24,22,2,46,15,15,3
2023,09600212,13,13504,1,1,0,,2,0,2
2023,09600212,13,13601,170,92,2,262,20,20,3
2023,09600212,13,13602,18,21,0,36,6,3,2
2023,09600212,13,13603,105,44,0,124,43,33,7
2023,09600212,13,13604,2,0,1,2,2,2,1
2023,09600212,13,13605,17,6,0,13,7,3,2
2023,09600212,14,14101,26,11,6,34,16,14,7
2023,09600212,14,14102,3,2,0,5,3,3,1
2023,09600212,14,14104,1,0,0,1,1,1,1
2023,09600212,14,14106,4,0,1,1,3,1,3
2023,09600212,14,14108,5,2,1,,6,0,2
2023,09600212,14,14201,2,1,0,3,3,3,2
2023,09600212,14,14202,2,,0,,1,0,1
2023,09600212,14,14204,2,0,1,2,1,1,1
2023,09600212,15,15101,56,37,31,86,49,45,9
2023,09600212,15,15102,2,0,2,1,2,1,1
2023,09600212,15,15201,,2,2,,2,0,1
2023,09600212,16,16101,51,31,4,73,27,19,7
2023,09600212,16,16102,11,7,0,16,6,4,3
2023,09600212,16,16103,30,35,0,58,13,9,3
2023,09600212,16,16104,4,1,0,,4,0,1
2023,09600212,16,16106,10,9,0,19,5,5,1
2023,09600212,16,16107,10,6,0,16,8,8,2
2023,09600212,16,16108,4,1,0,2,3,1,1
2023,09600212,16,16109,30,19,0,48,8,7,2
2023,09600212,16,16201,5,5,0,6,5,2,1
2023,09600212,16,16203,15,23,1,33,7,5,1
2023,09600212,16,16204,3,3,0,2,3,1,1
2023,09600212,16,16205,7,6,0,10,7,5,1
2023,09600212,16,16206,4,2,0,5,3,2,1
2023,09600212,16,16207,5,8,0,10,3,2,1
2023,09600212,16,16301,22,10,0,23,15,7,3
2023,09600212,16,16302,6,5,1,,7,0,2
2023,09600212,16,16303,3,6,0,7,2,1,2
2023,09600212,16,16305,7,10,0,14,7,4,2
2023,09600212,2,02101,238,91,2,290,67,52,9
2023,09600212,2,02103,2,2,0,4,2,2,2
2023,09600212,2,02104,6,6,0,12,6,6,1
2023,09600212,2,02201,32,12,0,31,18,9,6
2023,09600212,3,03101,22,3,1,17,14,11,5
2023,09600212,3,03102,6,1,0,7,6,6,1
2023,09600212,3,03103,15,20,3,31,11,8,2
2023,09600212,3,03201,4,1,0,5,2,2,1
2023,09600212,3,03202,21,18,1,28,16,9,3
2023,09600212,3,03301,67,62,9,128,21,19,4
2023,09600212,3,03302,5,1,1,2,5,1,1
2023,09600212,3,03303,4,3,3,3,5,1,1
2023,09600212,3,03304,7,5,1,9,5,4,2
2023,09600212,4,04101,26,13,0,35,22,18,7
2023,09600212,4,04102,78,38,1,113,38,35,10
2023,09600212,4,04103,2,,0,,2,0,1
2023,09600212,4,04104,1,,0,,1,0,1
2023,09600212,4,04201,2,2,0,,4,0,4
2023,09600212,4,04203,1,,0,,1,0,1
2023,09600212,4,04204,2,3,0,3,4,2,3
2023,09600212,4,04301,9,2,0,7,7,4,4
2023,09600212,4,04303,4,,1,,3,0,2
2023,09600212,4,04304,11,,0,,6,0,1
2023,09600212,5,05101,29,12,0,36,24,19,7
2023,09600212,5,05103,7,3,0,10,6,6,1
2023,09600212,5,05105,4,0,0,4,3,3,2
2023,09600212,5,05107,6,1,0,,6,0,2
2023,09600212,5,05109,25,9,0,17,19,7,8
2023,09600212,5,05301,13,12,0,15,16,8,3
2023,09600212,5,05302,11,6,1,14,6,4,1
2023,09600212,5,05303,8,1,0,9,6,6,1
2023,09600212,5,05304,2,0,0,2,2,2,1
2023,09600212,5,05401,9,6,0,12,9,6,5
2023,09600212,5,05402,5,4,0,1,9,1,4
2023,09600212,5,05403,4,,0,,2,0,1
2023,09600212,5,05404,4,6,0,8,6,4,3
2023,09600212,5,05405,2,1,0,1,3,1,2
2023,09600212,5,05501,58,33,1,70,29,12,6
2023,09600212,5,05502,3,2,0,4,3,2,2
2023,09600212,5,05503,10,2,0,3,10,1,3
2023,09600212,5,05504,5,7,0,9,6,3,1
2023,09600212,5,05506,1,2,0,2,2,1,2
2023,09600212,5,05601,18,8,0,21,14,9,6
2023,09600212,5,05602,6,6,0,10,7,5,1
2023,09600212,5,05603,1,1,0,1,2,1,2
2023,09600212,5,05604,,1,0,,1,0,1
2023,09600212,5,05605,9,2,0,8,5,3,1
2023,09600212,5,05701,14,6,0,14,11,6,4
2023,09600212,5,05702,6,4,0,5,8,4,2
2023,09600212,5,05703,53,50,0,103,10,10,1
2023,09600212,5,05704,8,7,0,15,5,5,1
2023,09600212,5,05705,31,22,0,44,11,6,4
2023,09600212,5,05706,3,3,0,,5,0,1
2023,09600212,5,05801,35,21,0,45,29,21,6
2023,09600212,5,05802,13,10,0,22,7,6,1
2023,09600212,5,05803,1,1,0,2,2,2,1
2023,09600212,5,05804,57,36,0,82,33,29,5
2023,09600212,6,06101,29,15,0,33,22,16,7
2023,09600212,6,06102,5,3,0,7,8,7,2
2023,09600212,6,06103,5,1,0,,5,0,1
2023,09600212,6,06104,1,1,0,,2,0,2
2023,09600212,6,06105,1,2,,1,3,1,2
2023,09600212,6,06106,4,6,0,9,4,3,1
2023,09600212,6,06107,2,1,0,,3,0,1
2023,09600212,6,06108,2,0,0,2,1,1,1
2023,09600212,6,06109,2,0,0,1,2,1,2
2023,09600212,6,06110,5,3,0,3,5,2,1
2023,09600212,6,06111,5,1,0,1,6,1,2
2023,09600212,6,06112,4,1,0,3,4,2,2
2023,09600212,6,06113,6,1,0,6,6,5,3
2023,09600212,6,06114,1,,,,1,0,1
2023,09600212,6,06115,15,8,0,15,16,8,6
2023,09600212,6,06117,3,2,0,,5,0,3
2023,09600212,6,06203,1,2,0,,3,0,2
2023,09600212,6,06204,3,0,0,2,2,1,2
2023,09600212,6,06301,29,9,0,35,20,17,4
2023,09600212,6,06302,1,2,0,,3,0,1
2023,09600212,6,06304,1,1,0,,2,0,1
2023,09600212,6,06305,5,2,0,5,4,2,1
2023,09600212,6,06306,2,2,0,,4,0,2
2023,09600212,6,06307,4,1,0,2,4,1,2
2023,09600212,6,06308,2,0,0,2,2,2,1
2023,09600212,6,06309,3,0,0,3,2,2,1
2023,09600212,6,06310,8,3,0,11,5,5,1
2023,09600212,7,07101,250,98,0,242,70,44,9
2023,09600212,7,07102,14,2,,,12,0,4
2023,09600212,7,07103,,2,0,,2,0,1
2023,09600212,7,07104,,1,,,1,0,1
2023,09600212,7,07105,8,1,0,9,6,6,3
2023,09600212,7,07106,61,9,0,52,8,3,1
2023,09600212,7,07107,18,3,0,5,8,1,1
2023,09600212,7,07108,59,12,0,55,9,6,1
2023,09600212,7,07109,34,7,0,6,30,4,11
2023,09600212,7,07110,4,1,0,,4,0,2
2023,09600212,7,07201,49,19,0,50,17,9,2
2023,09600212,7,07301,59,18,1,53,32,20,7
2023,09600212,7,07302,6,,,,6,0,1
2023,09600212,7,07303,13,4,0,11,4,2,2
2023,09600212,7,07304,15,27,0,20,15,5,3
2023,09600212,7,07306,22,,0,,11,0,1
2023,09600212,7,07307,6,13,0,12,8,4,1
2023,09600212,7,07308,28,13,0,24,14,5,2
2023,09600212,7,07401,35,14,0,17,21,4,4
2023,09600212,7,07402,6,2,0,4,5,2,2
2023,09600212,7,07403,7,0,0,2,6,1,4
2023,09600212,7,07404,32,4,0,17,15,2,4
2023,09600212,7,07405,18,0,0,1,8,1,2
2023,09600212,7,07406,48,15,0,63,12,12,2
2023,09600212,7,07407,,1,,,1,0,1
2023,09600212,8,08101,23,5,0,13,17,6,5
2023,09600212,8,08102,11,2,0,6,5,2,2
2023,09600212,8,08103,11,3,0,12,9,7,4
2023,09600212,8,08104,1,,0,,1,0,1
2023,09600212,8,08105,2,,0,,2,0,1
2023,09600212,8,08106,19,4,0,22,8,7,2
2023,09600212,8,08108,30,11,0,38,13,12,2
2023,09600212,8,08109,9,17,0,26,5,5,1
2023,09600212,8,08110,44,7,0,37,13,6,4
2023,09600212,8,08111,2,7,0,4,7,4,3
2023,09600212,8,08112,8,1,0,3,8,3,6
2023,09600212,8,08201,6,10,0,10,8,3,2
2023,09600212,8,08202,12,15,0,25,11,9,3
2023,09600212,8,08203,7,2,0,6,5,2,1
2023,09600212,8,08204,,3,0,,2,0,1
2023,09600212,8,08205,34,24,1,54,12,8,3
2023,09600212,8,08206,17,7,0,8,17,3,4
2023,09600212,8,08301,6,,0,,6,0,4
2023,09600212,8,08302,1,,0,,1,0,1
2023,09600212,8,08303,2,,0,,2,0,2
2023,09600212,8,08304,3,2,0,2,4,1,1
2023,09600212,8,08305,1,,1,,1,0,1
2023,09600212,8,08306,1,,0,,1,0,1
2023,09600212,8,08307,1,1,0,,2,0,1
2023,09600212,8,08309,8,3,0,10,4,3,2
2023,09600212,8,08311,1,2,1,,2,0,2
2023,09600212,8,08312,6,8,0,9,7,2,3
2023,09600212,8,08313,9,1,0,10,7,7,1
2023,09600212,9,09101,50,29,11,77,31,29,8
2023,09600212,9,09103,1,,1,,1,0,1
2023,09600212,9,09105,0,1,0,1,1,1,1
2023,09600212,9,09106,3,3,3,2,5,2,2
2023,09600212,9,09107,1,,0,,1,0,1
2023,09600212,9,09108,2,,1,,2,0,2
2023,09600212,9,09109,3,1,0,,3,0,3
2023,09600212,9,09112,19,18,11,35,17,15,5
2023,09600212,9,09113,1,,0,,1,0,1
2023,09600212,9,09114,4,1,2,4,3,2,2
2023,09600212,9,09115,3,0,0,2,2,1,1
2023,09600212,9,09116,2,,0,,2,0,1
2023,09600212,9,09120,1,1,1,2,1,1,1
2023,09600212,9,09201,13,5,0,18,10,10,2
2023,09600212,9,09204,7,1,3,8,6,6,1
2023,09600212,9,09205,,1,1,,1,0,1
2023,09600212,9,09206,3,2,2,5,4,4,1
2023,09600212,9,09211,,1,0,,1,0,1
2023,09600213,1,01101,66,41,0,107,37,37,5
2023,09600213,1,01107,49,20,16,60,32,25,5
2023,09600213,1,01401,29,34,13,62,12,11,2
2023,09600213,1,01402,2,3,5,1,5,1,2
2023,09600213,1,01403,4,6,6,9,4,3,1
2023,09600213,10,10101,214,232,36,423,63,48,18
2023,09600213,10,10102,38,41,6,65,31,19,13
2023,09600213,10,10103,5,2,0,6,6,5,4
2023,09600213,10,10104,30,23,2,42,8,6,1
2023,09600213,10,10105,22,21,11,37,11,10,2
2023,09600213,10,10106,2,0,0,2,2,2,1
2023,09600213,10,10107,9,7,3,8,10,4,2
2023,09600213,10,10108,,1,0,,1,0,1
2023,09600213,10,10109,26,16,2,40,16,14,3
2023,09600213,10,10201,108,89,5,197,52,52,9
2023,09600213,10,10202,5,7,0,11,8,7,4
2023,09600213,10,10203,12,9,6,21,9,9,1
2023,09600213,10,10204,5,2,0,6,4,3,2
2023,09600213,10,10205,33,47,1,67,25,17,6
2023,09600213,10,10206,1,5,0,4,2,1,1
2023,09600213,10,10207,5,3,0,8,5,5,3
2023,09600213,10,10208,21,15,1,36,8,8,1
2023,09600213,10,10209,1,0,0,1,1,1,1
2023,09600213,10,10210,3,6,1,9,5,5,2
2023,09600213,10,10301,37,22,4,45,27,15,6
2023,09600213,10,10302,11,14,2,15,15,6,6
2023,09600213,10,10303,8,7,5,15,5,5,3
2023,09600213,10,10304,4,3,1,3,5,1,1
2023,09600213,10,10305,40,58,26,95,12,9,3
2023,09600213,10,10306,4,6,6,7,7,5,3
2023,09600213,10,10307,9,7,6,6,8,2,1
2023,09600213,10,10401,6,,0,,4,0,2
2023,09600213,10,10402,5,2,0,7,2,2,1
2023,09600213,10,10403,9,9,0,16,7,5,2
2023,09600213,11,11101,33,24,4,51,11,8,3
2023,09600213,11,11201,5,5,0,4,7,2,3
2023,09600213,11,11202,1,,0,,1,0,1
2023,09600213,11,11301,2,,,,2,0,1
2023,09600213,11,11401,1,,0,,1,0,1
2023,09600213,11,11402,3,6,2,5,4,2,2
2023,09600213,12,12101,49,38,2,69,30,17,7
2023,09600213,12,12201,1,1,0,,2,0,1
2023,09600213,12,12301,16,16,4,28,9,7,1
2023,09600213,12,12401,9,6,3,11,10,6,2
2023,09600213,13,13101,131,121,5,248,58,54,6
2023,09600213,13,13102,15,14,0,25,10,9,1
2023,09600213,13,13103,48,28,3,51,30,16,3
2023,09600213,13,13104,132,151,3,276,23,18,3
2023,09600213,13,13105,68,37,1,105,42,42,6
2023,09600213,13,13106,290,303,4,587,34,30,4
2023,09600213,13,13107,4,1,0,3,4,2,1
2023,09600213,13,13108,44,17,0,61,17,17,2
2023,09600213,13,13109,32,31,0,58,22,18,3
2023,09600213,13,13110,90,46,0,117,34,27,7
2023,09600213,13,13111,48,24,0,53,33,20,5
2023,09600213,13,13112,116,99,19,191,56,43,7
2023,09600213,13,13113,17,7,0,20,13,10,3
2023,09600213,13,13114,15,7,0,9,12,4,2
2023,09600213,13,13115,15,4,0,19,7,7,1
2023,09600213,13,13116,26,25,0,38,24,12,4
2023,09600213,13,13117,147,124,2,259,35,24,4
2023,09600213,13,13118,155,141,8,284,32,25,3
2023,09600213,13,13119,44,53,0,82,30,21,8
2023,09600213,13,13120,48,41,0,71,20,12,3
2023,09600213,13,13121,73,36,0,93,35,29,5
2023,09600213,13,13122,113,50,0,114,56,34,7
2023,09600213,13,13123,9,17,0,25,15,14,4
2023,09600213,13,13124,304,258,16,542,53,40,10
2023,09600213,13,13125,22,8,0,28,16,14,3
2023,09600213,13,13126,162,136,0,261,49,33,6
2023,09600213,13,13127,117,98,0,200,30,23,4
2023,09600213,13,13128,122,80,3,187,36,31,4
2023,09600213,13,13129,37,31,0,61,40,33,9
2023,09600213,13,13130,51,29,0,76,18,17,2
2023,09600213,13,13131,94,109,3,199,27,24,4
2023,09600213,13,13201,182,156,1,320,58,44,9
2023,09600213,13,13202,90,76,0,166,17,17,5
2023,09600213,13,13203,62,60,4,115,17,12,3
2023,09600213,13,13303,1,3,0,2,3,1,2
2023,09600213,13,13401,58,48,1,92,33,23,8
2023,09600213,13,13402,54,40,4,86,41,39,7
2023,09600213,13,13403,3,3,0,3,4,1,1
2023,09600213,13,13404,73,55,2,91,47,22,7
2023,09600213,13,13501,79,77,1,122,49,31,8
2023,09600213,13,13502,17,8,0,21,7,4,2
2023,09600213,13,13503,39,41,4,80,14,14,3
2023,09600213,13,13504,2,3,0,,4,0,3
2023,09600213,13,13601,112,91,4,202,22,21,3
2023,09600213,13,13602,53,62,0,113,13,11,2
2023,09600213,13,13603,39,18,0,44,18,10,7
2023,09600213,13,13605,29,17,0,35,13,8,2
2023,09600213,14,14101,35,26,5,54,25,20,8
2023,09600213,14,14102,3,1,0,3,3,2,1
2023,09600213,14,14103,,1,0,,1,0,1
2023,09600213,14,14104,3,1,0,4,2,2,1
2023,09600213,14,14105,28,17,5,39,12,8,2
2023,09600213,14,14106,2,,0,,2,0,1
2023,09600213,14,14107,1,4,1,5,4,4,3
2023,09600213,14,14108,12,11,8,14,14,6,3
2023,09600213,14,14201,2,1,0,3,3,3,2
2023,09600213,14,14204,11,13,4,24,5,5,1
2023,09600213,15,15101,14,17,11,30,21,20,7
2023,09600213,15,15102,1,3,4,,2,0,1
2023,09600213,15,15201,1,2,2,2,2,1,1
2023,09600213,16,16101,133,98,5,211,32,28,8
2023,09600213,16,16102,23,24,0,36,13,8,3
2023,09600213,16,16103,45,62,0,95,12,9,3
2023,09600213,16,16104,3,3,0,,5,0,1
2023,09600213,16,16106,12,12,0,24,4,4,1
2023,09600213,16,16107,11,6,0,17,7,7,2
2023,09600213,16,16108,7,3,0,6,5,3,2
2023,09600213,16,16109,32,28,0,59,9,8,2
2023,09600213,16,16201,6,6,2,6,6,2,1
2023,09600213,16,16203,29,41,2,62,8,6,1
2023,09600213,16,16204,5,5,0,2,3,1,1
2023,09600213,16,16205,5,9,0,8,6,4,1
2023,09600213,16,16206,2,1,0,2,3,2,1
2023,09600213,16,16207,7,12,0,17,3,2,1
2023,09600213,16,16301,17,19,0,16,12,4,3
2023,09600213,16,16302,8,7,2,3,7,1,2
2023,09600213,16,16303,7,11,0,15,4,2,2
2023,09600213,16,16305,9,12,0,17,7,4,2
2023,09600213,2,02101,165,88,2,213,79,59,9
2023,09600213,2,02103,1,2,0,3,1,1,1
2023,09600213,2,02201,43,22,1,44,24,11,6
2023,09600213,2,02203,2,3,1,4,2,1,2
2023,09600213,2,02302,12,15,0,22,9,6,1
2023,09600213,3,03101,13,6,2,11,13,6,6
2023,09600213,3,03103,10,19,3,20,12,6,2
2023,09600213,3,03201,1,,0,,1,0,1
2023,09600213,3,03202,30,34,2,47,15,9,2
2023,09600213,3,03301,165,183,15,330,44,32,6
2023,09600213,3,03302,7,3,1,4,7,2,3
2023,09600213,3,03303,8,13,14,18,7,4,1
2023,09600213,3,03304,2,4,1,3,3,1,1
2023,09600213,4,04101,35,21,0,44,25,15,8
2023,09600213,4,04102,116,78,1,185,55,49,9
2023,09600213,4,04103,34,32,4,66,11,11,1
2023,09600213,4,04106,1,1,0,,2,0,1
2023,09600213,4,04201,56,53,0,97,11,9,2
2023,09600213,4,04203,1,,0,,1,0,1
2023,09600213,4,04204,4,1,0,1,4,1,3
2023,09600213,4,04301,18,10,0,17,17,7,4
2023,09600213,4,04302,16,11,2,2,22,1,9
2023,09600213,4,04303,24,23,0,22,23,7,5
2023,09600213,4,04304,6,1,0,,4,0,1
2023,09600213,5,05101,28,9,0,30,21,17,7
2023,09600213,5,05103,5,5,0,9,7,6,1
2023,09600213,5,05104,,2,0,,2,0,1
2023,09600213,5,05105,43,31,0,65,21,14,3
2023,09600213,5,05107,25,14,0,33,12,7,2
2023,09600213,5,05109,67,48,0,92,35,19,9
2023,09600213,5,05301,19,12,0,19,15,7,4
2023,09600213,5,05302,7,7,1,12,7,5,2
2023,09600213,5,05303,12,2,0,11,10,7,1
2023,09600213,5,05304,1,0,,1,1,1,1
2023,09600213,5,05401,32,11,0,33,25,16,7
2023,09600213,5,05402,24,15,0,32,19,12,4
2023,09600213,5,05403,20,11,0,22,10,6,2
2023,09600213,5,05404,12,18,0,24,12,8,3
2023,09600213,5,05405,12,19,2,30,6,5,2
2023,09600213,5,05501,89,62,5,132,40,26,6
2023,09600213,5,05502,8,5,0,2,11,1,3
2023,09600213,5,05503,11,7,0,12,9,3,3
2023,09600213,5,05504,27,19,0,45,10,9,1
2023,09600213,5,05506,3,2,0,3,4,2,2
2023,09600213,5,05601,31,25,0,40,27,15,7
2023,09600213,5,05602,11,11,0,17,9,5,1
2023,09600213,5,05604,3,2,0,5,3,3,2
2023,09600213,5,05605,2,3,0,,4,0,1
2023,09600213,5,05701,17,31,0,29,18,10,4
2023,09600213,5,05702,11,4,0,2,12,2,2
2023,09600213,5,05703,69,62,0,131,10,10,1
2023,09600213,5,05704,13,12,0,25,5,5,1
2023,09600213,5,05705,42,32,0,65,9,6,3
2023,09600213,5,05706,5,3,,,4,0,2
2023,09600213,5,05801,59,27,0,69,40,26,6
2023,09600213,5,05802,20,20,0,38,12,10,2
2023,09600213,5,05803,0,2,0,2,1,1,1
2023,09600213,5,05804,60,42,1,95,42,37,5
2023,09600213,6,06101,101,65,0,127,57,34,9
2023,09600213,6,06102,17,15,0,28,14,11,2
2023,09600213,6,06103,1,1,0,,2,0,1
2023,09600213,6,06104,1,1,0,,2,0,2
2023,09600213,6,06105,1,0,0,1,1,1,1
2023,09600213,6,06106,1,1,0,1,2,1,1
2023,09600213,6,06109,1,,0,,1,0,1
2023,09600213,6,06110,9,5,0,3,10,2,2
2023,09600213,6,06111,25,16,0,39,13,11,3
2023,09600213,6,06112,3,,0,,3,0,2
2023,09600213,6,06113,7,3,0,8,6,4,3
2023,09600213,6,06114,2,2,0,4,2,2,1
2023,09600213,6,06115,25,17,0,24,23,9,6
2023,09600213,6,06117,8,5,0,3,11,1,4
2023,09600213,6,06204,1,1,0,,2,0,2
2023,09600213,6,06206,2,1,0,,3,0,3
2023,09600213,6,06301,46,26,0,68,25,21,5
2023,09600213,6,06302,3,3,0,4,4,2,1
2023,09600213,6,06303,5,11,0,14,5,4,3
2023,09600213,6,06304,4,4,0,4,6,2,3
2023,09600213,6,06305,8,1,0,,5,0,3
2023,09600213,6,06306,2,3,0,,5,0,2
2023,09600213,6,06307,2,1,0,2,2,1,1
2023,09600213,6,06308,9,2,0,8,6,4,2
2023,09600213,6,06309,4,0,0,2,2,1,1
2023,09600213,6,06310,5,6,0,9,6,4,1
2023,09600213,7,07101,56,34,0,61,42,16,10
2023,09600213,7,07102,7,2,,,8,0,3
2023,09600213,7,07105,20,18,0,37,14,13,4
2023,09600213,7,07106,2,,0,,2,0,1
2023,09600213,7,07107,4,1,0,2,3,1,1
2023,09600213,7,07109,40,30,0,25,53,14,15
2023,09600213,7,07110,4,4,0,2,6,1,1
2023,09600213,7,07201,6,3,0,,9,0,3
2023,09600213,7,07203,4,2,,3,3,1,1
2023,09600213,7,07301,36,14,0,30,34,18,8
2023,09600213,7,07303,,2,1,,2,0,2
2023,09600213,7,07304,,3,,,3,0,2
2023,09600213,7,07305,3,,0,,3,0,2
2023,09600213,7,07306,4,1,0,,4,0,1
2023,09600213,7,07307,2,4,0,2,5,1,1
2023,09600213,7,07308,7,,0,,5,0,3
2023,09600213,7,07401,6,4,0,,8,0,4
2023,09600213,7,07403,2,2,0,,3,0,2
2023,09600213,7,07404,29,27,1,36,25,11,5
2023,09600213,7,07405,3,,0,,3,0,2
2023,09600213,7,07406,50,32,1,82,22,22,4
2023,09600213,7,07407,2,,,,2,0,1
2023,09600213,7,07408,9,3,0,6,6,2,4
2023,09600213,8,08101,32,14,0,25,25,9,5
2023,09600213,8,08102,9,4,0,8,8,4,3
2023,09600213,8,08103,15,6,0,19,11,10,4
2023,09600213,8,08104,1,,0,,1,0,1
2023,09600213,8,08105,18,13,0,27,9,6,1
2023,09600213,8,08106,7,5,0,6,10,4,3
2023,09600213,8,08107,4,3,0,2,5,1,1
2023,09600213,8,08108,31,16,0,39,19,13,4
2023,09600213,8,08109,30,37,1,61,15,9,4
2023,09600213,8,08110,21,7,0,15,16,6,6
2023,09600213,8,08111,9,4,0,5,11,4,4
2023,09600213,8,08112,2,4,0,5,4,3,3
2023,09600213,8,08201,5,14,0,14,5,2,1
2023,09600213,8,08202,11,20,0,28,9,7,3
2023,09600213,8,08203,3,1,0,2,3,1,1
2023,09600213,8,08204,,2,0,,1,0,1
2023,09600213,8,08205,56,40,2,88,12,8,3
2023,09600213,8,08206,16,6,0,4,10,2,4
2023,09600213,8,08301,35,28,0,42,27,13,7
2023,09600213,8,08302,12,15,0,22,10,5,1
2023,09600213,8,08304,,1,0,,1,0,1
2023,09600213,8,08305,3,3,0,1,5,1,3
2023,09600213,8,08306,9,4,0,5,9,2,3
2023,09600213,8,08307,1,9,0,3,3,1,2
2023,09600213,8,08308,14,18,1,24,15,9,4
2023,09600213,8,08309,2,4,0,5,4,3,2
2023,09600213,8,08310,15,16,0,31,5,5,1
2023,09600213,8,08311,6,6,3,4,10,2,4
2023,09600213,8,08312,9,12,0,11,14,4,4
2023,09600213,8,08313,8,1,0,8,7,6,1
2023,09600213,9,09101,66,53,11,115,22,19,7
2023,09600213,9,09102,4,1,1,,4,0,2
2023,09600213,9,09103,1,1,0,2,1,1,1
2023,09600213,9,09105,12,11,6,23,5,5,2
2023,09600213,9,09106,1,2,3,,3,0,2
2023,09600213,9,09107,7,6,0,10,7,4,2
2023,09600213,9,09108,3,,1,,3,0,2
2023,09600213,9,09109,21,28,8,45,15,12,3
2023,09600213,9,09111,15,9,3,18,10,6,1
2023,09600213,9,09112,28,27,17,52,16,14,5
2023,09600213,9,09114,4,1,0,5,4,4,1
2023,09600213,9,09115,6,5,1,10,5,4,1
2023,09600213,9,09116,2,,0,,2,0,1
2023,09600213,9,09119,1,0,0,1,1,1,1
2023,09600213,9,09120,41,36,20,74,11,9,2
2023,09600213,9,09201,9,4,0,13,9,9,2
2023,09600213,9,09202,2,2,0,,4,0,2
2023,09600213,9,09203,1,,0,,1,0,1
2023,09600213,9,09204,59,44,55,97,18,12,5
2023,09600213,9,09205,6,3,4,8,3,2,2
2023,09600213,9,09206,23,19,21,42,11,11,1
2023,09600213,9,09208,,1,0,,1,0,1
2023,09600213,9,09211,1,6,4,3,4,1,1
2023,09600214,1,01101,34,13,0,47,26,26,5
2023,09600214,1,01107,15,7,6,15,17,11,5
2023,09600214,1,01401,7,4,1,10,6,5,2
2023,09600214,10,10101,48,26,4,56,30,16,11
2023,09600214,10,10102,3,0,0,1,3,1,2
2023,09600214,10,10104,1,,0,,1,0,1
2023,09600214,10,10105,8,12,8,16,8,6,2
2023,09600214,10,10106,3,1,0,4,3,3,1
2023,09600214,10,10107,0,4,3,2,4,2,1
2023,09600214,10,10108,,1,0,,1,0,1
2023,09600214,10,10109,8,9,0,17,9,9,2
2023,09600214,10,10201,6,3,0,9,8,8,5
2023,09600214,10,10202,2,0,0,2,2,2,2
2023,09600214,10,10205,4,1,0,5,5,5,1
2023,09600214,10,10207,1,0,0,1,1,1,1
2023,09600214,10,10208,10,5,1,15,7,7,1
2023,09600214,10,10210,1,0,0,1,1,1,1
2023,09600214,10,10301,22,12,0,17,22,12,7
2023,09600214,10,10302,1,,0,,1,0,1
2023,09600214,10,10303,2,1,0,3,2,2,1
2023,09600214,10,10304,2,1,1,,3,0,3
2023,09600214,10,10305,1,1,0,1,2,1,1
2023,09600214,10,10306,1,2,1,2,3,2,1
2023,09600214,10,10403,3,0,1,2,2,1,1
2023,09600214,11,11101,17,1,0,14,8,6,3
2023,09600214,11,11201,1,,0,,1,0,1
2023,09600214,11,11401,1,,0,,1,0,1
2023,09600214,12,12101,15,13,1,12,22,8,6
2023,09600214,12,12201,1,1,0,2,1,1,1
2023,09600214,12,12301,1,2,1,1,3,1,1
2023,09600214,13,13101,81,37,7,106,43,34,6
2023,09600214,13,13102,6,2,0,8,7,7,1
2023,09600214,13,13103,10,10,2,8,16,4,4
2023,09600214,13,13104,21,12,3,31,13,11,3
2023,09600214,13,13105,28,9,0,37,23,23,6
2023,09600214,13,13106,45,16,0,49,20,14,3
2023,09600214,13,13107,8,1,0,3,6,2,4
2023,09600214,13,13108,36,9,0,45,12,12,2
2023,09600214,13,13109,10,14,0,13,13,5,3
2023,09600214,13,13110,29,17,0,32,26,15,5
2023,09600214,13,13111,33,17,0,43,24,18,4
2023,09600214,13,13112,59,18,2,56,37,26,7
2023,09600214,13,13113,4,4,0,6,7,5,3
2023,09600214,13,13114,6,2,0,2,6,1,1
2023,09600214,13,13115,1,0,0,1,1,1,1
2023,09600214,13,13116,15,6,0,14,13,6,4
2023,09600214,13,13117,34,19,0,35,30,16,4
2023,09600214,13,13118,18,12,0,25,19,14,3
2023,09600214,13,13119,39,9,0,20,31,11,6
2023,09600214,13,13120,7,9,0,2,13,1,3
2023,09600214,13,13121,33,14,0,41,29,24,5
2023,09600214,13,13122,38,14,0,24,35,11,7
2023,09600214,13,13123,3,0,0,2,3,2,1
2023,09600214,13,13124,59,17,2,53,33,20,6
2023,09600214,13,13125,15,6,0,13,14,7,4
2023,09600214,13,13126,39,11,0,28,28,10,5
2023,09600214,13,13127,43,28,0,61,21,13,3
2023,09600214,13,13128,35,28,2,52,21,15,4
2023,09600214,13,13129,16,18,0,33,21,20,8
2023,09600214,13,13130,12,3,0,13,12,10,2
2023,09600214,13,13131,11,4,0,10,11,7,4
2023,09600214,13,13201,39,21,0,45,35,23,9
2023,09600214,13,13202,8,4,0,11,7,6,3
2023,09600214,13,13203,3,,0,,2,0,1
2023,09600214,13,13301,3,0,0,3,1,1,1
2023,09600214,13,13303,1,0,0,1,1,1,1
2023,09600214,13,13401,17,17,0,22,17,10,6
2023,09600214,13,13402,20,13,0,27,20,18,6
2023,09600214,13,13403,1,,0,,1,0,1
2023,09600214,13,13404,26,12,1,30,22,15,7
2023,09600214,13,13501,18,14,0,18,23,11,6
2023,09600214,13,13502,2,1,0,1,3,1,3
2023,09600214,13,13503,2,2,0,4,3,3,1
2023,09600214,13,13504,2,,0,,2,0,2
2023,09600214,13,13601,63,14,1,33,19,8,3
2023,09600214,13,13602,10,2,0,7,7,3,2
2023,09600214,13,13603,65,31,0,75,43,29,7
2023,09600214,13,13604,2,0,2,2,1,1,1
2023,09600214,13,13605,11,6,0,2,11,1,2
2023,09600214,14,14101,7,0,1,7,5,5,3
2023,09600214,14,14105,2,,1,,2,0,2
2023,09600214,14,14106,3,0,0,2,3,2,2
2023,09600214,14,14107,1,0,0,1,1,1,1
2023,09600214,14,14108,4,3,2,3,5,1,2
2023,09600214,14,14202,2,,0,,2,0,1
2023,09600214,15,15101,31,18,16,41,34,28,9
2023,09600214,15,15102,1,0,1,1,1,1,1
2023,09600214,16,16101,22,11,0,16,18,7,7
2023,09600214,16,16103,1,4,0,,3,0,1
2023,09600214,16,16104,3,1,0,,4,0,1
2023,09600214,16,16106,6,4,0,10,4,4,1
2023,09600214,16,16107,5,1,0,6,3,3,1
2023,09600214,16,16108,5,2,0,3,5,2,1
2023,09600214,16,16109,8,2,0,10,4,4,1
2023,09600214,16,16201,1,1,0,,2,0,1
2023,09600214,16,16203,2,10,0,2,6,1,1
2023,09600214,16,16205,2,,0,,2,0,1
2023,09600214,16,16206,4,1,0,5,2,2,1
2023,09600214,16,16207,1,,0,,1,0,1
2023,09600214,16,16301,10,6,0,2,10,1,2
2023,09600214,16,16302,5,2,0,,5,0,2
2023,09600214,16,16305,1,3,0,,4,0,1
2023,09600214,2,02101,99,41,2,98,64,42,9
2023,09600214,2,02201,21,8,0,13,17,6,4
2023,09600214,2,02203,,1,0,,1,0,1
2023,09600214,3,03101,17,5,0,15,14,9,5
2023,09600214,3,03102,1,0,0,1,1,1,1
2023,09600214,3,03103,7,15,0,17,7,3,2
2023,09600214,3,03201,1,1,0,1,2,1,1
2023,09600214,3,03202,2,2,0,2,2,1,2
2023,09600214,3,03301,14,8,2,17,15,10,4
2023,09600214,3,03302,1,,0,,1,0,1
2023,09600214,3,03303,1,3,2,1,4,1,1
2023,09600214,3,03304,3,,0,,2,0,1
2023,09600214,4,04101,13,7,0,12,16,8,7
2023,09600214,4,04102,68,41,1,94,47,37,10
2023,09600214,4,04103,4,3,0,4,5,2,1
2023,09600214,4,04203,1,1,1,,2,0,1
2023,09600214,4,04204,1,1,0,1,2,1,2
2023,09600214,4,04301,8,1,0,6,8,5,5
2023,09600214,4,04303,4,1,0,2,4,1,2
2023,09600214,4,04304,5,,0,,3,0,1
2023,09600214,5,05101,10,9,0,9,16,7,6
2023,09600214,5,05103,8,5,0,10,7,6,1
2023,09600214,5,05105,8,8,0,10,11,6,2
2023,09600214,5,05107,20,8,0,17,12,5,2
2023,09600214,5,05109,29,11,0,12,28,8,7
2023,09600214,5,05301,5,9,0,5,9,2,3
2023,09600214,5,05302,3,0,0,3,1,1,1
2023,09600214,5,05303,3,0,0,2,3,2,1
2023,09600214,5,05401,8,2,0,4,6,3,3
2023,09600214,5,05402,1,2,0,1,3,1,3
2023,09600214,5,05405,3,1,0,,4,0,2
2023,09600214,5,05501,39,28,1,41,30,11,7
2023,09600214,5,05502,4,3,0,1,7,1,3
2023,09600214,5,05503,8,2,0,4,7,1,3
2023,09600214,5,05504,4,5,0,4,7,2,1
2023,09600214,5,05506,,1,0,,1,0,1
2023,09600214,5,05601,13,7,0,13,15,8,6
2023,09600214,5,05602,1,3,0,3,3,2,1
2023,09600214,5,05603,1,,0,,1,0,1
2023,09600214,5,05605,1,,0,,1,0,1
2023,09600214,5,05701,16,12,0,22,10,5,2
2023,09600214,5,05702,5,2,0,,6,0,2
2023,09600214,5,05703,15,7,0,9,8,3,1
2023,09600214,5,05704,0,1,0,1,1,1,1
2023,09600214,5,05705,4,5,0,2,7,2,3
2023,09600214,5,05706,,2,,,1,0,1
2023,09600214,5,05801,30,17,0,27,32,15,6
2023,09600214,5,05802,15,5,0,17,13,10,2
2023,09600214,5,05803,2,3,0,5,4,4,1
2023,09600214,5,05804,34,16,0,41,30,23,5
2023,09600214,6,06101,29,18,0,35,34,22,7
2023,09600214,6,06102,7,3,0,10,7,7,2
2023,09600214,6,06103,2,,0,,2,0,1
2023,09600214,6,06104,1,1,0,1,2,1,2
2023,09600214,6,06105,2,,,,2,0,1
2023,09600214,6,06106,5,0,0,3,3,2,1
2023,09600214,6,06108,2,0,0,2,1,1,1
2023,09600214,6,06110,1,,0,,1,0,1
2023,09600214,6,06111,2,,0,,2,0,2
2023,09600214,6,06112,1,1,0,,2,0,2
2023,09600214,6,06113,2,0,0,2,2,2,1
2023,09600214,6,06115,9,5,0,5,13,5,4
2023,09600214,6,06116,,2,0,,2,0,1
2023,09600214,6,06117,2,,0,,1,0,1
2023,09600214,6,06204,1,,,,1,0,1
2023,09600214,6,06206,,1,0,,1,0,1
2023,09600214,6,06301,10,1,0,11,9,9,2
2023,09600214,6,06302,0,3,0,1,2,1,1
2023,09600214,6,06303,0,3,0,1,2,1,2
2023,09600214,6,06304,1,,0,,1,0,1
2023,09600214,6,06305,1,,0,,1,0,1
2023,09600214,6,06307,1,0,0,1,1,1,1
2023,09600214,6,06308,4,0,0,4,3,3,1
2023,09600214,6,06309,1,,0,,1,0,1
2023,09600214,6,06310,1,2,0,1,3,1,1
2023,09600214,7,07101,27,15,0,15,31,12,8
2023,09600214,7,07102,4,,,,4,0,2
2023,09600214,7,07105,13,1,0,14,9,9,2
2023,09600214,7,07107,2,,0,,2,0,1
2023,09600214,7,07108,3,,0,,3,0,1
2023,09600214,7,07109,10,3,0,1,13,1,9
2023,09600214,7,07110,4,1,0,,4,0,2
2023,09600214,7,07201,4,4,0,,6,0,2
2023,09600214,7,07301,29,12,0,24,29,14,7
2023,09600214,7,07303,2,1,0,,3,0,2
2023,09600214,7,07304,6,3,0,,9,0,3
2023,09600214,7,07305,,1,0,,1,0,1
2023,09600214,7,07306,3,1,0,,4,0,1
2023,09600214,7,07307,2,,0,,2,0,1
2023,09600214,7,07308,6,3,0,4,7,2,2
2023,09600214,7,07401,4,3,0,,7,0,3
2023,09600214,7,07402,5,4,0,2,8,1,3
2023,09600214,7,07403,4,3,0,,6,0,3
2023,09600214,7,07404,6,2,0,,7,0,3
2023,09600214,7,07405,3,,0,,2,0,1
2023,09600214,7,07406,10,8,0,18,10,10,2
2023,09600214,7,07407,,1,,,1,0,1
2023,09600214,7,07408,2,1,0,1,3,1,3
2023,09600214,8,08101,12,7,0,5,15,3,5
2023,09600214,8,08102,8,,0,,4,0,2
2023,09600214,8,08103,10,2,0,8,10,6,4
2023,09600214,8,08104,1,,0,,1,0,1
2023,09600214,8,08105,6,1,0,2,5,1,2
2023,09600214,8,08106,7,2,0,3,7,2,3
2023,09600214,8,08107,4,2,0,5,4,3,1
2023,09600214,8,08108,20,4,0,15,17,10,4
2023,09600214,8,08109,6,4,0,9,8,7,1
2023,09600214,8,08110,30,3,0,17,16,4,6
2023,09600214,8,08111,1,4,0,3,4,2,2
2023,09600214,8,08112,4,2,0,2,6,2,5
2023,09600214,8,08201,2,5,0,,3,0,1
2023,09600214,8,08202,8,3,0,8,6,4,3
2023,09600214,8,08203,4,0,0,1,4,1,1
2023,09600214,8,08204,,4,0,,1,0,1
2023,09600214,8,08205,7,3,0,3,5,2,1
2023,09600214,8,08206,10,5,0,,10,0,4
2023,09600214,8,08301,8,2,0,2,8,1,3
2023,09600214,8,08302,1,,0,,1,0,1
2023,09600214,8,08304,1,,0,,1,0,1
2023,09600214,8,08306,,1,0,,1,0,1
2023,09600214,8,08309,3,0,0,3,2,2,1
2023,09600214,8,08311,,2,0,,2,0,2
2023,09600214,8,08312,0,4,0,1,2,1,2
2023,09600214,8,08313,3,0,0,2,3,2,1
2023,09600214,9,09101,25,5,5,27,21,18,8
2023,09600214,9,09106,0,2,0,2,2,2,1
2023,09600214,9,09109,4,1,1,1,4,1,3
2023,09600214,9,09110,,1,0,,1,0,1
2023,09600214,9,09111,3,3,3,,5,0,1
2023,09600214,9,09112,1,4,0,5,4,4,1
2023,09600214,9,09114,7,0,1,5,5,3,3
2023,09600214,9,09115,3,3,1,2,5,1,1
2023,09600214,9,09116,2,0,0,1,2,1,1
2023,09600214,9,09120,,1,0,,1,0,1
2023,09600214,9,09201,6,1,0,7,7,7,2
2023,09600214,9,09204,11,0,7,11,6,6,1
2023,09600214,9,09206,2,1,1,3,2,2,1
2023,09600215,1,01101,16,8,0,24,15,15,3
2023,09600215,1,01107,13,2,3,11,13,9,5
2023,09600215,1,01401,3,2,1,5,5,5,1
2023,09600215,10,10101,24,13,2,26,22,12,5
2023,09600215,10,10102,1,0,0,1,1,1,1
2023,09600215,10,10105,2,,0,,1,0,1
2023,09600215,10,10106,3,0,0,3,2,2,1
2023,09600215,10,10107,,1,0,,1,0,1
2023,09600215,10,10109,1,0,0,1,1,1,1
2023,09600215,10,10201,4,2,0,6,5,5,3
2023,09600215,10,10203,2,1,0,3,2,2,1
2023,09600215,10,10205,0,1,0,1,1,1,1
2023,09600215,10,10208,3,0,0,3,2,2,1
2023,09600215,10,10209,1,0,0,1,1,1,1
2023,09600215,10,10301,14,2,0,3,14,2,5
2023,09600215,10,10303,2,0,0,2,2,2,1
2023,09600215,10,10304,1,,0,,1,0,1
2023,09600215,10,10402,0,1,,1,1,1,1
2023,09600215,11,11101,9,4,0,5,5,2,2
2023,09600215,11,11201,2,,0,,2,0,1
2023,09600215,11,11402,1,,0,,1,0,1
2023,09600215,12,12101,9,4,0,6,10,3,4
2023,09600215,12,12201,,1,0,,1,0,1
2023,09600215,12,12301,2,,0,,2,0,1
2023,09600215,12,12401,,1,0,,1,0,1
2023,09600215,13,13101,28,17,2,40,26,23,6
2023,09600215,13,13102,3,0,0,3,3,3,1
2023,09600215,13,13103,4,3,0,4,6,3,3
2023,09600215,13,13104,4,9,1,9,10,6,3
2023,09600215,13,13105,32,7,2,39,22,22,6
2023,09600215,13,13106,8,6,0,6,9,3,3
2023,09600215,13,13107,8,3,0,3,8,2,3
2023,09600215,13,13108,15,13,4,28,14,14,2
2023,09600215,13,13109,11,7,0,12,11,7,3
2023,09600215,13,13110,39,9,0,39,20,17,6
2023,09600215,13,13111,7,4,0,4,8,4,3
2023,09600215,13,13112,29,11,5,31,25,18,7
2023,09600215,13,13113,1,0,0,1,1,1,1
2023,09600215,13,13114,2,,0,,2,0,1
2023,09600215,13,13115,1,0,0,1,1,1,1
2023,09600215,13,13116,3,1,0,3,4,3,2
2023,09600215,13,13117,8,3,0,10,7,6,2
2023,09600215,13,13118,9,4,0,10,10,7,3
2023,09600215,13,13119,18,5,0,10,16,5,5
2023,09600215,13,13120,2,,0,,2,0,2
2023,09600215,13,13121,8,2,0,7,7,4,3
2023,09600215,13,13122,17,5,0,9,17,5,5
2023,09600215,13,13123,2,0,0,2,1,1,1
2023,09600215,13,13124,34,12,0,24,25,12,7
2023,09600215,13,13125,7,2,0,7,4,2,1
2023,09600215,13,13126,19,6,0,9,13,4,5
2023,09600215,13,13127,15,6,0,13,8,5,4
2023,09600215,13,13128,27,10,0,25,16,11,4
2023,09600215,13,13129,11,9,0,18,15,13,6
2023,09600215,13,13130,2,3,0,5,5,5,2
2023,09600215,13,13131,3,2,0,3,5,3,3
2023,09600215,13,13201,46,18,1,32,40,20,9
2023,09600215,13,13202,4,1,0,5,4,4,2
2023,09600215,13,13203,3,,0,,2,0,1
2023,09600215,13,13303,1,1,0,2,1,1,1
2023,09600215,13,13401,18,10,0,15,17,7,6
2023,09600215,13,13402,8,9,0,16,13,12,4
2023,09600215,13,13404,11,6,0,13,12,8,3
2023,09600215,13,13501,12,4,0,9,13,7,4
2023,09600215,13,13502,1,,0,,1,0,1
2023,09600215,13,13503,1,0,0,1,1,1,1
2023,09600215,13,13601,41,17,,33,20,9,3
2023,09600215,13,13602,9,0,0,5,4,2,2
2023,09600215,13,13603,25,6,0,28,18,15,7
2023,09600215,13,13604,2,0,0,2,1,1,1
2023,09600215,13,13605,4,2,0,2,3,1,2
2023,09600215,14,14101,4,1,1,3,4,3,3
2023,09600215,14,14108,3,,0,,3,0,2
2023,09600215,15,15101,35,14,12,42,31,26,9
2023,09600215,16,16101,9,6,2,5,11,3,5
2023,09600215,16,16102,2,,0,,1,0,1
2023,09600215,16,16103,5,,0,,3,0,2
2023,09600215,16,16104,1,1,0,,2,0,1
2023,09600215,16,16106,1,0,0,1,1,1,1
2023,09600215,16,16107,1,2,0,3,2,2,1
2023,09600215,16,16108,1,,,,1,0,1
2023,09600215,16,16109,6,0,0,6,3,3,1
2023,09600215,16,16205,1,,,,1,0,1
2023,09600215,16,16207,,4,0,,1,0,1
2023,09600215,16,16301,6,6,0,6,7,2,2
2023,09600215,16,16302,2,3,0,,4,0,1
2023,09600215,16,16305,5,3,0,2,6,1,2
2023,09600215,2,02101,98,41,1,113,48,31,9
2023,09600215,2,02201,23,2,0,14,14,5,3
2023,09600215,3,03101,12,0,0,9,10,7,6
2023,09600215,3,03102,3,0,0,3,3,3,1
2023,09600215,3,03103,9,5,1,7,8,2,2
2023,09600215,3,03201,2,0,0,2,1,1,1
2023,09600215,3,03202,2,,0,,1,0,1
2023,09600215,3,03301,4,4,0,5,7,4,4
2023,09600215,3,03304,2,,0,,2,0,1
2023,09600215,4,04101,11,1,0,6,11,5,6
2023,09600215,4,04102,31,19,0,40,31,21,8
2023,09600215,4,04104,1,,0,,1,0,1
2023,09600215,4,04201,4,2,0,,5,0,4
2023,09600215,4,04203,1,,0,,1,0,1
2023,09600215,4,04204,3,1,0,2,4,2,2
2023,09600215,4,04301,1,,0,,1,0,1
2023,09600215,4,04303,2,1,0,,3,0,2
2023,09600215,4,04304,2,,0,,2,0,1
2023,09600215,5,05101,7,4,0,5,11,5,6
2023,09600215,5,05103,7,0,0,6,5,4,1
2023,09600215,5,05107,1,,,,1,0,1
2023,09600215,5,05109,12,4,1,9,12,5,6
2023,09600215,5,05301,4,1,0,,4,0,2
2023,09600215,5,05302,3,0,0,2,2,1,1
2023,09600215,5,05303,4,0,0,4,3,3,1
2023,09600215,5,05304,1,0,0,1,1,1,1
2023,09600215,5,05401,4,3,0,7,3,3,1
2023,09600215,5,05402,3,0,0,3,1,1,1
2023,09600215,5,05405,2,,0,,2,0,2
2023,09600215,5,05501,15,8,0,12,11,4,2
2023,09600215,5,05502,10,0,0,3,7,1,3
2023,09600215,5,05503,6,3,0,2,8,1,3
2023,09600215,5,05504,4,3,,5,4,2,1
2023,09600215,5,05506,2,0,0,2,1,1,1
2023,09600215,5,05601,6,3,0,4,7,3,4
2023,09600215,5,05602,4,,0,,4,0,2
2023,09600215,5,05603,1,,0,,1,0,1
2023,09600215,5,05604,1,,0,,1,0,1
2023,09600215,5,05701,6,4,0,5,8,3,2
2023,09600215,5,05702,4,,,,4,0,2
2023,09600215,5,05703,1,4,0,3,2,1,1
2023,09600215,5,05704,1,0,0,1,1,1,1
2023,09600215,5,05706,,2,0,,1,0,1
2023,09600215,5,05801,15,8,0,15,17,9,6
2023,09600215,5,05802,7,6,0,11,10,8,2
2023,09600215,5,05803,3,2,0,5,3,3,1
2023,09600215,5,05804,7,1,0,7,8,7,4
2023,09600215,6,06101,18,3,1,12,15,8,8
2023,09600215,6,06102,3,1,0,3,4,3,2
2023,09600215,6,06106,,2,0,,2,0,1
2023,09600215,6,06108,1,0,0,1,1,1,1
2023,09600215,6,06110,3,2,0,,5,0,2
2023,09600215,6,06113,1,2,0,3,1,1,1
2023,09600215,6,06115,8,2,0,6,10,6,4
2023,09600215,6,06117,1,,0,,1,0,1
2023,09600215,6,06301,4,1,0,4,5,4,2
2023,09600215,6,06303,1,,,,1,0,1
2023,09600215,6,06304,,1,,,1,0,1
2023,09600215,6,06305,2,0,0,1,2,1,2
2023,09600215,6,06310,4,0,0,4,3,3,1
2023,09600215,7,07101,27,14,0,16,34,11,9
2023,09600215,7,07102,6,1,,2,6,1,3
2023,09600215,7,07104,,1,,,1,0,1
2023,09600215,7,07105,4,1,0,5,5,5,2
2023,09600215,7,07106,2,1,0,2,2,1,1
2023,09600215,7,07107,1,3,0,,4,0,1
2023,09600215,7,07109,3,1,0,,4,0,4
2023,09600215,7,07201,6,2,0,2,7,1,3
2023,09600215,7,07301,12,4,0,5,13,4,6
2023,09600215,7,07304,5,6,0,,8,0,3
2023,09600215,7,07306,3,,,,3,0,1
2023,09600215,7,07307,1,2,0,,3,0,1
2023,09600215,7,07308,2,1,0,,3,0,2
2023,09600215,7,07401,5,4,0,4,7,2,4
2023,09600215,7,07402,2,3,0,1,5,1,2
2023,09600215,7,07403,2,,0,,2,0,2
2023,09600215,7,07404,6,,0,,5,0,2
2023,09600215,7,07405,3,,0,,2,0,1
2023,09600215,7,07406,4,5,0,9,6,6,1
2023,09600215,8,08101,10,5,0,9,8,4,3
2023,09600215,8,08102,1,1,0,,2,0,1
2023,09600215,8,08103,12,0,0,9,11,8,4
2023,09600215,8,08105,1,,0,,1,0,1
2023,09600215,8,08106,1,,0,,1,0,1
2023,09600215,8,08107,1,,,,1,0,1
2023,09600215,8,08108,12,7,0,10,13,6,4
2023,09600215,8,08109,0,2,0,1,2,1,2
2023,09600215,8,08110,16,4,0,11,11,4,4
2023,09600215,8,08111,1,3,0,2,4,2,3
2023,09600215,8,08112,2,0,0,2,2,2,2
2023,09600215,8,08201,1,2,0,,2,0,1
2023,09600215,8,08202,1,4,0,5,3,3,2
2023,09600215,8,08203,,1,0,,1,0,1
2023,09600215,8,08301,7,3,0,3,7,1,5
2023,09600215,8,08302,1,,0,,1,0,1
2023,09600215,8,08303,1,,0,,1,0,1
2023,09600215,8,08305,0,1,0,1,1,1,1
2023,09600215,8,08306,,1,0,,1,0,1
2023,09600215,8,08307,1,,0,,1,0,1
2023,09600215,8,08311,1,,0,,1,0,1
2023,09600215,8,08313,3,0,0,2,3,2,1
2023,09600215,8,08314,2,,2,,2,0,2
2023,09600215,9,09101,9,4,4,9,12,8,4
2023,09600215,9,09105,1,0,0,1,1,1,1
2023,09600215,9,09107,1,,0,,1,0,1
2023,09600215,9,09112,3,4,0,7,4,4,2
2023,09600215,9,09114,0,1,0,1,1,1,1
2023,09600215,9,09115,3,1,0,2,3,1,1
2023,09600215,9,09201,5,1,0,6,5,5,2
2023,09600215,9,09206,2,2,0,4,4,4,1
2023,09600216,1,01101,11,6,0,17,10,10,3
2023,09600216,1,01107,14,5,4,12,16,10,5
2023,09600216,1,01401,2,0,0,2,2,2,1
2023,09600216,10,10101,1,1,0,,2,0,2
2023,09600216,10,10106,2,0,0,1,2,1,1
2023,09600216,10,10109,2,0,0,2,2,2,1
2023,09600216,10,10201,3,1,0,4,4,4,2
2023,09600216,10,10208,6,2,0,8,7,7,1
2023,09600216,10,10301,6,,0,,6,0,2
2023,09600216,10,10302,1,0,0,1,1,1,1
2023,09600216,10,10303,1,0,0,1,1,1,1
2023,09600216,11,11203,1,,0,,1,0,1
2023,09600216,12,12101,3,1,0,1,4,1,1
2023,09600216,12,12201,1,,0,,1,0,1
2023,09600216,12,12401,1,0,0,1,1,1,1
2023,09600216,13,13101,9,7,1,15,10,9,5
2023,09600216,13,13103,4,,0,,3,0,2
2023,09600216,13,13104,1,2,0,2,2,1,2
2023,09600216,13,13105,16,2,1,18,10,10,4
2023,09600216,13,13106,3,5,0,4,5,2,3
2023,09600216,13,13107,4,,0,,2,0,2
2023,09600216,13,13108,7,0,0,7,6,6,2
2023,09600216,13,13109,4,4,0,6,5,3,2
2023,09600216,13,13110,18,7,0,21,11,7,2
2023,09600216,13,13111,7,5,0,4,9,4,4
2023,09600216,13,13112,19,2,0,15,12,9,5
2023,09600216,13,13114,1,0,0,1,1,1,1
2023,09600216,13,13116,9,0,0,1,7,1,3
2023,09600216,13,13117,17,4,0,13,16,8,3
2023,09600216,13,13118,5,5,0,8,7,5,3
2023,09600216,13,13119,9,5,0,6,12,4,6
2023,09600216,13,13120,3,1,0,2,2,1,1
2023,09600216,13,13121,7,5,0,10,9,7,4
2023,09600216,13,13122,9,4,0,3,11,2,6
2023,09600216,13,13123,2,,0,,2,0,1
2023,09600216,13,13124,8,2,0,4,7,3,4
2023,09600216,13,13125,9,3,0,11,8,7,3
2023,09600216,13,13126,20,4,1,7,14,4,4
2023,09600216,13,13127,7,2,0,5,2,1,1
2023,09600216,13,13128,28,6,0,23,14,9,3
2023,09600216,13,13129,3,1,0,2,4,2,3
2023,09600216,13,13130,4,3,0,7,6,6,3
2023,09600216,13,13131,2,0,0,1,2,1,2
2023,09600216,13,13201,11,4,0,10,11,6,4
2023,09600216,13,13203,1,,0,,1,0,1
2023,09600216,13,13303,1,,0,,1,0,1
2023,09600216,13,13401,3,2,0,1,5,1,4
2023,09600216,13,13402,2,2,0,2,4,2,3
2023,09600216,13,13403,2,1,0,,3,0,2
2023,09600216,13,13404,9,0,0,2,8,2,5
2023,09600216,13,13501,15,6,0,8,17,6,8
2023,09600216,13,13601,5,,,,1,0,1
2023,09600216,13,13602,0,1,0,1,1,1,1
2023,09600216,13,13603,4,1,0,1,4,1,3
2023,09600216,13,13605,5,0,0,1,4,1,1
2023,09600216,14,14102,1,,,,1,0,1
2023,09600216,14,14104,0,1,0,1,1,1,1
2023,09600216,14,14106,2,,1,,1,0,1
2023,09600216,14,14202,1,,0,,1,0,1
2023,09600216,15,15101,11,9,9,14,17,12,8
2023,09600216,16,16101,2,1,0,,3,0,1
2023,09600216,16,16301,1,,0,,1,0,1
2023,09600216,2,02101,54,26,1,63,39,27,9
2023,09600216,2,02104,6,6,0,12,6,6,1
2023,09600216,2,02201,6,1,0,4,6,3,3
2023,09600216,3,03101,3,0,0,2,3,2,3
2023,09600216,3,03103,3,1,0,,4,0,1
2023,09600216,3,03202,1,,0,,1,0,1
2023,09600216,3,03301,1,,0,,1,0,1
2023,09600216,3,03302,1,,0,,1,0,1
2023,09600216,3,03303,1,,1,,1,0,1
2023,09600216,3,03304,1,,0,,1,0,1
2023,09600216,4,04101,16,5,0,13,16,9,10
2023,09600216,4,04102,15,10,0,21,18,14,5
2023,09600216,4,04201,1,,0,,1,0,1
2023,09600216,4,04204,0,1,0,1,1,1,1
2023,09600216,4,04301,5,,0,,4,0,2
2023,09600216,4,04304,1,,0,,1,0,1
2023,09600216,5,05101,8,6,0,10,11,8,6
2023,09600216,5,05103,5,0,0,4,4,3,1
2023,09600216,5,05105,2,0,0,1,2,1,2
2023,09600216,5,05107,1,1,0,1,2,1,2
2023,09600216,5,05109,6,1,0,1,7,1,4
2023,09600216,5,05301,1,,0,,1,0,1
2023,09600216,5,05302,1,,0,,1,0,1
2023,09600216,5,05303,1,0,0,1,1,1,1
2023,09600216,5,05401,2,0,0,2,1,1,1
2023,09600216,5,05402,,1,,,1,0,1
2023,09600216,5,05405,2,,0,,2,0,1
2023,09600216,5,05501,5,4,0,2,8,1,5
2023,09600216,5,05502,4,1,0,3,3,1,1
2023,09600216,5,05503,1,,0,,1,0,1
2023,09600216,5,05504,1,3,,2,3,1,1
2023,09600216,5,05601,14,6,0,10,14,5,5
2023,09600216,5,05602,1,,0,,1,0,1
2023,09600216,5,05604,1,,0,,1,0,1
2023,09600216,5,05605,1,,0,,1,0,1
2023,09600216,5,05701,3,1,0,,3,0,2
2023,09600216,5,05801,2,1,0,2,3,2,2
2023,09600216,5,05802,2,2,0,3,4,3,1
2023,09600216,5,05803,4,3,0,7,5,5,1
2023,09600216,5,05804,8,6,0,10,12,8,4
2023,09600216,6,06101,11,5,0,9,12,5,8
2023,09600216,6,06103,1,,0,,1,0,1
2023,09600216,6,06104,,1,0,,1,0,1
2023,09600216,6,06105,1,2,0,1,3,1,2
2023,09600216,6,06106,1,1,0,1,2,1,1
2023,09600216,6,06107,,1,0,,1,0,1
2023,09600216,6,06108,4,0,0,4,3,3,1
2023,09600216,6,06110,4,,0,,4,0,2
2023,09600216,6,06111,4,1,0,,4,0,1
2023,09600216,6,06112,4,,0,,3,0,2
2023,09600216,6,06113,5,3,0,7,5,4,3
2023,09600216,6,06114,2,,,,2,0,1
2023,09600216,6,06115,8,1,0,4,8,4,2
2023,09600216,6,06117,3,,0,,3,0,2
2023,09600216,6,06203,1,2,0,,3,0,2
2023,09600216,6,06204,2,0,0,2,1,1,1
2023,09600216,6,06301,4,1,0,4,5,4,3
2023,09600216,6,06302,1,1,0,,2,0,1
2023,09600216,6,06303,1,0,0,1,1,1,1
2023,09600216,6,06307,3,,0,,2,0,2
2023,09600216,6,06310,2,0,0,2,2,2,1
2023,09600216,7,07101,30,18,0,22,28,11,7
2023,09600216,7,07102,10,1,,2,10,1,3
2023,09600216,7,07105,11,2,0,13,8,8,1
2023,09600216,7,07106,2,1,0,2,2,1,1
2023,09600216,7,07107,3,3,0,,6,0,1
2023,09600216,7,07108,3,,0,,3,0,1
2023,09600216,7,07109,6,2,0,,8,0,6
2023,09600216,7,07201,6,2,0,,7,0,2
2023,09600216,7,07301,10,2,0,7,8,4,5
2023,09600216,7,07303,1,1,0,,2,0,2
2023,09600216,7,07304,8,7,0,,14,0,3
2023,09600216,7,07306,2,1,,,3,0,1
2023,09600216,7,07307,1,3,0,,4,0,1
2023,09600216,7,07308,10,3,0,2,10,1,2
2023,09600216,7,07401,7,4,0,6,8,3,3
2023,09600216,7,07402,4,5,0,1,9,1,1
2023,09600216,7,07403,2,1,0,,3,0,1
2023,09600216,7,07404,9,1,0,2,7,1,3
2023,09600216,7,07406,10,8,0,18,9,9,2
2023,09600216,8,08101,7,3,0,2,8,1,3
2023,09600216,8,08102,4,4,0,5,5,2,2
2023,09600216,8,08103,5,2,0,5,6,4,2
2023,09600216,8,08105,1,,0,,1,0,1
2023,09600216,8,08106,3,,0,,3,0,2
2023,09600216,8,08108,11,5,0,14,9,7,3
2023,09600216,8,08110,11,1,0,4,7,2,3
2023,09600216,8,08111,2,2,0,1,4,1,3
2023,09600216,8,08112,1,,0,,1,0,1
2023,09600216,8,08301,8,3,0,3,7,1,3
2023,09600216,8,08302,1,,0,,1,0,1
2023,09600216,8,08304,2,2,0,4,2,2,1
2023,09600216,8,08305,1,1,1,1,2,1,2
2023,09600216,8,08307,1,2,0,,3,0,1
2023,09600216,8,08311,1,,0,,1,0,1
2023,09600216,8,08313,2,,0,,1,0,1
2023,09600216,9,09101,4,2,1,5,6,5,3
2023,09600216,9,09105,1,0,0,1,1,1,1
2023,09600216,9,09106,,1,1,,1,0,1
2023,09600216,9,09109,1,,0,,1,0,1
2023,09600216,9,09113,1,,0,,1,0,1
2023,09600216,9,09114,1,1,0,2,2,2,1
2023,09600216,9,09115,1,1,1,2,1,1,1
2023,09600216,9,09201,2,0,0,2,1,1,1
2023,09600216,9,09204,1,0,0,1,1,1,1
2023,09600216,9,09206,0,1,0,1,1,1,1
2023,09600216,9,09211,,1,0,,1,0,1
2023,09600217,1,01101,12,3,0,15,9,9,4
2023,09600217,1,01107,7,2,1,5,9,5,5
2023,09600217,1,01401,4,2,0,6,3,3,1
2023,09600217,1,01402,1,1,2,1,2,1,1
2023,09600217,10,10101,8,2,0,5,5,2,2
2023,09600217,10,10104,1,,0,,1,0,1
2023,09600217,10,10108,,1,0,,1,0,1
2023,09600217,10,10109,7,7,0,14,7,7,1
2023,09600217,10,10201,1,1,0,2,2,2,2
2023,09600217,10,10203,1,0,0,1,1,1,1
2023,09600217,10,10205,1,0,0,1,1,1,1
2023,09600217,10,10208,10,5,1,15,7,7,1
2023,09600217,10,10301,1,,0,,1,0,1
2023,09600217,10,10304,1,1,0,,2,0,2
2023,09600217,10,10305,1,,0,,1,0,1
2023,09600217,10,10403,2,,1,,1,0,1
2023,09600217,11,11101,1,1,0,2,1,1,1
2023,09600217,11,11201,1,,0,,1,0,1
2023,09600217,11,11402,1,,1,,1,0,1
2023,09600217,12,12301,,1,0,,1,0,1
2023,09600217,13,13101,18,7,0,24,15,14,4
2023,09600217,13,13103,0,2,0,1,2,1,2
2023,09600217,13,13105,3,2,0,5,4,4,3
2023,09600217,13,13108,0,1,0,1,1,1,1
2023,09600217,13,13109,6,5,0,2,7,1,2
2023,09600217,13,13110,7,7,0,11,8,5,3
2023,09600217,13,13111,16,9,0,25,10,10,1
2023,09600217,13,13112,8,3,0,10,10,9,4
2023,09600217,13,13113,0,1,0,1,1,1,1
2023,09600217,13,13114,2,,0,,2,0,1
2023,09600217,13,13117,9,9,0,17,8,7,2
2023,09600217,13,13118,6,2,0,3,6,2,2
2023,09600217,13,13119,4,2,0,2,4,2,2
2023,09600217,13,13120,4,2,0,,5,0,1
2023,09600217,13,13121,20,8,0,21,16,11,4
2023,09600217,13,13122,12,4,0,4,13,2,4
2023,09600217,13,13124,2,,0,,2,0,1
2023,09600217,13,13125,4,0,0,2,2,1,1
2023,09600217,13,13126,27,11,0,23,17,5,3
2023,09600217,13,13128,29,17,1,44,15,13,3
2023,09600217,13,13129,5,3,0,8,7,7,4
2023,09600217,13,13130,5,1,0,5,6,5,1
2023,09600217,13,13131,3,1,0,,4,0,2
2023,09600217,13,13201,18,8,0,21,18,13,6
2023,09600217,13,13203,1,1,0,,2,0,2
2023,09600217,13,13401,3,2,0,4,3,2,3
2023,09600217,13,13402,2,6,0,6,6,4,2
2023,09600217,13,13404,13,5,0,16,7,5,3
2023,09600217,13,13501,4,1,0,3,5,3,4
2023,09600217,13,13502,1,0,0,1,1,1,1
2023,09600217,13,13602,6,1,0,6,3,2,1
2023,09600217,13,13603,2,0,0,1,2,1,2
2023,09600217,13,13605,2,,,,1,0,1
2023,09600217,14,14101,1,0,0,1,1,1,1
2023,09600217,14,14107,0,1,0,1,1,1,1
2023,09600217,14,14108,,2,1,,2,0,2
2023,09600217,16,16101,2,3,,,5,0,2
2023,09600217,16,16104,1,,0,,1,0,1
2023,09600217,16,16201,,1,0,,1,0,1
2023,09600217,16,16301,,1,0,,1,0,1
2023,09600217,2,02101,27,8,0,19,22,11,6
2023,09600217,2,02201,1,1,0,2,1,1,1
2023,09600217,3,03101,2,1,0,2,2,1,1
2023,09600217,3,03102,1,1,0,2,1,1,1
2023,09600217,3,03103,4,5,0,5,5,2,2
2023,09600217,3,03301,2,1,0,1,3,1,2
2023,09600217,3,03303,,2,1,,2,0,1
2023,09600217,4,04101,7,0,0,5,6,4,4
2023,09600217,4,04102,60,41,0,92,40,34,8
2023,09600217,4,04103,3,2,0,2,4,1,1
2023,09600217,4,04201,7,6,0,13,1,1,1
2023,09600217,4,04204,1,,0,,1,0,1
2023,09600217,4,04301,5,1,0,5,5,4,3
2023,09600217,4,04302,4,,0,,3,0,3
2023,09600217,4,04304,4,,0,,2,0,1
2023,09600217,5,05101,1,,0,,1,0,1
2023,09600217,5,05103,2,3,0,5,3,3,1
2023,09600217,5,05105,2,3,0,4,5,4,2
2023,09600217,5,05107,11,2,0,9,5,2,1
2023,09600217,5,05109,4,1,0,4,2,1,2
2023,09600217,5,05301,,1,,,1,0,1
2023,09600217,5,05303,1,0,0,1,1,1,1
2023,09600217,5,05401,,1,0,,1,0,1
2023,09600217,5,05402,0,2,0,2,2,2,1
2023,09600217,5,05501,21,18,0,31,16,8,5
2023,09600217,5,05503,1,1,0,,2,0,2
2023,09600217,5,05504,,1,0,,1,0,1
2023,09600217,5,05506,,1,0,,1,0,1
2023,09600217,5,05601,7,2,0,6,8,5,3
2023,09600217,5,05701,1,3,0,,2,0,2
2023,09600217,5,05702,2,,,,2,0,1
2023,09600217,5,05801,8,9,0,10,10,4,4
2023,09600217,5,05804,5,4,0,8,5,4,4
2023,09600217,6,06101,7,3,0,8,9,7,3
2023,09600217,6,06102,0,1,0,1,1,1,1
2023,09600217,6,06105,1,,,,1,0,1
2023,09600217,6,06111,1,,0,,1,0,1
2023,09600217,6,06112,,1,0,,1,0,1
2023,09600217,6,06115,5,4,0,3,8,3,3
2023,09600217,6,06301,9,1,0,10,7,7,2
2023,09600217,6,06302,0,1,0,1,1,1,1
2023,09600217,6,06303,2,10,0,12,2,2,1
2023,09600217,6,06304,1,,0,,1,0,1
2023,09600217,6,06305,1,,0,,1,0,1
2023,09600217,6,06307,1,0,0,1,1,1,1
2023,09600217,6,06309,1,,0,,1,0,1
2023,09600217,6,06310,,1,0,,1,0,1
2023,09600217,7,07101,3,3,0,2,6,2,4
2023,09600217,7,07102,,1,,,1,0,1
2023,09600217,7,07109,2,1,0,1,3,1,3
2023,09600217,7,07110,1,,0,,1,0,1
2023,09600217,7,07201,1,1,,,2,0,1
2023,09600217,7,07301,4,1,,3,3,1,1
2023,09600217,7,07304,1,,,,1,0,1
2023,09600217,7,07306,,1,,,1,0,1
2023,09600217,7,07401,,1,,,1,0,1
2023,09600217,7,07404,1,,0,,1,0,1
2023,09600217,8,08101,3,,0,,3,0,2
2023,09600217,8,08103,2,0,0,1,2,1,2
2023,09600217,8,08104,1,,0,,1,0,1
2023,09600217,8,08105,1,,0,,1,0,1
2023,09600217,8,08106,2,1,0,2,2,1,1
2023,09600217,8,08107,1,,0,,1,0,1
2023,09600217,8,08108,2,0,0,1,2,1,1
2023,09600217,8,08109,5,2,0,6,5,4,1
2023,09600217,8,08110,18,2,0,10,8,1,2
2023,09600217,8,08111,,2,0,,1,0,1
2023,09600217,8,08112,2,1,0,1,3,1,2
2023,09600217,8,08301,6,1,0,2,5,1,2
2023,09600217,8,08302,1,,0,,1,0,1
2023,09600217,8,08305,2,,,,1,0,1
2023,09600217,8,08311,,1,1,,1,0,1
2023,09600217,8,08312,,3,,,1,0,1
2023,09600217,9,09101,2,0,0,2,2,2,2
2023,09600217,9,09110,,1,0,,1,0,1
2023,09600217,9,09120,,1,0,,1,0,1
2023,09600217,9,09204,4,0,2,4,2,2,1
2023,09600217,9,09206,1,1,0,2,1,1,1
2023,09600218,1,01101,3,0,0,3,3,3,3
2023,09600218,1,01107,3,1,0,1,4,1,3
2023,09600218,1,01401,2,2,1,2,3,2,2
2023,09600218,1,01403,2,0,0,2,1,1,1
2023,09600218,10,10101,6,1,0,2,4,1,3
2023,09600218,10,10102,2,1,0,2,3,2,3
2023,09600218,10,10106,1,0,0,1,1,1,1
2023,09600218,10,10108,,1,0,,1,0,1
2023,09600218,10,10109,2,2,0,3,2,1,2
2023,09600218,10,10201,2,0,0,2,2,2,2
2023,09600218,10,10202,2,0,0,2,1,1,1
2023,09600218,10,10205,1,0,0,1,1,1,1
2023,09600218,10,10208,4,2,0,6,4,4,1
2023,09600218,10,10302,1,,0,,1,0,1
2023,09600218,10,10305,1,2,0,,3,0,3
2023,09600218,10,10307,,2,2,,1,0,1
2023,09600218,11,11201,1,,0,,1,0,1
2023,09600218,11,11402,1,,1,,1,0,1
2023,09600218,13,13101,29,27,1,51,35,30,6
2023,09600218,13,13105,3,0,0,3,3,3,1
2023,09600218,13,13106,,1,0,,1,0,1
2023,09600218,13,13107,1,,,,1,0,1
2023,09600218,13,13108,7,0,0,5,6,4,1
2023,09600218,13,13109,1,2,0,2,2,1,2
2023,09600218,13,13110,1,4,0,2,3,1,2
2023,09600218,13,13111,7,5,0,9,9,6,3
2023,09600218,13,13112,8,5,0,11,9,7,4
2023,09600218,13,13113,1,2,0,2,3,2,2
2023,09600218,13,13114,1,,0,,1,0,1
2023,09600218,13,13117,4,1,0,3,5,3,2
2023,09600218,13,13118,4,1,0,1,4,1,2
2023,09600218,13,13119,1,,0,,1,0,1
2023,09600218,13,13120,1,,0,,1,0,1
2023,09600218,13,13121,5,2,0,2,7,2,3
2023,09600218,13,13122,18,3,0,14,9,4,2
2023,09600218,13,13123,1,1,0,2,1,1,1
2023,09600218,13,13124,3,3,0,6,3,3,2
2023,09600218,13,13125,,1,0,,1,0,1
2023,09600218,13,13126,17,7,0,14,12,4,4
2023,09600218,13,13128,16,16,0,25,14,10,2
2023,09600218,13,13129,0,1,0,1,1,1,1
2023,09600218,13,13130,3,3,0,5,4,3,1
2023,09600218,13,13131,3,0,0,3,3,3,2
2023,09600218,13,13201,39,33,0,68,17,15,4
2023,09600218,13,13202,,1,0,,1,0,1
2023,09600218,13,13401,2,1,0,1,3,1,1
2023,09600218,13,13402,6,5,0,9,7,6,3
2023,09600218,13,13403,3,3,0,3,4,1,1
2023,09600218,13,13404,6,5,0,8,6,3,4
2023,09600218,13,13501,5,6,0,10,4,3,4
2023,09600218,13,13502,2,0,0,1,2,1,2
2023,09600218,13,13602,2,0,0,2,1,1,1
2023,09600218,13,13605,2,2,,3,2,1,1
2023,09600218,14,14101,,1,,,1,0,1
2023,09600218,14,14102,2,0,0,1,2,1,1
2023,09600218,14,14105,1,1,1,2,1,1,1
2023,09600218,14,14108,1,6,3,,6,0,3
2023,09600218,15,15101,1,1,2,2,1,1,1
2023,09600218,15,15102,1,0,1,1,1,1,1
2023,09600218,15,15201,,1,1,,1,0,1
2023,09600218,16,16205,2,,,,2,0,1
2023,09600218,16,16301,2,1,0,2,2,1,1
2023,09600218,2,02101,16,7,0,18,12,7,7
2023,09600218,2,02201,1,0,0,1,1,1,1
2023,09600218,3,03101,2,2,0,2,3,1,3
2023,09600218,3,03103,3,1,0,,4,0,2
2023,09600218,3,03301,3,0,0,3,3,3,2
2023,09600218,3,03303,1,3,2,1,4,1,1
2023,09600218,4,04101,4,1,0,2,5,2,5
2023,09600218,4,04102,7,12,0,8,14,5,4
2023,09600218,4,04201,10,13,0,23,2,2,1
2023,09600218,4,04203,1,,0,,1,0,1
2023,09600218,4,04204,1,2,0,1,3,1,2
2023,09600218,4,04301,2,1,0,,3,0,2
2023,09600218,4,04302,2,5,1,2,6,1,4
2023,09600218,5,05101,1,,0,,1,0,1
2023,09600218,5,05103,1,1,0,2,2,2,1
2023,09600218,5,05105,1,1,0,,2,0,1
2023,09600218,5,05109,6,4,0,7,6,3,2
2023,09600218,5,05301,,1,,,1,0,1
2023,09600218,5,05303,1,0,0,1,1,1,1
2023,09600218,5,05401,4,4,0,7,3,2,3
2023,09600218,5,05402,3,1,0,3,2,1,2
2023,09600218,5,05501,10,11,0,14,9,3,3
2023,09600218,5,05503,,1,0,,1,0,1
2023,09600218,5,05504,,2,0,,2,0,1
2023,09600218,5,05506,2,,0,,2,0,1
2023,09600218,5,05601,2,5,0,5,4,3,3
2023,09600218,5,05604,1,1,0,2,1,1,1
2023,09600218,5,05605,1,2,0,,2,0,1
2023,09600218,5,05701,2,4,0,5,3,2,2
2023,09600218,5,05702,1,,,,1,0,1
2023,09600218,5,05801,3,5,0,5,4,1,1
2023,09600218,5,05804,4,2,0,4,4,2,3
2023,09600218,6,06101,4,1,0,4,4,3,4
2023,09600218,6,06102,0,1,0,1,1,1,1
2023,09600218,6,06103,1,,0,,1,0,1
2023,09600218,6,06104,1,,0,,1,0,1
2023,09600218,6,06111,1,,0,,1,0,1
2023,09600218,6,06112,1,,0,,1,0,1
2023,09600218,6,06113,2,0,0,2,2,2,1
2023,09600218,6,06114,2,0,0,2,1,1,1
2023,09600218,6,06115,4,2,0,2,6,2,4
2023,09600218,6,06117,4,3,0,3,4,1,3
2023,09600218,6,06204,1,1,0,,2,0,2
2023,09600218,6,06301,2,2,0,4,2,2,2
2023,09600218,6,06305,1,,0,,1,0,1
2023,09600218,6,06306,2,2,0,,4,0,2
2023,09600218,6,06308,1,0,0,1,1,1,1
2023,09600218,6,06310,0,1,0,1,1,1,1
2023,09600218,7,07101,12,11,0,8,14,2,7
2023,09600218,7,07102,1,,,,1,0,1
2023,09600218,7,07105,1,2,0,2,3,2,3
2023,09600218,7,07109,7,6,0,3,12,2,6
2023,09600218,7,07110,2,2,0,3,2,1,1
2023,09600218,7,07301,5,2,0,5,4,2,3
2023,09600218,7,07303,1,,0,,1,0,1
2023,09600218,7,07304,,1,0,,1,0,1
2023,09600218,7,07307,1,,0,,1,0,1
2023,09600218,7,07401,5,1,0,,6,0,4
2023,09600218,7,07402,1,1,0,2,1,1,1
2023,09600218,7,07403,,3,,,2,0,2
2023,09600218,7,07404,,1,0,,1,0,1
2023,09600218,7,07405,1,,0,,1,0,1
2023,09600218,7,07406,5,0,0,5,3,3,1
2023,09600218,8,08101,3,0,0,2,2,1,2
2023,09600218,8,08103,1,0,0,1,1,1,1
2023,09600218,8,08105,4,2,0,3,3,1,1
2023,09600218,8,08106,1,,0,,1,0,1
2023,09600218,8,08109,3,4,0,7,1,1,1
2023,09600218,8,08110,3,1,0,,3,0,2
2023,09600218,8,08111,3,,0,,3,0,2
2023,09600218,8,08112,1,,,,1,0,1
2023,09600218,8,08301,3,1,0,,4,0,2
2023,09600218,8,08302,6,14,0,15,7,4,1
2023,09600218,8,08309,4,0,,2,2,1,1
2023,09600218,8,08310,15,16,0,31,5,5,1
2023,09600218,8,08311,3,,0,,3,0,3
2023,09600218,9,09102,1,1,0,,2,0,1
2023,09600218,9,09106,1,2,3,,3,0,2
2023,09600218,9,09111,1,1,0,,2,0,1
2023,09600218,9,09114,2,0,0,2,1,1,1
2023,09600218,9,09119,1,0,0,1,1,1,1
2023,09600218,9,09204,4,0,2,4,3,3,1
2023,09600218,9,09206,0,1,0,1,1,1,1
2023,09600218,9,09211,,2,0,,1,0,1
2023,09600219,1,01101,12,9,0,21,13,13,3
2023,09600219,1,01107,12,6,5,12,17,11,5
2023,09600219,1,01401,4,2,0,6,3,3,1
2023,09600219,10,10101,1,1,0,,2,0,2
2023,09600219,10,10102,0,1,0,1,1,1,1
2023,09600219,10,10104,1,,0,,1,0,1
2023,09600219,10,10106,3,0,0,2,3,2,1
2023,09600219,10,10109,6,7,0,13,7,7,1
2023,09600219,10,10201,1,1,0,2,2,2,2
2023,09600219,10,10202,0,2,0,2,1,1,1
2023,09600219,10,10203,3,1,0,4,3,3,1
2023,09600219,10,10205,2,2,0,4,3,3,1
2023,09600219,10,10208,7,4,1,11,5,5,1
2023,09600219,10,10301,2,,0,,2,0,2
2023,09600219,10,10303,1,0,0,1,1,1,1
2023,09600219,10,10304,1,,0,,1,0,1
2023,09600219,10,10306,1,2,1,2,3,2,1
2023,09600219,10,10307,1,,0,,1,0,1
2023,09600219,10,10402,0,1,,1,1,1,1
2023,09600219,10,10403,3,,1,,2,0,1
2023,09600219,11,11101,1,,0,,1,0,1
2023,09600219,11,11201,2,,0,,2,0,1
2023,09600219,12,12201,1,1,0,2,1,1,1
2023,09600219,12,12301,3,1,0,,3,0,1
2023,09600219,12,12401,0,2,2,2,2,2,1
2023,09600219,13,13101,48,26,6,66,40,35,6
2023,09600219,13,13103,3,4,2,3,6,2,3
2023,09600219,13,13105,2,3,0,5,3,3,3
2023,09600219,13,13107,8,1,0,1,6,1,3
2023,09600219,13,13108,4,2,0,4,6,4,2
2023,09600219,13,13109,5,6,0,2,9,2,2
2023,09600219,13,13110,6,7,0,5,9,2,2
2023,09600219,13,13111,18,8,0,23,15,12,3
2023,09600219,13,13112,16,2,0,11,14,9,6
2023,09600219,13,13113,1,2,0,2,3,2,3
2023,09600219,13,13114,3,1,0,,4,0,1
2023,09600219,13,13116,1,1,0,2,1,1,1
2023,09600219,13,13117,13,8,0,18,11,8,3
2023,09600219,13,13118,2,1,0,2,2,1,2
2023,09600219,13,13119,6,2,0,3,6,3,3
2023,09600219,13,13120,4,3,0,,6,0,1
2023,09600219,13,13121,24,9,1,25,22,15,4
2023,09600219,13,13122,13,4,0,2,14,2,5
2023,09600219,13,13124,5,2,0,4,6,3,4
2023,09600219,13,13125,8,1,0,5,6,3,3
2023,09600219,13,13126,23,10,0,21,15,7,4
2023,09600219,13,13128,16,9,0,21,15,11,3
2023,09600219,13,13130,3,0,0,3,3,3,1
2023,09600219,13,13131,7,2,0,5,7,3,2
2023,09600219,13,13201,12,10,1,14,15,8,7
2023,09600219,13,13203,,1,0,,1,0,1
2023,09600219,13,13303,1,1,0,2,1,1,1
2023,09600219,13,13401,8,4,0,5,8,3,3
2023,09600219,13,13402,6,6,0,10,8,7,2
2023,09600219,13,13403,2,,0,,2,0,1
2023,09600219,13,13404,12,2,0,10,10,6,4
2023,09600219,13,13501,3,2,0,2,5,2,5
2023,09600219,13,13502,1,,0,,1,0,1
2023,09600219,13,13602,5,1,0,4,4,2,1
2023,09600219,13,13603,8,3,0,7,6,3,3
2023,09600219,13,13605,10,1,0,5,5,2,1
2023,09600219,14,14101,1,0,0,1,1,1,1
2023,09600219,14,14106,2,0,0,1,2,1,2
2023,09600219,14,14108,6,1,2,,5,0,2
2023,09600219,14,14202,2,,0,,2,0,1
2023,09600219,15,15101,2,,1,,1,0,1
2023,09600219,15,15102,1,0,1,1,1,1,1
2023,09600219,16,16101,3,2,,2,4,1,2
2023,09600219,16,16104,1,1,0,,2,0,1
2023,09600219,16,16108,,2,0,,1,0,1
2023,09600219,16,16201,2,1,0,,3,0,1
2023,09600219,16,16205,2,,,,2,0,1
2023,09600219,16,16301,7,3,0,2,8,1,2
2023,09600219,2,02101,23,6,0,13,23,10,6
2023,09600219,2,02201,6,2,0,4,3,2,2
2023,09600219,3,03101,5,0,0,4,4,3,4
2023,09600219,3,03103,6,4,0,5,7,2,2
2023,09600219,3,03202,1,,0,,1,0,1
2023,09600219,3,03301,,1,0,,1,0,1
2023,09600219,3,03303,1,1,2,2,1,1,1
2023,09600219,3,03304,1,,0,,1,0,1
2023,09600219,4,04101,4,0,0,2,4,2,3
2023,09600219,4,04102,40,16,0,47,32,25,6
2023,09600219,4,04103,4,2,0,2,5,1,1
2023,09600219,4,04203,1,1,1,,2,0,1
2023,09600219,4,04204,3,2,0,3,4,2,2
2023,09600219,4,04301,9,0,0,6,7,5,3
2023,09600219,4,04302,3,1,0,,4,0,4
2023,09600219,4,04304,6,,0,,4,0,1
2023,09600219,5,05101,3,2,0,2,4,1,2
2023,09600219,5,05103,2,1,0,3,3,3,1
2023,09600219,5,05105,3,2,0,4,5,4,2
2023,09600219,5,05107,4,1,,5,1,1,1
2023,09600219,5,05109,2,3,0,2,4,1,3
2023,09600219,5,05301,1,,0,,1,0,1
2023,09600219,5,05302,3,0,0,3,1,1,1
2023,09600219,5,05401,2,1,0,,3,0,2
2023,09600219,5,05405,3,,0,,3,0,2
2023,09600219,5,05501,28,21,1,37,19,7,5
2023,09600219,5,05502,3,1,0,,4,0,2
2023,09600219,5,05503,1,2,0,,3,0,3
2023,09600219,5,05504,2,1,0,,3,0,1
2023,09600219,5,05506,,1,0,,1,0,1
2023,09600219,5,05601,10,3,0,9,8,5,4
2023,09600219,5,05602,1,,0,,1,0,1
2023,09600219,5,05605,1,1,0,,2,0,1
2023,09600219,5,05701,3,4,0,2,5,1,2
2023,09600219,5,05702,1,,,,1,0,1
2023,09600219,5,05801,6,2,0,6,7,5,3
2023,09600219,5,05802,1,,,,1,0,1
2023,09600219,5,05804,7,4,0,4,8,3,3
2023,09600219,6,06101,12,10,1,15,16,9,6
2023,09600219,6,06102,0,1,0,1,1,1,1
2023,09600219,6,06103,2,1,0,,3,0,1
2023,09600219,6,06105,3,0,0,1,3,1,2
2023,09600219,6,06106,7,4,0,8,5,3,1
2023,09600219,6,06108,2,0,0,2,2,2,1
2023,09600219,6,06110,2,1,0,,3,0,2
2023,09600219,6,06111,2,1,0,,2,0,1
2023,09600219,6,06115,11,5,0,6,14,5,6
2023,09600219,6,06116,,2,0,,2,0,1
2023,09600219,6,06117,4,,0,,4,0,2
2023,09600219,6,06204,3,0,0,2,2,1,2
2023,09600219,6,06301,12,2,0,13,10,9,3
2023,09600219,6,06302,0,2,0,1,2,1,1
2023,09600219,6,06303,2,1,0,2,3,2,1
2023,09600219,6,06304,1,,0,,1,0,1
2023,09600219,6,06305,4,0,0,1,3,1,1
2023,09600219,6,06307,1,0,0,1,1,1,1
2023,09600219,6,06308,3,0,0,3,2,2,1
2023,09600219,6,06309,1,,0,,1,0,1
2023,09600219,6,06310,,1,0,,1,0,1
2023,09600219,7,07101,5,5,1,3,10,3,6
2023,09600219,7,07102,3,,,,3,0,3
2023,09600219,7,07104,,1,,,1,0,1
2023,09600219,7,07105,3,0,0,3,2,2,1
2023,09600219,7,07109,4,0,0,1,4,1,4
2023,09600219,7,07201,2,1,,,3,0,2
2023,09600219,7,07301,3,1,0,3,3,2,2
2023,09600219,7,07303,,1,0,,1,0,1
2023,09600219,7,07304,3,2,,,5,0,3
2023,09600219,7,07306,4,,,,3,0,1
2023,09600219,7,07307,,1,0,,1,0,1
2023,09600219,7,07401,3,3,,,6,0,4
2023,09600219,7,07402,1,4,0,,5,0,2
2023,09600219,7,07403,1,,,,1,0,1
2023,09600219,7,07405,1,,,,1,0,1
2023,09600219,7,07406,3,1,0,4,3,3,1
2023,09600219,8,08101,5,,0,,4,0,3
2023,09600219,8,08103,3,1,0,1,4,1,2
2023,09600219,8,08104,1,,0,,1,0,1
2023,09600219,8,08105,1,,0,,1,0,1
2023,09600219,8,08106,2,,0,,2,0,1
2023,09600219,8,08107,1,1,0,1,2,1,1
2023,09600219,8,08108,4,0,0,2,4,2,1
2023,09600219,8,08109,2,2,0,3,3,2,2
2023,09600219,8,08110,14,2,0,10,6,1,2
2023,09600219,8,08111,,3,0,,2,0,2
2023,09600219,8,08112,3,0,0,1,3,1,3
2023,09600219,8,08301,10,,0,,8,0,4
2023,09600219,8,08302,8,,0,,6,0,1
2023,09600219,8,08303,1,,0,,1,0,1
2023,09600219,8,08304,1,,0,,1,0,1
2023,09600219,8,08305,0,1,0,1,1,1,1
2023,09600219,8,08309,3,0,0,2,2,1,1
2023,09600219,8,08311,1,1,1,,2,0,1
2023,09600219,8,08313,2,0,0,2,1,1,1
2023,09600219,9,09101,3,0,0,3,3,3,3
2023,09600219,9,09106,0,2,1,1,2,1,2
2023,09600219,9,09109,1,,0,,1,0,1
2023,09600219,9,09110,,1,0,,1,0,1
2023,09600219,9,09116,1,,0,,1,0,1
2023,09600219,9,09120,1,1,0,1,2,1,1
2023,09600219,9,09201,2,1,0,3,2,2,1
2023,09600219,9,09204,1,0,0,1,1,1,1
2023,09600219,9,09206,1,0,0,1,1,1,1
2023,09600219,9,09211,,1,0,,1,0,1
2023,29101629,1,01107,2,2,0,2,2,2,2
2023,29101629,10,10101,1,0,1,1,1,1,1
2023,29101629,10,10102,8,5,3,8,2,2,1
2023,29101629,10,10103,17,14,3,17,7,7,1
2023,29101629,10,10106,2,2,0,2,2,2,1
2023,29101629,10,10107,52,32,20,52,9,9,1
2023,29101629,10,10108,4,4,0,4,3,3,1
2023,29101629,10,10204,1,1,0,1,3,3,1
2023,29101629,10,10205,14,11,3,14,8,8,1
2023,29101629,10,10207,1,1,0,1,1,1,1
2023,29101629,10,10208,16,11,5,16,5,5,1
2023,29101629,10,10209,10,8,2,10,5,5,4
2023,29101629,10,10301,4,1,3,4,4,4,3
2023,29101629,10,10303,8,3,5,8,6,6,2
2023,29101629,10,10304,2,1,1,2,2,2,1
2023,29101629,10,10306,6,6,0,6,5,5,3
2023,29101629,10,10402,1,0,1,1,1,1,1
2023,29101629,10,10404,1,0,1,1,1,1,1
2023,29101629,11,11101,1,0,1,1,1,1,1
2023,29101629,11,11202,40,32,8,40,6,6,1
2023,29101629,12,12101,7,5,2,7,3,3,2
2023,29101629,12,12201,7,7,0,7,5,5,1
2023,29101629,13,13104,28,26,2,28,5,5,1
2023,29101629,13,13107,1,1,0,1,1,1,1
2023,29101629,13,13112,1,0,1,1,1,1,1
2023,29101629,13,13113,44,31,13,44,12,12,1
2023,29101629,13,13115,22,17,5,22,6,6,1
2023,29101629,13,13116,65,51,14,65,12,12,2
2023,29101629,13,13117,10,6,4,10,9,9,2
2023,29101629,13,13121,195,153,42,195,43,43,4
2023,29101629,13,13122,10,8,2,10,6,6,1
2023,29101629,13,13125,2,1,1,2,1,1,1
2023,29101629,13,13127,94,66,28,94,25,25,4
2023,29101629,13,13128,43,35,8,43,4,4,1
2023,29101629,13,13129,2,1,1,2,1,1,1
2023,29101629,13,13132,6,4,2,6,3,3,1
2023,29101629,13,13201,43,34,9,43,11,11,1
2023,29101629,13,13203,1,1,0,1,1,1,1
2023,29101629,13,13302,1,0,1,1,1,1,1
2023,29101629,13,13401,9,6,3,9,3,3,2
2023,29101629,13,13403,100,77,23,100,7,7,2
2023,29101629,13,13404,147,116,31,147,13,13,2
2023,29101629,13,13501,2,2,0,2,2,2,1
2023,29101629,13,13502,23,22,1,23,11,11,2
2023,29101629,13,13504,26,20,6,26,3,3,1
2023,29101629,14,14101,1,0,1,1,1,1,1
2023,29101629,14,14103,2,2,0,2,2,2,2
2023,29101629,14,14104,6,4,2,6,5,5,1
2023,29101629,14,14105,1,1,0,1,1,1,1
2023,29101629,14,14106,1,1,0,1,1,1,1
2023,29101629,14,14107,1,0,1,1,1,1,1
2023,29101629,14,14108,9,5,4,9,6,6,3
2023,29101629,14,14201,1,1,0,1,1,1,1
2023,29101629,14,14202,3,0,3,3,2,2,1
2023,29101629,14,14204,10,7,3,10,7,7,2
2023,29101629,15,15101,8,3,5,8,6,6,2
2023,29101629,16,16101,1,0,1,1,1,1,1
2023,29101629,16,16102,14,11,3,14,2,2,1
2023,29101629,16,16103,1,0,1,1,1,1,1
2023,29101629,16,16105,49,36,13,49,7,7,1
2023,29101629,16,16108,46,31,15,46,11,11,3
2023,29101629,16,16201,2,1,1,2,2,2,1
2023,29101629,16,16301,90,71,19,90,11,11,1
2023,29101629,16,16302,6,3,3,6,6,6,1
2023,29101629,2,02101,262,183,79,262,11,11,1
2023,29101629,2,02102,1,1,0,1,1,1,1
2023,29101629,2,02201,44,31,13,44,17,17,2
2023,29101629,3,03101,3,1,2,3,2,2,2
2023,29101629,3,03102,1,0,1,1,1,1,1
2023,29101629,3,03301,34,28,6,34,12,12,2
2023,29101629,3,03304,15,10,5,15,4,4,1
2023,29101629,4,04101,30,29,1,30,3,3,2
2023,29101629,4,04102,1,0,1,1,1,1,1
2023,29101629,4,04104,4,4,0,4,2,2,2
2023,29101629,4,04106,17,13,4,17,6,6,1
2023,29101629,4,04201,33,26,7,33,12,12,1
2023,29101629,4,04202,108,67,41,108,12,12,1
2023,29101629,4,04203,5,2,3,5,2,2,1
2023,29101629,4,04301,9,6,3,9,7,7,2
2023,29101629,4,04302,1,1,0,1,1,1,1
2023,29101629,4,04303,30,21,9,30,12,12,2
2023,29101629,4,04304,39,25,14,39,12,12,1
2023,29101629,4,04305,2,2,0,2,2,2,2
2023,29101629,5,05101,16,10,6,16,8,8,3
2023,29101629,5,05103,4,3,1,4,1,1,1
2023,29101629,5,05104,4,2,2,4,2,2,1
2023,29101629,5,05107,181,141,40,181,21,21,2
2023,29101629,5,05109,4,3,1,4,3,3,2
2023,29101629,5,05402,3,3,0,3,2,2,1
2023,29101629,5,05403,77,57,20,77,14,14,2
2023,29101629,5,05404,5,5,0,5,4,4,1
2023,29101629,5,05405,2,1,1,2,2,2,2
2023,29101629,5,05501,16,14,2,16,4,4,2
2023,29101629,5,05504,145,88,57,145,10,10,1
2023,29101629,5,05602,28,20,8,28,2,2,1
2023,29101629,5,05604,1,0,1,1,1,1,1
2023,29101629,5,05606,25,15,10,25,10,10,1
2023,29101629,5,05802,1,0,1,1,1,1,1
2023,29101629,6,06101,2,0,2,2,1,1,1
2023,29101629,6,06102,69,47,22,69,9,9,1
2023,29101629,6,06112,2,2,0,2,1,1,1
2023,29101629,6,06114,16,11,5,16,6,6,1
2023,29101629,6,06115,24,18,6,24,10,10,2
2023,29101629,6,06117,55,45,10,55,12,12,1
2023,29101629,6,06201,5,5,0,5,4,4,1
2023,29101629,6,06202,1,0,1,1,1,1,1
2023,29101629,6,06204,2,0,2,2,1,1,1
2023,29101629,6,06302,4,2,2,4,1,1,1
2023,29101629,6,06303,108,85,23,108,31,31,4
2023,29101629,6,06305,1,0,1,1,1,1,1
2023,29101629,6,06307,1,0,1,1,1,1,1
2023,29101629,6,06308,23,15,8,23,5,5,1
2023,29101629,6,06309,4,2,2,4,3,3,1
2023,29101629,6,06310,1,0,1,1,1,1,1
2023,29101629,7,07101,2,2,0,2,2,2,2
2023,29101629,7,07102,19,12,7,19,7,7,2
2023,29101629,7,07105,58,43,15,58,10,10,1
2023,29101629,7,07107,19,13,6,19,9,9,1
2023,29101629,7,07108,3,2,1,3,2,2,1
2023,29101629,7,07109,1,1,0,1,1,1,1
2023,29101629,7,07301,3,2,1,3,2,2,2
2023,29101629,7,07304,100,80,20,100,13,13,2
2023,29101629,7,07306,1,1,0,1,1,1,1
2023,29101629,7,07309,1,0,1,1,1,1,1
2023,29101629,7,07401,2,0,2,2,1,1,1
2023,29101629,7,07402,25,20,5,25,5,5,2
2023,29101629,7,07403,51,37,14,51,8,8,1
2023,29101629,7,07405,12,9,3,12,4,4,1
2023,29101629,7,07407,12,12,0,12,4,4,1
2023,29101629,7,07408,8,5,3,8,3,3,2
2023,29101629,8,08101,35,25,10,35,8,8,1
2023,29101629,8,08107,1,0,1,1,1,1,1
2023,29101629,8,08108,18,17,1,18,7,7,2
2023,29101629,8,08110,20,13,7,20,5,5,1
2023,29101629,8,08111,31,19,12,31,10,10,1
2023,29101629,8,08112,13,10,3,13,5,5,2
2023,29101629,8,08201,13,10,3,13,1,1,1
2023,29101629,8,08202,20,17,3,20,9,9,2
2023,29101629,8,08203,13,8,5,13,5,5,1
2023,29101629,8,08204,3,2,1,3,2,2,2
2023,29101629,8,08205,3,3,0,3,2,2,1
2023,29101629,8,08206,1,1,0,1,1,1,1
2023,29101629,8,08207,9,6,3,9,2,2,1
2023,29101629,8,08301,98,74,24,98,24,24,4
2023,29101629,8,08302,25,16,9,25,7,7,1
2023,29101629,8,08303,124,89,35,124,13,13,2
2023,29101629,8,08304,71,52,19,71,26,26,5
2023,29101629,8,08305,34,28,6,34,5,5,1
2023,29101629,8,08306,27,22,5,27,10,10,1
2023,29101629,8,08307,13,8,5,13,7,7,1
2023,29101629,8,08310,3,2,1,3,2,2,1
2023,29101629,8,08311,7,6,1,7,7,7,3
2023,29101629,8,08312,30,17,13,30,13,13,2
2023,29101629,8,08313,48,39,9,48,13,13,3
2023,29101629,8,08314,16,14,2,16,9,9,3
2023,29101629,9,09102,27,21,6,27,13,13,4
2023,29101629,9,09107,1,1,0,1,1,1,1
2023,29101629,9,09108,6,4,2,6,2,2,2
2023,29101629,9,09109,11,10,1,11,8,8,3
2023,29101629,9,09110,1,0,1,1,1,1,1
2023,29101629,9,09111,1,0,1,1,1,1,1
2023,29101629,9,09112,3,2,1,3,3,3,2
2023,29101629,9,09113,1,1,0,1,1,1,1
2023,29101629,9,09114,30,27,3,30,9,9,1
2023,29101629,9,09115,9,7,2,9,3,3,1
2023,29101629,9,09116,1,0,1,1,1,1,1
2023,29101629,9,09118,1,1,0,1,1,1,1
2023,29101629,9,09119,5,2,3,5,4,4,1
2023,29101629,9,09120,4,2,2,4,3,3,2
2023,29101629,9,09121,1,1,0,1,1,1,1
2023,29101629,9,09201,2,2,0,2,1,1,1
2023,29101629,9,09202,14,8,6,14,7,7,3
2023,29101629,9,09204,12,9,3,12,4,4,1
2023,29101629,9,09205,9,4,5,9,2,2,2
2023,29101629,9,09206,1,0,1,1,1,1,1
2023,29101629,9,09207,19,12,7,19,7,7,1
2023,29101629,9,09208,1,1,0,1,1,1,1
2023,29101629,9,09210,4,2,2,4,2,2,2
2023,29101629,9,09211,4,2,2,4,4,4,1
2023,29101651,1,01101,11,8,3,11,5,5,1
2023,29101651,1,01107,10,8,2,10,6,6,1
2023,29101651,10,10201,74,60,14,74,5,5,1
2023,29101651,10,10301,4,2,2,4,3,3,1
2023,29101651,11,11201,2,2,0,2,1,1,1
2023,29101651,13,13108,4,3,1,4,3,3,1
2023,29101651,13,13110,25,22,3,25,8,8,1
2023,29101651,13,13119,167,135,32,167,11,11,1
2023,29101651,13,13122,1,0,1,1,1,1,1
2023,29101651,13,13130,15,11,4,15,4,4,1
2023,29101651,13,13131,2,0,2,2,1,1,1
2023,29101651,13,13201,1,1,0,1,1,1,1
2023,29101651,13,13203,1,1,0,1,1,1,1
2023,29101651,13,13501,1,1,0,1,1,1,1
2023,29101651,13,13605,4,3,1,4,2,2,1
2023,29101651,14,14101,1,1,0,1,1,1,1
2023,29101651,16,16301,169,128,41,169,12,12,1
2023,29101651,2,02101,10,10,0,10,3,3,1
2023,29101651,2,02201,6,4,2,6,5,5,1
2023,29101651,3,03101,7,6,1,7,3,3,1
2023,29101651,4,04101,14,13,1,14,4,4,1
2023,29101651,4,04102,45,26,19,45,9,9,1
2023,29101651,4,04301,35,25,10,35,8,8,1
2023,29101651,5,05101,36,30,6,36,9,9,1
2023,29101651,5,05501,11,7,4,11,7,7,1
2023,29101651,5,05601,1,1,0,1,1,1,1
2023,29101651,5,05801,2,1,1,2,1,1,1
2023,29101651,5,05804,4,1,3,4,1,1,1
2023,29101651,6,06115,22,13,9,22,11,11,1
2023,29101651,6,06301,11,10,1,11,4,4,1
2023,29101651,6,06310,1,1,0,1,1,1,1
2023,29101651,7,07101,6,4,2,6,4,4,1
2023,29101651,7,07201,5,1,4,5,2,2,1
2023,29101651,7,07301,1,1,0,1,1,1,1
2023,29101651,7,07404,1,0,1,1,1,1,1
2023,29101651,8,08101,13,12,1,13,9,9,1
2023,29101651,9,09101,4,2,2,4,2,2,1
2023,29101651,9,09111,1,1,0,1,1,1,1
2023,29101651,9,09112,3,1,2,3,2,2,1
2024,03500404,1,01101,675,658,9,1333,67,67,7
2024,03500404,1,01107,874,748,340,1622,58,58,5
2024,03500404,1,01401,95,81,20,176,14,14,3
2024,03500404,1,01402,0,5,5,1,3,1,1
2024,03500404,1,01403,5,6,11,8,6,3,1
2024,03500404,1,01405,32,37,52,67,11,10,1
2024,03500404,10,10101,730,703,166,1432,127,126,18
2024,03500404,10,10102,15,19,0,34,10,10,4
2024,03500404,10,10103,3,0,0,3,3,3,2
2024,03500404,10,10104,13,15,2,22,8,6,3
2024,03500404,10,10105,95,83,29,178,29,29,4
2024,03500404,10,10106,84,78,13,162,12,12,1
2024,03500404,10,10107,38,49,28,87,11,11,2
2024,03500404,10,10108,8,4,0,12,3,3,1
2024,03500404,10,10109,137,128,12,265,25,25,3
2024,03500404,10,10201,150,134,5,284,58,58,9
2024,03500404,10,10202,5,6,0,9,8,6,4
2024,03500404,10,10203,16,8,0,24,6,6,1
2024,03500404,10,10204,8,28,0,35,11,10,1
2024,03500404,10,10205,57,35,8,75,33,21,6
2024,03500404,10,10206,3,0,0,1,3,1,1
2024,03500404,10,10207,2,2,0,4,4,4,2
2024,03500404,10,10210,5,1,1,6,3,3,2
2024,03500404,10,10301,512,505,52,1006,81,72,8
2024,03500404,10,10302,2,2,0,3,4,3,2
2024,03500404,10,10303,84,90,31,174,34,34,6
2024,03500404,10,10304,54,54,12,106,14,12,2
2024,03500404,10,10305,53,49,39,94,19,12,4
2024,03500404,10,10306,28,24,10,47,21,16,3
2024,03500404,10,10307,6,6,5,9,6,3,2
2024,03500404,10,10401,17,19,0,36,11,11,1
2024,03500404,10,10402,9,9,0,18,9,9,3
2024,03500404,10,10403,17,14,11,31,11,11,2
2024,03500404,10,10404,0,1,0,1,1,1,1
2024,03500404,11,11101,173,231,35,402,25,23,4
2024,03500404,11,11201,9,8,3,14,7,4,4
2024,03500404,11,11202,22,24,4,42,14,13,3
2024,03500404,11,11301,4,14,0,8,5,3,1
2024,03500404,11,11302,1,,0,,1,0,1
2024,03500404,11,11303,1,1,0,1,2,1,1
2024,03500404,11,11401,12,3,0,12,5,3,2
2024,03500404,11,11402,5,2,0,2,6,1,4
2024,03500404,12,12101,254,232,33,476,62,55,8
2024,03500404,12,12201,4,4,0,5,5,2,1
2024,03500404,12,12301,11,23,2,30,7,6,1
2024,03500404,12,12401,49,43,4,92,9,9,1
2024,03500404,13,13101,306,266,5,534,50,32,6
2024,03500404,13,13102,178,199,0,375,25,24,3
2024,03500404,13,13103,242,233,3,467,35,29,5
2024,03500404,13,13104,342,320,0,658,62,60,7
2024,03500404,13,13105,411,410,2,821,56,56,6
2024,03500404,13,13106,499,474,7,965,36,31,4
2024,03500404,13,13107,50,42,2,90,14,13,3
2024,03500404,13,13108,348,323,0,671,33,33,3
2024,03500404,13,13109,243,221,3,462,33,32,3
2024,03500404,13,13110,1024,1031,25,2054,107,106,11
2024,03500404,13,13111,53,37,0,76,38,24,5
2024,03500404,13,13112,654,673,53,1325,77,75,7
2024,03500404,13,13113,25,37,0,52,20,15,3
2024,03500404,13,13114,109,111,0,220,22,22,2
2024,03500404,13,13115,20,24,2,44,13,13,2
2024,03500404,13,13116,161,114,0,259,27,18,4
2024,03500404,13,13117,396,400,9,796,46,46,4
2024,03500404,13,13118,245,251,8,496,36,36,3
2024,03500404,13,13119,761,670,10,1406,108,91,15
2024,03500404,13,13120,256,220,3,464,33,29,3
2024,03500404,13,13121,373,381,2,754,57,57,5
2024,03500404,13,13122,684,695,25,1377,90,89,8
2024,03500404,13,13123,60,58,0,111,32,29,5
2024,03500404,13,13124,733,664,29,1370,94,76,10
2024,03500404,13,13125,234,183,2,411,16,15,4
2024,03500404,13,13126,245,227,6,445,49,42,6
2024,03500404,13,13127,385,360,3,740,52,49,5
2024,03500404,13,13128,584,550,81,1134,47,47,4
2024,03500404,13,13129,191,191,1,382,76,76,9
2024,03500404,13,13130,303,300,6,603,32,32,3
2024,03500404,13,13131,262,202,14,451,42,39,4
2024,03500404,13,13132,19,7,1,26,9,9,1
2024,03500404,13,13201,767,727,20,1491,114,113,10
2024,03500404,13,13202,81,74,1,151,26,23,3
2024,03500404,13,13203,58,48,4,92,20,13,3
2024,03500404,13,13301,84,68,0,134,26,18,8
2024,03500404,13,13302,226,234,1,456,22,21,4
2024,03500404,13,13303,37,39,0,68,20,12,3
2024,03500404,13,13401,922,884,11,1798,106,101,11
2024,03500404,13,13402,255,229,7,484,85,85,9
2024,03500404,13,13403,11,10,1,16,10,6,2
2024,03500404,13,13404,271,312,16,571,40,30,7
2024,03500404,13,13501,379,351,23,714,78,70,11
2024,03500404,13,13502,45,34,0,74,18,13,4
2024,03500404,13,13503,156,133,2,289,33,33,3
2024,03500404,13,13504,1,,0,,1,0,1
2024,03500404,13,13601,224,198,4,413,29,21,3
2024,03500404,13,13602,116,103,0,215,22,20,2
2024,03500404,13,13603,134,134,2,245,60,41,7
2024,03500404,13,13604,320,275,41,595,12,12,1
2024,03500404,13,13605,187,183,2,370,21,21,2
2024,03500404,14,14101,394,366,73,706,123,96,15
2024,03500404,14,14102,2,3,0,5,2,2,1
2024,03500404,14,14103,17,21,8,31,8,4,2
2024,03500404,14,14105,11,4,1,6,8,2,2
2024,03500404,14,14106,3,1,1,1,4,1,2
2024,03500404,14,14107,42,15,4,54,21,19,5
2024,03500404,14,14108,32,38,12,68,21,19,3
2024,03500404,14,14201,79,67,46,123,44,23,10
2024,03500404,14,14202,3,1,0,3,3,2,3
2024,03500404,14,14203,8,9,0,8,8,2,1
2024,03500404,14,14204,34,32,9,61,17,13,5
2024,03500404,15,15101,76,43,21,119,49,49,12
2024,03500404,15,15102,3,2,5,3,5,3,1
2024,03500404,15,15201,5,,3,,2,0,1
2024,03500404,15,15202,2,,2,,1,0,1
2024,03500404,16,16101,216,198,3,402,50,42,10
2024,03500404,16,16102,17,23,0,40,4,4,2
2024,03500404,16,16103,94,94,1,168,32,18,4
2024,03500404,16,16104,7,5,0,9,4,1,3
2024,03500404,16,16106,61,44,1,102,19,17,2
2024,03500404,16,16107,86,70,0,155,19,18,2
2024,03500404,16,16108,2,3,0,2,3,1,1
2024,03500404,16,16109,25,29,0,51,15,13,2
2024,03500404,16,16201,32,29,1,57,11,9,1
2024,03500404,16,16202,6,8,0,8,8,3,2
2024,03500404,16,16203,33,22,0,48,11,8,1
2024,03500404,16,16204,17,17,0,29,11,7,2
2024,03500404,16,16205,5,4,0,5,3,1,1
2024,03500404,16,16206,8,10,0,13,8,5,1
2024,03500404,16,16207,15,19,0,27,11,7,1
2024,03500404,16,16301,164,201,1,347,33,24,4
2024,03500404,16,16302,113,109,5,214,19,14,2
2024,03500404,16,16303,40,39,0,70,20,13,4
2024,03500404,16,16304,24,18,0,41,9,8,1
2024,03500404,16,16305,20,25,0,39,13,8,2
2024,03500404,2,02101,1029,943,31,1968,98,96,10
2024,03500404,2,02102,29,31,0,51,6,5,1
2024,03500404,2,02103,7,12,0,11,13,5,2
2024,03500404,2,02104,24,18,0,39,8,5,1
2024,03500404,2,02201,475,474,99,930,59,45,8
2024,03500404,2,02203,4,3,5,1,7,1,2
2024,03500404,2,02301,8,,0,,6,0,1
2024,03500404,2,02302,15,10,0,22,10,7,1
2024,03500404,3,03101,488,510,71,998,92,92,8
2024,03500404,3,03102,9,4,2,13,8,8,2
2024,03500404,3,03103,81,74,18,146,22,16,2
2024,03500404,3,03201,49,48,3,89,16,12,2
2024,03500404,3,03202,40,42,3,72,19,15,2
2024,03500404,3,03301,215,201,29,411,51,47,6
2024,03500404,3,03302,10,5,1,7,11,4,3
2024,03500404,3,03304,38,28,3,49,19,11,2
2024,03500404,4,04101,367,337,2,688,50,46,8
2024,03500404,4,04102,785,794,30,1572,90,88,10
2024,03500404,4,04103,45,39,5,84,12,12,1
2024,03500404,4,04105,1,,0,,1,0,1
2024,03500404,4,04106,34,42,0,70,11,10,1
2024,03500404,4,04201,63,65,0,123,16,12,3
2024,03500404,4,04203,50,43,0,90,9,6,2
2024,03500404,4,04204,40,35,2,75,7,7,1
2024,03500404,4,04301,78,71,1,134,36,27,7
2024,03500404,4,04302,37,43,0,59,29,10,10
2024,03500404,4,04303,14,22,0,9,24,4,7
2024,03500404,4,04304,14,5,0,15,5,3,1
2024,03500404,4,04305,3,5,0,,8,0,5
2024,03500404,5,05101,867,864,0,1723,161,157,17
2024,03500404,5,05102,2,,0,,2,0,1
2024,03500404,5,05103,123,86,0,209,10,10,1
2024,03500404,5,05105,57,34,1,78,20,14,3
2024,03500404,5,05107,26,15,0,34,13,7,3
2024,03500404,5,05109,496,475,0,962,81,74,12
2024,03500404,5,05301,211,179,5,383,32,26,4
2024,03500404,5,05302,74,77,10,148,18,16,2
2024,03500404,5,05303,17,25,2,42,7,7,1
2024,03500404,5,05304,42,50,0,87,16,11,4
2024,03500404,5,05401,130,103,1,199,63,34,10
2024,03500404,5,05402,52,37,2,86,16,13,4
2024,03500404,5,05403,16,22,0,31,15,10,2
2024,03500404,5,05404,17,12,0,18,18,8,3
2024,03500404,5,05405,10,5,0,6,12,3,2
2024,03500404,5,05501,176,156,1,309,56,44,8
2024,03500404,5,05502,209,191,0,391,52,49,6
2024,03500404,5,05503,40,16,3,49,13,7,2
2024,03500404,5,05504,116,127,0,243,12,12,1
2024,03500404,5,05506,66,55,0,113,27,20,4
2024,03500404,5,05601,175,167,0,326,47,37,5
2024,03500404,5,05602,50,35,3,77,15,10,3
2024,03500404,5,05603,14,22,0,26,10,4,2
2024,03500404,5,05604,38,13,0,27,12,7,2
2024,03500404,5,05605,38,54,0,82,19,14,2
2024,03500404,5,05606,18,23,0,38,6,5,1
2024,03500404,5,05701,122,106,3,211,39,27,4
2024,03500404,5,05702,67,49,0,110,17,12,2
2024,03500404,5,05703,102,93,2,195,11,11,1
2024,03500404,5,05704,33,31,2,64,12,12,1
2024,03500404,5,05705,65,53,3,104,25,14,6
2024,03500404,5,05706,82,72,3,135,28,17,3
2024,03500404,5,05801,400,367,0,767,65,65,6
2024,03500404,5,05802,125,143,0,268,18,18,2
2024,03500404,5,05803,18,24,0,42,12,12,4
2024,03500404,5,05804,403,417,17,820,57,57,5
2024,03500404,6,06101,653,564,3,1209,78,73,10
2024,03500404,6,06102,48,37,0,77,22,17,2
2024,03500404,6,06103,11,26,0,25,9,5,1
2024,03500404,6,06104,6,9,0,12,6,3,4
2024,03500404,6,06105,30,27,1,52,13,8,2
2024,03500404,6,06106,64,67,3,129,10,8,1
2024,03500404,6,06107,1,1,0,1,2,1,1
2024,03500404,6,06108,1,2,0,3,2,2,1
2024,03500404,6,06109,26,16,0,40,10,9,1
2024,03500404,6,06110,69,61,0,126,17,15,2
2024,03500404,6,06111,29,21,0,43,18,14,2
2024,03500404,6,06112,6,5,0,9,4,3,1
2024,03500404,6,06113,6,5,0,7,4,2,2
2024,03500404,6,06114,6,3,0,8,2,1,2
2024,03500404,6,06115,121,83,0,193,25,16,5
2024,03500404,6,06117,107,96,0,197,19,13,4
2024,03500404,6,06201,2,1,0,2,3,2,2
2024,03500404,6,06202,16,15,0,19,11,6,1
2024,03500404,6,06203,12,11,0,18,7,5,1
2024,03500404,6,06204,6,9,0,12,6,4,1
2024,03500404,6,06205,3,5,0,8,2,2,1
2024,03500404,6,06206,,2,0,,2,0,1
2024,03500404,6,06301,124,110,0,224,30,23,6
2024,03500404,6,06302,38,33,0,71,7,7,1
2024,03500404,6,06303,27,33,1,34,28,11,5
2024,03500404,6,06304,19,17,0,26,16,7,4
2024,03500404,6,06305,42,46,0,86,17,15,3
2024,03500404,6,06306,12,10,0,17,9,4,4
2024,03500404,6,06307,41,30,0,64,16,11,3
2024,03500404,6,06308,4,3,2,1,6,1,3
2024,03500404,6,06309,12,7,0,18,5,4,1
2024,03500404,6,06310,64,57,0,120,8,7,1
2024,03500404,7,07101,1643,1642,10,3252,125,111,12
2024,03500404,7,07102,481,443,2,903,71,63,7
2024,03500404,7,07103,50,55,0,87,28,13,6
2024,03500404,7,07104,40,27,0,59,11,10,1
2024,03500404,7,07105,395,389,2,784,65,65,6
2024,03500404,7,07106,121,126,0,230,40,26,4
2024,03500404,7,07107,96,74,0,153,32,19,6
2024,03500404,7,07108,111,167,2,242,56,26,6
2024,03500404,7,07109,386,428,1,700,158,91,18
2024,03500404,7,07110,69,70,1,137,15,13,2
2024,03500404,7,07201,374,369,6,710,65,40,11
2024,03500404,7,07202,66,46,1,109,12,11,1
2024,03500404,7,07203,87,80,2,153,31,24,3
2024,03500404,7,07301,522,479,3,961,100,91,14
2024,03500404,7,07302,103,80,0,168,29,18,4
2024,03500404,7,07303,81,67,20,128,36,20,5
2024,03500404,7,07304,444,378,6,798,61,46,8
2024,03500404,7,07305,27,28,0,42,16,5,4
2024,03500404,7,07306,181,158,2,327,25,14,4
2024,03500404,7,07307,225,177,0,392,42,33,4
2024,03500404,7,07308,232,260,7,472,65,51,7
2024,03500404,7,07309,7,8,3,13,6,4,2
2024,03500404,7,07401,460,471,9,897,53,43,7
2024,03500404,7,07402,141,147,1,276,32,21,6
2024,03500404,7,07403,79,78,2,132,35,22,9
2024,03500404,7,07404,412,373,5,747,88,55,12
2024,03500404,7,07405,216,223,5,387,82,47,10
2024,03500404,7,07406,324,311,0,635,51,51,10
2024,03500404,7,07407,181,170,4,308,53,25,7
2024,03500404,7,07408,28,35,0,51,17,8,5
2024,03500404,8,08101,74,62,0,131,28,24,5
2024,03500404,8,08102,326,310,10,628,56,49,8
2024,03500404,8,08103,153,118,2,263,34,32,4
2024,03500404,8,08104,34,29,1,52,24,14,4
2024,03500404,8,08105,105,108,0,194,33,19,4
2024,03500404,8,08106,206,176,0,376,39,35,4
2024,03500404,8,08107,39,32,0,59,11,7,4
2024,03500404,8,08108,326,316,3,642,50,50,5
2024,03500404,8,08109,15,17,0,28,13,9,5
2024,03500404,8,08110,86,76,4,147,35,24,7
2024,03500404,8,08111,190,198,1,359,73,52,9
2024,03500404,8,08112,161,155,0,276,53,32,5
2024,03500404,8,08201,63,53,5,114,15,13,3
2024,03500404,8,08202,155,151,13,287,43,36,4
2024,03500404,8,08203,144,124,44,266,24,22,6
2024,03500404,8,08204,23,10,6,22,13,7,2
2024,03500404,8,08205,171,150,9,316,29,25,3
2024,03500404,8,08206,106,142,16,232,48,36,5
2024,03500404,8,08301,439,437,0,847,90,69,18
2024,03500404,8,08302,13,19,0,27,13,9,2
2024,03500404,8,08303,66,89,0,150,18,15,4
2024,03500404,8,08304,26,29,0,40,24,12,5
2024,03500404,8,08305,12,7,1,8,17,6,8
2024,03500404,8,08306,113,97,0,201,35,30,3
2024,03500404,8,08307,12,8,0,15,10,6,3
2024,03500404,8,08308,9,24,0,23,20,10,5
2024,03500404,8,08309,2,,0,,1,0,1
2024,03500404,8,08310,23,15,0,36,11,9,1
2024,03500404,8,08311,15,13,6,22,14,11,4
2024,03500404,8,08312,25,23,0,46,8,6,1
2024,03500404,8,08313,4,0,0,3,3,2,1
2024,03500404,8,08314,9,7,15,13,8,5,5
2024,03500404,9,09101,938,895,385,1825,144,140,14
2024,03500404,9,09102,12,7,2,11,10,3,4
2024,03500404,9,09103,,1,0,,1,0,1
2024,03500404,9,09104,23,14,24,27,13,6,5
2024,03500404,9,09105,24,11,7,35,9,9,4
2024,03500404,9,09106,4,4,5,3,8,3,4
2024,03500404,9,09107,1,1,1,,2,0,2
2024,03500404,9,09108,7,5,1,10,4,2,3
2024,03500404,9,09109,65,75,22,128,31,22,4
2024,03500404,9,09110,2,4,4,,4,0,2
2024,03500404,9,09111,54,28,33,82,10,10,1
2024,03500404,9,09112,347,358,253,695,62,53,9
2024,03500404,9,09113,2,2,2,4,2,2,1
2024,03500404,9,09114,25,19,7,44,10,10,1
2024,03500404,9,09115,53,48,8,77,18,9,3
2024,03500404,9,09117,4,1,1,,3,0,1
2024,03500404,9,09119,1,6,2,,4,0,2
2024,03500404,9,09120,185,170,54,348,29,23,4
2024,03500404,9,09201,105,111,5,216,25,25,3
2024,03500404,9,09202,7,5,5,2,9,1,3
2024,03500404,9,09203,61,66,4,127,12,12,1
2024,03500404,9,09204,40,16,37,54,12,10,3
2024,03500404,9,09205,20,30,25,32,9,6,1
2024,03500404,9,09206,27,25,24,52,12,12,1
2024,03500404,9,09208,1,5,3,2,6,2,4
2024,03500404,9,09210,6,5,8,5,8,2,4
2024,03500404,9,09211,42,60,12,102,10,10,5
2024,03500405,1,01101,147,70,2,217,49,49,5
2024,03500405,1,01107,140,77,45,217,48,48,5
2024,03500405,1,01401,14,12,10,26,7,7,2
2024,03500405,1,01405,1,1,2,2,1,1,1
2024,03500405,10,10101,128,84,26,211,74,73,15
2024,03500405,10,10102,2,3,1,5,4,4,4
2024,03500405,10,10104,2,3,1,3,4,2,2
2024,03500405,10,10105,24,17,5,41,17,17,3
2024,03500405,10,10106,24,8,4,32,9,9,1
2024,03500405,10,10107,4,3,2,7,5,5,2
2024,03500405,10,10108,5,1,0,6,4,4,2
2024,03500405,10,10109,35,19,1,54,18,18,3
2024,03500405,10,10201,16,3,0,19,12,12,4
2024,03500405,10,10202,2,1,0,1,3,1,3
2024,03500405,10,10204,0,3,0,1,2,1,1
2024,03500405,10,10205,3,0,2,1,3,1,2
2024,03500405,10,10210,1,1,0,2,2,2,2
2024,03500405,10,10301,102,66,9,139,55,40,8
2024,03500405,10,10303,28,28,5,56,12,12,3
2024,03500405,10,10304,9,6,3,9,11,5,2
2024,03500405,10,10305,1,1,1,2,1,1,1
2024,03500405,10,10306,4,5,2,8,7,6,2
2024,03500405,10,10307,1,1,0,,2,0,1
2024,03500405,10,10401,1,1,0,2,2,2,2
2024,03500405,10,10402,3,1,0,4,4,4,1
2024,03500405,10,10403,3,1,1,4,3,3,1
2024,03500405,11,11101,39,30,9,69,16,16,2
2024,03500405,11,11201,7,1,3,3,6,2,2
2024,03500405,11,11202,2,2,2,,3,0,1
2024,03500405,11,11203,,1,0,,1,0,1
2024,03500405,11,11301,0,2,0,1,2,1,1
2024,03500405,11,11302,1,,0,,1,0,1
2024,03500405,11,11402,1,,0,,1,0,1
2024,03500405,12,12101,78,52,8,110,43,31,7
2024,03500405,12,12201,,1,0,,1,0,1
2024,03500405,12,12301,5,7,1,11,5,4,1
2024,03500405,12,12401,23,10,2,27,7,4,1
2024,03500405,13,13101,191,133,3,300,51,37,6
2024,03500405,13,13102,35,22,0,54,18,15,3
2024,03500405,13,13103,76,35,2,103,32,26,5
2024,03500405,13,13104,121,82,0,189,42,35,6
2024,03500405,13,13105,105,63,0,168,59,59,6
2024,03500405,13,13106,71,39,1,91,22,14,3
2024,03500405,13,13107,21,12,1,28,17,14,4
2024,03500405,13,13108,54,24,0,78,23,23,3
2024,03500405,13,13109,71,44,0,108,28,24,3
2024,03500405,13,13110,225,155,3,372,92,89,10
2024,03500405,13,13111,52,29,1,72,32,25,5
2024,03500405,13,13112,149,98,9,237,71,65,7
2024,03500405,13,13113,18,13,1,19,18,11,3
2024,03500405,13,13114,12,8,0,18,9,7,2
2024,03500405,13,13115,9,6,1,15,10,10,2
2024,03500405,13,13116,34,16,0,39,23,16,4
2024,03500405,13,13117,107,66,1,153,31,20,4
2024,03500405,13,13118,29,19,1,39,27,19,3
2024,03500405,13,13119,211,125,5,302,91,71,14
2024,03500405,13,13120,47,45,0,75,24,17,3
2024,03500405,13,13121,128,71,1,199,49,49,5
2024,03500405,13,13122,148,97,5,226,68,55,8
2024,03500405,13,13123,7,5,0,10,11,9,4
2024,03500405,13,13124,124,68,3,170,55,42,10
2024,03500405,13,13125,46,17,1,54,24,20,3
2024,03500405,13,13126,89,36,2,86,42,27,6
2024,03500405,13,13127,126,96,1,218,37,34,4
2024,03500405,13,13128,88,54,7,130,39,31,4
2024,03500405,13,13129,66,51,3,117,47,47,9
2024,03500405,13,13130,78,40,1,118,29,29,3
2024,03500405,13,13131,35,18,1,49,18,14,4
2024,03500405,13,13132,7,1,1,8,4,4,1
2024,03500405,13,13201,107,57,5,123,82,53,10
2024,03500405,13,13202,23,12,0,34,19,18,3
2024,03500405,13,13203,12,6,0,6,10,2,2
2024,03500405,13,13301,64,29,0,71,25,19,5
2024,03500405,13,13302,29,11,0,39,16,15,3
2024,03500405,13,13303,10,2,0,,10,0,3
2024,03500405,13,13401,79,49,1,111,47,36,8
2024,03500405,13,13402,45,28,2,73,33,33,8
2024,03500405,13,13403,2,3,0,,4,0,2
2024,03500405,13,13404,125,81,7,198,35,27,6
2024,03500405,13,13501,80,54,4,113,52,39,9
2024,03500405,13,13502,6,2,0,6,7,5,3
2024,03500405,13,13503,71,60,1,131,25,25,3
2024,03500405,13,13504,6,7,0,6,10,3,3
2024,03500405,13,13601,50,29,0,70,16,11,3
2024,03500405,13,13602,12,8,0,14,11,6,2
2024,03500405,13,13603,37,25,1,42,25,13,5
2024,03500405,13,13604,75,37,6,112,9,9,1
2024,03500405,13,13605,66,49,1,100,13,11,2
2024,03500405,14,14101,75,76,18,133,54,46,10
2024,03500405,14,14102,3,2,0,,3,0,1
2024,03500405,14,14103,3,3,0,5,4,3,1
2024,03500405,14,14105,5,1,1,,6,0,2
2024,03500405,14,14106,2,0,0,1,2,1,1
2024,03500405,14,14107,4,3,1,7,6,6,1
2024,03500405,14,14108,25,13,10,28,15,9,4
2024,03500405,14,14201,8,4,3,4,10,3,4
2024,03500405,14,14202,2,1,0,1,3,1,3
2024,03500405,14,14203,2,2,0,,4,0,2
2024,03500405,14,14204,9,6,2,15,9,9,1
2024,03500405,15,15101,48,16,17,63,45,44,10
2024,03500405,15,15201,2,2,3,3,2,1,1
2024,03500405,16,16101,74,35,2,67,43,20,10
2024,03500405,16,16102,13,7,0,12,13,7,2
2024,03500405,16,16103,10,14,0,18,7,3,2
2024,03500405,16,16104,15,11,0,21,10,6,1
2024,03500405,16,16106,6,5,0,10,8,7,2
2024,03500405,16,16107,14,6,0,20,8,8,2
2024,03500405,16,16108,7,5,0,10,7,5,2
2024,03500405,16,16109,5,4,0,8,7,6,2
2024,03500405,16,16201,13,8,0,15,8,4,1
2024,03500405,16,16203,5,4,0,7,4,2,1
2024,03500405,16,16204,1,2,0,,3,0,1
2024,03500405,16,16207,1,2,0,2,2,1,1
2024,03500405,16,16301,24,20,0,30,20,10,4
2024,03500405,16,16302,15,6,0,12,8,3,2
2024,03500405,16,16303,4,3,0,5,3,1,1
2024,03500405,16,16304,10,6,0,12,6,2,1
2024,03500405,16,16305,21,15,0,29,11,8,2
2024,03500405,2,02101,268,151,1,400,91,81,10
2024,03500405,2,02102,5,2,0,5,5,3,1
2024,03500405,2,02103,1,3,0,2,3,1,2
2024,03500405,2,02104,3,1,0,3,3,2,1
2024,03500405,2,02201,77,55,13,108,46,26,7
2024,03500405,2,02203,1,2,2,2,3,2,1
2024,03500405,2,02301,3,,0,,2,0,1
2024,03500405,3,03101,43,37,8,80,35,35,8
2024,03500405,3,03102,0,1,0,1,1,1,1
2024,03500405,3,03103,17,8,0,15,12,5,2
2024,03500405,3,03201,13,4,3,8,8,2,2
2024,03500405,3,03202,15,13,0,26,12,10,2
2024,03500405,3,03301,38,13,5,45,26,23,4
2024,03500405,3,03302,2,2,0,4,2,2,1
2024,03500405,3,03303,,1,1,,1,0,1
2024,03500405,3,03304,6,7,0,10,6,3,2
2024,03500405,4,04101,86,28,0,96,47,34,10
2024,03500405,4,04102,207,124,6,316,76,70,11
2024,03500405,4,04103,19,17,1,32,12,9,1
2024,03500405,4,04106,9,7,0,15,8,7,1
2024,03500405,4,04201,5,4,0,1,9,1,3
2024,03500405,4,04203,7,7,0,13,5,4,2
2024,03500405,4,04204,13,9,0,17,10,6,2
2024,03500405,4,04301,21,12,0,21,23,13,7
2024,03500405,4,04302,1,2,0,,3,0,1
2024,03500405,4,04303,2,1,0,,3,0,2
2024,03500405,4,04304,2,0,0,1,2,1,1
2024,03500405,4,04305,1,1,0,,2,0,1
2024,03500405,5,05101,140,80,0,207,96,87,15
2024,03500405,5,05102,1,,0,,1,0,1
2024,03500405,5,05103,12,6,0,18,9,9,1
2024,03500405,5,05105,13,6,0,11,11,5,2
2024,03500405,5,05107,13,10,0,18,8,4,3
2024,03500405,5,05109,163,113,0,230,81,52,13
2024,03500405,5,05301,30,14,1,30,18,11,3
2024,03500405,5,05302,14,8,2,22,10,10,2
2024,03500405,5,05303,11,7,0,18,8,8,1
2024,03500405,5,05304,8,3,0,,6,0,2
2024,03500405,5,05401,50,13,0,48,31,18,9
2024,03500405,5,05402,15,4,1,13,12,7,3
2024,03500405,5,05404,5,2,0,3,5,2,3
2024,03500405,5,05405,4,4,0,2,7,1,2
2024,03500405,5,05501,51,17,0,37,25,8,5
2024,03500405,5,05502,18,14,0,25,17,11,3
2024,03500405,5,05503,10,6,0,10,7,2,2
2024,03500405,5,05504,33,25,0,58,12,12,1
2024,03500405,5,05506,7,2,0,9,8,8,2
2024,03500405,5,05601,45,14,0,43,30,21,6
2024,03500405,5,05602,28,29,0,48,11,6,2
2024,03500405,5,05603,10,3,0,3,9,1,2
2024,03500405,5,05604,4,4,0,7,4,3,1
2024,03500405,5,05605,2,2,0,3,4,3,2
2024,03500405,5,05606,6,2,0,6,4,2,1
2024,03500405,5,05701,39,13,1,40,23,16,4
2024,03500405,5,05702,21,17,0,29,12,8,2
2024,03500405,5,05703,15,14,0,25,8,6,1
2024,03500405,5,05704,4,5,0,9,4,4,1
2024,03500405,5,05705,7,7,0,8,8,2,3
2024,03500405,5,05706,18,10,1,14,11,4,2
2024,03500405,5,05801,116,49,0,142,58,48,6
2024,03500405,5,05802,25,12,0,37,14,14,2
2024,03500405,5,05803,5,5,0,10,7,7,1
2024,03500405,5,05804,113,72,5,182,51,49,5
2024,03500405,6,06101,129,74,1,176,74,54,8
2024,03500405,6,06102,10,3,0,9,10,6,2
2024,03500405,6,06103,2,3,0,2,4,1,1
2024,03500405,6,06104,1,3,0,2,3,1,1
2024,03500405,6,06105,5,1,0,2,5,2,2
2024,03500405,6,06106,10,4,1,13,7,6,1
2024,03500405,6,06107,9,3,0,7,10,5,3
2024,03500405,6,06108,2,0,0,1,2,1,2
2024,03500405,6,06109,7,2,0,8,6,5,2
2024,03500405,6,06110,4,1,0,,4,0,2
2024,03500405,6,06111,6,2,0,3,6,3,2
2024,03500405,6,06112,5,,0,,5,0,1
2024,03500405,6,06113,3,8,0,6,9,5,5
2024,03500405,6,06114,2,0,0,2,1,1,1
2024,03500405,6,06115,34,16,0,40,33,25,7
2024,03500405,6,06117,7,3,0,3,9,2,4
2024,03500405,6,06201,5,0,0,3,4,3,1
2024,03500405,6,06202,1,2,0,,3,0,1
2024,03500405,6,06203,7,1,0,2,7,1,2
2024,03500405,6,06204,1,,0,,1,0,1
2024,03500405,6,06301,52,19,0,62,29,21,6
2024,03500405,6,06302,5,6,0,10,6,5,1
2024,03500405,6,06303,12,6,0,11,14,7,5
2024,03500405,6,06304,6,1,0,2,4,1,1
2024,03500405,6,06305,3,1,0,,3,0,3
2024,03500405,6,06306,6,4,0,,8,0,4
2024,03500405,6,06307,2,4,0,2,4,1,1
2024,03500405,6,06308,3,0,0,2,3,2,1
2024,03500405,6,06309,3,0,0,1,2,1,1
2024,03500405,6,06310,14,7,0,18,10,7,2
2024,03500405,7,07101,249,183,1,368,83,47,9
2024,03500405,7,07102,30,26,0,33,23,7,6
2024,03500405,7,07103,5,12,0,12,7,4,1
2024,03500405,7,07104,4,2,0,3,4,1,1
2024,03500405,7,07105,30,27,0,57,22,22,4
2024,03500405,7,07106,14,7,0,8,11,3,3
2024,03500405,7,07107,5,2,0,2,6,1,1
2024,03500405,7,07108,7,1,0,4,5,1,3
2024,03500405,7,07109,17,12,0,15,16,4,7
2024,03500405,7,07110,13,12,0,20,10,6,1
2024,03500405,7,07201,38,12,1,27,23,10,4
2024,03500405,7,07203,3,3,0,,6,0,2
2024,03500405,7,07301,98,50,0,127,52,40,10
2024,03500405,7,07302,11,12,0,21,3,2,1
2024,03500405,7,07303,7,4,2,6,7,2,2
2024,03500405,7,07304,36,20,0,38,24,11,4
2024,03500405,7,07305,2,2,0,2,3,1,3
2024,03500405,7,07306,19,7,0,7,11,3,1
2024,03500405,7,07307,8,4,0,2,10,1,3
2024,03500405,7,07308,39,44,0,71,20,9,5
2024,03500405,7,07309,1,1,0,,2,0,1
2024,03500405,7,07401,121,126,3,212,35,15,6
2024,03500405,7,07402,92,90,0,168,25,18,5
2024,03500405,7,07403,9,3,0,,11,0,7
2024,03500405,7,07404,23,19,0,21,28,9,7
2024,03500405,7,07405,20,25,0,36,12,6,4
2024,03500405,7,07406,186,144,0,330,15,15,3
2024,03500405,7,07407,5,4,0,4,7,2,3
2024,03500405,7,07408,1,2,0,,3,0,2
2024,03500405,8,08101,28,20,0,29,23,9,4
2024,03500405,8,08102,38,18,0,52,20,16,4
2024,03500405,8,08103,26,13,0,36,23,20,4
2024,03500405,8,08105,7,4,0,4,8,2,2
2024,03500405,8,08106,29,12,0,35,24,18,4
2024,03500405,8,08107,12,4,0,10,8,2,3
2024,03500405,8,08108,63,26,0,75,35,28,6
2024,03500405,8,08109,0,1,0,1,1,1,1
2024,03500405,8,08110,26,10,1,16,18,5,6
2024,03500405,8,08111,56,27,0,66,33,19,7
2024,03500405,8,08112,33,17,0,38,23,14,7
2024,03500405,8,08201,12,4,0,12,7,4,1
2024,03500405,8,08202,37,31,5,56,22,16,4
2024,03500405,8,08203,31,9,3,33,12,10,3
2024,03500405,8,08204,3,,0,,3,0,1
2024,03500405,8,08205,27,22,0,39,15,7,3
2024,03500405,8,08206,25,14,5,24,20,7,5
2024,03500405,8,08207,2,,1,,1,0,1
2024,03500405,8,08301,65,38,0,68,47,22,11
2024,03500405,8,08302,3,2,0,,4,0,1
2024,03500405,8,08303,11,7,0,10,9,4,3
2024,03500405,8,08304,6,3,0,2,8,1,3
2024,03500405,8,08306,21,6,0,9,16,4,3
2024,03500405,8,08307,2,,0,,2,0,2
2024,03500405,8,08308,2,0,0,2,2,2,1
2024,03500405,8,08309,1,1,0,,2,0,1
2024,03500405,8,08310,3,1,0,2,3,1,1
2024,03500405,8,08311,12,3,2,9,9,4,3
2024,03500405,8,08312,3,5,0,6,5,3,1
2024,03500405,8,08313,6,2,0,7,4,3,1
2024,03500405,8,08314,1,3,4,,3,0,2
2024,03500405,9,09101,192,164,67,355,74,73,13
2024,03500405,9,09102,5,1,1,,6,0,3
2024,03500405,9,09105,6,2,1,8,5,5,1
2024,03500405,9,09106,4,4,4,3,8,3,4
2024,03500405,9,09107,2,2,0,4,1,1,1
2024,03500405,9,09108,3,2,2,1,5,1,3
2024,03500405,9,09109,12,9,4,16,11,6,4
2024,03500405,9,09110,3,2,4,,3,0,2
2024,03500405,9,09111,6,2,3,5,5,2,1
2024,03500405,9,09112,59,37,27,91,32,28,8
2024,03500405,9,09113,1,2,2,2,2,1,1
2024,03500405,9,09114,8,3,0,8,8,5,2
2024,03500405,9,09115,16,3,3,16,9,7,1
2024,03500405,9,09117,1,1,0,2,1,1,1
2024,03500405,9,09120,14,6,4,8,12,3,3
2024,03500405,9,09201,29,21,1,50,25,25,4
2024,03500405,9,09202,2,,0,,1,0,1
2024,03500405,9,09203,4,5,2,4,7,2,1
2024,03500405,9,09204,12,4,12,16,9,9,1
2024,03500405,9,09205,,2,2,,1,0,1
2024,03500405,9,09206,10,0,8,10,7,7,1
2024,03500405,9,09211,6,7,1,13,5,5,1
2024,03700104,1,01101,306,272,7,578,49,49,6
2024,03700104,1,01107,1093,879,350,1972,31,31,5
2024,03700104,1,01402,2,1,3,2,2,1,1
2024,03700104,10,10101,75,78,25,153,17,17,7
2024,03700104,10,10102,8,6,2,14,11,11,5
2024,03700104,10,10104,1,,0,,1,0,1
2024,03700104,10,10106,20,32,6,52,6,6,1
2024,03700104,10,10108,1,1,1,2,2,2,2
2024,03700104,10,10201,99,98,9,197,41,41,7
2024,03700104,10,10202,1,1,0,2,1,1,1
2024,03700104,10,10203,30,36,0,63,11,8,4
2024,03700104,10,10204,3,0,0,3,2,2,1
2024,03700104,10,10205,27,23,21,32,26,12,6
2024,03700104,10,10206,2,1,0,3,1,1,1
2024,03700104,10,10301,399,387,31,768,53,46,7
2024,03700104,10,10302,3,0,0,3,2,2,1
2024,03700104,10,10303,68,83,38,151,9,9,4
2024,03700104,10,10304,13,15,6,26,3,1,1
2024,03700104,10,10305,1,4,1,5,1,1,1
2024,03700104,10,10306,28,27,29,55,14,14,4
2024,03700104,10,10307,2,0,0,2,1,1,1
2024,03700104,10,10403,7,4,0,11,4,4,2
2024,03700104,11,11101,3,3,0,6,2,2,1
2024,03700104,11,11201,7,1,0,4,5,1,3
2024,03700104,11,11202,16,9,1,17,9,5,1
2024,03700104,11,11301,5,13,2,18,3,3,1
2024,03700104,12,12101,98,85,7,182,15,14,4
2024,03700104,12,12301,8,12,2,20,2,2,1
2024,03700104,12,12401,21,21,3,42,7,7,1
2024,03700104,13,13101,145,98,4,218,41,26,6
2024,03700104,13,13102,228,210,0,437,8,7,3
2024,03700104,13,13103,92,67,5,159,11,11,2
2024,03700104,13,13104,3,1,0,2,2,1,1
2024,03700104,13,13105,638,664,11,1302,63,63,6
2024,03700104,13,13106,239,260,0,491,25,18,3
2024,03700104,13,13107,1,2,0,1,3,1,2
2024,03700104,13,13108,33,32,1,63,7,6,2
2024,03700104,13,13109,134,114,3,237,26,21,3
2024,03700104,13,13110,994,941,18,1935,53,53,7
2024,03700104,13,13111,13,2,0,10,12,7,3
2024,03700104,13,13112,146,106,3,247,35,30,6
2024,03700104,13,13113,24,17,0,40,5,4,2
2024,03700104,13,13114,19,23,0,37,3,1,1
2024,03700104,13,13115,9,7,0,16,8,8,1
2024,03700104,13,13116,189,170,1,347,18,10,4
2024,03700104,13,13117,174,206,1,374,22,18,4
2024,03700104,13,13118,166,149,4,307,15,12,2
2024,03700104,13,13119,326,297,6,615,65,59,13
2024,03700104,13,13120,1,1,0,2,1,1,1
2024,03700104,13,13121,456,434,3,886,37,35,5
2024,03700104,13,13122,9,7,0,16,5,5,2
2024,03700104,13,13123,1,4,0,4,2,1,1
2024,03700104,13,13124,99,115,6,211,14,12,6
2024,03700104,13,13125,214,216,1,426,12,10,4
2024,03700104,13,13126,124,123,0,236,24,17,6
2024,03700104,13,13127,106,66,0,163,23,18,5
2024,03700104,13,13128,565,543,23,1100,29,23,4
2024,03700104,13,13129,80,57,0,137,15,15,7
2024,03700104,13,13130,168,134,3,302,23,23,3
2024,03700104,13,13131,129,120,5,245,28,25,3
2024,03700104,13,13132,22,18,0,40,6,6,1
2024,03700104,13,13201,183,174,5,347,40,35,9
2024,03700104,13,13202,42,39,0,81,6,6,2
2024,03700104,13,13203,2,3,0,2,4,1,1
2024,03700104,13,13301,102,32,0,106,33,21,6
2024,03700104,13,13302,73,50,4,123,5,5,4
2024,03700104,13,13303,13,9,0,19,7,4,3
2024,03700104,13,13401,226,204,1,430,15,15,4
2024,03700104,13,13402,23,26,3,49,7,7,4
2024,03700104,13,13403,6,6,0,9,7,4,1
2024,03700104,13,13404,80,42,3,120,34,32,7
2024,03700104,13,13501,453,454,22,895,48,39,7
2024,03700104,13,13502,78,60,0,138,12,12,1
2024,03700104,13,13503,1,0,0,1,1,1,1
2024,03700104,13,13504,1,1,0,,2,0,2
2024,03700104,13,13601,287,335,2,609,30,23,3
2024,03700104,13,13602,13,9,0,20,6,4,1
2024,03700104,13,13603,114,93,0,180,29,17,6
2024,03700104,13,13605,125,120,0,241,11,10,2
2024,03700104,14,14101,28,21,2,44,17,12,2
2024,03700104,14,14102,1,,0,,1,0,1
2024,03700104,14,14103,10,7,2,14,7,4,2
2024,03700104,14,14105,1,4,0,,4,0,2
2024,03700104,14,14106,1,,0,,1,0,1
2024,03700104,14,14107,2,0,0,2,1,1,1
2024,03700104,14,14108,13,14,5,16,15,7,4
2024,03700104,14,14201,11,10,1,20,3,2,3
2024,03700104,14,14202,4,1,2,2,3,1,1
2024,03700104,14,14204,20,20,11,39,10,9,2
2024,03700104,15,15101,1,,0,,1,0,1
2024,03700104,15,15102,4,1,4,5,2,2,1
2024,03700104,15,15201,,1,0,,1,0,1
2024,03700104,15,15202,1,,1,,1,0,1
2024,03700104,16,16101,35,12,0,27,23,9,8
2024,03700104,16,16102,47,40,0,87,11,11,1
2024,03700104,16,16104,35,25,0,57,8,7,1
2024,03700104,16,16107,2,,0,,2,0,1
2024,03700104,16,16108,12,0,0,6,7,3,2
2024,03700104,16,16201,37,19,0,46,12,8,1
2024,03700104,16,16204,1,,0,,1,0,1
2024,03700104,16,16205,18,11,0,25,7,4,1
2024,03700104,16,16301,81,52,2,131,13,12,2
2024,03700104,16,16303,7,7,0,13,3,2,1
2024,03700104,16,16304,3,,0,,2,0,2
2024,03700104,16,16305,99,107,0,199,24,20,2
2024,03700104,2,02101,387,315,7,702,38,38,7
2024,03700104,2,02102,109,119,0,228,9,9,1
2024,03700104,2,02103,7,5,0,10,6,4,1
2024,03700104,2,02104,30,20,0,48,6,4,1
2024,03700104,2,02201,594,573,95,1159,40,35,6
2024,03700104,2,02203,2,0,2,1,2,1,2
2024,03700104,2,02301,,2,0,,2,0,1
2024,03700104,2,02302,23,36,0,48,12,7,2
2024,03700104,3,03101,1199,1063,0,2257,42,38,7
2024,03700104,3,03103,237,180,0,417,16,16,2
2024,03700104,3,03301,68,49,5,114,8,6,2
2024,03700104,3,03302,28,20,0,31,19,7,4
2024,03700104,3,03304,1,,0,,1,0,1
2024,03700104,4,04101,91,70,1,157,22,18,8
2024,03700104,4,04102,422,414,5,826,38,37,7
2024,03700104,4,04103,54,49,8,103,11,11,1
2024,03700104,4,04106,119,87,0,206,8,8,1
2024,03700104,4,04201,10,19,0,24,7,2,4
2024,03700104,4,04203,67,63,0,128,5,4,1
2024,03700104,4,04204,18,8,0,25,5,4,2
2024,03700104,4,04301,13,7,0,11,9,4,5
2024,03700104,4,04302,42,37,0,77,6,5,1
2024,03700104,4,04303,1,3,0,,4,0,2
2024,03700104,4,04304,1,,0,,1,0,1
2024,03700104,4,04305,,1,0,,1,0,1
2024,03700104,5,05101,1697,1591,0,3287,122,121,14
2024,03700104,5,05102,1,,0,,1,0,1
2024,03700104,5,05103,46,38,0,84,5,5,1
2024,03700104,5,05105,13,9,0,18,5,1,3
2024,03700104,5,05109,111,112,0,212,29,20,7
2024,03700104,5,05301,49,18,0,51,15,8,2
2024,03700104,5,05303,61,36,0,97,10,10,1
2024,03700104,5,05304,1,0,0,1,1,1,1
2024,03700104,5,05401,6,4,0,9,5,4,2
2024,03700104,5,05402,0,1,0,1,1,1,1
2024,03700104,5,05403,2,2,0,3,2,1,2
2024,03700104,5,05501,101,92,1,190,29,26,5
2024,03700104,5,05503,137,121,1,253,12,11,2
2024,03700104,5,05504,41,50,0,91,7,7,1
2024,03700104,5,05506,8,5,0,13,5,5,2
2024,03700104,5,05601,15,8,0,20,4,1,2
2024,03700104,5,05602,8,1,0,2,4,1,2
2024,03700104,5,05603,8,4,0,8,7,3,3
2024,03700104,5,05604,5,6,0,9,2,1,1
2024,03700104,5,05605,3,1,0,3,2,1,1
2024,03700104,5,05606,10,2,0,6,5,1,1
2024,03700104,5,05701,74,77,0,148,12,9,4
2024,03700104,5,05702,8,12,0,18,7,6,2
2024,03700104,5,05706,52,35,0,73,19,11,3
2024,03700104,5,05801,344,334,0,677,35,34,6
2024,03700104,5,05802,83,87,0,169,5,4,1
2024,03700104,5,05803,8,5,0,12,4,3,2
2024,03700104,5,05804,93,89,0,177,16,13,3
2024,03700104,6,06101,484,432,4,906,55,45,8
2024,03700104,6,06102,51,25,0,66,17,13,2
2024,03700104,6,06103,9,9,0,18,3,3,1
2024,03700104,6,06104,35,21,0,56,2,2,2
2024,03700104,6,06105,29,21,1,45,9,6,2
2024,03700104,6,06106,52,35,0,85,10,8,1
2024,03700104,6,06107,4,1,0,,5,0,5
2024,03700104,6,06108,2,1,0,,2,0,1
2024,03700104,6,06109,27,18,0,45,4,4,1
2024,03700104,6,06110,60,40,0,92,13,10,2
2024,03700104,6,06111,31,32,1,62,10,9,1
2024,03700104,6,06112,24,11,0,25,10,3,2
2024,03700104,6,06113,6,6,0,11,4,3,3
2024,03700104,6,06115,146,93,0,206,18,13,4
2024,03700104,6,06117,25,12,0,29,10,3,2
2024,03700104,6,06202,27,23,0,45,11,8,1
2024,03700104,6,06203,13,22,0,31,9,6,2
2024,03700104,6,06204,27,25,0,50,9,7,2
2024,03700104,6,06205,1,3,0,4,1,1,1
2024,03700104,6,06301,99,78,0,170,22,17,5
2024,03700104,6,06302,,1,0,,1,0,1
2024,03700104,6,06303,12,5,0,16,8,7,2
2024,03700104,6,06304,44,27,0,71,7,7,1
2024,03700104,6,06305,82,94,0,176,10,10,1
2024,03700104,6,06306,4,4,0,7,3,2,3
2024,03700104,6,06307,25,16,0,40,6,5,1
2024,03700104,6,06308,2,0,0,2,2,2,1
2024,03700104,6,06309,13,8,0,20,3,2,1
2024,03700104,6,06310,62,24,0,84,7,5,2
2024,03700104,7,07101,61,46,0,84,27,7,8
2024,03700104,7,07102,3,1,0,,3,0,2
2024,03700104,7,07103,1,,0,,1,0,1
2024,03700104,7,07104,,1,0,,1,0,1
2024,03700104,7,07105,9,2,0,11,7,7,2
2024,03700104,7,07109,4,1,0,,5,0,4
2024,03700104,7,07110,24,21,0,41,8,5,2
2024,03700104,7,07201,41,32,1,62,18,9,3
2024,03700104,7,07202,1,,0,,1,0,1
2024,03700104,7,07203,1,,0,,1,0,1
2024,03700104,7,07301,655,580,0,1232,66,63,9
2024,03700104,7,07302,1,,0,,1,0,1
2024,03700104,7,07304,9,5,0,4,11,2,3
2024,03700104,7,07306,3,1,0,2,3,1,1
2024,03700104,7,07307,7,6,0,9,6,3,2
2024,03700104,7,07308,8,3,0,2,8,1,3
2024,03700104,7,07401,23,4,0,14,21,9,5
2024,03700104,7,07402,4,2,0,1,6,1,3
2024,03700104,7,07403,14,3,0,3,11,1,8
2024,03700104,7,07404,9,,0,,8,0,3
2024,03700104,7,07405,18,2,0,3,9,1,1
2024,03700104,7,07406,64,50,0,114,19,19,4
2024,03700104,7,07408,3,2,0,5,2,2,2
2024,03700104,8,08101,34,24,0,55,4,2,3
2024,03700104,8,08102,284,286,1,570,20,20,3
2024,03700104,8,08103,55,49,0,104,6,6,1
2024,03700104,8,08104,12,14,0,23,6,4,2
2024,03700104,8,08105,99,101,0,198,15,13,2
2024,03700104,8,08106,5,3,0,6,3,2,2
2024,03700104,8,08107,20,13,0,33,4,4,1
2024,03700104,8,08108,41,34,2,75,7,7,1
2024,03700104,8,08109,4,5,1,9,1,1,1
2024,03700104,8,08110,39,24,3,56,22,16,3
2024,03700104,8,08111,203,224,1,404,64,48,8
2024,03700104,8,08112,149,111,0,244,39,26,7
2024,03700104,8,08203,9,14,10,21,6,4,3
2024,03700104,8,08206,1,1,0,,2,0,1
2024,03700104,8,08207,3,0,0,3,1,1,1
2024,03700104,8,08301,189,186,0,368,20,19,6
2024,03700104,8,08303,70,60,2,129,9,8,2
2024,03700104,8,08304,2,1,0,,3,0,2
2024,03700104,8,08305,,4,0,,4,0,4
2024,03700104,8,08307,7,16,0,16,2,1,1
2024,03700104,8,08310,11,16,2,27,5,5,2
2024,03700104,8,08311,1,1,1,2,1,1,1
2024,03700104,8,08314,1,4,5,,4,0,4
2024,03700104,9,09101,199,207,53,406,18,18,6
2024,03700104,9,09102,6,2,0,4,5,1,2
2024,03700104,9,09103,2,1,0,2,2,1,1
2024,03700104,9,09104,10,6,8,10,6,2,4
2024,03700104,9,09105,5,2,0,7,1,1,1
2024,03700104,9,09109,7,9,0,16,2,2,2
2024,03700104,9,09110,4,3,5,5,3,1,2
2024,03700104,9,09111,6,1,3,2,6,1,1
2024,03700104,9,09112,4,2,1,5,2,1,2
2024,03700104,9,09114,2,1,0,2,3,2,2
2024,03700104,9,09115,19,15,0,33,5,4,2
2024,03700104,9,09116,4,2,3,6,1,1,1
2024,03700104,9,09117,4,5,3,5,6,2,3
2024,03700104,9,09120,8,7,3,8,9,2,3
2024,03700104,9,09201,131,121,6,252,31,31,3
2024,03700104,9,09202,11,19,9,15,16,4,5
2024,03700104,9,09203,11,6,0,17,1,1,1
2024,03700104,9,09204,10,4,7,14,3,3,1
2024,03700104,9,09206,,1,0,,1,0,1
2024,03700104,9,09210,3,,0,,1,0,1
2024,03700104,9,09211,43,38,10,81,3,3,1
2024,03700105,1,01101,47,21,0,68,28,28,4
2024,03700105,1,01107,18,10,6,28,13,13,4
2024,03700105,10,10101,19,9,4,28,17,17,8
2024,03700105,10,10102,2,1,1,3,3,3,2
2024,03700105,10,10104,4,1,0,,5,0,1
2024,03700105,10,10105,4,6,2,10,7,7,2
2024,03700105,10,10106,2,1,0,3,3,3,1
2024,03700105,10,10107,2,4,2,6,4,4,1
2024,03700105,10,10108,5,1,0,6,2,2,1
2024,03700105,10,10109,16,11,2,27,8,8,1
2024,03700105,10,10201,12,5,0,17,12,12,5
2024,03700105,10,10203,2,2,0,4,2,2,1
2024,03700105,10,10204,0,2,0,2,1,1,1
2024,03700105,10,10301,58,21,6,64,28,18,6
2024,03700105,10,10303,28,28,10,56,10,10,2
2024,03700105,10,10304,5,1,0,3,4,1,2
2024,03700105,10,10306,5,0,1,3,5,3,2
2024,03700105,10,10401,1,0,0,1,1,1,1
2024,03700105,10,10402,3,1,0,4,3,3,2
2024,03700105,10,10403,10,0,0,10,7,7,3
2024,03700105,11,11101,9,3,0,9,5,3,2
2024,03700105,11,11201,1,1,0,2,1,1,1
2024,03700105,11,11202,1,,0,,1,0,1
2024,03700105,11,11301,1,,0,,1,0,1
2024,03700105,12,12101,44,15,7,54,18,14,5
2024,03700105,12,12201,1,,0,,1,0,1
2024,03700105,12,12301,3,1,0,1,4,1,1
2024,03700105,12,12401,11,8,3,14,6,2,1
2024,03700105,13,13101,47,17,6,42,25,10,6
2024,03700105,13,13102,30,16,0,46,8,8,3
2024,03700105,13,13103,13,7,0,13,12,8,3
2024,03700105,13,13104,3,1,0,2,2,1,1
2024,03700105,13,13105,69,47,0,116,32,32,4
2024,03700105,13,13106,41,19,0,59,12,11,2
2024,03700105,13,13107,4,,0,,4,0,1
2024,03700105,13,13108,2,1,1,1,2,1,2
2024,03700105,13,13109,16,9,0,21,16,12,3
2024,03700105,13,13110,101,58,1,149,53,47,10
2024,03700105,13,13111,16,7,0,18,16,11,5
2024,03700105,13,13112,87,32,7,118,40,39,7
2024,03700105,13,13113,7,2,0,9,6,6,1
2024,03700105,13,13114,4,1,0,4,2,1,1
2024,03700105,13,13115,2,0,0,2,1,1,1
2024,03700105,13,13116,0,2,0,1,2,1,2
2024,03700105,13,13117,25,14,1,30,17,8,3
2024,03700105,13,13118,7,4,0,4,9,4,2
2024,03700105,13,13119,144,147,10,284,37,30,9
2024,03700105,13,13120,2,1,0,,3,0,2
2024,03700105,13,13121,30,16,0,44,21,19,5
2024,03700105,13,13122,29,4,0,22,16,11,4
2024,03700105,13,13124,159,90,7,234,50,39,8
2024,03700105,13,13125,17,6,0,15,12,7,3
2024,03700105,13,13126,64,35,0,87,18,12,4
2024,03700105,13,13127,21,8,0,26,9,7,4
2024,03700105,13,13128,52,20,2,68,19,17,4
2024,03700105,13,13129,25,11,1,36,15,15,6
2024,03700105,13,13130,21,9,0,23,12,10,3
2024,03700105,13,13131,16,2,0,11,8,4,3
2024,03700105,13,13132,1,0,0,1,1,1,1
2024,03700105,13,13201,10,6,0,16,8,8,4
2024,03700105,13,13202,36,35,1,71,11,11,2
2024,03700105,13,13203,16,3,0,11,9,4,3
2024,03700105,13,13301,16,8,0,18,16,10,4
2024,03700105,13,13302,1,1,0,2,2,2,1
2024,03700105,13,13303,1,3,0,4,1,1,1
2024,03700105,13,13401,11,6,0,17,12,12,5
2024,03700105,13,13402,3,1,0,4,3,3,1
2024,03700105,13,13403,2,1,0,,3,0,2
2024,03700105,13,13404,54,29,4,82,16,15,4
2024,03700105,13,13501,28,12,0,36,20,16,6
2024,03700105,13,13502,3,0,0,3,3,3,1
2024,03700105,13,13503,2,3,1,5,4,4,2
2024,03700105,13,13504,2,3,0,,3,0,1
2024,03700105,13,13601,9,2,0,5,4,1,3
2024,03700105,13,13602,3,0,0,2,2,1,1
2024,03700105,13,13603,12,4,0,9,13,8,7
2024,03700105,13,13604,10,7,1,17,8,8,1
2024,03700105,13,13605,24,4,0,20,7,5,2
2024,03700105,14,14101,15,6,1,8,12,5,5
2024,03700105,14,14102,9,9,0,16,9,7,1
2024,03700105,14,14103,1,,0,,1,0,1
2024,03700105,14,14105,,1,0,,1,0,1
2024,03700105,14,14107,1,0,0,1,1,1,1
2024,03700105,14,14108,4,0,0,1,3,1,2
2024,03700105,14,14202,4,0,0,2,3,1,2
2024,03700105,14,14203,,1,0,,1,0,1
2024,03700105,14,14204,0,3,2,3,2,2,1
2024,03700105,15,15101,1,,1,,1,0,1
2024,03700105,16,16101,31,16,0,35,25,17,8
2024,03700105,16,16102,9,2,0,2,6,1,1
2024,03700105,16,16103,7,4,1,8,6,3,2
2024,03700105,16,16104,2,2,0,4,1,1,1
2024,03700105,16,16106,18,13,0,30,13,12,2
2024,03700105,16,16107,11,7,0,17,9,8,2
2024,03700105,16,16108,11,3,0,5,6,2,2
2024,03700105,16,16109,2,0,0,2,1,1,1
2024,03700105,16,16201,30,7,0,33,9,6,1
2024,03700105,16,16203,1,,0,,1,0,1
2024,03700105,16,16204,1,2,0,2,2,1,1
2024,03700105,16,16205,2,,0,,2,0,1
2024,03700105,16,16206,2,1,0,3,1,1,1
2024,03700105,16,16207,5,,0,,4,0,1
2024,03700105,16,16301,26,14,1,32,13,8,2
2024,03700105,16,16302,4,10,0,7,6,2,2
2024,03700105,16,16303,,2,0,,1,0,1
2024,03700105,16,16304,7,1,0,,5,0,2
2024,03700105,16,16305,3,1,0,2,3,1,2
2024,03700105,2,02101,130,35,1,142,33,23,8
2024,03700105,2,02103,1,0,0,1,1,1,1
2024,03700105,2,02201,57,39,8,73,28,15,6
2024,03700105,2,02301,2,,0,,2,0,1
2024,03700105,2,02302,1,,0,,1,0,1
2024,03700105,3,03101,55,27,0,70,32,25,6
2024,03700105,3,03103,12,8,2,11,10,5,1
2024,03700105,3,03202,3,3,0,4,4,2,1
2024,03700105,3,03301,79,68,9,147,20,20,4
2024,03700105,3,03302,2,,0,,2,0,1
2024,03700105,3,03304,9,1,0,2,7,2,1
2024,03700105,4,04101,6,2,0,7,6,5,4
2024,03700105,4,04102,29,9,0,31,20,18,6
2024,03700105,4,04103,0,1,0,1,1,1,1
2024,03700105,4,04104,1,,0,,1,0,1
2024,03700105,4,04106,8,6,0,13,7,6,1
2024,03700105,4,04201,2,3,0,2,4,1,3
2024,03700105,4,04203,7,5,0,12,1,1,1
2024,03700105,4,04204,3,0,0,2,3,2,2
2024,03700105,4,04301,4,0,0,3,4,3,3
2024,03700105,4,04303,3,,0,,3,0,3
2024,03700105,4,04305,,1,0,,1,0,1
2024,03700105,5,05101,24,7,0,30,17,16,6
2024,03700105,5,05102,1,,0,,1,0,1
2024,03700105,5,05103,3,2,0,5,4,4,1
2024,03700105,5,05105,3,0,0,1,3,1,2
2024,03700105,5,05107,2,4,0,4,2,1,1
2024,03700105,5,05109,27,4,0,15,19,8,7
2024,03700105,5,05301,13,10,1,10,13,4,4
2024,03700105,5,05302,5,1,0,6,4,4,1
2024,03700105,5,05303,7,1,0,8,5,5,1
2024,03700105,5,05304,2,1,0,3,2,2,1
2024,03700105,5,05401,1,,0,,1,0,1
2024,03700105,5,05402,1,,0,,1,0,1
2024,03700105,5,05404,,2,0,,2,0,2
2024,03700105,5,05405,1,2,0,,2,0,1
2024,03700105,5,05501,10,7,1,9,12,4,4
2024,03700105,5,05503,5,11,0,11,8,3,2
2024,03700105,5,05504,3,2,0,4,3,2,1
2024,03700105,5,05506,1,0,0,1,1,1,1
2024,03700105,5,05601,,2,0,,2,0,2
2024,03700105,5,05602,1,0,0,1,1,1,1
2024,03700105,5,05603,1,,0,,1,0,1
2024,03700105,5,05701,7,0,0,3,5,3,2
2024,03700105,5,05702,14,4,1,17,6,5,2
2024,03700105,5,05703,5,6,0,10,4,3,1
2024,03700105,5,05704,8,1,0,9,7,7,1
2024,03700105,5,05705,27,38,1,62,12,10,2
2024,03700105,5,05706,14,1,0,2,9,1,2
2024,03700105,5,05801,26,17,0,35,19,14,5
2024,03700105,5,05802,5,2,0,7,3,3,1
2024,03700105,5,05803,2,0,0,2,2,2,1
2024,03700105,5,05804,17,8,0,22,19,16,4
2024,03700105,6,06101,43,11,0,31,35,17,8
2024,03700105,6,06102,10,1,0,9,8,6,2
2024,03700105,6,06103,2,1,0,1,3,1,1
2024,03700105,6,06104,1,0,0,1,1,1,1
2024,03700105,6,06105,3,0,0,3,2,2,1
2024,03700105,6,06106,5,1,0,6,4,4,1
2024,03700105,6,06107,2,,0,,2,0,2
2024,03700105,6,06109,2,0,0,2,2,2,1
2024,03700105,6,06110,2,,0,,2,0,1
2024,03700105,6,06111,2,1,0,,3,0,1
2024,03700105,6,06112,1,,1,,1,0,1
2024,03700105,6,06113,2,0,0,1,2,1,2
2024,03700105,6,06115,17,5,0,19,14,11,5
2024,03700105,6,06117,6,1,0,3,4,1,1
2024,03700105,6,06201,,2,0,,1,0,1
2024,03700105,6,06204,2,2,0,4,3,3,1
2024,03700105,6,06301,9,2,0,9,8,6,4
2024,03700105,6,06303,3,1,0,2,4,2,2
2024,03700105,6,06304,2,,0,,2,0,1
2024,03700105,6,06305,7,9,0,16,1,1,1
2024,03700105,6,06309,1,,0,,1,0,1
2024,03700105,7,07101,26,11,0,22,20,7,5
2024,03700105,7,07102,2,,0,,2,0,2
2024,03700105,7,07104,,1,0,,1,0,1
2024,03700105,7,07105,1,0,0,1,1,1,1
2024,03700105,7,07106,3,,0,,3,0,2
2024,03700105,7,07109,4,,0,,4,0,2
2024,03700105,7,07110,1,,0,,1,0,1
2024,03700105,7,07201,7,3,0,5,8,3,2
2024,03700105,7,07202,1,,0,,1,0,1
2024,03700105,7,07301,41,20,0,44,26,15,6
2024,03700105,7,07302,3,,0,,2,0,1
2024,03700105,7,07304,5,2,0,,7,0,3
2024,03700105,7,07306,3,1,0,,4,0,1
2024,03700105,7,07307,4,0,0,1,3,1,2
2024,03700105,7,07401,5,5,0,3,9,2,5
2024,03700105,7,07402,5,2,0,2,6,1,4
2024,03700105,7,07403,2,1,0,,3,0,3
2024,03700105,7,07404,,2,0,,2,0,2
2024,03700105,7,07405,1,,0,,1,0,1
2024,03700105,7,07406,3,6,0,9,4,4,1
2024,03700105,7,07408,11,1,0,11,4,3,3
2024,03700105,8,08101,,1,0,,1,0,1
2024,03700105,8,08102,6,0,0,6,3,3,1
2024,03700105,8,08103,5,6,0,11,2,2,1
2024,03700105,8,08104,0,7,0,7,3,3,1
2024,03700105,8,08105,2,,0,,1,0,1
2024,03700105,8,08106,3,1,0,2,2,1,2
2024,03700105,8,08107,7,4,0,5,5,1,1
2024,03700105,8,08108,6,2,0,5,5,3,2
2024,03700105,8,08109,0,1,0,1,1,1,1
2024,03700105,8,08110,14,4,0,16,10,8,3
2024,03700105,8,08111,18,12,0,21,21,13,6
2024,03700105,8,08112,19,11,0,17,14,7,5
2024,03700105,8,08201,,2,0,,2,0,1
2024,03700105,8,08202,16,7,0,11,14,5,4
2024,03700105,8,08203,9,4,1,8,6,4,2
2024,03700105,8,08204,3,1,0,,4,0,2
2024,03700105,8,08205,5,4,1,7,5,3,3
2024,03700105,8,08206,21,15,1,27,16,8,4
2024,03700105,8,08301,13,1,0,2,7,2,4
2024,03700105,8,08303,1,,0,,1,0,1
2024,03700105,8,08304,5,2,0,4,4,1,2
2024,03700105,8,08310,1,8,0,9,2,2,2
2024,03700105,8,08312,,1,0,,1,0,1
2024,03700105,8,08314,1,1,2,,2,0,1
2024,03700105,9,09101,44,16,11,59,26,25,10
2024,03700105,9,09105,3,0,0,3,3,3,2
2024,03700105,9,09109,2,0,0,1,2,1,1
2024,03700105,9,09111,2,2,2,4,2,2,1
2024,03700105,9,09112,65,24,42,84,30,26,6
2024,03700105,9,09114,12,2,0,13,4,3,2
2024,03700105,9,09120,1,,0,,1,0,1
2024,03700105,9,09201,17,9,2,26,9,9,3
2024,03700105,9,09210,3,,0,,2,0,1
2024,03700106,1,01101,109,42,0,151,47,47,6
2024,03700106,1,01107,34,17,12,51,16,16,4
2024,03700106,10,10101,39,18,8,57,27,27,12
2024,03700106,10,10102,7,6,2,13,8,8,2
2024,03700106,10,10104,5,1,0,,6,0,1
2024,03700106,10,10105,4,5,2,9,6,6,2
2024,03700106,10,10106,7,5,2,12,6,6,1
2024,03700106,10,10107,2,3,2,5,3,3,1
2024,03700106,10,10108,6,1,0,7,3,3,1
2024,03700106,10,10109,12,9,2,21,7,7,1
2024,03700106,10,10201,43,19,6,62,28,28,7
2024,03700106,10,10203,6,5,0,10,6,5,3
2024,03700106,10,10204,2,0,0,2,2,2,1
2024,03700106,10,10209,1,0,0,1,1,1,1
2024,03700106,10,10301,69,36,7,83,48,30,8
2024,03700106,10,10302,3,0,0,3,2,2,1
2024,03700106,10,10303,13,8,3,20,11,10,3
2024,03700106,10,10304,5,2,0,3,5,1,2
2024,03700106,10,10305,1,4,1,5,1,1,1
2024,03700106,10,10306,8,0,1,6,7,5,4
2024,03700106,10,10402,1,0,0,1,1,1,1
2024,03700106,10,10403,11,0,0,11,8,8,4
2024,03700106,11,11101,8,4,0,10,6,4,2
2024,03700106,11,11201,1,1,0,1,2,1,2
2024,03700106,11,11202,1,,0,,1,0,1
2024,03700106,12,12101,28,6,1,27,16,9,5
2024,03700106,12,12301,3,,0,,3,0,1
2024,03700106,12,12401,4,2,0,,4,0,1
2024,03700106,13,13101,101,38,8,107,46,29,5
2024,03700106,13,13102,24,4,0,28,10,10,3
2024,03700106,13,13103,24,13,0,29,17,12,4
2024,03700106,13,13104,2,,0,,1,0,1
2024,03700106,13,13105,137,87,3,224,54,54,6
2024,03700106,13,13106,76,43,3,107,29,19,3
2024,03700106,13,13107,4,2,0,,6,0,2
2024,03700106,13,13108,2,1,1,1,2,1,2
2024,03700106,13,13109,27,10,0,26,23,15,3
2024,03700106,13,13110,122,57,1,168,58,52,10
2024,03700106,13,13111,18,6,0,21,15,12,4
2024,03700106,13,13112,137,54,6,189,53,51,7
2024,03700106,13,13113,9,3,0,12,8,8,2
2024,03700106,13,13114,7,1,0,3,3,1,1
2024,03700106,13,13115,3,0,0,3,3,3,1
2024,03700106,13,13116,17,7,1,13,13,5,4
2024,03700106,13,13117,39,21,1,42,28,14,4
2024,03700106,13,13118,16,5,1,8,10,4,2
2024,03700106,13,13119,160,90,7,226,68,55,11
2024,03700106,13,13120,3,2,0,2,4,1,2
2024,03700106,13,13121,60,23,0,78,31,27,5
2024,03700106,13,13122,30,5,0,21,18,10,4
2024,03700106,13,13123,,1,0,,1,0,1
2024,03700106,13,13124,101,46,6,134,49,38,8
2024,03700106,13,13125,20,8,0,19,16,9,4
2024,03700106,13,13126,53,12,0,41,26,14,5
2024,03700106,13,13127,53,20,0,60,23,14,5
2024,03700106,13,13128,76,23,3,84,34,24,4
2024,03700106,13,13129,38,13,1,51,23,23,8
2024,03700106,13,13130,76,33,2,107,26,25,3
2024,03700106,13,13131,50,14,1,49,28,19,4
2024,03700106,13,13132,1,1,0,2,2,2,1
2024,03700106,13,13201,61,32,1,75,29,21,8
2024,03700106,13,13202,18,7,0,25,12,12,2
2024,03700106,13,13203,13,3,0,10,6,3,2
2024,03700106,13,13301,94,24,0,91,33,22,5
2024,03700106,13,13302,3,2,0,5,4,4,1
2024,03700106,13,13303,4,6,0,9,4,3,2
2024,03700106,13,13401,15,5,1,19,13,12,6
2024,03700106,13,13402,7,1,2,8,5,5,1
2024,03700106,13,13403,3,3,0,2,5,1,2
2024,03700106,13,13404,66,32,4,96,37,35,7
2024,03700106,13,13501,23,11,0,25,26,18,8
2024,03700106,13,13502,3,0,0,3,3,3,1
2024,03700106,13,13503,2,0,0,2,2,2,1
2024,03700106,13,13504,1,2,0,,3,0,2
2024,03700106,13,13601,42,23,0,51,20,9,3
2024,03700106,13,13602,7,3,0,7,8,5,1
2024,03700106,13,13603,17,6,0,9,19,9,7
2024,03700106,13,13604,8,3,0,10,7,6,1
2024,03700106,13,13605,19,5,0,13,12,7,2
2024,03700106,14,14101,16,7,1,8,16,6,5
2024,03700106,14,14102,2,1,0,3,1,1,1
2024,03700106,14,14103,3,0,0,1,3,1,2
2024,03700106,14,14105,,2,0,,2,0,2
2024,03700106,14,14106,1,,0,,1,0,1
2024,03700106,14,14108,11,7,5,9,12,5,2
2024,03700106,14,14202,12,1,1,8,8,4,3
2024,03700106,14,14203,,1,0,,1,0,1
2024,03700106,15,15101,2,,1,,2,0,1
2024,03700106,15,15102,1,0,1,1,1,1,1
2024,03700106,15,15201,,1,0,,1,0,1
2024,03700106,16,16101,54,21,0,48,42,21,10
2024,03700106,16,16102,20,8,0,19,14,8,2
2024,03700106,16,16103,3,3,0,,6,0,2
2024,03700106,16,16104,14,8,0,15,8,3,1
2024,03700106,16,16106,13,8,0,20,10,9,2
2024,03700106,16,16107,11,4,0,14,9,8,2
2024,03700106,16,16108,19,3,0,9,9,4,2
2024,03700106,16,16109,2,0,0,2,1,1,1
2024,03700106,16,16201,24,3,0,20,7,3,1
2024,03700106,16,16203,1,,0,,1,0,1
2024,03700106,16,16204,2,2,0,2,3,1,1
2024,03700106,16,16205,2,1,0,,2,0,1
2024,03700106,16,16206,1,,0,,1,0,1
2024,03700106,16,16207,4,,0,,4,0,1
2024,03700106,16,16301,46,25,3,58,16,12,2
2024,03700106,16,16303,1,3,0,3,2,1,1
2024,03700106,16,16304,8,1,0,,5,0,2
2024,03700106,16,16305,13,4,0,4,11,1,2
2024,03700106,2,02101,180,66,2,225,54,43,8
2024,03700106,2,02102,12,6,0,15,9,6,1
2024,03700106,2,02104,2,1,0,,3,0,1
2024,03700106,2,02201,50,12,7,39,32,16,7
2024,03700106,2,02203,3,1,3,2,3,1,2
2024,03700106,2,02301,2,2,0,,4,0,1
2024,03700106,2,02302,2,2,0,2,3,1,1
2024,03700106,3,03101,53,20,0,53,37,24,6
2024,03700106,3,03103,11,6,2,8,10,4,1
2024,03700106,3,03301,40,15,4,54,20,19,4
2024,03700106,3,03304,6,0,0,2,4,2,1
2024,03700106,4,04101,11,5,0,10,13,7,7
2024,03700106,4,04102,60,25,5,77,43,38,7
2024,03700106,4,04103,2,3,0,3,4,2,1
2024,03700106,4,04104,1,,0,,1,0,1
2024,03700106,4,04106,6,4,0,9,7,6,1
2024,03700106,4,04201,3,3,0,,6,0,4
2024,03700106,4,04203,14,7,0,17,8,5,2
2024,03700106,4,04204,5,1,0,5,5,4,2
2024,03700106,4,04301,9,1,0,7,10,7,5
2024,03700106,4,04303,3,,0,,2,0,2
2024,03700106,4,04305,,1,0,,1,0,1
2024,03700106,5,05101,14,0,0,11,12,9,5
2024,03700106,5,05102,1,,0,,1,0,1
2024,03700106,5,05103,3,3,0,6,4,4,1
2024,03700106,5,05105,2,,0,,2,0,1
2024,03700106,5,05107,2,4,0,4,2,1,1
2024,03700106,5,05109,12,7,0,13,11,5,6
2024,03700106,5,05301,23,13,0,18,18,6,4
2024,03700106,5,05302,5,0,0,5,4,4,1
2024,03700106,5,05303,12,2,0,14,10,10,1
2024,03700106,5,05304,3,1,0,4,3,3,1
2024,03700106,5,05401,5,0,0,3,5,3,3
2024,03700106,5,05402,1,,0,,1,0,1
2024,03700106,5,05404,,2,0,,2,0,2
2024,03700106,5,05501,13,7,1,6,13,2,3
2024,03700106,5,05503,3,7,0,5,6,1,1
2024,03700106,5,05504,11,10,0,20,5,4,1
2024,03700106,5,05506,1,0,0,1,1,1,1
2024,03700106,5,05601,2,3,0,,5,0,3
2024,03700106,5,05602,1,,0,,1,0,1
2024,03700106,5,05603,10,4,0,8,9,3,3
2024,03700106,5,05604,2,2,0,1,3,1,2
2024,03700106,5,05605,1,1,0,1,2,1,1
2024,03700106,5,05606,2,,0,,2,0,1
2024,03700106,5,05701,15,8,0,14,15,8,4
2024,03700106,5,05702,15,9,1,17,10,6,2
2024,03700106,5,05703,2,5,0,5,3,2,1
2024,03700106,5,05704,8,1,0,9,7,7,1
2024,03700106,5,05705,4,4,1,6,4,2,2
2024,03700106,5,05706,14,1,0,2,9,1,2
2024,03700106,5,05801,26,14,0,35,22,17,5
2024,03700106,5,05802,6,7,0,11,5,3,1
2024,03700106,5,05803,2,0,0,2,2,2,1
2024,03700106,5,05804,21,8,0,22,20,16,4
2024,03700106,6,06101,52,17,0,38,40,19,8
2024,03700106,6,06102,28,8,0,26,18,11,2
2024,03700106,6,06103,2,,0,,2,0,1
2024,03700106,6,06104,1,0,0,1,1,1,1
2024,03700106,6,06105,7,0,0,4,5,3,2
2024,03700106,6,06106,16,2,0,16,9,7,1
2024,03700106,6,06107,6,1,0,1,7,1,5
2024,03700106,6,06108,4,2,0,3,3,1,1
2024,03700106,6,06109,2,0,0,2,2,2,1
2024,03700106,6,06110,15,3,0,6,8,1,2
2024,03700106,6,06111,4,4,1,,6,0,2
2024,03700106,6,06112,11,,1,,8,0,2
2024,03700106,6,06113,3,1,0,2,4,2,3
2024,03700106,6,06115,23,9,0,21,21,12,6
2024,03700106,6,06117,15,3,0,8,10,2,2
2024,03700106,6,06201,,2,0,,1,0,1
2024,03700106,6,06202,,1,0,,1,0,1
2024,03700106,6,06203,2,1,0,,3,0,2
2024,03700106,6,06204,2,4,0,4,5,3,2
2024,03700106,6,06301,24,8,0,29,16,13,5
2024,03700106,6,06302,,1,0,,1,0,1
2024,03700106,6,06303,6,2,0,6,7,5,2
2024,03700106,6,06304,2,,0,,2,0,1
2024,03700106,6,06306,3,1,0,2,2,1,2
2024,03700106,6,06307,1,1,0,1,2,1,1
2024,03700106,6,06308,2,0,0,2,2,2,1
2024,03700106,6,06309,1,,0,,1,0,1
2024,03700106,6,06310,3,1,0,3,3,2,1
2024,03700106,7,07101,33,9,0,20,26,9,7
2024,03700106,7,07102,4,1,0,,4,0,2
2024,03700106,7,07104,,1,0,,1,0,1
2024,03700106,7,07105,7,2,0,9,7,7,2
2024,03700106,7,07106,2,,0,,2,0,2
2024,03700106,7,07109,8,1,0,2,7,1,4
2024,03700106,7,07110,1,1,0,,2,0,1
2024,03700106,7,07201,9,1,1,,10,0,3
2024,03700106,7,07202,1,,0,,1,0,1
2024,03700106,7,07301,55,15,0,52,36,24,7
2024,03700106,7,07302,1,,0,,1,0,1
2024,03700106,7,07304,12,5,0,4,12,2,3
2024,03700106,7,07306,5,2,0,4,5,2,1
2024,03700106,7,07307,3,,0,,2,0,1
2024,03700106,7,07308,2,,0,,2,0,2
2024,03700106,7,07401,21,6,0,11,20,7,5
2024,03700106,7,07402,7,2,0,1,9,1,3
2024,03700106,7,07403,12,3,0,3,12,1,8
2024,03700106,7,07404,4,1,0,2,4,1,3
2024,03700106,7,07405,9,,0,,5,0,2
2024,03700106,7,07406,12,6,0,18,10,10,1
2024,03700106,7,07408,16,4,0,19,5,4,3
2024,03700106,8,08101,2,1,0,,2,0,1
2024,03700106,8,08102,6,5,0,11,3,3,1
2024,03700106,8,08103,3,0,0,3,2,2,1
2024,03700106,8,08104,3,2,0,5,4,4,1
2024,03700106,8,08105,3,1,0,,3,0,1
2024,03700106,8,08107,1,,0,,1,0,1
2024,03700106,8,08108,17,2,1,17,10,8,2
2024,03700106,8,08109,0,1,0,1,1,1,1
2024,03700106,8,08110,32,10,2,31,23,13,4
2024,03700106,8,08111,12,8,0,14,15,9,4
2024,03700106,8,08112,22,17,0,32,15,12,3
2024,03700106,8,08201,,2,0,,2,0,1
2024,03700106,8,08202,11,6,0,8,10,4,3
2024,03700106,8,08203,7,3,1,6,6,4,2
2024,03700106,8,08204,2,1,0,,3,0,2
2024,03700106,8,08205,4,4,1,4,5,2,3
2024,03700106,8,08206,16,11,1,14,15,5,4
2024,03700106,8,08301,10,2,0,5,7,3,4
2024,03700106,8,08303,1,,0,,1,0,1
2024,03700106,8,08304,5,3,0,4,5,1,2
2024,03700106,8,08310,1,8,2,9,2,2,2
2024,03700106,8,08311,1,1,1,2,1,1,1
2024,03700106,8,08314,1,2,3,1,3,1,3
2024,03700106,9,09101,99,37,33,135,36,35,12
2024,03700106,9,09102,1,,0,,1,0,1
2024,03700106,9,09103,1,1,0,2,1,1,1
2024,03700106,9,09104,2,,1,,1,0,1
2024,03700106,9,09105,3,1,0,4,4,4,3
2024,03700106,9,09109,2,0,0,1,2,1,1
2024,03700106,9,09110,1,1,0,,2,0,1
2024,03700106,9,09111,4,1,1,2,3,1,1
2024,03700106,9,09112,49,11,28,55,31,27,6
2024,03700106,9,09114,13,2,0,14,6,5,2
2024,03700106,9,09115,3,1,0,2,4,2,1
2024,03700106,9,09117,3,3,3,3,5,2,3
2024,03700106,9,09120,2,2,0,,4,0,2
2024,03700106,9,09201,7,4,2,11,8,8,4
2024,03700106,9,09202,2,,0,,1,0,1
2024,03700106,9,09203,1,1,0,2,1,1,1
2024,03700106,9,09206,,1,0,,1,0,1
2024,03700106,9,09210,7,,0,,4,0,1
2024,03700106,9,09211,2,0,0,2,2,2,1
2024,03700107,1,01101,19,16,0,35,23,23,5
2024,03700107,1,01107,3,3,2,6,5,5,4
2024,03700107,1,01402,2,1,3,2,2,1,1
2024,03700107,10,10101,11,17,5,28,11,11,7
2024,03700107,10,10102,2,1,0,3,3,3,3
2024,03700107,10,10105,0,1,0,1,1,1,1
2024,03700107,10,10107,0,1,0,1,1,1,1
2024,03700107,10,10108,0,1,1,1,1,1,1
2024,03700107,10,10109,4,1,0,5,5,5,1
2024,03700107,10,10201,54,67,3,121,33,33,6
2024,03700107,10,10202,1,0,0,1,1,1,1
2024,03700107,10,10203,22,30,0,52,5,5,1
2024,03700107,10,10204,3,2,0,5,3,3,1
2024,03700107,10,10205,24,20,15,28,24,12,5
2024,03700107,10,10206,2,1,0,3,1,1,1
2024,03700107,10,10301,27,18,3,34,22,13,5
2024,03700107,10,10303,16,22,7,38,9,9,3
2024,03700107,10,10306,1,1,1,2,2,2,2
2024,03700107,10,10307,2,0,0,2,1,1,1
2024,03700107,10,10402,1,0,0,1,1,1,1
2024,03700107,10,10403,5,4,0,9,2,2,1
2024,03700107,11,11101,1,,0,,1,0,1
2024,03700107,11,11201,4,1,0,,5,0,3
2024,03700107,11,11202,3,,1,,2,0,1
2024,03700107,11,11301,2,0,0,1,2,1,1
2024,03700107,12,12101,15,10,5,21,11,7,4
2024,03700107,12,12301,,1,0,,1,0,1
2024,03700107,12,12401,21,20,1,40,8,7,1
2024,03700107,13,13101,80,68,0,133,27,15,6
2024,03700107,13,13102,12,14,0,25,6,5,2
2024,03700107,13,13103,8,2,0,9,4,3,2
2024,03700107,13,13104,1,1,0,2,1,1,1
2024,03700107,13,13105,184,212,5,396,47,47,6
2024,03700107,13,13106,103,136,0,238,15,14,2
2024,03700107,13,13107,,1,0,,1,0,1
2024,03700107,13,13108,16,13,1,27,5,4,2
2024,03700107,13,13109,6,4,0,3,8,3,2
2024,03700107,13,13110,26,20,0,41,26,23,6
2024,03700107,13,13111,3,3,0,4,5,3,3
2024,03700107,13,13112,91,84,2,174,36,35,7
2024,03700107,13,13114,1,,0,,1,0,1
2024,03700107,13,13115,8,5,0,13,7,7,1
2024,03700107,13,13116,3,1,0,2,3,1,1
2024,03700107,13,13117,5,2,0,2,6,2,2
2024,03700107,13,13118,2,1,0,,3,0,2
2024,03700107,13,13119,178,194,9,362,38,35,9
2024,03700107,13,13121,83,87,1,167,23,20,5
2024,03700107,13,13122,6,6,0,8,8,5,3
2024,03700107,13,13123,,1,0,,1,0,1
2024,03700107,13,13124,78,62,4,130,40,31,7
2024,03700107,13,13125,11,15,0,22,9,6,3
2024,03700107,13,13126,42,33,0,66,19,12,4
2024,03700107,13,13127,17,13,0,23,14,8,5
2024,03700107,13,13128,15,20,2,25,18,10,4
2024,03700107,13,13129,1,3,0,4,3,3,3
2024,03700107,13,13130,8,11,0,18,10,9,3
2024,03700107,13,13131,86,89,4,175,19,19,4
2024,03700107,13,13132,9,11,0,20,3,3,1
2024,03700107,13,13201,120,130,5,245,33,29,7
2024,03700107,13,13202,35,46,1,81,10,10,2
2024,03700107,13,13203,4,3,0,3,6,2,3
2024,03700107,13,13301,9,6,0,10,9,4,3
2024,03700107,13,13302,26,15,3,41,2,2,2
2024,03700107,13,13303,10,6,0,14,4,2,3
2024,03700107,13,13401,3,0,0,3,3,3,3
2024,03700107,13,13403,6,5,0,9,6,4,1
2024,03700107,13,13404,42,17,2,58,25,24,6
2024,03700107,13,13501,18,10,0,22,14,10,5
2024,03700107,13,13503,1,3,1,4,3,3,1
2024,03700107,13,13504,2,2,0,,3,0,1
2024,03700107,13,13601,24,13,0,25,13,7,3
2024,03700107,13,13602,1,0,0,1,1,1,1
2024,03700107,13,13603,1,0,0,1,1,1,1
2024,03700107,13,13604,2,4,1,4,5,4,1
2024,03700107,13,13605,15,4,0,15,8,6,2
2024,03700107,14,14101,10,5,0,12,8,5,3
2024,03700107,14,14102,7,8,0,12,9,6,1
2024,03700107,14,14103,2,2,2,2,4,2,2
2024,03700107,14,14105,1,2,0,,2,0,2
2024,03700107,14,14108,5,8,0,5,11,3,4
2024,03700107,14,14204,8,9,1,16,6,5,2
2024,03700107,15,15102,3,1,3,4,1,1,1
2024,03700107,15,15202,1,,1,,1,0,1
2024,03700107,16,16101,9,7,0,7,15,6,6
2024,03700107,16,16102,36,34,0,68,12,10,2
2024,03700107,16,16103,4,1,1,,3,0,1
2024,03700107,16,16104,16,9,0,17,9,3,1
2024,03700107,16,16106,5,5,0,10,8,8,2
2024,03700107,16,16107,1,3,0,3,2,1,1
2024,03700107,16,16108,2,1,0,2,2,1,2
2024,03700107,16,16201,5,5,0,9,3,2,1
2024,03700107,16,16205,18,10,0,22,7,3,1
2024,03700107,16,16206,1,1,0,2,1,1,1
2024,03700107,16,16207,2,,0,,2,0,1
2024,03700107,16,16301,26,10,0,30,11,5,2
2024,03700107,16,16302,4,10,0,7,6,2,2
2024,03700107,16,16303,6,6,0,11,3,2,1
2024,03700107,16,16304,1,,0,,1,0,1
2024,03700107,16,16305,89,104,0,187,23,20,2
2024,03700107,2,02101,36,21,1,56,25,24,7
2024,03700107,2,02102,27,24,0,49,9,7,1
2024,03700107,2,02103,4,3,0,6,4,3,1
2024,03700107,2,02104,1,,0,,1,0,1
2024,03700107,2,02201,74,58,3,116,24,15,4
2024,03700107,2,02302,11,15,0,18,8,4,2
2024,03700107,3,03101,12,2,0,8,13,7,5
2024,03700107,3,03103,2,3,0,4,3,2,1
2024,03700107,3,03202,3,3,0,4,4,2,1
2024,03700107,3,03301,86,85,11,169,23,22,4
2024,03700107,3,03302,9,7,0,3,10,1,3
2024,03700107,3,03304,,1,0,,1,0,1
2024,03700107,4,04101,29,20,0,49,8,8,2
2024,03700107,4,04102,19,11,4,25,17,15,6
2024,03700107,4,04103,2,2,1,3,2,1,1
2024,03700107,4,04106,2,2,0,4,4,4,1
2024,03700107,4,04201,3,2,0,,5,0,4
2024,03700107,4,04301,7,1,0,1,4,1,3
2024,03700107,4,04302,2,,0,,1,0,1
2024,03700107,4,04303,1,,0,,1,0,1
2024,03700107,5,05101,285,279,0,564,12,12,4
2024,03700107,5,05103,0,2,0,2,2,2,1
2024,03700107,5,05105,1,0,0,1,1,1,1
2024,03700107,5,05109,8,3,0,6,8,3,5
2024,03700107,5,05301,13,2,1,3,11,2,3
2024,03700107,5,05302,0,1,0,1,1,1,1
2024,03700107,5,05303,1,1,0,2,2,2,1
2024,03700107,5,05304,1,0,0,1,1,1,1
2024,03700107,5,05402,,1,0,,1,0,1
2024,03700107,5,05501,29,24,0,51,7,5,2
2024,03700107,5,05503,1,4,0,2,3,1,1
2024,03700107,5,05504,29,32,0,61,7,7,1
2024,03700107,5,05506,1,3,0,4,2,2,1
2024,03700107,5,05601,,1,0,,1,0,1
2024,03700107,5,05602,6,,0,,3,0,2
2024,03700107,5,05603,2,,0,,2,0,2
2024,03700107,5,05604,4,4,0,8,1,1,1
2024,03700107,5,05605,1,,0,,1,0,1
2024,03700107,5,05606,7,2,0,6,4,1,1
2024,03700107,5,05701,5,0,0,2,3,2,2
2024,03700107,5,05702,3,2,0,4,3,2,2
2024,03700107,5,05703,3,,0,,2,0,1
2024,03700107,5,05705,23,34,0,55,11,10,2
2024,03700107,5,05706,1,,0,,1,0,1
2024,03700107,5,05801,5,6,0,8,5,3,2
2024,03700107,5,05802,2,2,0,4,2,2,1
2024,03700107,5,05803,1,,0,,1,0,1
2024,03700107,5,05804,1,2,0,2,3,2,3
2024,03700107,6,06101,8,3,0,3,9,2,5
2024,03700107,6,06102,15,9,0,18,11,7,2
2024,03700107,6,06103,2,2,0,4,2,2,1
2024,03700107,6,06106,0,1,0,1,1,1,1
2024,03700107,6,06110,2,6,0,8,1,1,1
2024,03700107,6,06111,16,15,0,31,5,5,1
2024,03700107,6,06113,4,1,0,5,1,1,1
2024,03700107,6,06115,9,2,0,9,10,8,3
2024,03700107,6,06117,2,,0,,2,0,1
2024,03700107,6,06202,2,4,0,5,2,1,1
2024,03700107,6,06203,3,4,0,7,2,2,1
2024,03700107,6,06204,1,0,0,1,1,1,1
2024,03700107,6,06301,25,16,0,38,11,8,3
2024,03700107,6,06303,2,1,0,2,2,1,2
2024,03700107,6,06304,1,,0,,1,0,1
2024,03700107,6,06305,,2,0,,1,0,1
2024,03700107,6,06306,1,3,0,2,3,1,3
2024,03700107,6,06307,3,0,0,1,2,1,1
2024,03700107,7,07101,11,5,0,3,13,1,6
2024,03700107,7,07102,1,,0,,1,0,1
2024,03700107,7,07103,1,,0,,1,0,1
2024,03700107,7,07105,2,1,0,3,3,3,2
2024,03700107,7,07106,1,,0,,1,0,1
2024,03700107,7,07110,3,2,0,3,3,1,1
2024,03700107,7,07201,39,34,0,66,19,12,2
2024,03700107,7,07203,1,1,0,2,1,1,1
2024,03700107,7,07301,67,77,0,135,27,21,9
2024,03700107,7,07302,1,,0,,1,0,1
2024,03700107,7,07304,2,2,0,,4,0,3
2024,03700107,7,07306,1,,0,,1,0,1
2024,03700107,7,07307,1,1,0,2,1,1,1
2024,03700107,7,07308,7,3,0,2,7,1,2
2024,03700107,7,07401,6,1,0,2,7,2,5
2024,03700107,7,07402,3,2,0,,5,0,4
2024,03700107,7,07403,4,1,0,,2,0,2
2024,03700107,7,07404,5,1,0,,5,0,2
2024,03700107,7,07405,12,2,0,3,10,1,2
2024,03700107,7,07406,50,42,0,92,19,19,4
2024,03700107,7,07408,1,1,0,2,1,1,1
2024,03700107,8,08101,,1,0,,1,0,1
2024,03700107,8,08103,2,1,0,3,3,3,1
2024,03700107,8,08104,10,8,0,16,5,4,2
2024,03700107,8,08105,37,47,0,81,11,8,2
2024,03700107,8,08106,0,1,0,1,1,1,1
2024,03700107,8,08107,2,1,0,,2,0,1
2024,03700107,8,08108,11,9,1,18,9,7,2
2024,03700107,8,08110,6,3,0,8,4,3,2
2024,03700107,8,08111,7,6,0,11,7,6,3
2024,03700107,8,08112,14,6,0,15,12,8,4
2024,03700107,8,08202,5,1,0,3,6,3,4
2024,03700107,8,08203,4,6,3,8,4,2,2
2024,03700107,8,08205,1,,0,,1,0,1
2024,03700107,8,08206,6,6,0,8,7,3,3
2024,03700107,8,08301,27,22,0,44,6,4,6
2024,03700107,8,08305,,4,0,,4,0,4
2024,03700107,8,08310,11,16,2,26,5,4,2
2024,03700107,8,08314,1,,1,,1,0,1
2024,03700107,9,09101,91,110,46,201,14,14,5
2024,03700107,9,09103,1,,0,,1,0,1
2024,03700107,9,09104,9,6,9,11,7,3,5
2024,03700107,9,09110,3,2,5,5,1,1,1
2024,03700107,9,09111,5,2,5,2,6,1,1
2024,03700107,9,09112,21,14,15,34,14,13,4
2024,03700107,9,09114,1,,0,,1,0,1
2024,03700107,9,09117,2,2,1,2,3,1,2
2024,03700107,9,09120,2,,0,,2,0,1
2024,03700107,9,09201,3,0,1,3,3,3,2
2024,03700107,9,09204,10,4,7,14,3,3,1
2024,03700108,1,01101,92,28,0,120,41,41,6
2024,03700108,1,01107,32,18,10,50,17,17,4
2024,03700108,10,10101,33,13,7,46,23,23,9
2024,03700108,10,10102,6,6,2,12,7,7,1
2024,03700108,10,10104,4,1,0,,5,0,1
2024,03700108,10,10105,4,4,2,8,6,6,2
2024,03700108,10,10106,5,1,0,6,4,4,1
2024,03700108,10,10107,2,3,2,5,3,3,1
2024,03700108,10,10108,6,2,1,8,4,4,2
2024,03700108,10,10109,10,9,2,19,7,7,1
2024,03700108,10,10201,36,17,1,53,27,27,7
2024,03700108,10,10203,5,2,0,7,4,4,2
2024,03700108,10,10209,1,0,0,1,1,1,1
2024,03700108,10,10301,42,21,6,44,34,17,8
2024,03700108,10,10302,3,0,0,3,2,2,1
2024,03700108,10,10303,9,7,3,16,9,9,3
2024,03700108,10,10304,5,2,0,3,5,1,2
2024,03700108,10,10306,7,0,1,5,7,5,4
2024,03700108,10,10403,13,0,0,13,10,10,4
2024,03700108,11,11101,8,4,0,10,6,4,2
2024,03700108,11,11201,0,1,0,1,1,1,1
2024,03700108,11,11202,1,,1,,1,0,1
2024,03700108,12,12101,12,3,1,8,14,7,5
2024,03700108,12,12301,3,,0,,3,0,1
2024,03700108,12,12401,3,3,1,,5,0,1
2024,03700108,13,13101,96,35,8,101,45,29,5
2024,03700108,13,13102,19,3,0,22,10,10,3
2024,03700108,13,13103,22,10,0,23,15,9,3
2024,03700108,13,13104,2,1,0,2,2,1,1
2024,03700108,13,13105,88,50,2,138,44,44,6
2024,03700108,13,13106,71,33,0,92,29,19,3
2024,03700108,13,13107,3,2,0,,5,0,2
2024,03700108,13,13108,2,1,1,1,2,1,2
2024,03700108,13,13109,23,8,0,20,21,13,3
2024,03700108,13,13110,108,49,0,146,58,52,10
2024,03700108,13,13111,11,4,0,14,11,10,3
2024,03700108,13,13112,111,40,7,148,41,38,6
2024,03700108,13,13113,9,3,0,12,8,8,2
2024,03700108,13,13114,5,1,0,3,3,1,1
2024,03700108,13,13115,2,1,0,3,2,2,1
2024,03700108,13,13116,14,7,1,10,12,4,4
2024,03700108,13,13117,34,17,1,36,25,11,4
2024,03700108,13,13118,16,5,1,8,10,4,2
2024,03700108,13,13119,124,50,2,161,61,52,11
2024,03700108,13,13120,3,1,0,2,3,1,2
2024,03700108,13,13121,56,20,0,72,30,27,5
2024,03700108,13,13122,32,4,0,19,19,10,4
2024,03700108,13,13123,,1,0,,1,0,1
2024,03700108,13,13124,85,41,4,115,44,34,8
2024,03700108,13,13125,16,7,0,14,14,7,3
2024,03700108,13,13126,50,11,0,37,25,13,5
2024,03700108,13,13127,52,18,0,54,22,13,4
2024,03700108,13,13128,70,17,3,70,33,22,4
2024,03700108,13,13129,31,9,1,40,17,17,6
2024,03700108,13,13130,71,31,1,100,25,24,3
2024,03700108,13,13131,44,14,1,43,26,17,4
2024,03700108,13,13132,1,0,0,1,1,1,1
2024,03700108,13,13201,29,15,2,28,15,7,6
2024,03700108,13,13202,11,4,0,15,11,11,2
2024,03700108,13,13203,11,3,0,8,6,3,2
2024,03700108,13,13301,40,9,0,25,18,8,4
2024,03700108,13,13302,3,2,0,5,4,4,1
2024,03700108,13,13303,3,6,0,8,3,2,2
2024,03700108,13,13401,11,5,1,16,11,11,4
2024,03700108,13,13402,7,1,2,8,5,5,1
2024,03700108,13,13403,3,2,0,2,4,1,2
2024,03700108,13,13404,47,28,2,73,33,31,6
2024,03700108,13,13501,30,15,0,38,27,20,8
2024,03700108,13,13502,2,0,0,2,2,2,1
2024,03700108,13,13503,1,0,0,1,1,1,1
2024,03700108,13,13504,1,2,0,,3,0,2
2024,03700108,13,13601,41,20,0,43,19,7,3
2024,03700108,13,13602,6,3,0,7,7,5,1
2024,03700108,13,13603,15,6,0,8,17,8,7
2024,03700108,13,13604,7,3,0,9,6,5,1
2024,03700108,13,13605,15,1,0,5,9,4,2
2024,03700108,14,14101,14,6,1,8,14,6,5
2024,03700108,14,14102,2,1,0,3,1,1,1
2024,03700108,14,14103,3,0,0,1,3,1,2
2024,03700108,14,14108,11,7,5,9,12,5,2
2024,03700108,14,14202,6,0,0,2,4,1,2
2024,03700108,14,14203,,1,0,,1,0,1
2024,03700108,15,15101,1,,1,,1,0,1
2024,03700108,15,15102,1,0,1,1,1,1,1
2024,03700108,15,15201,,1,0,,1,0,1
2024,03700108,16,16101,51,20,0,42,41,19,10
2024,03700108,16,16102,17,7,0,15,14,8,2
2024,03700108,16,16103,2,2,0,,4,0,2
2024,03700108,16,16104,9,3,0,7,5,1,1
2024,03700108,16,16106,13,8,0,20,10,9,2
2024,03700108,16,16107,10,4,0,14,8,8,2
2024,03700108,16,16108,19,3,0,9,9,4,2
2024,03700108,16,16109,2,0,0,2,1,1,1
2024,03700108,16,16201,27,5,0,25,8,4,1
2024,03700108,16,16203,1,,0,,1,0,1
2024,03700108,16,16204,1,1,0,,2,0,1
2024,03700108,16,16205,2,1,0,,2,0,1
2024,03700108,16,16206,1,,0,,1,0,1
2024,03700108,16,16207,2,,0,,2,0,1
2024,03700108,16,16301,38,20,2,45,15,11,2
2024,03700108,16,16304,4,1,0,1,4,1,1
2024,03700108,16,16305,14,4,0,4,10,1,2
2024,03700108,2,02101,160,57,2,189,53,41,8
2024,03700108,2,02102,8,4,0,10,6,4,1
2024,03700108,2,02104,2,1,0,,3,0,1
2024,03700108,2,02201,45,15,6,41,29,15,7
2024,03700108,2,02203,2,1,2,2,2,1,2
2024,03700108,2,02301,2,1,0,,3,0,1
2024,03700108,2,02302,2,2,0,2,3,1,1
2024,03700108,3,03101,43,15,0,41,30,19,6
2024,03700108,3,03103,11,5,2,8,9,4,1
2024,03700108,3,03301,38,11,4,48,20,19,4
2024,03700108,3,03304,1,,0,,1,0,1
2024,03700108,4,04101,11,6,0,11,14,8,7
2024,03700108,4,04102,49,24,0,66,33,29,6
2024,03700108,4,04103,2,3,0,2,4,1,1
2024,03700108,4,04104,1,,0,,1,0,1
2024,03700108,4,04106,2,1,0,3,2,2,1
2024,03700108,4,04201,2,2,0,,4,0,3
2024,03700108,4,04203,13,7,0,16,8,5,2
2024,03700108,4,04204,4,0,0,4,3,3,1
2024,03700108,4,04301,8,1,0,6,9,6,5
2024,03700108,4,04303,4,,0,,3,0,3
2024,03700108,4,04305,,1,0,,1,0,1
2024,03700108,5,05101,14,0,0,10,12,8,5
2024,03700108,5,05102,1,,0,,1,0,1
2024,03700108,5,05103,1,3,0,4,2,2,1
2024,03700108,5,05105,2,,0,,2,0,1
2024,03700108,5,05107,1,3,0,2,2,1,1
2024,03700108,5,05109,20,8,0,12,20,7,8
2024,03700108,5,05301,14,8,0,11,12,3,4
2024,03700108,5,05302,5,0,0,5,4,4,1
2024,03700108,5,05303,12,1,0,13,10,10,1
2024,03700108,5,05304,2,1,0,3,2,2,1
2024,03700108,5,05401,4,0,0,2,4,2,3
2024,03700108,5,05402,1,,0,,1,0,1
2024,03700108,5,05404,,2,0,,2,0,2
2024,03700108,5,05501,9,7,0,6,13,3,3
2024,03700108,5,05503,3,7,0,5,6,1,1
2024,03700108,5,05504,7,3,0,9,4,3,1
2024,03700108,5,05506,1,0,0,1,1,1,1
2024,03700108,5,05601,2,3,0,,5,0,3
2024,03700108,5,05602,1,,0,,1,0,1
2024,03700108,5,05603,9,4,0,8,8,3,3
2024,03700108,5,05604,2,2,0,1,3,1,2
2024,03700108,5,05605,0,1,0,1,1,1,1
2024,03700108,5,05606,2,,0,,2,0,1
2024,03700108,5,05701,8,7,0,8,12,5,3
2024,03700108,5,05702,15,5,0,13,9,5,2
2024,03700108,5,05703,2,3,0,5,2,2,1
2024,03700108,5,05704,7,1,0,8,6,6,1
2024,03700108,5,05705,4,4,1,6,4,2,2
2024,03700108,5,05706,13,1,0,2,9,1,2
2024,03700108,5,05801,21,11,0,29,17,14,4
2024,03700108,5,05802,6,4,0,10,3,3,1
2024,03700108,5,05803,2,0,0,2,2,2,1
2024,03700108,5,05804,18,7,0,18,16,12,4
2024,03700108,6,06101,46,13,0,35,36,18,8
2024,03700108,6,06102,22,7,0,20,15,8,2
2024,03700108,6,06103,2,1,0,1,3,1,1
2024,03700108,6,06104,1,0,0,1,1,1,1
2024,03700108,6,06105,10,0,0,4,7,3,2
2024,03700108,6,06106,17,2,0,17,9,7,1
2024,03700108,6,06107,6,1,0,1,7,1,5
2024,03700108,6,06108,4,2,0,3,3,1,1
2024,03700108,6,06109,2,0,0,2,2,2,1
2024,03700108,6,06110,15,3,0,6,8,1,2
2024,03700108,6,06111,4,4,1,,6,0,2
2024,03700108,6,06112,9,,1,,7,0,2
2024,03700108,6,06113,1,1,0,1,2,1,2
2024,03700108,6,06115,21,8,0,19,20,11,6
2024,03700108,6,06117,15,3,0,8,10,2,2
2024,03700108,6,06201,,1,0,,1,0,1
2024,03700108,6,06202,,1,0,,1,0,1
2024,03700108,6,06203,2,1,0,,3,0,2
2024,03700108,6,06204,3,4,0,5,6,4,2
2024,03700108,6,06301,21,7,0,25,15,12,5
2024,03700108,6,06302,,1,0,,1,0,1
2024,03700108,6,06303,5,2,0,5,6,4,2
2024,03700108,6,06304,2,,0,,2,0,1
2024,03700108,6,06306,1,1,0,2,1,1,1
2024,03700108,6,06307,1,1,0,1,2,1,1
2024,03700108,6,06308,2,0,0,2,2,2,1
2024,03700108,6,06309,1,,0,,1,0,1
2024,03700108,6,06310,3,1,0,3,3,2,1
2024,03700108,7,07101,34,11,4,25,25,9,8
2024,03700108,7,07102,4,1,0,,4,0,2
2024,03700108,7,07104,,1,0,,1,0,1
2024,03700108,7,07105,7,2,0,9,7,7,2
2024,03700108,7,07106,3,,0,,3,0,2
2024,03700108,7,07109,8,1,0,2,7,1,4
2024,03700108,7,07110,1,1,0,,2,0,1
2024,03700108,7,07201,7,1,0,,8,0,2
2024,03700108,7,07202,1,,0,,1,0,1
2024,03700108,7,07301,54,14,0,51,35,23,8
2024,03700108,7,07302,3,,0,,2,0,1
2024,03700108,7,07304,12,5,0,4,12,2,3
2024,03700108,7,07306,5,2,0,4,5,2,1
2024,03700108,7,07307,3,,0,,2,0,1
2024,03700108,7,07308,2,,0,,2,0,2
2024,03700108,7,07401,21,6,0,12,21,8,4
2024,03700108,7,07402,5,2,0,1,7,1,2
2024,03700108,7,07403,12,3,0,3,12,1,8
2024,03700108,7,07404,4,1,0,2,4,1,3
2024,03700108,7,07405,8,,0,,4,0,1
2024,03700108,7,07406,20,9,0,29,11,11,1
2024,03700108,7,07408,8,1,0,8,5,4,3
2024,03700108,8,08102,2,0,0,2,2,2,1
2024,03700108,8,08103,1,0,0,1,1,1,1
2024,03700108,8,08104,2,1,0,3,3,3,1
2024,03700108,8,08105,3,1,0,,3,0,1
2024,03700108,8,08106,0,1,0,1,1,1,1
2024,03700108,8,08107,4,2,0,5,2,1,1
2024,03700108,8,08108,16,2,1,16,10,8,2
2024,03700108,8,08110,28,9,2,29,19,12,3
2024,03700108,8,08111,9,6,0,10,13,8,3
2024,03700108,8,08112,27,14,0,29,19,11,5
2024,03700108,8,08201,,2,0,,2,0,1
2024,03700108,8,08202,8,4,0,4,7,3,3
2024,03700108,8,08203,6,3,1,6,5,4,2
2024,03700108,8,08204,2,1,0,,3,0,2
2024,03700108,8,08205,2,3,1,2,4,1,2
2024,03700108,8,08206,12,10,1,11,12,4,3
2024,03700108,8,08301,5,1,0,1,6,1,3
2024,03700108,8,08303,1,,0,,1,0,1
2024,03700108,8,08304,2,1,0,1,3,1,1
2024,03700108,8,08310,1,7,1,8,2,2,2
2024,03700108,8,08311,1,0,1,1,1,1,1
2024,03700108,8,08314,1,2,3,,3,0,3
2024,03700108,9,09101,88,33,30,121,32,32,9
2024,03700108,9,09102,1,,0,,1,0,1
2024,03700108,9,09103,1,1,0,2,1,1,1
2024,03700108,9,09105,3,1,0,4,4,4,3
2024,03700108,9,09109,2,0,0,1,2,1,1
2024,03700108,9,09110,1,1,0,,2,0,1
2024,03700108,9,09111,4,1,1,2,3,1,1
2024,03700108,9,09112,37,7,20,41,24,22,6
2024,03700108,9,09114,13,1,0,13,5,4,2
2024,03700108,9,09115,1,1,0,,2,0,1
2024,03700108,9,09117,2,3,2,3,4,2,2
2024,03700108,9,09120,2,1,0,,3,0,2
2024,03700108,9,09201,6,1,2,7,7,7,3
2024,03700108,9,09202,2,,0,,1,0,1
2024,03700108,9,09203,1,1,0,2,1,1,1
2024,03700108,9,09210,4,,0,,3,0,1
2024,03700108,9,09211,1,0,0,1,1,1,1
2024,03700109,1,01101,16,18,0,34,16,16,5
2024,03700109,1,01107,4,1,2,5,4,4,3
2024,03700109,1,01402,2,1,3,2,2,1,1
2024,03700109,10,10101,8,12,3,20,8,8,6
2024,03700109,10,10102,1,1,0,2,2,2,2
2024,03700109,10,10105,0,1,0,1,1,1,1
2024,03700109,10,10106,1,0,0,1,1,1,1
2024,03700109,10,10107,0,1,0,1,1,1,1
2024,03700109,10,10109,1,1,0,2,2,2,1
2024,03700109,10,10201,56,63,6,119,33,33,6
2024,03700109,10,10203,11,5,0,15,3,2,2
2024,03700109,10,10204,1,2,0,3,2,2,1
2024,03700109,10,10205,24,16,20,27,21,11,5
2024,03700109,10,10301,19,14,3,24,14,7,3
2024,03700109,10,10303,14,18,5,32,8,8,3
2024,03700109,10,10306,1,0,0,1,1,1,1
2024,03700109,10,10307,2,0,0,2,1,1,1
2024,03700109,10,10402,1,0,0,1,1,1,1
2024,03700109,10,10403,1,0,0,1,1,1,1
2024,03700109,11,11201,5,1,0,2,5,1,3
2024,03700109,11,11202,2,,0,,1,0,1
2024,03700109,12,12101,13,7,3,18,8,6,4
2024,03700109,12,12301,,1,0,,1,0,1
2024,03700109,12,12401,19,17,0,36,6,6,1
2024,03700109,13,13101,69,59,1,121,22,15,6
2024,03700109,13,13102,6,3,0,8,5,4,2
2024,03700109,13,13103,7,2,0,8,3,2,2
2024,03700109,13,13105,155,154,3,309,44,44,6
2024,03700109,13,13106,89,121,0,210,13,13,2
2024,03700109,13,13108,9,8,0,17,3,3,2
2024,03700109,13,13109,7,3,0,2,9,2,3
2024,03700109,13,13110,27,20,0,43,24,22,6
2024,03700109,13,13111,3,4,0,4,6,3,4
2024,03700109,13,13112,22,13,2,34,18,17,5
2024,03700109,13,13114,2,,0,,1,0,1
2024,03700109,13,13115,7,4,0,11,8,8,1
2024,03700109,13,13116,5,1,0,2,4,1,1
2024,03700109,13,13117,6,2,0,,5,0,2
2024,03700109,13,13118,1,1,0,,2,0,2
2024,03700109,13,13119,187,215,9,402,32,32,7
2024,03700109,13,13121,56,59,0,115,16,16,4
2024,03700109,13,13122,4,4,0,5,6,3,3
2024,03700109,13,13124,64,49,1,103,37,28,7
2024,03700109,13,13125,5,1,0,2,5,2,1
2024,03700109,13,13126,30,24,0,40,17,9,4
2024,03700109,13,13127,6,4,0,5,8,4,5
2024,03700109,13,13128,20,18,0,28,18,10,4
2024,03700109,13,13129,8,4,0,12,7,7,6
2024,03700109,13,13130,6,8,1,14,6,6,2
2024,03700109,13,13131,82,80,3,160,19,18,4
2024,03700109,13,13132,9,11,0,20,3,3,1
2024,03700109,13,13201,32,34,5,62,11,8,6
2024,03700109,13,13202,28,28,1,56,7,7,1
2024,03700109,13,13203,3,3,0,2,5,1,3
2024,03700109,13,13301,19,3,0,16,10,5,4
2024,03700109,13,13302,26,15,3,41,2,2,2
2024,03700109,13,13303,3,3,0,4,3,1,3
2024,03700109,13,13401,3,0,0,2,3,2,3
2024,03700109,13,13403,5,6,0,9,6,4,1
2024,03700109,13,13404,42,13,2,54,27,26,7
2024,03700109,13,13501,12,3,0,10,8,4,4
2024,03700109,13,13502,1,0,0,1,1,1,1
2024,03700109,13,13503,1,3,1,4,3,3,1
2024,03700109,13,13504,2,,0,,2,0,1
2024,03700109,13,13601,22,13,0,25,12,7,3
2024,03700109,13,13602,1,0,0,1,1,1,1
2024,03700109,13,13603,1,0,0,1,1,1,1
2024,03700109,13,13604,2,3,1,3,4,3,1
2024,03700109,13,13605,5,6,0,9,6,4,2
2024,03700109,14,14101,10,6,0,12,9,5,3
2024,03700109,14,14102,8,8,0,13,9,6,1
2024,03700109,14,14103,1,1,0,1,2,1,2
2024,03700109,14,14105,1,2,0,,3,0,2
2024,03700109,14,14108,5,7,1,5,10,3,4
2024,03700109,14,14202,6,1,1,6,4,3,2
2024,03700109,14,14204,5,4,1,8,5,4,2
2024,03700109,15,15102,3,1,3,4,1,1,1
2024,03700109,15,15202,1,,1,,1,0,1
2024,03700109,16,16101,11,8,0,10,17,8,7
2024,03700109,16,16102,39,35,0,72,13,11,2
2024,03700109,16,16103,5,2,1,2,4,1,1
2024,03700109,16,16104,7,3,0,3,6,1,1
2024,03700109,16,16106,5,5,0,10,8,8,2
2024,03700109,16,16107,2,3,0,3,3,1,1
2024,03700109,16,16108,2,1,0,2,2,1,2
2024,03700109,16,16201,3,1,0,3,2,1,1
2024,03700109,16,16205,17,10,0,22,6,3,1
2024,03700109,16,16206,1,1,0,2,1,1,1
2024,03700109,16,16207,3,,0,,3,0,1
2024,03700109,16,16301,30,11,0,28,14,5,2
2024,03700109,16,16302,4,8,0,7,5,2,1
2024,03700109,16,16303,1,2,0,3,1,1,1
2024,03700109,16,16305,32,30,0,56,8,5,2
2024,03700109,2,02101,23,14,0,32,17,15,6
2024,03700109,2,02102,17,7,0,24,3,3,1
2024,03700109,2,02103,1,1,0,1,2,1,1
2024,03700109,2,02201,5,3,0,4,5,1,4
2024,03700109,2,02301,,1,0,,1,0,1
2024,03700109,2,02302,3,,0,,1,0,1
2024,03700109,3,03101,10,1,0,8,10,7,5
2024,03700109,3,03103,2,4,0,4,4,2,1
2024,03700109,3,03202,3,3,0,4,4,2,1
2024,03700109,3,03301,84,85,11,167,22,21,4
2024,03700109,3,03302,7,7,0,3,8,1,3
2024,03700109,3,03304,,1,0,,1,0,1
2024,03700109,4,04101,12,9,0,21,4,4,3
2024,03700109,4,04102,13,12,0,24,13,12,4
2024,03700109,4,04106,1,2,0,2,2,1,1
2024,03700109,4,04201,2,1,0,,3,0,3
2024,03700109,4,04203,1,0,0,1,1,1,1
2024,03700109,4,04301,7,,0,,3,0,2
2024,03700109,4,04302,2,,0,,1,0,1
2024,03700109,5,05101,361,322,0,683,15,15,5
2024,03700109,5,05103,3,1,0,4,3,3,1
2024,03700109,5,05105,2,1,0,,3,0,2
2024,03700109,5,05109,3,1,0,1,4,1,4
2024,03700109,5,05301,13,4,0,7,9,3,3
2024,03700109,5,05302,0,1,0,1,1,1,1
2024,03700109,5,05303,1,2,0,3,3,3,1
2024,03700109,5,05304,1,0,0,1,1,1,1
2024,03700109,5,05402,,1,0,,1,0,1
2024,03700109,5,05405,1,2,0,,2,0,1
2024,03700109,5,05501,29,24,0,51,7,5,2
2024,03700109,5,05503,,2,0,,1,0,1
2024,03700109,5,05504,7,6,0,13,1,1,1
2024,03700109,5,05506,1,3,0,4,2,2,1
2024,03700109,5,05602,1,,0,,1,0,1
2024,03700109,5,05603,2,,0,,2,0,2
2024,03700109,5,05604,4,4,0,8,1,1,1
2024,03700109,5,05605,1,,0,,1,0,1
2024,03700109,5,05606,5,2,0,6,2,1,1
2024,03700109,5,05701,7,1,0,7,6,5,3
2024,03700109,5,05702,2,2,0,4,2,2,2
2024,03700109,5,05703,2,,0,,2,0,1
2024,03700109,5,05705,23,34,0,55,11,10,2
2024,03700109,5,05801,2,4,0,3,3,1,2
2024,03700109,5,05802,2,1,0,3,1,1,1
2024,03700109,5,05804,2,1,0,2,3,2,3
2024,03700109,6,06101,10,5,0,5,11,3,5
2024,03700109,6,06102,21,8,0,22,14,9,2
2024,03700109,6,06106,0,1,0,1,1,1,1
2024,03700109,6,06111,8,10,0,18,4,4,1
2024,03700109,6,06113,5,1,0,5,2,1,2
2024,03700109,6,06115,10,1,0,8,9,6,3
2024,03700109,6,06117,2,,0,,2,0,1
2024,03700109,6,06202,2,4,0,5,2,1,1
2024,03700109,6,06203,1,3,0,4,1,1,1
2024,03700109,6,06301,8,2,0,9,8,7,2
2024,03700109,6,06303,2,1,0,2,2,1,2
2024,03700109,6,06304,1,,0,,1,0,1
2024,03700109,6,06306,1,3,0,2,3,1,3
2024,03700109,6,06307,3,0,0,1,2,1,1
2024,03700109,7,07101,23,13,5,24,14,2,7
2024,03700109,7,07102,1,,0,,1,0,1
2024,03700109,7,07103,1,,0,,1,0,1
2024,03700109,7,07105,2,1,0,3,3,3,2
2024,03700109,7,07110,3,2,0,3,3,1,1
2024,03700109,7,07201,41,34,1,66,20,12,3
2024,03700109,7,07203,1,1,0,2,1,1,1
2024,03700109,7,07301,39,52,0,83,22,17,7
2024,03700109,7,07304,2,2,0,,4,0,3
2024,03700109,7,07306,1,,0,,1,0,1
2024,03700109,7,07308,7,3,0,2,7,1,2
2024,03700109,7,07401,7,2,0,1,9,1,6
2024,03700109,7,07402,4,2,0,1,6,1,5
2024,03700109,7,07403,4,1,0,,2,0,2
2024,03700109,7,07404,5,1,0,,5,0,2
2024,03700109,7,07405,13,2,0,3,11,1,2
2024,03700109,7,07406,40,39,0,79,17,17,3
2024,03700109,7,07408,1,1,0,2,1,1,1
2024,03700109,8,08101,,1,0,,1,0,1
2024,03700109,8,08102,4,5,0,9,1,1,1
2024,03700109,8,08103,0,1,0,1,1,1,1
2024,03700109,8,08104,2,,0,,1,0,1
2024,03700109,8,08105,28,26,0,51,9,6,2
2024,03700109,8,08106,1,0,0,1,1,1,1
2024,03700109,8,08107,2,,0,,1,0,1
2024,03700109,8,08108,8,7,0,13,7,5,2
2024,03700109,8,08110,1,,0,,1,0,1
2024,03700109,8,08111,5,2,0,6,5,4,3
2024,03700109,8,08112,12,3,0,14,9,8,3
2024,03700109,8,08202,4,0,0,2,4,2,3
2024,03700109,8,08203,3,6,3,7,3,1,2
2024,03700109,8,08205,1,,0,,1,0,1
2024,03700109,8,08206,7,6,0,8,8,3,3
2024,03700109,8,08301,10,5,0,13,5,3,4
2024,03700109,8,08305,,2,0,,2,0,2
2024,03700109,8,08307,,3,0,,1,0,1
2024,03700109,8,08310,10,8,0,17,3,2,1
2024,03700109,8,08314,1,,1,,1,0,1
2024,03700109,9,09101,72,78,33,150,13,13,5
2024,03700109,9,09103,1,,0,,1,0,1
2024,03700109,9,09104,11,6,10,11,7,3,5
2024,03700109,9,09110,3,2,5,5,1,1,1
2024,03700109,9,09111,3,1,3,,4,0,1
2024,03700109,9,09112,11,9,7,19,10,9,4
2024,03700109,9,09114,1,,0,,1,0,1
2024,03700109,9,09115,2,3,0,5,1,1,1
2024,03700109,9,09117,3,0,1,1,3,1,3
2024,03700109,9,09120,1,1,0,,2,0,2
2024,03700109,9,09201,1,3,1,4,4,4,2
2024,03700109,9,09204,3,1,2,4,1,1,1
2024,05990022,1,01101,51,25,26,51,26,26,5
2024,05990022,1,01107,95,70,25,95,37,37,6
2024,05990022,1,01401,21,15,6,21,12,12,4
2024,05990022,1,01402,1,0,1,1,1,1,1
2024,05990022,1,01404,4,4,0,4,3,3,1
2024,05990022,10,10101,282,201,81,282,101,101,19
2024,05990022,10,10102,12,7,5,12,9,9,4
2024,05990022,10,10104,2,2,0,2,2,2,2
2024,05990022,10,10105,10,6,4,10,7,7,2
2024,05990022,10,10107,4,1,3,4,4,4,1
2024,05990022,10,10108,14,9,5,14,10,10,4
2024,05990022,10,10109,78,57,21,78,15,15,4
2024,05990022,10,10201,36,18,18,36,19,19,7
2024,05990022,10,10202,19,10,9,19,12,12,4
2024,05990022,10,10205,1,0,1,1,1,1,1
2024,05990022,10,10208,18,9,9,18,9,9,2
2024,05990022,10,10209,3,1,2,3,2,2,2
2024,05990022,10,10210,21,17,4,21,7,7,1
2024,05990022,10,10301,110,77,33,110,49,49,9
2024,05990022,10,10302,6,3,3,6,5,5,2
2024,05990022,10,10303,12,8,4,12,7,7,1
2024,05990022,10,10304,2,1,1,2,2,2,2
2024,05990022,10,10306,4,2,2,4,4,4,2
2024,05990022,10,10307,10,5,5,10,6,6,2
2024,05990022,10,10401,1,1,0,1,1,1,1
2024,05990022,10,10403,8,5,3,8,6,6,2
2024,05990022,11,11101,45,26,19,45,26,26,3
2024,05990022,11,11201,31,18,13,31,21,21,5
2024,05990022,11,11202,4,3,1,4,4,4,2
2024,05990022,11,11301,6,4,2,6,6,6,1
2024,05990022,11,11302,1,1,0,1,1,1,1
2024,05990022,11,11401,4,1,3,4,4,4,2
2024,05990022,11,11402,1,0,1,1,1,1,1
2024,05990022,12,12101,60,47,13,60,29,29,8
2024,05990022,12,12301,2,1,1,2,2,2,1
2024,05990022,12,12303,2,2,0,2,2,2,1
2024,05990022,12,12401,7,6,1,7,4,4,1
2024,05990022,13,13101,55,44,11,55,36,36,9
2024,05990022,13,13102,45,29,16,45,25,25,3
2024,05990022,13,13103,83,60,23,83,30,30,5
2024,05990022,13,13104,82,54,28,82,19,19,4
2024,05990022,13,13105,176,132,44,176,68,68,9
2024,05990022,13,13106,18,13,5,18,15,15,5
2024,05990022,13,13107,30,22,8,30,18,18,5
2024,05990022,13,13108,58,45,13,58,17,17,3
2024,05990022,13,13109,41,28,13,41,15,15,2
2024,05990022,13,13110,389,276,113,389,89,89,11
2024,05990022,13,13111,52,40,12,52,33,33,6
2024,05990022,13,13112,169,121,48,169,66,66,7
2024,05990022,13,13113,10,5,5,10,7,7,2
2024,05990022,13,13114,28,18,10,28,19,19,3
2024,05990022,13,13115,12,9,3,12,8,8,1
2024,05990022,13,13116,67,36,31,67,37,37,5
2024,05990022,13,13117,42,27,15,42,20,20,3
2024,05990022,13,13118,64,42,22,64,19,19,4
2024,05990022,13,13119,140,92,48,140,53,53,12
2024,05990022,13,13120,47,23,24,47,22,22,3
2024,05990022,13,13121,89,60,29,89,42,42,6
2024,05990022,13,13122,61,46,15,61,36,36,7
2024,05990022,13,13123,36,22,14,36,22,22,6
2024,05990022,13,13124,92,71,21,92,28,28,6
2024,05990022,13,13125,141,105,36,141,52,52,7
2024,05990022,13,13126,75,55,20,75,30,30,6
2024,05990022,13,13127,36,27,9,36,22,22,6
2024,05990022,13,13128,65,44,21,65,23,23,5
2024,05990022,13,13129,94,61,33,94,52,52,10
2024,05990022,13,13130,103,72,31,103,29,29,4
2024,05990022,13,13131,76,54,22,76,37,37,7
2024,05990022,13,13132,14,9,5,14,7,7,1
2024,05990022,13,13201,64,36,28,64,19,19,3
2024,05990022,13,13202,11,6,5,11,6,6,2
2024,05990022,13,13203,15,7,8,15,7,7,3
2024,05990022,13,13301,157,110,47,157,44,44,6
2024,05990022,13,13302,55,43,12,55,21,21,5
2024,05990022,13,13303,13,12,1,13,10,10,4
2024,05990022,13,13401,83,54,29,83,56,56,12
2024,05990022,13,13402,63,47,16,63,36,36,9
2024,05990022,13,13403,3,3,0,3,3,3,1
2024,05990022,13,13404,47,35,12,47,27,27,4
2024,05990022,13,13501,28,19,9,28,16,16,6
2024,05990022,13,13502,5,4,1,5,4,4,2
2024,05990022,13,13503,12,8,4,12,7,7,3
2024,05990022,13,13504,7,7,0,7,7,7,3
2024,05990022,13,13505,2,0,2,2,2,2,1
2024,05990022,13,13601,37,21,16,37,21,21,4
2024,05990022,13,13602,31,24,7,31,11,11,2
2024,05990022,13,13603,5,4,1,5,5,5,3
2024,05990022,13,13604,23,14,9,23,10,10,1
2024,05990022,13,13605,5,4,1,5,5,5,1
2024,05990022,14,14101,131,74,57,131,68,68,14
2024,05990022,14,14103,1,0,1,1,1,1,1
2024,05990022,14,14104,12,9,3,12,6,6,1
2024,05990022,14,14106,53,45,8,53,20,20,4
2024,05990022,14,14107,2,0,2,2,2,2,2
2024,05990022,14,14108,53,33,20,53,21,21,7
2024,05990022,14,14201,7,5,2,7,4,4,1
2024,05990022,14,14202,15,13,2,15,8,8,3
2024,05990022,14,14203,2,0,2,2,2,2,1
2024,05990022,14,14204,6,5,1,6,6,6,3
2024,05990022,15,15101,181,134,47,181,76,76,12
2024,05990022,16,16101,430,271,159,430,105,105,12
2024,05990022,16,16102,24,16,8,24,15,15,3
2024,05990022,16,16103,42,33,9,42,19,19,3
2024,05990022,16,16104,16,12,4,16,7,7,2
2024,05990022,16,16106,13,7,6,13,7,7,2
2024,05990022,16,16107,69,45,24,69,18,18,3
2024,05990022,16,16108,23,17,6,23,16,16,3
2024,05990022,16,16109,38,24,14,38,11,11,2
2024,05990022,16,16201,11,10,1,11,6,6,1
2024,05990022,16,16202,1,1,0,1,1,1,1
2024,05990022,16,16203,18,10,8,18,9,9,2
2024,05990022,16,16205,13,6,7,13,8,8,1
2024,05990022,16,16207,8,5,3,8,5,5,1
2024,05990022,16,16301,140,95,45,140,42,42,5
2024,05990022,16,16302,24,11,13,24,15,15,3
2024,05990022,16,16303,9,7,2,9,8,8,2
2024,05990022,16,16305,14,11,3,14,12,12,2
2024,05990022,2,02101,216,156,60,216,77,77,12
2024,05990022,2,02102,23,19,4,23,11,11,1
2024,05990022,2,02103,3,3,0,3,3,3,2
2024,05990022,2,02104,3,2,1,3,1,1,1
2024,05990022,2,02201,72,57,15,72,38,38,7
2024,05990022,2,02203,3,2,1,3,3,3,2
2024,05990022,2,02301,1,1,0,1,1,1,1
2024,05990022,3,03101,350,259,91,350,47,47,7
2024,05990022,3,03102,14,8,6,14,9,9,2
2024,05990022,3,03103,4,4,0,4,3,3,1
2024,05990022,3,03201,3,3,0,3,2,2,1
2024,05990022,3,03202,2,2,0,2,2,2,1
2024,05990022,3,03301,22,15,7,22,14,14,4
2024,05990022,3,03302,3,2,1,3,3,3,2
2024,05990022,3,03303,3,1,2,3,2,2,1
2024,05990022,3,03304,1,0,1,1,1,1,1
2024,05990022,4,04101,174,99,75,174,75,75,13
2024,05990022,4,04102,241,167,74,241,84,84,13
2024,05990022,4,04103,15,12,3,15,6,6,1
2024,05990022,4,04104,1,0,1,1,1,1,1
2024,05990022,4,04105,2,0,2,2,2,2,2
2024,05990022,4,04106,36,27,9,36,21,21,5
2024,05990022,4,04201,15,14,1,15,12,12,4
2024,05990022,4,04202,3,2,1,3,3,3,1
2024,05990022,4,04203,14,10,4,14,7,7,2
2024,05990022,4,04204,6,4,2,6,4,4,3
2024,05990022,4,04301,102,62,40,102,50,50,10
2024,05990022,4,04302,1,1,0,1,1,1,1
2024,05990022,4,04303,13,12,1,13,10,10,3
2024,05990022,4,04304,14,6,8,14,7,7,1
2024,05990022,5,05101,177,121,56,177,96,96,18
2024,05990022,5,05102,9,7,2,9,5,5,2
2024,05990022,5,05103,18,14,4,18,11,11,2
2024,05990022,5,05105,1,1,0,1,1,1,1
2024,05990022,5,05107,22,16,6,22,10,10,3
2024,05990022,5,05109,153,111,42,153,70,70,12
2024,05990022,5,05201,2,2,0,2,2,2,1
2024,05990022,5,05301,43,34,9,43,26,26,5
2024,05990022,5,05302,4,3,1,4,4,4,1
2024,05990022,5,05303,1,1,0,1,1,1,1
2024,05990022,5,05304,3,3,0,3,3,3,1
2024,05990022,5,05401,51,33,18,51,17,17,6
2024,05990022,5,05402,3,1,2,3,2,2,2
2024,05990022,5,05403,7,5,2,7,4,4,2
2024,05990022,5,05404,10,6,4,10,9,9,4
2024,05990022,5,05405,11,9,2,11,10,10,2
2024,05990022,5,05501,151,91,60,151,51,51,7
2024,05990022,5,05502,25,13,12,25,17,17,4
2024,05990022,5,05503,25,18,7,25,10,10,2
2024,05990022,5,05504,79,47,32,79,11,11,1
2024,05990022,5,05506,7,5,2,7,6,6,3
2024,05990022,5,05601,122,89,33,122,54,54,9
2024,05990022,5,05602,22,15,7,22,11,11,1
2024,05990022,5,05603,11,9,2,11,9,9,5
2024,05990022,5,05604,3,3,0,3,2,2,1
2024,05990022,5,05605,6,5,1,6,6,6,2
2024,05990022,5,05606,18,13,5,18,10,10,3
2024,05990022,5,05701,114,81,33,114,29,29,5
2024,05990022,5,05702,21,16,5,21,11,11,2
2024,05990022,5,05703,12,10,2,12,4,4,2
2024,05990022,5,05704,3,3,0,3,2,2,1
2024,05990022,5,05705,2,2,0,2,2,2,1
2024,05990022,5,05706,3,1,2,3,2,2,1
2024,05990022,5,05801,106,70,36,106,49,49,6
2024,05990022,5,05802,40,30,10,40,18,18,2
2024,05990022,5,05803,7,5,2,7,7,6,1
2024,05990022,5,05804,37,23,14,37,23,23,4
2024,05990022,6,06101,153,108,45,153,70,70,11
2024,05990022,6,06102,14,10,4,14,6,6,1
2024,05990022,6,06104,4,3,1,4,4,4,4
2024,05990022,6,06105,14,11,3,14,10,10,3
2024,05990022,6,06106,40,23,17,40,15,15,2
2024,05990022,6,06107,18,10,8,18,13,13,6
2024,05990022,6,06108,9,7,2,9,8,8,2
2024,05990022,6,06109,14,11,3,14,7,7,2
2024,05990022,6,06110,7,5,2,7,5,5,1
2024,05990022,6,06111,16,8,8,16,8,8,2
2024,05990022,6,06112,7,7,0,7,4,4,1
2024,05990022,6,06113,7,4,3,7,3,3,1
2024,05990022,6,06114,3,3,0,3,3,3,2
2024,05990022,6,06115,51,43,8,51,27,27,3
2024,05990022,6,06116,18,15,3,18,10,10,2
2024,05990022,6,06117,16,15,1,16,10,10,3
2024,05990022,6,06201,2,2,0,2,2,2,1
2024,05990022,6,06202,2,1,1,2,2,2,1
2024,05990022,6,06203,1,1,0,1,1,1,1
2024,05990022,6,06204,10,10,0,10,9,9,2
2024,05990022,6,06205,2,1,1,2,2,2,2
2024,05990022,6,06206,1,0,1,1,1,1,1
2024,05990022,6,06301,48,35,13,48,29,29,6
2024,05990022,6,06303,26,18,8,26,17,17,5
2024,05990022,6,06304,6,5,1,6,5,5,2
2024,05990022,6,06305,10,9,1,10,9,9,3
2024,05990022,6,06306,2,2,0,2,2,2,2
2024,05990022,6,06307,2,2,0,2,2,2,1
2024,05990022,6,06310,19,14,5,19,11,11,3
2024,05990022,7,07101,177,120,57,177,74,74,11
2024,05990022,7,07102,28,22,6,28,19,19,5
2024,05990022,7,07103,1,1,0,1,1,1,1
2024,05990022,7,07105,47,37,10,47,25,25,5
2024,05990022,7,07106,12,7,5,12,5,5,1
2024,05990022,7,07107,2,2,0,2,2,2,1
2024,05990022,7,07108,9,4,5,9,5,5,1
2024,05990022,7,07109,13,11,2,13,4,4,2
2024,05990022,7,07110,8,5,3,8,3,3,1
2024,05990022,7,07201,7,6,1,7,5,5,2
2024,05990022,7,07202,2,0,2,2,2,2,1
2024,05990022,7,07203,3,2,1,3,3,3,1
2024,05990022,7,07301,123,90,33,123,59,59,9
2024,05990022,7,07302,1,1,0,1,1,1,1
2024,05990022,7,07303,3,2,1,3,3,3,3
2024,05990022,7,07304,24,17,7,24,16,16,3
2024,05990022,7,07306,2,1,1,2,2,2,1
2024,05990022,7,07307,1,1,0,1,1,1,1
2024,05990022,7,07308,11,9,2,11,9,9,3
2024,05990022,7,07401,45,34,11,45,26,26,6
2024,05990022,7,07402,20,15,5,20,12,12,2
2024,05990022,7,07403,3,3,0,3,3,3,2
2024,05990022,7,07404,23,17,6,23,15,15,3
2024,05990022,7,07406,14,11,3,14,10,10,3
2024,05990022,7,07407,3,2,1,3,3,3,1
2024,05990022,7,07408,1,0,1,1,1,1,1
2024,05990022,8,08101,231,162,69,231,86,86,11
2024,05990022,8,08102,118,80,38,118,47,47,7
2024,05990022,8,08103,55,43,12,55,25,25,3
2024,05990022,8,08104,9,6,3,9,6,6,5
2024,05990022,8,08105,14,10,4,14,7,7,2
2024,05990022,8,08106,59,45,14,59,24,24,3
2024,05990022,8,08107,152,112,40,152,39,39,6
2024,05990022,8,08108,89,59,30,89,40,40,6
2024,05990022,8,08109,14,11,3,14,12,12,5
2024,05990022,8,08110,223,144,79,223,73,73,11
2024,05990022,8,08111,93,61,32,93,37,37,7
2024,05990022,8,08112,167,109,58,167,56,56,9
2024,05990022,8,08201,45,33,12,45,20,20,4
2024,05990022,8,08202,56,34,22,56,19,19,4
2024,05990022,8,08203,109,68,41,109,22,22,4
2024,05990022,8,08204,2,1,1,2,2,2,1
2024,05990022,8,08205,28,23,5,28,13,13,2
2024,05990022,8,08206,27,23,4,27,18,18,5
2024,05990022,8,08207,13,9,4,13,10,10,4
2024,05990022,8,08301,120,83,37,120,65,65,18
2024,05990022,8,08302,5,5,0,5,4,4,2
2024,05990022,8,08303,7,5,2,7,5,5,2
2024,05990022,8,08304,15,11,4,15,9,9,4
2024,05990022,8,08305,7,5,2,7,6,6,5
2024,05990022,8,08306,20,11,9,20,14,14,3
2024,05990022,8,08307,8,5,3,8,7,7,3
2024,05990022,8,08309,5,3,2,5,4,4,2
2024,05990022,8,08310,3,1,2,3,3,3,2
2024,05990022,8,08311,1,0,1,1,1,1,1
2024,05990022,8,08312,7,5,2,7,6,6,1
2024,05990022,8,08313,8,4,4,8,8,8,4
2024,05990022,8,08314,27,22,5,27,11,11,5
2024,05990022,9,09101,273,171,102,273,82,82,12
2024,05990022,9,09102,5,4,1,5,4,4,2
2024,05990022,9,09103,14,9,5,14,9,9,2
2024,05990022,9,09105,6,4,2,6,4,4,2
2024,05990022,9,09106,3,1,2,3,3,3,3
2024,05990022,9,09107,5,3,2,5,3,3,2
2024,05990022,9,09108,44,31,13,44,10,10,1
2024,05990022,9,09109,11,9,2,11,10,10,3
2024,05990022,9,09110,3,3,0,3,3,3,1
2024,05990022,9,09111,60,48,12,60,22,22,3
2024,05990022,9,09112,63,39,24,63,25,25,8
2024,05990022,9,09113,1,1,0,1,1,1,1
2024,05990022,9,09114,22,13,9,22,13,13,3
2024,05990022,9,09115,4,2,2,4,4,4,1
2024,05990022,9,09116,7,5,2,7,5,5,3
2024,05990022,9,09117,3,3,0,3,2,2,2
2024,05990022,9,09118,10,4,6,10,5,5,1
2024,05990022,9,09119,7,6,1,7,7,7,2
2024,05990022,9,09120,30,25,5,30,22,22,6
2024,05990022,9,09121,1,1,0,1,1,1,1
2024,05990022,9,09201,110,72,38,110,26,26,4
2024,05990022,9,09202,27,18,9,27,12,12,3
2024,05990022,9,09203,30,21,9,30,10,10,1
2024,05990022,9,09204,4,4,0,4,3,3,1
2024,05990022,9,09205,2,1,1,2,2,2,1
2024,05990022,9,09206,3,3,0,3,2,2,1
2024,05990022,9,09207,3,1,2,3,3,3,1
2024,05990022,9,09208,9,4,5,9,6,6,2
2024,05990022,9,09210,14,8,6,14,8,8,2
2024,05990022,9,09211,37,26,11,37,17,17,3
2024,05990023,1,01101,20,13,7,20,16,16,5
2024,05990023,1,01107,11,5,6,11,8,8,3
2024,05990023,1,01401,1,0,1,1,1,1,1
2024,05990023,10,10101,18,9,9,18,15,15,7
2024,05990023,10,10102,1,1,0,1,1,1,1
2024,05990023,10,10105,1,0,1,1,1,1,1
2024,05990023,10,10109,1,0,1,1,1,1,1
2024,05990023,10,10201,3,3,0,3,3,3,2
2024,05990023,10,10202,3,1,2,3,3,3,2
2024,05990023,10,10208,2,1,1,2,1,1,1
2024,05990023,10,10301,14,8,6,14,12,12,6
2024,05990023,10,10402,1,0,1,1,1,1,1
2024,05990023,10,10404,1,1,0,1,1,1,1
2024,05990023,11,11101,2,1,1,2,2,2,1
2024,05990023,11,11401,1,1,0,1,1,1,1
2024,05990023,12,12101,10,9,1,10,9,9,4
2024,05990023,13,13101,5,4,1,5,4,4,3
2024,05990023,13,13102,1,0,1,1,1,1,1
2024,05990023,13,13103,6,3,3,6,3,3,2
2024,05990023,13,13104,3,1,2,3,3,3,2
2024,05990023,13,13105,10,5,5,10,7,7,3
2024,05990023,13,13107,15,12,3,15,9,9,2
2024,05990023,13,13108,6,5,1,6,5,5,2
2024,05990023,13,13110,32,19,13,32,24,24,9
2024,05990023,13,13111,2,1,1,2,2,2,1
2024,05990023,13,13112,4,1,3,4,3,3,2
2024,05990023,13,13114,7,1,6,7,5,5,2
2024,05990023,13,13116,1,0,1,1,1,1,1
2024,05990023,13,13117,12,7,5,12,8,8,2
2024,05990023,13,13118,3,2,1,3,3,3,1
2024,05990023,13,13119,8,7,1,8,6,6,6
2024,05990023,13,13120,2,2,0,2,2,2,2
2024,05990023,13,13121,6,4,2,6,6,6,3
2024,05990023,13,13122,6,4,2,6,6,6,4
2024,05990023,13,13123,56,35,21,56,12,12,2
2024,05990023,13,13124,10,7,3,10,8,8,3
2024,05990023,13,13125,33,26,7,33,16,16,2
2024,05990023,13,13126,3,1,2,3,3,3,3
2024,05990023,13,13127,2,2,0,2,2,2,2
2024,05990023,13,13128,2,2,0,2,2,2,2
2024,05990023,13,13129,2,0,2,2,2,2,2
2024,05990023,13,13130,1,1,0,1,1,1,1
2024,05990023,13,13131,5,2,3,5,1,1,1
2024,05990023,13,13132,1,1,0,1,1,1,1
2024,05990023,13,13201,72,40,32,72,19,19,3
2024,05990023,13,13301,3,3,0,3,3,3,3
2024,05990023,13,13302,33,28,5,33,15,15,4
2024,05990023,13,13303,2,2,0,2,2,2,2
2024,05990023,13,13401,3,3,0,3,3,3,3
2024,05990023,13,13402,3,2,1,3,3,3,1
2024,05990023,13,13501,3,1,2,3,3,3,2
2024,05990023,13,13503,2,2,0,2,2,2,1
2024,05990023,13,13505,3,3,0,3,3,3,2
2024,05990023,13,13602,4,3,1,4,4,4,2
2024,05990023,13,13604,2,1,1,2,2,2,1
2024,05990023,14,14101,21,13,8,21,13,13,3
2024,05990023,14,14106,2,1,1,2,2,2,2
2024,05990023,14,14204,1,1,0,1,1,1,1
2024,05990023,15,15101,13,8,5,13,9,9,5
2024,05990023,16,16101,9,5,4,9,6,6,3
2024,05990023,16,16103,2,2,0,2,2,2,1
2024,05990023,16,16201,1,0,1,1,1,1,1
2024,05990023,16,16301,2,1,1,2,2,2,1
2024,05990023,16,16303,2,2,0,2,2,2,1
2024,05990023,2,02101,13,8,5,13,9,9,4
2024,05990023,2,02102,1,1,0,1,1,1,1
2024,05990023,2,02104,15,12,3,15,8,8,1
2024,05990023,2,02201,3,2,1,3,3,3,2
2024,05990023,3,03101,1,1,0,1,1,1,1
2024,05990023,3,03102,1,1,0,1,1,1,1
2024,05990023,3,03103,1,0,1,1,1,1,1
2024,05990023,3,03303,5,5,0,5,5,5,1
2024,05990023,4,04101,4,4,0,4,4,4,3
2024,05990023,4,04102,5,3,2,5,5,5,5
2024,05990023,4,04105,1,0,1,1,1,1,1
2024,05990023,4,04201,1,1,0,1,1,1,1
2024,05990023,4,04203,1,1,0,1,1,1,1
2024,05990023,4,04301,9,4,5,9,3,3,3
2024,05990023,5,05101,15,10,5,15,5,5,2
2024,05990023,5,05102,6,2,4,6,2,2,1
2024,05990023,5,05103,1,1,0,1,1,1,1
2024,05990023,5,05105,1,1,0,1,1,1,1
2024,05990023,5,05107,4,2,2,4,3,3,1
2024,05990023,5,05109,7,5,2,7,6,6,2
2024,05990023,5,05301,5,2,3,5,4,4,3
2024,05990023,5,05402,3,2,1,3,2,2,1
2024,05990023,5,05403,2,0,2,2,2,2,2
2024,05990023,5,05501,2,1,1,2,1,1,1
2024,05990023,5,05504,1,0,1,1,1,1,1
2024,05990023,5,05506,1,1,0,1,1,1,1
2024,05990023,5,05601,3,3,0,3,3,3,3
2024,05990023,5,05605,4,3,1,4,4,4,1
2024,05990023,5,05701,3,2,1,3,3,3,2
2024,05990023,5,05801,6,3,3,6,2,2,1
2024,05990023,5,05802,1,1,0,1,1,1,1
2024,05990023,5,05804,2,2,0,2,2,2,2
2024,05990023,6,06101,10,5,5,10,9,9,5
2024,05990023,6,06107,1,1,0,1,1,1,1
2024,05990023,6,06116,4,3,1,4,4,4,2
2024,05990023,6,06117,5,3,2,5,3,3,2
2024,05990023,6,06201,1,1,0,1,1,1,1
2024,05990023,6,06301,4,4,0,4,4,4,2
2024,05990023,6,06302,3,3,0,3,2,2,1
2024,05990023,6,06303,1,1,0,1,1,1,1
2024,05990023,6,06305,1,1,0,1,1,1,1
2024,05990023,6,06308,1,0,1,1,1,1,1
2024,05990023,6,06310,1,0,1,1,1,1,1
2024,05990023,7,07101,7,3,4,7,5,5,4
2024,05990023,7,07102,7,4,3,7,5,5,1
2024,05990023,7,07105,3,2,1,3,3,3,1
2024,05990023,7,07108,1,0,1,1,1,1,1
2024,05990023,7,07109,1,1,0,1,1,1,1
2024,05990023,7,07301,7,4,3,7,6,6,2
2024,05990023,7,07304,2,2,0,2,2,2,1
2024,05990023,7,07306,2,0,2,2,2,2,1
2024,05990023,7,07308,1,1,0,1,1,1,1
2024,05990023,7,07401,9,8,1,9,6,6,4
2024,05990023,7,07406,1,1,0,1,1,1,1
2024,05990023,8,08101,21,10,11,21,13,13,6
2024,05990023,8,08102,5,3,2,5,3,3,3
2024,05990023,8,08105,2,1,1,2,2,2,2
2024,05990023,8,08106,5,3,2,5,5,5,3
2024,05990023,8,08107,6,4,2,6,4,4,3
2024,05990023,8,08108,6,4,2,6,6,6,3
2024,05990023,8,08110,26,17,9,26,17,17,5
2024,05990023,8,08111,3,3,0,3,3,3,2
2024,05990023,8,08112,33,28,5,33,14,14,5
2024,05990023,8,08201,7,4,3,7,7,7,2
2024,05990023,8,08202,11,5,6,11,6,6,2
2024,05990023,8,08205,1,0,1,1,1,1,1
2024,05990023,8,08206,5,3,2,5,5,5,4
2024,05990023,8,08301,25,17,8,25,19,19,8
2024,05990023,8,08303,1,1,0,1,1,1,1
2024,05990023,8,08304,1,1,0,1,1,1,1
2024,05990023,8,08305,2,2,0,2,2,2,1
2024,05990023,8,08306,3,3,0,3,3,3,1
2024,05990023,8,08313,1,1,0,1,1,1,1
2024,05990023,9,09101,16,11,5,16,16,16,7
2024,05990023,9,09103,3,2,1,3,2,2,1
2024,05990023,9,09105,1,1,0,1,1,1,1
2024,05990023,9,09107,1,0,1,1,1,1,1
2024,05990023,9,09108,3,2,1,3,2,2,1
2024,05990023,9,09111,5,5,0,5,5,5,2
2024,05990023,9,09112,3,1,2,3,2,2,2
2024,05990023,9,09118,1,0,1,1,1,1,1
2024,05990023,9,09119,2,0,2,2,2,2,1
2024,05990023,9,09120,2,1,1,2,2,2,2
2024,05990023,9,09206,1,0,1,1,1,1,1
2024,05990023,9,09210,1,0,1,1,1,1,1
2024,05990023,9,09211,1,1,0,1,1,1,1
2024,05990024,1,01101,1,1,0,1,1,1,1
2024,05990024,13,13110,1,0,1,1,1,1,1
2024,05990024,13,13124,2,0,2,2,1,1,1
2024,05990024,14,14104,1,1,0,1,1,1,1
2024,05990024,2,02101,1,0,1,1,1,1,1
2024,05990024,4,04101,1,1,0,1,1,1,1
2024,05990024,5,05704,1,0,1,1,1,1,1
2024,05990024,6,06301,1,1,0,1,1,1,1
2024,05990024,8,08110,1,0,1,1,1,1,1
2024,05990024,8,08301,1,0,1,1,1,1,1
2024,05990024,9,09101,2,0,2,2,2,2,2
2024,05990024,9,09120,2,0,2,2,1,1,1
2024,05990025,13,13101,6,6,0,6,1,1,1
2024,05990025,13,13104,4,4,0,4,1,1,1
2024,05990025,13,13107,1,1,0,1,1,1,1
2024,05990025,13,13108,3,1,2,3,3,3,1
2024,05990025,13,13109,1,0,1,1,1,1,1
2024,05990025,13,13110,1,1,0,1,1,1,1
2024,05990025,13,13111,2,1,1,2,2,2,1
2024,05990025,13,13115,1,0,1,1,1,1,1
2024,05990025,13,13124,3,0,3,3,2,2,1
2024,05990025,13,13125,2,2,0,2,1,1,1
2024,05990025,2,02101,1,1,0,1,1,1,1
2024,05990025,2,02102,1,1,0,1,1,1,1
2024,05990025,4,04101,1,1,0,1,1,1,1
2024,05990025,5,05101,1,1,0,1,1,1,1
2024,05990025,5,05503,1,0,1,1,1,1,1
2024,05990025,5,05801,1,1,0,1,1,1,1
2024,05990025,6,06101,1,0,1,1,1,1,1
2024,05990025,6,06111,1,0,1,1,1,1,1
2024,05990025,7,07301,1,1,0,1,1,1,1
2024,05990025,8,08110,1,0,1,1,1,1,1
2024,05990025,8,08301,1,0,1,1,1,1,1
2024,05990025,9,09101,6,3,3,6,4,4,2
2024,05990025,9,09107,1,0,1,1,1,1,1
2024,05990025,9,09116,1,0,1,1,1,1,1
2024,05990025,9,09120,2,0,2,2,1,1,1
2024,05990025,9,09201,2,2,0,2,2,2,1
2024,05990026,1,01101,4,4,0,4,4,4,2
2024,05990026,1,01107,11,9,2,11,9,9,2
2024,05990026,1,01401,2,1,1,2,2,2,2
2024,05990026,1,01403,1,1,0,1,1,1,1
2024,05990026,10,10101,71,46,25,71,39,39,9
2024,05990026,10,10104,2,2,0,2,2,2,2
2024,05990026,10,10109,8,5,3,8,7,7,1
2024,05990026,10,10205,1,1,0,1,1,1,1
2024,05990026,10,10208,3,0,3,3,1,1,1
2024,05990026,10,10210,1,0,1,1,1,1,1
2024,05990026,10,10301,26,15,11,26,17,17,6
2024,05990026,10,10302,1,0,1,1,1,1,1
2024,05990026,10,10305,1,1,0,1,1,1,1
2024,05990026,10,10307,1,1,0,1,1,1,1
2024,05990026,11,11101,17,9,8,17,13,13,3
2024,05990026,11,11201,3,3,0,3,3,3,3
2024,05990026,11,11202,3,1,2,3,2,2,2
2024,05990026,11,11401,2,0,2,2,2,2,2
2024,05990026,12,12101,39,24,15,39,17,17,5
2024,05990026,12,12401,2,2,0,2,2,2,1
2024,05990026,13,13101,27,18,9,27,15,15,6
2024,05990026,13,13102,13,5,8,13,9,9,2
2024,05990026,13,13103,27,22,5,27,17,17,5
2024,05990026,13,13104,6,4,2,6,2,2,2
2024,05990026,13,13105,24,15,9,24,20,20,6
2024,05990026,13,13106,3,1,2,3,3,3,2
2024,05990026,13,13107,8,6,2,8,7,7,4
2024,05990026,13,13108,51,37,14,51,18,18,2
2024,05990026,13,13109,4,4,0,4,3,3,2
2024,05990026,13,13110,97,65,32,97,41,41,10
2024,05990026,13,13111,31,26,5,31,16,16,5
2024,05990026,13,13112,35,22,13,35,15,15,5
2024,05990026,13,13113,3,2,1,3,3,3,2
2024,05990026,13,13114,13,6,7,13,9,9,3
2024,05990026,13,13115,57,47,10,57,12,12,2
2024,05990026,13,13116,2,2,0,2,2,2,2
2024,05990026,13,13117,33,30,3,33,16,16,4
2024,05990026,13,13118,72,55,17,72,29,29,4
2024,05990026,13,13119,32,15,17,32,20,20,9
2024,05990026,13,13120,14,8,6,14,5,5,2
2024,05990026,13,13121,20,9,11,20,14,14,5
2024,05990026,13,13122,31,24,7,31,20,20,8
2024,05990026,13,13123,98,68,30,98,18,18,4
2024,05990026,13,13124,30,15,15,30,19,19,4
2024,05990026,13,13125,7,3,4,7,5,5,3
2024,05990026,13,13126,17,13,4,17,9,9,4
2024,05990026,13,13127,6,5,1,6,5,5,2
2024,05990026,13,13128,12,9,3,12,7,7,4
2024,05990026,13,13129,23,15,8,23,19,19,7
2024,05990026,13,13131,25,18,7,25,14,14,4
2024,05990026,13,13132,8,5,3,8,6,6,1
2024,05990026,13,13201,153,89,64,153,48,48,11
2024,05990026,13,13301,23,15,8,23,14,14,5
2024,05990026,13,13302,2,2,0,2,2,2,2
2024,05990026,13,13401,47,26,21,47,16,16,5
2024,05990026,13,13402,27,16,11,27,16,16,4
2024,05990026,13,13403,1,1,0,1,1,1,1
2024,05990026,13,13404,4,2,2,4,3,3,2
2024,05990026,13,13501,23,13,10,23,18,18,6
2024,05990026,13,13502,1,1,0,1,1,1,1
2024,05990026,13,13503,6,4,2,6,4,4,1
2024,05990026,13,13504,2,2,0,2,2,2,2
2024,05990026,13,13505,1,1,0,1,1,1,1
2024,05990026,13,13602,7,6,1,7,3,3,1
2024,05990026,13,13603,3,3,0,3,2,2,1
2024,05990026,13,13604,9,6,3,9,6,6,1
2024,05990026,13,13605,33,23,10,33,13,13,2
2024,05990026,14,14101,12,4,8,12,11,11,8
2024,05990026,14,14107,4,2,2,4,3,3,3
2024,05990026,14,14204,3,3,0,3,2,2,1
2024,05990026,15,15101,45,32,13,45,30,30,10
2024,05990026,16,16101,32,20,12,32,20,20,7
2024,05990026,16,16103,1,0,1,1,1,1,1
2024,05990026,16,16106,1,1,0,1,1,1,1
2024,05990026,16,16109,4,3,1,4,3,3,1
2024,05990026,16,16203,1,1,0,1,1,1,1
2024,05990026,16,16205,1,0,1,1,1,1,1
2024,05990026,16,16301,1,0,1,1,1,1,1
2024,05990026,16,16302,1,1,0,1,1,1,1
2024,05990026,16,16303,1,1,0,1,1,1,1
2024,05990026,16,16305,1,1,0,1,1,1,1
2024,05990026,2,02101,11,6,5,11,9,9,5
2024,05990026,2,02201,10,5,5,10,6,6,3
2024,05990026,3,03101,10,7,3,10,7,7,2
2024,05990026,3,03202,1,0,1,1,1,1,1
2024,05990026,3,03301,13,0,13,13,1,1,1
2024,05990026,4,04101,18,16,2,18,14,14,6
2024,05990026,4,04102,13,9,4,13,10,10,6
2024,05990026,4,04105,1,1,0,1,1,1,1
2024,05990026,4,04201,6,4,2,6,3,3,1
2024,05990026,4,04203,1,1,0,1,1,1,1
2024,05990026,4,04204,1,1,0,1,1,1,1
2024,05990026,4,04301,6,3,3,6,6,6,5
2024,05990026,5,05101,28,20,8,28,23,23,9
2024,05990026,5,05102,1,0,1,1,1,1,1
2024,05990026,5,05103,3,2,1,3,3,3,1
2024,05990026,5,05105,1,1,0,1,1,1,1
2024,05990026,5,05107,2,1,1,2,2,2,1
2024,05990026,5,05109,7,5,2,7,6,6,4
2024,05990026,5,05301,1,0,1,1,1,1,1
2024,05990026,5,05304,1,1,0,1,1,1,1
2024,05990026,5,05401,1,1,0,1,1,1,1
2024,05990026,5,05403,4,3,1,4,3,3,1
2024,05990026,5,05501,7,4,3,7,6,6,3
2024,05990026,5,05504,14,9,5,14,4,4,1
2024,05990026,5,05601,10,3,7,10,7,7,5
2024,05990026,5,05605,4,2,2,4,4,4,2
2024,05990026,5,05606,2,1,1,2,2,2,2
2024,05990026,5,05701,11,9,2,11,7,7,2
2024,05990026,5,05703,2,0,2,2,2,2,1
2024,05990026,5,05801,5,3,2,5,4,4,3
2024,05990026,5,05802,2,1,1,2,2,2,2
2024,05990026,5,05804,9,6,3,9,6,6,3
2024,05990026,6,06101,30,17,13,30,24,24,10
2024,05990026,6,06106,3,3,0,3,1,1,1
2024,05990026,6,06107,1,1,0,1,1,1,1
2024,05990026,6,06110,1,1,0,1,1,1,1
2024,05990026,6,06117,1,1,0,1,1,1,1
2024,05990026,6,06204,2,2,0,2,1,1,1
2024,05990026,6,06301,3,2,1,3,3,3,2
2024,05990026,6,06303,1,1,0,1,1,1,1
2024,05990026,6,06305,1,0,1,1,1,1,1
2024,05990026,7,07101,62,51,11,62,23,23,7
2024,05990026,7,07102,3,3,0,3,3,3,2
2024,05990026,7,07105,3,0,3,3,3,3,2
2024,05990026,7,07110,7,4,3,7,1,1,1
2024,05990026,7,07201,2,0,2,2,2,2,1
2024,05990026,7,07203,4,0,4,4,4,4,3
2024,05990026,7,07301,17,15,2,17,11,11,3
2024,05990026,7,07304,1,1,0,1,1,1,1
2024,05990026,7,07308,1,1,0,1,1,1,1
2024,05990026,7,07401,6,6,0,6,5,5,4
2024,05990026,7,07402,1,1,0,1,1,1,1
2024,05990026,7,07403,1,1,0,1,1,1,1
2024,05990026,8,08101,15,7,8,15,14,14,9
2024,05990026,8,08102,4,1,3,4,4,4,4
2024,05990026,8,08103,7,6,1,7,6,6,2
2024,05990026,8,08104,1,1,0,1,1,1,1
2024,05990026,8,08106,4,3,1,4,2,2,1
2024,05990026,8,08107,3,1,2,3,2,2,2
2024,05990026,8,08108,7,5,2,7,5,5,3
2024,05990026,8,08109,1,0,1,1,1,1,1
2024,05990026,8,08110,85,57,28,85,31,31,7
2024,05990026,8,08111,1,1,0,1,1,1,1
2024,05990026,8,08112,1,0,1,1,1,1,1
2024,05990026,8,08201,4,3,1,4,2,2,1
2024,05990026,8,08203,3,1,2,3,3,3,2
2024,05990026,8,08205,8,6,2,8,3,3,2
2024,05990026,8,08206,1,0,1,1,1,1,1
2024,05990026,8,08207,1,1,0,1,1,1,1
2024,05990026,8,08301,17,12,5,17,15,15,8
2024,05990026,8,08308,1,0,1,1,1,1,1
2024,05990026,8,08310,1,0,1,1,1,1,1
2024,05990026,8,08313,2,1,1,2,2,2,2
2024,05990026,9,09101,12,7,5,12,10,10,4
2024,05990026,9,09106,1,0,1,1,1,1,1
2024,05990026,9,09111,2,2,0,2,2,2,2
2024,05990026,9,09112,1,1,0,1,1,1,1
2024,05990026,9,09114,7,3,4,7,5,5,2
2024,05990026,9,09119,2,1,1,2,2,2,2
2024,05990026,9,09120,5,3,2,5,5,5,2
2024,05990026,9,09201,13,6,7,13,11,11,4
2024,05990026,9,09202,6,4,2,6,2,2,1
2024,05990026,9,09203,1,1,0,1,1,1,1
2024,05990026,9,09207,1,1,0,1,1,1,1
2024,05990026,9,09208,3,3,0,3,2,2,1
2024,05990026,9,09210,2,1,1,2,1,1,1
2024,05990026,9,09211,4,4,0,4,4,4,3
2024,05990027,1,01101,19,14,5,19,11,11,4
2024,05990027,1,01107,7,7,0,7,12,12,5
2024,05990027,1,01401,3,3,0,3,2,2,1
2024,05990027,10,10101,52,36,16,52,34,34,14
2024,05990027,10,10102,1,1,0,1,1,1,1
2024,05990027,10,10106,1,1,0,1,1,1,1
2024,05990027,10,10109,10,7,3,10,8,8,1
2024,05990027,10,10201,13,8,5,13,6,6,2
2024,05990027,10,10202,5,3,2,5,5,5,3
2024,05990027,10,10208,6,4,2,6,7,7,3
2024,05990027,10,10210,1,0,1,1,1,1,1
2024,05990027,10,10301,4,2,2,4,14,14,6
2024,05990027,10,10304,6,4,2,6,2,2,2
2024,05990027,10,10307,4,2,2,4,2,2,1
2024,05990027,10,10401,1,0,1,1,1,1,1
2024,05990027,10,10403,3,3,0,3,2,2,1
2024,05990027,11,11101,45,35,10,45,16,16,2
2024,05990027,11,11102,1,0,1,1,1,1,1
2024,05990027,11,11201,1,1,0,1,1,1,1
2024,05990027,11,11202,1,1,0,1,1,1,1
2024,05990027,11,11301,0,0,0,0,2,2,1
2024,05990027,12,12101,11,8,3,11,11,11,4
2024,05990027,12,12303,2,2,0,2,2,2,1
2024,05990027,12,12401,5,5,0,5,5,5,2
2024,05990027,13,13101,8,6,2,8,11,11,5
2024,05990027,13,13102,3,1,2,3,6,6,3
2024,05990027,13,13103,46,40,6,46,15,15,3
2024,05990027,13,13104,15,13,2,15,8,8,3
2024,05990027,13,13105,26,15,11,26,18,18,6
2024,05990027,13,13106,10,8,2,10,8,8,3
2024,05990027,13,13107,4,3,1,4,9,9,5
2024,05990027,13,13108,0,0,0,0,5,5,2
2024,05990027,13,13109,8,6,2,8,3,3,1
2024,05990027,13,13110,624,457,167,624,36,36,9
2024,05990027,13,13111,6,2,4,6,11,11,4
2024,05990027,13,13112,22,13,9,22,14,14,6
2024,05990027,13,13114,4,3,1,4,3,3,2
2024,05990027,13,13115,7,5,2,7,3,3,1
2024,05990027,13,13116,18,12,6,18,12,12,4
2024,05990027,13,13117,7,4,3,7,8,8,3
2024,05990027,13,13118,5,1,4,5,3,3,2
2024,05990027,13,13119,32,21,11,32,9,9,4
2024,05990027,13,13120,2,1,1,2,3,3,3
2024,05990027,13,13121,10,8,2,10,13,13,4
2024,05990027,13,13122,7,4,3,7,6,6,3
2024,05990027,13,13123,6,6,0,6,6,6,3
2024,05990027,13,13124,9,6,3,9,13,13,5
2024,05990027,13,13125,3,2,1,3,26,26,5
2024,05990027,13,13126,32,23,9,32,13,13,3
2024,05990027,13,13127,16,13,3,16,13,13,4
2024,05990027,13,13128,17,14,3,17,11,11,4
2024,05990027,13,13129,18,12,6,18,15,15,5
2024,05990027,13,13130,34,24,10,34,22,22,4
2024,05990027,13,13131,21,13,8,21,12,12,4
2024,05990027,13,13132,2,2,0,2,2,2,1
2024,05990027,13,13201,50,32,18,50,14,14,2
2024,05990027,13,13202,1,0,1,1,1,1,1
2024,05990027,13,13301,20,16,4,20,13,13,3
2024,05990027,13,13302,19,15,4,19,11,11,3
2024,05990027,13,13303,5,2,3,5,4,4,3
2024,05990027,13,13401,14,8,6,14,9,9,5
2024,05990027,13,13402,11,6,5,11,9,9,2
2024,05990027,13,13404,9,5,4,9,9,9,4
2024,05990027,13,13501,3,1,2,3,3,3,2
2024,05990027,13,13502,5,2,3,5,3,3,2
2024,05990027,13,13503,2,1,1,2,2,2,2
2024,05990027,13,13505,8,5,3,8,3,3,2
2024,05990027,13,13601,10,6,4,10,10,10,2
2024,05990027,13,13602,8,4,4,8,4,4,1
2024,05990027,13,13603,1,1,0,1,1,1,1
2024,05990027,13,13604,3,3,0,3,4,4,1
2024,05990027,13,13605,15,9,6,15,2,2,1
2024,05990027,14,14101,41,33,8,41,39,39,11
2024,05990027,14,14102,3,3,0,3,3,3,2
2024,05990027,14,14103,5,5,0,5,4,4,1
2024,05990027,14,14104,21,15,6,21,8,8,1
2024,05990027,14,14106,24,21,3,24,12,12,2
2024,05990027,14,14108,14,10,4,14,8,8,4
2024,05990027,14,14201,1,1,0,1,1,1,1
2024,05990027,14,14202,4,3,1,4,2,2,2
2024,05990027,14,14204,3,2,1,3,3,3,2
2024,05990027,15,15101,30,24,6,30,52,52,12
2024,05990027,15,15201,2,2,0,2,1,1,1
2024,05990027,16,16101,60,38,22,60,32,32,7
2024,05990027,16,16102,3,2,1,3,3,3,1
2024,05990027,16,16103,3,1,2,3,3,3,2
2024,05990027,16,16105,1,1,0,1,1,1,1
2024,05990027,16,16107,4,3,1,4,4,4,2
2024,05990027,16,16108,1,1,0,1,1,1,1
2024,05990027,16,16109,1,1,0,1,1,1,1
2024,05990027,16,16201,2,1,1,2,1,1,1
2024,05990027,16,16202,1,1,0,1,1,1,1
2024,05990027,16,16205,7,2,5,7,3,3,1
2024,05990027,16,16206,42,29,13,42,4,4,1
2024,05990027,16,16301,43,39,4,43,16,16,3
2024,05990027,16,16302,4,3,1,4,3,3,1
2024,05990027,16,16305,1,0,1,1,1,1,1
2024,05990027,2,02101,24,17,7,24,27,27,8
2024,05990027,2,02102,4,3,1,4,1,1,1
2024,05990027,2,02201,28,22,6,28,16,16,5
2024,05990027,2,02203,1,1,0,1,1,1,1
2024,05990027,2,02301,2,1,1,2,2,2,1
2024,05990027,3,03101,148,83,65,148,26,26,5
2024,05990027,3,03102,3,3,0,3,2,2,1
2024,05990027,3,03202,2,1,1,2,2,2,2
2024,05990027,3,03301,5,0,5,5,4,4,2
2024,05990027,4,04101,36,22,14,36,38,38,10
2024,05990027,4,04102,51,37,14,51,34,34,10
2024,05990027,4,04103,5,3,2,5,5,5,1
2024,05990027,4,04106,4,3,1,4,5,5,3
2024,05990027,4,04201,15,15,0,15,11,11,6
2024,05990027,4,04202,4,3,1,4,1,1,1
2024,05990027,4,04203,4,0,4,4,3,3,3
2024,05990027,4,04204,8,4,4,8,6,6,2
2024,05990027,4,04301,67,39,28,67,18,18,7
2024,05990027,4,04302,2,2,0,2,2,2,1
2024,05990027,4,04304,5,3,2,5,1,1,1
2024,05990027,4,04305,1,1,0,1,1,1,1
2024,05990027,5,05101,12,9,3,12,19,19,10
2024,05990027,5,05102,0,0,0,0,1,1,1
2024,05990027,5,05105,1,0,1,1,1,1,1
2024,05990027,5,05109,17,8,9,17,17,17,9
2024,05990027,5,05201,9,7,2,9,7,7,1
2024,05990027,5,05301,10,7,3,10,8,8,1
2024,05990027,5,05401,41,27,14,41,15,15,4
2024,05990027,5,05403,6,5,1,6,4,4,2
2024,05990027,5,05404,1,1,0,1,1,1,1
2024,05990027,5,05501,75,53,22,75,33,33,7
2024,05990027,5,05502,4,3,1,4,13,13,4
2024,05990027,5,05503,3,1,2,3,3,3,2
2024,05990027,5,05504,22,14,8,22,8,8,1
2024,05990027,5,05506,6,4,2,6,4,4,4
2024,05990027,5,05601,23,16,7,23,19,19,7
2024,05990027,5,05603,10,2,8,10,7,7,2
2024,05990027,5,05605,1,1,0,1,1,1,1
2024,05990027,5,05606,7,4,3,7,4,4,1
2024,05990027,5,05701,37,28,9,37,14,14,2
2024,05990027,5,05702,2,1,1,2,2,2,2
2024,05990027,5,05703,7,6,1,7,6,6,2
2024,05990027,5,05706,6,5,1,6,2,2,1
2024,05990027,5,05801,22,15,7,22,23,23,5
2024,05990027,5,05802,13,9,4,13,9,9,2
2024,05990027,5,05803,4,3,1,4,3,2,1
2024,05990027,5,05804,32,24,8,32,16,16,4
2024,05990027,6,06101,36,30,6,36,33,33,9
2024,05990027,6,06102,5,3,2,5,4,4,2
2024,05990027,6,06104,1,1,0,1,1,1,1
2024,05990027,6,06105,1,1,0,1,1,1,1
2024,05990027,6,06106,17,10,7,17,11,11,2
2024,05990027,6,06107,1,0,1,1,3,3,3
2024,05990027,6,06108,5,3,2,5,5,5,2
2024,05990027,6,06110,5,5,0,5,2,2,1
2024,05990027,6,06112,1,1,0,1,1,1,1
2024,05990027,6,06113,2,1,1,2,3,3,1
2024,05990027,6,06115,13,10,3,13,10,10,4
2024,05990027,6,06116,2,1,1,2,1,1,1
2024,05990027,6,06117,9,6,3,9,7,7,4
2024,05990027,6,06201,0,0,0,0,2,2,1
2024,05990027,6,06202,2,1,1,2,2,2,1
2024,05990027,6,06203,1,1,0,1,1,1,1
2024,05990027,6,06301,19,13,6,19,12,12,4
2024,05990027,6,06303,2,2,0,2,1,1,1
2024,05990027,6,06305,0,0,0,0,1,1,1
2024,05990027,6,06306,1,1,0,1,1,1,1
2024,05990027,6,06310,26,21,5,26,9,9,2
2024,05990027,7,07101,61,45,16,61,32,32,9
2024,05990027,7,07102,2,2,0,2,1,1,1
2024,05990027,7,07105,2,2,0,2,2,2,2
2024,05990027,7,07108,7,6,1,7,4,4,1
2024,05990027,7,07109,6,5,1,6,3,3,3
2024,05990027,7,07301,35,25,10,35,25,25,9
2024,05990027,7,07305,1,1,0,1,1,1,1
2024,05990027,7,07308,0,0,0,0,1,1,1
2024,05990027,7,07401,34,22,12,34,14,14,3
2024,05990027,7,07402,6,4,2,6,4,4,1
2024,05990027,7,07404,5,5,0,5,5,5,2
2024,05990027,7,07406,4,1,3,4,1,1,1
2024,05990027,8,08101,48,29,19,48,35,35,9
2024,05990027,8,08102,46,31,15,46,31,31,6
2024,05990027,8,08103,3,2,1,3,12,12,3
2024,05990027,8,08104,1,0,1,1,1,1,1
2024,05990027,8,08105,2,1,1,2,3,3,2
2024,05990027,8,08106,17,14,3,17,6,6,2
2024,05990027,8,08107,38,28,10,38,23,23,3
2024,05990027,8,08108,7,4,3,7,9,9,5
2024,05990027,8,08109,2,2,0,2,3,3,1
2024,05990027,8,08110,34,23,11,34,26,26,5
2024,05990027,8,08111,11,8,3,11,17,17,6
2024,05990027,8,08112,10,6,4,10,14,14,4
2024,05990027,8,08201,31,23,8,31,14,14,3
2024,05990027,8,08202,45,34,11,45,12,12,4
2024,05990027,8,08203,28,16,12,28,14,14,3
2024,05990027,8,08205,9,7,2,9,8,8,3
2024,05990027,8,08206,7,6,1,7,10,10,4
2024,05990027,8,08207,3,2,1,3,3,3,1
2024,05990027,8,08301,3,3,0,3,21,21,10
2024,05990027,8,08303,0,0,0,0,2,2,2
2024,05990027,8,08304,1,0,1,1,1,1,1
2024,05990027,8,08305,0,0,0,0,1,1,1
2024,05990027,8,08306,1,0,1,1,1,1,1
2024,05990027,8,08310,1,1,0,1,2,2,1
2024,05990027,8,08313,1,1,0,1,5,5,5
2024,05990027,9,09101,43,38,5,43,25,25,5
2024,05990027,9,09102,0,0,0,0,1,1,1
2024,05990027,9,09103,0,0,0,0,1,1,1
2024,05990027,9,09106,1,1,0,1,1,1,1
2024,05990027,9,09108,13,8,5,13,4,4,2
2024,05990027,9,09109,1,0,1,1,1,1,1
2024,05990027,9,09111,12,7,5,12,8,8,3
2024,05990027,9,09112,10,9,1,10,10,10,5
2024,05990027,9,09114,7,6,1,7,7,7,3
2024,05990027,9,09115,2,2,0,2,2,2,1
2024,05990027,9,09120,5,3,2,5,6,6,3
2024,05990027,9,09201,18,15,3,18,12,12,3
2024,05990027,9,09202,4,3,1,4,2,2,1
2024,05990027,9,09203,2,2,0,2,2,2,1
2024,05990027,9,09205,1,0,1,1,1,1,1
2024,05990027,9,09206,1,1,0,1,1,1,1
2024,05990027,9,09210,6,4,2,6,2,2,1
2024,05990027,9,09211,9,4,5,9,7,7,3
2024,05990028,1,01101,8,5,3,8,8,8,5
2024,05990028,1,01107,1,1,0,1,3,3,2
2024,05990028,10,10101,16,14,2,16,10,10,6
2024,05990028,10,10202,2,2,0,2,1,1,1
2024,05990028,10,10205,1,1,0,1,1,1,1
2024,05990028,10,10209,1,1,0,1,1,1,1
2024,05990028,10,10301,6,2,4,6,6,6,5
2024,05990028,10,10304,1,0,1,1,1,1,1
2024,05990028,11,11101,4,2,2,4,4,4,2
2024,05990028,12,12101,3,0,3,3,2,2,2
2024,05990028,12,12401,1,1,0,1,1,1,1
2024,05990028,13,13101,1,1,0,1,4,4,2
2024,05990028,13,13103,2,2,0,2,2,2,2
2024,05990028,13,13104,0,0,0,0,1,1,1
2024,05990028,13,13105,3,1,2,3,3,3,2
2024,05990028,13,13107,15,12,3,15,9,9,3
2024,05990028,13,13109,0,0,0,0,2,2,1
2024,05990028,13,13110,84,52,32,84,17,17,5
2024,05990028,13,13111,2,2,0,2,2,2,1
2024,05990028,13,13112,2,2,0,2,2,2,2
2024,05990028,13,13115,4,4,0,4,1,1,1
2024,05990028,13,13116,0,0,0,0,1,1,1
2024,05990028,13,13117,2,1,1,2,5,5,1
2024,05990028,13,13119,8,5,3,8,2,2,1
2024,05990028,13,13121,1,1,0,1,1,1,1
2024,05990028,13,13122,2,2,0,2,2,2,2
2024,05990028,13,13124,7,6,1,7,5,5,2
2024,05990028,13,13125,2,2,0,2,6,6,4
2024,05990028,13,13126,1,1,0,1,1,1,1
2024,05990028,13,13127,2,1,1,2,2,2,2
2024,05990028,13,13128,1,1,0,1,2,2,2
2024,05990028,13,13130,0,0,0,0,2,2,2
2024,05990028,13,13132,1,1,0,1,2,2,1
2024,05990028,13,13201,62,48,14,62,16,16,2
2024,05990028,13,13302,8,7,1,8,10,10,4
2024,05990028,13,13303,1,0,1,1,1,1,1
2024,05990028,13,13401,2,1,1,2,2,2,2
2024,05990028,13,13402,6,3,3,6,5,5,1
2024,05990028,13,13404,1,1,0,1,1,1,1
2024,05990028,13,13503,0,0,0,0,2,2,1
2024,05990028,13,13505,1,1,0,1,1,1,1
2024,05990028,13,13604,2,2,0,2,2,2,1
2024,05990028,14,14101,7,6,1,7,8,8,4
2024,05990028,14,14103,1,0,1,1,1,1,1
2024,05990028,15,15101,4,3,1,4,15,15,7
2024,05990028,16,16101,17,15,2,17,10,10,4
2024,05990028,16,16106,0,0,0,0,1,1,1
2024,05990028,16,16107,1,0,1,1,1,1,1
2024,05990028,16,16301,1,1,0,1,2,2,2
2024,05990028,2,02101,5,1,4,5,4,4,2
2024,05990028,2,02104,10,9,1,10,3,3,1
2024,05990028,3,03101,1,1,0,1,1,1,1
2024,05990028,3,03303,1,0,1,1,1,1,1
2024,05990028,4,04101,3,3,0,3,10,10,5
2024,05990028,4,04102,5,5,0,5,5,5,2
2024,05990028,4,04202,1,0,1,1,1,1,1
2024,05990028,5,05101,3,2,1,3,2,2,2
2024,05990028,5,05102,0,0,0,0,1,1,1
2024,05990028,5,05107,4,4,0,4,3,3,1
2024,05990028,5,05109,0,0,0,0,2,2,2
2024,05990028,5,05401,1,0,1,1,1,1,1
2024,05990028,5,05501,1,0,1,1,1,1,1
2024,05990028,5,05503,1,0,1,1,1,1,1
2024,05990028,5,05504,0,0,0,0,1,1,1
2024,05990028,5,05601,1,1,0,1,1,1,1
2024,05990028,5,05605,1,1,0,1,1,1,1
2024,05990028,5,05701,1,1,0,1,1,1,1
2024,05990028,5,05703,1,1,0,1,1,1,1
2024,05990028,5,05706,1,0,1,1,1,1,1
2024,05990028,5,05801,0,0,0,0,1,1,1
2024,05990028,5,05802,1,1,0,1,1,1,1
2024,05990028,5,05803,1,1,0,1,1,1,1
2024,05990028,5,05804,5,5,0,5,5,5,2
2024,05990028,6,06101,5,4,1,5,8,8,5
2024,05990028,6,06105,1,0,1,1,1,1,1
2024,05990028,6,06107,0,0,0,0,2,2,2
2024,05990028,6,06108,1,1,0,1,1,1,1
2024,05990028,6,06116,1,1,0,1,1,1,1
2024,05990028,6,06117,4,4,0,4,3,3,2
2024,05990028,6,06201,1,1,0,1,1,1,1
2024,05990028,6,06203,1,1,0,1,1,1,1
2024,05990028,6,06301,1,1,0,1,3,3,2
2024,05990028,6,06302,2,1,1,2,1,1,1
2024,05990028,6,06303,1,1,0,1,1,1,1
2024,05990028,6,06308,1,1,0,1,1,1,1
2024,05990028,6,06310,7,7,0,7,2,2,1
2024,05990028,7,07101,7,5,2,7,6,6,4
2024,05990028,7,07108,1,1,0,1,1,1,1
2024,05990028,7,07301,8,2,6,8,10,10,5
2024,05990028,7,07308,1,1,0,1,2,2,2
2024,05990028,7,07401,8,6,2,8,4,4,3
2024,05990028,7,07406,1,1,0,1,1,1,1
2024,05990028,8,08101,5,3,2,5,7,7,4
2024,05990028,8,08102,7,5,2,7,6,6,3
2024,05990028,8,08103,1,0,1,1,2,2,1
2024,05990028,8,08106,2,1,1,2,2,2,2
2024,05990028,8,08107,5,5,0,5,3,3,2
2024,05990028,8,08108,4,2,2,4,2,2,1
2024,05990028,8,08109,1,1,0,1,1,1,1
2024,05990028,8,08110,6,4,2,6,5,5,4
2024,05990028,8,08111,3,2,1,3,5,5,4
2024,05990028,8,08112,0,0,0,0,2,2,2
2024,05990028,8,08201,9,7,2,9,3,3,1
2024,05990028,8,08202,10,5,5,10,9,9,2
2024,05990028,8,08203,1,1,0,1,1,1,1
2024,05990028,8,08206,3,3,0,3,3,3,2
2024,05990028,8,08301,6,5,1,6,16,16,4
2024,05990028,8,08304,0,0,0,0,3,3,1
2024,05990028,8,08306,1,1,0,1,1,1,1
2024,05990028,9,09101,5,3,2,5,5,5,3
2024,05990028,9,09103,0,0,0,0,1,1,1
2024,05990028,9,09108,1,0,1,1,1,1,1
2024,05990028,9,09109,1,1,0,1,1,1,1
2024,05990028,9,09112,0,0,0,0,1,1,1
2024,05990028,9,09114,1,0,1,1,1,1,1
2024,05990028,9,09115,1,0,1,1,1,1,1
2024,05990028,9,09119,1,0,1,1,1,1,1
2024,05990028,9,09120,1,1,0,1,1,1,1
2024,05990028,9,09201,3,1,2,3,3,3,2
2024,05990028,9,09206,0,0,0,0,1,1,1
2024,05990029,13,13119,58,20,38,58,4,4,2
2024,05990029,13,13401,1,0,1,1,1,1,1
2024,05990029,14,14101,1,0,1,1,1,1,1
2024,05990029,5,05503,1,0,1,1,1,1,1
2024,05990029,7,07101,1,1,0,1,1,1,1
2024,05990029,7,07401,0,0,0,0,1,1,1
2024,05990029,8,08203,2,0,2,2,1,1,1
2024,05990029,8,08302,7,7,0,7,7,7,1
2024,05990030,10,10101,2,2,0,2,1,1,1
2024,05990030,11,11201,1,1,0,1,1,1,1
2024,05990030,13,13103,0,0,0,0,1,1,1
2024,05990030,13,13131,1,1,0,1,1,1,1
2024,05990030,13,13401,1,0,1,1,1,1,1
2024,05990030,5,05501,0,0,0,0,1,1,1
2024,05990030,6,06101,1,0,1,1,1,1,1
2024,05990030,7,07101,2,0,2,2,1,1,1
2024,05990031,1,01101,5,2,3,5,3,3,3
2024,05990031,10,10101,15,12,3,15,11,11,5
2024,05990031,10,10109,2,1,1,2,2,2,1
2024,05990031,10,10201,1,1,0,1,1,1,1
2024,05990031,10,10206,1,0,1,1,1,1,1
2024,05990031,10,10208,1,1,0,1,1,1,1
2024,05990031,10,10301,8,7,1,8,8,8,4
2024,05990031,10,10302,1,1,0,1,1,1,1
2024,05990031,11,11101,6,5,1,6,7,7,3
2024,05990031,12,12101,9,7,2,9,6,6,3
2024,05990031,12,12301,1,1,0,1,1,1,1
2024,05990031,13,13101,6,4,2,6,7,7,1
2024,05990031,13,13102,0,0,0,0,1,1,1
2024,05990031,13,13103,10,8,2,10,10,10,3
2024,05990031,13,13104,1,1,0,1,2,2,2
2024,05990031,13,13105,7,6,1,7,7,7,4
2024,05990031,13,13106,0,0,0,0,1,1,1
2024,05990031,13,13107,3,3,0,3,8,8,4
2024,05990031,13,13108,10,9,1,10,8,8,2
2024,05990031,13,13110,287,114,173,287,33,33,7
2024,05990031,13,13111,2,1,1,2,4,4,3
2024,05990031,13,13112,0,0,0,0,1,1,1
2024,05990031,13,13113,2,1,1,2,2,2,2
2024,05990031,13,13114,10,4,6,10,6,6,2
2024,05990031,13,13115,17,11,6,17,12,12,2
2024,05990031,13,13117,20,15,5,20,5,5,2
2024,05990031,13,13118,9,8,1,9,5,5,2
2024,05990031,13,13119,22,16,6,22,13,13,4
2024,05990031,13,13121,4,2,2,4,8,8,4
2024,05990031,13,13122,13,11,2,13,8,8,3
2024,05990031,13,13123,11,5,6,11,9,9,3
2024,05990031,13,13124,8,7,1,8,9,9,5
2024,05990031,13,13125,1,1,0,1,2,2,2
2024,05990031,13,13126,1,0,1,1,1,1,1
2024,05990031,13,13127,5,4,1,5,5,5,2
2024,05990031,13,13128,3,1,2,3,4,4,3
2024,05990031,13,13129,8,6,2,8,6,6,2
2024,05990031,13,13130,0,0,0,0,2,2,2
2024,05990031,13,13131,38,28,10,38,14,14,4
2024,05990031,13,13201,73,46,27,73,31,31,4
2024,05990031,13,13202,2,0,2,2,1,1,1
2024,05990031,13,13301,5,3,2,5,4,4,3
2024,05990031,13,13302,0,0,0,0,1,1,1
2024,05990031,13,13401,3,2,1,3,3,3,3
2024,05990031,13,13402,4,4,0,4,4,4,1
2024,05990031,13,13501,4,3,1,4,1,1,1
2024,05990031,13,13503,1,1,0,1,2,2,2
2024,05990031,13,13505,2,2,0,2,2,2,1
2024,05990031,13,13602,3,3,0,3,1,1,1
2024,05990031,13,13603,1,0,1,1,1,1,1
2024,05990031,13,13604,4,3,1,4,3,3,1
2024,05990031,13,13605,14,10,4,14,6,6,2
2024,05990031,14,14101,6,4,2,6,7,7,4
2024,05990031,14,14103,1,1,0,1,1,1,1
2024,05990031,14,14105,1,1,0,1,1,1,1
2024,05990031,14,14108,0,0,0,0,1,1,1
2024,05990031,14,14201,1,0,1,1,1,1,1
2024,05990031,14,14204,145,56,89,145,3,3,3
2024,05990031,15,15101,6,1,5,6,31,31,8
2024,05990031,16,16101,14,9,5,14,8,8,2
2024,05990031,16,16108,1,1,0,1,1,1,1
2024,05990031,16,16301,11,10,1,11,6,6,3
2024,05990031,16,16305,1,1,0,1,1,1,1
2024,05990031,2,02101,3,2,1,3,7,7,3
2024,05990031,2,02201,3,2,1,3,2,2,1
2024,05990031,2,02301,3,3,0,3,2,2,1
2024,05990031,3,03101,2,1,1,2,2,2,1
2024,05990031,3,03301,0,0,0,0,1,1,1
2024,05990031,4,04101,4,3,1,4,9,9,5
2024,05990031,4,04102,2,2,0,2,3,3,3
2024,05990031,4,04201,8,5,3,8,4,4,2
2024,05990031,4,04204,3,1,2,3,4,4,2
2024,05990031,4,04301,1,1,0,1,3,3,3
2024,05990031,5,05101,9,8,1,9,7,7,3
2024,05990031,5,05109,4,4,0,4,8,8,6
2024,05990031,5,05201,1,1,0,1,1,1,1
2024,05990031,5,05301,3,1,2,3,3,3,1
2024,05990031,5,05401,5,1,4,5,3,3,1
2024,05990031,5,05405,1,1,0,1,1,1,1
2024,05990031,5,05501,16,9,7,16,9,9,2
2024,05990031,5,05503,2,0,2,2,2,2,2
2024,05990031,5,05504,1,0,1,1,1,1,1
2024,05990031,5,05601,5,2,3,5,3,3,2
2024,05990031,5,05605,0,0,0,0,1,1,1
2024,05990031,5,05701,5,3,2,5,3,3,1
2024,05990031,5,05703,4,2,2,4,3,3,1
2024,05990031,5,05706,1,0,1,1,1,1,1
2024,05990031,5,05801,0,0,0,0,4,4,2
2024,05990031,5,05802,2,2,0,2,2,2,1
2024,05990031,5,05803,,,,,1,0,1
2024,05990031,5,05804,19,16,3,19,14,14,3
2024,05990031,6,06101,4,3,1,4,8,8,5
2024,05990031,6,06105,1,1,0,1,1,1,1
2024,05990031,6,06108,3,3,0,3,1,1,1
2024,05990031,6,06111,1,0,1,1,1,1,1
2024,05990031,6,06117,2,1,1,2,2,2,1
2024,05990031,6,06205,1,0,1,1,1,1,1
2024,05990031,6,06301,2,2,0,2,2,2,2
2024,05990031,6,06306,1,0,1,1,1,1,1
2024,05990031,6,06310,1,0,1,1,1,1,1
2024,05990031,7,07101,18,11,7,18,8,8,6
2024,05990031,7,07301,3,3,0,3,5,5,4
2024,05990031,7,07308,0,0,0,0,1,1,1
2024,05990031,7,07401,1,1,0,1,1,1,1
2024,05990031,8,08101,1,1,0,1,7,7,4
2024,05990031,8,08102,16,14,2,16,9,9,3
2024,05990031,8,08103,1,0,1,1,1,1,1
2024,05990031,8,08106,11,8,3,11,3,3,2
2024,05990031,8,08107,11,5,6,11,3,3,2
2024,05990031,8,08108,1,1,0,1,1,1,1
2024,05990031,8,08110,5,3,2,5,10,10,4
2024,05990031,8,08111,0,0,0,0,3,3,3
2024,05990031,8,08201,3,2,1,3,3,3,1
2024,05990031,8,08203,1,1,0,1,1,1,1
2024,05990031,8,08205,4,3,1,4,4,4,2
2024,05990031,8,08206,1,0,1,1,1,1,1
2024,05990031,8,08301,4,4,0,4,5,5,5
2024,05990031,8,08304,1,1,0,1,1,1,1
2024,05990031,8,08305,0,0,0,0,1,1,1
2024,05990031,8,08307,1,0,1,1,1,1,1
2024,05990031,8,08313,1,1,0,1,1,1,1
2024,05990031,9,09101,8,6,2,8,7,7,3
2024,05990031,9,09112,0,0,0,0,1,1,1
2024,05990031,9,09115,3,3,0,3,1,1,1
2024,05990031,9,09120,1,1,0,1,2,2,1
2024,05990031,9,09201,1,1,0,1,5,5,2
2024,05990031,9,09205,1,0,1,1,1,1,1
2024,05990031,9,09211,1,1,0,1,1,1,1
2024,09600212,1,01101,69,55,2,124,31,31,4
2024,09600212,1,01107,91,34,22,124,35,34,5
2024,09600212,1,01401,37,29,9,66,10,10,1
2024,09600212,10,10101,183,118,39,301,72,72,18
2024,09600212,10,10102,6,2,0,6,6,5,3
2024,09600212,10,10103,0,1,0,1,1,1,1
2024,09600212,10,10104,5,2,0,2,6,1,1
2024,09600212,10,10105,24,21,7,45,17,17,3
2024,09600212,10,10106,23,6,5,29,8,8,1
2024,09600212,10,10107,8,5,4,13,8,8,1
2024,09600212,10,10108,2,0,0,2,1,1,1
2024,09600212,10,10109,26,21,4,47,18,18,2
2024,09600212,10,10201,10,0,0,10,7,7,4
2024,09600212,10,10202,0,3,0,2,3,2,2
2024,09600212,10,10203,4,2,0,6,2,2,1
2024,09600212,10,10205,1,0,0,1,1,1,1
2024,09600212,10,10206,1,,0,,1,0,1
2024,09600212,10,10207,3,0,1,3,3,3,2
2024,09600212,10,10208,70,34,7,104,12,12,1
2024,09600212,10,10210,0,1,1,1,1,1,1
2024,09600212,10,10301,66,29,5,72,40,22,9
2024,09600212,10,10303,33,14,7,47,14,14,3
2024,09600212,10,10304,3,1,2,,4,0,2
2024,09600212,10,10306,3,1,0,3,3,2,1
2024,09600212,10,10307,5,1,4,4,4,2,2
2024,09600212,10,10401,2,2,1,4,4,4,3
2024,09600212,10,10402,4,2,1,6,4,4,1
2024,09600212,10,10403,3,3,3,6,4,4,1
2024,09600212,11,11101,41,28,1,61,19,14,3
2024,09600212,11,11201,1,1,0,,2,0,2
2024,09600212,11,11203,,1,1,,1,0,1
2024,09600212,12,12101,65,38,11,85,37,22,7
2024,09600212,12,12201,4,1,1,2,3,1,1
2024,09600212,12,12301,4,1,0,3,2,1,1
2024,09600212,12,12401,1,5,0,,4,0,1
2024,09600212,13,13101,163,105,6,237,50,29,6
2024,09600212,13,13102,26,11,0,35,14,12,2
2024,09600212,13,13103,29,6,1,25,21,12,5
2024,09600212,13,13104,109,111,1,203,37,27,5
2024,09600212,13,13105,69,49,2,118,42,42,6
2024,09600212,13,13106,108,95,9,198,20,15,4
2024,09600212,13,13107,7,0,0,2,6,2,3
2024,09600212,13,13108,16,6,0,22,12,12,3
2024,09600212,13,13109,12,10,0,13,10,5,3
2024,09600212,13,13110,208,108,7,306,80,75,10
2024,09600212,13,13111,37,27,0,53,28,19,5
2024,09600212,13,13112,238,131,29,363,59,53,6
2024,09600212,13,13113,13,13,0,26,14,14,2
2024,09600212,13,13114,9,2,0,4,5,1,1
2024,09600212,13,13115,5,4,0,9,8,8,2
2024,09600212,13,13116,18,6,0,12,16,6,4
2024,09600212,13,13117,37,29,4,50,18,9,3
2024,09600212,13,13118,60,43,3,97,12,7,3
2024,09600212,13,13119,167,115,3,254,63,42,15
2024,09600212,13,13120,99,46,2,138,26,21,3
2024,09600212,13,13121,44,12,1,53,32,29,5
2024,09600212,13,13122,162,126,4,276,57,52,8
2024,09600212,13,13123,4,4,0,5,7,4,3
2024,09600212,13,13124,265,202,15,448,63,49,9
2024,09600212,13,13125,48,10,1,37,21,14,3
2024,09600212,13,13126,68,53,2,108,33,23,5
2024,09600212,13,13127,84,57,1,136,29,25,4
2024,09600212,13,13128,117,61,1,173,29,25,4
2024,09600212,13,13129,49,32,0,80,39,38,9
2024,09600212,13,13130,81,40,1,116,24,22,3
2024,09600212,13,13131,43,33,5,70,17,13,4
2024,09600212,13,13132,3,1,0,4,4,4,1
2024,09600212,13,13201,177,138,6,294,64,49,9
2024,09600212,13,13202,27,24,0,51,17,17,2
2024,09600212,13,13203,36,35,2,68,13,11,3
2024,09600212,13,13301,34,10,0,35,17,12,5
2024,09600212,13,13302,13,4,0,16,12,11,3
2024,09600212,13,13303,4,3,0,3,5,1,2
2024,09600212,13,13401,52,36,0,77,32,24,6
2024,09600212,13,13402,17,10,0,27,17,17,9
2024,09600212,13,13403,1,2,0,,3,0,2
2024,09600212,13,13404,52,25,2,70,31,26,7
2024,09600212,13,13501,15,8,0,15,18,10,7
2024,09600212,13,13502,10,7,0,17,8,8,1
2024,09600212,13,13503,44,30,0,74,22,22,3
2024,09600212,13,13504,4,4,0,2,6,1,3
2024,09600212,13,13601,3,2,1,4,3,2,2
2024,09600212,13,13602,62,51,0,113,9,9,2
2024,09600212,13,13603,75,34,7,93,39,26,7
2024,09600212,13,13604,14,5,1,19,9,9,1
2024,09600212,13,13605,27,15,0,36,11,10,2
2024,09600212,14,14101,90,55,13,134,49,44,9
2024,09600212,14,14102,7,5,0,11,5,4,1
2024,09600212,14,14103,4,2,1,1,5,1,2
2024,09600212,14,14105,2,,1,,2,0,2
2024,09600212,14,14106,4,2,1,1,5,1,2
2024,09600212,14,14107,4,0,0,4,3,3,2
2024,09600212,14,14108,15,3,1,9,9,5,3
2024,09600212,14,14201,4,3,2,3,4,1,2
2024,09600212,14,14202,5,2,0,5,3,1,1
2024,09600212,14,14203,4,5,0,3,6,1,2
2024,09600212,15,15101,111,73,50,183,80,79,12
2024,09600212,15,15201,,1,0,,1,0,1
2024,09600212,16,16101,28,11,1,27,22,15,8
2024,09600212,16,16102,13,3,0,2,14,2,2
2024,09600212,16,16103,37,34,2,69,13,11,2
2024,09600212,16,16104,5,3,0,5,5,2,1
2024,09600212,16,16106,17,8,0,23,13,11,2
2024,09600212,16,16107,33,11,0,43,11,10,2
2024,09600212,16,16108,8,8,0,10,9,5,1
2024,09600212,16,16109,53,41,0,94,12,12,1
2024,09600212,16,16201,13,3,0,7,9,2,1
2024,09600212,16,16202,,1,0,,1,0,1
2024,09600212,16,16203,12,10,0,19,5,4,1
2024,09600212,16,16204,2,4,0,2,5,1,2
2024,09600212,16,16205,,1,0,,1,0,1
2024,09600212,16,16206,8,8,0,12,7,4,1
2024,09600212,16,16301,30,26,0,44,21,13,3
2024,09600212,16,16302,22,21,1,36,13,8,2
2024,09600212,16,16303,3,,0,,3,0,2
2024,09600212,16,16304,1,1,0,2,1,1,1
2024,09600212,16,16305,7,12,0,10,12,4,2
2024,09600212,2,02101,252,155,1,394,73,64,9
2024,09600212,2,02104,2,1,0,,3,0,2
2024,09600212,2,02201,59,23,4,71,29,18,7
2024,09600212,2,02203,2,1,2,,2,0,2
2024,09600212,2,02301,4,2,0,4,3,1,1
2024,09600212,3,03101,96,42,10,138,63,63,8
2024,09600212,3,03102,2,0,0,2,1,1,1
2024,09600212,3,03103,20,8,0,21,10,6,2
2024,09600212,3,03201,15,6,3,12,11,4,2
2024,09600212,3,03202,38,34,3,64,17,12,2
2024,09600212,3,03301,91,92,21,181,27,25,4
2024,09600212,3,03302,1,2,0,1,3,1,2
2024,09600212,3,03304,26,20,3,39,13,9,2
2024,09600212,4,04101,25,8,0,27,17,12,5
2024,09600212,4,04102,114,67,10,174,60,57,9
2024,09600212,4,04104,2,,0,,2,0,2
2024,09600212,4,04106,0,7,0,7,3,3,1
2024,09600212,4,04201,2,1,0,1,3,1,3
2024,09600212,4,04203,3,1,0,3,3,2,2
2024,09600212,4,04204,11,5,0,16,10,10,3
2024,09600212,4,04301,12,2,0,7,12,7,5
2024,09600212,4,04303,4,1,0,2,3,1,2
2024,09600212,4,04304,1,4,0,2,4,1,1
2024,09600212,5,05101,54,29,0,70,49,41,13
2024,09600212,5,05103,4,2,0,6,5,5,1
2024,09600212,5,05105,9,0,0,1,6,1,2
2024,09600212,5,05107,3,3,0,6,2,2,1
2024,09600212,5,05109,75,27,0,69,45,24,12
2024,09600212,5,05301,45,26,2,53,25,13,4
2024,09600212,5,05302,33,35,4,68,13,13,2
2024,09600212,5,05303,14,6,0,20,8,8,1
2024,09600212,5,05304,2,,0,,1,0,1
2024,09600212,5,05401,18,3,0,13,13,7,8
2024,09600212,5,05402,2,2,0,,4,0,3
2024,09600212,5,05404,2,,0,,2,0,1
2024,09600212,5,05405,1,,0,,1,0,1
2024,09600212,5,05501,89,68,0,149,23,15,4
2024,09600212,5,05502,8,4,0,7,8,4,3
2024,09600212,5,05503,8,2,0,6,5,2,1
2024,09600212,5,05504,24,12,0,33,8,7,1
2024,09600212,5,05506,2,1,0,3,3,3,2
2024,09600212,5,05601,28,12,0,26,20,10,6
2024,09600212,5,05602,5,6,0,9,5,3,1
2024,09600212,5,05603,10,1,0,2,7,1,2
2024,09600212,5,05604,6,0,0,2,4,1,2
2024,09600212,5,05605,1,2,0,2,3,2,2
2024,09600212,5,05701,36,22,1,51,23,17,4
2024,09600212,5,05702,12,6,0,17,6,5,2
2024,09600212,5,05703,53,40,0,93,9,9,1
2024,09600212,5,05704,2,3,0,5,3,3,1
2024,09600212,5,05705,43,29,1,57,17,10,3
2024,09600212,5,05706,22,12,3,25,16,9,3
2024,09600212,5,05801,32,23,1,46,30,24,6
2024,09600212,5,05802,15,15,0,28,11,10,1
2024,09600212,5,05804,91,41,1,127,45,41,5
2024,09600212,6,06101,51,16,0,42,33,18,7
2024,09600212,6,06102,9,1,0,6,9,5,2
2024,09600212,6,06103,1,1,0,,2,0,1
2024,09600212,6,06104,8,3,0,5,8,3,3
2024,09600212,6,06105,2,2,0,2,3,1,2
2024,09600212,6,06106,8,3,0,8,7,5,1
2024,09600212,6,06107,2,4,0,4,4,2,2
2024,09600212,6,06108,0,1,0,1,1,1,1
2024,09600212,6,06109,1,3,0,2,4,2,2
2024,09600212,6,06110,5,3,0,4,4,1,2
2024,09600212,6,06111,5,3,0,4,7,3,2
2024,09600212,6,06112,2,2,0,2,3,1,2
2024,09600212,6,06113,6,1,0,5,5,3,3
2024,09600212,6,06114,1,,0,,1,0,1
2024,09600212,6,06115,22,9,0,27,21,17,6
2024,09600212,6,06117,3,2,0,,5,0,3
2024,09600212,6,06201,1,0,0,1,1,1,1
2024,09600212,6,06203,2,,0,,2,0,2
2024,09600212,6,06204,2,0,0,1,2,1,1
2024,09600212,6,06206,,2,0,,2,0,1
2024,09600212,6,06301,24,6,0,26,17,13,4
2024,09600212,6,06302,1,1,0,2,1,1,1
2024,09600212,6,06303,3,0,0,1,3,1,1
2024,09600212,6,06304,1,,0,,1,0,1
2024,09600212,6,06305,5,1,0,1,5,1,3
2024,09600212,6,06306,2,1,0,,3,0,2
2024,09600212,6,06307,2,0,0,1,2,1,1
2024,09600212,6,06308,0,1,0,1,1,1,1
2024,09600212,6,06310,12,6,0,16,8,6,2
2024,09600212,7,07101,315,48,0,202,73,31,10
2024,09600212,7,07102,3,1,0,,4,0,2
2024,09600212,7,07104,1,1,0,,2,0,1
2024,09600212,7,07105,68,54,0,122,12,12,1
2024,09600212,7,07106,76,7,0,54,12,5,2
2024,09600212,7,07107,6,,0,,5,0,1
2024,09600212,7,07108,59,10,0,36,13,6,2
2024,09600212,7,07109,16,6,0,7,15,2,6
2024,09600212,7,07110,10,2,0,8,5,2,1
2024,09600212,7,07201,73,55,0,106,24,17,3
2024,09600212,7,07203,1,,0,,1,0,1
2024,09600212,7,07301,49,19,0,47,38,23,8
2024,09600212,7,07302,31,4,0,19,9,3,1
2024,09600212,7,07303,28,12,0,12,17,5,3
2024,09600212,7,07304,18,11,0,15,11,4,3
2024,09600212,7,07305,1,1,0,2,1,1,1
2024,09600212,7,07306,11,,0,,6,0,1
2024,09600212,7,07307,7,5,0,6,7,2,2
2024,09600212,7,07308,36,13,0,15,17,3,3
2024,09600212,7,07401,47,22,0,38,30,10,12
2024,09600212,7,07402,8,2,0,,8,0,2
2024,09600212,7,07403,10,3,0,,12,0,7
2024,09600212,7,07404,16,4,0,5,15,2,5
2024,09600212,7,07405,5,,0,,5,0,1
2024,09600212,7,07406,54,15,0,69,16,16,3
2024,09600212,7,07407,2,1,0,2,2,1,2
2024,09600212,7,07408,10,1,0,11,3,3,3
2024,09600212,8,08101,21,9,0,16,18,8,5
2024,09600212,8,08102,8,9,0,12,9,6,4
2024,09600212,8,08103,16,10,0,22,16,13,4
2024,09600212,8,08104,6,0,0,3,4,1,2
2024,09600212,8,08105,9,6,0,11,8,4,2
2024,09600212,8,08106,17,10,0,17,18,11,4
2024,09600212,8,08107,1,2,0,,3,0,2
2024,09600212,8,08108,46,33,0,71,34,27,6
2024,09600212,8,08109,4,10,1,14,6,6,1
2024,09600212,8,08110,30,8,0,20,15,5,6
2024,09600212,8,08111,10,2,0,9,10,7,4
2024,09600212,8,08112,30,11,0,29,23,12,6
2024,09600212,8,08201,21,14,1,29,11,8,2
2024,09600212,8,08202,40,22,0,48,31,21,4
2024,09600212,8,08203,32,6,0,30,12,9,2
2024,09600212,8,08204,8,2,2,,9,0,2
2024,09600212,8,08205,36,16,2,45,20,15,3
2024,09600212,8,08206,32,18,4,33,20,8,4
2024,09600212,8,08301,19,6,0,13,18,6,8
2024,09600212,8,08303,4,3,0,5,4,2,2
2024,09600212,8,08304,9,3,0,,9,0,2
2024,09600212,8,08306,1,,0,,1,0,1
2024,09600212,8,08309,1,4,0,,5,0,1
2024,09600212,8,08310,2,2,0,2,3,1,1
2024,09600212,8,08311,9,3,1,10,7,5,3
2024,09600212,8,08312,,2,0,,2,0,2
2024,09600212,8,08313,4,0,0,2,3,1,2
2024,09600212,8,08314,1,1,2,,2,0,2
2024,09600212,9,09101,127,93,41,220,69,69,13
2024,09600212,9,09102,3,,0,,3,0,1
2024,09600212,9,09103,,1,0,,1,0,1
2024,09600212,9,09104,5,,1,,4,0,2
2024,09600212,9,09105,3,1,0,4,3,3,2
2024,09600212,9,09106,,2,1,,2,0,2
2024,09600212,9,09107,3,0,1,3,2,2,1
2024,09600212,9,09108,2,1,0,3,2,2,1
2024,09600212,9,09109,5,4,4,,8,0,3
2024,09600212,9,09110,3,,1,,3,0,1
2024,09600212,9,09111,7,3,5,5,6,2,1
2024,09600212,9,09112,66,48,46,112,34,32,6
2024,09600212,9,09113,1,1,1,,2,0,1
2024,09600212,9,09114,15,10,3,22,8,6,2
2024,09600212,9,09115,4,1,0,2,5,2,2
2024,09600212,9,09116,2,1,3,2,3,2,2
2024,09600212,9,09117,1,,0,,1,0,1
2024,09600212,9,09119,1,,1,,1,0,1
2024,09600212,9,09120,7,6,0,7,7,1,3
2024,09600212,9,09201,14,5,0,19,13,13,3
2024,09600212,9,09203,4,6,1,7,5,2,1
2024,09600212,9,09204,11,1,7,12,3,3,1
2024,09600212,9,09208,0,2,1,1,2,1,2
2024,09600212,9,09210,7,0,2,1,4,1,2
2024,09600212,9,09211,0,4,0,3,4,3,2
2024,09600213,1,01101,124,71,2,195,44,44,5
2024,09600213,1,01107,128,59,45,185,36,35,5
2024,09600213,1,01401,95,86,17,181,14,14,3
2024,09600213,1,01402,0,2,2,1,2,1,1
2024,09600213,1,01403,5,6,11,8,6,3,1
2024,09600213,1,01405,30,27,38,54,9,7,1
2024,09600213,10,10101,122,98,13,218,82,80,20
2024,09600213,10,10102,17,18,1,35,13,13,6
2024,09600213,10,10103,3,0,0,3,3,3,2
2024,09600213,10,10104,4,7,0,5,5,3,3
2024,09600213,10,10105,11,8,2,19,12,12,3
2024,09600213,10,10106,10,3,1,13,8,8,1
2024,09600213,10,10108,6,1,0,7,5,5,2
2024,09600213,10,10109,30,16,1,43,15,14,3
2024,09600213,10,10201,105,82,5,187,55,55,8
2024,09600213,10,10202,6,8,0,11,10,7,6
2024,09600213,10,10203,23,14,0,37,8,8,1
2024,09600213,10,10204,7,27,0,32,11,10,1
2024,09600213,10,10205,41,25,8,50,29,18,6
2024,09600213,10,10206,7,2,0,6,4,1,1
2024,09600213,10,10207,3,2,1,5,5,5,3
2024,09600213,10,10208,43,26,4,69,12,12,1
2024,09600213,10,10210,7,3,1,10,6,6,3
2024,09600213,10,10301,101,58,7,123,56,36,7
2024,09600213,10,10302,2,0,0,1,2,1,2
2024,09600213,10,10303,31,25,4,56,27,27,6
2024,09600213,10,10304,11,5,3,5,12,3,3
2024,09600213,10,10305,53,49,40,93,19,12,4
2024,09600213,10,10306,4,6,2,9,8,7,3
2024,09600213,10,10307,5,3,5,5,5,2,2
2024,09600213,10,10401,17,11,0,28,10,10,3
2024,09600213,10,10402,1,2,0,3,3,3,1
2024,09600213,10,10403,7,3,2,10,6,6,2
2024,09600213,11,11101,11,11,2,13,13,5,4
2024,09600213,11,11201,16,6,3,16,10,5,2
2024,09600213,11,11202,2,2,2,,3,0,1
2024,09600213,11,11203,,2,1,,2,0,1
2024,09600213,11,11302,1,,0,,1,0,1
2024,09600213,11,11303,1,1,0,1,2,1,1
2024,09600213,11,11401,12,3,0,12,5,3,2
2024,09600213,11,11402,5,4,0,4,7,2,4
2024,09600213,12,12101,132,97,9,199,54,38,7
2024,09600213,12,12201,8,6,1,8,6,2,1
2024,09600213,12,12301,7,1,1,3,5,1,1
2024,09600213,12,12401,51,42,3,93,9,9,1
2024,09600213,13,13101,244,189,5,412,62,51,6
2024,09600213,13,13102,63,43,0,100,24,21,3
2024,09600213,13,13103,51,45,1,80,31,19,4
2024,09600213,13,13104,44,46,0,81,30,23,6
2024,09600213,13,13105,104,78,1,182,59,59,6
2024,09600213,13,13106,260,230,1,479,26,22,4
2024,09600213,13,13107,8,5,1,4,8,2,2
2024,09600213,13,13108,48,35,0,83,22,22,3
2024,09600213,13,13109,58,35,0,82,28,23,3
2024,09600213,13,13110,155,116,1,264,75,69,9
2024,09600213,13,13111,58,32,1,79,35,26,5
2024,09600213,13,13112,194,126,3,319,63,62,7
2024,09600213,13,13113,19,10,0,23,18,13,2
2024,09600213,13,13114,16,4,0,11,12,7,2
2024,09600213,13,13115,4,7,1,11,7,7,1
2024,09600213,13,13116,32,17,0,31,30,15,4
2024,09600213,13,13117,114,107,0,208,31,24,4
2024,09600213,13,13118,110,127,7,226,29,25,3
2024,09600213,13,13119,329,269,6,570,99,76,15
2024,09600213,13,13120,21,15,0,29,13,7,3
2024,09600213,13,13121,134,65,2,196,52,51,5
2024,09600213,13,13122,121,103,5,195,60,45,7
2024,09600213,13,13123,15,15,0,26,20,16,4
2024,09600213,13,13124,94,64,1,145,41,33,6
2024,09600213,13,13125,40,10,1,38,24,16,4
2024,09600213,13,13126,148,106,1,199,56,37,6
2024,09600213,13,13127,119,99,1,201,48,37,5
2024,09600213,13,13128,137,93,16,221,35,27,4
2024,09600213,13,13129,57,35,1,90,53,52,9
2024,09600213,13,13130,102,58,2,160,26,26,3
2024,09600213,13,13131,194,166,10,348,39,36,4
2024,09600213,13,13132,5,2,0,7,6,6,1
2024,09600213,13,13201,223,172,6,375,86,71,10
2024,09600213,13,13202,24,25,0,48,16,15,3
2024,09600213,13,13203,19,13,0,22,12,5,3
2024,09600213,13,13301,62,29,0,74,34,23,7
2024,09600213,13,13302,21,13,0,32,16,14,4
2024,09600213,13,13303,27,24,0,44,16,9,3
2024,09600213,13,13401,56,43,6,92,39,32,8
2024,09600213,13,13402,62,56,4,117,41,40,6
2024,09600213,13,13403,6,10,0,10,9,3,2
2024,09600213,13,13404,104,81,1,175,44,36,7
2024,09600213,13,13501,169,123,3,269,72,57,9
2024,09600213,13,13502,19,9,0,22,14,9,3
2024,09600213,13,13503,54,29,1,83,17,17,2
2024,09600213,13,13504,4,6,0,,8,0,3
2024,09600213,13,13601,71,48,1,109,17,12,3
2024,09600213,13,13602,93,87,0,179,20,19,2
2024,09600213,13,13603,34,20,1,26,24,5,6
2024,09600213,13,13604,3,1,0,4,4,4,1
2024,09600213,13,13605,91,79,1,164,20,18,2
2024,09600213,14,14101,48,27,3,60,38,28,8
2024,09600213,14,14102,8,8,0,15,6,5,1
2024,09600213,14,14103,7,4,2,4,9,3,2
2024,09600213,14,14105,5,1,1,,6,0,2
2024,09600213,14,14106,2,1,1,2,2,1,2
2024,09600213,14,14107,7,4,1,11,9,9,2
2024,09600213,14,14108,32,19,16,41,19,13,4
2024,09600213,14,14201,7,4,3,5,9,3,2
2024,09600213,14,14202,3,2,0,3,3,1,2
2024,09600213,14,14203,9,6,1,5,9,2,3
2024,09600213,14,14204,30,25,5,53,16,14,4
2024,09600213,15,15101,64,37,33,100,57,56,11
2024,09600213,15,15102,3,2,5,4,5,4,1
2024,09600213,15,15201,6,3,6,7,4,2,1
2024,09600213,15,15202,2,,2,,1,0,1
2024,09600213,16,16101,123,88,2,182,50,28,10
2024,09600213,16,16102,17,11,0,17,15,7,2
2024,09600213,16,16103,130,134,3,250,27,19,4
2024,09600213,16,16104,15,5,0,5,11,2,3
2024,09600213,16,16106,57,43,0,97,19,17,2
2024,09600213,16,16107,116,85,0,200,19,18,2
2024,09600213,16,16108,12,9,0,20,9,8,1
2024,09600213,16,16109,59,54,0,113,12,12,2
2024,09600213,16,16201,35,21,0,48,11,7,1
2024,09600213,16,16202,4,8,0,6,8,2,2
2024,09600213,16,16203,33,18,0,43,11,6,1
2024,09600213,16,16204,5,6,0,8,5,3,2
2024,09600213,16,16205,3,3,0,5,2,1,1
2024,09600213,16,16206,14,16,0,23,8,5,1
2024,09600213,16,16207,11,15,0,22,8,5,1
2024,09600213,16,16301,33,20,0,37,25,12,4
2024,09600213,16,16302,96,88,5,174,17,10,2
2024,09600213,16,16303,35,33,0,62,15,11,3
2024,09600213,16,16304,25,19,0,42,8,6,1
2024,09600213,16,16305,24,24,0,34,18,11,2
2024,09600213,2,02101,200,120,3,290,95,77,10
2024,09600213,2,02102,14,12,0,24,5,3,1
2024,09600213,2,02103,5,6,0,5,9,3,2
2024,09600213,2,02104,7,13,0,16,6,4,1
2024,09600213,2,02201,84,62,11,113,49,26,7
2024,09600213,2,02203,4,3,5,2,7,2,2
2024,09600213,2,02301,6,,0,,3,0,1
2024,09600213,2,02302,10,8,0,11,8,4,1
2024,09600213,3,03101,2,1,1,3,3,3,3
2024,09600213,3,03102,1,0,0,1,1,1,1
2024,09600213,3,03103,15,11,0,23,10,7,2
2024,09600213,3,03201,4,,1,,4,0,1
2024,09600213,3,03202,12,7,0,16,8,6,2
2024,09600213,3,03301,78,64,2,137,33,29,6
2024,09600213,3,03302,5,2,0,3,5,2,3
2024,09600213,3,03303,,1,1,,1,0,1
2024,09600213,3,03304,11,10,0,19,7,5,2
2024,09600213,4,04101,33,13,0,29,27,13,10
2024,09600213,4,04102,139,107,2,242,56,54,9
2024,09600213,4,04103,19,16,1,32,11,9,1
2024,09600213,4,04106,3,6,0,8,7,6,1
2024,09600213,4,04201,29,17,0,29,11,3,3
2024,09600213,4,04203,5,3,0,4,8,4,2
2024,09600213,4,04204,18,5,0,20,14,12,4
2024,09600213,4,04301,50,31,1,66,28,21,8
2024,09600213,4,04302,11,11,0,5,17,3,9
2024,09600213,4,04303,15,18,0,7,23,6,8
2024,09600213,4,04304,9,4,0,7,6,2,1
2024,09600213,4,04305,,1,0,,1,0,1
2024,09600213,5,05101,70,44,0,97,66,52,15
2024,09600213,5,05103,4,2,0,6,4,4,1
2024,09600213,5,05105,36,18,1,46,15,12,2
2024,09600213,5,05107,22,20,0,38,11,7,3
2024,09600213,5,05109,145,66,0,163,70,44,11
2024,09600213,5,05301,48,37,1,73,19,8,4
2024,09600213,5,05302,13,3,1,16,9,9,2
2024,09600213,5,05303,19,10,0,29,10,10,1
2024,09600213,5,05304,1,2,0,2,2,1,1
2024,09600213,5,05401,28,8,1,24,24,14,9
2024,09600213,5,05402,28,25,1,45,14,6,5
2024,09600213,5,05403,11,16,0,23,10,7,2
2024,09600213,5,05404,4,1,0,2,4,1,2
2024,09600213,5,05405,5,3,0,4,6,2,2
2024,09600213,5,05501,116,105,2,203,35,23,8
2024,09600213,5,05502,8,6,0,7,9,3,3
2024,09600213,5,05503,7,4,0,8,6,3,1
2024,09600213,5,05504,47,32,0,77,10,8,1
2024,09600213,5,05506,10,3,0,13,9,9,3
2024,09600213,5,05601,66,51,0,82,40,19,7
2024,09600213,5,05602,30,20,3,45,12,7,3
2024,09600213,5,05603,5,2,0,,6,0,1
2024,09600213,5,05604,29,9,0,13,12,4,2
2024,09600213,5,05605,38,48,0,75,19,13,2
2024,09600213,5,05606,5,,0,,3,0,1
2024,09600213,5,05701,73,72,0,123,32,19,4
2024,09600213,5,05702,24,9,0,27,14,9,2
2024,09600213,5,05703,1,4,0,,4,0,1
2024,09600213,5,05705,5,4,0,5,6,2,4
2024,09600213,5,05706,17,13,1,22,12,6,2
2024,09600213,5,05801,80,46,1,108,47,36,6
2024,09600213,5,05802,12,8,0,19,11,10,1
2024,09600213,5,05803,3,2,0,5,5,5,1
2024,09600213,5,05804,67,42,2,106,46,45,5
2024,09600213,6,06101,106,59,0,118,65,37,8
2024,09600213,6,06102,30,24,0,46,18,13,2
2024,09600213,6,06103,1,1,0,2,1,1,1
2024,09600213,6,06104,5,4,0,4,6,1,3
2024,09600213,6,06105,6,1,0,1,5,1,2
2024,09600213,6,06106,3,2,1,,5,0,1
2024,09600213,6,06107,7,6,0,8,7,2,3
2024,09600213,6,06110,4,3,0,4,4,1,2
2024,09600213,6,06111,24,16,0,30,19,12,3
2024,09600213,6,06112,5,2,0,1,7,1,2
2024,09600213,6,06113,5,7,0,9,7,5,4
2024,09600213,6,06114,1,,0,,1,0,1
2024,09600213,6,06115,36,21,0,44,35,24,7
2024,09600213,6,06117,7,6,0,7,10,4,4
2024,09600213,6,06201,,1,0,,1,0,1
2024,09600213,6,06202,,1,0,,1,0,1
2024,09600213,6,06203,6,1,0,4,6,3,2
2024,09600213,6,06205,3,5,0,8,2,2,1
2024,09600213,6,06206,,2,0,,2,0,1
2024,09600213,6,06301,47,21,0,57,32,22,6
2024,09600213,6,06302,4,7,0,9,6,4,1
2024,09600213,6,06303,9,6,0,9,12,6,4
2024,09600213,6,06304,8,7,0,6,11,3,4
2024,09600213,6,06305,10,6,0,13,6,4,2
2024,09600213,6,06306,1,3,0,,4,0,3
2024,09600213,6,06307,7,3,0,7,8,5,3
2024,09600213,6,06308,0,4,0,2,3,1,2
2024,09600213,6,06309,3,0,0,1,2,1,1
2024,09600213,6,06310,8,4,0,9,6,4,1
2024,09600213,7,07101,65,36,1,74,45,24,10
2024,09600213,7,07102,3,3,0,,6,0,3
2024,09600213,7,07103,2,1,0,,3,0,1
2024,09600213,7,07104,4,,0,,3,0,1
2024,09600213,7,07105,16,15,0,30,12,11,2
2024,09600213,7,07107,9,3,0,,8,0,1
2024,09600213,7,07108,,2,0,,1,0,1
2024,09600213,7,07109,40,43,0,36,55,14,16
2024,09600213,7,07110,21,10,0,23,12,7,1
2024,09600213,7,07201,22,12,0,23,15,6,2
2024,09600213,7,07203,1,,0,,1,0,1
2024,09600213,7,07301,48,29,0,54,45,26,9
2024,09600213,7,07302,9,3,0,10,3,1,1
2024,09600213,7,07303,4,2,0,2,5,1,3
2024,09600213,7,07304,15,8,0,11,14,4,3
2024,09600213,7,07305,2,2,0,,4,0,1
2024,09600213,7,07306,7,5,0,5,8,2,1
2024,09600213,7,07307,6,,0,,6,0,1
2024,09600213,7,07308,8,7,0,9,8,2,3
2024,09600213,7,07309,1,1,0,,2,0,1
2024,09600213,7,07401,27,15,0,17,30,7,10
2024,09600213,7,07402,8,2,0,,8,0,2
2024,09600213,7,07403,12,2,0,,13,0,5
2024,09600213,7,07404,19,9,0,8,18,3,4
2024,09600213,7,07405,10,6,0,10,8,4,1
2024,09600213,7,07406,118,107,0,225,46,46,8
2024,09600213,7,07407,1,,0,,1,0,1
2024,09600213,7,07408,18,21,0,30,18,10,5
2024,09600213,8,08101,67,44,0,87,41,24,5
2024,09600213,8,08102,28,34,1,52,18,12,5
2024,09600213,8,08103,25,11,1,31,21,17,4
2024,09600213,8,08104,35,42,0,63,21,9,4
2024,09600213,8,08105,15,15,0,17,11,4,3
2024,09600213,8,08106,23,9,0,18,21,13,4
2024,09600213,8,08107,13,1,0,2,7,1,1
2024,09600213,8,08108,66,41,2,103,37,34,6
2024,09600213,8,08109,13,24,1,33,14,10,5
2024,09600213,8,08110,64,55,3,78,39,14,8
2024,09600213,8,08111,23,15,0,22,23,12,6
2024,09600213,8,08112,35,17,0,36,22,12,7
2024,09600213,8,08201,5,2,0,3,6,2,1
2024,09600213,8,08202,11,8,0,12,12,8,4
2024,09600213,8,08203,13,3,5,10,10,5,2
2024,09600213,8,08204,1,,0,,1,0,1
2024,09600213,8,08205,6,5,0,4,8,2,3
2024,09600213,8,08206,8,4,2,7,8,3,3
2024,09600213,8,08207,2,,1,,1,0,1
2024,09600213,8,08301,55,39,0,59,46,21,17
2024,09600213,8,08302,12,17,0,23,12,8,2
2024,09600213,8,08303,18,13,0,25,12,7,4
2024,09600213,8,08304,8,3,0,,10,0,2
2024,09600213,8,08305,9,5,1,7,13,6,8
2024,09600213,8,08306,14,6,0,6,16,3,3
2024,09600213,8,08307,4,2,0,4,5,3,2
2024,09600213,8,08308,9,18,0,19,17,9,4
2024,09600213,8,08309,3,4,0,2,6,1,2
2024,09600213,8,08310,16,12,0,26,9,7,1
2024,09600213,8,08311,14,8,1,8,13,3,5
2024,09600213,8,08312,1,3,0,2,3,1,2
2024,09600213,8,08313,4,0,0,2,4,2,1
2024,09600213,8,08314,7,8,14,9,7,3,6
2024,09600213,9,09101,92,71,18,160,49,47,12
2024,09600213,9,09102,10,4,0,6,11,3,4
2024,09600213,9,09104,17,9,11,17,12,4,5
2024,09600213,9,09105,15,9,5,24,7,7,4
2024,09600213,9,09106,4,4,6,3,7,3,4
2024,09600213,9,09107,4,1,2,3,4,2,2
2024,09600213,9,09108,3,6,2,3,7,2,4
2024,09600213,9,09109,49,51,11,87,27,17,4
2024,09600213,9,09110,5,4,6,1,5,1,2
2024,09600213,9,09111,32,17,22,45,11,8,1
2024,09600213,9,09112,10,11,7,20,10,9,5
2024,09600213,9,09113,1,1,1,,2,0,1
2024,09600213,9,09114,41,31,7,67,10,8,2
2024,09600213,9,09115,6,3,0,4,5,2,2
2024,09600213,9,09116,2,1,3,2,3,2,2
2024,09600213,9,09117,5,2,0,3,3,1,1
2024,09600213,9,09119,13,10,6,13,15,9,5
2024,09600213,9,09120,42,31,18,60,17,10,4
2024,09600213,9,09201,22,14,0,36,15,15,3
2024,09600213,9,09202,,2,0,,2,0,1
2024,09600213,9,09203,5,10,2,10,7,3,1
2024,09600213,9,09204,58,25,58,80,12,10,3
2024,09600213,9,09205,10,14,11,10,8,2,1
2024,09600213,9,09206,26,20,22,45,11,10,1
2024,09600213,9,09208,1,5,4,3,6,3,4
2024,09600213,9,09210,4,4,8,5,5,2,3
2024,09600213,9,09211,11,20,2,30,9,8,2
2024,09600214,1,01101,43,24,0,67,32,32,5
2024,09600214,1,01107,35,18,9,52,29,28,4
2024,09600214,1,01401,17,11,9,28,4,4,1
2024,09600214,10,10101,36,13,2,49,33,33,11
2024,09600214,10,10102,4,4,1,7,7,6,3
2024,09600214,10,10104,5,2,0,5,4,2,1
2024,09600214,10,10105,1,1,0,2,2,2,2
2024,09600214,10,10106,6,2,3,8,5,5,1
2024,09600214,10,10107,1,1,1,2,2,2,2
2024,09600214,10,10109,13,7,0,17,11,9,2
2024,09600214,10,10201,6,4,0,10,10,10,6
2024,09600214,10,10203,1,0,0,1,1,1,1
2024,09600214,10,10206,2,,0,,2,0,1
2024,09600214,10,10208,18,5,3,23,9,9,1
2024,09600214,10,10210,1,0,1,1,1,1,1
2024,09600214,10,10301,40,17,5,34,37,19,7
2024,09600214,10,10303,3,0,0,3,3,3,1
2024,09600214,10,10304,2,1,2,,3,0,1
2024,09600214,10,10305,1,,0,,1,0,1
2024,09600214,10,10306,1,0,0,1,1,1,1
2024,09600214,10,10307,1,1,0,1,2,1,2
2024,09600214,10,10402,7,0,0,7,6,6,3
2024,09600214,10,10403,3,2,3,5,4,4,1
2024,09600214,11,11101,4,1,0,3,4,2,2
2024,09600214,11,11201,1,1,1,1,2,1,1
2024,09600214,12,12101,16,11,2,18,16,8,6
2024,09600214,12,12201,,1,1,,1,0,1
2024,09600214,12,12301,3,2,1,5,2,2,1
2024,09600214,12,12401,2,3,0,2,4,1,1
2024,09600214,13,13101,86,36,4,90,51,31,6
2024,09600214,13,13102,13,1,0,12,7,5,2
2024,09600214,13,13103,20,8,2,15,19,6,4
2024,09600214,13,13104,13,3,0,8,14,7,4
2024,09600214,13,13105,48,22,0,70,42,42,6
2024,09600214,13,13106,43,16,0,38,20,8,3
2024,09600214,13,13107,6,3,0,4,6,1,2
2024,09600214,13,13108,26,14,0,40,15,15,3
2024,09600214,13,13109,16,10,0,22,15,11,3
2024,09600214,13,13110,70,35,0,97,53,47,8
2024,09600214,13,13111,32,20,0,45,27,21,5
2024,09600214,13,13112,68,21,3,81,49,42,7
2024,09600214,13,13113,14,9,0,20,14,11,2
2024,09600214,13,13114,3,6,0,4,7,2,2
2024,09600214,13,13115,1,0,0,1,1,1,1
2024,09600214,13,13116,23,3,0,10,18,7,4
2024,09600214,13,13117,23,16,1,20,25,11,4
2024,09600214,13,13118,13,8,0,13,15,9,3
2024,09600214,13,13119,75,33,0,76,58,38,12
2024,09600214,13,13120,11,5,0,5,13,3,3
2024,09600214,13,13121,33,15,0,38,34,25,5
2024,09600214,13,13122,29,13,1,32,32,22,6
2024,09600214,13,13123,2,2,0,3,4,3,3
2024,09600214,13,13124,32,5,0,24,26,17,6
2024,09600214,13,13125,22,8,1,23,17,11,3
2024,09600214,13,13126,31,13,0,18,27,11,6
2024,09600214,13,13127,40,18,0,34,28,14,5
2024,09600214,13,13128,33,17,2,38,26,17,4
2024,09600214,13,13129,35,19,3,54,26,26,7
2024,09600214,13,13130,31,18,0,46,23,21,3
2024,09600214,13,13131,37,26,0,54,26,20,4
2024,09600214,13,13201,72,27,5,69,56,31,10
2024,09600214,13,13202,9,4,0,13,8,8,2
2024,09600214,13,13203,1,1,0,1,2,1,2
2024,09600214,13,13301,39,8,0,22,25,12,5
2024,09600214,13,13302,14,3,0,15,10,8,3
2024,09600214,13,13303,3,1,0,1,4,1,2
2024,09600214,13,13401,18,12,1,24,21,15,5
2024,09600214,13,13402,22,11,0,33,22,22,5
2024,09600214,13,13403,,1,0,,1,0,1
2024,09600214,13,13404,44,21,3,61,26,22,7
2024,09600214,13,13501,20,12,0,14,22,9,7
2024,09600214,13,13502,2,1,0,1,3,1,2
2024,09600214,13,13503,8,1,0,9,7,7,2
2024,09600214,13,13504,6,1,0,2,6,1,3
2024,09600214,13,13601,25,8,1,26,11,5,2
2024,09600214,13,13602,4,2,0,4,3,2,1
2024,09600214,13,13603,10,5,0,3,14,2,6
2024,09600214,13,13605,14,3,0,11,8,5,2
2024,09600214,14,14101,2,5,0,4,7,4,5
2024,09600214,14,14102,2,,0,,1,0,1
2024,09600214,14,14103,1,,0,,1,0,1
2024,09600214,14,14105,2,,1,,2,0,1
2024,09600214,14,14106,2,1,0,,3,0,1
2024,09600214,14,14107,1,0,0,1,1,1,1
2024,09600214,14,14108,7,4,1,6,6,2,1
2024,09600214,14,14202,5,1,0,1,5,1,3
2024,09600214,14,14203,2,2,0,,3,0,1
2024,09600214,14,14204,1,0,0,1,1,1,1
2024,09600214,15,15101,70,44,27,114,66,66,12
2024,09600214,15,15201,6,,1,,1,0,1
2024,09600214,16,16101,29,14,1,18,29,9,7
2024,09600214,16,16102,2,2,0,1,4,1,2
2024,09600214,16,16103,5,2,0,6,3,2,1
2024,09600214,16,16104,9,4,0,8,7,3,1
2024,09600214,16,16106,4,3,0,7,6,6,1
2024,09600214,16,16107,8,2,0,10,8,8,2
2024,09600214,16,16108,5,4,0,8,5,4,1
2024,09600214,16,16109,10,5,0,15,5,5,1
2024,09600214,16,16201,6,1,0,3,5,1,1
2024,09600214,16,16203,3,5,0,3,4,2,1
2024,09600214,16,16301,15,13,0,4,18,2,3
2024,09600214,16,16302,2,1,0,,3,0,1
2024,09600214,16,16303,1,,0,,1,0,1
2024,09600214,16,16305,8,5,0,4,10,2,2
2024,09600214,2,02101,127,54,0,147,78,55,10
2024,09600214,2,02102,1,,0,,1,0,1
2024,09600214,2,02103,1,1,0,,2,0,1
2024,09600214,2,02104,2,0,0,1,2,1,1
2024,09600214,2,02201,23,9,5,13,25,10,6
2024,09600214,2,02203,1,2,2,2,3,2,1
2024,09600214,2,02301,4,1,0,,4,0,1
2024,09600214,2,02302,1,,0,,1,0,1
2024,09600214,3,03101,4,5,0,8,8,7,4
2024,09600214,3,03103,9,1,0,3,8,2,1
2024,09600214,3,03201,3,0,2,1,3,1,2
2024,09600214,3,03202,1,1,0,,2,0,1
2024,09600214,3,03301,14,9,0,18,15,12,3
2024,09600214,3,03304,,1,0,,1,0,1
2024,09600214,4,04101,16,9,0,17,19,11,6
2024,09600214,4,04102,84,51,1,130,46,44,8
2024,09600214,4,04103,1,2,1,,2,0,1
2024,09600214,4,04104,1,,0,,1,0,1
2024,09600214,4,04106,1,6,0,7,6,6,1
2024,09600214,4,04201,3,3,0,,6,0,3
2024,09600214,4,04203,1,1,0,2,1,1,1
2024,09600214,4,04204,7,7,0,10,9,6,3
2024,09600214,4,04301,11,5,0,11,11,7,5
2024,09600214,4,04302,,2,0,,2,0,2
2024,09600214,4,04303,3,3,1,3,5,2,2
2024,09600214,4,04304,2,1,0,1,3,1,1
2024,09600214,5,05101,22,14,0,26,31,21,14
2024,09600214,5,05103,4,3,0,7,5,5,1
2024,09600214,5,05105,3,7,0,6,7,3,2
2024,09600214,5,05107,3,,0,,3,0,3
2024,09600214,5,05109,78,50,0,87,59,33,12
2024,09600214,5,05301,21,7,0,12,13,2,4
2024,09600214,5,05302,3,5,1,8,7,7,1
2024,09600214,5,05303,1,1,0,2,1,1,1
2024,09600214,5,05304,4,,0,,3,0,1
2024,09600214,5,05401,20,3,0,15,16,9,5
2024,09600214,5,05402,2,,0,,2,0,1
2024,09600214,5,05403,1,,0,,1,0,1
2024,09600214,5,05404,1,,0,,1,0,1
2024,09600214,5,05405,5,1,0,,6,0,2
2024,09600214,5,05501,73,26,0,69,27,10,7
2024,09600214,5,05502,1,1,0,,2,0,1
2024,09600214,5,05503,3,3,0,5,2,1,1
2024,09600214,5,05504,18,10,0,22,9,6,1
2024,09600214,5,05506,0,2,0,2,2,2,2
2024,09600214,5,05601,25,8,0,18,17,7,5
2024,09600214,5,05602,22,27,0,44,11,6,2
2024,09600214,5,05603,4,1,0,,5,0,2
2024,09600214,5,05604,9,1,0,2,8,1,2
2024,09600214,5,05605,5,12,0,12,11,6,2
2024,09600214,5,05606,1,2,0,,3,0,1
2024,09600214,5,05701,25,8,0,14,20,8,4
2024,09600214,5,05702,5,3,0,3,7,2,2
2024,09600214,5,05703,6,3,0,5,5,2,1
2024,09600214,5,05704,1,0,0,1,1,1,1
2024,09600214,5,05706,,1,0,,1,0,1
2024,09600214,5,05801,32,11,0,29,27,17,6
2024,09600214,5,05802,14,10,0,24,14,14,2
2024,09600214,5,05803,2,3,0,5,4,4,1
2024,09600214,5,05804,25,7,2,23,23,15,5
2024,09600214,6,06101,41,5,1,22,33,14,9
2024,09600214,6,06102,8,0,0,3,7,3,2
2024,09600214,6,06103,,1,0,,1,0,1
2024,09600214,6,06104,5,1,0,2,4,1,2
2024,09600214,6,06105,3,1,0,1,4,1,2
2024,09600214,6,06106,3,2,0,1,5,1,1
2024,09600214,6,06107,1,2,0,2,2,1,2
2024,09600214,6,06108,3,1,0,3,3,2,2
2024,09600214,6,06109,,1,0,,1,0,1
2024,09600214,6,06111,1,2,0,1,3,1,1
2024,09600214,6,06113,2,1,0,,3,0,1
2024,09600214,6,06114,1,,0,,1,0,1
2024,09600214,6,06115,21,9,0,24,21,15,6
2024,09600214,6,06117,3,1,0,,4,0,3
2024,09600214,6,06201,2,,0,,1,0,1
2024,09600214,6,06203,2,,0,,2,0,1
2024,09600214,6,06204,2,1,0,1,2,1,1
2024,09600214,6,06301,16,2,0,13,13,9,5
2024,09600214,6,06302,1,0,0,1,1,1,1
2024,09600214,6,06303,3,3,0,2,6,2,1
2024,09600214,6,06305,1,0,0,1,1,1,1
2024,09600214,6,06306,4,1,0,,4,0,3
2024,09600214,6,06307,1,1,0,1,2,1,2
2024,09600214,6,06308,1,0,0,1,1,1,1
2024,09600214,6,06310,7,4,0,4,8,3,2
2024,09600214,7,07101,47,18,0,20,44,7,8
2024,09600214,7,07102,4,2,0,,6,0,3
2024,09600214,7,07104,,1,0,,1,0,1
2024,09600214,7,07105,12,3,0,11,9,7,2
2024,09600214,7,07106,1,,0,,1,0,1
2024,09600214,7,07108,4,,0,,3,0,1
2024,09600214,7,07109,6,4,0,4,7,1,5
2024,09600214,7,07110,8,4,0,7,6,3,1
2024,09600214,7,07201,7,5,1,2,9,1,2
2024,09600214,7,07301,38,12,0,25,33,17,7
2024,09600214,7,07302,2,1,0,2,2,1,1
2024,09600214,7,07303,2,,0,,2,0,2
2024,09600214,7,07304,16,4,0,9,12,2,3
2024,09600214,7,07306,8,1,0,2,7,1,1
2024,09600214,7,07307,2,,0,,2,0,1
2024,09600214,7,07308,7,6,0,4,10,2,3
2024,09600214,7,07401,16,9,0,10,20,6,7
2024,09600214,7,07402,4,3,0,2,6,1,2
2024,09600214,7,07403,9,,0,,9,0,6
2024,09600214,7,07404,8,4,0,3,9,1,3
2024,09600214,7,07405,3,5,0,2,5,1,1
2024,09600214,7,07406,61,39,0,100,14,14,3
2024,09600214,7,07407,1,2,0,,3,0,2
2024,09600214,7,07408,3,0,0,3,3,3,3
2024,09600214,8,08101,25,11,0,14,24,7,6
2024,09600214,8,08102,6,5,0,5,9,3,4
2024,09600214,8,08103,17,6,0,18,15,10,4
2024,09600214,8,08104,4,2,0,5,4,3,2
2024,09600214,8,08105,8,3,0,4,9,2,3
2024,09600214,8,08106,10,9,0,14,16,11,3
2024,09600214,8,08107,4,2,0,,4,0,2
2024,09600214,8,08108,37,12,0,37,26,18,5
2024,09600214,8,08109,3,2,0,5,3,3,1
2024,09600214,8,08110,32,10,1,17,25,6,7
2024,09600214,8,08111,6,2,0,4,7,4,3
2024,09600214,8,08112,18,7,0,9,20,7,6
2024,09600214,8,08201,1,1,0,,2,0,1
2024,09600214,8,08202,7,4,0,7,8,5,3
2024,09600214,8,08203,2,2,0,1,4,1,1
2024,09600214,8,08205,3,2,0,,5,0,1
2024,09600214,8,08206,4,0,0,1,4,1,2
2024,09600214,8,08301,11,7,0,1,17,1,7
2024,09600214,8,08302,1,2,0,,2,0,1
2024,09600214,8,08303,1,,0,,1,0,1
2024,09600214,8,08304,2,,0,,2,0,1
2024,09600214,8,08305,1,0,0,1,1,1,1
2024,09600214,8,08306,1,,0,,1,0,1
2024,09600214,8,08309,,1,0,,1,0,1
2024,09600214,8,08310,1,1,0,2,1,1,1
2024,09600214,8,08311,6,4,1,7,7,4,2
2024,09600214,8,08312,1,2,0,,3,0,1
2024,09600214,8,08313,5,0,0,4,4,3,1
2024,09600214,8,08314,1,,1,,1,0,1
2024,09600214,9,09101,19,10,3,29,19,19,9
2024,09600214,9,09102,4,2,1,,6,0,3
2024,09600214,9,09104,3,,2,,2,0,2
2024,09600214,9,09105,4,0,0,4,4,4,1
2024,09600214,9,09107,1,1,0,2,1,1,1
2024,09600214,9,09108,2,0,1,1,2,1,2
2024,09600214,9,09109,5,3,3,1,8,1,3
2024,09600214,9,09110,3,,1,,3,0,1
2024,09600214,9,09111,4,1,2,,5,0,1
2024,09600214,9,09112,5,6,4,10,10,9,3
2024,09600214,9,09113,1,1,1,,2,0,1
2024,09600214,9,09114,10,4,1,12,7,5,1
2024,09600214,9,09115,9,5,1,5,11,3,2
2024,09600214,9,09117,1,,1,,1,0,1
2024,09600214,9,09119,0,1,0,1,1,1,1
2024,09600214,9,09120,3,4,2,2,5,1,4
2024,09600214,9,09201,10,3,0,13,10,10,3
2024,09600214,9,09203,1,,0,,1,0,1
2024,09600214,9,09204,5,1,0,6,3,3,1
2024,09600214,9,09206,4,0,1,4,4,4,1
2024,09600214,9,09210,2,,1,,2,0,2
2024,09600214,9,09211,0,2,0,2,2,2,1
2024,09600215,1,01101,23,10,0,33,18,18,4
2024,09600215,1,01107,17,8,1,24,18,17,5
2024,09600215,1,01401,12,11,9,23,5,5,1
2024,09600215,1,01405,2,,0,,2,0,1
2024,09600215,10,10101,21,10,6,31,21,21,8
2024,09600215,10,10102,2,0,0,1,2,1,1
2024,09600215,10,10104,,1,0,,1,0,1
2024,09600215,10,10105,1,0,0,1,1,1,1
2024,09600215,10,10106,1,0,0,1,1,1,1
2024,09600215,10,10107,1,0,0,1,1,1,1
2024,09600215,10,10109,5,3,0,8,5,5,1
2024,09600215,10,10201,0,1,0,1,1,1,1
2024,09600215,10,10202,1,0,0,1,1,1,1
2024,09600215,10,10205,1,0,0,1,1,1,1
2024,09600215,10,10206,1,,0,,1,0,1
2024,09600215,10,10208,2,0,0,2,1,1,1
2024,09600215,10,10209,0,1,0,1,1,1,1
2024,09600215,10,10301,21,13,0,14,26,7,6
2024,09600215,10,10303,1,1,0,2,2,2,2
2024,09600215,10,10304,1,1,1,,2,0,2
2024,09600215,10,10305,,1,0,,1,0,1
2024,09600215,10,10307,,1,0,,1,0,1
2024,09600215,10,10402,2,0,0,2,2,2,1
2024,09600215,11,11101,1,1,0,2,1,1,1
2024,09600215,12,12101,10,4,2,3,12,3,5
2024,09600215,12,12401,,1,0,,1,0,1
2024,09600215,13,13101,33,12,0,31,29,17,6
2024,09600215,13,13102,6,7,0,12,6,5,1
2024,09600215,13,13103,15,1,0,9,10,4,5
2024,09600215,13,13104,7,2,0,5,9,5,4
2024,09600215,13,13105,19,7,0,26,20,20,5
2024,09600215,13,13106,20,14,0,23,13,3,4
2024,09600215,13,13107,1,1,0,1,2,1,1
2024,09600215,13,13108,4,2,0,6,6,6,2
2024,09600215,13,13109,5,6,0,8,10,7,3
2024,09600215,13,13110,36,17,2,45,40,34,9
2024,09600215,13,13111,12,9,0,16,15,10,5
2024,09600215,13,13112,19,4,0,19,15,12,7
2024,09600215,13,13113,0,3,0,2,3,2,2
2024,09600215,13,13114,2,2,0,2,3,1,1
2024,09600215,13,13116,6,6,0,5,8,2,3
2024,09600215,13,13117,14,4,0,10,15,7,3
2024,09600215,13,13118,2,1,0,2,3,2,2
2024,09600215,13,13119,32,8,0,25,31,21,10
2024,09600215,13,13120,5,5,0,6,6,3,2
2024,09600215,13,13121,16,4,0,14,16,10,3
2024,09600215,13,13122,13,13,0,18,21,13,6
2024,09600215,13,13123,0,1,0,1,1,1,1
2024,09600215,13,13124,23,5,0,12,21,9,5
2024,09600215,13,13125,26,3,0,16,18,10,4
2024,09600215,13,13126,11,5,0,6,11,3,4
2024,09600215,13,13127,13,4,1,3,11,2,4
2024,09600215,13,13128,19,2,0,13,15,10,4
2024,09600215,13,13129,18,6,0,23,18,17,7
2024,09600215,13,13130,19,1,1,17,14,11,3
2024,09600215,13,13131,5,7,0,7,10,5,4
2024,09600215,13,13132,1,0,0,1,1,1,1
2024,09600215,13,13201,44,30,1,51,47,26,10
2024,09600215,13,13202,3,1,0,4,4,4,2
2024,09600215,13,13301,13,4,0,9,14,7,4
2024,09600215,13,13302,2,3,0,5,4,4,1
2024,09600215,13,13303,1,0,0,1,1,1,1
2024,09600215,13,13401,15,5,1,12,20,12,8
2024,09600215,13,13402,17,8,0,25,18,18,4
2024,09600215,13,13404,21,9,2,25,15,11,3
2024,09600215,13,13501,6,2,0,2,6,2,4
2024,09600215,13,13502,,1,0,,1,0,1
2024,09600215,13,13503,0,1,0,1,1,1,1
2024,09600215,13,13504,1,,0,,1,0,1
2024,09600215,13,13601,6,4,0,2,7,1,1
2024,09600215,13,13602,4,0,0,1,4,1,1
2024,09600215,13,13603,4,1,0,,5,0,3
2024,09600215,13,13604,,1,0,,1,0,1
2024,09600215,13,13605,9,6,0,12,10,7,2
2024,09600215,14,14101,1,,0,,1,0,1
2024,09600215,14,14106,1,1,0,1,2,1,1
2024,09600215,14,14107,3,0,0,3,2,2,1
2024,09600215,14,14108,3,1,0,,4,0,2
2024,09600215,14,14201,2,,0,,2,0,1
2024,09600215,14,14203,2,,0,,2,0,1
2024,09600215,15,15101,48,21,13,68,45,44,9
2024,09600215,16,16101,17,3,0,5,17,4,7
2024,09600215,16,16102,7,4,0,7,4,1,1
2024,09600215,16,16104,1,3,0,2,3,1,1
2024,09600215,16,16106,2,0,0,2,2,2,2
2024,09600215,16,16107,9,0,0,9,8,8,1
2024,09600215,16,16108,,1,0,,1,0,1
2024,09600215,16,16109,1,1,0,2,1,1,1
2024,09600215,16,16201,1,,0,,1,0,1
2024,09600215,16,16202,1,1,0,,2,0,2
2024,09600215,16,16203,3,,0,,3,0,1
2024,09600215,16,16301,5,2,0,2,6,1,2
2024,09600215,16,16302,3,1,0,,3,0,1
2024,09600215,16,16303,,1,0,,1,0,1
2024,09600215,16,16305,,3,0,,3,0,2
2024,09600215,2,02101,118,52,1,148,58,43,9
2024,09600215,2,02104,1,0,0,1,1,1,1
2024,09600215,2,02201,43,12,5,29,30,12,6
2024,09600215,2,02301,4,1,0,2,4,1,1
2024,09600215,3,03101,9,1,1,10,8,8,2
2024,09600215,3,03102,2,0,0,2,1,1,1
2024,09600215,3,03103,4,1,0,,5,0,1
2024,09600215,3,03301,5,1,1,5,6,5,2
2024,09600215,3,03302,2,0,0,1,2,1,2
2024,09600215,3,03304,3,1,0,,3,0,1
2024,09600215,4,04101,11,7,0,11,12,7,5
2024,09600215,4,04102,29,17,1,45,22,21,9
2024,09600215,4,04103,1,1,0,,2,0,1
2024,09600215,4,04104,1,,0,,1,0,1
2024,09600215,4,04106,1,0,0,1,1,1,1
2024,09600215,4,04201,,1,0,,1,0,1
2024,09600215,4,04203,3,1,0,2,4,2,2
2024,09600215,4,04204,1,3,0,4,3,3,1
2024,09600215,4,04301,3,1,0,1,4,1,3
2024,09600215,4,04303,3,0,0,1,3,1,2
2024,09600215,4,04304,,1,0,,1,0,1
2024,09600215,5,05101,24,11,0,28,25,19,8
2024,09600215,5,05102,1,,0,,1,0,1
2024,09600215,5,05103,6,1,0,7,5,5,1
2024,09600215,5,05105,2,1,0,3,2,2,1
2024,09600215,5,05107,8,1,0,1,9,1,3
2024,09600215,5,05109,25,12,0,9,29,9,11
2024,09600215,5,05301,6,1,0,1,7,1,3
2024,09600215,5,05303,2,0,0,2,1,1,1
2024,09600215,5,05401,7,4,0,10,8,7,3
2024,09600215,5,05402,4,0,0,2,4,2,1
2024,09600215,5,05403,2,,0,,2,0,1
2024,09600215,5,05405,1,1,0,,2,0,2
2024,09600215,5,05501,21,12,0,20,15,7,4
2024,09600215,5,05502,3,,0,,3,0,2
2024,09600215,5,05503,4,,0,,4,0,2
2024,09600215,5,05504,4,1,0,4,3,2,1
2024,09600215,5,05506,2,1,0,3,3,3,1
2024,09600215,5,05601,8,5,0,3,11,3,4
2024,09600215,5,05602,6,1,0,,3,0,1
2024,09600215,5,05603,8,2,0,3,7,1,2
2024,09600215,5,05604,2,,0,,2,0,2
2024,09600215,5,05605,1,2,0,2,3,2,2
2024,09600215,5,05701,8,2,0,5,6,2,3
2024,09600215,5,05702,2,6,0,2,5,1,1
2024,09600215,5,05703,1,,0,,1,0,1
2024,09600215,5,05704,0,1,0,1,1,1,1
2024,09600215,5,05705,1,,0,,1,0,1
2024,09600215,5,05706,2,,0,,2,0,1
2024,09600215,5,05801,27,6,0,22,22,14,5
2024,09600215,5,05802,10,8,0,17,10,9,1
2024,09600215,5,05804,6,2,0,8,8,8,3
2024,09600215,6,06101,8,5,0,6,12,5,6
2024,09600215,6,06103,,1,0,,1,0,1
2024,09600215,6,06104,,2,0,,2,0,1
2024,09600215,6,06105,2,1,0,2,2,1,1
2024,09600215,6,06107,,1,0,,1,0,1
2024,09600215,6,06109,,2,0,,2,0,2
2024,09600215,6,06112,1,,0,,1,0,1
2024,09600215,6,06114,2,,0,,1,0,1
2024,09600215,6,06115,12,5,0,15,12,10,4
2024,09600215,6,06201,3,0,0,2,3,2,1
2024,09600215,6,06204,1,,0,,1,0,1
2024,09600215,6,06301,7,2,0,9,6,6,2
2024,09600215,6,06302,1,,0,,1,0,1
2024,09600215,6,06303,1,2,0,,3,0,2
2024,09600215,6,06305,2,,0,,1,0,1
2024,09600215,6,06310,5,1,0,5,4,3,1
2024,09600215,7,07101,32,14,0,17,31,7,9
2024,09600215,7,07102,3,3,0,2,5,1,4
2024,09600215,7,07105,5,3,0,6,8,6,1
2024,09600215,7,07106,2,,0,,2,0,2
2024,09600215,7,07108,4,,0,,4,0,1
2024,09600215,7,07109,1,1,0,,2,0,1
2024,09600215,7,07110,2,1,0,2,2,1,1
2024,09600215,7,07201,11,4,0,8,9,3,2
2024,09600215,7,07203,1,,0,,1,0,1
2024,09600215,7,07301,19,7,0,13,21,10,8
2024,09600215,7,07302,1,,0,,1,0,1
2024,09600215,7,07303,1,1,0,,2,0,1
2024,09600215,7,07304,8,4,0,4,9,2,3
2024,09600215,7,07305,1,1,0,2,1,1,1
2024,09600215,7,07306,4,1,0,2,4,1,1
2024,09600215,7,07307,2,,0,,2,0,2
2024,09600215,7,07308,5,3,0,2,6,1,2
2024,09600215,7,07401,8,2,0,2,9,2,3
2024,09600215,7,07402,2,1,0,,3,0,2
2024,09600215,7,07403,2,1,0,,3,0,2
2024,09600215,7,07404,5,1,1,,6,0,4
2024,09600215,7,07405,2,2,1,,4,0,1
2024,09600215,7,07406,11,3,0,14,7,7,2
2024,09600215,7,07407,3,,0,,3,0,2
2024,09600215,7,07408,3,0,0,2,2,1,2
2024,09600215,8,08101,6,6,0,5,9,3,5
2024,09600215,8,08102,5,5,0,5,6,2,2
2024,09600215,8,08103,12,5,0,9,12,6,4
2024,09600215,8,08105,4,2,0,3,4,1,2
2024,09600215,8,08106,3,0,0,2,2,1,1
2024,09600215,8,08108,11,7,0,14,16,12,6
2024,09600215,8,08109,2,2,0,4,2,2,1
2024,09600215,8,08110,16,4,0,5,16,3,3
2024,09600215,8,08111,2,0,0,1,2,1,2
2024,09600215,8,08112,11,6,0,11,12,6,4
2024,09600215,8,08201,2,,0,,1,0,1
2024,09600215,8,08202,5,1,0,6,6,6,2
2024,09600215,8,08203,4,1,0,3,4,2,1
2024,09600215,8,08204,1,,0,,1,0,1
2024,09600215,8,08205,1,1,0,,2,0,2
2024,09600215,8,08206,,1,0,,1,0,1
2024,09600215,8,08207,1,,0,,1,0,1
2024,09600215,8,08301,6,4,0,3,7,2,4
2024,09600215,8,08303,1,,0,,1,0,1
2024,09600215,8,08304,1,1,0,2,1,1,1
2024,09600215,8,08306,2,,0,,2,0,2
2024,09600215,8,08309,1,,0,,1,0,1
2024,09600215,8,08310,2,1,1,,3,0,1
2024,09600215,8,08311,2,1,0,2,2,1,2
2024,09600215,8,08313,1,2,0,3,2,2,1
2024,09600215,9,09101,9,1,3,10,9,9,5
2024,09600215,9,09102,1,,0,,1,0,1
2024,09600215,9,09104,2,,0,,1,0,1
2024,09600215,9,09105,0,1,0,1,1,1,1
2024,09600215,9,09106,1,0,1,1,1,1,1
2024,09600215,9,09108,2,,0,,2,0,1
2024,09600215,9,09109,3,,1,,3,0,2
2024,09600215,9,09111,4,,2,,4,0,1
2024,09600215,9,09112,2,0,0,2,2,2,2
2024,09600215,9,09114,7,1,2,7,5,4,1
2024,09600215,9,09115,6,2,0,3,6,2,1
2024,09600215,9,09119,0,1,0,1,1,1,1
2024,09600215,9,09120,4,3,3,2,6,1,3
2024,09600215,9,09201,3,1,0,4,4,4,3
2024,09600215,9,09202,2,,0,,1,0,1
2024,09600215,9,09206,2,1,1,3,2,2,1
2024,09600215,9,09211,1,1,1,2,2,2,1
2024,09600216,1,01101,20,6,0,26,16,16,4
2024,09600216,1,01107,22,7,3,27,17,15,4
2024,09600216,1,01401,20,13,9,33,3,3,1
2024,09600216,10,10101,8,3,1,11,9,9,4
2024,09600216,10,10102,3,0,0,2,3,2,2
2024,09600216,10,10104,1,1,0,,2,0,1
2024,09600216,10,10105,1,0,0,1,1,1,1
2024,09600216,10,10106,2,0,0,2,2,2,1
2024,09600216,10,10108,1,0,0,1,1,1,1
2024,09600216,10,10109,3,0,0,3,1,1,1
2024,09600216,10,10201,2,0,0,2,2,2,2
2024,09600216,10,10205,1,0,0,1,1,1,1
2024,09600216,10,10206,1,,0,,1,0,1
2024,09600216,10,10208,7,2,0,9,7,7,1
2024,09600216,10,10301,7,4,0,4,10,3,5
2024,09600216,10,10307,4,,1,,4,0,1
2024,09600216,12,12101,7,1,0,3,8,3,4
2024,09600216,13,13101,11,2,0,11,9,7,3
2024,09600216,13,13102,2,1,0,2,3,2,2
2024,09600216,13,13103,15,0,0,4,10,2,4
2024,09600216,13,13105,13,4,0,17,12,12,4
2024,09600216,13,13106,9,4,0,5,8,1,3
2024,09600216,13,13107,6,3,0,6,6,3,3
2024,09600216,13,13108,2,0,0,2,2,2,2
2024,09600216,13,13109,1,3,0,3,3,2,2
2024,09600216,13,13110,30,19,1,46,34,31,6
2024,09600216,13,13111,11,6,0,13,11,7,3
2024,09600216,13,13112,23,2,0,24,15,14,5
2024,09600216,13,13113,1,0,0,1,1,1,1
2024,09600216,13,13114,1,,0,,1,0,1
2024,09600216,13,13115,3,1,0,4,3,3,1
2024,09600216,13,13116,1,2,0,1,3,1,2
2024,09600216,13,13117,19,4,0,12,17,8,3
2024,09600216,13,13119,22,10,1,23,24,17,8
2024,09600216,13,13120,6,4,0,3,7,1,2
2024,09600216,13,13121,19,3,0,18,20,16,5
2024,09600216,13,13122,9,9,0,11,12,7,5
2024,09600216,13,13124,27,11,0,30,10,5,4
2024,09600216,13,13125,27,8,0,19,20,12,4
2024,09600216,13,13126,11,7,0,12,12,7,3
2024,09600216,13,13127,15,4,0,4,12,3,4
2024,09600216,13,13128,12,3,0,11,10,7,4
2024,09600216,13,13129,13,11,0,24,20,20,7
2024,09600216,13,13130,18,1,1,17,13,11,3
2024,09600216,13,13131,5,0,0,5,4,4,2
2024,09600216,13,13132,1,0,0,1,1,1,1
2024,09600216,13,13201,7,5,0,8,9,7,3
2024,09600216,13,13202,2,0,0,2,2,2,1
2024,09600216,13,13301,17,5,0,14,15,8,3
2024,09600216,13,13302,6,3,0,8,7,6,3
2024,09600216,13,13303,5,5,0,4,5,1,3
2024,09600216,13,13401,6,2,0,7,8,7,3
2024,09600216,13,13402,1,0,0,1,1,1,1
2024,09600216,13,13403,3,2,0,,5,0,2
2024,09600216,13,13404,14,4,0,15,12,10,4
2024,09600216,13,13501,3,1,0,1,4,1,3
2024,09600216,13,13503,3,0,0,3,3,3,1
2024,09600216,13,13504,1,3,0,1,4,1,3
2024,09600216,13,13601,6,1,0,,5,0,1
2024,09600216,13,13602,2,1,0,3,2,2,1
2024,09600216,13,13603,4,3,1,1,7,1,5
2024,09600216,13,13605,12,7,0,15,11,8,2
2024,09600216,14,14102,1,0,0,1,1,1,1
2024,09600216,14,14103,,1,0,,1,0,1
2024,09600216,14,14105,1,,0,,1,0,1
2024,09600216,14,14108,3,,0,,3,0,1
2024,09600216,14,14201,,1,1,,1,0,1
2024,09600216,14,14203,1,,0,,1,0,1
2024,09600216,14,14204,0,1,0,1,1,1,1
2024,09600216,15,15101,19,6,8,25,23,23,9
2024,09600216,16,16101,1,1,0,1,2,1,2
2024,09600216,16,16102,5,0,0,3,4,3,1
2024,09600216,16,16109,1,,0,,1,0,1
2024,09600216,16,16301,1,,0,,1,0,1
2024,09600216,16,16302,1,,0,,1,0,1
2024,09600216,16,16303,1,,0,,1,0,1
2024,09600216,2,02101,97,38,1,122,48,40,10
2024,09600216,2,02102,1,,0,,1,0,1
2024,09600216,2,02201,18,8,3,17,16,8,5
2024,09600216,3,03102,3,2,0,5,3,3,1
2024,09600216,3,03103,2,,0,,2,0,1
2024,09600216,3,03201,1,,0,,1,0,1
2024,09600216,3,03301,2,0,0,1,2,1,1
2024,09600216,3,03302,1,,0,,1,0,1
2024,09600216,3,03304,,1,0,,1,0,1
2024,09600216,4,04101,13,8,0,11,15,7,6
2024,09600216,4,04102,11,6,0,16,12,11,5
2024,09600216,4,04105,1,,0,,1,0,1
2024,09600216,4,04106,1,1,0,1,2,1,1
2024,09600216,4,04201,1,,0,,1,0,1
2024,09600216,4,04203,,1,0,,1,0,1
2024,09600216,4,04204,0,2,0,2,2,2,2
2024,09600216,4,04301,10,2,0,2,10,2,4
2024,09600216,4,04303,1,,0,,1,0,1
2024,09600216,5,05101,15,5,0,15,14,10,10
2024,09600216,5,05105,1,1,0,1,2,1,2
2024,09600216,5,05107,3,,0,,3,0,3
2024,09600216,5,05109,17,6,0,7,18,4,8
2024,09600216,5,05301,6,,0,,5,0,2
2024,09600216,5,05303,1,1,0,2,2,2,1
2024,09600216,5,05401,5,1,0,4,5,3,4
2024,09600216,5,05402,1,1,0,2,2,2,1
2024,09600216,5,05404,2,,0,,2,0,1
2024,09600216,5,05501,15,5,0,15,10,5,4
2024,09600216,5,05502,4,3,0,1,7,1,2
2024,09600216,5,05504,3,1,0,2,3,1,1
2024,09600216,5,05506,2,1,0,3,3,3,1
2024,09600216,5,05601,26,13,0,32,24,17,6
2024,09600216,5,05602,4,1,0,,3,0,1
2024,09600216,5,05603,4,,0,,4,0,2
2024,09600216,5,05604,5,4,0,2,6,1,2
2024,09600216,5,05701,4,5,0,6,6,3,2
2024,09600216,5,05702,1,5,0,2,4,1,1
2024,09600216,5,05705,7,1,0,8,1,1,1
2024,09600216,5,05706,2,,0,,2,0,1
2024,09600216,5,05801,5,3,0,8,5,5,2
2024,09600216,5,05802,7,5,0,12,7,7,1
2024,09600216,5,05803,1,0,0,1,1,1,1
2024,09600216,5,05804,5,8,0,9,8,5,3
2024,09600216,6,06101,20,9,0,11,25,9,8
2024,09600216,6,06102,1,0,0,1,1,1,1
2024,09600216,6,06103,1,,0,,1,0,1
2024,09600216,6,06104,2,1,0,,3,0,2
2024,09600216,6,06105,9,1,0,,7,0,2
2024,09600216,6,06106,1,1,0,2,1,1,1
2024,09600216,6,06108,1,,0,,1,0,1
2024,09600216,6,06110,2,1,0,,2,0,1
2024,09600216,6,06111,4,2,0,1,5,1,2
2024,09600216,6,06112,3,1,0,2,3,1,2
2024,09600216,6,06113,2,4,0,4,6,4,3
2024,09600216,6,06115,8,4,0,11,6,5,3
2024,09600216,6,06117,2,1,0,,3,0,3
2024,09600216,6,06203,1,,0,,1,0,1
2024,09600216,6,06206,,1,0,,1,0,1
2024,09600216,6,06301,8,5,0,13,8,8,2
2024,09600216,6,06302,1,1,0,,2,0,1
2024,09600216,6,06303,1,0,0,1,1,1,1
2024,09600216,6,06306,1,,0,,1,0,1
2024,09600216,6,06308,2,0,0,1,2,1,1
2024,09600216,6,06310,3,1,0,4,2,2,1
2024,09600216,7,07101,56,19,0,27,41,9,10
2024,09600216,7,07102,4,3,0,2,6,1,2
2024,09600216,7,07105,14,5,0,17,10,9,1
2024,09600216,7,07106,3,,0,,3,0,2
2024,09600216,7,07108,8,2,0,,5,0,1
2024,09600216,7,07109,3,2,0,,5,0,4
2024,09600216,7,07110,1,,,,1,0,1
2024,09600216,7,07201,18,9,1,18,16,7,3
2024,09600216,7,07203,,2,0,,2,0,1
2024,09600216,7,07301,15,9,0,12,17,9,9
2024,09600216,7,07302,2,1,0,2,2,1,1
2024,09600216,7,07303,2,1,0,1,3,1,2
2024,09600216,7,07304,17,5,0,5,15,2,3
2024,09600216,7,07306,7,0,0,2,4,1,1
2024,09600216,7,07307,2,,0,,2,0,1
2024,09600216,7,07308,5,6,0,4,9,2,2
2024,09600216,7,07401,13,6,0,9,12,5,3
2024,09600216,7,07402,4,4,0,2,7,1,2
2024,09600216,7,07403,2,1,0,,3,0,2
2024,09600216,7,07404,10,2,1,,8,0,3
2024,09600216,7,07405,2,3,1,,5,0,1
2024,09600216,7,07406,11,4,0,15,9,9,2
2024,09600216,7,07408,1,0,0,1,1,1,1
2024,09600216,8,08101,7,3,0,,7,0,4
2024,09600216,8,08102,5,5,0,6,6,3,3
2024,09600216,8,08103,8,4,0,7,11,6,4
2024,09600216,8,08106,4,0,0,3,3,2,2
2024,09600216,8,08107,1,,0,,1,0,1
2024,09600216,8,08108,11,5,0,11,11,6,4
2024,09600216,8,08110,5,0,0,1,5,1,3
2024,09600216,8,08111,1,,0,,1,0,1
2024,09600216,8,08112,4,1,0,2,4,2,2
2024,09600216,8,08203,1,0,0,1,1,1,1
2024,09600216,8,08301,13,3,0,1,13,1,6
2024,09600216,8,08303,1,,0,,1,0,1
2024,09600216,8,08304,3,,0,,3,0,2
2024,09600216,8,08311,2,0,0,1,2,1,2
2024,09600216,8,08313,1,,0,,1,0,1
2024,09600216,9,09101,10,2,1,12,10,10,7
2024,09600216,9,09103,,1,0,,1,0,1
2024,09600216,9,09104,1,,0,,1,0,1
2024,09600216,9,09105,1,1,0,2,2,2,1
2024,09600216,9,09106,,1,0,,1,0,1
2024,09600216,9,09109,1,1,0,2,1,1,1
2024,09600216,9,09113,,1,0,,1,0,1
2024,09600216,9,09114,1,1,0,2,1,1,1
2024,09600216,9,09115,1,,0,,1,0,1
2024,09600216,9,09201,1,0,0,1,1,1,1
2024,09600216,9,09203,1,,0,,1,0,1
2024,09600216,9,09208,,1,0,,1,0,1
2024,09600216,9,09210,7,1,1,5,4,2,1
2024,09600218,1,01101,8,4,0,12,8,8,4
2024,09600218,1,01107,18,6,3,24,12,12,5
2024,09600218,1,01401,11,17,9,28,5,5,3
2024,09600218,1,01403,1,2,3,2,2,1,1
2024,09600218,10,10101,38,27,0,65,16,16,4
2024,09600218,10,10102,2,0,0,2,2,2,2
2024,09600218,10,10103,1,0,0,1,1,1,1
2024,09600218,10,10104,3,2,0,2,5,2,3
2024,09600218,10,10105,1,0,0,1,1,1,1
2024,09600218,10,10106,1,1,0,2,2,2,1
2024,09600218,10,10108,2,0,0,2,1,1,1
2024,09600218,10,10109,15,8,0,23,7,7,2
2024,09600218,10,10201,35,27,1,62,17,17,7
2024,09600218,10,10202,1,0,0,1,1,1,1
2024,09600218,10,10203,1,0,0,1,1,1,1
2024,09600218,10,10205,2,3,1,4,2,1,2
2024,09600218,10,10206,1,,0,,1,0,1
2024,09600218,10,10207,1,2,0,3,3,3,2
2024,09600218,10,10208,7,1,2,8,5,5,1
2024,09600218,10,10210,1,0,1,1,1,1,1
2024,09600218,10,10303,4,1,0,5,4,4,3
2024,09600218,10,10304,1,,1,,1,0,1
2024,09600218,10,10305,,1,0,,1,0,1
2024,09600218,10,10306,0,1,0,1,1,1,1
2024,09600218,10,10307,5,1,4,4,4,2,2
2024,09600218,11,11101,1,,0,,1,0,1
2024,09600218,11,11202,1,,0,,1,0,1
2024,09600218,11,11203,,2,1,,2,0,1
2024,09600218,11,11303,1,1,0,1,2,1,1
2024,09600218,11,11401,7,2,0,7,3,2,2
2024,09600218,11,11402,1,1,0,,2,0,2
2024,09600218,12,12101,4,2,0,3,4,1,3
2024,09600218,12,12201,1,1,0,1,2,1,1
2024,09600218,12,12301,4,1,1,,4,0,1
2024,09600218,12,12401,6,3,0,9,1,1,1
2024,09600218,13,13101,66,34,5,83,44,33,6
2024,09600218,13,13103,1,3,0,,4,0,2
2024,09600218,13,13104,8,6,0,4,13,4,3
2024,09600218,13,13105,10,7,0,17,8,8,4
2024,09600218,13,13106,10,4,1,8,5,2,3
2024,09600218,13,13107,1,3,0,,3,0,3
2024,09600218,13,13109,9,8,0,13,10,6,3
2024,09600218,13,13110,10,11,0,16,17,13,6
2024,09600218,13,13111,10,5,0,11,12,8,3
2024,09600218,13,13112,10,6,0,15,11,10,5
2024,09600218,13,13113,2,1,0,2,2,1,2
2024,09600218,13,13114,1,1,0,2,1,1,1
2024,09600218,13,13115,1,0,0,1,1,1,1
2024,09600218,13,13116,15,2,0,3,12,2,4
2024,09600218,13,13117,3,5,0,5,7,4,3
2024,09600218,13,13118,1,1,0,,2,0,2
2024,09600218,13,13119,29,14,0,30,26,16,9
2024,09600218,13,13120,1,3,0,,4,0,1
2024,09600218,13,13121,13,8,0,21,15,15,5
2024,09600218,13,13122,6,2,0,7,7,6,4
2024,09600218,13,13124,14,5,0,17,11,9,3
2024,09600218,13,13125,3,2,0,2,5,2,3
2024,09600218,13,13126,12,2,0,3,10,2,4
2024,09600218,13,13127,8,6,0,9,7,3,2
2024,09600218,13,13128,11,10,1,13,15,9,3
2024,09600218,13,13129,19,13,0,32,18,18,6
2024,09600218,13,13130,8,5,0,10,9,6,3
2024,09600218,13,13131,22,29,0,51,9,9,3
2024,09600218,13,13132,4,1,0,5,4,4,1
2024,09600218,13,13201,8,14,1,17,13,11,4
2024,09600218,13,13202,1,4,0,5,3,3,2
2024,09600218,13,13203,2,2,0,3,2,1,2
2024,09600218,13,13301,9,1,0,7,8,5,3
2024,09600218,13,13302,8,9,0,17,5,5,2
2024,09600218,13,13303,2,5,0,6,3,2,2
2024,09600218,13,13401,6,7,1,11,7,5,2
2024,09600218,13,13402,10,6,0,16,9,9,4
2024,09600218,13,13403,5,7,0,8,6,2,1
2024,09600218,13,13404,13,5,0,14,15,11,6
2024,09600218,13,13501,33,31,0,55,19,14,6
2024,09600218,13,13502,2,1,0,,2,0,2
2024,09600218,13,13504,1,1,0,,2,0,1
2024,09600218,13,13601,7,7,0,9,6,1,2
2024,09600218,13,13602,3,,0,,2,0,1
2024,09600218,13,13603,1,0,0,1,1,1,1
2024,09600218,13,13605,49,41,0,74,12,9,2
2024,09600218,14,14101,2,1,0,1,3,1,2
2024,09600218,14,14102,1,1,0,2,1,1,1
2024,09600218,14,14103,3,2,0,4,4,3,1
2024,09600218,14,14105,5,,1,,5,0,1
2024,09600218,14,14106,1,1,1,,2,0,2
2024,09600218,14,14107,1,1,0,2,2,2,2
2024,09600218,14,14108,3,3,1,3,6,3,2
2024,09600218,14,14202,4,3,0,3,5,1,3
2024,09600218,14,14203,3,,0,,2,0,2
2024,09600218,14,14204,9,4,1,11,8,6,4
2024,09600218,15,15101,5,,1,,5,0,5
2024,09600218,15,15102,3,2,5,4,5,4,1
2024,09600218,15,15201,1,,1,,1,0,1
2024,09600218,15,15202,2,,2,,1,0,1
2024,09600218,16,16101,31,25,0,50,14,8,6
2024,09600218,16,16102,,1,0,,1,0,1
2024,09600218,16,16103,4,1,0,4,2,1,1
2024,09600218,16,16104,5,1,0,,5,0,1
2024,09600218,16,16106,31,12,0,40,11,9,2
2024,09600218,16,16107,0,1,0,1,1,1,1
2024,09600218,16,16108,4,1,0,5,3,3,1
2024,09600218,16,16109,1,1,0,2,1,1,1
2024,09600218,16,16201,7,6,0,13,4,4,1
2024,09600218,16,16202,,1,0,,1,0,1
2024,09600218,16,16301,7,4,0,5,8,2,2
2024,09600218,16,16303,5,1,0,4,3,1,2
2024,09600218,16,16305,2,1,0,2,2,1,2
2024,09600218,2,02101,21,12,0,30,20,17,8
2024,09600218,2,02103,,1,0,,1,0,1
2024,09600218,2,02201,,1,0,,1,0,1
2024,09600218,2,02203,1,2,2,1,3,1,1
2024,09600218,2,02301,7,,0,,4,0,1
2024,09600218,3,03102,1,0,0,1,1,1,1
2024,09600218,3,03103,2,,0,,2,0,1
2024,09600218,3,03201,6,2,0,8,1,1,1
2024,09600218,3,03301,9,11,0,18,6,5,2
2024,09600218,4,04101,8,4,0,9,8,5,4
2024,09600218,4,04102,29,22,0,48,21,19,6
2024,09600218,4,04103,6,4,0,10,2,2,1
2024,09600218,4,04106,1,1,0,2,2,2,1
2024,09600218,4,04201,9,4,0,7,3,1,1
2024,09600218,4,04203,,1,0,,1,0,1
2024,09600218,4,04204,8,1,0,9,5,5,2
2024,09600218,4,04301,9,6,0,10,8,5,4
2024,09600218,4,04302,3,5,0,3,6,2,6
2024,09600218,4,04303,2,2,0,2,4,2,3
2024,09600218,4,04304,2,2,0,2,3,1,1
2024,09600218,4,04305,,1,0,,1,0,1
2024,09600218,5,05101,16,12,0,24,12,9,7
2024,09600218,5,05103,2,1,0,3,3,3,1
2024,09600218,5,05105,2,4,0,6,2,2,2
2024,09600218,5,05107,,1,0,,1,0,1
2024,09600218,5,05109,8,4,0,8,9,5,6
2024,09600218,5,05301,5,3,0,,7,0,4
2024,09600218,5,05302,1,0,0,1,1,1,1
2024,09600218,5,05303,1,0,0,1,1,1,1
2024,09600218,5,05304,2,,0,,2,0,1
2024,09600218,5,05401,1,2,0,3,3,3,2
2024,09600218,5,05402,,1,0,,1,0,1
2024,09600218,5,05403,1,3,0,4,1,1,1
2024,09600218,5,05405,5,,0,,5,0,2
2024,09600218,5,05501,97,66,0,160,16,13,4
2024,09600218,5,05506,5,2,0,7,3,3,1
2024,09600218,5,05602,1,,0,,1,0,1
2024,09600218,5,05603,,2,0,,2,0,2
2024,09600218,5,05605,4,5,0,9,2,2,2
2024,09600218,5,05701,3,4,0,4,4,2,2
2024,09600218,5,05702,8,7,0,9,5,3,2
2024,09600218,5,05703,1,,0,,1,0,1
2024,09600218,5,05705,1,1,0,2,1,1,1
2024,09600218,5,05706,1,,0,,1,0,1
2024,09600218,5,05801,2,0,0,1,2,1,2
2024,09600218,5,05802,1,,0,,1,0,1
2024,09600218,5,05804,4,2,0,5,5,4,4
2024,09600218,6,06101,10,2,0,4,10,3,4
2024,09600218,6,06102,11,17,0,24,9,6,2
2024,09600218,6,06104,2,3,0,2,4,1,3
2024,09600218,6,06105,3,1,0,1,4,1,2
2024,09600218,6,06106,,1,0,,1,0,1
2024,09600218,6,06108,1,1,0,2,1,1,1
2024,09600218,6,06110,1,,0,,1,0,1
2024,09600218,6,06111,3,3,0,2,5,2,1
2024,09600218,6,06112,1,,0,,1,0,1
2024,09600218,6,06113,3,2,0,4,3,2,3
2024,09600218,6,06115,9,5,0,11,12,9,6
2024,09600218,6,06117,2,0,0,1,2,1,1
2024,09600218,6,06201,,1,0,,1,0,1
2024,09600218,6,06203,1,0,0,1,1,1,1
2024,09600218,6,06301,5,2,0,7,6,6,2
2024,09600218,6,06302,2,2,0,3,3,2,1
2024,09600218,6,06303,5,6,0,6,8,4,4
2024,09600218,6,06305,3,,0,,2,0,1
2024,09600218,6,06306,1,2,0,,3,0,2
2024,09600218,6,06307,3,0,0,3,2,2,2
2024,09600218,6,06308,1,2,0,3,2,2,1
2024,09600218,6,06310,,1,0,,1,0,1
2024,09600218,7,07101,12,6,0,8,14,4,5
2024,09600218,7,07102,,3,0,,3,0,2
2024,09600218,7,07103,,1,0,,1,0,1
2024,09600218,7,07104,4,,0,,3,0,1
2024,09600218,7,07105,2,1,0,3,3,3,2
2024,09600218,7,07109,1,2,0,,3,0,2
2024,09600218,7,07110,2,2,0,1,4,1,1
2024,09600218,7,07201,2,,0,,1,0,1
2024,09600218,7,07301,12,5,0,14,11,8,5
2024,09600218,7,07303,,2,0,,2,0,2
2024,09600218,7,07304,4,,0,,4,0,2
2024,09600218,7,07308,2,1,0,,3,0,1
2024,09600218,7,07309,,1,0,,1,0,1
2024,09600218,7,07401,5,2,0,,7,0,3
2024,09600218,7,07402,,1,0,,1,0,1
2024,09600218,7,07405,,1,0,,1,0,1
2024,09600218,7,07406,12,2,0,14,11,11,3
2024,09600218,7,07408,4,2,0,5,3,2,3
2024,09600218,8,08101,6,2,0,4,4,1,2
2024,09600218,8,08102,2,5,0,4,6,3,3
2024,09600218,8,08103,5,2,0,4,4,2,2
2024,09600218,8,08104,1,0,0,1,1,1,1
2024,09600218,8,08105,5,7,0,9,5,2,2
2024,09600218,8,08106,5,3,0,7,6,5,2
2024,09600218,8,08108,5,1,0,6,4,4,2
2024,09600218,8,08110,2,7,0,,6,0,4
2024,09600218,8,08111,7,1,0,,7,0,4
2024,09600218,8,08112,2,,0,,2,0,2
2024,09600218,8,08202,4,6,0,10,5,5,1
2024,09600218,8,08301,13,11,0,14,15,6,8
2024,09600218,8,08302,2,1,0,,3,0,2
2024,09600218,8,08303,4,2,0,4,3,2,2
2024,09600218,8,08304,4,1,0,,4,0,2
2024,09600218,8,08305,6,3,1,4,9,4,6
2024,09600218,8,08307,1,,0,,1,0,1
2024,09600218,8,08309,2,0,0,2,1,1,1
2024,09600218,8,08310,16,13,0,27,9,7,1
2024,09600218,8,08312,,1,0,,1,0,1
2024,09600218,8,08313,2,0,0,1,2,1,1
2024,09600218,8,08314,7,6,12,7,6,2,4
2024,09600218,9,09101,4,5,1,9,4,4,3
2024,09600218,9,09102,2,2,0,,4,0,2
2024,09600218,9,09103,,1,0,,1,0,1
2024,09600218,9,09104,20,8,10,17,13,4,5
2024,09600218,9,09105,4,6,3,10,2,2,2
2024,09600218,9,09106,,3,3,,2,0,1
2024,09600218,9,09107,,1,0,,1,0,1
2024,09600218,9,09108,1,,1,,1,0,1
2024,09600218,9,09109,6,7,4,2,8,1,3
2024,09600218,9,09110,1,3,2,,3,0,2
2024,09600218,9,09112,1,1,1,2,2,2,2
2024,09600218,9,09114,18,10,1,27,6,5,2
2024,09600218,9,09115,1,,0,,1,0,1
2024,09600218,9,09119,4,3,0,7,4,4,1
2024,09600218,9,09120,4,5,1,5,5,1,3
2024,09600218,9,09201,0,2,0,2,2,2,1
2024,09600218,9,09204,1,1,0,2,2,2,1
2024,09600218,9,09208,0,2,2,1,2,1,1
2024,09600218,9,09210,2,3,5,5,2,2,2
2024,09600218,9,09211,1,1,0,2,2,2,1
2024,09600219,1,01101,20,8,0,28,18,18,4
2024,09600219,1,01107,29,16,6,44,19,18,5
2024,09600219,1,01401,18,13,9,31,8,8,1
2024,09600219,1,01405,1,,0,,1,0,1
2024,09600219,10,10101,9,8,0,17,11,11,4
2024,09600219,10,10102,1,1,1,1,2,1,1
2024,09600219,10,10104,4,1,0,2,4,1,1
2024,09600219,10,10105,0,1,0,1,1,1,1
2024,09600219,10,10106,4,0,1,4,4,4,1
2024,09600219,10,10107,0,1,0,1,1,1,1
2024,09600219,10,10108,1,0,0,1,1,1,1
2024,09600219,10,10109,17,11,0,28,10,10,2
2024,09600219,10,10201,5,3,0,8,7,7,4
2024,09600219,10,10206,1,,0,,1,0,1
2024,09600219,10,10208,16,5,1,21,8,8,1
2024,09600219,10,10301,9,6,1,,10,0,3
2024,09600219,10,10304,2,2,2,,4,0,2
2024,09600219,10,10306,1,0,0,1,1,1,1
2024,09600219,10,10307,2,,0,,2,0,1
2024,09600219,10,10402,5,0,0,5,4,4,1
2024,09600219,10,10403,2,2,2,4,3,3,1
2024,09600219,12,12101,4,1,1,3,5,3,2
2024,09600219,12,12301,3,1,0,3,2,1,1
2024,09600219,13,13101,88,27,3,71,50,31,6
2024,09600219,13,13103,9,3,0,10,5,3,2
2024,09600219,13,13104,5,2,0,4,4,2,2
2024,09600219,13,13105,12,7,0,19,16,16,5
2024,09600219,13,13106,3,4,0,5,3,1,2
2024,09600219,13,13107,5,1,0,2,4,1,2
2024,09600219,13,13108,3,1,0,4,4,4,1
2024,09600219,13,13109,9,4,0,9,9,6,3
2024,09600219,13,13110,45,18,0,56,39,34,7
2024,09600219,13,13111,12,12,0,23,13,12,3
2024,09600219,13,13112,39,4,0,36,34,27,6
2024,09600219,13,13113,3,2,0,4,5,4,2
2024,09600219,13,13114,2,4,0,2,5,1,1
2024,09600219,13,13115,0,1,0,1,1,1,1
2024,09600219,13,13116,15,5,0,9,12,4,4
2024,09600219,13,13117,10,4,0,11,9,6,3
2024,09600219,13,13118,6,2,0,4,6,2,2
2024,09600219,13,13119,22,11,0,24,27,18,12
2024,09600219,13,13120,6,3,0,2,8,1,2
2024,09600219,13,13121,17,7,0,20,18,15,4
2024,09600219,13,13122,11,8,0,6,15,3,5
2024,09600219,13,13124,24,6,0,20,14,7,5
2024,09600219,13,13125,16,7,0,18,14,9,4
2024,09600219,13,13126,20,8,0,9,18,4,4
2024,09600219,13,13127,8,5,0,6,8,2,3
2024,09600219,13,13128,24,4,1,19,19,12,4
2024,09600219,13,13129,5,0,0,5,5,5,3
2024,09600219,13,13130,21,14,0,32,20,17,3
2024,09600219,13,13131,10,7,0,14,11,8,3
2024,09600219,13,13132,1,0,0,1,1,1,1
2024,09600219,13,13201,13,7,0,16,14,10,3
2024,09600219,13,13202,5,3,0,8,6,6,2
2024,09600219,13,13203,,10,0,,1,0,1
2024,09600219,13,13301,26,5,0,17,17,8,3
2024,09600219,13,13302,12,3,0,13,8,6,3
2024,09600219,13,13303,5,5,0,4,5,1,3
2024,09600219,13,13401,14,4,0,15,13,10,4
2024,09600219,13,13402,8,5,0,11,12,10,3
2024,09600219,13,13403,1,2,0,2,2,1,2
2024,09600219,13,13404,27,18,2,41,22,18,5
2024,09600219,13,13501,12,4,0,5,14,5,6
2024,09600219,13,13502,2,,0,,2,0,1
2024,09600219,13,13504,2,1,0,,3,0,2
2024,09600219,13,13601,2,1,0,,3,0,1
2024,09600219,13,13602,5,1,0,3,5,2,1
2024,09600219,13,13603,11,6,0,4,15,2,5
2024,09600219,13,13605,14,7,0,18,12,10,2
2024,09600219,14,14101,0,1,0,1,1,1,1
2024,09600219,14,14102,1,,0,,1,0,1
2024,09600219,14,14103,1,,0,,1,0,1
2024,09600219,14,14105,1,,1,,1,0,1
2024,09600219,14,14106,1,1,0,1,2,1,1
2024,09600219,14,14107,1,0,0,1,1,1,1
2024,09600219,14,14108,7,3,1,5,8,3,2
2024,09600219,14,14201,2,,0,,2,0,1
2024,09600219,14,14202,4,1,0,4,3,2,2
2024,09600219,14,14203,,1,0,,1,0,1
2024,09600219,14,14204,1,0,0,1,1,1,1
2024,09600219,15,15101,7,2,4,2,6,1,5
2024,09600219,15,15201,1,,1,,1,0,1
2024,09600219,16,16101,36,13,0,21,29,9,8
2024,09600219,16,16102,3,2,0,2,5,2,2
2024,09600219,16,16104,3,3,0,2,5,1,1
2024,09600219,16,16106,4,2,0,5,6,5,2
2024,09600219,16,16107,16,1,0,17,10,10,1
2024,09600219,16,16108,4,3,0,6,5,4,1
2024,09600219,16,16109,2,0,0,2,1,1,1
2024,09600219,16,16201,14,3,0,13,5,1,1
2024,09600219,16,16202,1,,0,,1,0,1
2024,09600219,16,16203,5,1,0,5,4,3,1
2024,09600219,16,16301,11,3,0,2,10,1,3
2024,09600219,16,16302,1,,0,,1,0,1
2024,09600219,16,16305,6,6,0,3,9,1,2
2024,09600219,2,02101,57,27,1,66,43,32,8
2024,09600219,2,02103,,1,0,,1,0,1
2024,09600219,2,02201,3,2,0,2,4,1,3
2024,09600219,2,02203,0,3,1,2,3,2,1
2024,09600219,2,02301,6,2,0,3,6,1,1
2024,09600219,3,03103,6,2,0,3,6,2,1
2024,09600219,3,03201,2,,0,,1,0,1
2024,09600219,3,03301,5,0,0,4,5,4,2
2024,09600219,3,03304,1,1,0,,2,0,1
2024,09600219,4,04101,8,9,0,9,15,7,6
2024,09600219,4,04102,44,16,0,53,31,26,6
2024,09600219,4,04103,2,5,1,4,4,1,1
2024,09600219,4,04104,2,,0,,2,0,2
2024,09600219,4,04106,0,4,0,4,3,3,1
2024,09600219,4,04201,,2,0,,2,0,1
2024,09600219,4,04203,2,0,0,1,2,1,2
2024,09600219,4,04301,8,5,0,9,12,8,4
2024,09600219,4,04302,,2,0,,2,0,2
2024,09600219,4,04303,1,1,0,,2,0,1
2024,09600219,4,04304,1,2,0,2,2,1,1
2024,09600219,5,05101,23,8,0,28,15,13,8
2024,09600219,5,05102,1,,0,,1,0,1
2024,09600219,5,05103,4,0,0,4,3,3,1
2024,09600219,5,05105,2,2,0,2,3,2,1
2024,09600219,5,05107,4,,0,,4,0,2
2024,09600219,5,05109,20,14,0,25,19,11,8
2024,09600219,5,05301,4,1,0,,4,0,1
2024,09600219,5,05304,1,,0,,1,0,1
2024,09600219,5,05401,2,2,0,2,4,2,4
2024,09600219,5,05402,1,,0,,1,0,1
2024,09600219,5,05405,4,1,0,,5,0,2
2024,09600219,5,05501,83,36,0,98,21,11,3
2024,09600219,5,05502,1,0,0,1,1,1,1
2024,09600219,5,05504,4,3,0,6,3,2,1
2024,09600219,5,05506,1,1,0,2,2,2,1
2024,09600219,5,05601,6,1,0,4,6,3,5
2024,09600219,5,05602,4,0,0,1,3,1,1
2024,09600219,5,05603,1,,0,,1,0,1
2024,09600219,5,05604,11,1,0,2,8,1,2
2024,09600219,5,05605,0,3,0,3,2,2,1
2024,09600219,5,05701,16,3,0,3,11,3,3
2024,09600219,5,05702,3,4,0,4,4,2,2
2024,09600219,5,05705,4,,0,,2,0,1
2024,09600219,5,05706,1,,0,,1,0,1
2024,09600219,5,05801,8,3,0,8,8,6,5
2024,09600219,5,05802,3,3,0,5,5,4,1
2024,09600219,5,05804,14,5,1,12,16,9,4
2024,09600219,6,06101,16,4,0,4,15,2,7
2024,09600219,6,06102,5,0,0,1,4,1,2
2024,09600219,6,06103,1,2,0,,3,0,1
2024,09600219,6,06104,3,2,0,,5,0,3
2024,09600219,6,06105,1,1,0,1,2,1,1
2024,09600219,6,06106,5,3,0,4,6,3,1
2024,09600219,6,06107,1,1,0,2,1,1,1
2024,09600219,6,06109,,2,0,,2,0,1
2024,09600219,6,06111,1,2,0,1,3,1,1
2024,09600219,6,06113,2,2,0,1,4,1,2
2024,09600219,6,06114,3,,0,,2,0,1
2024,09600219,6,06115,16,8,0,20,17,14,5
2024,09600219,6,06117,2,,0,,2,0,1
2024,09600219,6,06202,,1,0,,1,0,1
2024,09600219,6,06203,1,,0,,1,0,1
2024,09600219,6,06204,3,,0,,2,0,1
2024,09600219,6,06301,9,0,0,6,8,5,5
2024,09600219,6,06302,1,0,0,1,1,1,1
2024,09600219,6,06303,4,5,0,3,7,2,1
2024,09600219,6,06306,2,2,0,,4,0,3
2024,09600219,6,06307,1,1,0,1,2,1,2
2024,09600219,6,06310,3,2,0,3,4,2,1
2024,09600219,7,07101,8,3,0,,11,0,4
2024,09600219,7,07102,2,1,0,,3,0,3
2024,09600219,7,07105,0,2,0,2,2,2,1
2024,09600219,7,07106,1,,0,,1,0,1
2024,09600219,7,07110,4,2,0,3,5,2,1
2024,09600219,7,07201,3,1,0,,4,0,1
2024,09600219,7,07203,1,1,0,,2,0,1
2024,09600219,7,07301,21,1,0,8,18,7,4
2024,09600219,7,07303,1,,0,,1,0,1
2024,09600219,7,07304,5,5,0,3,8,1,3
2024,09600219,7,07306,3,1,0,4,2,2,1
2024,09600219,7,07307,1,,0,,1,0,1
2024,09600219,7,07308,1,3,0,,4,0,1
2024,09600219,7,07401,6,3,0,1,9,1,7
2024,09600219,7,07402,3,2,0,2,4,1,2
2024,09600219,7,07403,10,,0,,10,0,6
2024,09600219,7,07404,2,,0,,2,0,2
2024,09600219,7,07405,1,1,0,,2,0,1
2024,09600219,7,07406,2,3,0,5,4,4,2
2024,09600219,7,07407,4,1,0,2,4,1,3
2024,09600219,7,07408,6,0,0,5,4,3,2
2024,09600219,8,08101,5,2,0,4,5,2,2
2024,09600219,8,08102,2,0,0,1,2,1,2
2024,09600219,8,08103,6,2,0,5,7,4,4
2024,09600219,8,08104,1,,0,,1,0,1
2024,09600219,8,08105,8,3,0,6,8,3,2
2024,09600219,8,08106,3,4,0,4,6,3,3
2024,09600219,8,08108,11,4,0,12,9,8,3
2024,09600219,8,08110,10,4,0,6,8,2,4
2024,09600219,8,08111,4,,0,,2,0,1
2024,09600219,8,08112,13,4,0,9,10,5,3
2024,09600219,8,08202,0,4,0,4,2,2,1
2024,09600219,8,08203,1,0,0,1,1,1,1
2024,09600219,8,08205,,1,0,,1,0,1
2024,09600219,8,08206,1,,0,,1,0,1
2024,09600219,8,08207,1,,1,,1,0,1
2024,09600219,8,08301,6,1,0,1,6,1,4
2024,09600219,8,08302,,1,0,,1,0,1
2024,09600219,8,08303,1,,0,,1,0,1
2024,09600219,8,08304,6,2,0,2,6,1,2
2024,09600219,8,08305,1,0,0,1,1,1,1
2024,09600219,8,08309,1,,0,,1,0,1
2024,09600219,8,08310,3,1,1,,4,0,1
2024,09600219,8,08311,2,1,0,2,2,1,2
2024,09600219,8,08312,1,2,0,,3,0,1
2024,09600219,8,08313,8,2,0,8,5,3,2
2024,09600219,9,09101,6,3,0,8,8,7,6
2024,09600219,9,09102,3,,0,,3,0,1
2024,09600219,9,09103,,1,0,,1,0,1
2024,09600219,9,09104,3,,0,,2,0,1
2024,09600219,9,09105,1,1,0,2,1,1,1
2024,09600219,9,09106,,1,0,,1,0,1
2024,09600219,9,09107,1,1,0,2,1,1,1
2024,09600219,9,09108,1,0,0,1,1,1,1
2024,09600219,9,09109,4,3,1,1,7,1,3
2024,09600219,9,09110,2,,1,,2,0,1
2024,09600219,9,09112,3,2,2,5,5,5,2
2024,09600219,9,09114,10,3,0,13,7,7,1
2024,09600219,9,09116,1,0,1,1,1,1,1
2024,09600219,9,09119,1,2,0,3,2,2,1
2024,09600219,9,09120,7,4,3,2,9,2,4
2024,09600219,9,09201,1,0,0,1,1,1,1
2024,09600219,9,09202,2,,0,,1,0,1
2024,09600219,9,09203,4,3,0,6,3,2,1
2024,09600219,9,09204,1,0,1,1,1,1,1
2024,09600219,9,09206,5,0,1,4,5,4,1
2024,09600219,9,09210,2,,1,,2,0,2
2024,29101629,1,01403,1,0,1,1,1,1,1
2024,29101629,1,01404,2,1,1,2,1,1,1
2024,29101629,10,10101,1,1,0,1,1,1,1
2024,29101629,10,10102,93,67,26,93,7,7,5
2024,29101629,10,10103,22,15,7,22,10,10,3
2024,29101629,10,10104,77,57,20,77,3,3,1
2024,29101629,10,10106,64,49,15,64,3,3,1
2024,29101629,10,10107,148,98,50,148,6,6,1
2024,29101629,10,10108,257,198,59,257,7,7,1
2024,29101629,10,10201,1,0,1,1,1,1,1
2024,29101629,10,10205,17,14,3,17,7,7,2
2024,29101629,10,10207,1,1,0,1,1,1,1
2024,29101629,10,10208,22,18,4,22,8,8,1
2024,29101629,10,10209,1,1,0,1,1,1,1
2024,29101629,10,10301,6,3,3,6,4,4,1
2024,29101629,10,10303,17,14,3,17,7,7,2
2024,29101629,10,10305,1,1,0,1,1,1,1
2024,29101629,10,10306,2,1,1,2,1,1,1
2024,29101629,10,10307,3,2,1,3,3,3,1
2024,29101629,10,10401,131,105,26,131,3,3,1
2024,29101629,10,10402,1,1,0,1,1,1,1
2024,29101629,10,10403,2,2,0,2,2,2,2
2024,29101629,10,10404,9,6,3,9,3,3,2
2024,29101629,11,11101,1,0,1,1,1,1,1
2024,29101629,11,11102,1,1,0,1,1,1,1
2024,29101629,11,11201,2,2,0,2,2,2,2
2024,29101629,11,11202,9,5,4,9,4,4,2
2024,29101629,11,11203,1,1,0,1,1,1,1
2024,29101629,11,11302,1,1,0,1,1,1,1
2024,29101629,11,11401,5,3,2,5,3,3,1
2024,29101629,11,11402,3,2,1,3,3,3,3
2024,29101629,12,12101,52,42,10,52,2,2,1
2024,29101629,12,12201,3,3,0,3,3,3,1
2024,29101629,13,13104,254,194,60,254,12,12,1
2024,29101629,13,13105,1,1,0,1,1,1,1
2024,29101629,13,13107,46,34,12,46,6,6,1
2024,29101629,13,13113,20,12,8,20,4,4,1
2024,29101629,13,13115,85,65,20,85,10,10,1
2024,29101629,13,13116,33,24,9,33,5,5,1
2024,29101629,13,13118,50,36,14,50,7,7,2
2024,29101629,13,13121,228,170,58,228,47,47,4
2024,29101629,13,13122,38,26,12,38,4,4,2
2024,29101629,13,13125,1,0,1,1,1,1,1
2024,29101629,13,13127,12,7,5,12,3,3,3
2024,29101629,13,13128,81,62,19,81,12,12,1
2024,29101629,13,13129,26,18,8,26,6,6,1
2024,29101629,13,13130,192,138,54,192,6,6,1
2024,29101629,13,13131,95,69,26,95,10,10,1
2024,29101629,13,13132,2,2,0,2,1,1,1
2024,29101629,13,13201,138,101,37,138,21,21,5
2024,29101629,13,13203,8,7,1,8,6,6,3
2024,29101629,13,13303,1,1,0,1,1,1,1
2024,29101629,13,13403,4,4,0,4,4,4,1
2024,29101629,13,13404,126,91,35,126,12,12,1
2024,29101629,13,13501,31,22,9,31,12,12,3
2024,29101629,13,13502,32,21,11,32,11,11,2
2024,29101629,13,13503,2,1,1,2,2,2,1
2024,29101629,13,13504,61,47,14,61,9,9,1
2024,29101629,13,13505,1,0,1,1,1,1,1
2024,29101629,13,13602,54,39,15,54,7,7,1
2024,29101629,13,13605,168,135,33,168,4,4,1
2024,29101629,14,14101,133,98,35,133,6,6,3
2024,29101629,14,14104,3,2,1,3,3,3,1
2024,29101629,14,14105,1,1,0,1,1,1,1
2024,29101629,14,14106,2,1,1,2,2,2,1
2024,29101629,14,14108,19,16,3,19,2,2,1
2024,29101629,14,14201,38,28,10,38,9,9,1
2024,29101629,14,14204,13,12,1,13,5,5,1
2024,29101629,15,15101,20,11,9,20,14,14,4
2024,29101629,16,16105,69,41,28,69,12,12,1
2024,29101629,16,16108,31,25,6,31,9,9,1
2024,29101629,16,16201,107,80,27,107,4,4,1
2024,29101629,16,16203,1,0,1,1,1,1,1
2024,29101629,16,16205,3,1,2,3,3,3,1
2024,29101629,16,16207,9,6,3,9,4,4,1
2024,29101629,16,16301,113,79,34,113,17,17,2
2024,29101629,16,16302,9,5,4,9,2,2,1
2024,29101629,16,16305,66,46,20,66,9,9,1
2024,29101629,2,02101,338,232,106,338,11,11,2
2024,29101629,2,02201,79,59,20,79,28,28,5
2024,29101629,3,03101,29,22,7,29,14,14,3
2024,29101629,3,03103,3,3,0,3,3,3,1
2024,29101629,3,03202,4,4,0,4,3,3,1
2024,29101629,3,03301,44,32,12,44,17,17,2
2024,29101629,3,03303,2,2,0,2,2,2,1
2024,29101629,3,03304,18,12,6,18,6,6,1
2024,29101629,4,04101,17,10,7,17,13,13,6
2024,29101629,4,04102,2,0,2,2,2,2,2
2024,29101629,4,04104,3,3,0,3,1,1,1
2024,29101629,4,04105,1,1,0,1,1,1,1
2024,29101629,4,04106,31,29,2,31,16,16,5
2024,29101629,4,04201,98,68,30,98,12,12,3
2024,29101629,4,04202,16,13,3,16,6,6,2
2024,29101629,4,04203,86,67,19,86,6,6,2
2024,29101629,4,04204,2,2,0,2,1,1,1
2024,29101629,4,04301,42,32,10,42,10,10,3
2024,29101629,4,04303,4,3,1,4,3,3,2
2024,29101629,4,04304,55,35,20,55,12,12,1
2024,29101629,4,04305,1,0,1,1,1,1,1
2024,29101629,5,05101,60,46,14,60,3,3,1
2024,29101629,5,05104,1,1,0,1,1,1,1
2024,29101629,5,05107,15,8,7,15,9,9,2
2024,29101629,5,05402,7,6,1,7,5,5,2
2024,29101629,5,05403,38,26,12,38,11,11,2
2024,29101629,5,05404,6,4,2,6,6,6,2
2024,29101629,5,05405,40,28,12,40,16,16,2
2024,29101629,5,05502,125,73,52,125,6,6,1
2024,29101629,5,05504,146,89,57,146,12,12,1
2024,29101629,5,05506,1,1,0,1,1,1,1
2024,29101629,5,05601,1,1,0,1,1,1,1
2024,29101629,5,05602,38,29,9,38,3,3,1
2024,29101629,5,05606,4,3,1,4,3,3,1
2024,29101629,5,05801,3,2,1,3,3,3,3
2024,29101629,5,05802,1,0,1,1,1,1,1
2024,29101629,5,05803,65,55,10,65,8,8,1
2024,29101629,5,05804,211,156,55,211,12,12,1
2024,29101629,6,06102,21,15,6,21,7,7,1
2024,29101629,6,06107,1,0,1,1,1,1,1
2024,29101629,6,06113,69,55,14,69,8,8,1
2024,29101629,6,06114,15,11,4,15,2,2,1
2024,29101629,6,06115,44,26,18,44,10,10,2
2024,29101629,6,06116,4,3,1,4,2,2,1
2024,29101629,6,06117,77,62,15,77,12,12,1
2024,29101629,6,06201,4,3,1,4,3,3,1
2024,29101629,6,06203,2,2,0,2,2,2,2
2024,29101629,6,06204,3,3,0,3,3,3,1
2024,29101629,6,06205,1,1,0,1,1,1,1
2024,29101629,6,06301,1,1,0,1,1,1,1
2024,29101629,6,06302,1,0,1,1,1,1,1
2024,29101629,6,06303,105,83,22,105,25,25,4
2024,29101629,6,06307,3,2,1,3,2,2,1
2024,29101629,6,06308,6,6,0,6,3,3,1
2024,29101629,6,06309,26,18,8,26,5,5,1
2024,29101629,6,06310,72,61,11,72,2,2,1
2024,29101629,7,07102,2,2,0,2,2,2,1
2024,29101629,7,07105,61,46,15,61,12,12,1
2024,29101629,7,07107,10,9,1,10,5,5,1
2024,29101629,7,07108,1,1,0,1,1,1,1
2024,29101629,7,07201,76,52,24,76,7,7,2
2024,29101629,7,07302,1,0,1,1,1,1,1
2024,29101629,7,07304,73,58,15,73,12,12,2
2024,29101629,7,07306,1,1,0,1,1,1,1
2024,29101629,7,07402,92,74,18,92,12,12,1
2024,29101629,7,07403,93,71,22,93,12,12,1
2024,29101629,7,07405,13,7,6,13,8,8,1
2024,29101629,7,07408,51,34,17,51,10,10,4
2024,29101629,8,08101,74,55,19,74,11,11,2
2024,29101629,8,08103,28,22,6,28,1,1,1
2024,29101629,8,08108,13,10,3,13,10,10,2
2024,29101629,8,08109,3,2,1,3,3,3,3
2024,29101629,8,08111,17,10,7,17,8,8,1
2024,29101629,8,08112,42,26,16,42,13,13,3
2024,29101629,8,08201,2,2,0,2,2,2,1
2024,29101629,8,08202,82,64,18,82,20,20,4
2024,29101629,8,08203,45,38,7,45,14,14,4
2024,29101629,8,08204,2,2,0,2,2,2,2
2024,29101629,8,08206,10,4,6,10,2,2,1
2024,29101629,8,08301,26,18,8,26,10,10,3
2024,29101629,8,08302,13,12,1,13,9,9,1
2024,29101629,8,08303,196,157,39,196,17,17,2
2024,29101629,8,08304,74,60,14,74,26,26,4
2024,29101629,8,08305,59,44,15,59,12,12,1
2024,29101629,8,08306,7,5,2,7,3,3,1
2024,29101629,8,08307,23,15,8,23,9,9,1
2024,29101629,8,08308,1,1,0,1,1,1,1
2024,29101629,8,08309,2,2,0,2,2,2,1
2024,29101629,8,08311,15,12,3,15,8,8,2
2024,29101629,8,08312,33,22,11,33,14,14,2
2024,29101629,8,08313,34,30,4,34,10,10,1
2024,29101629,8,08314,8,8,0,8,5,5,2
2024,29101629,9,09101,1,1,0,1,1,1,1
2024,29101629,9,09102,20,15,5,20,13,13,4
2024,29101629,9,09104,5,1,4,5,3,3,2
2024,29101629,9,09106,47,40,7,47,23,23,10
2024,29101629,9,09107,4,0,4,4,2,2,1
2024,29101629,9,09108,8,6,2,8,5,5,2
2024,29101629,9,09109,16,14,2,16,15,15,3
2024,29101629,9,09111,3,1,2,3,3,3,2
2024,29101629,9,09112,2,2,0,2,2,2,2
2024,29101629,9,09113,6,4,2,6,1,1,1
2024,29101629,9,09114,117,88,29,117,10,10,1
2024,29101629,9,09115,9,5,4,9,6,6,1
2024,29101629,9,09116,1,0,1,1,1,1,1
2024,29101629,9,09119,7,4,3,7,5,5,1
2024,29101629,9,09120,3,1,2,3,2,2,2
2024,29101629,9,09121,1,1,0,1,1,1,1
2024,29101629,9,09202,6,3,3,6,6,6,3
2024,29101629,9,09204,7,3,4,7,4,4,1
2024,29101629,9,09207,2,1,1,2,2,2,1
2024,29101629,9,09209,1,0,1,1,1,1,1
2024,29101629,9,09210,1,1,0,1,1,1,1
2024,29101629,9,09211,7,3,4,7,4,4,1
2024,29101651,1,01101,6,5,1,6,3,3,1
2024,29101651,1,01107,2,1,1,2,2,2,1
2024,29101651,10,10201,28,15,13,28,7,7,1
2024,29101651,10,10301,10,4,6,10,6,6,1
2024,29101651,10,10401,8,7,1,8,1,1,1
2024,29101651,11,11301,1,1,0,1,1,1,1
2024,29101651,12,12101,1,1,0,1,1,1,1
2024,29101651,13,13101,1,1,0,1,1,1,1
2024,29101651,13,13108,6,4,2,6,5,5,2
2024,29101651,13,13110,4,1,3,4,2,2,1
2024,29101651,13,13119,257,185,72,257,12,12,1
2024,29101651,13,13131,2,0,2,2,1,1,1
2024,29101651,13,13501,4,4,0,4,3,3,1
2024,29101651,13,13605,10,7,3,10,8,8,1
2024,29101651,14,14101,7,5,2,7,7,7,1
2024,29101651,14,14204,1,0,1,1,1,1,1
2024,29101651,16,16301,313,211,102,313,11,11,1
2024,29101651,2,02101,12,7,5,12,7,7,1
2024,29101651,2,02201,14,9,5,14,8,8,1
2024,29101651,3,03101,5,2,3,5,4,4,1
2024,29101651,3,03304,4,3,1,4,3,3,1
2024,29101651,4,04101,40,28,12,40,10,10,1
2024,29101651,4,04102,22,15,7,22,9,9,1
2024,29101651,4,04201,5,3,2,5,2,2,1
2024,29101651,4,04203,2,2,0,2,2,2,1
2024,29101651,4,04301,49,35,14,49,12,12,1
2024,29101651,5,05101,43,34,9,43,7,7,1
2024,29101651,5,05107,22,12,10,22,6,6,1
2024,29101651,5,05401,3,2,1,3,3,3,1
2024,29101651,5,05501,7,3,4,7,6,6,1
2024,29101651,5,05601,5,3,2,5,2,2,1
2024,29101651,5,05801,2,1,1,2,2,2,1
2024,29101651,5,05804,1,1,0,1,1,1,1
2024,29101651,6,06103,5,5,0,5,1,1,1
2024,29101651,6,06115,32,24,8,32,11,11,1
2024,29101651,6,06117,10,5,5,10,1,1,1
2024,29101651,6,06301,3,3,0,3,3,3,1
2024,29101651,7,07101,23,18,5,23,9,9,1
2024,29101651,7,07201,5,5,0,5,4,4,1
2024,29101651,7,07301,7,4,3,7,6,6,1
2024,29101651,7,07401,11,9,2,11,1,1,1
2024,29101651,8,08101,16,7,9,16,8,8,1
2024,29101651,8,08107,5,3,2,5,3,3,1
2024,29101651,8,08205,5,3,2,5,4,4,1
2024,29101651,8,08301,2,0,2,2,1,1,1
2024,29101651,8,08313,3,3,0,3,2,2,1
2024,29101651,9,09101,7,3,4,7,3,3,1
2024,29101651,9,09112,13,8,5,13,4,4,1
2024,29101651,9,09210,1,0,1,1,1,1,1
