series,year,cut_region,sex,count,population,crude,crude_lo,crude_hi,asr,asr_lo,asr_hi,asr_var,groups_missing,period,region
05990022,2021.0,1,HOMBRE,11.0,197277.0,5.575916097669774,2.7834772260511054,9.97685412557062,6.182321767210434,3.0846578168437704,11.209680355867574,3.47888244145307,0.0,2021,Tarapacá
05990022,2021.0,1,MUJER,2.0,193888.0,1.0315233536887276,0.12492226364909895,3.7262170261821055,1.1744687423563778,0.14216844254140143,4.416571119307185,0.6898895251516299,0.0,2021,Tarapacá
05990022,2021.0,1,TOTAL,13.0,391165.0,3.3234057239272428,1.7695735791811131,5.683125003044463,3.7288336743122414,1.9845583081740952,6.432007337271464,1.0708653742951408,0.0,2021,Tarapacá
05990022,2021.0,2,HOMBRE,111.0,354057.0,31.350884179665986,25.79057266772877,37.75455149608557,37.847771908930916,31.12442316950933,45.697888894208404,12.948589460637637,0.0,2021,Antofagasta
05990022,2021.0,2,MUJER,24.0,349689.0,6.863241337302575,4.397408226934923,10.211959081856511,8.741009215531474,5.599082356238562,13.039289702433736,3.1868750615521613,0.0,2021,Antofagasta
05990022,2021.0,2,TOTAL,135.0,703746.0,19.18305752359516,16.083743515055488,22.705470224284475,23.683197843658828,19.851257601075137,28.053758794725624,4.167419940737157,0.0,2021,Antofagasta
05990022,2021.0,3,HOMBRE,107.0,159897.0,66.91807851304277,54.840980254186,80.86364802398066,82.20879367150172,67.31605918709285,99.48638734114105,63.665178874163345,0.0,2021,Atacama
05990022,2021.0,3,MUJER,34.0,156840.0,21.678143330782962,15.01274444310907,30.293032450397273,26.51350752357425,18.323687482886253,37.224479165876964,20.8875008204788,0.0,2021,Atacama
05990022,2021.0,3,TOTAL,141.0,316737.0,44.51642845641652,37.472050020149496,52.50031674330677,54.9662653564555,46.232139307705104,64.90789606378924,21.614240185484864,0.0,2021,Atacama
05990022,2021.0,4,HOMBRE,118.0,415361.0,28.40902251294657,23.514898832650864,34.02137531541541,34.163417002070624,28.26260817394803,40.9970498847542,9.945307582384237,0.0,2021,Coquimbo
05990022,2021.0,4,MUJER,36.0,432718.0,8.319506006221141,5.826879727054393,11.51770309745289,10.922672184735267,7.636976238338133,15.214245824400871,3.3434018281930182,0.0,2021,Coquimbo
05990022,2021.0,4,TOTAL,154.0,848079.0,18.158685688479494,15.403993650167932,21.263853129764367,22.729702734332683,19.27105124770202,26.661644222897035,3.376221838185661,0.0,2021,Coquimbo
05990022,2021.0,5,HOMBRE,158.0,968008.0,16.32217915554417,13.87633354730614,19.07497757438699,21.772242912962312,18.498259115668382,25.48236113601151,3.022212181478433,0.0,2021,Valparaíso
05990022,2021.0,5,MUJER,38.0,1011365.0,3.757298304766331,2.6588879034963786,5.157185478957608,5.437015503903538,3.83767223161713,7.507166353141421,0.7885966398517793,0.0,2021,Valparaíso
05990022,2021.0,5,TOTAL,196.0,1979373.0,9.902125572087726,8.564306954021276,11.38966595871772,13.766991423846113,11.899351454557642,15.856529665111635,0.9752788672405399,0.0,2021,Valparaíso
05990022,2021.0,6,HOMBRE,66.0,500528.0,13.186075504267494,10.198109839737494,16.775921115803072,16.88151544618366,13.04477826985163,21.544868039065616,4.345528688506696,0.0,2021,O'Higgins
05990022,2021.0,6,MUJER,13.0,500431.0,2.597760730250524,1.3831981813684207,4.4422499641626665,3.543304920361538,1.8822709124838946,6.127001766151257,0.9719377865431013,0.0,2021,O'Higgins
05990022,2021.0,6,TOTAL,79.0,1000959.0,7.89243115851898,6.248512072881593,9.836324081673249,10.351508823402021,8.188650901181779,12.935262162316963,1.3654069284936758,0.0,2021,O'Higgins
05990022,2021.0,7,HOMBRE,167.0,561122.0,29.761798681926567,25.419020901972942,34.63373957129114,38.59044293864583,32.94736710351814,44.95131925385649,8.957269757685388,0.0,2021,Maule
05990022,2021.0,7,MUJER,27.0,581890.0,4.640052243551187,3.057823666288263,6.751032402200095,6.384288518229587,4.20359684103813,9.336016834471888,1.515348161831271,0.0,2021,Maule
05990022,2021.0,7,TOTAL,194.0,1143012.0,16.972700199123018,14.66826203436407,19.536444836896436,22.779872393027627,19.68037650918091,26.243521790646543,2.686724189328052,0.0,2021,Maule
05990022,2021.0,8,HOMBRE,250.0,813546.0,30.729669865010706,27.038175546427283,34.784475007229595,40.164277769656266,35.31839061387584,45.515298673734755,6.510946264802022,0.0,2021,Biobío
05990022,2021.0,8,MUJER,64.0,857044.0,7.467527921553619,5.750906434936298,9.535866444299826,10.29644963221987,7.902761379306912,13.221980881317167,1.6969411812725606,0.0,2021,Biobío
05990022,2021.0,8,TOTAL,314.0,1670590.0,18.79575479321677,16.774072854133692,20.993970012676744,25.516017700768433,22.75582842609458,28.53214325412226,2.0979156691436747,0.0,2021,Biobío
05990022,2021.0,9,HOMBRE,127.0,498048.0,25.499550244153173,21.257826123370492,30.339626913691678,32.4722262559685,27.04969498183246,38.69660392195585,8.37035229257452,0.0,2021,La Araucanía
05990022,2021.0,9,MUJER,48.0,521500.0,9.204218600191755,6.786464203927754,12.203458520062755,11.64830237126484,8.51938110655309,15.606193200885544,2.9674278692534277,0.0,2021,La Araucanía
05990022,2021.0,9,TOTAL,175.0,1019548.0,17.16446896075516,14.715526956496623,19.904475164938027,22.252631636414783,19.04933718846986,25.859078014339858,2.882533125405901,0.0,2021,La Araucanía
05990022,2021.0,10,HOMBRE,52.0,446418.0,11.648275831171683,8.699489536815546,15.27516402583966,15.17055714111745,11.31519921706432,19.968313597370976,4.463104801846007,0.0,2021,Los Lagos
05990022,2021.0,10,MUJER,18.0,450885.0,3.992148774077647,2.366000372689162,6.309316182070369,5.6743755940563245,3.353771796132509,9.030902741014987,1.8054267523247027,0.0,2021,Los Lagos
05990022,2021.0,10,TOTAL,70.0,897303.0,7.801155239645917,6.081383223721027,9.856290331363981,10.504525732593992,8.17863221355315,13.309923134597357,1.5911741838828302,0.0,2021,Los Lagos
05990022,2021.0,11,HOMBRE,25.0,54429.0,45.931396865641474,29.724378268623944,67.80380256394636,59.398533509446715,38.30396038536847,88.58176601420364,143.19886395621853,0.0,2021,Aysén
05990022,2021.0,11,MUJER,9.0,53308.0,16.88301943423126,7.719991553572323,32.049229855592344,20.58632553995249,9.334522995777185,40.68840608606386,47.93714448265022,0.0,2021,Aysén
05990022,2021.0,11,TOTAL,34.0,107737.0,31.558331863705135,21.855062220567,44.099605609217896,40.30012671774849,27.816452331008776,56.86178038904165,48.560660645354446,0.0,2021,Aysén
05990022,2021.0,12,HOMBRE,7.0,91500.0,7.6502732240437155,3.075806613682913,15.762486734100959,9.469820574649203,3.7748714902683114,20.394640120549848,13.007760197540945,0.0,2021,Magallanes
05990022,2021.0,12,MUJER,0.0,88449.0,0.0,0.0,4.170628785078334,0.0,0.0,6.798176602286051,0.0,0.0,2021,Magallanes
05990022,2021.0,12,TOTAL,7.0,179949.0,3.889991053020578,1.5639781557662813,8.014868302520368,4.97866439951423,1.9832354069605584,10.66396433527108,3.5997570711108047,0.0,2021,Magallanes
05990022,2021.0,13,HOMBRE,271.0,4071264.0,6.65640940995229,5.887416297562669,7.497942588290888,8.957674414958912,7.919237454690682,10.095600021349098,0.29820994111475707,0.0,2021,Metropolitana
05990022,2021.0,13,MUJER,98.0,4171195.0,2.3494466214118495,1.9073943336225625,2.8632228963914486,3.2166989679454097,2.605625239005438,3.9305517285763685,0.10774975898121748,0.0,2021,Metropolitana
05990022,2021.0,13,TOTAL,369.0,8242459.0,4.476819356941903,4.031639546400167,4.957727950753866,6.132580659868509,5.519631815191654,6.795741339833648,0.10299360047374606,0.0,2021,Metropolitana
05990022,2021.0,14,HOMBRE,23.0,199687.0,11.51802571023652,7.301440272548878,17.282693863312602,16.05595153235188,10.155377465890208,24.239882791819365,11.30712590444181,0.0,2021,Los Ríos
05990022,2021.0,14,MUJER,4.0,208131.0,1.9218665167610784,0.523643942337434,4.920741588424451,2.9166411144572333,0.7873267124781744,7.640302754719864,2.1497905886340303,0.0,2021,Los Ríos
05990022,2021.0,14,TOTAL,27.0,407818.0,6.620600365849472,4.363017358666066,9.632625937345123,9.590476628814582,6.306820825238359,14.028976278615248,3.4379053523684115,0.0,2021,Los Ríos
05990022,2021.0,15,HOMBRE,30.0,128511.0,23.34430515675701,15.75030465985084,33.325447156124895,29.01844191068772,19.549871594956596,41.63189837716351,28.259934327265512,0.0,2021,Arica y Parinacota
05990022,2021.0,15,MUJER,10.0,126869.0,7.882146150753927,3.7797954552589155,14.495547408758465,9.574092846760905,4.560029184762667,17.964796891028026,9.309895273487907,0.0,2021,Arica y Parinacota
05990022,2021.0,15,TOTAL,40.0,255380.0,15.662933667475919,11.189829447015807,21.32847010885115,19.56614806118015,13.955768734553423,26.761595000824347,9.65579378408271,0.0,2021,Arica y Parinacota
05990022,2021.0,16,HOMBRE,101.0,248859.0,40.58523099425779,33.057337204215614,49.31473473164744,54.310189170691146,44.19086532460419,66.15767823061408,29.484108596716716,0.0,2021,Ñuble
05990022,2021.0,16,MUJER,36.0,265649.0,13.55171673900523,9.491455799688772,18.761288199555125,19.221484518662052,13.410350056349813,26.850813826298644,10.468955509239683,0.0,2021,Ñuble
05990022,2021.0,16,TOTAL,137.0,514508.0,26.627379943557727,22.355441399122768,31.477917678262223,37.26866055195208,31.255572012915835,44.15571938617685,10.259126382889283,0.0,2021,Ñuble
05990022,2022.0,1,HOMBRE,42.0,199973.0,21.002835382776674,15.13699636074755,28.38973200306574,24.339591736143337,17.531819906592123,32.96577330096891,14.150601510246428,0.0,2022,Tarapacá
05990022,2022.0,1,MUJER,5.0,196724.0,2.5416319310302757,0.8252609697436106,5.931321078934279,2.913170362227547,0.9338977473545981,6.9622823541187655,1.727505358718375,0.0,2022,Tarapacá
05990022,2022.0,1,TOTAL,47.0,396697.0,11.847833485002408,8.70534240668968,15.7551068802252,13.85171841215577,10.169327969299253,18.460516163178646,4.102638997819497,0.0,2022,Tarapacá
05990022,2022.0,2,HOMBRE,128.0,356913.0,35.86308147924004,29.919709787260206,42.64132111099176,43.91265631021011,36.62461653523726,52.320077139847996,15.111315992974335,0.0,2022,Antofagasta
05990022,2022.0,2,MUJER,45.0,352724.0,12.757850330570077,9.305663574986239,17.071007500753794,15.782944814443198,11.489169323955473,21.189126111249237,5.600783783480194,0.0,2022,Antofagasta
05990022,2022.0,2,TOTAL,173.0,709637.0,24.378661202840327,20.881171080478065,28.294387131355542,30.23156338935411,25.883377541327427,35.11320532417144,5.310882330236146,0.0,2022,Antofagasta
05990022,2022.0,3,HOMBRE,225.0,160468.0,140.21487150085997,122.49099130332219,159.78272430112594,171.1091432375757,149.3998587033797,195.17221520745528,131.1271754952271,0.0,2022,Atacama
05990022,2022.0,3,MUJER,82.0,157536.0,52.05159455616494,41.398177856429236,64.60975341259658,64.05924510424084,50.88277719060882,79.71147933222038,50.57595985621739,0.0,2022,Atacama
05990022,2022.0,3,TOTAL,307.0,318004.0,96.53966616772117,86.04149493499767,107.96542428862715,118.69330016652364,105.73249919158124,132.8482606009581,46.28251870168398,0.0,2022,Atacama
05990022,2022.0,4,HOMBRE,232.0,420466.0,55.17687518134641,48.304704074690726,62.75255457417299,67.74370131437854,59.28171180465788,77.13379733246363,19.900834480197013,0.0,2022,Coquimbo
05990022,2022.0,4,MUJER,70.0,438303.0,15.970686944876034,12.4499339744299,20.178002165634034,20.984430357560004,16.34173592969035,26.607964260929695,6.33915839499378,0.0,2022,Coquimbo
05990022,2022.0,4,TOTAL,302.0,858769.0,35.16661640091806,31.311828125419755,39.36494484064084,44.74715403309924,39.826600075880464,50.13789195706931,6.673662036490131,0.0,2022,Coquimbo
05990022,2022.0,5,HOMBRE,418.0,975818.0,42.83585668639029,38.82730575245218,47.1458874082076,57.80153903912025,52.37613338727781,63.65948740283373,8.042566632753513,0.0,2022,Valparaíso
05990022,2022.0,5,MUJER,160.0,1019720.0,15.690581728317577,13.353518886233077,18.318984468891177,22.908766354696642,19.47926580741175,26.794511225194462,3.3148717837445014,0.0,2022,Valparaíso
05990022,2022.0,5,TOTAL,578.0,1995538.0,28.9646200673703,26.65113143473386,31.425177847996725,40.704865639965725,37.44197719126882,44.18776154266675,2.88764534965348,0.0,2022,Valparaíso
05990022,2022.0,6,HOMBRE,97.0,504711.0,19.218919341960053,15.585248899713365,23.445451740186726,25.027693293650742,20.281068853407866,30.601693336509936,6.500058372074202,0.0,2022,O'Higgins
05990022,2022.0,6,MUJER,26.0,504841.0,5.150136379572975,3.3642400707542257,7.5461430595227,7.100412485629673,4.62334705300024,10.482773458850058,1.965560165861537,0.0,2022,O'Higgins
05990022,2022.0,6,TOTAL,123.0,1009552.0,12.183622042252406,10.125781088119616,14.536786595751298,16.25754546040199,13.501099941864615,19.435423124292754,2.1661421098835905,0.0,2022,O'Higgins
05990022,2022.0,7,HOMBRE,164.0,565612.0,28.995141545794645,24.727262244475074,33.78810237878015,38.53912743613169,32.84900477650737,44.95868106887037,9.114602633956364,0.0,2022,Maule
05990022,2022.0,7,MUJER,46.0,587431.0,7.830706925579345,5.733061654725725,10.445065669088965,11.602994463328882,8.485383305575876,15.510965650792324,2.9461570007820437,0.0,2022,Maule
05990022,2022.0,7,TOTAL,210.0,1153043.0,18.212677237535807,15.832549761702063,20.84962346930515,25.310533343207144,21.992058621110477,29.000635557828858,3.0712023976089617,0.0,2022,Maule
05990022,2022.0,8,HOMBRE,489.0,815898.0,59.933962333526985,54.73888012892222,65.48917889913506,79.67250359619821,72.73615129481793,87.11756514732124,13.097945975432049,0.0,2022,Biobío
05990022,2022.0,8,MUJER,197.0,860371.0,22.897099042157397,19.811179186592895,26.327449188514798,32.758768581963054,28.31549454665233,37.73186579176372,5.52004584057409,0.0,2022,Biobío
05990022,2022.0,8,TOTAL,686.0,1676269.0,40.924219203481066,37.9186766080003,44.104645091391085,56.6665157154777,52.48399023676545,61.106842098671216,4.7288181981194075,0.0,2022,Biobío
05990022,2022.0,9,HOMBRE,200.0,499978.0,40.00176007744341,34.649701123140886,45.9464179754809,50.85773447857964,44.01866745796216,58.49695352376044,13.069111014570016,0.0,2022,La Araucanía
05990022,2022.0,9,MUJER,64.0,524051.0,12.212551831787364,9.405153037821787,15.595156045668265,15.935665736745529,12.240455606988721,20.45702085826109,4.042482133819673,0.0,2022,La Araucanía
05990022,2022.0,9,TOTAL,264.0,1024029.0,25.780519887620372,22.764181947122346,29.085332754871825,33.68264515062411,29.71700216270273,38.05129601406133,4.353345305002205,0.0,2022,La Araucanía
05990022,2022.0,10,HOMBRE,186.0,448889.0,41.43563330801156,35.694578484540905,47.837289588721234,55.648542485536304,47.909216241258974,64.32519726112939,16.779770315589296,0.0,2022,Los Lagos
05990022,2022.0,10,MUJER,56.0,453621.0,12.345107479591995,9.325361520438916,16.031148912326575,16.697050096282613,12.584414980853325,21.789460069242043,5.0532533645981275,0.0,2022,Los Lagos
05990022,2022.0,10,TOTAL,242.0,902510.0,26.814107322910548,23.5419033524824,30.413919496968813,36.52462117171183,32.04636898768775,41.47667309733072,5.5665583186614995,0.0,2022,Los Lagos
05990022,2022.0,11,HOMBRE,63.0,54524.0,115.54544787616463,88.78829468763709,147.83282093553387,141.32760583076157,108.34255858227391,182.0156247250468,322.4154456732429,0.0,2022,Aysén
05990022,2022.0,11,MUJER,17.0,53523.0,31.762046223119032,18.502562393003558,50.854112841033974,41.000028411441335,23.773824881946698,66.9868053166539,100.3760985673126,0.0,2022,Aysén
05990022,2022.0,11,TOTAL,80.0,108047.0,74.04185215693171,58.710583904217934,92.15149422699238,92.12517101928114,72.90536911553994,115.29314067722775,107.80046062397886,0.0,2022,Aysén
05990022,2022.0,12,HOMBRE,9.0,92124.0,9.769441187964048,4.467210604596342,18.545442502951637,13.25987823149738,6.027279704327919,25.794549813903537,19.784943498708458,0.0,2022,Magallanes
05990022,2022.0,12,MUJER,2.0,89019.0,2.2467113762230535,0.27208717076575223,8.115893986366912,3.194779755017608,0.3860763502337199,12.175599009518182,5.110251072740323,0.0,2022,Magallanes
05990022,2022.0,12,TOTAL,11.0,181143.0,6.072550415969704,3.0313952883836746,10.865470105553046,8.3229114607762,4.13947037035894,15.178021615567786,6.354356602801575,0.0,2022,Magallanes
05990022,2022.0,13,HOMBRE,648.0,4107724.0,15.775159187910386,14.583775913964233,17.037934391589186,21.31533623395665,19.70046304815835,23.028331613805356,0.7056692947680175,0.0,2022,Metropolitana
05990022,2022.0,13,MUJER,217.0,4203260.0,5.16265945956234,4.498566087863548,5.8971780350151,7.175152521046603,6.245448776466899,8.206229143104437,0.2408497956111526,0.0,2022,Metropolitana
05990022,2022.0,13,TOTAL,865.0,8310984.0,10.407913190543983,9.725787578999102,11.125262821143938,14.352540239470597,13.407897579875339,15.346822734498922,0.24020441416860291,0.0,2022,Metropolitana
05990022,2022.0,14,HOMBRE,143.0,200335.0,71.38043776674071,60.16086810699813,84.0851256647799,102.20597707070115,86.06838074861018,120.56381886814125,73.74393153256653,0.0,2022,Los Ríos
05990022,2022.0,14,MUJER,30.0,209224.0,14.338699193209193,9.6742601333599,20.469384676140244,22.224147965321425,14.955703294183897,31.87759464767898,16.66160968644171,0.0,2022,Los Ríos
05990022,2022.0,14,TOTAL,173.0,409559.0,42.2405563056849,36.18050537782642,49.025278411007335,62.822807488692575,53.76593472603454,73.00513365922255,23.045704395878506,0.0,2022,Los Ríos
05990022,2022.0,15,HOMBRE,99.0,129821.0,76.25884872247171,61.97942925581793,92.84241205440988,95.29750825432646,77.38694452958416,116.260790741091,92.45330582841162,0.0,2022,Arica y Parinacota
05990022,2022.0,15,MUJER,30.0,127901.0,23.455641472701544,15.825422804685589,33.48438667000857,30.662581307273566,20.67250731238414,43.95617391864951,31.447810042910064,0.0,2022,Arica y Parinacota
05990022,2022.0,15,TOTAL,129.0,257722.0,50.05393408401301,41.78953629173548,59.474393573940375,63.82644337232137,53.25863621904843,75.94839418203415,31.76512395156088,0.0,2022,Arica y Parinacota
05990022,2022.0,16,HOMBRE,323.0,249724.0,129.34279444506734,115.62029998743685,144.2459462136733,171.3163153235998,153.02942164396418,191.2991700655519,92.01315638932563,0.0,2022,Ñuble
05990022,2022.0,16,MUJER,128.0,267336.0,47.879821647664365,39.94498825186433,56.929264452551855,72.42757845723408,60.370388778885676,86.29854413469258,41.37146178282616,0.0,2022,Ñuble
05990022,2022.0,16,TOTAL,451.0,517060.0,87.22391985456234,79.35864497418491,95.65781983267986,123.24165238622705,112.06466766707794,135.2853893375397,34.075108873321184,0.0,2022,Ñuble
05990022,2023.0,1,HOMBRE,86.0,202347.0,42.50124785640509,33.99551228541564,52.488695351029264,48.97474999395367,39.15700108761781,60.552063287422634,27.989383958651487,0.0,2023,Tarapacá
05990022,2023.0,1,MUJER,26.0,199241.0,13.049522939555613,8.524381636107197,19.12057462225395,15.540033146592254,10.138652429168877,22.848452040767267,9.337197543095396,0.0,2023,Tarapacá
05990022,2023.0,1,TOTAL,112.0,401588.0,27.88927956014622,22.96394651547317,33.55805036309237,32.58103028113415,26.815989522924227,39.242155327808604,9.516505711311975,0.0,2023,Tarapacá
05990022,2023.0,2,HOMBRE,162.0,359072.0,45.11629979502718,38.43629039723877,52.623548139754,55.91624972316083,47.615230203590606,65.33238262694525,19.40698262017684,0.0,2023,Antofagasta
05990022,2023.0,2,MUJER,59.0,355070.0,16.61644182837187,12.64920540420014,21.433999313536983,21.832299439351214,16.615927958206004,28.181069933307615,8.091574918752281,0.0,2023,Antofagasta
05990022,2023.0,2,TOTAL,221.0,714142.0,30.946226380747806,27.00043434832766,35.30644051954067,39.36674675589717,34.33590115774698,44.93413951901888,7.045421581141209,0.0,2023,Antofagasta
05990022,2023.0,3,HOMBRE,196.0,160922.0,121.79813822845851,105.34269987013556,140.09518448506088,149.3226928225354,129.09805647987332,171.90802788882468,114.35378065235614,0.0,2023,Atacama
05990022,2023.0,3,MUJER,73.0,158126.0,46.16571594804144,36.18655181469154,58.046456738918046,57.25358404916908,44.817802596824265,72.18055323852649,45.36843931998149,0.0,2023,Atacama
05990022,2023.0,3,TOTAL,269.0,319048.0,84.31333216318548,74.53786792824494,95.01452367104643,104.22136960049458,92.09906517667822,117.5415577846643,40.64665251546544,0.0,2023,Atacama
05990022,2023.0,4,HOMBRE,387.0,425400.0,90.97320169252468,82.13415222793215,100.50424656685392,112.46405637236322,101.51434026641002,124.33122080696437,32.82145633020929,0.0,2023,Coquimbo
05990022,2023.0,4,MUJER,159.0,443703.0,35.83478137402722,30.481231461734318,41.8579432507897,46.66753973946539,39.66201974962242,54.62568991628336,13.835292366260447,0.0,2023,Coquimbo
05990022,2023.0,4,TOTAL,546.0,869103.0,62.82339377496108,57.66366083355815,68.3209443733044,80.11779831631513,73.51859447222317,87.1807289406712,11.825892888291767,0.0,2023,Coquimbo
05990022,2023.0,5,HOMBRE,624.0,983195.0,63.46655546458231,58.5839066385421,68.64754878365092,86.26612880845099,79.6069032652486,93.35648897389615,12.008865826347447,0.0,2023,Valparaíso
05990022,2023.0,5,MUJER,272.0,1027654.0,26.468052476806395,23.41573789923454,29.807739078658624,38.31821708112435,33.875519492221414,43.20973867774646,5.458319704423048,0.0,2023,Valparaíso
05990022,2023.0,5,TOTAL,896.0,2010849.0,44.55829353671012,41.68809844494031,47.57404340999091,62.779632170942875,58.71943295511583,67.05858039366527,4.4348611260421205,0.0,2023,Valparaíso
05990022,2023.0,6,HOMBRE,170.0,508672.0,33.42035732259688,28.58524175890454,38.839069946207545,44.36201015208061,37.92586182888322,51.623370113152454,11.644266546683923,0.0,2023,O'Higgins
05990022,2023.0,6,MUJER,83.0,509029.0,16.30555430044261,12.987282983445558,20.213187813909634,22.3111607732306,17.744904022923883,27.7465149296955,6.0700877777103734,0.0,2023,O'Higgins
05990022,2023.0,6,TOTAL,253.0,1017701.0,24.859953955041806,21.890766574417118,28.11953500492853,33.58408814809688,29.55768262038623,38.02889578587289,4.493131713721923,0.0,2023,O'Higgins
05990022,2023.0,7,HOMBRE,269.0,569896.0,47.201594676923506,41.72894297691278,53.19250134796528,61.1925752693517,54.081229292041634,69.0154262339444,13.98730119726068,0.0,2023,Maule
05990022,2023.0,7,MUJER,72.0,592745.0,12.146875975335094,9.504182353320289,15.296979990494723,16.80170844723536,13.134231954656464,21.22001370880958,3.9484822257867784,0.0,2023,Maule
05990022,2023.0,7,TOTAL,341.0,1162641.0,29.32977591535134,26.299021078787316,32.61400111685976,39.405211898971935,35.32280874833189,43.84832458568131,4.5777962581317535,0.0,2023,Maule
05990022,2023.0,8,HOMBRE,780.0,818002.0,95.3542900873103,88.77905018800203,102.28762360776223,126.08029436580887,117.35072409349571,135.31529981586945,20.550054168616537,0.0,2023,Biobío
05990022,2023.0,8,MUJER,323.0,863428.0,37.4090254196065,33.44015226986232,41.719372862894595,52.86017782069153,47.22138051735203,59.02128977639137,8.748356619439301,0.0,2023,Biobío
05990022,2023.0,8,TOTAL,1103.0,1681430.0,65.59892472478784,61.78425710763157,69.58747323106556,90.16999106043276,84.90233507784642,95.69350457906036,7.440462730885357,0.0,2023,Biobío
05990022,2023.0,9,HOMBRE,328.0,501761.0,65.36976767823725,58.48600764481752,72.84105334760984,83.45847939676881,74.64601917144738,93.06655152194091,21.35456761386971,0.0,2023,La Araucanía
05990022,2023.0,9,MUJER,127.0,526440.0,24.124306663627383,20.111347513662388,28.70334796958877,32.35138158047595,26.953823720783866,38.56975422786472,8.2927146523089,0.0,2023,La Araucanía
05990022,2023.0,9,TOTAL,455.0,1028201.0,44.25204799450691,40.2788560483998,48.511169687490295,58.37341263934689,53.11715840591801,64.03115426603618,7.5333764521553235,0.0,2023,La Araucanía
05990022,2023.0,10,HOMBRE,285.0,451199.0,63.165033610446834,56.043806029138295,70.94048345370157,86.23241039939171,76.47981938208869,96.92513052604666,26.26177834878823,0.0,2023,Los Lagos
05990022,2023.0,10,MUJER,140.0,456230.0,30.686276658702848,25.813859507978496,36.21100988553384,41.37663502029429,34.77019456402835,48.93933865410174,12.3716726963773,0.0,2023,Los Lagos
05990022,2023.0,10,TOTAL,425.0,907429.0,46.83562019728265,42.48813266470485,51.507265705887214,64.23010306887156,58.2423135311854,70.69004644929684,9.792951625075185,0.0,2023,Los Lagos
05990022,2023.0,11,HOMBRE,87.0,54592.0,159.36400937866355,127.64403856942356,196.57491680561955,195.42097632738634,156.26790909469153,242.25026689593201,445.1141284098824,0.0,2023,Aysén
05990022,2023.0,11,MUJER,38.0,53714.0,70.74505715455933,50.063412974636314,97.10311821733553,93.77265896697868,66.07331982054494,130.1494235350916,236.74004114052238,0.0,2023,Aysén
05990022,2023.0,11,TOTAL,125.0,108306.0,115.41373515779365,96.06937664810835,137.5102551538535,145.98694562941134,121.33163950356936,174.61039649507552,173.2371630659247,0.0,2023,Aysén
05990022,2023.0,12,HOMBRE,31.0,92686.0,33.44625941350366,22.725110565934287,47.47429547423424,46.456210756189144,31.49817996562114,66.43822828625964,70.3129151270582,0.0,2023,Magallanes
05990022,2023.0,12,MUJER,9.0,89531.0,10.052384090426779,4.5965901166951495,19.082556267012727,13.370082460273887,6.023388712903962,26.195925848985016,20.496355369633317,0.0,2023,Magallanes
05990022,2023.0,12,TOTAL,40.0,182217.0,21.951848620051916,15.682722491199486,29.892187317310714,30.55997288473696,21.781803469356376,41.87818398043065,23.64603678265824,0.0,2023,Magallanes
05990022,2023.0,13,HOMBRE,1457.0,4138275.0,35.207906676090886,33.4230681484703,37.06330318361498,48.10278823845723,45.656669457161975,50.64658729878709,1.598135146349726,0.0,2023,Metropolitana
05990022,2023.0,13,MUJER,568.0,4229515.0,13.429435762729296,12.347583895634022,14.580685032084448,18.833486981033943,17.304330017088944,20.462936034285025,0.6345746987253842,0.0,2023,Metropolitana
05990022,2023.0,13,TOTAL,2025.0,8367790.0,24.19993809596082,23.157280010578617,25.277444262604455,33.69991577562898,32.241644688687806,35.207537649403626,0.5657673933113913,0.0,2023,Metropolitana
05990022,2023.0,14,HOMBRE,200.0,200948.0,99.52823616059877,86.21179742095335,114.31911821239818,139.82193721116894,121.04191122906975,160.7825500547402,98.53838701335029,0.0,2023,Los Ríos
05990022,2023.0,14,MUJER,58.0,210257.0,27.58528848028841,20.94666607068956,35.66038217262425,41.083221662345935,31.13462250676866,53.32148629994688,29.492237603551654,0.0,2023,Los Ríos
05990022,2023.0,14,TOTAL,258.0,411205.0,62.74242774285332,55.319342662718455,70.88407191495554,91.16791819781238,80.3324149007691,103.10545649024182,32.52089453121093,0.0,2023,Los Ríos
05990022,2023.0,15,HOMBRE,60.0,130999.0,45.80187635020115,34.95165684471428,58.95609386838321,57.194262462416695,43.59987541673911,73.86034020887865,54.912959118543746,0.0,2023,Arica y Parinacota
05990022,2023.0,15,MUJER,21.0,128803.0,16.30396807527775,10.09241320782605,24.92234709979069,21.289526594717813,13.153836063985505,32.762072263564335,21.73394506541247,0.0,2023,Arica y Parinacota
05990022,2023.0,15,TOTAL,81.0,259802.0,31.177589087074004,24.759506083149997,38.75089652124658,39.65492506171242,31.466352844903124,49.403290816042364,19.54226640208887,0.0,2023,Arica y Parinacota
05990022,2023.0,16,HOMBRE,612.0,250500.0,244.311377245509,225.33619133214773,264.457695416885,325.965962410207,300.53053589170105,353.0909141528083,175.2772953395044,0.0,2023,Ñuble
05990022,2023.0,16,MUJER,287.0,268937.0,106.716442884393,94.72596306149106,119.80444568110705,156.91003442943529,139.20893850845894,176.3706212925025,86.49998305203778,0.0,2023,Ñuble
05990022,2023.0,16,TOTAL,899.0,519437.0,173.07199910672517,161.94198078682095,184.76547993200268,244.07555034181564,228.3131129851624,260.69654163437605,66.83604647851305,0.0,2023,Ñuble
05990022,2024.0,1,HOMBRE,114.0,204628.0,55.7108509099439,45.954582052287755,66.92574993941953,65.08206316669374,53.66227087236652,78.2386990659889,37.308822632764745,0.0,2024,Tarapacá
05990022,2024.0,1,MUJER,58.0,201659.0,28.76142398801938,21.83975507180426,37.180810052957995,34.50164792414752,26.17928041040417,44.66478993524413,20.626168945313506,0.0,2024,Tarapacá
05990022,2024.0,1,TOTAL,172.0,406287.0,42.33460583282261,36.24412451600862,49.155646365921015,50.08832230093218,42.86710887512161,58.19200705120114,14.650581498752214,0.0,2024,Tarapacá
05990022,2024.0,2,HOMBRE,240.0,361009.0,66.48033705530887,58.334924639934464,75.44482974909141,83.9799673982698,73.660251163826,95.41144451509821,29.5645540851408,0.0,2024,Antofagasta
05990022,2024.0,2,MUJER,81.0,357223.0,22.674911749803343,18.00715295323799,28.18284494003159,28.90068549796557,22.907638788490747,36.01975183906099,10.473319857510655,0.0,2024,Antofagasta
05990022,2024.0,2,TOTAL,321.0,718232.0,44.693079673420286,39.93708035620065,49.85960809353509,57.274031586559495,51.153778115822504,63.93686625551139,10.30709668113337,0.0,2024,Antofagasta
05990022,2024.0,3,HOMBRE,294.0,161331.0,182.234040574967,161.9964925954981,204.30072555318395,223.11070041647437,198.28375709218778,250.28381040856925,170.01835612228152,0.0,2024,Atacama
05990022,2024.0,3,MUJER,108.0,158661.0,68.0696579499688,55.838859775738015,82.18321470953722,83.3361757788753,68.30484675027947,100.81874759775148,64.8254391915724,0.0,2024,Atacama
05990022,2024.0,3,TOTAL,402.0,319992.0,125.62814070351759,113.64609118043104,138.52984588314646,154.64480876582132,139.85738317324538,170.62098093056073,59.80372226184075,0.0,2024,Atacama
05990022,2024.0,4,HOMBRE,416.0,430248.0,96.68842156151801,87.6191958466527,106.44144067481265,121.23851139663115,109.83370976034878,133.56115159549705,35.54300363090486,0.0,2024,Coquimbo
05990022,2024.0,4,MUJER,221.0,449019.0,49.21840723889189,42.942824660834866,56.15310720817118,65.21010434249413,56.849925261246696,74.51977010738607,19.460571270148918,0.0,2024,Coquimbo
05990022,2024.0,4,TOTAL,637.0,879267.0,72.44670845147151,66.92922658264214,78.29775345013303,93.71473126637154,86.55046704396594,101.3425864167426,13.893948557920716,0.0,2024,Coquimbo
05990022,2024.0,5,HOMBRE,916.0,990348.0,92.49273992576347,86.59920401752481,98.68178115085755,127.02213946609994,118.89524533967818,135.58000841564444,17.76137577576638,0.0,2024,Valparaíso
05990022,2024.0,5,MUJER,414.0,1035345.0,39.98667110963012,36.22715792155955,44.03035253355026,58.41686641471872,52.8988312606849,64.38154854518288,8.322219602763687,0.0,2024,Valparaíso
05990022,2024.0,5,TOTAL,1330.0,2025693.0,65.65654321755567,62.174947843603896,69.28233969850332,93.39978389794368,88.42515793025277,98.59299311012985,6.617918494129049,0.0,2024,Valparaíso
05990022,2024.0,6,HOMBRE,383.0,512497.0,74.73214477353038,67.43424954587489,82.60448315470725,100.45767871909973,90.61945342939305,111.11601955181801,26.504542203298076,0.0,2024,O'Higgins
05990022,2024.0,6,MUJER,139.0,513089.0,27.090816602967518,22.77452677792153,31.987191170529414,37.38345351033363,31.393531998533287,44.23514532206383,10.17365730390581,0.0,2024,O'Higgins
05990022,2024.0,6,TOTAL,522.0,1025586.0,50.89773066325008,46.62452715441376,55.457299659509374,69.6044008878494,63.73923847595096,75.88626490992408,9.350841231550675,0.0,2024,O'Higgins
05990022,2024.0,7,HOMBRE,420.0,574048.0,73.16461341211885,66.33383769804831,80.50785175276592,95.96764656328847,86.98892719583618,105.65688969797243,22.023586783385603,0.0,2024,Maule
05990022,2024.0,7,MUJER,163.0,597934.0,27.260533771285793,23.23618354016292,31.781619887233635,37.44118324467396,31.87582157314355,43.74297302028009,8.724260926262748,0.0,2024,Maule
05990022,2024.0,7,TOTAL,583.0,1171982.0,49.74479130225549,45.78825058728545,53.95173242706071,67.26517914510005,61.89710986452023,72.99253489707783,7.814361885222359,0.0,2024,Maule
05990022,2024.0,8,HOMBRE,1193.0,819922.0,145.5016452784533,137.361266895186,153.99846737069467,194.61479608988435,183.68045270859994,206.05701779161973,32.021763797035604,0.0,2024,Biobío
05990022,2024.0,8,MUJER,544.0,866303.0,62.79558076100395,57.6288636798128,68.30121614552226,88.97776945207399,81.60804100303811,96.86862833937184,14.752308027725569,0.0,2024,Biobío
05990022,2024.0,8,TOTAL,1737.0,1686225.0,103.01116399057065,98.2232602203045,107.97210153918599,142.83361075642205,136.16126427005483,149.76271906049723,11.865543600637066,0.0,2024,Biobío
05990022,2024.0,9,HOMBRE,540.0,503438.0,107.26246330233316,98.4051614760613,116.70299737672637,138.08893168386993,126.6513699258119,150.3229284709795,35.53236448465055,0.0,2024,La Araucanía
05990022,2024.0,9,MUJER,271.0,528726.0,51.25528156360762,45.33392726153089,57.73520449869217,68.1490969882973,60.217033314135016,76.8929692339164,17.403873905374198,0.0,2024,La Araucanía
05990022,2024.0,9,TOTAL,811.0,1032164.0,78.57278494502812,73.25746010275594,84.17183823621333,103.84127395689578,96.78469368241319,111.29880751029292,13.419073515176379,0.0,2024,La Araucanía
05990022,2024.0,10,HOMBRE,440.0,453413.0,97.04176986544276,88.18508531636945,106.54702382420903,132.47496642822438,120.3401291217445,145.54538488911479,40.185417363992975,0.0,2024,Los Lagos
05990022,2024.0,10,MUJER,213.0,458758.0,46.429708037788984,40.403409114813684,53.101393632567884,63.964781315804345,55.616905399617366,73.27283844359623,19.42837721642308,0.0,2024,Los Lagos
05990022,2024.0,10,TOTAL,653.0,912171.0,71.58745454525523,66.2013067158019,77.29508129491495,98.87145726782016,91.39948614808887,106.81531289827265,15.106064690842366,0.0,2024,Los Lagos
05990022,2024.0,11,HOMBRE,53.0,54651.0,96.97901227790891,72.64393502837545,126.85093580941657,121.23826792775131,90.62437954990371,159.77161903804065,281.11962277515664,0.0,2024,Aysén
05990022,2024.0,11,MUJER,39.0,53887.0,72.37367082969918,51.464754930570415,98.93719053915201,92.0253338514763,65.2827234526369,127.36307939535376,219.9565940828043,0.0,2024,Aysén
05990022,2024.0,11,TOTAL,92.0,108538.0,84.76294016842027,68.33089311233154,103.95422156449915,106.74702846979336,85.92733424887493,131.58902797448383,125.457623667615,0.0,2024,Aysén
05990022,2024.0,12,HOMBRE,56.0,93226.0,60.06907944135756,45.37553706329802,78.00469612295383,85.67358652147166,64.52432844720644,111.83368564326751,133.68207920200956,0.0,2024,Magallanes
05990022,2024.0,12,MUJER,15.0,90009.0,16.665000166650003,9.327274086795004,27.486383441084605,24.266718926767933,13.522486512777883,40.48598755288416,39.77684027819085,0.0,2024,Magallanes
05990022,2024.0,12,TOTAL,71.0,183235.0,38.748055775370425,30.26255303544575,48.87539995475788,55.7514404246887,43.44611737256348,70.59861683506878,44.51800889962949,0.0,2024,Magallanes
05990022,2024.0,13,HOMBRE,2200.0,4166844.0,52.7977529276354,50.614333732399274,55.05113240266792,72.69880501103118,69.68222125247532,75.81325862712043,2.4187772420930544,0.0,2024,Metropolitana
05990022,2024.0,13,MUJER,956.0,4253885.0,22.473574156330038,21.07137419983687,23.944554837672445,31.722019886723213,29.728993371164478,33.8152363292704,1.0675578940364603,0.0,2024,Metropolitana
05990022,2024.0,13,TOTAL,3156.0,8420729.0,37.47894036252681,36.182648458560415,38.80981010377218,52.517790040197944,50.693103019251005,54.391941244283046,0.8819490333276587,0.0,2024,Metropolitana
05990022,2024.0,14,HOMBRE,184.0,201540.0,91.29701299990076,78.58152251715077,105.48404648589066,125.68174357549064,108.06547767481784,145.45970897090626,86.99122828461263,0.0,2024,Los Ríos
05990022,2024.0,14,MUJER,98.0,211246.0,46.39141096162768,37.66278986316789,56.536270648028975,65.75282911522545,53.25377122106633,80.4598145325327,45.08326929813324,0.0,2024,Los Ríos
05990022,2024.0,14,TOTAL,282.0,412786.0,68.31627041614783,60.57466867117612,76.77304822115512,96.16571957463077,85.18086906828366,108.23383394539131,33.33827783750619,0.0,2024,Los Ríos
05990022,2024.0,15,HOMBRE,134.0,132125.0,101.41911069063387,84.97502586224195,120.11700486748165,127.30602738601836,106.57339035996772,151.05734279684827,122.06889002900505,0.0,2024,Arica y Parinacota
05990022,2024.0,15,MUJER,47.0,129654.0,36.2503277955173,26.635377363649216,48.20525116128077,46.92329197957661,34.45081127616412,62.61466127470441,47.06505719576068,0.0,2024,Arica y Parinacota
05990022,2024.0,15,TOTAL,181.0,261779.0,69.14229178047131,59.4359841725999,79.98174230118414,88.33334445285332,75.8934915126844,102.30773203066391,43.39516124285724,0.0,2024,Arica y Parinacota
05990022,2024.0,16,HOMBRE,581.0,251232.0,231.26034900012738,212.8356698116219,250.85315830965484,313.38361290420266,288.29125656324175,340.18272526283533,170.76598155149372,0.0,2024,Ñuble
05990022,2024.0,16,MUJER,312.0,270479.0,115.35091448874034,102.90514130505701,128.8870944128407,171.88185688055125,153.25016451801503,192.28363989131245,95.60224229744043,0.0,2024,Ñuble
05990022,2024.0,16,TOTAL,893.0,521711.0,171.16756211772417,160.1237120035722,182.77243955821353,244.68814982413303,228.82764626929497,261.4139849315944,67.67876206968067,0.0,2024,Ñuble
05990022,,1,HOMBRE,253.0,804225.0,31.458857906680343,27.70152013870605,35.583672347975714,36.04425260770974,31.732396544069722,40.789778573563545,5.152039536825734,0.0,2021-2024,Tarapacá
05990022,,1,MUJER,91.0,791512.0,11.496982989518795,9.256653531068523,14.115747444959482,13.499291690000824,10.861979701419466,16.59769370351705,2.013526157381183,0.0,2021-2024,Tarapacá
05990022,,1,TOTAL,344.0,1595737.0,21.55743709646389,19.339296162979604,23.96024018187917,24.99328973096203,22.416739147935836,27.790819845702284,1.8229765597614613,0.0,2021-2024,Tarapacá
05990022,,2,HOMBRE,641.0,1431051.0,44.79225408458539,41.39136284791633,48.39808495038933,55.09085861106603,50.899611529884595,59.55563690198752,4.7542725089871185,0.0,2021-2024,Antofagasta
05990022,,2,MUJER,209.0,1414706.0,14.773387544832637,12.838274478638331,16.91782953189796,18.684059508086566,16.2266551403485,21.41360612305963,1.6845560196371456,0.0,2021-2024,Antofagasta
05990022,,2,TOTAL,850.0,2845757.0,29.869029576313086,27.894535306231266,31.946405166254905,37.4016096097618,34.92278556837428,40.01210229640921,1.654405258815624,0.0,2021-2024,Antofagasta
05990022,,3,HOMBRE,822.0,642618.0,127.91425076795234,119.31813861186227,136.96604799150748,154.93285622220318,144.49064227679685,165.95275159592134,29.375946458282872,0.0,2021-2024,Atacama
05990022,,3,MUJER,297.0,631163.0,47.05599029093911,41.85598445884958,52.72349513283958,57.67269268923583,51.2703804728811,64.67914997632494,11.304717844544978,0.0,2021-2024,Atacama
05990022,,3,TOTAL,1119.0,1273781.0,87.84869612594315,82.77628415804526,93.15061972709081,107.29374862635966,101.07751104002907,113.80368681128006,10.358840311680916,0.0,2021-2024,Atacama
05990022,,4,HOMBRE,1153.0,1691475.0,68.16535863669283,64.28708121339298,72.21644642848942,83.61241026065724,78.84473709689117,88.60709402421362,6.09062451224819,0.0,2021-2024,Coquimbo
05990022,,4,MUJER,486.0,1763743.0,27.555034945567467,25.159368726513293,30.117305015773262,35.88782698808986,32.753483006605954,39.257490234954936,2.674844899403018,0.0,2021-2024,Coquimbo
05990022,,4,TOTAL,1639.0,3455218.0,47.435501898867166,45.16655878737035,49.788909339500606,60.14953256843892,57.26407711330393,63.150021005498445,2.22044883886741,0.0,2021-2024,Coquimbo
05990022,,5,HOMBRE,2116.0,3917369.0,54.01584583938863,51.738616285833075,56.367501464146414,72.90787373263676,69.82336377921634,76.09906229740697,2.5299882316206865,0.0,2021-2024,Valparaíso
05990022,,5,MUJER,884.0,4094084.0,21.592131475563278,20.19203659701728,23.06372235041135,31.161358584306495,29.130781779176793,33.30272057417436,1.1095214112627465,0.0,2021-2024,Valparaíso
05990022,,5,TOTAL,3000.0,8011453.0,37.44639081075555,36.11827493695168,38.8108565384078,52.45123645473112,50.5835322351505,54.37316137303663,0.9244304065864468,0.0,2021-2024,Valparaíso
05990022,,6,HOMBRE,716.0,2026408.0,35.33345703333188,32.79242978802893,38.0191111772213,46.39855938841023,43.052417086284066,49.946518886874244,3.0239575821920988,0.0,2021-2024,O'Higgins
05990022,,6,MUJER,261.0,2027390.0,12.873694750393362,11.359104091263982,14.534010010289116,17.484989101412793,15.41675239463703,19.7653800308848,1.1844828071635152,0.0,2021-2024,O'Higgins
05990022,,6,TOTAL,977.0,4053798.0,24.100855543369452,22.61311468658381,25.660763629256824,32.25508919068994,30.25696597607649,34.35594689384433,1.072530771866572,0.0,2021-2024,O'Higgins
05990022,,7,HOMBRE,1020.0,2270678.0,44.920503919974564,42.20573060267338,47.76408686663679,58.47447625879275,54.93198675188807,62.19324800225052,3.3687777171887663,0.0,2021-2024,Maule
05990022,,7,MUJER,308.0,2360000.0,13.05084745762712,11.633876919758828,14.592804187049502,18.01639229806773,16.049671168915086,20.166638357689596,1.0656903806118472,0.0,2021-2024,Maule
05990022,,7,TOTAL,1328.0,4630678.0,28.67830585499575,27.156440870140568,30.263252138004354,38.62202619389377,36.56615635882878,40.7673504823701,1.1302766703313076,0.0,2021-2024,Maule
05990022,,8,HOMBRE,2712.0,3267368.0,83.00258801579743,79.90779267449658,86.18653990533937,109.34097508075696,105.24718205205373,113.5597782254564,4.445451516912167,0.0,2021-2024,Biobío
05990022,,8,MUJER,1128.0,3447146.0,32.72272192706662,30.840742669131778,34.68950639759681,45.864771081187484,43.20979241210732,48.648228851424356,1.889586579327168,0.0,2021-2024,Biobío
05990022,,8,TOTAL,3840.0,6714514.0,57.18954491717494,55.394856338694154,59.027573700716204,78.21626556657279,75.74974054166876,80.74611718860709,1.6088987659713585,0.0,2021-2024,Biobío
05990022,,9,HOMBRE,1195.0,2003225.0,59.65380823422232,56.31911150317674,63.13439655685489,75.80901305889599,71.55684014430265,80.25727989108795,4.842397621210816,0.0,2021-2024,La Araucanía
05990022,,9,MUJER,510.0,2100717.0,24.277425279083285,22.215863073816802,26.478816858040894,31.821980316502483,29.097903250511113,34.745614732886224,2.018555109669992,0.0,2021-2024,La Araucanía
05990022,,9,TOTAL,1705.0,4103942.0,41.54542145088795,39.596591246766955,43.56535297478221,54.2295502612654,51.673420009263054,56.88457861786929,1.7417696639453781,0.0,2021-2024,La Araucanía
05990022,,10,HOMBRE,963.0,1799919.0,53.502407608342374,50.176177213196134,56.99118635298135,71.77078985260454,67.29270291975244,76.47888332899997,5.388300061818952,0.0,2021-2024,Los Lagos
05990022,,10,MUJER,427.0,1819494.0,23.468063098861553,21.29463784705543,25.803148331475718,31.662719884918385,28.71388156618183,34.84677074426132,2.3749862790924556,0.0,2021-2024,Los Lagos
05990022,,10,TOTAL,1390.0,3619413.0,38.40401744702801,36.41140038513736,40.47732411249299,52.09033227655593,49.37564487339918,54.92116606525874,1.9696183360873258,0.0,2021-2024,Los Lagos
05990022,,11,HOMBRE,228.0,218196.0,104.4932079414838,91.36896416652577,118.97337189727878,128.82677026064283,112.52698491374441,147.0070394497048,73.90618983393774,0.0,2021-2024,Aysén
05990022,,11,MUJER,103.0,214432.0,48.03387554096403,39.20680604798648,58.25504376540402,61.2910119882269,49.928569087481975,74.7040826889172,37.15230049077785,0.0,2021-2024,Aysén
05990022,,11,TOTAL,331.0,432628.0,76.50914873748347,68.48793277203114,85.21171978347755,95.75628668558075,85.64142125995659,106.83686006694164,28.13366067458371,0.0,2021-2024,Aysén
05990022,,12,HOMBRE,103.0,369536.0,27.872791825424315,22.750676076165345,33.80386632074578,38.3200385418359,31.22457487229972,46.628960058454425,14.485935791331508,0.0,2021-2024,Magallanes
05990022,,12,MUJER,26.0,357008.0,7.282749966387308,4.757334069711699,10.670916081187254,10.129643714141896,6.588771309817277,14.987700535888763,4.018376623624719,0.0,2021-2024,Magallanes
05990022,,12,TOTAL,129.0,726544.0,17.755290801382987,14.823717313994267,21.096946173477534,24.659842769122267,20.560057933970644,29.377068101914777,4.782725482462201,0.0,2021-2024,Magallanes
05990022,,13,HOMBRE,4576.0,16484107.0,27.760072171334485,26.961519272192927,28.576270930766817,37.66284787830084,36.57574638515069,38.77424566259455,0.3121112939623811,0.0,2021-2024,Metropolitana
05990022,,13,MUJER,1839.0,16857855.0,10.908861180737407,10.415921158829889,11.419105195157861,15.190702408003922,14.499007427362585,15.90728607947947,0.12743706143213251,0.0,2021-2024,Metropolitana
05990022,,13,TOTAL,6415.0,33341962.0,19.240019528544842,18.77204626235529,19.716710097528342,26.59785758701078,25.947933023824426,27.26007715224012,0.11130707688613015,0.0,2021-2024,Metropolitana
05990022,,14,HOMBRE,550.0,802510.0,68.53497152683455,62.92621014559281,74.50956418181595,95.21558978091515,87.38329677625515,103.58413943598104,16.657244277293742,0.0,2021-2024,Los Ríos
05990022,,14,MUJER,190.0,838858.0,22.64984061664787,19.543595814025437,26.10949734795749,32.69173123511316,28.16929081360198,37.76507892442652,5.727220551398289,0.0,2021-2024,Los Ríos
05990022,,14,TOTAL,740.0,1641368.0,45.08434427867486,41.89411490495663,48.4530917433066,64.42309620404417,59.83594814888566,69.2807949304533,5.680189351992091,0.0,2021-2024,Los Ríos
05990022,,15,HOMBRE,323.0,521456.0,61.9419471633273,55.37027820959521,69.07903000878953,76.82092959014862,68.64123873972014,85.74464271172154,18.40689920113601,0.0,2021-2024,Arica y Parinacota
05990022,,15,MUJER,108.0,513227.0,21.043320012392176,17.26224327807845,25.406440091869456,27.070624352368586,22.193951716471755,32.73868017011498,6.822452481475372,0.0,2021-2024,Arica y Parinacota
05990022,,15,TOTAL,431.0,1034683.0,41.65527026151971,37.814998831482214,45.77980037550149,52.62132334682242,47.75594852115305,57.866003560727485,6.4630012749449595,0.0,2021-2024,Arica y Parinacota
05990022,,16,HOMBRE,1617.0,1000315.0,161.64908053963,153.865275979616,169.7246521567113,215.16697373835748,204.75312277633734,225.99946934350515,28.928810026303065,0.0,2021-2024,Ñuble
05990022,,16,MUJER,763.0,1072401.0,71.14875871991913,66.18925860766748,76.38144000177115,104.42598874837847,97.11186184998357,112.17527558423171,14.43231577565807,0.0,2021-2024,Ñuble
05990022,,16,TOTAL,2380.0,2072716.0,114.82518589136187,110.25790934836525,119.5330670787114,161.4312205035378,154.97926376904917,168.09621785370535,11.056258142219153,0.0,2021-2024,Ñuble
06902600,2017.0,1,HOMBRE,80.0,173093.0,46.21792909014229,36.647943354722806,57.52221347335737,49.489715436435844,39.22027027295902,61.83723581437401,30.75530117155035,0.0,2017,Tarapacá
06902600,2017.0,1,MUJER,13.0,169036.0,7.6906694431955325,4.09495757767801,13.151278969071011,8.741281321381473,4.648566865575631,15.016333775637602,5.897766043375211,0.0,2017,Tarapacá
06902600,2017.0,1,TOTAL,93.0,342129.0,27.182729321396316,21.939970807283025,33.300679867924856,29.50377932725951,23.80093037173891,36.19816663622338,9.403226785183815,0.0,2017,Tarapacá
06902600,2017.0,2,HOMBRE,89.0,315354.0,28.22225181859117,22.664785651157352,34.72990936971037,31.65109716971734,25.39618599345631,39.12829317099013,11.341379005345855,0.0,2017,Antofagasta
06902600,2017.0,2,MUJER,30.0,308497.0,9.724567823998289,6.561125074610422,13.882425240701744,10.876307853781363,7.314606787553529,15.619591748472123,4.002009319844161,0.0,2017,Antofagasta
06902600,2017.0,2,TOTAL,119.0,623851.0,19.075067604283714,15.802111910894151,22.82616231603179,21.484783043349292,17.781942316185575,25.75072044027651,3.9153400206135722,0.0,2017,Antofagasta
06902600,2017.0,3,HOMBRE,18.0,154008.0,11.68770453482936,6.926874435353701,18.471612038029182,12.452584551134061,7.358724238547862,19.83203940182903,8.699729773851157,0.0,2017,Atacama
06902600,2017.0,3,MUJER,23.0,150572.0,15.27508434503095,9.683093162769092,22.920126514114862,15.952351714958352,10.078001156034974,24.165854493855264,11.213051550992454,0.0,2017,Atacama
06902600,2017.0,3,TOTAL,41.0,304580.0,13.461159629653949,9.659960558295122,18.261583021122505,14.103352133950088,10.095372789324975,19.232161008097144,4.919411470149717,0.0,2017,Atacama
06902600,2017.0,4,HOMBRE,90.0,388759.0,23.150589439730012,18.61580777065122,28.456004823015395,26.879748460138806,21.609055810054222,33.06589484978026,8.045574530959302,0.0,2017,Coquimbo
06902600,2017.0,4,MUJER,35.0,404290.0,8.657152044324619,6.030023597546257,12.04000281211088,10.577809919493228,7.3606942250930665,14.751173211606636,3.2125754223033423,0.0,2017,Coquimbo
06902600,2017.0,4,TOTAL,125.0,793049.0,15.761951657463788,13.120109737544619,18.77965383563091,18.862346676550604,15.696370861225441,22.489401419702276,2.8547735529819755,0.0,2017,Coquimbo
06902600,2017.0,5,HOMBRE,195.0,921681.0,21.156994665182424,18.29154526138052,24.34400082363203,26.524971393085433,22.918836661919453,30.549043704155007,3.636619020536856,0.0,2017,Valparaíso
06902600,2017.0,5,MUJER,67.0,964267.0,6.948282996307039,5.384823884380626,8.824073791573946,8.272351529468088,6.340398620459328,10.633119467972536,1.1061534335013905,0.0,2017,Valparaíso
06902600,2017.0,5,TOTAL,262.0,1885948.0,13.892217600909463,12.260821601545162,15.680261202217451,17.624101937330988,15.53105142866029,19.92773189822284,1.2133936732711081,0.0,2017,Valparaíso
06902600,2017.0,6,HOMBRE,97.0,477231.0,20.325586560805984,16.48268146332328,24.79549189646394,23.69057688883186,19.183144029921277,28.97736264940814,5.863592805349031,0.0,2017,O'Higgins
06902600,2017.0,6,MUJER,49.0,477048.0,10.271503077258473,7.598914521982932,13.57947179171033,11.20358303000096,8.239675034560488,14.958337551561891,2.65562445627221,0.0,2017,O'Higgins
06902600,2017.0,6,TOTAL,146.0,954279.0,15.29950884384965,12.918503132822389,17.99220407976344,17.58176241869175,14.815938886968217,20.736802733883376,2.1654692231148087,0.0,2017,O'Higgins
06902600,2017.0,7,HOMBRE,42.0,537574.0,7.812877854955783,5.630835146877955,10.560741177677984,9.486964488236689,6.831164781365828,12.854454940026814,2.1538997256799473,0.0,2017,Maule
06902600,2017.0,7,MUJER,32.0,555001.0,5.765755377017339,3.943772409650535,8.139526249397834,5.97211858252677,4.031980666564499,8.597292424393135,1.1853066898290636,0.0,2017,Maule
06902600,2017.0,7,TOTAL,74.0,1092575.0,6.7729904125574905,5.318254238229959,8.502869231118837,7.805134705522257,6.103638701029693,9.852618905938767,0.8497311814493383,0.0,2017,Maule
06902600,2017.0,8,HOMBRE,375.0,797987.0,46.99324675715268,42.35674354787476,51.99874432063354,56.64306773157172,51.03672264579579,62.713107702933414,8.611762418682275,0.0,2017,Biobío
06902600,2017.0,8,MUJER,141.0,838222.0,16.8213194118026,14.159476495763759,19.838172732670767,21.19803502195748,17.808985104342284,25.06734050873479,3.2561316940015725,0.0,2017,Biobío
06902600,2017.0,8,TOTAL,516.0,1636209.0,31.536313514960497,28.87361974011446,34.37851795974375,39.234698864316755,35.90474638882429,42.79912929420993,3.0151435218561735,0.0,2017,Biobío
06902600,2017.0,9,HOMBRE,157.0,486792.0,32.25196798632681,27.40434237871682,37.71003283954538,38.20729570611309,32.45420292382459,44.70989553426486,9.3330752872379,0.0,2017,La Araucanía
06902600,2017.0,9,MUJER,46.0,508096.0,9.05340723012974,6.628231950059019,12.075976530141155,11.095824537089038,8.101308247840686,14.873628896377545,2.720216098126666,0.0,2017,La Araucanía
06902600,2017.0,9,TOTAL,203.0,994888.0,20.404306816445672,17.693819407081225,23.412552536172466,24.876761908208362,21.56145468098119,28.57056102168281,3.0690604875944563,0.0,2017,La Araucanía
06902600,2017.0,10,HOMBRE,83.0,433259.0,19.15713233885505,15.25854897366312,23.74814782780417,22.783175305053078,18.134612913541442,28.30303779993126,6.288486142918061,0.0,2017,Los Lagos
06902600,2017.0,10,MUJER,21.0,436968.0,4.805843906189927,2.9748931235413547,7.346242913655783,5.812556547355528,3.588871106324232,8.968426083064065,1.624184484861406,0.0,2017,Los Lagos
06902600,2017.0,10,TOTAL,104.0,870227.0,11.950904763929412,9.764755208713412,14.480521403611396,14.445615064783237,11.794880947894406,17.53693514114323,2.019703702019066,0.0,2017,Los Lagos
06902600,2017.0,11,HOMBRE,33.0,53476.0,61.70992594808886,42.47827356707651,86.66367953693114,69.34904747037419,47.7039953301079,98.10699542073327,146.22504489740686,0.0,2017,Aysén
06902600,2017.0,11,MUJER,4.0,51906.0,7.7062381998227565,2.0996905437258215,19.731030469317023,7.8529151803365895,2.096993279985103,22.096191928985856,15.779845829414073,0.0,2017,Aysén
06902600,2017.0,11,TOTAL,37.0,105382.0,35.11036040310489,24.720933904372693,48.39500687207571,39.48233406121389,27.766988454647528,54.84897712565572,42.38733662370038,0.0,2017,Aysén
06902600,2017.0,12,HOMBRE,23.0,87126.0,26.398549227555495,16.734415716370172,39.61078540829722,33.521510630488564,21.190108161524346,50.712739955625736,49.39768708288001,0.0,2017,Magallanes
06902600,2017.0,12,MUJER,6.0,84167.0,7.128684638872717,2.616101623547056,15.516145309347708,9.022214653991943,3.2843601591727913,20.145968248302832,13.741942641954518,0.0,2017,Magallanes
06902600,2017.0,12,TOTAL,29.0,171293.0,16.9300555189062,11.338323888044425,24.314383797695527,21.73159336694588,14.524298363399364,31.400399944548095,16.435817938258094,0.0,2017,Magallanes
06902600,2017.0,13,HOMBRE,934.0,3690365.0,25.30914963696003,23.71183976718121,26.98575303187567,31.878578494566487,29.859491512996236,34.000737843518166,1.0959508417421386,0.0,2017,Metropolitana
06902600,2017.0,13,MUJER,332.0,3818325.0,8.694912036036744,7.7846735449334385,9.682348068802549,11.086690822366409,9.911758902904314,12.366471203476248,0.3796762327208074,0.0,2017,Metropolitana
06902600,2017.0,13,TOTAL,1266.0,7508690.0,16.86046434198242,15.944387916744235,17.815452177148728,21.656339676034776,20.472969737776243,22.89164181539106,0.3747597873773542,0.0,2017,Metropolitana
06902600,2017.0,14,HOMBRE,17.0,195813.0,8.68175248834347,5.057440757052542,13.900326748431725,10.78170915292527,6.272618668923585,17.398066879396424,6.86680655669476,0.0,2017,Los Ríos
06902600,2017.0,14,MUJER,9.0,202680.0,4.440497335701599,2.0304781415918365,8.429447134112475,5.865742840787226,2.639371649421675,11.364963038003983,3.955121535539671,0.0,2017,Los Ríos
06902600,2017.0,14,TOTAL,26.0,398493.0,6.524581360274835,4.262073164546514,9.56002340897456,8.36525027578264,5.446009974462454,12.34259170767987,2.7301454560447174,0.0,2017,Los Ríos
06902600,2017.0,15,HOMBRE,67.0,118312.0,56.62992764892826,43.887416090675956,71.91800631195174,64.29044277625393,49.78967166272784,81.76721580343295,62.00610825805928,0.0,2017,Arica y Parinacota
06902600,2017.0,15,MUJER,16.0,118770.0,13.47141534057422,7.7000778425877945,21.876734526867843,15.008066077677972,8.522512629621971,24.662305939674834,14.367056488468357,0.0,2017,Arica y Parinacota
06902600,2017.0,15,TOTAL,83.0,237082.0,35.008984233303245,27.884460523280172,43.39890324751186,40.2050278191741,31.992248926489545,49.923738870291004,19.631418836411157,0.0,2017,Arica y Parinacota
06902600,2017.0,16,HOMBRE,0.0,243387.0,0.0,0.0,1.5156435857765351,0.0,0.0,2.1568548158560046,0.0,0.0,2017,Ñuble
06902600,2017.0,16,MUJER,0.0,257130.0,0.0,0.0,1.434635963953617,0.0,0.0,2.249520569442768,0.0,0.0,2017,Ñuble
06902600,2017.0,16,TOTAL,0.0,500517.0,0.0,0.0,0.7370138185344225,0.0,0.0,1.1011066578116326,0.0,0.0,2017,Ñuble
06902600,2018.0,1,HOMBRE,66.0,179390.0,36.791348458665475,28.45442623258893,46.807616055804,41.24052901202739,31.880874554863365,52.65473113745628,25.85538884593165,0.0,2018,Tarapacá
06902600,2018.0,1,MUJER,19.0,175550.0,10.823127314155512,6.5162296578562975,16.90165398552298,12.135411538950612,7.297405504850846,19.049495160779188,7.7840145549508355,0.0,2018,Tarapacá
06902600,2018.0,1,TOTAL,85.0,354940.0,23.94770947202344,19.12857976131022,29.61171361889304,27.009453397442687,21.564779731055694,33.43310866078144,8.614044890711236,0.0,2018,Tarapacá
06902600,2018.0,2,HOMBRE,115.0,325309.0,35.351004737034636,29.185879966754175,42.433527390555,40.64681450786408,33.53941608354992,48.95049850221475,14.446434099513677,0.0,2018,Antofagasta
06902600,2018.0,2,MUJER,31.0,319713.0,9.696196276035069,6.588094941132157,13.762976639438731,11.063671706590783,7.497528324681059,15.782204092099375,3.9975113003588865,0.0,2018,Antofagasta
06902600,2018.0,2,TOTAL,146.0,645022.0,22.634886872075683,19.112303535517576,26.61859985710964,26.1562230995441,22.071653418569145,30.791856816682227,4.719624727367942,0.0,2018,Antofagasta
06902600,2018.0,3,HOMBRE,13.0,155595.0,8.355024261705069,4.448698538515892,14.287345941809747,9.324503045835176,4.953811573533335,16.045053865009244,6.729196374524001,0.0,2018,Atacama
06902600,2018.0,3,MUJER,4.0,152240.0,2.627430373095113,0.7158863463126148,6.727265288625653,2.964432901469949,0.793326169640022,7.803845322786229,2.243071596127554,0.0,2018,Atacama
06902600,2018.0,3,TOTAL,17.0,307835.0,5.522438968928159,3.2170242076460744,8.84195975633265,6.201773526527724,3.602715974311025,9.994738515316737,2.283023705701193,0.0,2018,Atacama
06902600,2018.0,4,HOMBRE,119.0,395636.0,30.078152645360888,24.917255552384585,35.9929940324408,35.25273106852669,29.194012978010996,42.224797273208246,10.4794445241421,0.0,2018,Coquimbo
06902600,2018.0,4,MUJER,46.0,411577.0,11.176523469484446,8.182619876468285,14.907916066880803,13.227149360657517,9.644189905829153,17.753918941847022,3.896900243547764,0.0,2018,Coquimbo
06902600,2018.0,4,TOTAL,165.0,807213.0,20.440701524876335,17.440739558364378,23.80855865932902,24.449662381179966,20.84669623850988,28.511937735227505,3.653800007209827,0.0,2018,Coquimbo
06902600,2018.0,5,HOMBRE,310.0,934075.0,33.18791317613682,29.595906810198723,37.09568613852423,42.40452392797123,37.80207323922883,47.426300841266475,5.834111480079089,0.0,2018,Valparaíso
06902600,2018.0,5,MUJER,101.0,976310.0,10.345074822546117,8.426233347301466,12.57020369614472,13.17392365549342,10.672786133762653,16.108665217505035,1.8049892887498011,0.0,2018,Valparaíso
06902600,2018.0,5,TOTAL,411.0,1910385.0,21.513988018122003,19.48407524644001,23.69791657585159,28.11756873735227,25.44550610123831,31.001680722053887,1.9520807674242993,0.0,2018,Valparaíso
06902600,2018.0,6,HOMBRE,112.0,483455.0,23.166582205169043,19.075292122857018,27.87541824826207,28.19273865188533,23.200871022821573,33.9765319337172,7.135574195710738,0.0,2018,O'Higgins
06902600,2018.0,6,MUJER,30.0,483031.0,6.210781502636476,4.190388198981207,8.866276780332456,7.183879016154066,4.797568836808093,10.403942246673937,1.802446510003714,0.0,2018,O'Higgins
06902600,2018.0,6,TOTAL,142.0,966486.0,14.692401131521823,12.375286974338792,17.31738234480413,17.924846850398968,15.079145891769684,21.170997583900984,2.2942664581827894,0.0,2018,O'Higgins
06902600,2018.0,7,HOMBRE,55.0,543871.0,10.11269216413451,7.6182637006640315,13.163058882705524,12.4750613653594,9.394517022531694,16.265536913166855,2.836347016333259,0.0,2018,Maule
06902600,2018.0,7,MUJER,15.0,561860.0,2.6697041967749975,1.494213172815882,4.403271076689183,3.3564382976943636,1.862858011938948,5.60854847931061,0.7700967867812477,0.0,2018,Maule
06902600,2018.0,7,TOTAL,70.0,1105731.0,6.330653658077779,4.935055100014876,7.998400047754738,8.008515298692075,6.23762106016919,10.137832549468394,0.9222418802172765,0.0,2018,Maule
06902600,2018.0,8,HOMBRE,530.0,802348.0,66.05612527232573,60.55137317528046,71.92687861020879,81.42675574196689,74.61930980822385,88.70551871791004,12.59230645953223,0.0,2018,Biobío
06902600,2018.0,8,MUJER,167.0,843112.0,19.807570050005218,16.917291945265706,23.05002563801965,25.735941246239005,21.946506736000906,30.01520270557054,4.041509063616892,0.0,2018,Biobío
06902600,2018.0,8,TOTAL,697.0,1645460.0,42.35897560560573,39.27224197741037,45.623849166489876,54.07684186755958,50.11742350286524,58.275080155301076,4.236453166933167,0.0,2018,Biobío
06902600,2018.0,9,HOMBRE,193.0,489833.0,39.401183668719746,34.038228288422346,45.36925998898753,47.05882190480548,40.644113327578545,54.22619667379615,11.509486737625233,0.0,2018,La Araucanía
06902600,2018.0,9,MUJER,65.0,511587.0,12.705561321925694,9.805883990256646,16.194280897652124,15.665143180181309,12.060774077497012,20.051524480688805,3.841849095745703,0.0,2018,La Araucanía
06902600,2018.0,9,TOTAL,258.0,1001420.0,25.76341594935192,22.715334524598212,29.106553485839402,31.64596255493363,27.890393783058364,35.78140435101359,3.9063667977250467,0.0,2018,La Araucanía
06902600,2018.0,10,HOMBRE,109.0,436796.0,24.9544409747342,20.490192663321046,30.102482984604986,29.531644283480446,24.216261609912067,35.71766818393134,8.10442308696814,0.0,2018,Los Lagos
06902600,2018.0,10,MUJER,53.0,440552.0,12.030361909604315,9.011566610152144,15.73600958098119,13.252256649614859,9.848459892348766,17.540502002099682,3.484931603742913,0.0,2018,Los Lagos
06902600,2018.0,10,TOTAL,162.0,877348.0,18.464736911692967,15.73081110975043,21.537226593823373,21.556630167383837,18.32540131185011,25.22265698444339,2.9429860914294763,0.0,2018,Los Lagos
06902600,2018.0,11,HOMBRE,25.0,53764.0,46.49951640502939,30.09203527979564,68.6424590758321,52.52539243288529,33.94881845913611,78.45018757459052,110.9335785336934,0.0,2018,Aysén
06902600,2018.0,11,MUJER,11.0,52259.0,21.049005912857115,10.50758791258317,37.66248591305221,23.474631905295993,11.649053711540786,43.50013775865624,50.827118699108546,0.0,2018,Aysén
06902600,2018.0,11,TOTAL,36.0,106023.0,33.95489657904417,23.781592123704502,47.007889315748656,38.39904919697062,26.850336014623203,53.68242763860855,41.303183173446776,0.0,2018,Aysén
06902600,2018.0,12,HOMBRE,35.0,88246.0,39.661854361670784,27.625934776102895,55.16003826698442,51.65152890422817,35.945113905574715,72.19806864351256,76.56989881494913,0.0,2018,Magallanes
06902600,2018.0,12,MUJER,10.0,85321.0,11.7204439704176,5.620408452939409,21.554313758650014,14.823418347520198,6.999338710507333,27.94434989618988,22.75822034880932,0.0,2018,Magallanes
06902600,2018.0,12,TOTAL,45.0,173567.0,25.926587427333537,18.9110307767228,34.69181382230425,33.89634838405015,24.683323679697658,45.562633414779,25.781176614957825,0.0,2018,Magallanes
06902600,2018.0,13,HOMBRE,902.0,3793180.0,23.77952008604917,22.25279544946023,25.383403699247815,30.570732898609734,28.600626570798422,32.64301597046377,1.044028551923885,0.0,2018,Metropolitana
06902600,2018.0,13,MUJER,351.0,3909711.0,8.977645662300871,8.062903335981742,9.967743977738715,11.805847135662725,10.589925072299618,13.126260600713287,0.4059685429896741,0.0,2018,Metropolitana
06902600,2018.0,13,TOTAL,1253.0,7702891.0,16.266619896348008,15.378299656249858,17.1928723684334,21.344321662348637,20.172210512305,22.567971524128104,0.36771446320781115,0.0,2018,Metropolitana
06902600,2018.0,14,HOMBRE,23.0,196876.0,11.682480342956989,7.405690402611125,17.529456558866002,14.601437250981913,9.250004393941348,22.062753492105436,9.293525683173185,0.0,2018,Los Ríos
06902600,2018.0,14,MUJER,8.0,204059.0,3.9204347762166822,1.6925654721176235,7.724819400366224,5.198288527445354,2.2442359359670485,10.438463936899034,3.377823080218776,0.0,2018,Los Ríos
06902600,2018.0,14,TOTAL,31.0,400935.0,7.731926621522192,5.2534690109723154,10.974852657724755,9.977239854683123,6.776250691827121,14.23711777406797,3.2173951196947765,0.0,2018,Los Ríos
06902600,2018.0,15,HOMBRE,88.0,121177.0,72.62104194690411,58.24419920537463,89.47115479212582,84.86245145819828,68.02969166508183,104.68274776590549,82.17242991940859,0.0,2018,Arica y Parinacota
06902600,2018.0,15,MUJER,19.0,120724.0,15.738378450018223,9.475531927675302,24.577427497088888,18.81456020969967,11.281460165288012,29.5861199891284,18.897312320091835,0.0,2018,Arica y Parinacota
06902600,2018.0,15,TOTAL,107.0,241901.0,44.232971339514926,36.249987472989275,53.45101809455288,52.63837946838292,43.11145315241277,63.68527621724737,26.050447612083605,0.0,2018,Arica y Parinacota
06902600,2018.0,16,HOMBRE,0.0,244933.0,0.0,0.0,1.5060769492530346,0.0,0.0,2.1817720701560446,0.0,0.0,2018,Ñuble
06902600,2018.0,16,MUJER,0.0,259315.0,0.0,0.0,1.4225476559836243,0.0,0.0,2.2753699248267125,0.0,0.0,2018,Ñuble
06902600,2018.0,16,TOTAL,0.0,504248.0,0.0,0.0,0.7315605523698528,0.0,0.0,1.1137941211763402,0.0,0.0,2018,Ñuble
06902600,2019.0,1,HOMBRE,67.0,186270.0,35.96929188811939,27.875707159070455,45.67972922520875,40.17762199249847,31.114446792810035,51.2113778097186,24.222571921486693,0.0,2019,Tarapacá
06902600,2019.0,1,MUJER,33.0,182636.0,18.06872686655424,12.437680179553778,25.375210401656464,19.981398370888186,13.727628247677494,28.199069817407675,12.213704464740257,0.0,2019,Tarapacá
06902600,2019.0,1,TOTAL,100.0,368906.0,27.107176353867924,22.055480596933403,32.9695894868683,30.24911687492649,24.595321487340915,36.84397358530508,9.206954471201575,0.0,2019,Tarapacá
06902600,2019.0,2,HOMBRE,185.0,336667.0,54.950440643128076,47.317088088511824,63.46465076843658,64.53120600782911,55.55533645243984,74.66758905166753,22.570297463630016,0.0,2019,Antofagasta
06902600,2019.0,2,MUJER,46.0,331896.0,13.859763299346783,10.14708866903243,18.48698197947128,16.375835485784634,11.966941160941024,21.907822721721136,5.894207996166252,0.0,2019,Antofagasta
06902600,2019.0,2,TOTAL,231.0,668563.0,34.551717639175365,30.239377374675534,39.30652173000487,41.01257231847572,35.88304211091329,46.67987829496912,7.313416536487619,0.0,2019,Antofagasta
06902600,2019.0,3,HOMBRE,29.0,157283.0,18.438102019925868,12.348286297659593,26.48019012772302,21.055246797073746,14.082834019600714,30.358152474053377,15.376526845008282,0.0,2019,Atacama
06902600,2019.0,3,MUJER,10.0,154024.0,6.492494676154365,3.1134035579730646,11.93992886953837,7.607816083864925,3.6347864670112435,14.150698259274579,5.8370868987284155,0.0,2019,Atacama
06902600,2019.0,3,TOTAL,39.0,311307.0,12.527826229413408,8.908509121040156,17.125950867096737,14.479993434011265,10.283765963785452,19.85598014807139,5.4126766063301694,0.0,2019,Atacama
06902600,2019.0,4,HOMBRE,150.0,402663.0,37.25199484432391,31.529135108327527,43.71327042640483,43.89365593876,37.13860295759315,51.56301401708479,12.891592347652917,0.0,2019,Coquimbo
06902600,2019.0,4,MUJER,30.0,419063.0,7.158828147557766,4.830031289190626,10.219672315333892,8.442017889375165,5.6642590771259815,12.180595127716314,2.436871885262136,0.0,2019,Coquimbo
06902600,2019.0,4,TOTAL,180.0,821726.0,21.90511192295242,18.821833630986028,25.34940197849248,26.459549120474502,22.722519623699355,30.658227920602805,3.9170946357139265,0.0,2019,Coquimbo
06902600,2019.0,5,HOMBRE,292.0,946578.0,30.847959703267982,27.410852204572183,34.596838330680065,40.025103754851685,35.55177401088614,44.92171091931678,5.52112175269039,0.0,2019,Valparaíso
06902600,2019.0,5,MUJER,80.0,988877.0,8.089984902065677,6.41485489004096,10.068686496646041,10.57131362368514,8.34402297246581,13.237973594261163,1.4495211327743576,0.0,2019,Valparaíso
06902600,2019.0,5,TOTAL,372.0,1935455.0,19.22028670260998,17.316520630017045,21.276199295375662,25.61828906059043,23.06558482593822,28.38529787593865,1.786037847657003,0.0,2019,Valparaíso
06902600,2019.0,6,HOMBRE,81.0,489662.0,16.542022864751605,13.136753922939773,20.560224028029342,20.4950373613431,16.260340508484468,25.534745824844723,5.226804268524297,0.0,2019,O'Higgins
06902600,2019.0,6,MUJER,33.0,489206.0,6.7456245426262145,4.6433775490754075,9.473364854308675,8.137023073297883,5.566996042312025,11.547763018138244,2.0668158579452145,0.0,2019,O'Higgins
06902600,2019.0,6,TOTAL,114.0,978868.0,11.646105501456784,9.606600906552814,13.990530243713696,14.455522037456245,11.906736548346295,17.409684034391585,1.8594278444075942,0.0,2019,O'Higgins
06902600,2019.0,7,HOMBRE,106.0,550096.0,19.269363892847792,15.77617629774176,23.30574054854921,24.0005596573192,19.643216873961908,29.060942275615208,5.451272453391857,0.0,2019,Maule
06902600,2019.0,7,MUJER,26.0,568851.0,4.57061691022781,2.985678712983952,6.697012764876039,5.835270074435269,3.792821406537806,8.623305950386944,1.3374524693254073,0.0,2019,Maule
06902600,2019.0,7,TOTAL,132.0,1118947.0,11.796805389352668,9.870289514897708,13.989506063473694,15.08807462678071,12.616327890765143,17.91538167543313,1.7359890927145287,0.0,2019,Maule
06902600,2019.0,8,HOMBRE,609.0,806588.0,75.50323089359128,69.62490913447229,81.74528017940195,95.15387422842764,87.7250935263796,103.06272254473315,14.951748835234365,0.0,2019,Biobío
06902600,2019.0,8,MUJER,164.0,848156.0,19.336065535113825,16.48993375348643,22.532359804878585,26.035517057952326,22.182339809234115,30.390161646538473,4.180417257073527,0.0,2019,Biobío
06902600,2019.0,8,TOTAL,773.0,1654744.0,46.71417451883796,43.478665556361385,50.12671206223794,61.229693722649934,56.9743097982916,65.72870719560325,4.883872823317219,0.0,2019,Biobío
06902600,2019.0,9,HOMBRE,208.0,492834.0,42.20488034510606,36.66381262279727,48.346870091506524,51.37966052832692,44.61436745801996,58.90918476333,12.768551228085709,0.0,2019,La Araucanía
06902600,2019.0,9,MUJER,83.0,515131.0,16.112406358770876,12.833441726046985,19.973751880058874,20.292776247365822,16.120703826604537,25.25622110926058,5.070186369344395,0.0,2019,La Araucanía
06902600,2019.0,9,TOTAL,291.0,1007965.0,28.870050051341067,25.647965089143852,32.384928275463174,36.14059698173646,32.08714479906503,40.579631454330375,4.534296155636491,0.0,2019,La Araucanía
06902600,2019.0,10,HOMBRE,97.0,440258.0,22.032535467839313,17.86690203794873,26.87782480554898,27.43477971545384,22.237323419573865,33.527963605426734,7.792475719437794,0.0,2019,Los Lagos
06902600,2019.0,10,MUJER,37.0,444206.0,8.329468759989734,5.864714697033816,11.481075478928881,10.27600474967528,7.211819441923113,14.274123235900516,2.902603762802959,0.0,2019,Los Lagos
06902600,2019.0,10,TOTAL,134.0,884464.0,15.150418784710288,12.693931343784165,17.943589866988383,19.011563187866532,15.917409781091015,22.556505592144642,2.718648112945253,0.0,2019,Los Lagos
06902600,2019.0,11,HOMBRE,40.0,54038.0,74.02198452940523,52.882390987432856,100.79693357264159,86.63026712089663,61.768050985974256,118.92237738962831,189.6517514042348,0.0,2019,Aysén
06902600,2019.0,11,MUJER,8.0,52642.0,15.196990995782835,6.560982061374,29.94413058051235,17.915376618618517,7.639183692341589,36.86772534101617,41.103112167904364,0.0,2019,Aysén
06902600,2019.0,11,TOTAL,48.0,106680.0,44.99437570303712,33.175300734423736,59.65601441894195,53.344972703552244,39.24758859050886,71.26481545608023,60.066809377823304,0.0,2019,Aysén
06902600,2019.0,12,HOMBRE,29.0,89455.0,32.41853445866637,21.711201316357876,46.558423160903914,42.293895667414176,28.271916470518907,61.19850526674695,62.20571506906938,0.0,2019,Magallanes
06902600,2019.0,12,MUJER,9.0,86529.0,10.401137190999549,4.756062241997866,19.74459828660815,12.276645708962677,5.531329174234564,24.218114724147938,17.277387701202148,0.0,2019,Magallanes
06902600,2019.0,12,TOTAL,38.0,175984.0,21.592872079279935,15.28040142580925,29.63790396812188,27.878664953628483,19.678381455870532,38.531283481528455,20.731201088857333,0.0,2019,Magallanes
06902600,2019.0,13,HOMBRE,1137.0,3903339.0,29.128907327803198,27.460164806553312,30.872540725485866,38.3681156162999,36.163756401349715,40.67326835139207,1.3023005893782948,0.0,2019,Metropolitana
06902600,2019.0,13,MUJER,420.0,4011860.0,10.468959534978788,9.491559242568096,11.519686948939338,14.339714083275124,12.992049027010694,15.791166226045698,0.49627453813965,0.0,2019,Metropolitana
06902600,2019.0,13,TOTAL,1557.0,7915199.0,19.671015220211142,18.705954995077075,20.672954510234394,26.540488786129966,25.233285965157933,27.898656942583045,0.456021571542096,0.0,2019,Metropolitana
06902600,2019.0,14,HOMBRE,20.0,197926.0,10.10478663743015,6.172266193124675,15.606023414141953,13.042987655769519,7.930164893476856,20.346730645155862,8.648634525975977,0.0,2019,Los Ríos
06902600,2019.0,14,MUJER,4.0,205487.0,1.9465951617377255,0.5303816658116206,4.984056741012178,2.577024264203255,0.7015856039025914,6.880584881507788,1.6618265956348293,0.0,2019,Los Ríos
06902600,2019.0,14,TOTAL,24.0,403413.0,5.949238125692529,3.811789122979791,8.851994753206569,7.894329736362845,5.0394814411591735,11.849680871604107,2.6353562204696925,0.0,2019,Los Ríos
06902600,2019.0,15,HOMBRE,86.0,124067.0,69.31738496135152,55.44496058111342,85.60640652385177,80.8854902895577,64.66163135887038,100.07763761366206,76.43766141862747,0.0,2019,Arica y Parinacota
06902600,2019.0,15,MUJER,33.0,122969.0,26.836031845424458,18.472689517463618,37.687766241222825,32.73453507298776,22.491046143933183,46.18041411986061,32.76749817271195,0.0,2019,Arica y Parinacota
06902600,2019.0,15,TOTAL,119.0,247036.0,48.17111676031024,39.90577615296243,57.64392310035278,57.50925280748251,47.61769868345602,68.91309455010582,27.934439840538904,0.0,2019,Arica y Parinacota
06902600,2019.0,16,HOMBRE,219.0,246415.0,88.87445975285596,77.49269836717886,101.45738842028437,112.74980257020835,98.26891350343399,128.85954760332228,58.39434134419619,0.0,2019,Ñuble
06902600,2019.0,16,MUJER,57.0,261544.0,21.793656134340683,16.506302328833673,28.23620935787585,29.479686478780685,22.273938679470756,38.40644482475222,15.494206519640114,0.0,2019,Ñuble
06902600,2019.0,16,TOTAL,276.0,507959.0,54.33509397411996,48.11330875874148,61.13817924862812,72.2811768342304,63.973130525815584,81.41738471593095,19.077578477313708,0.0,2019,Ñuble
06902600,2020.0,1,HOMBRE,30.0,193145.0,15.53237205208522,10.479626198669866,22.17342690455754,17.11787151933841,11.543781378496437,24.607712902285066,9.789193490456206,0.0,2020,Tarapacá
06902600,2020.0,1,MUJER,7.0,189628.0,3.691437973295083,1.4841495198598653,7.6057730723850785,4.2999413704140705,1.7256491606234248,8.953481189966755,2.649973462174209,0.0,2020,Tarapacá
06902600,2020.0,1,TOTAL,37.0,382773.0,9.666303527155781,6.805969743713907,13.323726109712762,10.833146180983153,7.623626175412986,14.9772055469486,3.1803290246873117,0.0,2020,Tarapacá
06902600,2020.0,2,HOMBRE,77.0,348210.0,22.113092673961116,17.451306928131448,27.637571723994974,25.568505556800595,20.1523290093498,32.12975819364962,8.577464751045563,0.0,2020,Antofagasta
06902600,2020.0,2,MUJER,18.0,343644.0,5.237978838565493,3.104358225489032,8.278264793660878,6.5362342479679585,3.8730652775362446,10.364294631798874,2.374957386146042,0.0,2020,Antofagasta
06902600,2020.0,2,TOTAL,95.0,691854.0,13.731220748886326,11.10937756569018,16.785705311171938,16.269423865008854,13.14956937553956,19.92513587458712,2.8116645943609653,0.0,2020,Antofagasta
06902600,2020.0,3,HOMBRE,26.0,158939.0,16.358477151611623,10.68590038668693,23.968959212732553,19.135378567871932,12.477100327676785,28.1809269232825,14.19220422965391,0.0,2020,Atacama
06902600,2020.0,3,MUJER,14.0,155770.0,8.987609937728703,4.913609986711559,15.079682302006534,10.360380272272945,5.6490128019547114,17.59260816987426,7.725891343302034,0.0,2020,Atacama
06902600,2020.0,3,TOTAL,40.0,314709.0,12.710154460152078,9.080320690475634,17.30762290369327,14.85701637342759,10.598011943584106,20.310549417150728,5.564145998540479,0.0,2020,Atacama
06902600,2020.0,4,HOMBRE,75.0,409614.0,18.309921047620442,14.401914412459401,22.951644584616922,21.85326240529273,17.167947393363114,27.478372600885532,6.428879670245138,0.0,2020,Coquimbo
06902600,2020.0,4,MUJER,21.0,426482.0,4.924006171421068,3.0480374280922025,7.526866487904156,6.202052536790995,3.83339780487705,9.573391497133382,1.8419469906357848,0.0,2020,Coquimbo
06902600,2020.0,4,TOTAL,96.0,836096.0,11.481935088793632,9.300404285512005,14.021407948289252,14.130073535232812,11.433209498374659,17.300909444465372,2.0998026501121356,0.0,2020,Coquimbo
06902600,2020.0,5,HOMBRE,163.0,958672.0,17.00268705041975,14.49265668435479,19.822536911115748,22.224830415838998,18.929179518813992,25.95060602584444,3.058693543231752,0.0,2020,Valparaíso
06902600,2020.0,5,MUJER,56.0,1001498.0,5.591623747626056,4.22385248723714,7.261188540325087,7.5776635210976915,5.701817058812519,9.904410262572073,1.0521290515260817,0.0,2020,Valparaíso
06902600,2020.0,5,TOTAL,219.0,1960170.0,11.172500344357887,9.74168733739848,12.75431333383552,15.04732958598646,13.107693147200223,17.204529654469027,1.0479361537461651,0.0,2020,Valparaíso
06902600,2020.0,6,HOMBRE,53.0,495674.0,10.692511610453645,8.009424930974284,13.986068450070862,13.274158457857876,9.922654838498723,17.443217514659597,3.3691945176335016,0.0,2020,O'Higgins
06902600,2020.0,6,MUJER,20.0,495389.0,4.037231347486521,2.4660457913687917,6.235176377084392,5.052702718584107,3.0678781967333415,7.90864694355118,1.3042091881514817,0.0,2020,O'Higgins
06902600,2020.0,6,TOTAL,73.0,991063.0,7.365828408486645,5.773633656235693,9.261423358856254,9.245661907372838,7.232174796907386,11.671484850726756,1.1897570991703221,0.0,2020,O'Higgins
06902600,2020.0,7,HOMBRE,57.0,556100.0,10.249955044056824,7.76321585378974,13.280005646999246,12.885462538544498,9.747354185345896,16.743245391342505,2.9369780021494347,0.0,2020,Maule
06902600,2020.0,7,MUJER,16.0,575839.0,2.7785544223298526,1.5881839287789683,4.512198305005555,3.6689833368268348,2.0920407877694003,6.01602243921019,0.8477682580621402,0.0,2020,Maule
06902600,2020.0,7,TOTAL,73.0,1131939.0,6.449110773637095,5.055073367248513,8.108788563958088,8.352475345824942,6.539718301266122,10.528371859872282,0.9639190974452212,0.0,2020,Maule
06902600,2020.0,8,HOMBRE,438.0,810577.0,54.035582060680234,49.09295512769073,59.341012654441975,68.73906978428069,62.42977509725293,75.53720559848297,10.864394120152358,0.0,2020,Biobío
06902600,2020.0,8,MUJER,131.0,853119.0,15.355419349469418,12.838633281001924,18.221369216717314,20.66831288083262,17.257186486019698,24.588245235199274,3.308587481592006,0.0,2020,Biobío
06902600,2020.0,8,TOTAL,569.0,1663696.0,34.200959790731,31.44816155290779,37.130180754921085,45.14991535213172,41.4999754997711,49.047453009808216,3.614667168117662,0.0,2020,Biobío
06902600,2020.0,9,HOMBRE,76.0,495735.0,15.330771480730633,12.078904228358617,19.188746601174334,18.244144898549358,14.339271967352934,22.928819274941414,4.464514810954695,0.0,2020,La Araucanía
06902600,2020.0,9,MUJER,37.0,518608.0,7.134483077777435,5.023334496788717,9.833945126556248,8.574528432999534,6.001828945928779,11.947933299372062,2.0487207078886285,0.0,2020,La Araucanía
06902600,2020.0,9,TOTAL,113.0,1014343.0,11.140215883581787,9.18111461913768,13.393611946950921,13.481717153972323,11.083596483585776,16.269369207399475,1.6476087679518017,0.0,2020,La Araucanía
06902600,2020.0,10,HOMBRE,69.0,443617.0,15.553957580525543,12.101907401394632,19.684528792865304,19.725199305221697,15.338017178754168,25.02719895678274,5.664709848456945,0.0,2020,Los Lagos
06902600,2020.0,10,MUJER,27.0,447823.0,6.0291677738749465,3.973259553833719,8.772122567434485,7.604151161624215,4.986193411860794,11.183903182888331,2.188247036853709,0.0,2020,Los Lagos
06902600,2020.0,10,TOTAL,96.0,891440.0,10.769092703939693,8.722999665147901,13.150905388958146,13.77899783800436,11.150355390767231,16.867876225360963,1.9948052108380765,0.0,2020,Los Lagos
06902600,2020.0,11,HOMBRE,31.0,54276.0,57.11548382342103,38.8072001974019,81.07087018801819,70.06693623662112,47.47959080325771,100.40078925492374,160.37414627240332,0.0,2020,Aysén
06902600,2020.0,11,MUJER,8.0,53021.0,15.088361215367495,6.514083432505048,29.730086607557972,19.252213066027974,8.146314761331434,39.40840278653607,48.17366292341767,0.0,2020,Aysén
06902600,2020.0,11,TOTAL,39.0,107297.0,36.34770776442957,25.846773432096406,49.68851306731115,45.04441070893711,31.92331399860774,62.13792912574457,52.97512380069771,0.0,2020,Aysén
06902600,2020.0,12,HOMBRE,15.0,90675.0,16.542597187758478,9.25876606868852,27.28449834186473,22.117330339499766,12.368359343791237,36.94315396975758,32.69532214466949,0.0,2020,Magallanes
06902600,2020.0,12,MUJER,3.0,87687.0,3.421259707824421,0.7055460021389731,9.998372700334512,4.970880242818034,1.0196675377787687,14.89717338011205,8.276808556056674,0.0,2020,Magallanes
06902600,2020.0,12,TOTAL,18.0,178362.0,10.091835704914724,5.981061425863989,15.949451266260741,13.83824768185678,8.196011009809144,22.068230380295155,10.662453264996843,0.0,2020,Magallanes
06902600,2020.0,13,HOMBRE,648.0,4010416.0,16.157924763914767,14.937633984208325,17.451339714073626,21.391217271126408,19.76953743445348,23.11172340907828,0.7116492479400292,0.0,2020,Metropolitana
06902600,2020.0,13,MUJER,188.0,4114656.0,4.569033231453614,3.9392271436258133,5.270898631588986,6.148992971913019,5.2903363141093545,7.10968289718179,0.20661319027060382,0.0,2020,Metropolitana
06902600,2020.0,13,TOTAL,836.0,8125072.0,10.289139591624542,9.60340137526804,11.01091477846214,13.876907766469479,12.94634730391072,14.857436368484922,0.23324816062188444,0.0,2020,Metropolitana
06902600,2020.0,14,HOMBRE,10.0,198915.0,5.027272955785135,2.410772790454432,9.245333957729573,6.539031975528419,3.1256329887555294,12.229097969922588,4.3075791403657675,0.0,2020,Los Ríos
06902600,2020.0,14,MUJER,6.0,206920.0,2.8996713705780013,1.0641282879812732,6.3113638229840925,3.6574223578240956,1.2545580982612772,8.496903889948559,2.4730146106613806,0.0,2020,Los Ríos
06902600,2020.0,14,TOTAL,16.0,405835.0,3.942488942550544,2.253473074929842,6.402355045168834,5.12906380888162,2.893223220506296,8.495234317142701,1.712783163833233,0.0,2020,Los Ríos
06902600,2020.0,15,HOMBRE,52.0,126744.0,41.027583159755096,30.641361484931224,53.80221686302538,49.75253072105745,37.11765508776865,65.44819751938391,47.92911072822678,0.0,2020,Arica y Parinacota
06902600,2020.0,15,MUJER,13.0,125366.0,10.369637700812023,5.521395347226362,17.73239627822446,13.058545361557348,6.941650331657067,22.540591135261764,13.17673587556031,0.0,2020,Arica y Parinacota
06902600,2020.0,15,TOTAL,65.0,252110.0,25.78239657292452,19.89830936068949,32.86178089558985,31.89917262779607,24.59952113839457,40.75651150358852,15.745112799605932,0.0,2020,Arica y Parinacota
06902600,2020.0,16,HOMBRE,133.0,247792.0,53.674049202556986,44.9401597526008,63.60981542140126,69.24781858074736,57.9284617254129,82.2394637921738,36.39920214745114,0.0,2020,Ñuble
06902600,2020.0,16,MUJER,42.0,263759.0,15.923627250634102,11.476349899900173,21.524118145159274,22.563902130798862,16.208240630581898,30.712595878053154,12.349699801824933,0.0,2020,Ñuble
06902600,2020.0,16,TOTAL,175.0,511551.0,34.20968779261501,29.328817805931802,39.67066401094365,46.57778216994597,39.89644138565126,54.11033597653429,12.536687917583619,0.0,2020,Ñuble
A05_ingresos_TGD_total,2021.0,1,HOMBRE,63.0,197277.0,31.934792195745068,24.53957115907442,40.85847173613269,34.76061741480411,26.6903371944766,44.62347260208243,19.285214842928664,0.0,2021,Tarapacá
A05_ingresos_TGD_total,2021.0,1,MUJER,59.0,193888.0,30.42993893381746,23.16467941734065,39.25240415217846,32.13359098898454,24.412510695360755,41.65890538213683,17.74285395843128,0.0,2021,Tarapacá
A05_ingresos_TGD_total,2021.0,1,TOTAL,122.0,391165.0,31.188884486086433,25.90048352012217,37.23957149838739,33.49007261427956,27.784985206495325,40.07342519021441,9.283603509864184,0.0,2021,Tarapacá
A05_ingresos_TGD_total,2021.0,2,HOMBRE,182.0,354057.0,51.404152438731614,44.207048831462444,59.43901224389262,61.85833169181283,53.17867587571347,71.65248698227721,21.119785332580264,0.0,2021,Antofagasta
A05_ingresos_TGD_total,2021.0,2,MUJER,44.0,349689.0,12.582609118388053,9.142543047720784,16.891565442523994,15.743191933218254,11.427806931248979,21.186579242613405,5.66497845243735,0.0,2021,Antofagasta
A05_ingresos_TGD_total,2021.0,2,TOTAL,226.0,703746.0,32.11385926172227,28.063187604948542,36.58497298753355,39.39237924543587,34.41186389144057,44.90624488473646,6.899910576851617,0.0,2021,Antofagasta
A05_ingresos_TGD_total,2021.0,3,HOMBRE,176.0,159897.0,110.07085811491147,94.4094335673178,127.58806074149769,133.50850490516743,114.43689912678111,154.92920047258835,102.1135078782859,0.0,2021,Atacama
A05_ingresos_TGD_total,2021.0,3,MUJER,44.0,156840.0,28.054067839836776,20.384128639469733,37.66127663880881,34.73513274319602,25.195053540734136,46.79347625963506,27.696066199073762,0.0,2021,Atacama
A05_ingresos_TGD_total,2021.0,3,TOTAL,220.0,316737.0,69.45825716603997,60.58258495509364,79.2683667306416,85.13204407363328,74.20787778918437,97.2509750985354,33.22992258779383,0.0,2021,Atacama
A05_ingresos_TGD_total,2021.0,4,HOMBRE,220.0,415361.0,52.96597417668004,46.19775619502431,60.4467551675849,63.847848340769936,55.659734223420216,72.96122121034142,18.66818158094789,0.0,2021,Coquimbo
A05_ingresos_TGD_total,2021.0,4,MUJER,90.0,432718.0,20.798765015552853,16.72466320585369,25.565213323667244,26.298179588819977,21.101864103687102,32.46091690949686,7.827212789522247,0.0,2021,Coquimbo
A05_ingresos_TGD_total,2021.0,4,TOTAL,310.0,848079.0,36.553198463822355,32.596959308904445,40.857223241988095,45.387238431286654,40.45007147344855,50.79177312358739,6.714437753549422,0.0,2021,Coquimbo
A05_ingresos_TGD_total,2021.0,5,HOMBRE,311.0,968008.0,32.12783365426732,28.65599634901946,35.9043594363903,42.17458185241707,37.59231923241973,47.18586409872334,5.783400916231714,0.0,2021,Valparaíso
A05_ingresos_TGD_total,2021.0,5,MUJER,105.0,1011365.0,10.38200847369644,8.491454353302533,12.568054250328599,14.15137973730612,11.53020402143222,17.22226466371396,1.976937572621208,0.0,2021,Valparaíso
A05_ingresos_TGD_total,2021.0,5,TOTAL,416.0,1979373.0,21.016756316267827,19.04541679341419,23.136729139710805,28.447169573404036,25.756556518871335,31.355312350367043,1.9787987897387869,0.0,2021,Valparaíso
A05_ingresos_TGD_total,2021.0,6,HOMBRE,148.0,500528.0,29.568775373205895,24.996966546164067,34.73472722930266,37.16026020602103,31.385250564922192,43.74173349751337,9.430444496405466,0.0,2021,O'Higgins
A05_ingresos_TGD_total,2021.0,6,MUJER,41.0,500431.0,8.192937687713192,5.879393536462626,11.114645089080197,10.744594826430905,7.6706376161985705,14.694139837481403,2.8974198115373913,0.0,2021,O'Higgins
A05_ingresos_TGD_total,2021.0,6,TOTAL,189.0,1000959.0,18.88189226531756,16.285805620907325,21.774175637273764,24.2274895361128,20.872062211898104,27.993914520130154,3.153068036086252,0.0,2021,O'Higgins
A05_ingresos_TGD_total,2021.0,7,HOMBRE,303.0,561122.0,53.998952099543416,48.089348250176776,60.43431058647233,68.71515461252321,61.172952298180824,76.96245277495268,15.677765560932356,0.0,2021,Maule
A05_ingresos_TGD_total,2021.0,7,MUJER,68.0,581890.0,11.686057502277063,9.074680910932042,14.814862457857936,15.114150960252184,11.709637247421123,19.250262960072813,3.4172916802875126,0.0,2021,Maule
A05_ingresos_TGD_total,2021.0,7,TOTAL,371.0,1143012.0,32.458101927188864,29.238916104585083,35.93492238414874,42.38988979333921,38.16855784264995,46.96760116993026,4.883986278591971,0.0,2021,Maule
A05_ingresos_TGD_total,2021.0,8,HOMBRE,561.0,813546.0,68.95737917708402,63.36847364128772,74.90710340885475,89.02786455322743,81.77837445508605,96.77466514499153,14.264224575627523,0.0,2021,Biobío
A05_ingresos_TGD_total,2021.0,8,MUJER,226.0,857044.0,26.369707972986216,23.043573053696328,30.041081204797866,35.230083865212016,30.7183187325571,40.25373527900341,5.667400036891505,0.0,2021,Biobío
A05_ingresos_TGD_total,2021.0,8,TOTAL,787.0,1670590.0,47.109105166438205,43.874876852062684,50.51866424622435,62.669481604579474,58.33439203260263,67.2558015976121,5.0676740614088915,0.0,2021,Biobío
A05_ingresos_TGD_total,2021.0,9,HOMBRE,219.0,498048.0,43.97166538164996,38.3404074871265,50.1972146612061,55.40235652074383,48.27869044135427,63.316478357453256,14.132632461093799,0.0,2021,La Araucanía
A05_ingresos_TGD_total,2021.0,9,MUJER,109.0,521500.0,20.90124640460211,17.16209816791559,25.213123984167822,26.309665686966795,21.538296320096958,31.88187168099577,6.535664289895578,0.0,2021,La Araucanía
A05_ingresos_TGD_total,2021.0,9,TOTAL,328.0,1019548.0,32.171118966443956,28.783340933307,35.8480422390609,41.14877435964762,36.7837012086339,45.90974144839303,5.240776295333248,0.0,2021,La Araucanía
A05_ingresos_TGD_total,2021.0,10,HOMBRE,119.0,446418.0,26.656631229027504,22.082808752611292,31.89863353856419,34.54888330540016,28.591455394887955,41.429946297121475,10.135363195095868,0.0,2021,Los Lagos
A05_ingresos_TGD_total,2021.0,10,MUJER,42.0,450885.0,9.315013806181177,6.713442614519821,12.591192605318573,12.108444225066934,8.678970355846339,16.51043996400008,3.5994825739205423,0.0,2021,Los Lagos
A05_ingresos_TGD_total,2021.0,10,TOTAL,161.0,897303.0,17.94265705118561,15.278128972424383,20.938245679507254,23.5210999966117,20.000967823562828,27.507835623220902,3.4923034936954136,0.0,2021,Los Lagos
A05_ingresos_TGD_total,2021.0,11,HOMBRE,43.0,54429.0,79.00200260890334,57.174141013002604,106.41517905966236,100.17187699689063,72.291133935424,135.91325264885418,237.12579155591533,0.0,2021,Aysén
A05_ingresos_TGD_total,2021.0,11,MUJER,19.0,53308.0,35.64192991671044,21.458770098984637,55.65928860881217,43.9253168922748,26.282577892956876,70.05973895993915,103.75625195499539,0.0,2021,Aysén
A05_ingresos_TGD_total,2021.0,11,TOTAL,62.0,107737.0,57.5475463396976,44.12137379560651,73.77335722708656,72.61774169142998,55.52917665459264,93.68413360239063,86.64015273172711,0.0,2021,Aysén
A05_ingresos_TGD_total,2021.0,12,HOMBRE,24.0,91500.0,26.229508196721312,16.80574082479395,39.02742906421116,34.33306366461743,21.885954307744285,51.7641676845679,50.130443404368556,0.0,2021,Magallanes
A05_ingresos_TGD_total,2021.0,12,MUJER,7.0,88449.0,7.914165225158,3.1819048847582962,16.306205114475436,10.544186419355887,4.195540054270767,22.446477118833972,16.17829311787932,0.0,2021,Magallanes
A05_ingresos_TGD_total,2021.0,12,TOTAL,31.0,179949.0,17.227103234805416,11.704980844095745,24.45249793177442,22.815889759868067,15.441759041180646,32.70976303364041,17.103282209194138,0.0,2021,Magallanes
A05_ingresos_TGD_total,2021.0,13,HOMBRE,1102.0,4071264.0,27.067760774049532,25.493029944168665,28.714304650224644,35.96089131564444,33.8578264026881,38.16181359088756,1.1860000736482554,0.0,2021,Metropolitana
A05_ingresos_TGD_total,2021.0,13,MUJER,485.0,4171195.0,11.62736338147701,10.615449248294086,12.709725166786686,14.546054733207564,13.245448730493223,15.944112814819977,0.4610847943329387,0.0,2021,Metropolitana
A05_ingresos_TGD_total,2021.0,13,TOTAL,1587.0,8242459.0,19.253962925384283,18.318222880356718,20.225114942022923,25.45675332097109,24.205253078243246,26.757288200311397,0.4179658682494585,0.0,2021,Metropolitana
A05_ingresos_TGD_total,2021.0,14,HOMBRE,35.0,199687.0,17.527430428620793,12.208497499847141,24.376412770527413,23.7779002660523,16.527569211110727,33.250455409537686,16.325552394262417,0.0,2021,Los Ríos
A05_ingresos_TGD_total,2021.0,14,MUJER,11.0,208131.0,5.285132921092965,2.638319311989487,9.456562700079255,7.667054314830022,3.8124071383731613,13.92259859686874,5.395337829649675,0.0,2021,Los Ríos
A05_ingresos_TGD_total,2021.0,14,TOTAL,46.0,407818.0,11.279541364039842,8.258041922860658,15.045327501627197,15.821579463946806,11.56161820649541,21.199784473013377,5.50278568412502,0.0,2021,Los Ríos
A05_ingresos_TGD_total,2021.0,15,HOMBRE,121.0,128511.0,94.15536413225327,78.12762453232905,112.50364548671645,115.71059428304774,95.94328499087202,138.49748979262273,111.4832636913671,0.0,2021,Arica y Parinacota
A05_ingresos_TGD_total,2021.0,15,MUJER,34.0,126869.0,26.799296912563353,18.5592921711153,37.44933127493957,32.89704455542234,22.705905289793996,46.30351411240926,32.36320819133455,0.0,2021,Arica y Parinacota
A05_ingresos_TGD_total,2021.0,15,TOTAL,155.0,255380.0,60.69386796146918,51.51505684069964,71.03645840729715,75.48055906664752,64.01813694471016,88.4769451966308,37.07611127391893,0.0,2021,Arica y Parinacota
A05_ingresos_TGD_total,2021.0,16,HOMBRE,206.0,248859.0,82.77779786947629,71.85917165774048,94.88660405511553,109.14127593645782,94.67961640233865,125.2953209988503,58.37238038795731,0.0,2021,Ñuble
A05_ingresos_TGD_total,2021.0,16,MUJER,85.0,265649.0,31.997108967095677,25.558154182697653,39.56492074839317,44.32700997870685,35.300040622273116,55.11012661690381,23.707726456386876,0.0,2021,Ñuble
A05_ingresos_TGD_total,2021.0,16,TOTAL,291.0,514508.0,56.558887325367145,50.246548413394706,63.44483317883733,77.6627046608443,68.93791923280965,87.24298171188593,21.009381976956053,0.0,2021,Ñuble
A05_ingresos_TGD_total,2022.0,1,HOMBRE,82.0,199973.0,41.00553574732589,32.61291947808172,50.898681890089236,47.10191567602868,37.443537680407104,58.54294770938575,27.163500049601467,0.0,2022,Tarapacá
A05_ingresos_TGD_total,2022.0,1,MUJER,18.0,196724.0,9.149874951708993,5.422795785160696,14.460747172448702,10.768114194730167,6.368724053050201,17.118870413134236,6.486701372205026,0.0,2022,Tarapacá
A05_ingresos_TGD_total,2022.0,1,TOTAL,100.0,396697.0,25.20815635106895,20.510362128002768,30.659872343987068,29.302093147795485,23.829091044555515,35.68342597321154,8.626877294948205,0.0,2022,Tarapacá
A05_ingresos_TGD_total,2022.0,2,HOMBRE,217.0,356913.0,60.79913032027413,52.97829693643363,69.44934072857411,73.97559589757495,64.43838720362267,84.61880474543203,25.336225457762165,0.0,2022,Antofagasta
A05_ingresos_TGD_total,2022.0,2,MUJER,80.0,352724.0,22.68062280990236,17.98432332106416,28.22799836910402,27.861050753128726,22.058869264143247,34.756954010465755,9.822151383250986,0.0,2022,Antofagasta
A05_ingresos_TGD_total,2022.0,2,TOTAL,297.0,709637.0,41.85238368348888,37.227411647082775,46.89315714728576,51.58358620042531,45.8651508359127,57.83048448294419,9.017867345482836,0.0,2022,Antofagasta
A05_ingresos_TGD_total,2022.0,3,HOMBRE,250.0,160468.0,155.7943016676222,137.07904107419378,176.35148755036272,188.69374985386716,165.92694323876077,213.80275966953027,143.7151356997592,0.0,2022,Atacama
A05_ingresos_TGD_total,2022.0,3,MUJER,104.0,157536.0,66.01665651025797,53.94039223423882,79.99022889689046,80.09187252249792,65.33981677314266,97.29381400952197,62.58045711298965,0.0,2022,Atacama
A05_ingresos_TGD_total,2022.0,3,TOTAL,354.0,318004.0,111.31935447352863,100.02377094548424,123.5413360576855,135.48320920508098,121.66358647978952,150.48958938201153,52.41299202452166,0.0,2022,Atacama
A05_ingresos_TGD_total,2022.0,4,HOMBRE,327.0,420466.0,77.77085424267361,69.56903588451296,86.6738127142163,94.92438065398983,84.88250758178764,105.88727756455131,27.73145694681461,0.0,2022,Coquimbo
A05_ingresos_TGD_total,2022.0,4,MUJER,111.0,438303.0,25.324946441160566,20.833379618706797,30.497768071515754,33.08055779250013,27.19400132227691,39.93418028734482,9.927770439874516,0.0,2022,Coquimbo
A05_ingresos_TGD_total,2022.0,4,TOTAL,438.0,858769.0,51.003238356298375,46.33797946658317,56.010941259406906,64.49576950578735,58.57682071729276,70.88128259030725,9.561585148578667,0.0,2022,Coquimbo
A05_ingresos_TGD_total,2022.0,5,HOMBRE,556.0,975818.0,56.97783808046172,52.33958088392347,61.916931021588944,76.60587492531722,70.3507901860281,83.29140504176914,10.620656601456675,0.0,2022,Valparaíso
A05_ingresos_TGD_total,2022.0,5,MUJER,216.0,1019720.0,21.18228533322873,18.451443213289753,24.203433124135202,30.714096761638153,26.734533586469418,35.14597493676467,4.412927405259985,0.0,2022,Valparaíso
A05_ingresos_TGD_total,2022.0,5,TOTAL,772.0,1995538.0,38.68630915572643,36.00512104357336,41.514294392258584,54.114353150686696,50.3503475442589,58.097242298757955,3.8212073373562343,0.0,2022,Valparaíso
A05_ingresos_TGD_total,2022.0,6,HOMBRE,174.0,504711.0,34.47517490207267,29.54286344205607,39.995495487756955,44.780575145643745,38.352117362928226,52.026683264524735,11.606365907544287,0.0,2022,O'Higgins
A05_ingresos_TGD_total,2022.0,6,MUJER,62.0,504841.0,12.281094443597093,9.415844688956044,15.743808818171711,16.628717473935968,12.724174132410567,21.406562764299125,4.521763072562585,0.0,2022,O'Higgins
A05_ingresos_TGD_total,2022.0,6,TOTAL,236.0,1009552.0,23.376705707085915,20.489138760479225,26.55722206610854,31.00939845349331,27.162706408408567,35.271948315493155,4.110479454482326,0.0,2022,O'Higgins
A05_ingresos_TGD_total,2022.0,7,HOMBRE,250.0,565612.0,44.19991089297964,38.890263224779055,50.0321253867167,57.71180119714676,50.75168362803059,65.39040037810848,13.431314844644152,0.0,2022,Maule
A05_ingresos_TGD_total,2022.0,7,MUJER,94.0,587431.0,16.001879369662138,12.931147385665756,19.582247741238078,21.31749388799434,17.156271263919237,26.22443353876751,5.012255739015346,0.0,2022,Maule
A05_ingresos_TGD_total,2022.0,7,TOTAL,344.0,1153043.0,29.83409985577294,26.764336144640385,33.15942405193156,39.86409312576077,35.73150511754618,44.35954144335094,4.691207137152366,0.0,2022,Maule
A05_ingresos_TGD_total,2022.0,8,HOMBRE,887.0,815898.0,108.71456971337103,101.67694157082386,116.11094991935947,142.4018554941493,133.13764234253054,152.16820874263036,23.093494975502256,0.0,2022,Biobío
A05_ingresos_TGD_total,2022.0,8,MUJER,368.0,860371.0,42.7722459264666,38.51330399414903,47.37348187921082,59.478214368425725,53.50354035960699,65.97133012866765,9.788330793184569,0.0,2022,Biobío
A05_ingresos_TGD_total,2022.0,8,TOTAL,1255.0,1676269.0,74.86865174980865,70.783287689418,79.12832295285595,101.72670219142337,96.14158725927248,107.56599179387523,8.349006513644113,0.0,2022,Biobío
A05_ingresos_TGD_total,2022.0,9,HOMBRE,302.0,499978.0,60.402657716939544,53.78162104620323,67.61376363730463,76.17742643646434,67.7899420535663,85.35643560616444,19.392477145904046,0.0,2022,La Araucanía
A05_ingresos_TGD_total,2022.0,9,MUJER,127.0,524051.0,24.23428254120305,20.203029447691975,28.83419839883964,31.184525608991656,25.94786069537618,37.228877632567894,7.810628904070966,0.0,2022,La Araucanía
A05_ingresos_TGD_total,2022.0,9,TOTAL,429.0,1024029.0,41.8933448173831,38.022351007679866,46.05156531568501,54.073328320663656,49.04632629220778,59.498171322555855,6.9014177075791405,0.0,2022,La Araucanía
A05_ingresos_TGD_total,2022.0,10,HOMBRE,280.0,448889.0,62.37622218410342,55.283312434548364,70.12683370219544,83.33769609107752,73.82615344203379,93.77856830764777,24.993889617173547,0.0,2022,Los Lagos
A05_ingresos_TGD_total,2022.0,10,MUJER,90.0,453621.0,19.840351306487133,15.953985404358699,24.38716016011305,26.03050665240158,20.884117080871725,32.13207986591856,7.6780555039376575,0.0,2022,Los Lagos
A05_ingresos_TGD_total,2022.0,10,TOTAL,370.0,902510.0,40.99677565899547,36.92537963522716,45.39446861166018,55.19742792223841,49.686058628483,61.17739667242506,8.326393133495175,0.0,2022,Los Lagos
A05_ingresos_TGD_total,2022.0,11,HOMBRE,99.0,54524.0,181.57141809111585,147.5722889996981,221.0566865108126,221.75478073707725,179.93187098269038,271.1732930340561,504.31560615087443,0.0,2022,Aysén
A05_ingresos_TGD_total,2022.0,11,MUJER,31.0,53523.0,57.919025465687646,39.353167758051406,82.21143340853232,74.16111397474477,50.256947568935736,106.53393162153611,179.6134345314409,0.0,2022,Aysén
A05_ingresos_TGD_total,2022.0,11,TOTAL,130.0,108047.0,120.31800975501402,100.52538126798895,142.86786628622448,149.43176937981318,124.6830699558822,178.0738261541039,174.21984461056977,0.0,2022,Aysén
A05_ingresos_TGD_total,2022.0,12,HOMBRE,25.0,92124.0,27.137336633233467,17.561853423461127,40.06006219609479,38.347197544093596,24.768988885784626,57.04355878614742,59.28561341534599,0.0,2022,Magallanes
A05_ingresos_TGD_total,2022.0,12,MUJER,9.0,89019.0,10.110201193003741,4.623027777641103,19.192311137419164,12.359925625645356,5.478125587066289,24.649154226433975,18.11704108965044,0.0,2022,Magallanes
A05_ingresos_TGD_total,2022.0,12,TOTAL,34.0,181143.0,18.769701285724537,12.998563778104739,26.228776212828034,25.68410084393597,17.708550948793924,36.21278816116556,19.83114761057386,0.0,2022,Magallanes
A05_ingresos_TGD_total,2022.0,13,HOMBRE,1647.0,4107724.0,40.09519626927223,38.18196267117471,42.07947573764964,54.131568789576804,51.53925914553607,56.82150124585151,1.7921209990357694,0.0,2022,Metropolitana
A05_ingresos_TGD_total,2022.0,13,MUJER,681.0,4203260.0,16.20171010120716,15.007552853395975,17.46561440172575,22.499901198199655,20.82784874206288,24.272310921028463,0.755946652383503,0.0,2022,Metropolitana
A05_ingresos_TGD_total,2022.0,13,TOTAL,2328.0,8310984.0,28.011123592585427,26.884706968056538,29.172608949575658,38.557774526408544,36.99957032137024,40.165371695537225,0.645019718768301,0.0,2022,Metropolitana
A05_ingresos_TGD_total,2022.0,14,HOMBRE,163.0,200335.0,81.36371577607507,69.35235564880712,94.85766893280334,115.55103943388502,98.41451075378758,134.8929667672689,82.69955740629756,0.0,2022,Los Ríos
A05_ingresos_TGD_total,2022.0,14,MUJER,41.0,209224.0,19.596222230719228,14.062587403192406,26.58448818765291,29.6665349710246,21.23437272839411,40.43542252346437,21.774751218015464,0.0,2022,Los Ríos
A05_ingresos_TGD_total,2022.0,14,TOTAL,204.0,409559.0,49.80967333155907,43.20866136226453,57.13395022682579,73.27350303780388,63.513248339199315,84.14976686158278,26.598921685667197,0.0,2022,Los Ríos
A05_ingresos_TGD_total,2022.0,15,HOMBRE,146.0,129821.0,112.46254458061485,94.96041665898905,132.25581775700832,140.33015789060335,118.41006265698744,165.27890013375682,135.92850202434448,0.0,2022,Arica y Parinacota
A05_ingresos_TGD_total,2022.0,15,MUJER,51.0,127901.0,39.87459050359262,29.689251716789364,52.427722517106034,51.51156481886796,38.30888784068005,67.95303197865799,52.413025204797805,0.0,2022,Arica y Parinacota
A05_ingresos_TGD_total,2022.0,15,TOTAL,197.0,257722.0,76.43895360116714,66.13701604033848,87.89072638646164,97.08236066751537,83.95587486137534,111.74996126809837,48.16472638287742,0.0,2022,Arica y Parinacota
A05_ingresos_TGD_total,2022.0,16,HOMBRE,416.0,249724.0,166.58390863513318,150.95859338562025,183.3873274793644,218.72204473291725,198.0784204497166,241.04834590635696,116.47270002973232,0.0,2022,Ñuble
A05_ingresos_TGD_total,2022.0,16,MUJER,177.0,267336.0,66.20881587216087,56.813917075056494,76.7136023953398,98.49870767450057,84.44481228378497,114.34154288658706,55.44477044994594,0.0,2022,Ñuble
A05_ingresos_TGD_total,2022.0,16,TOTAL,593.0,517060.0,114.68688353382586,105.6407100358493,124.30055563608401,160.22163716215886,147.50777078590602,173.79452997436996,43.82358631758028,0.0,2022,Ñuble
A05_ingresos_TGD_total,2023.0,1,HOMBRE,117.0,202347.0,57.82146510696971,47.81992702594042,69.29750834094723,66.37247464318519,54.8680539141989,79.62376258245874,37.81634716840716,0.0,2023,Tarapacá
A05_ingresos_TGD_total,2023.0,1,MUJER,40.0,199241.0,20.076189137777867,14.342723857935349,27.338071463194854,23.694014957905832,16.90978132161257,32.35229081040827,14.115142358863974,0.0,2023,Tarapacá
A05_ingresos_TGD_total,2023.0,1,TOTAL,157.0,401588.0,39.09479366913354,33.2186585137512,45.710883557347266,45.439762734898835,38.59399570656406,53.1746453247954,13.215578030440277,0.0,2023,Tarapacá
A05_ingresos_TGD_total,2023.0,2,HOMBRE,222.0,359072.0,61.82604045985207,53.960089042157655,70.51617665951893,76.14951677844374,66.42992478388666,86.97538826422795,26.295607163853756,0.0,2023,Antofagasta
A05_ingresos_TGD_total,2023.0,2,MUJER,85.0,355070.0,23.938941617145915,19.121576310247132,29.600872030557063,30.867922565873563,24.640316475321484,38.210210422934935,11.270660494462808,0.0,2023,Antofagasta
A05_ingresos_TGD_total,2023.0,2,TOTAL,307.0,714142.0,42.98864931624243,38.313864126894934,48.07648448835188,54.16091168475565,48.252463552248436,60.60148419150215,9.617786485750168,0.0,2023,Antofagasta
A05_ingresos_TGD_total,2023.0,3,HOMBRE,211.0,160922.0,131.11942431737114,114.02327546974551,150.05564083070928,160.07976756095889,139.14685534056466,183.36642970998065,122.18185380238677,0.0,2023,Atacama
A05_ingresos_TGD_total,2023.0,3,MUJER,93.0,158126.0,58.813857303669224,47.47037345107657,72.05094862662222,72.46557655104323,58.40313194657038,89.00137934914088,57.202385015975665,0.0,2023,Atacama
A05_ingresos_TGD_total,2023.0,3,TOTAL,304.0,319048.0,95.28346831824679,84.87238443117404,106.61918858942454,117.13326368413574,104.28478236400294,131.17507150424095,45.496176980158204,0.0,2023,Atacama
A05_ingresos_TGD_total,2023.0,4,HOMBRE,524.0,425400.0,123.1781852374236,112.85587821327809,134.19086449593044,152.12155522990835,139.3410641137103,165.81663687406865,44.39436105223708,0.0,2023,Coquimbo
A05_ingresos_TGD_total,2023.0,4,MUJER,214.0,443703.0,48.230460465671854,41.984565569585676,55.14360558546386,62.16293858635647,54.07410840683148,71.19421623652998,18.237379906693626,0.0,2023,Coquimbo
A05_ingresos_TGD_total,2023.0,4,TOTAL,738.0,869103.0,84.91513664088146,78.89843927515805,91.26898473199378,107.89468222696193,100.22451166681454,116.0265766710229,15.880391295201544,0.0,2023,Coquimbo
A05_ingresos_TGD_total,2023.0,5,HOMBRE,775.0,983195.0,78.82464821322321,73.37203223740572,84.57520353924473,106.57951269776598,99.1789034049542,114.40937614462247,14.770928182564923,0.0,2023,Valparaíso
A05_ingresos_TGD_total,2023.0,5,MUJER,331.0,1027654.0,32.209284447878375,28.8324644085444,35.87294547239277,46.08942317299192,41.22301951976692,51.401470223978166,6.511957489495652,0.0,2023,Valparaíso
A05_ingresos_TGD_total,2023.0,5,TOTAL,1106.0,2010849.0,55.00164358437655,51.80749849752697,58.34118227065898,76.9527078400798,72.46211263791041,81.66104336282972,5.407026345506873,0.0,2023,Valparaíso
A05_ingresos_TGD_total,2023.0,6,HOMBRE,241.0,508672.0,47.37827126321087,41.58497312013424,53.752852583646565,62.888725634542546,55.167155007193365,71.43260964173052,16.550936902706784,0.0,2023,O'Higgins
A05_ingresos_TGD_total,2023.0,6,MUJER,116.0,509029.0,22.788485528329428,18.83056652988601,27.33261768549473,30.81795408730942,25.418097060599802,37.07847364947219,8.34057296279352,0.0,2023,O'Higgins
A05_ingresos_TGD_total,2023.0,6,TOTAL,357.0,1017701.0,35.079065462252665,31.53417644770164,38.913407577176535,47.212428618415366,42.41429966102463,52.42726079972225,6.316871217894354,0.0,2023,O'Higgins
A05_ingresos_TGD_total,2023.0,7,HOMBRE,364.0,569896.0,63.87130283420133,57.47754755080927,70.78186714427324,81.60904052242698,73.390836631009,90.53336547294978,18.522227003470675,0.0,2023,Maule
A05_ingresos_TGD_total,2023.0,7,MUJER,147.0,592745.0,24.799871782975817,20.952948051161417,29.148548983584558,31.56882847954869,26.576797877972094,37.281129903991506,7.057695439647854,0.0,2023,Maule
A05_ingresos_TGD_total,2023.0,7,TOTAL,511.0,1162641.0,43.95165833649424,40.22299506239907,47.93296860187495,57.098006594749236,52.205974503244846,62.34537567359686,6.5102501243815185,0.0,2023,Maule
A05_ingresos_TGD_total,2023.0,8,HOMBRE,1074.0,818002.0,131.29552250483496,123.5596630807584,139.38884775991508,172.33626295598438,162.13471631102115,183.04025672269702,27.91727348009937,0.0,2023,Biobío
A05_ingresos_TGD_total,2023.0,8,MUJER,501.0,863428.0,58.024525496045996,53.054193895310604,63.33510576722776,80.58881881399746,73.63964935693325,88.05333082914089,13.140543106514812,0.0,2023,Biobío
A05_ingresos_TGD_total,2023.0,8,TOTAL,1575.0,1681430.0,93.67026875932986,89.10081198426116,98.41332241882748,127.33283929411392,121.08743171228718,133.83212061165688,10.408183903037486,0.0,2023,Biobío
A05_ingresos_TGD_total,2023.0,9,HOMBRE,425.0,501761.0,84.70168068064278,76.83929945890665,93.15029787533811,107.42415801290687,97.42147112073276,118.21753484702683,27.326757899586607,0.0,2023,La Araucanía
A05_ingresos_TGD_total,2023.0,9,MUJER,167.0,526440.0,31.72251348681711,27.09363241120899,36.9154190709711,42.32960925211831,36.13225251555982,49.341830346841135,10.804402339067575,0.0,2023,La Araucanía
A05_ingresos_TGD_total,2023.0,9,TOTAL,592.0,1028201.0,57.57629101702877,53.03108255001106,62.40688549731763,75.43427320305469,69.45944398743649,81.8082126695917,9.677649542559148,0.0,2023,La Araucanía
A05_ingresos_TGD_total,2023.0,10,HOMBRE,365.0,451199.0,80.8955693607477,72.80842882750399,89.6354606043768,109.59251125691283,98.59460857018075,121.52445730841104,33.164743265129914,0.0,2023,Los Lagos
A05_ingresos_TGD_total,2023.0,10,MUJER,198.0,456230.0,43.3991627030226,37.564359841141695,49.88346378303019,57.49706895837739,49.70773652123563,66.23002019194382,16.96278537858015,0.0,2023,Los Lagos
A05_ingresos_TGD_total,2023.0,10,TOTAL,563.0,907429.0,62.04342157898855,57.02363424408822,67.38668914635711,84.06296548293295,77.22411178080505,91.37004775669504,12.69352926309142,0.0,2023,Los Lagos
A05_ingresos_TGD_total,2023.0,11,HOMBRE,131.0,54592.0,239.96189917936695,200.63163075276745,284.74861307145113,294.43147452593865,245.82919936201512,350.6403629184482,671.6883824510553,0.0,2023,Aysén
A05_ingresos_TGD_total,2023.0,11,MUJER,60.0,53714.0,111.70272182298842,85.24094453961213,143.7835450844162,138.27586498598382,104.93173707904421,179.95042772657328,331.0876827643356,0.0,2023,Aysén
A05_ingresos_TGD_total,2023.0,11,TOTAL,191.0,108306.0,176.35218732110872,152.22793215038132,203.21354117756488,218.7850011688372,188.55857510096627,252.9149408747508,255.8159418378697,0.0,2023,Aysén
A05_ingresos_TGD_total,2023.0,12,HOMBRE,74.0,92686.0,79.83945795481519,62.69114671400316,100.23112821990013,109.7988736058052,86.03303595018404,138.45040653869586,165.6195266311048,0.0,2023,Magallanes
A05_ingresos_TGD_total,2023.0,12,MUJER,33.0,89531.0,36.85874166489819,25.371861782767798,51.76337723153913,53.61719764171747,36.81081857106474,75.74343622541545,88.23761633840192,0.0,2023,Magallanes
A05_ingresos_TGD_total,2023.0,12,TOTAL,107.0,182217.0,58.72119505863888,48.12343645051548,70.95855341757594,82.78010739524818,67.74138425166174,100.3134908830255,64.93920573172517,0.0,2023,Magallanes
A05_ingresos_TGD_total,2023.0,13,HOMBRE,2837.0,4138275.0,68.55513468776242,66.05544154218686,71.12521115916921,93.41245220946688,89.99388671471439,96.92834997357565,3.098594451429665,0.0,2023,Metropolitana
A05_ingresos_TGD_total,2023.0,13,MUJER,1325.0,4229515.0,31.327468988761122,29.663166084983892,33.06083706853742,43.55315388337738,41.21493822756288,45.99093117921976,1.4623973353309268,0.0,2023,Metropolitana
A05_ingresos_TGD_total,2023.0,13,TOTAL,4162.0,8367790.0,49.73834190389577,48.23860946674205,51.272844129603435,68.90132010779651,66.81216178059047,71.03962667369682,1.1535404034780745,0.0,2023,Metropolitana
A05_ingresos_TGD_total,2023.0,14,HOMBRE,227.0,200948.0,112.96454804227959,98.74615369959322,128.65531506865946,157.26174002112046,137.38637926258892,179.30306917362597,109.87855332126733,0.0,2023,Los Ríos
A05_ingresos_TGD_total,2023.0,14,MUJER,66.0,210257.0,31.390155856879915,24.27714426565645,39.935974755897206,46.02773045619293,35.512071760869986,58.81196394202013,32.66733491622272,0.0,2023,Los Ríos
A05_ingresos_TGD_total,2023.0,14,TOTAL,293.0,411205.0,71.25399739789157,63.327970266610066,79.89768621109118,102.44486917209102,90.98985516173504,114.99425118801273,36.20507645583218,0.0,2023,Los Ríos
A05_ingresos_TGD_total,2023.0,15,HOMBRE,115.0,130999.0,87.78692967121887,72.47711376502748,105.37491402143571,107.7124188718952,88.84589277826083,129.5808501412358,101.812138000803,0.0,2023,Arica y Parinacota
A05_ingresos_TGD_total,2023.0,15,MUJER,40.0,128803.0,31.05517728624333,22.186273954635347,42.28833720020812,39.8641322439523,28.43472594978517,54.53225500808099,40.07210254292405,0.0,2023,Arica y Parinacota
A05_ingresos_TGD_total,2023.0,15,TOTAL,155.0,259802.0,59.66081862341321,50.6382368726102,69.82737141382877,74.7531176014509,63.403276973479954,87.63218681401901,36.35079137863663,0.0,2023,Arica y Parinacota
A05_ingresos_TGD_total,2023.0,16,HOMBRE,699.0,250500.0,279.0419161676647,258.7364622971842,300.5174972998813,373.09313801928977,345.8144976729558,402.0616064169708,201.07648376734716,0.0,2023,Ñuble
A05_ingresos_TGD_total,2023.0,16,MUJER,325.0,268937.0,120.84614612344156,108.0634954624939,134.72504589551235,177.0751915335373,158.2498967099151,197.65586329476662,97.48802247108591,0.0,2023,Ñuble
A05_ingresos_TGD_total,2023.0,16,TOTAL,1024.0,519437.0,197.13651511155348,185.24548918633394,209.59061075969316,277.99664969608574,261.15041733302724,295.70102591364065,76.18414772313639,0.0,2023,Ñuble
A05_ingresos_TGD_total,2024.0,1,HOMBRE,148.0,204628.0,72.32636784799735,61.1435466867604,84.9624858310124,84.12559836647266,71.09053803599365,98.88658661248596,48.0327808188146,0.0,2024,Tarapacá
A05_ingresos_TGD_total,2024.0,1,MUJER,75.0,201659.0,37.19149653623196,29.25347130624046,46.61986296115361,44.50007518847341,34.97993678240622,55.848422915450605,26.5350912813927,0.0,2024,Tarapacá
A05_ingresos_TGD_total,2024.0,1,TOTAL,223.0,406287.0,54.88730872511304,47.919290621082276,62.583696728790706,64.69555395594821,56.46384833474003,73.8050217809729,18.856868116116125,0.0,2024,Tarapacá
A05_ingresos_TGD_total,2024.0,2,HOMBRE,276.0,361009.0,76.4523876136052,67.69800255334788,86.02469299367576,96.31492641526184,85.25339514369823,108.48444044871631,33.81688695865657,0.0,2024,Antofagasta
A05_ingresos_TGD_total,2024.0,2,MUJER,101.0,357223.0,28.273655391730095,23.029356674413165,34.35505432344236,35.82840458634555,29.127844483763678,43.647691229337056,12.932621667421524,0.0,2024,Antofagasta
A05_ingresos_TGD_total,2024.0,2,TOTAL,377.0,718232.0,52.490003230154045,47.32457019992571,58.0653866196714,66.98872215132073,60.366815968214254,74.1512170738483,12.01347976698862,0.0,2024,Antofagasta
A05_ingresos_TGD_total,2024.0,3,HOMBRE,308.0,161331.0,190.9118520309178,170.18396669351108,213.46807421659088,233.46093547453745,208.05809149964804,261.20755485761117,177.75675116145575,0.0,2024,Atacama
A05_ingresos_TGD_total,2024.0,3,MUJER,126.0,158661.0,79.41460094163027,66.154483402959,94.55319994682944,95.07322001717395,79.06598459025764,113.5073248907495,72.9997191021427,0.0,2024,Atacama
A05_ingresos_TGD_total,2024.0,3,TOTAL,434.0,319992.0,135.62839070976776,123.16681984919971,149.00905180229168,165.7227478050887,150.43508774018602,182.19514052573555,63.80197198673406,0.0,2024,Atacama
A05_ingresos_TGD_total,2024.0,4,HOMBRE,466.0,430248.0,108.30962607612354,98.69776541593026,118.60467287073776,135.79101322460428,123.7038985448403,148.7949694947426,39.814489283177046,0.0,2024,Coquimbo
A05_ingresos_TGD_total,2024.0,4,MUJER,240.0,449019.0,53.449854015086224,46.900983720818274,60.6572607014174,70.69016886998237,61.98075703632604,80.34705415946983,21.06159913784638,0.0,2024,Coquimbo
A05_ingresos_TGD_total,2024.0,4,TOTAL,706.0,879267.0,80.29415410791034,74.47976426028497,86.44188827928693,103.81176869942448,96.26517437258296,111.82146176932262,15.38584844788703,0.0,2024,Coquimbo
A05_ingresos_TGD_total,2024.0,5,HOMBRE,1031.0,990348.0,104.10481971993683,97.84637197253832,110.65858681861705,142.59973749445103,133.9896002605105,151.63998046247082,19.898920960605484,0.0,2024,Valparaíso
A05_ingresos_TGD_total,2024.0,5,MUJER,485.0,1035345.0,46.84428861876959,42.767491828557674,51.20490471009643,68.02036466698058,62.06883816666145,74.41659783394735,9.644929841813672,0.0,2024,Valparaíso
A05_ingresos_TGD_total,2024.0,5,TOTAL,1516.0,2025693.0,74.83858610361985,71.11831213873293,78.70297778529579,106.05613007129476,100.75854113344512,111.57174814863328,7.492254626530556,0.0,2024,Valparaíso
A05_ingresos_TGD_total,2024.0,6,HOMBRE,434.0,512497.0,84.68342253710753,76.90268824438995,93.03801681633048,113.3287598418596,102.88266474363782,124.59210599757915,29.788104528141236,0.0,2024,O'Higgins
A05_ingresos_TGD_total,2024.0,6,MUJER,166.0,513089.0,32.353061554623075,27.6185424012858,37.666324965199635,44.353790801335784,37.82450569188024,51.73934940998612,11.998243105711532,0.0,2024,O'Higgins
A05_ingresos_TGD_total,2024.0,6,TOTAL,600.0,1025586.0,58.5031386933909,53.9150242474087,63.37734087009124,79.59212859165008,73.32497768309857,86.27437208692436,10.645150563219548,0.0,2024,O'Higgins
A05_ingresos_TGD_total,2024.0,7,HOMBRE,530.0,574048.0,92.32677406767378,84.63277141360987,100.53233736402497,121.0999481679519,110.98095481390713,131.92838571238073,27.822843529329347,0.0,2024,Maule
A05_ingresos_TGD_total,2024.0,7,MUJER,203.0,597934.0,33.950235310251635,29.440320507400862,38.95558300348793,46.87722832901798,40.609581155766726,53.8806335398616,10.971676740081197,0.0,2024,Maule
A05_ingresos_TGD_total,2024.0,7,TOTAL,733.0,1171982.0,62.54362268362483,58.097257322873226,67.24001821159105,84.6683175656951,78.62658216475761,91.06907161962668,9.854533128817357,0.0,2024,Maule
A05_ingresos_TGD_total,2024.0,8,HOMBRE,1409.0,819922.0,171.84561458285057,162.9888215526148,181.05857729245463,228.81797277221386,216.9698258416273,241.17238277239673,37.511798017480444,0.0,2024,Biobío
A05_ingresos_TGD_total,2024.0,8,MUJER,663.0,866303.0,76.53211405247356,70.81668107441708,82.58601411751935,107.45387643339059,99.36272355146191,116.0634461486239,17.710824344202596,0.0,2024,Biobío
A05_ingresos_TGD_total,2024.0,8,TOTAL,2072.0,1686225.0,122.87802636065769,117.64354416155228,128.28542542638752,169.32566524555287,162.07035466067106,176.836802751661,14.0016378018754,0.0,2024,Biobío
A05_ingresos_TGD_total,2024.0,9,HOMBRE,606.0,503438.0,120.37231992817388,110.9780069135809,130.3494017386452,154.56074155114894,142.45688196724407,167.4593655524249,39.697219704299336,0.0,2024,La Araucanía
A05_ingresos_TGD_total,2024.0,9,MUJER,321.0,528726.0,60.71197557903337,54.2513307429457,67.73029138010216,80.65958804354577,72.01110957426613,90.11778758578896,20.585582479145298,0.0,2024,La Araucanía
A05_ingresos_TGD_total,2024.0,9,TOTAL,927.0,1032164.0,89.81130905553769,84.12212985004692,95.7840033009054,118.35182835720332,110.81789398672463,126.28581674261756,15.261511603447051,0.0,2024,La Araucanía
A05_ingresos_TGD_total,2024.0,10,HOMBRE,535.0,453413.0,117.99397017729973,108.20606357464882,128.42949977202926,160.2732856576134,146.92538214895575,174.55264431794825,48.4048377397202,0.0,2024,Los Lagos
A05_ingresos_TGD_total,2024.0,10,MUJER,278.0,458758.0,60.59839828406262,53.68365970371395,68.15673486540493,83.38250664835154,73.81013051947048,93.91150026277019,25.32394921737252,0.0,2024,Los Lagos
A05_ingresos_TGD_total,2024.0,10,TOTAL,813.0,912171.0,89.12802533735452,83.10594636426953,95.4711516790569,122.52833649884732,114.20937625225679,131.3173088566216,18.649107706863028,0.0,2024,Los Lagos
A05_ingresos_TGD_total,2024.0,11,HOMBRE,68.0,54651.0,124.42590254524163,96.62158195206393,157.73947989246224,152.29393140921155,118.01326658806933,194.35893984653038,346.43971277957854,0.0,2024,Aysén
A05_ingresos_TGD_total,2024.0,11,MUJER,52.0,53887.0,96.49822777293225,72.0694920861455,126.54458726756525,121.83295700741795,90.7356606797773,161.4187734395372,290.5786555827715,0.0,2024,Aysén
A05_ingresos_TGD_total,2024.0,11,TOTAL,120.0,108538.0,110.56035674141775,91.66552325078655,132.20308589558704,137.2441804625537,113.61113780643767,164.84947736621515,159.4778949494798,0.0,2024,Aysén
A05_ingresos_TGD_total,2024.0,12,HOMBRE,91.0,93226.0,97.61225409220604,78.59129802504782,119.84621770380332,140.09889438020835,112.59180326729954,172.56574439880106,219.16844207422773,0.0,2024,Magallanes
A05_ingresos_TGD_total,2024.0,12,MUJER,31.0,90009.0,34.44100034441,23.400988766836488,48.88625082297187,49.440666351155805,33.48564203188872,70.68317589486435,80.03927930884798,0.0,2024,Magallanes
A05_ingresos_TGD_total,2024.0,12,TOTAL,122.0,183235.0,66.58116626190412,55.29163443746331,79.49800521279616,95.87738470229804,79.50828216997618,114.75757937628596,76.44300311257038,0.0,2024,Magallanes
A05_ingresos_TGD_total,2024.0,13,HOMBRE,3243.0,4166844.0,77.82868761105527,75.1728504346759,80.5543971317558,106.85470437689537,103.1944165293697,110.61260823982306,3.548043625926708,0.0,2024,Metropolitana
A05_ingresos_TGD_total,2024.0,13,MUJER,1485.0,4253885.0,34.909265295136095,33.15611468554962,36.73105062080457,49.120983880145836,46.63540806758018,51.70639679480208,1.649894187169876,0.0,2024,Metropolitana
A05_ingresos_TGD_total,2024.0,13,TOTAL,4728.0,8420729.0,56.14715780545841,54.5580035457845,57.77085217088465,78.4274621218181,76.1965286217727,80.7077334384914,1.3141669778093026,0.0,2024,Metropolitana
A05_ingresos_TGD_total,2024.0,14,HOMBRE,209.0,201540.0,103.7014984618438,90.1180109882729,118.75436610972135,142.7119140317733,123.9023220879233,163.67832943971146,98.70939143496553,0.0,2024,Los Ríos
A05_ingresos_TGD_total,2024.0,14,MUJER,117.0,211246.0,55.38566410724937,45.805453234229134,66.37826477313487,78.17192400342869,64.52191153166531,94.01440960090743,53.27747380900992,0.0,2024,Los Ríos
A05_ingresos_TGD_total,2024.0,14,TOTAL,326.0,412786.0,78.97554665129147,70.63427319545215,88.0310249114222,110.9011518066638,99.09755194166027,123.7841825140684,38.3288154279861,0.0,2024,Los Ríos
A05_ingresos_TGD_total,2024.0,15,HOMBRE,174.0,132125.0,131.6934720908231,112.85228496275164,152.7808251513438,165.10091564337253,141.37369711958675,191.83188721003216,158.13045769965765,0.0,2024,Arica y Parinacota
A05_ingresos_TGD_total,2024.0,15,MUJER,65.0,129654.0,50.13343205763031,38.69192445218371,63.89917458456474,64.12661835332801,49.43254585001747,81.99912331491575,63.8129791352317,0.0,2024,Arica y Parinacota
A05_ingresos_TGD_total,2024.0,15,TOTAL,239.0,261779.0,91.29838527918588,80.08956930787217,103.6368117547202,116.06834454873335,101.76445011575112,131.8975481428399,56.81066451170628,0.0,2024,Arica y Parinacota
A05_ingresos_TGD_total,2024.0,16,HOMBRE,619.0,251232.0,246.38581072474844,227.35583668241478,266.5834164291393,333.2334974620843,307.36589076385684,360.80503292786324,181.24527704978547,0.0,2024,Ñuble
A05_ingresos_TGD_total,2024.0,16,MUJER,334.0,270479.0,123.4846328180746,110.59516769583985,137.46382928825128,183.67001353328806,164.3935059024457,204.71495501622528,102.14134328224819,0.0,2024,Ñuble
A05_ingresos_TGD_total,2024.0,16,TOTAL,953.0,521711.0,182.66818219282322,171.25327897226398,194.64391359436755,260.62682824734344,244.2599891215341,277.85791955924276,71.99264315438624,0.0,2024,Ñuble
A05_ingresos_TGD_total,,1,HOMBRE,410.0,804225.0,50.98075787248593,46.164845559459486,56.16253204143183,58.044872346479764,52.54982263877588,63.97009923249183,8.253964958208027,0.0,2021-2024,Tarapacá
A05_ingresos_TGD_total,,1,MUJER,192.0,791512.0,24.257370703160532,20.947394010202963,27.9418535793482,27.74457948704477,23.941147002856354,31.997772324113896,4.048026782137442,0.0,2021-2024,Tarapacá
A05_ingresos_TGD_total,,1,TOTAL,602.0,1595737.0,37.72551491881181,34.771706156447124,40.86318919338377,43.192744782559494,39.80065376878694,46.803359937988176,3.1181621186137924,0.0,2021-2024,Tarapacá
A05_ingresos_TGD_total,,2,HOMBRE,897.0,1431051.0,62.68120423381137,58.64584685046198,66.92108743724604,76.82353759263955,71.86562165861213,82.0537961903924,6.612297142962993,0.0,2021-2024,Antofagasta
A05_ingresos_TGD_total,,2,MUJER,310.0,1414706.0,21.912680090421613,19.54101887864784,24.492829626680045,27.452397389039362,24.4661387383945,30.70836655825997,2.456456344017622,0.0,2021-2024,Antofagasta
A05_ingresos_TGD_total,,2,TOTAL,1207.0,2845757.0,42.41402199836458,40.05469060709893,44.87604651317865,52.835043855501524,49.88671928168305,55.91444613612948,2.3276845584511654,0.0,2021-2024,Antofagasta
A05_ingresos_TGD_total,,3,HOMBRE,945.0,642618.0,147.0547043500182,137.8270932693404,156.73764583212582,177.78380156968774,166.59180058526567,189.55251817289005,33.66736954956849,0.0,2021-2024,Atacama
A05_ingresos_TGD_total,,3,MUJER,367.0,631163.0,58.14662773324799,52.349144393952486,64.41072063894046,70.47936307410704,63.40408500245889,78.15511840164949,13.726260646714785,0.0,2021-2024,Atacama
A05_ingresos_TGD_total,,3,TOTAL,1312.0,1273781.0,103.00043728081985,97.50176308572927,108.72844869809762,125.21573620246629,118.50263222876359,132.2217518482122,12.053864128033966,0.0,2021-2024,Atacama
A05_ingresos_TGD_total,,4,HOMBRE,1537.0,1691475.0,90.86743818265124,86.38093420347325,95.5265259274132,111.40360324744091,105.88850895796698,117.14536811403208,8.118241166453377,0.0,2021-2024,Coquimbo
A05_ingresos_TGD_total,,4,MUJER,655.0,1763743.0,37.13692981347056,34.346980872502385,40.09313764632819,47.998529519663514,44.37394129090085,51.856896408631954,3.554552781477698,0.0,2021-2024,Coquimbo
A05_ingresos_TGD_total,,4,TOTAL,2192.0,3455218.0,63.44028075797244,60.812013405696334,66.15291828829322,80.23021379398536,76.89495547056379,83.68022267765618,2.9569308001594967,0.0,2021-2024,Coquimbo
A05_ingresos_TGD_total,,5,HOMBRE,2673.0,3917369.0,68.23457274512562,65.67209344442955,70.87141850333781,91.68236965993553,88.22558097930143,95.24549608881827,3.1700652660515214,0.0,2021-2024,Valparaíso
A05_ingresos_TGD_total,,5,MUJER,1137.0,4094084.0,27.77177996347901,26.18078481922867,29.43417678847754,39.642687484244426,37.356073361636355,42.039428807031456,1.4014698850315186,0.0,2021-2024,Valparaíso
A05_ingresos_TGD_total,,5,TOTAL,3810.0,8011453.0,47.55691632965955,46.05869568114349,49.09146179951013,66.18510177387385,64.08983735423264,68.33438651702214,1.1610808666404908,0.0,2021-2024,Valparaíso
A05_ingresos_TGD_total,,6,HOMBRE,997.0,2026408.0,49.20035846680432,46.19336606742332,52.351704845297846,64.29875200181797,60.35410838568882,68.44438838876998,4.178734557626915,0.0,2021-2024,O'Higgins
A05_ingresos_TGD_total,,6,MUJER,385.0,2027390.0,18.989932869354195,17.140188366600096,20.984882572189516,25.521145370518767,23.016009187741236,28.23674489934847,1.7187095337622234,0.0,2021-2024,O'Higgins
A05_ingresos_TGD_total,,6,TOTAL,1382.0,4053798.0,34.09148655162394,32.31758357998289,35.9374346862575,45.330453387858256,42.96010334760216,47.80309140029591,1.501781925127412,0.0,2021-2024,O'Higgins
A05_ingresos_TGD_total,,7,HOMBRE,1447.0,2270678.0,63.725459972748226,60.483946538821925,67.09556808756017,82.18887480886671,77.99222261519225,86.56076072449147,4.7044773253095995,0.0,2021-2024,Maule
A05_ingresos_TGD_total,,7,MUJER,512.0,2360000.0,21.694915254237287,19.856173482963463,23.65812040305606,28.677571928864857,26.216236139168277,31.318417334048878,1.6481461439368872,0.0,2021-2024,Maule
A05_ingresos_TGD_total,,7,TOTAL,1959.0,4630678.0,42.304820158084844,40.45199940108685,44.22062036890445,55.93737637559343,53.47253017254243,58.490835947961166,1.6170290107477845,0.0,2021-2024,Maule
A05_ingresos_TGD_total,,8,HOMBRE,3931.0,3267368.0,120.3109046792403,116.57899168550188,124.13187715028442,157.45843565766887,152.55142809961492,162.48986215698025,6.366625858088399,0.0,2021-2024,Biobío
A05_ingresos_TGD_total,,8,MUJER,1758.0,3447146.0,50.99871023739639,48.6423506391689,53.439707937505496,70.35989632885416,67.0802584364915,73.7668271842851,2.8665496314174015,0.0,2021-2024,Biobío
A05_ingresos_TGD_total,,8,TOTAL,5689.0,6714514.0,84.7269065192209,82.53938015280802,86.95773124335818,114.75223945304363,111.77180996101836,117.79562476507421,2.342565304754455,0.0,2021-2024,Biobío
A05_ingresos_TGD_total,,9,HOMBRE,1552.0,2003225.0,77.47507144729124,73.66810254399434,81.4277599304949,97.99738255795171,93.16456207733307,103.02550640853676,6.233253920674383,0.0,2021-2024,La Araucanía
A05_ingresos_TGD_total,,9,MUJER,724.0,2100717.0,34.46442333736529,31.999370252588825,37.0689778580185,44.93140148538453,41.692086444717695,48.36897697149176,2.8339230298702147,0.0,2021-2024,La Araucanía
A05_ingresos_TGD_total,,9,TOTAL,2276.0,4103942.0,55.45887344411788,53.203623724379874,57.78514721998199,71.95808336499127,69.01704506600485,74.997551708731,2.2984116848211062,0.0,2021-2024,La Araucanía
A05_ingresos_TGD_total,,10,HOMBRE,1299.0,1799919.0,72.16991431281075,68.29815950386855,76.20397575423831,96.3037158629603,91.11653348086547,101.71986014713892,7.197787413881597,0.0,2021-2024,Los Lagos
A05_ingresos_TGD_total,,10,MUJER,608.0,1819494.0,33.41588375669279,30.81218705954825,36.18082390024431,44.438468763569624,40.949656373045315,48.160261449772825,3.2984747422297658,0.0,2021-2024,Los Lagos
A05_ingresos_TGD_total,,10,TOTAL,1907.0,3619413.0,52.68810163416001,50.349627787874844,55.10715964102068,70.8492766604559,67.6878759439227,74.12615877237829,2.660857764671298,0.0,2021-2024,Los Lagos
A05_ingresos_TGD_total,,11,HOMBRE,341.0,218196.0,156.2815083686227,140.13235882446224,173.78125571736854,191.75980123752845,171.79522228966522,213.58894142799576,109.51313639024734,0.0,2021-2024,Aysén
A05_ingresos_TGD_total,,11,MUJER,162.0,214432.0,75.5484256081182,64.3625749212679,88.11950957710485,93.9262117920105,79.85591453559533,110.00517314903222,55.8002491765112,0.0,2021-2024,Aysén
A05_ingresos_TGD_total,,11,TOTAL,503.0,432628.0,116.26616862523923,106.3262833242209,126.88509373086796,144.01761425187925,131.5991124836682,157.39231067748105,41.964853278003105,0.0,2021-2024,Aysén
A05_ingresos_TGD_total,,12,HOMBRE,214.0,369536.0,57.910460685833044,50.41099567274061,66.2110950735167,80.03691603127993,69.59447501916391,91.68034202785579,30.40042070228925,0.0,2021-2024,Magallanes
A05_ingresos_TGD_total,,12,MUJER,80.0,357008.0,22.40846143503787,17.768516277223576,27.889269979226928,31.346328231241184,24.79174031384622,39.17979687632765,12.541214072399269,0.0,2021-2024,Magallanes
A05_ingresos_TGD_total,,12,TOTAL,294.0,726544.0,40.46554647757053,35.971745891404105,45.36551172980676,56.40208821537006,50.09213605989489,63.32320230083891,10.98611693949051,0.0,2021-2024,Magallanes
A05_ingresos_TGD_total,,13,HOMBRE,8829.0,16484107.0,53.56068120644934,52.44921882991034,54.689764918102505,72.45742172696144,70.94778554547312,73.99129305130032,0.5994513259096518,0.0,2021-2024,Metropolitana
A05_ingresos_TGD_total,,13,MUJER,3976.0,16857855.0,23.58544429288305,22.85796913591254,24.330180320603695,32.36542384784386,31.355652161415904,33.399906356725374,0.2696062951045207,0.0,2021-2024,Metropolitana
A05_ingresos_TGD_total,,13,TOTAL,12805.0,33341962.0,38.40505846656534,37.74271217177309,39.07611137359014,52.73464578474901,51.81955647850206,53.661985305072285,0.2198756672171282,0.0,2021-2024,Metropolitana
A05_ingresos_TGD_total,,14,HOMBRE,634.0,802510.0,79.00213081456928,72.97145713435863,85.39828295609075,109.06168329209272,100.69344881281646,117.96350838873559,18.95898653012488,0.0,2021-2024,Los Ríos
A05_ingresos_TGD_total,,14,MUJER,235.0,838858.0,28.014276552169736,24.546751863992814,31.834376944609964,40.08117870791855,35.07642322845187,45.63242894411994,6.961147432765478,0.0,2021-2024,Los Ríos
A05_ingresos_TGD_total,,14,TOTAL,869.0,1641368.0,52.943642132660074,49.48162195452624,56.584012722174506,75.07793561530798,70.13734079797779,80.28755854296334,6.570552193022775,0.0,2021-2024,Los Ríos
A05_ingresos_TGD_total,,15,HOMBRE,556.0,521456.0,106.62452824399374,97.94480289609943,115.8672175516724,132.01541419655535,121.22676644630288,143.54354326151056,31.59622318724856,0.0,2021-2024,Arica y Parinacota
A05_ingresos_TGD_total,,15,MUJER,190.0,513227.0,37.02065557735661,31.943568240489586,42.67538677098618,47.07972370501003,40.593888857639364,54.346182136229345,11.775770805086651,0.0,2021-2024,Arica y Parinacota
A05_ingresos_TGD_total,,15,TOTAL,746.0,1034683.0,72.09937729720117,67.0177105903742,77.46422206231023,90.72457558061126,84.30720812172117,97.51888200673564,11.114339626449109,0.0,2021-2024,Arica y Parinacota
A05_ingresos_TGD_total,,16,HOMBRE,1940.0,1000315.0,193.93890924358826,185.40395405432926,202.76542090895452,257.6035670762596,246.20814014247668,269.41673504418986,34.565093942066966,0.0,2021-2024,Ñuble
A05_ingresos_TGD_total,,16,MUJER,921.0,1072401.0,85.88205344829034,80.42437415861191,91.61261982377748,125.26305652712637,117.25420401305226,133.70550168154114,17.248765031974575,0.0,2021-2024,Ñuble
A05_ingresos_TGD_total,,16,TOTAL,2861.0,2072716.0,138.03145245175895,133.0194377789792,143.1839870346387,193.33708284188683,186.2800036953653,200.60666983011998,13.20400988527227,0.0,2021-2024,Ñuble
A05_egresos_TGD_total,2021.0,1,HOMBRE,10.0,197277.0,5.069014634245249,2.430789547758955,9.322098390596866,5.834802720345095,2.7965728383794786,10.84316124373222,3.4085242387887136,0.0,2021,Tarapacá
A05_egresos_TGD_total,2021.0,1,MUJER,17.0,193888.0,8.767948506354184,5.107653113966462,14.038334923206497,9.272425197008122,5.380057603879539,15.054823120068214,5.12329033050523,0.0,2021,Tarapacá
A05_egresos_TGD_total,2021.0,1,TOTAL,27.0,391165.0,6.902458042002736,4.548763343286024,10.042714058047661,7.525855103606536,4.947619450157047,11.026193476172706,2.1197534152888102,0.0,2021,Tarapacá
A05_egresos_TGD_total,2021.0,2,HOMBRE,65.0,354057.0,18.358625870975576,14.168799862517693,23.399575722516875,22.202613680151355,17.13048917956388,28.41723371806273,7.600044113263064,0.0,2021,Antofagasta
A05_egresos_TGD_total,2021.0,2,MUJER,30.0,349689.0,8.579051671628218,5.7882501369562425,12.247129705197379,10.248957245614072,6.898588316354504,14.71616523602311,3.5397479902845057,0.0,2021,Antofagasta
A05_egresos_TGD_total,2021.0,2,TOTAL,95.0,703746.0,13.499188627715114,10.92164972352669,16.50205807543567,16.39741967226179,13.259028275698624,20.073271964923883,2.8445513280527197,0.0,2021,Antofagasta
A05_egresos_TGD_total,2021.0,3,HOMBRE,15.0,159897.0,9.3810390438845,5.250496340008453,15.472597279177121,10.969727162600577,6.109715709710977,18.302279988581965,8.1405966656037,0.0,2021,Atacama
A05_egresos_TGD_total,2021.0,3,MUJER,3.0,156840.0,1.9127773527161438,0.3944606751438417,5.5899471242937535,2.4571119885193933,0.502823928386253,7.30322798839707,2.0267017645950354,0.0,2021,Atacama
A05_egresos_TGD_total,2021.0,3,TOTAL,18.0,316737.0,5.682948313585088,3.3680753370776157,8.981508402090057,6.799817727332759,4.0136454101482855,10.84370003128894,2.6041250047010305,0.0,2021,Atacama
A05_egresos_TGD_total,2021.0,4,HOMBRE,67.0,415361.0,16.13054668107983,12.500952117603852,20.485224088876027,19.34908521166912,14.983714814106355,24.658181632785464,5.619669289898169,0.0,2021,Coquimbo
A05_egresos_TGD_total,2021.0,4,MUJER,33.0,432718.0,7.626213839036047,5.2495347022148,10.710039626077329,9.600716297901345,6.5797117650202,13.616670664683028,2.853471492827714,0.0,2021,Coquimbo
A05_egresos_TGD_total,2021.0,4,TOTAL,100.0,848079.0,11.791354343168502,9.593916516140965,14.341446232299866,14.562053743029631,11.835149734454486,17.763758650419046,2.1422339369034407,0.0,2021,Coquimbo
A05_egresos_TGD_total,2021.0,5,HOMBRE,157.0,968008.0,16.218874224179967,13.781099572751792,18.963626649808653,21.175125845723162,17.980473797720272,24.800831187928047,2.878338411025282,0.0,2021,Valparaíso
A05_egresos_TGD_total,2021.0,5,MUJER,59.0,1011365.0,5.833699999505619,4.4408827306356695,7.525047966122593,8.203244926924839,6.230842159750151,10.63396817320669,1.15798477409609,0.0,2021,Valparaíso
A05_egresos_TGD_total,2021.0,5,TOTAL,216.0,1979373.0,10.912546548831372,9.505689768151747,12.468961042382182,14.813963105088458,12.89496802930602,16.95171905898153,1.0261168063289519,0.0,2021,Valparaíso
A05_egresos_TGD_total,2021.0,6,HOMBRE,38.0,500528.0,7.591982866093406,5.372538927931335,10.420589641190825,9.653719464302936,6.814185633169082,13.333256923482839,2.4857641836377167,0.0,2021,O'Higgins
A05_egresos_TGD_total,2021.0,6,MUJER,14.0,500431.0,2.7975884787313334,1.5294676541422485,4.693878101443671,3.1151340260441227,1.6667369474608122,5.431299662009257,0.7365798291387349,0.0,2021,O'Higgins
A05_egresos_TGD_total,2021.0,6,TOTAL,52.0,1000959.0,5.195017977759329,3.8798879075427894,6.812574914744049,6.466087535877599,4.807811640249582,8.543201367228052,0.8269352119887166,0.0,2021,O'Higgins
A05_egresos_TGD_total,2021.0,7,HOMBRE,54.0,561122.0,9.623575621700807,7.229526194400639,12.556678653432,12.190297401308648,9.149990668160273,15.955817290296462,2.767094874073494,0.0,2021,Maule
A05_egresos_TGD_total,2021.0,7,MUJER,10.0,581890.0,1.718537867981921,0.8241057065996036,3.1604523263877673,2.1884729944601617,1.0404766884197396,4.122371596964069,0.4884269750558644,0.0,2021,Maule
A05_egresos_TGD_total,2021.0,7,TOTAL,64.0,1143012.0,5.59924130280347,4.312098083505287,7.150106141395278,7.280522460120338,5.600692243288143,9.326354575687873,0.8348082606853748,0.0,2021,Maule
A05_egresos_TGD_total,2021.0,8,HOMBRE,116.0,813546.0,14.258566817364967,11.782129652338462,17.101792704812876,17.936380440266582,14.811590596824853,21.56099889186454,2.7913678731009193,0.0,2021,Biobío
A05_egresos_TGD_total,2021.0,8,MUJER,59.0,857044.0,6.884127302682242,5.2405166629360265,8.880022654913374,8.411103939216032,6.3694266149582655,10.95731267664092,1.2425606344549662,0.0,2021,Biobío
A05_egresos_TGD_total,2021.0,8,TOTAL,175.0,1670590.0,10.47534104717495,8.980770911739098,12.147545385440017,13.29195569772104,11.380819037728138,15.452107407099499,1.0259404336678097,0.0,2021,Biobío
A05_egresos_TGD_total,2021.0,9,HOMBRE,23.0,498048.0,4.6180287843741965,2.9274341101750587,6.929310607578593,5.549985885531305,3.5104917211469897,8.405057656145772,1.3508311511729605,0.0,2021,La Araucanía
A05_egresos_TGD_total,2021.0,9,MUJER,8.0,521500.0,1.5340364333652925,0.6622880492326945,3.022663321225947,1.76407882814659,0.7474668434430073,3.6446478840259298,0.40341105782811226,0.0,2021,La Araucanía
A05_egresos_TGD_total,2021.0,9,TOTAL,31.0,1019548.0,3.0405630730480566,2.0659150897399488,4.315836576919257,3.6938769629997963,2.5009504284550212,5.29290688015635,0.4475150534087987,0.0,2021,La Araucanía
A05_egresos_TGD_total,2021.0,10,HOMBRE,56.0,446418.0,12.54429704895412,9.475827180496802,16.2898131364741,16.083522965177348,12.142218362048494,20.955275217683866,4.637276245927803,0.0,2021,Los Lagos
A05_egresos_TGD_total,2021.0,10,MUJER,21.0,450885.0,4.657506903090589,2.8830701806616292,7.119494047250053,5.815613194361212,3.5789115230808735,9.027781256981191,1.6458066132934033,0.0,2021,Los Lagos
A05_egresos_TGD_total,2021.0,10,TOTAL,77.0,897303.0,8.581270763610508,6.772204690550073,10.725116097920424,11.04051876353069,8.703829289668997,13.843752276583343,1.5963443041585648,0.0,2021,Los Lagos
A05_egresos_TGD_total,2021.0,11,HOMBRE,19.0,54429.0,34.90786161788753,21.016813030492443,54.512950029553345,40.4713550285859,24.260634303595037,64.49788233929351,87.52092540409473,0.0,2021,Aysén
A05_egresos_TGD_total,2021.0,11,MUJER,39.0,53308.0,73.1597508816688,52.02373469167194,100.01178784766422,78.35800757382209,55.4709974685535,108.98943817140376,161.2653562004942,0.0,2021,Aysén
A05_egresos_TGD_total,2021.0,11,TOTAL,58.0,107737.0,53.83480141455582,40.87902176619894,69.5939646961532,58.81909706958963,44.513939222803536,76.85547033286926,61.01805178728713,0.0,2021,Aysén
A05_egresos_TGD_total,2021.0,12,HOMBRE,8.0,91500.0,8.743169398907105,3.774679974588526,17.22752920239706,11.904096766977869,5.129916524073593,24.00505258197265,17.777452122898012,0.0,2021,Magallanes
A05_egresos_TGD_total,2021.0,12,MUJER,2.0,88449.0,2.261190064330857,0.27384060706617935,8.168195986075547,3.3772389106928666,0.4036706979801114,12.601136446464348,5.75046637562272,0.0,2021,Magallanes
A05_egresos_TGD_total,2021.0,12,TOTAL,10.0,179949.0,5.557130075743683,2.664859874815883,10.219760066473155,7.848624200919445,3.7579128710123504,14.651752539787608,6.181954469406118,0.0,2021,Magallanes
A05_egresos_TGD_total,2021.0,13,HOMBRE,398.0,4071264.0,9.775833745981592,8.838887341176871,10.785068900104346,12.832814769839299,11.595263126662827,14.168324630983712,0.4190454688187368,0.0,2021,Metropolitana
A05_egresos_TGD_total,2021.0,13,MUJER,141.0,4171195.0,3.3803262614190897,2.8454159317011287,3.9865776652313683,3.668703482198098,3.0646753489382697,4.365744497944151,0.1037196090359836,0.0,2021,Metropolitana
A05_egresos_TGD_total,2021.0,13,TOTAL,539.0,8242459.0,6.539310659598064,5.998830867145268,7.115413939708124,8.326334788471009,7.6266760201115025,9.074552302984891,0.13304810197874886,0.0,2021,Metropolitana
A05_egresos_TGD_total,2021.0,14,HOMBRE,9.0,199687.0,4.507053538788203,2.0609118757747544,8.555791539468851,5.6057682340562165,2.5605613750645624,10.922101328278742,3.4996446962301544,0.0,2021,Los Ríos
A05_egresos_TGD_total,2021.0,14,MUJER,1.0,208131.0,0.4804666291902696,0.01216436186069825,2.676988719094656,0.8026189474372689,0.02032055239576963,4.471906553931194,0.6441971747853091,0.0,2021,Los Ríos
A05_egresos_TGD_total,2021.0,14,TOTAL,10.0,407818.0,2.4520742095738783,1.1758648946668449,4.509451775551295,3.235324905581074,1.5463147230073684,6.083055211920574,1.0547363603022877,0.0,2021,Los Ríos
A05_egresos_TGD_total,2021.0,15,HOMBRE,21.0,128511.0,16.341013609729906,10.11534497753203,24.97897513438025,19.854701607354993,12.262080511107245,30.601222935477335,18.93304100774592,0.0,2021,Arica y Parinacota
A05_egresos_TGD_total,2021.0,15,MUJER,6.0,126869.0,4.729287690452356,1.73556523145201,10.293668289746655,5.438672579853893,1.9846658017187195,12.304635319519116,4.974323943893213,0.0,2021,Arica y Parinacota
A05_egresos_TGD_total,2021.0,15,TOTAL,27.0,255380.0,10.572480225546245,6.967331087698636,15.382403651484898,12.890171177289282,8.476696493553789,18.890352239247775,6.210707182554977,0.0,2021,Arica y Parinacota
A05_egresos_TGD_total,2021.0,16,HOMBRE,45.0,248859.0,18.082528660807927,13.18952048679552,24.195846040110588,22.684922135155496,16.535742642989007,30.536131851456332,11.479526925948207,0.0,2021,Ñuble
A05_egresos_TGD_total,2021.0,16,MUJER,17.0,265649.0,6.399421793419136,3.7278990207406366,10.246094213005362,8.68324304391028,4.9760250785651925,14.260502765159403,4.674436199708837,0.0,2021,Ñuble
A05_egresos_TGD_total,2021.0,16,TOTAL,62.0,514508.0,12.050347127741453,9.238932045016323,15.448001173110281,15.914418365631327,12.174274785158424,20.51927993896293,4.149549040435244,0.0,2021,Ñuble
A05_egresos_TGD_total,2022.0,1,HOMBRE,23.0,199973.0,11.501552709615797,7.290997803225774,17.257976274213537,13.016446760256425,8.23080938518399,19.638349153961663,7.438665937409754,0.0,2022,Tarapacá
A05_egresos_TGD_total,2022.0,1,MUJER,5.0,196724.0,2.5416319310302757,0.8252609697436106,5.931321078934279,2.7301663250987014,0.8744979267569157,6.611225943018593,1.5190237322789069,0.0,2022,Tarapacá
A05_egresos_TGD_total,2022.0,1,TOTAL,28.0,396697.0,7.058283778299306,4.690178311370525,10.201185273210585,7.983883096536039,5.290730432346734,11.60507568660826,2.304216556279768,0.0,2022,Tarapacá
A05_egresos_TGD_total,2022.0,2,HOMBRE,46.0,356913.0,12.888294906601889,9.435851708671827,17.191179281949942,15.601098237492462,11.41644302429232,20.92871836715942,5.306399908927257,0.0,2022,Antofagasta
A05_egresos_TGD_total,2022.0,2,MUJER,15.0,352724.0,4.2526167768566925,2.38015732776429,7.014044655732483,5.220271003559116,2.9115067643372727,8.678178111729922,1.835958226558885,0.0,2022,Antofagasta
A05_egresos_TGD_total,2022.0,2,TOTAL,61.0,709637.0,8.595944123544855,6.575216140221343,11.041849835174332,10.558296267200062,8.070700394750709,13.586157195520153,1.8363066780392623,0.0,2022,Antofagasta
A05_egresos_TGD_total,2022.0,3,HOMBRE,67.0,160468.0,41.75287284692275,32.35790296208623,53.02467260001767,50.49970027827807,39.106914855625675,64.28147063948516,38.275921211019416,0.0,2022,Atacama
A05_egresos_TGD_total,2022.0,3,MUJER,22.0,157536.0,13.965061954093033,8.751829976786011,21.14327162497793,16.846342434141945,10.539514677159405,25.69423086764181,12.984330547952498,0.0,2022,Atacama
A05_egresos_TGD_total,2022.0,3,TOTAL,89.0,318004.0,27.987069345039686,22.475914813131517,34.44049709870204,34.004257618700066,27.28932850463122,41.92601743982591,13.069766486491194,0.0,2022,Atacama
A05_egresos_TGD_total,2022.0,4,HOMBRE,83.0,420466.0,19.740002758843758,15.722802009628149,24.470703409375805,23.70909268241427,18.86763632935037,29.485869681393186,6.821894967708504,0.0,2022,Coquimbo
A05_egresos_TGD_total,2022.0,4,MUJER,28.0,438303.0,6.388274777950413,4.244962196438887,9.232835719415151,7.967026298443946,5.282798282942193,11.63750053739426,2.288305460180789,0.0,2022,Coquimbo
A05_egresos_TGD_total,2022.0,4,TOTAL,111.0,858769.0,12.925478213582466,10.633048918880451,15.565609889329457,15.957693935986963,13.115897028501456,19.270092290548998,2.3139303557110713,0.0,2022,Coquimbo
A05_egresos_TGD_total,2022.0,5,HOMBRE,175.0,975818.0,17.933672057699283,15.374983939056483,20.796468035496616,23.950144841053564,20.524360852200672,27.810509363085178,3.29514994650096,0.0,2022,Valparaíso
A05_egresos_TGD_total,2022.0,5,MUJER,135.0,1019720.0,13.238928333267955,11.099978586029733,15.669873934471523,14.317879798896445,11.824824380598844,17.233881551824858,1.7767057159788748,0.0,2022,Valparaíso
A05_egresos_TGD_total,2022.0,5,TOTAL,310.0,1995538.0,15.534657821599989,13.853305050435708,17.36381518660232,19.37345323348299,17.209677350752862,21.75108515192835,1.2917308784330168,0.0,2022,Valparaíso
A05_egresos_TGD_total,2022.0,6,HOMBRE,41.0,504711.0,8.123460752787238,5.829535688434625,11.020391781779061,10.395694408002482,7.452490432348305,14.176970940028678,2.6508995450597763,0.0,2022,O'Higgins
A05_egresos_TGD_total,2022.0,6,MUJER,9.0,504841.0,1.7827395160060295,0.8151820270893874,3.384194915115683,2.57932372991584,1.1771791956266366,4.946651620536353,0.7422323881194891,0.0,2022,O'Higgins
A05_egresos_TGD_total,2022.0,6,TOTAL,50.0,1009552.0,4.952691887094473,3.675983380495692,6.529506817314692,6.5729943743418735,4.873518874945515,8.701164367943145,0.8697134269325164,0.0,2022,O'Higgins
A05_egresos_TGD_total,2022.0,7,HOMBRE,51.0,565612.0,9.016781822167847,6.713586316819792,11.85540288689133,11.326715329154863,8.419736846772496,14.959710709612397,2.5415283999326252,0.0,2022,Maule
A05_egresos_TGD_total,2022.0,7,MUJER,17.0,587431.0,2.893956907279323,1.6858365441400427,4.633505350569958,3.435210720485527,1.9607759428318998,5.6691221015469875,0.7407764390306019,0.0,2022,Maule
A05_egresos_TGD_total,2022.0,7,TOTAL,68.0,1153043.0,5.8974383435830235,4.579591632976607,7.476408352162889,7.460220375053098,5.775007890950373,9.508864240604812,0.8376336256022455,0.0,2022,Maule
A05_egresos_TGD_total,2022.0,8,HOMBRE,201.0,815898.0,24.63543237022275,21.347232791255223,28.28675277533045,30.017504480510755,25.976440590974597,34.550535960666544,4.563312535559756,0.0,2022,Biobío
A05_egresos_TGD_total,2022.0,8,MUJER,61.0,860371.0,7.089964678028432,5.423261193250648,9.107356235256194,9.718622632685499,7.419990792293994,12.547610321163356,1.5688232957283736,0.0,2022,Biobío
A05_egresos_TGD_total,2022.0,8,TOTAL,262.0,1676269.0,15.629949608326587,13.794487625668014,17.641653728488446,19.92603809291316,17.559363798297664,22.543019861393056,1.551394488931798,0.0,2022,Biobío
A05_egresos_TGD_total,2022.0,9,HOMBRE,48.0,499978.0,9.600422418586417,7.078593622816052,12.72876730218675,11.784009810249168,8.684677929621188,15.688744531826108,2.9009376154622744,0.0,2022,La Araucanía
A05_egresos_TGD_total,2022.0,9,MUJER,13.0,524051.0,2.4806745908318084,1.3208547433367748,4.2420290998698365,3.082319953858071,1.6284007916366467,5.3988922948794436,0.7465568127415676,0.0,2022,La Araucanía
A05_egresos_TGD_total,2022.0,9,TOTAL,61.0,1024029.0,5.9568625497910705,4.5565278484283676,7.651839148582323,7.495457265928043,5.727805004561463,9.66768565120381,0.9273431838765986,0.0,2022,La Araucanía
A05_egresos_TGD_total,2022.0,10,HOMBRE,52.0,448889.0,11.58415554847635,8.65160144277566,15.191078805868019,15.31499944622705,11.428992946015866,20.15307281620617,4.5331925762667575,0.0,2022,Los Lagos
A05_egresos_TGD_total,2022.0,10,MUJER,15.0,453621.0,3.3067252177478554,1.8507490025336821,5.453940375662908,4.214829330536208,2.3310878485033584,7.111577623409602,1.2269763633300523,0.0,2022,Los Lagos
A05_egresos_TGD_total,2022.0,10,TOTAL,67.0,902510.0,7.423740457169449,5.753296885929301,9.427887960000039,9.852099029051901,7.6232458693978336,12.559581263057035,1.4655449017919449,0.0,2022,Los Lagos
A05_egresos_TGD_total,2022.0,11,HOMBRE,22.0,54524.0,40.34920402024797,25.28663134074831,61.08917978711253,49.00595804922902,30.56932228402748,75.44672683910888,111.11230865082109,0.0,2022,Aysén
A05_egresos_TGD_total,2022.0,11,MUJER,5.0,53523.0,9.341778300917362,3.033249986208584,21.8005942853029,13.321864448260365,4.280712020127635,32.1685911279674,36.00976312571885,0.0,2022,Aysén
A05_egresos_TGD_total,2022.0,11,TOTAL,27.0,108047.0,24.98912510296445,16.467990903740755,36.357865044991655,31.76990520352503,20.840984015511257,46.85114963240895,38.12752805742066,0.0,2022,Aysén
A05_egresos_TGD_total,2022.0,12,HOMBRE,9.0,92124.0,9.769441187964048,4.467210604596342,18.545442502951637,13.174208757935967,5.9617053188572875,25.69768386363507,19.71473891718403,0.0,2022,Magallanes
A05_egresos_TGD_total,2022.0,12,MUJER,2.0,89019.0,2.2467113762230535,0.27208717076575223,8.115893986366912,3.3126121037605545,0.401172693873925,12.447130277406744,5.486699474990462,0.0,2022,Magallanes
A05_egresos_TGD_total,2022.0,12,TOTAL,11.0,181143.0,6.072550415969704,3.0313952883836746,10.865470105553046,8.287705946098207,4.108272165340491,15.144133787017372,6.351829402935772,0.0,2022,Magallanes
A05_egresos_TGD_total,2022.0,13,HOMBRE,448.0,4107724.0,10.906282895345452,9.919617368531876,11.964527841558686,14.767031732618719,13.426906837927564,16.205675521771756,0.489883033305861,0.0,2022,Metropolitana
A05_egresos_TGD_total,2022.0,13,MUJER,113.0,4203260.0,2.6883894881591908,2.215613439596878,3.2321856185689293,3.6516499202711477,3.00208697379638,4.402718891787448,0.12088020149769255,0.0,2022,Metropolitana
A05_egresos_TGD_total,2022.0,13,TOTAL,561.0,8310984.0,6.750103236873034,6.203016184001204,7.332510127544482,9.287375424703288,8.53095812517039,10.093549747857846,0.15529587734345024,0.0,2022,Metropolitana
A05_egresos_TGD_total,2022.0,14,HOMBRE,24.0,200335.0,11.979933611201238,7.675769513408273,17.825191600945022,15.652870367429745,10.018270597788094,23.499614710317076,10.253384439060136,0.0,2022,Los Ríos
A05_egresos_TGD_total,2022.0,14,MUJER,8.0,209224.0,3.823653118189118,1.6507820215407896,7.534120951799656,5.148404343800103,2.191272298735847,10.510356933131856,3.4064963299507705,0.0,2022,Los Ríos
A05_egresos_TGD_total,2022.0,14,TOTAL,32.0,409559.0,7.813282091224952,5.3442791664411144,11.030023044157367,10.496359361040044,7.165286344711324,14.93646963125382,3.4757724365008604,0.0,2022,Los Ríos
A05_egresos_TGD_total,2022.0,15,HOMBRE,20.0,129821.0,15.40582802474176,9.410279989681133,23.793051896591923,18.516481095532598,11.27938283979945,28.897540621854,17.312894954772247,0.0,2022,Arica y Parinacota
A05_egresos_TGD_total,2022.0,15,MUJER,6.0,127901.0,4.6911282945403086,1.72156140568944,10.210611349808591,5.903000353337077,2.1646533628529903,13.148091431759493,5.8146077434143875,0.0,2022,Arica y Parinacota
A05_egresos_TGD_total,2022.0,15,TOTAL,26.0,257722.0,10.088389815382467,6.5900711680013115,14.781828514106284,12.397368751160409,8.086600461587157,18.29857607703895,5.9478464247211456,0.0,2022,Arica y Parinacota
A05_egresos_TGD_total,2022.0,16,HOMBRE,46.0,249724.0,18.420336051000305,13.486001108812879,24.57014692644119,23.399264860051606,17.097460074317347,31.428209908874322,12.04259451362206,0.0,2022,Ñuble
A05_egresos_TGD_total,2022.0,16,MUJER,13.0,267336.0,4.862794386090912,2.5892332087724066,8.3155264978001,6.629240755930626,3.483560559233536,11.67098996600209,3.503331444672946,0.0,2022,Ñuble
A05_egresos_TGD_total,2022.0,16,TOTAL,59.0,517060.0,11.410668007581325,8.68632917431119,14.718930368347149,15.267571219138476,11.594633638772349,19.815996532467228,4.015820809844904,0.0,2022,Ñuble
A05_egresos_TGD_total,2023.0,1,HOMBRE,46.0,202347.0,22.733225597612023,16.64357831298308,30.322937187398875,25.989295558082016,19.00753715704212,34.75015423539008,14.774992668244959,0.0,2023,Tarapacá
A05_egresos_TGD_total,2023.0,1,MUJER,6.0,199241.0,3.01142837066668,1.105141137361713,6.554611762899547,3.4387010277011387,1.2523045772380181,7.63320184768257,1.9949372175898978,0.0,2023,Tarapacá
A05_egresos_TGD_total,2023.0,1,TOTAL,52.0,401588.0,12.94859408149646,9.670629401391782,16.980358412321305,14.939865702236116,11.145368759426727,19.639947102015512,4.322891093841494,0.0,2023,Tarapacá
A05_egresos_TGD_total,2023.0,2,HOMBRE,96.0,359072.0,26.73558506371981,21.65590973815682,32.64872532509594,32.75303754534745,26.509909868175864,40.11684879713914,11.251241905461377,0.0,2023,Antofagasta
A05_egresos_TGD_total,2023.0,2,MUJER,26.0,355070.0,7.322499788774045,4.783299973412663,10.729158780838988,9.44087993895499,6.156904446141226,13.873332402945532,3.452161585510006,0.0,2023,Antofagasta
A05_egresos_TGD_total,2023.0,2,TOTAL,122.0,714142.0,17.083437187562136,14.186762067135932,20.397647785967923,21.424666100789768,17.779590274761915,25.60682625878909,3.7892214341805612,0.0,2023,Antofagasta
A05_egresos_TGD_total,2023.0,3,HOMBRE,129.0,160922.0,80.16306036464871,66.92734910191677,95.25024335182921,96.69222260775172,80.70655192053367,115.02830417935746,72.67423079792549,0.0,2023,Atacama
A05_egresos_TGD_total,2023.0,3,MUJER,28.0,158126.0,17.707397897878906,11.766437306867646,25.592120172057847,21.653539990969517,14.375305324117335,31.463871811582187,16.814375516787937,0.0,2023,Atacama
A05_egresos_TGD_total,2023.0,3,TOTAL,157.0,319048.0,49.208896466989295,41.81256311031668,57.53661613935199,59.874348617615475,50.862310558809455,70.0794925458105,22.90093150036143,0.0,2023,Atacama
A05_egresos_TGD_total,2023.0,4,HOMBRE,149.0,425400.0,35.02585801598496,29.627727806007528,41.122998216962294,43.17901810397716,36.511054762225235,50.77536800986616,12.56515284745989,0.0,2023,Coquimbo
A05_egresos_TGD_total,2023.0,4,MUJER,45.0,443703.0,10.141919256800158,7.397585499362065,13.570685908582725,13.221841338652986,9.629834135642916,17.79591105095538,3.918647554185937,0.0,2023,Coquimbo
A05_egresos_TGD_total,2023.0,4,TOTAL,194.0,869103.0,22.321865187440384,19.29115366581699,25.693606955574502,28.44044468593833,24.569218244474996,32.78092794577461,4.1913250052959565,0.0,2023,Coquimbo
A05_egresos_TGD_total,2023.0,5,HOMBRE,200.0,983195.0,20.341844700186638,17.62019565614729,23.364844376288517,27.21609102616565,23.55414321268603,31.31202028493983,3.747100124457422,0.0,2023,Valparaíso
A05_egresos_TGD_total,2023.0,5,MUJER,69.0,1027654.0,6.714322135660446,5.2241433942596265,8.497404388543739,9.717916211894856,7.5494254608929685,12.346840451823896,1.3845789927771022,0.0,2023,Valparaíso
A05_egresos_TGD_total,2023.0,5,TOTAL,269.0,2010849.0,13.377434108677479,11.826426393414268,15.075320796439724,18.624283782886856,16.45198345496012,21.016929570714225,1.3054857281030938,0.0,2023,Valparaíso
A05_egresos_TGD_total,2023.0,6,HOMBRE,66.0,508672.0,12.974962254655258,10.034834867781456,16.507333299750485,16.595433357616848,12.818431268624723,21.198633828762638,4.212105189513774,0.0,2023,O'Higgins
A05_egresos_TGD_total,2023.0,6,MUJER,22.0,509029.0,4.321954151924547,2.7085456569723156,6.543490525515291,5.648802262859555,3.5158976197378107,8.674462771011553,1.4886471348730537,0.0,2023,O'Higgins
A05_egresos_TGD_total,2023.0,6,TOTAL,88.0,1017701.0,8.646940506101497,6.935099137280676,10.653272546892879,11.243361920801455,9.003107104044338,13.902273955838009,1.4562826689153356,0.0,2023,O'Higgins
A05_egresos_TGD_total,2023.0,7,HOMBRE,60.0,569896.0,10.528236730912306,8.034153766653436,13.551927616028772,13.365572685656167,10.189821492923985,17.26516965477672,2.9965828396902454,0.0,2023,Maule
A05_egresos_TGD_total,2023.0,7,MUJER,15.0,592745.0,2.5305991615281447,1.4163571405550979,4.1738384754803235,3.0273507987021335,1.6711140245050886,5.141424428745074,0.6365778650165174,0.0,2023,Maule
A05_egresos_TGD_total,2023.0,7,TOTAL,75.0,1162641.0,6.450830479915984,5.073987387461087,8.086171866365692,8.299306183838087,6.516141819572491,10.44553929801905,0.9314568278684253,0.0,2023,Maule
A05_egresos_TGD_total,2023.0,8,HOMBRE,306.0,818002.0,37.40822149579096,33.33382888615884,41.84323096572618,48.185439511367285,42.91562937810938,53.95770816252765,7.652152210115308,0.0,2023,Biobío
A05_egresos_TGD_total,2023.0,8,MUJER,128.0,863428.0,14.824629268450872,12.367833078496878,17.626532660149316,20.436557596258197,17.02015416604998,24.377753458915933,3.3229500112729187,0.0,2023,Biobío
A05_egresos_TGD_total,2023.0,8,TOTAL,434.0,1681430.0,25.81136294701534,23.43980838761359,28.357829052841286,34.563366204810606,31.370107762381345,38.010868433253975,2.78389599522652,0.0,2023,Biobío
A05_egresos_TGD_total,2023.0,9,HOMBRE,76.0,501761.0,15.146653486420826,11.933840190141042,18.958295475999844,18.602967893546612,14.647468978542122,23.356614904744067,4.577075285149053,0.0,2023,La Araucanía
A05_egresos_TGD_total,2023.0,9,MUJER,28.0,526440.0,5.318744776232809,3.5342672775354327,7.687067081389749,6.679174185987457,4.413309941878373,9.783099411038556,1.633299419176412,0.0,2023,La Araucanía
A05_egresos_TGD_total,2023.0,9,TOTAL,104.0,1028201.0,10.114753827315866,8.264486837702986,12.255717218229252,12.735002369240172,10.393718359943591,15.477196764114028,1.5759899682246057,0.0,2023,La Araucanía
A05_egresos_TGD_total,2023.0,10,HOMBRE,80.0,451199.0,17.730535750300866,14.05921214164711,22.067186533533643,22.998328481857016,18.20822695472711,28.724922896477764,6.6945344821993755,0.0,2023,Los Lagos
A05_egresos_TGD_total,2023.0,10,MUJER,35.0,456230.0,7.671569164675712,5.343529010043127,10.66929561166146,9.74735470521443,6.771571988519326,13.68731819484121,2.750841113222113,0.0,2023,Los Lagos
A05_egresos_TGD_total,2023.0,10,TOTAL,115.0,907429.0,12.673167818088247,10.462999778610596,15.21221865500668,16.49918470098572,13.603075429073131,19.86384381525058,2.39961230709017,0.0,2023,Los Lagos
A05_egresos_TGD_total,2023.0,11,HOMBRE,61.0,54592.0,111.7379835873388,85.47070369464853,143.5321144395444,137.17325702004047,104.71527670153083,177.39190430076692,312.82835707066425,0.0,2023,Aysén
A05_egresos_TGD_total,2023.0,11,MUJER,28.0,53714.0,52.12793685072793,34.63863546907237,75.33938255067244,63.87971908610437,42.1343559164333,94.16079416782492,150.5549913358133,0.0,2023,Aysén
A05_egresos_TGD_total,2023.0,11,TOTAL,89.0,108306.0,82.17457943234909,65.99293496422244,101.12289106213547,101.68403988509893,81.48133056244083,125.85050396902916,118.39152124010985,0.0,2023,Aysén
A05_egresos_TGD_total,2023.0,12,HOMBRE,7.0,92686.0,7.552381157887923,3.036448925964941,15.560791664007915,10.466986524078493,4.152593588424911,22.22021595401585,16.025015246638176,0.0,2023,Magallanes
A05_egresos_TGD_total,2023.0,12,MUJER,2.0,89531.0,2.233863131205951,0.270531188687678,8.069481707703433,3.250131244623263,0.3925973159202677,12.300260034999807,5.290299603326302,0.0,2023,Magallanes
A05_egresos_TGD_total,2023.0,12,TOTAL,9.0,182217.0,4.939165939511681,2.258501181217084,9.37607547672235,7.014357501264959,3.1843060177387907,13.585253895078829,5.551439153060848,0.0,2023,Magallanes
A05_egresos_TGD_total,2023.0,13,HOMBRE,681.0,4138275.0,16.456132084020517,15.243222503715959,17.739883983108367,22.291811591742288,20.641258243746247,24.04011568907936,0.7365262700036667,0.0,2023,Metropolitana
A05_egresos_TGD_total,2023.0,13,MUJER,330.0,4229515.0,7.8023130311631474,6.9831149169336415,8.691207388184923,10.507121425921447,9.387254050846884,11.726193635056665,0.34503633139618284,0.0,2023,Metropolitana
A05_egresos_TGD_total,2023.0,13,TOTAL,1011.0,8367790.0,12.082043167909328,11.348671925972983,12.850369719874566,16.493206074179316,15.484198166350682,17.551329605357974,0.273388001359382,0.0,2023,Metropolitana
A05_egresos_TGD_total,2023.0,14,HOMBRE,61.0,200948.0,30.356112028982622,23.220020383871713,38.993695839140514,41.236401652539286,31.462614475150275,53.21143653178428,28.372519058539726,0.0,2023,Los Ríos
A05_egresos_TGD_total,2023.0,14,MUJER,22.0,210257.0,10.463385285626638,6.557347851548157,15.841691067182179,15.258943094748542,9.510655392453867,23.35445433152314,10.805400129586717,0.0,2023,Los Ríos
A05_egresos_TGD_total,2023.0,14,TOTAL,83.0,411205.0,20.184579467662115,16.07690487659515,25.021823128917713,28.452168192885647,22.609936861766204,35.40459951746846,9.94052676830082,0.0,2023,Los Ríos
A05_egresos_TGD_total,2023.0,15,HOMBRE,28.0,130999.0,21.3742089634272,14.203006630476212,30.891683099312356,25.84491992727727,17.146840746945077,37.63752241031015,24.021916584980602,0.0,2023,Arica y Parinacota
A05_egresos_TGD_total,2023.0,15,MUJER,8.0,128803.0,6.211035457248666,2.6814842641464107,12.238215895742577,7.811947120076637,3.3533575291462965,15.718133959974686,7.7145166446138935,0.0,2023,Arica y Parinacota
A05_egresos_TGD_total,2023.0,15,TOTAL,36.0,259802.0,13.85670626092178,9.705066711309083,19.183522255115893,17.127876680638717,11.98109420258588,23.84535352389025,8.201814289899481,0.0,2023,Arica y Parinacota
A05_egresos_TGD_total,2023.0,16,HOMBRE,111.0,250500.0,44.31137724550898,36.45242629548122,53.36232829959908,56.82152648146034,46.7137731007415,68.62033565871367,29.270016921909356,0.0,2023,Ñuble
A05_egresos_TGD_total,2023.0,16,MUJER,51.0,268937.0,18.963549083986212,14.119607877789505,24.93356487824427,27.682248807085184,20.562838917057263,36.62558192921847,15.249283270833086,0.0,2023,Ñuble
A05_egresos_TGD_total,2023.0,16,TOTAL,162.0,519437.0,31.187612742257482,26.569912550544764,36.37715965100243,42.73827027423865,36.38478858658968,49.95393075006564,11.370243319160828,0.0,2023,Ñuble
A05_egresos_TGD_total,2024.0,1,HOMBRE,32.0,204628.0,15.638133588756181,10.696471798231212,22.076378638026306,18.17617363650748,12.419789339224144,25.713833147160056,10.374911598143754,0.0,2024,Tarapacá
A05_egresos_TGD_total,2024.0,1,MUJER,11.0,201659.0,5.45475282531402,2.7229929570397746,9.76005956257938,6.325190899471402,3.1424558056977734,11.427315363721826,3.6797787887241284,0.0,2024,Tarapacá
A05_egresos_TGD_total,2024.0,1,TOTAL,43.0,406287.0,10.583651458205653,7.65944103846965,14.256109058469413,12.371388357604763,8.942644410418099,16.700917118682415,3.583450383090726,0.0,2024,Tarapacá
A05_egresos_TGD_total,2024.0,2,HOMBRE,61.0,361009.0,16.89708566822434,12.924931666795711,21.705013424827655,21.456830221597574,16.398934471832884,27.65986295057614,7.592026276257214,0.0,2024,Antofagasta
A05_egresos_TGD_total,2024.0,2,MUJER,22.0,357223.0,6.1586180061194264,3.8595731160170565,9.324221673051632,7.935397655703651,4.957166527962891,12.085441596839933,2.897478931879469,0.0,2024,Antofagasta
A05_egresos_TGD_total,2024.0,2,TOTAL,83.0,718232.0,11.556154557301818,9.204412598965668,14.325592259501954,14.891984632377538,11.850334888859273,18.48825602078557,2.6926706677675916,0.0,2024,Antofagasta
A05_egresos_TGD_total,2024.0,3,HOMBRE,89.0,161331.0,55.16608711283014,44.302897857417825,67.88661719927133,66.01625888167834,52.94060080173141,81.4630032380973,49.575558336985296,0.0,2024,Atacama
A05_egresos_TGD_total,2024.0,3,MUJER,73.0,158661.0,46.01004657729373,36.064531877713584,57.85072587654278,51.92978967146122,40.51972725578065,65.74208287614204,38.252343123382495,0.0,2024,Atacama
A05_egresos_TGD_total,2024.0,3,TOTAL,162.0,319992.0,50.626265656641415,43.13043971573452,59.05035962660863,58.96889140145664,50.13892053331924,68.97642194346902,21.97519304614923,0.0,2024,Atacama
A05_egresos_TGD_total,2024.0,4,HOMBRE,152.0,430248.0,35.32846172440081,29.935426664150583,41.41245011077093,44.19617033151748,37.43041336312913,51.891220424137444,12.92645665917015,0.0,2024,Coquimbo
A05_egresos_TGD_total,2024.0,4,MUJER,77.0,449019.0,17.148494829840164,13.533323947192995,21.432676234217904,23.831401703372684,18.778331988376536,29.879261918224838,7.466863260589002,0.0,2024,Coquimbo
A05_egresos_TGD_total,2024.0,4,TOTAL,229.0,879267.0,26.044421091659302,22.780176175011732,29.645130887033144,34.1683747909268,29.868583801803663,38.941094920388316,5.140981823145451,0.0,2024,Coquimbo
A05_egresos_TGD_total,2024.0,5,HOMBRE,322.0,990348.0,32.51382342368541,29.05910064228231,36.266266585382525,44.02940903419332,39.334094164513736,49.15603264837901,6.065617521035289,0.0,2024,Valparaíso
A05_egresos_TGD_total,2024.0,5,MUJER,153.0,1035345.0,14.777682801385046,12.528884116089793,17.313589586406717,21.006147920392635,17.779128683778694,24.68172711910113,2.9416023938091453,0.0,2024,Valparaíso
A05_egresos_TGD_total,2024.0,5,TOTAL,475.0,2025693.0,23.44876543484131,21.38717325764281,25.65544220924127,32.75232965422493,29.856926713003254,35.86598088112956,2.283871591668759,0.0,2024,Valparaíso
A05_egresos_TGD_total,2024.0,6,HOMBRE,144.0,512497.0,28.097725450100196,23.69602577144168,33.079903481882056,36.8658238939935,31.062729900545175,43.490786642948194,9.533384765421818,0.0,2024,O'Higgins
A05_egresos_TGD_total,2024.0,6,MUJER,48.0,513089.0,9.355102136276553,6.8977138125126904,12.403508198797336,12.662640067795914,9.301160370410393,16.903797353565732,3.417882625609178,0.0,2024,O'Higgins
A05_egresos_TGD_total,2024.0,6,TOTAL,192.0,1025586.0,18.721004381885088,16.166478216164972,21.564561538766185,25.030071735193303,21.592562678332985,28.885306945057803,3.307047228021876,0.0,2024,O'Higgins
A05_egresos_TGD_total,2024.0,7,HOMBRE,150.0,574048.0,26.13021907575673,22.115948718790914,30.662447408069443,33.2132128291565,28.08259524143037,39.0542448035978,7.439314894082416,0.0,2024,Maule
A05_egresos_TGD_total,2024.0,7,MUJER,64.0,597934.0,10.703522462345342,8.243016544674738,13.66815922976198,14.511051441908176,11.160084034528573,18.605871308032594,3.3223824220956915,0.0,2024,Maule
A05_egresos_TGD_total,2024.0,7,TOTAL,214.0,1171982.0,18.25966610408692,15.89502031338525,20.876927486161964,24.0102904552531,20.883106779423624,27.496075753927588,2.72600784352162,0.0,2024,Maule
A05_egresos_TGD_total,2024.0,8,HOMBRE,337.0,819922.0,41.10147062769386,36.82986387474956,45.73253342871398,53.230680713629496,47.675457792516056,59.28979464408648,8.480234357962072,0.0,2024,Biobío
A05_egresos_TGD_total,2024.0,8,MUJER,147.0,866303.0,16.968658771815406,14.336502577718967,19.944126555344756,23.2029501677687,19.57228701557555,27.355038623139105,3.729625636601284,0.0,2024,Biobío
A05_egresos_TGD_total,2024.0,8,TOTAL,484.0,1686225.0,28.703168319767528,26.20264897539422,31.377955882385624,38.503421673086216,35.13055659014163,42.130652710812576,3.0978774353353313,0.0,2024,Biobío
A05_egresos_TGD_total,2024.0,9,HOMBRE,121.0,503438.0,24.034737147374653,19.94338757955128,28.718443949688776,29.91949730215142,24.813365851924427,35.82254543087111,7.437978287912732,0.0,2024,La Araucanía
A05_egresos_TGD_total,2024.0,9,MUJER,43.0,528726.0,8.132756853266153,5.885716460315397,10.95477010973238,10.618980527481881,7.673516753032249,14.398921816788594,2.6448659943866395,0.0,2024,La Araucanía
A05_egresos_TGD_total,2024.0,9,TOTAL,164.0,1032164.0,15.8889478803756,13.550207382375316,18.51542600077759,20.434087563519128,17.416998150109148,23.85269329474106,2.562547683749237,0.0,2024,La Araucanía
A05_egresos_TGD_total,2024.0,10,HOMBRE,116.0,453413.0,25.583739328162185,21.1403388304732,30.6852583578982,34.14461003473799,28.2032198136373,41.02484853409048,10.090168540630449,0.0,2024,Los Lagos
A05_egresos_TGD_total,2024.0,10,MUJER,49.0,458758.0,10.681012647190894,7.901871956201121,14.120865160480752,14.406956514683833,10.648625261329936,19.142408693104233,4.259786785124393,0.0,2024,Los Lagos
A05_egresos_TGD_total,2024.0,10,TOTAL,165.0,912171.0,18.08871362935239,15.433939142031464,21.06905181273353,24.43249113185739,20.838383367679985,28.498934119796175,3.635318167854521,0.0,2024,Los Lagos
A05_egresos_TGD_total,2024.0,11,HOMBRE,45.0,54651.0,82.34067080199813,60.05985030142991,110.17829590850819,98.73112688743353,71.94536641440729,133.29899467274873,217.85299560626282,0.0,2024,Aysén
A05_egresos_TGD_total,2024.0,11,MUJER,14.0,53887.0,25.980292092712528,14.203667445396098,43.590515563745576,34.18163766912521,18.55446238152434,59.03582882931289,85.1751686124252,0.0,2024,Aysén
A05_egresos_TGD_total,2024.0,11,TOTAL,59.0,108538.0,54.35884206453039,41.38046917088341,70.11894577251816,67.56505417264576,51.37218920147841,87.80081047630763,78.0090625889145,0.0,2024,Aysén
A05_egresos_TGD_total,2024.0,12,HOMBRE,24.0,93226.0,25.743891189153242,16.49459684496435,38.30486945031774,36.39541501899647,23.250501665368795,54.64826893748092,55.85217801845406,0.0,2024,Magallanes
A05_egresos_TGD_total,2024.0,12,MUJER,8.0,90009.0,8.88800008888,3.8372075867396607,17.512903398763804,13.339601151795584,5.751213858155707,26.624622966755705,22.30304760302318,0.0,2024,Magallanes
A05_egresos_TGD_total,2024.0,12,TOTAL,32.0,183235.0,17.463912462138783,11.945303196051281,24.653833645002578,25.349511888770227,17.312764382685355,35.98468555634985,20.22775461619351,0.0,2024,Magallanes
A05_egresos_TGD_total,2024.0,13,HOMBRE,1378.0,4166844.0,33.07059251558254,31.347347880504522,34.863928646988526,44.882872578887486,42.53172243273618,47.33143470565074,1.4776232353083152,0.0,2024,Metropolitana
A05_egresos_TGD_total,2024.0,13,MUJER,726.0,4253885.0,17.066751922066533,15.847711233248749,18.354682125517048,22.31001578206834,20.685141904733882,24.032162123322664,0.7133293880033075,0.0,2024,Metropolitana
A05_egresos_TGD_total,2024.0,13,TOTAL,2104.0,8420729.0,24.985960241684538,23.929621020053347,26.076923592966352,33.76430540078422,32.321904950231534,35.255486322360625,0.5533626613871694,0.0,2024,Metropolitana
A05_egresos_TGD_total,2024.0,14,HOMBRE,161.0,201540.0,79.88488637491317,68.02178704645885,93.22194434335069,102.49135449812319,87.05242071960718,120.0323627314186,67.21585260884417,0.0,2024,Los Ríos
A05_egresos_TGD_total,2024.0,14,MUJER,118.0,211246.0,55.85904585175577,46.2360087008923,66.89429609264204,67.35221518232925,55.523420160426845,81.22309636350145,40.03285797648738,0.0,2024,Los Ríos
A05_egresos_TGD_total,2024.0,14,TOTAL,279.0,412786.0,67.58950158193349,59.8904379874286,76.00381565223474,85.41469443726969,75.50806639550893,96.35288698043529,27.14106590288502,0.0,2024,Los Ríos
A05_egresos_TGD_total,2024.0,15,HOMBRE,30.0,132125.0,22.705771050141912,15.31948837950495,32.41390001499161,29.125323869188733,19.624931613633063,41.790224344631326,28.44810448778702,0.0,2024,Arica y Parinacota
A05_egresos_TGD_total,2024.0,15,MUJER,12.0,129654.0,9.255402841408673,4.782401706636292,16.167326151277216,11.433450263986158,5.891145169489433,20.305563955813298,10.973775240272447,0.0,2024,Arica y Parinacota
A05_egresos_TGD_total,2024.0,15,TOTAL,42.0,261779.0,16.04406770596572,11.563152786311239,21.68691865218014,20.434105365446058,14.708564059340214,27.741337167065893,10.012465517959283,0.0,2024,Arica y Parinacota
A05_egresos_TGD_total,2024.0,16,HOMBRE,159.0,251232.0,63.28811616354604,53.83316553331543,73.92567425409639,82.73236598674454,70.31378906048568,96.85164149593489,43.47591721893944,0.0,2024,Ñuble
A05_egresos_TGD_total,2024.0,16,MUJER,60.0,270479.0,22.182868170911604,16.927865361084322,28.553748500491103,32.829476507414235,25.009764266736134,42.47301691785208,18.175035947338667,0.0,2024,Ñuble
A05_egresos_TGD_total,2024.0,16,TOTAL,219.0,521711.0,41.97726327411153,36.60141969049604,47.92044324843519,58.36373946866067,50.85226944978714,66.74053567458999,15.71430180043923,0.0,2024,Ñuble
A05_egresos_TGD_total,,1,HOMBRE,111.0,804225.0,13.802107619136436,11.354201606538028,16.621297819701663,15.697373399328924,12.905605414869768,18.92667338442548,2.232867572518686,0.0,2021-2024,Tarapacá
A05_egresos_TGD_total,,1,MUJER,39.0,791512.0,4.927278424079483,3.5037766312369842,6.73575180993249,5.404075320657002,3.8331776420308015,7.430790313010719,0.7590154874067156,0.0,2021-2024,Tarapacá
A05_egresos_TGD_total,,1,TOTAL,150.0,1595737.0,9.400045245551116,7.955957736221249,11.030462168707906,10.657095430041588,9.013308540447575,12.521827834515554,0.7635312390003128,0.0,2021-2024,Tarapacá
A05_egresos_TGD_total,,2,HOMBRE,268.0,1431051.0,18.727494687470955,16.55226834052959,21.109116448112253,22.905661018674337,20.239550883583266,25.847203213802004,1.9662118343831605,0.0,2021-2024,Antofagasta
A05_egresos_TGD_total,,2,MUJER,93.0,1414706.0,6.573804027126484,5.305908275164546,8.053354055565794,8.221676530542378,6.62886451489868,10.08832564837528,0.7337314907201526,0.0,2021-2024,Antofagasta
A05_egresos_TGD_total,,2,TOTAL,361.0,2845757.0,12.685552561234147,11.410555925965225,14.064053591436464,15.770735481000205,14.18124817083952,17.492210098859122,0.6929048167802124,0.0,2021-2024,Antofagasta
A05_egresos_TGD_total,,3,HOMBRE,300.0,642618.0,46.68403312698991,41.55023283396455,52.27695544671495,55.41123231451449,49.29920546751779,62.09936868158174,10.298824336906845,0.0,2021-2024,Atacama
A05_egresos_TGD_total,,3,MUJER,126.0,631163.0,19.963147396155986,16.629834909836095,23.76867030666231,23.12964462292853,19.22710513498222,27.629057521578986,4.339839551148634,0.0,2021-2024,Atacama
A05_egresos_TGD_total,,3,TOTAL,426.0,1273781.0,33.44373954392474,30.342901941000637,36.77549976773701,39.540352031330485,35.854422593350016,43.517227993011744,3.7108509559373966,0.0,2021-2024,Atacama
A05_egresos_TGD_total,,4,HOMBRE,451.0,1691475.0,26.663119466737612,24.25881610449581,29.241243484346768,32.50091222019792,29.563267101154448,35.66654961309197,2.3535059922934907,0.0,2021-2024,Coquimbo
A05_egresos_TGD_total,,4,MUJER,183.0,1763743.0,10.375661306664293,8.92678675889096,11.992697561087189,13.640051260041787,11.722955234040787,15.797312088405837,1.0304567787000953,0.0,2021-2024,Coquimbo
A05_egresos_TGD_total,,4,TOTAL,634.0,3455218.0,18.34905930682232,16.948373174975977,19.83463157898934,23.21882882241874,21.440017689928606,25.113402555860052,0.8566033492687366,0.0,2021-2024,Coquimbo
A05_egresos_TGD_total,,5,HOMBRE,854.0,3917369.0,21.800346099639835,20.362554128512343,23.312873801439807,29.020911851469396,27.099627383576273,31.04859907297176,0.9938419576530826,0.0,2021-2024,Valparaíso
A05_egresos_TGD_total,,5,MUJER,416.0,4094084.0,10.161003047323895,9.207916538749725,11.185949523130644,13.287438959663566,12.00150576965707,14.682147248062346,0.45253441787145765,0.0,2021-2024,Valparaíso
A05_egresos_TGD_total,,5,TOTAL,1270.0,8011453.0,15.85230544321985,14.992343723954601,16.748736128770624,21.34260089245734,20.170815924793793,22.56808857715147,0.3675077595424351,0.0,2021-2024,Valparaíso
A05_egresos_TGD_total,,6,HOMBRE,289.0,2026408.0,14.261688662895132,12.664657741921111,16.004368854471753,18.320939540515347,16.260266781224644,20.583094438237968,1.1720710137555592,0.0,2021-2024,O'Higgins
A05_egresos_TGD_total,,6,MUJER,93.0,2027390.0,4.587178589220623,3.7024451498354702,5.619603678884311,5.962635336323764,4.796457877064379,7.341803629322955,0.39374901378105753,0.0,2021-2024,O'Higgins
A05_egresos_TGD_total,,6,TOTAL,382.0,4053798.0,9.423261839884473,8.501869712637507,10.417278908357947,12.27981207048409,11.070853385459097,13.591163203125213,0.4003422439551177,0.0,2021-2024,O'Higgins
A05_egresos_TGD_total,,7,HOMBRE,315.0,2270678.0,13.872508563521556,12.382676424210318,15.49221649266831,17.517571745364627,15.628126217824702,19.58237119805223,0.9828883450946313,0.0,2021-2024,Maule
A05_egresos_TGD_total,,7,MUJER,106.0,2360000.0,4.491525423728813,3.6772929985943015,5.432370615590986,5.7823780680016865,4.72163409207975,7.024067859556431,0.3234169318304876,0.0,2021-2024,Maule
A05_egresos_TGD_total,,7,TOTAL,421.0,4630678.0,9.091541238669587,8.243723041466588,10.002886320469836,11.75496516495959,10.651647910118887,12.9467485657506,0.3326062152657567,0.0,2021-2024,Maule
A05_egresos_TGD_total,,8,HOMBRE,960.0,3267368.0,29.381447085238026,27.55200417868853,31.300435689252474,37.220829906388325,34.89159891908255,39.67302136843244,1.457920229925488,0.0,2021-2024,Biobío
A05_egresos_TGD_total,,8,MUJER,395.0,3447146.0,11.458754575524216,10.356454718454579,12.646436635375398,15.362218288703943,13.869466166501002,16.981911993004378,0.6099334527932649,0.0,2021-2024,Biobío
A05_egresos_TGD_total,,8,TOTAL,1355.0,6714514.0,20.18016493822189,19.119847884646575,21.28398215671281,26.46946406996923,25.068890973261443,27.932266552991443,0.5244855722550934,0.0,2021-2024,Biobío
A05_egresos_TGD_total,,9,HOMBRE,268.0,2003225.0,13.378427286001322,11.824503069292373,15.079794931766271,16.36854216648609,14.463017321721033,18.46822489915467,1.004402592783197,0.0,2021-2024,La Araucanía
A05_egresos_TGD_total,,9,MUJER,92.0,2100717.0,4.379457109167965,3.53046054115154,5.371015372450268,5.501184894600004,4.42597750111862,6.776805062379199,0.33468830300805613,0.0,2021-2024,La Araucanía
A05_egresos_TGD_total,,9,TOTAL,360.0,4103942.0,8.772053796081913,7.889203107296026,9.7266782576629,11.02372841799522,9.909890256140669,12.235390541037232,0.3403011064475001,0.0,2021-2024,La Araucanía
A05_egresos_TGD_total,,10,HOMBRE,304.0,1799919.0,16.889648923090427,15.044212827353462,18.898983165952867,22.013119779858098,19.600537185931874,24.654055048555918,1.6040332889903737,0.0,2021-2024,Los Lagos
A05_egresos_TGD_total,,10,MUJER,120.0,1819494.0,6.5952402151367355,5.468109574746534,7.886290659345524,8.50988199019553,7.045441867973605,10.208578722855863,0.6123171854942836,0.0,2021-2024,Los Lagos
A05_egresos_TGD_total,,10,TOTAL,424.0,3619413.0,11.714606760820056,10.62595539388895,12.88452983353454,15.375950020015447,13.940856876401531,16.92600914418731,0.56255684424362,0.0,2021-2024,Los Lagos
A05_egresos_TGD_total,,11,HOMBRE,147.0,218196.0,67.37062090964088,56.920178154437636,79.18411275768038,80.81196063157299,68.2023694998295,95.28716450655077,44.97651069186962,0.0,2021-2024,Aysén
A05_egresos_TGD_total,,11,MUJER,86.0,214432.0,40.105954335173855,32.07958664945996,49.530527338245776,47.68369896458638,37.9935499600867,59.379073272298015,27.312043125048742,0.0,2021-2024,Aysén
A05_egresos_TGD_total,,11,TOTAL,233.0,432628.0,53.856893220041236,47.16305100917706,61.23443545528201,64.79341506000405,56.665493946856465,73.87398239126863,18.3659766926224,0.0,2021-2024,Aysén
A05_egresos_TGD_total,,12,HOMBRE,48.0,369536.0,12.989262209906478,9.577256565932206,17.22187721416243,17.892331026736507,13.16188254773478,23.859905328963848,6.763864729127142,0.0,2021-2024,Magallanes
A05_egresos_TGD_total,,12,MUJER,14.0,357008.0,3.9214807511316274,2.143910017786883,6.579578362903795,5.770097133875388,3.1509560376373424,9.766895681091919,2.385976330651157,0.0,2021-2024,Magallanes
A05_egresos_TGD_total,,12,TOTAL,62.0,726544.0,8.533550617718955,6.542624326423806,10.93962676393257,12.051031586086456,9.226763245108705,15.5067853321928,2.365139805550942,0.0,2021-2024,Magallanes
A05_egresos_TGD_total,,13,HOMBRE,2905.0,16484107.0,17.62303532730041,16.987951359399847,18.27578746566387,23.643652798337463,22.787218429795477,24.524297113480923,0.19443849355970702,0.0,2021-2024,Metropolitana
A05_egresos_TGD_total,,13,MUJER,1310.0,16857855.0,7.7708581548482885,7.355698975245131,8.203346196521954,10.001932168827842,9.456283663588074,10.571723860816158,0.07967422163932746,0.0,2021-2024,Metropolitana
A05_egresos_TGD_total,,13,TOTAL,4215.0,33341962.0,12.641727562403196,12.26293456318468,13.029246405372218,16.92628355146802,16.41394594811582,17.4507672898077,0.06937309207054941,0.0,2021-2024,Metropolitana
A05_egresos_TGD_total,,14,HOMBRE,255.0,802510.0,31.775304980623293,27.994608261202615,35.924234104659796,40.82157866200073,35.91205750041901,46.251387120243585,6.681643638813289,0.0,2021-2024,Los Ríos
A05_egresos_TGD_total,,14,MUJER,149.0,838858.0,17.76224343095017,15.024754378781154,20.85421303903135,21.99603767256511,18.543687781145213,25.963220404814116,3.373205821012882,0.0,2021-2024,Los Ríos
A05_egresos_TGD_total,,14,TOTAL,404.0,1641368.0,24.613614984573843,22.271711576609864,27.134802088694073,31.60898486508834,28.558089475330625,34.918073878726304,2.546881404460441,0.0,2021-2024,Los Ríos
A05_egresos_TGD_total,,15,HOMBRE,99.0,521456.0,18.985302690926943,15.430317199187542,23.11392480921793,23.248382346337493,18.879865569380197,28.369292731205835,5.499994606267471,0.0,2021-2024,Arica y Parinacota
A05_egresos_TGD_total,,15,MUJER,32.0,513227.0,6.235057781449534,4.264774906870559,8.802041217515928,7.637920852127068,5.216239849201492,10.857076444919326,1.836655705067336,0.0,2021-2024,Arica y Parinacota
A05_egresos_TGD_total,,15,TOTAL,131.0,1034683.0,12.66088260848975,10.585736874052323,15.023921611543496,15.665255361960956,13.089625979188432,18.62190749101496,1.8856280593889458,0.0,2021-2024,Arica y Parinacota
A05_egresos_TGD_total,,16,HOMBRE,361.0,1000315.0,36.08863208089452,32.46144404533274,40.010275719353864,46.18719667907464,41.5271277867214,51.261112618636155,5.95620521627306,0.0,2021-2024,Ñuble
A05_egresos_TGD_total,,16,MUJER,141.0,1072401.0,13.148066814559106,11.067487541723748,15.506133269481058,18.849463166856196,15.83792374304331,22.30254560722035,2.5709644814683186,0.0,2021-2024,Ñuble
A05_egresos_TGD_total,,16,TOTAL,502.0,2072716.0,24.219429965320863,22.14683523213171,26.433759467970475,32.902184208116545,30.071566981959286,35.94407002746561,2.180035590148493,0.0,2021-2024,Ñuble
05990027,2021.0,1,HOMBRE,4.0,197277.0,2.0276058536980996,0.5524543528269007,5.191476287354174,2.31446389494772,0.6293600241653008,6.075027300453272,1.3422927582298478,0.0,2021,Tarapacá
05990027,2021.0,1,MUJER,4.0,193888.0,2.063046707377455,0.5621107926361223,5.282218948776455,2.0590497984857183,0.5598806089749433,5.5851676061436475,1.0624379937466384,0.0,2021,Tarapacá
05990027,2021.0,1,TOTAL,8.0,391165.0,2.045172753185996,0.8829604327453892,4.02980563705682,2.1979570531710304,0.9451746539030034,4.42026587925695,0.6085825273010357,0.0,2021,Tarapacá
05990027,2021.0,2,HOMBRE,41.0,354057.0,11.580056318615364,8.310048344886637,15.709653972590548,13.886659731097021,9.961375232706219,18.966794152901723,4.713723012016256,0.0,2021,Antofagasta
05990027,2021.0,2,MUJER,15.0,349689.0,4.289525835814109,2.400815047880635,7.074920535528953,5.124199935222873,2.8553838343946043,8.541787013430863,1.77370488101589,0.0,2021,Antofagasta
05990027,2021.0,2,TOTAL,56.0,703746.0,7.9574164542320664,6.010946873251175,10.333367153431059,9.628123373026222,7.267248860677211,12.531468924383896,1.6640688672960358,0.0,2021,Antofagasta
05990027,2021.0,3,HOMBRE,9.0,159897.0,5.628623426330701,2.573765047110536,10.68488054899039,6.857306969575738,3.117805770332123,13.174055680340867,5.288374310991142,0.0,2021,Atacama
05990027,2021.0,3,MUJER,3.0,156840.0,1.9127773527161438,0.3944606751438417,5.5899471242937535,2.4571119885193933,0.502823928386253,7.30322798839707,2.0267017645950354,0.0,2021,Atacama
05990027,2021.0,3,TOTAL,12.0,316737.0,3.7886322090567255,1.9576415476317002,6.617978022200425,4.696929044678613,2.417389895513259,8.275518824274043,1.8573512388106925,0.0,2021,Atacama
05990027,2021.0,4,HOMBRE,26.0,415361.0,6.259615129971278,4.088988425874442,9.171786490095363,7.463244807390639,4.872745314039765,11.022351145415021,2.1469589764011228,0.0,2021,Coquimbo
05990027,2021.0,4,MUJER,6.0,432718.0,1.3865843343701902,0.508852012971693,3.0180103491231436,1.7173375802088222,0.626453789551742,3.886192808130308,0.4962665616553594,0.0,2021,Coquimbo
05990027,2021.0,4,TOTAL,32.0,848079.0,3.7732333898139205,2.5808888454123453,5.326679717269319,4.639624494897417,3.17132459706618,6.595707747398393,0.6749085460092904,0.0,2021,Coquimbo
05990027,2021.0,5,HOMBRE,70.0,968008.0,7.231345195494252,5.637188340173375,9.136369620089807,9.419492664487924,7.335241468200184,11.941538008802379,1.2776100559398778,0.0,2021,Valparaíso
05990027,2021.0,5,MUJER,16.0,1011365.0,1.5820203388489813,0.9042613155133432,2.5691019164753515,2.3634526688448187,1.3463767326771667,3.873596072121014,0.35280958895474024,0.0,2021,Valparaíso
05990027,2021.0,5,TOTAL,86.0,1979373.0,4.344810199997676,3.4752873381707228,5.3658052515593155,5.956931498984789,4.759575315537905,7.377885161866391,0.4164445668867835,0.0,2021,Valparaíso
05990027,2021.0,6,HOMBRE,20.0,500528.0,3.9957804558386343,2.440726509886349,6.171158836803256,5.200951619367169,3.173653942411135,8.093621697066379,1.3574508415289086,0.0,2021,O'Higgins
05990027,2021.0,6,MUJER,3.0,500431.0,0.5994832454424286,0.12362785736607072,1.751944437843044,0.7099189165033108,0.1408193033706548,2.261798008707848,0.17399933193306377,0.0,2021,O'Higgins
05990027,2021.0,6,TOTAL,23.0,1000959.0,2.2977964132397033,1.4566058187243112,3.4478228273918345,3.0060636705768067,1.9014251558866837,4.547687001249692,0.3962726938198786,0.0,2021,O'Higgins
05990027,2021.0,7,HOMBRE,14.0,561122.0,2.4950010871076165,1.364040311429706,4.1861878739089855,3.2003072502632235,1.7463993480259365,5.419705465960521,0.7354688186469676,0.0,2021,Maule
05990027,2021.0,7,MUJER,4.0,581890.0,0.6874151471927684,0.1872974915579104,1.760055796697605,0.882951087513201,0.23842149819903377,2.3626152762010273,0.19694519048379694,0.0,2021,Maule
05990027,2021.0,7,TOTAL,18.0,1143012.0,1.574786616413476,0.9333183536480394,2.488841785346784,2.064209419253307,1.2209255447337168,3.2904651859133245,0.2383284897487803,0.0,2021,Maule
05990027,2021.0,8,HOMBRE,39.0,813546.0,4.79382849894167,3.4088806889145147,6.55332136914604,6.100172559413406,4.33184220515045,8.386053627998644,0.9612720015167708,0.0,2021,Biobío
05990027,2021.0,8,MUJER,12.0,857044.0,1.4001614852913036,0.7234838711573989,2.4458003379262863,1.847761094675415,0.9462454459297258,3.306016720249935,0.29116825314781497,0.0,2021,Biobío
05990027,2021.0,8,TOTAL,51.0,1670590.0,3.0528136766052714,2.273020300510045,4.013886194494387,4.014550851575838,2.983845522090864,5.305599014674451,0.3195264723556396,0.0,2021,Biobío
05990027,2021.0,9,HOMBRE,10.0,498048.0,2.007838601901825,0.9628366535218359,3.692486676388175,2.4926568177278368,1.1938845991188995,4.649778242686489,0.6230565511147504,0.0,2021,La Araucanía
05990027,2021.0,9,MUJER,3.0,521500.0,0.5752636625119847,0.11863319710366277,1.6811645387808865,0.7636115914623433,0.15747213102092372,2.326970478957564,0.1943708786617577,0.0,2021,La Araucanía
05990027,2021.0,9,TOTAL,13.0,1019548.0,1.275074837084669,0.6789236495980376,2.180416804128778,1.6413438308255226,0.8732497539991353,2.8394292966399584,0.20768429025160684,0.0,2021,La Araucanía
05990027,2021.0,10,HOMBRE,17.0,446418.0,3.808090175575358,2.2183528597877538,6.097121266594675,4.996938757709543,2.9060598592043605,8.069632153755444,1.4767589780223285,0.0,2021,Los Lagos
05990027,2021.0,10,MUJER,9.0,450885.0,1.9960743870388236,0.912732314753947,3.789170952996699,2.4978325967737525,1.1346033182240882,4.880475456924232,0.7031042187828039,0.0,2021,Los Lagos
05990027,2021.0,10,TOTAL,26.0,897303.0,2.8975719461541978,1.8927901963546696,4.24561425551068,3.7736775217843235,2.4594863547509456,5.573557825444337,0.553014083216426,0.0,2021,Los Lagos
05990027,2021.0,11,HOMBRE,8.0,54429.0,14.698046997005273,6.345573456702312,28.961011997636025,18.005296757983555,7.718901646495717,36.69875485155342,41.085919381385686,0.0,2021,Aysén
05990027,2021.0,11,MUJER,6.0,53308.0,11.255346289487507,4.1305137193120185,24.498150413669027,13.174299725091304,4.8072349817761975,30.542977347467342,29.19077285631662,0.0,2021,Aysén
05990027,2021.0,11,TOTAL,14.0,107737.0,12.994607237996231,7.104272697681015,21.802742903399555,15.664205418082824,8.523845975192309,26.951929411994424,17.762203659691636,0.0,2021,Aysén
05990027,2021.0,12,HOMBRE,2.0,91500.0,2.185792349726776,0.2647095940371202,7.895833516638208,2.839674081817667,0.34353508085746515,11.171489314486791,4.034580911579551,0.0,2021,Magallanes
05990027,2021.0,12,MUJER,0.0,88449.0,0.0,0.0,4.170628785078334,0.0,0.0,6.798176602286051,0.0,0.0,2021,Magallanes
05990027,2021.0,12,TOTAL,2.0,179949.0,1.1114260151487365,0.13459884664208469,4.01485291261633,1.4972649346242348,0.18132474320574832,5.802761938655793,1.1209050226502206,0.0,2021,Magallanes
05990027,2021.0,13,HOMBRE,104.0,4071264.0,2.5544892200554914,2.0872028026217526,3.095191247607754,3.4043592191046828,2.779107587248929,4.129877794168475,0.11238475613102702,0.0,2021,Metropolitana
05990027,2021.0,13,MUJER,25.0,4171195.0,0.5993486279111861,0.3878668306763248,0.8847568070428345,0.722930610141684,0.46234667933593027,1.0849086411037447,0.021937691322506784,0.0,2021,Metropolitana
05990027,2021.0,13,TOTAL,129.0,8242459.0,1.5650669296626165,1.3066589560443858,1.8596221904971637,2.0814928200865244,1.7348410713160554,2.478344122777397,0.03419893434490318,0.0,2021,Metropolitana
05990027,2021.0,14,HOMBRE,4.0,199687.0,2.0031349061280905,0.5457868432228061,5.128820942476823,2.4009357768149555,0.6538443887474967,6.532646164461045,1.4419703934291341,0.0,2021,Los Ríos
05990027,2021.0,14,MUJER,1.0,208131.0,0.4804666291902696,0.01216436186069825,2.676988719094656,0.8026189474372689,0.02032055239576963,4.471906553931194,0.6441971747853091,0.0,2021,Los Ríos
05990027,2021.0,14,TOTAL,5.0,407818.0,1.2260371047869392,0.39809091068035757,2.861161616045067,1.6080199853787507,0.5170125097332482,3.9131810387291237,0.524224641483011,0.0,2021,Los Ríos
05990027,2021.0,15,HOMBRE,3.0,128511.0,2.334430515675701,0.48141569429511977,6.8221965977560854,2.8972006223061535,0.5921194825644899,8.75249282238124,2.821028284097197,0.0,2021,Arica y Parinacota
05990027,2021.0,15,MUJER,2.0,126869.0,1.5764292301507854,0.19091289325521993,5.694604409054978,1.9331065552093607,0.23410022952651532,7.396566952716773,1.8684908099517956,0.0,2021,Arica y Parinacota
05990027,2021.0,15,TOTAL,5.0,255380.0,1.9578667084344898,0.6357139909618688,4.5690077842128085,2.444124010459857,0.7910317614426081,5.840405628363386,1.2001366627490182,0.0,2021,Arica y Parinacota
05990027,2021.0,16,HOMBRE,11.0,248859.0,4.420173672641938,2.206534771592283,7.9089116782201785,5.514909056437057,2.751052049580489,10.089860841786198,2.769782519247398,0.0,2021,Ñuble
05990027,2021.0,16,MUJER,3.0,265649.0,1.1293097282504356,0.23289081566111725,3.300322255962689,1.44555417467983,0.2558821324788365,4.761589933650555,0.7949652975748147,0.0,2021,Ñuble
05990027,2021.0,16,TOTAL,14.0,514508.0,2.721046125619038,1.4876212374347133,4.565453038987845,3.5576132742319366,1.9272055475620158,6.107441333467771,0.9280127910669985,0.0,2021,Ñuble
05990027,2022.0,1,HOMBRE,4.0,199973.0,2.0002700364549213,0.5450062626586214,5.121485738276514,2.2902331549122277,0.623741701287957,5.961165981201704,1.3119529700745258,0.0,2022,Tarapacá
05990027,2022.0,1,MUJER,1.0,196724.0,0.5083263862060552,0.012869709839312883,2.832213350144821,0.5833214176368167,0.014768419644852688,3.442817159046921,0.34026387627382554,0.0,2022,Tarapacá
05990027,2022.0,1,TOTAL,5.0,396697.0,1.2604078175534477,0.40925098755937667,2.941371394117594,1.4539462788753097,0.47192105228156633,3.446002965311909,0.42300536845088166,0.0,2022,Tarapacá
05990027,2022.0,2,HOMBRE,27.0,356913.0,7.564868749527196,4.985296173511409,11.006486859588229,9.177016550186776,6.044614374864553,13.476275321652668,3.1261073218436017,0.0,2022,Antofagasta
05990027,2022.0,2,MUJER,11.0,352724.0,3.1185856363615745,1.556786713474796,5.580011145627163,3.778065383739731,1.8752989597021612,6.841246115699349,1.3157452986634464,0.0,2022,Antofagasta
05990027,2022.0,2,TOTAL,38.0,709637.0,5.354850437618106,3.7894108741787913,7.349950597172866,6.555430683604732,4.634203663188292,9.022636482675795,1.1371318910159265,0.0,2022,Antofagasta
05990027,2022.0,3,HOMBRE,63.0,160468.0,39.26016402024079,30.16858800227288,50.230804451286545,47.415398702707016,36.40662916647042,60.81471304308619,35.88619953580545,0.0,2022,Atacama
05990027,2022.0,3,MUJER,19.0,157536.0,12.060735323989437,7.261350525826942,18.834332198091605,14.409078526167395,8.66261963791077,22.698418196792304,10.98294205839082,0.0,2022,Atacama
05990027,2022.0,3,TOTAL,82.0,318004.0,25.785839171834315,20.50824312521363,32.0070254261167,31.238798801932656,24.827876804406472,38.8565014935107,11.969149149235985,0.0,2022,Atacama
05990027,2022.0,4,HOMBRE,45.0,420466.0,10.702411134312882,7.8064121208931185,14.320668138912257,12.952990298479515,9.44520010968193,17.41295439986532,3.7349327452126793,0.0,2022,Coquimbo
05990027,2022.0,4,MUJER,17.0,438303.0,3.8785954008984653,2.2594247517373356,6.210006962285591,4.943370428954206,2.8792429093459324,8.022004760858755,1.4382012653884935,0.0,2022,Coquimbo
05990027,2022.0,4,TOTAL,62.0,858769.0,7.219636479658674,5.535253890880153,9.255248137246017,9.012420500418662,6.9082849104741335,11.594800171055697,1.3120485441329515,0.0,2022,Coquimbo
05990027,2022.0,5,HOMBRE,103.0,975818.0,10.555246982531578,8.61553469446335,12.8013067443961,14.249915575073333,11.624627410369593,17.316612739728455,1.9819769826057665,0.0,2022,Valparaíso
05990027,2022.0,5,MUJER,51.0,1019720.0,5.001372925901228,3.723850649030201,6.575881749559073,6.620661573638465,4.867538024712645,8.835186202058333,0.9292484694018287,0.0,2022,Valparaíso
05990027,2022.0,5,TOTAL,154.0,1995538.0,7.717217111375478,6.546507022587778,9.0368749171589,10.53383323559273,8.915583516469642,12.374497867478128,0.7397283994998917,0.0,2022,Valparaíso
05990027,2022.0,6,HOMBRE,18.0,504711.0,3.56639740366269,2.1136731278691228,5.6364454643405795,4.558236442740312,2.6952464857440326,7.286821542357924,1.1633540472047381,0.0,2022,O'Higgins
05990027,2022.0,6,MUJER,4.0,504841.0,0.7923286737804576,0.21588289652114723,2.0286760931468906,1.1623092207060666,0.3146168408395379,3.0282071455167716,0.34032868925639675,0.0,2022,O'Higgins
05990027,2022.0,6,TOTAL,22.0,1009552.0,2.1791844303215684,1.3656832805273635,3.299311416066258,2.896070274242376,1.810419010987773,4.42368048782696,0.384893526548136,0.0,2022,O'Higgins
05990027,2022.0,7,HOMBRE,30.0,565612.0,5.303989307157557,3.5785793125713234,7.571774537104528,6.805421553523012,4.587916867640454,9.766515541026417,1.5495066712056835,0.0,2022,Maule
05990027,2022.0,7,MUJER,6.0,587431.0,1.0213965555103492,0.3748345343522645,2.2231502972295787,1.389574612824273,0.5098108336655913,3.096581611063038,0.3219592271505858,0.0,2022,Maule
05990027,2022.0,7,TOTAL,36.0,1153043.0,3.122173240720424,2.1867317539168294,4.322403803608035,4.14755541598204,2.903134247348458,5.767495556794572,0.4793344880935708,0.0,2022,Maule
05990027,2022.0,8,HOMBRE,88.0,815898.0,10.78566193323185,8.650416261725953,13.288237162299,13.627817580693643,10.92578564240561,16.83572551183262,2.1172660225916524,0.0,2022,Biobío
05990027,2022.0,8,MUJER,25.0,860371.0,2.905723228700177,1.8804308661995033,4.289420691484297,3.9107884574807854,2.5224661158093404,5.841622160227954,0.6202042990901718,0.0,2022,Biobío
05990027,2022.0,8,TOTAL,113.0,1676269.0,6.741161472293528,5.5556711638287,8.104735291952567,8.86136094622716,7.299063284304914,10.679361021277568,0.6986128533816999,0.0,2022,Biobío
05990027,2022.0,9,HOMBRE,24.0,499978.0,4.8002112092932085,3.075585896716748,7.142333781437026,5.950283727427172,3.8086706366494893,8.921487910465158,1.4811726262896028,0.0,2022,La Araucanía
05990027,2022.0,9,MUJER,5.0,524051.0,0.9541056118583878,0.3097954951175402,2.226564223581802,1.1938762246757226,0.3851327366806893,2.9202496638167594,0.28765127255463635,0.0,2022,La Araucanía
05990027,2022.0,9,TOTAL,29.0,1024029.0,2.8319510482613284,1.8966020627880593,4.06715409803693,3.6035515099929816,2.41040954670487,5.213160000681098,0.4502584833187645,0.0,2022,La Araucanía
05990027,2022.0,10,HOMBRE,18.0,448889.0,4.009899997549506,2.376520872732352,6.33737076816941,5.261636600642484,3.1117912011018247,8.397139969942874,1.5490457368152317,0.0,2022,Los Lagos
05990027,2022.0,10,MUJER,9.0,453621.0,1.9840351306487134,0.9072272001028026,3.7663166942048902,2.7364787858871544,1.2418383282768857,5.297213350537383,0.8455498963354406,0.0,2022,Los Lagos
05990027,2022.0,10,TOTAL,27.0,902510.0,2.9916566021429127,1.9715205517683765,4.352703288070175,4.023560372654629,2.645482561398579,5.89673078366787,0.6055668225329427,0.0,2022,Los Lagos
05990027,2022.0,11,HOMBRE,16.0,54524.0,29.344875651089428,16.77313193023535,47.65423959643632,35.75389358674445,20.29940776163481,59.36919631181622,81.5870756690694,0.0,2022,Aysén
05990027,2022.0,11,MUJER,3.0,53523.0,5.605066980550418,1.1558995626097217,16.3803842642272,7.4633513296020615,1.522457620537836,23.391351567012663,18.752694606239395,0.0,2022,Aysén
05990027,2022.0,11,TOTAL,19.0,108047.0,17.58493988727128,10.58728253849411,27.461061918966365,22.143191614276972,13.25335229476235,35.238966462897565,26.339534474581434,0.0,2022,Aysén
05990027,2022.0,12,HOMBRE,2.0,92124.0,2.1709869306586773,0.2629165891016076,7.84235125235982,3.067700043079568,0.37025395533824945,11.716429615686495,4.715553237301982,0.0,2022,Magallanes
05990027,2022.0,12,MUJER,0.0,89019.0,0.0,0.0,4.143923717536633,0.0,0.0,6.828011860101726,0.0,0.0,2022,Magallanes
05990027,2022.0,12,TOTAL,2.0,181143.0,1.1041000756308552,0.1337116413794433,3.988389100171666,1.5649988605882614,0.18900858069202484,5.970820990777213,1.2267516841322252,0.0,2022,Magallanes
05990027,2022.0,13,HOMBRE,151.0,4107724.0,3.676001600886525,3.113067860961372,4.311312863431926,4.964576343627173,4.201785746496229,5.826919608525202,0.16436052688708247,0.0,2022,Metropolitana
05990027,2022.0,13,MUJER,35.0,4203260.0,0.832687009606829,0.5799970119031361,1.1580660575144786,1.1584636771707555,0.8042271721456629,1.6178398365399929,0.03899380672382369,0.0,2022,Metropolitana
05990027,2022.0,13,TOTAL,186.0,8310984.0,2.2380021427065677,1.927918961382561,2.5837654225049027,3.0898115814901046,2.6599676242335355,3.570011806046581,0.051762058692973546,0.0,2022,Metropolitana
05990027,2022.0,14,HOMBRE,13.0,200335.0,6.489130706067337,3.4551888042547736,11.096611135427596,8.619438152480246,4.586554438074121,14.942495345663463,5.724987654440931,0.0,2022,Los Ríos
05990027,2022.0,14,MUJER,4.0,209224.0,1.911826559094559,0.5209083917840807,4.895035309239711,2.672570010220166,0.6988592013023316,7.220563860204765,1.8716106643523214,0.0,2022,Los Ríos
05990027,2022.0,14,TOTAL,17.0,409559.0,4.150806110963256,2.4179975216287017,6.645842678565631,5.706342935037865,3.3130255179653543,9.25144604191645,1.9363973074280705,0.0,2022,Los Ríos
05990027,2022.0,15,HOMBRE,6.0,129821.0,4.621748407422528,1.6961002098973592,10.059600544225267,5.5469413606451425,2.034081475334251,12.404388786155687,5.134323154341292,0.0,2022,Arica y Parinacota
05990027,2022.0,15,MUJER,3.0,127901.0,2.3455641472701543,0.48371171679314573,6.854733793904913,3.009159570784458,0.6204753192827192,9.09772616180195,3.0187295122954834,0.0,2022,Arica y Parinacota
05990027,2022.0,15,TOTAL,9.0,257722.0,3.492134936093931,1.59682646315733,6.629159889888782,4.284394056104399,1.9583060909571215,8.278578375756634,2.041320623138297,0.0,2022,Arica y Parinacota
05990027,2022.0,16,HOMBRE,24.0,249724.0,9.610610113565377,6.157699241837574,14.299826045455468,12.489054843613879,7.988801480422834,18.774129728563768,6.542314437163368,0.0,2022,Ñuble
05990027,2022.0,16,MUJER,6.0,267336.0,2.244366639734267,0.8236430011262421,4.885041304769535,3.1064430138087737,1.113673290830541,7.106105291257893,1.6686278846703573,0.0,2022,Ñuble
05990027,2022.0,16,TOTAL,30.0,517060.0,5.802034580126097,3.914608366808671,8.282765132635992,7.943675895364899,5.346936231288107,11.443894509888292,2.1263879696632815,0.0,2022,Ñuble
05990027,2023.0,1,HOMBRE,23.0,202347.0,11.366612798806011,7.205457475052596,17.055500153119656,12.969474007755487,8.215085776987301,19.535605119544957,7.335948812364617,0.0,2023,Tarapacá
05990027,2023.0,1,MUJER,3.0,199241.0,1.50571418533334,0.31051446383806613,4.4003358092673315,1.6780553653032395,0.33705043918023264,5.113822693397962,0.9613554053631315,0.0,2023,Tarapacá
05990027,2023.0,1,TOTAL,26.0,401588.0,6.47429704074823,4.229225777562164,9.486345230217287,7.4300969257669935,4.847234284049068,10.93355992162001,2.1351244272610193,0.0,2023,Tarapacá
05990027,2023.0,2,HOMBRE,74.0,359072.0,20.60868015328402,16.182246525304386,25.87231070701604,25.207890668871677,19.772935785034402,31.770556149047213,8.65708527364069,0.0,2023,Antofagasta
05990027,2023.0,2,MUJER,21.0,355070.0,5.914326752471344,3.661061476350068,9.040676693312136,7.653943561856739,4.728396478191331,11.738574109379309,2.81054832114276,0.0,2023,Antofagasta
05990027,2023.0,2,TOTAL,95.0,714142.0,13.3026764985115,10.76265967599303,16.261832187933983,16.676739809195936,13.47997010901524,20.4131037429625,2.9518816359481943,0.0,2023,Antofagasta
05990027,2023.0,3,HOMBRE,123.0,160922.0,76.43454592908365,63.52458053636752,91.19723829752249,92.2871109896718,76.68086278438903,110.24677614465689,69.41809024243483,0.0,2023,Atacama
05990027,2023.0,3,MUJER,25.0,158126.0,15.810176694534738,10.231512747953738,23.338939641507636,19.25596902658414,12.448849995455364,28.60071309088772,14.893858498572115,0.0,2023,Atacama
05990027,2023.0,3,TOTAL,148.0,319048.0,46.388004312830674,39.21567184692713,54.4924386005504,56.46104298789148,47.71960261450131,66.39685149613605,21.599633796085737,0.0,2023,Atacama
05990027,2023.0,4,HOMBRE,124.0,425400.0,29.14903620122238,24.24466020476436,34.754187609166216,36.06325464142512,29.986055023930682,43.073366899681304,10.522839149719095,0.0,2023,Coquimbo
05990027,2023.0,4,MUJER,31.0,443703.0,6.9866554880178855,4.747093433928067,9.916999773102447,9.318071100986751,6.326861359484972,13.312301269630302,2.8098632806280484,0.0,2023,Coquimbo
05990027,2023.0,4,TOTAL,155.0,869103.0,17.834479917800305,15.137348756105865,20.873579711559554,22.905527149626646,19.435933205257356,26.847713897868164,3.3962745963933,0.0,2023,Coquimbo
05990027,2023.0,5,HOMBRE,146.0,983195.0,14.849546631136244,12.53856686729145,17.46304905642581,20.18251816924895,17.03141976130523,23.772426709153034,2.808866947006162,0.0,2023,Valparaíso
05990027,2023.0,5,MUJER,55.0,1027654.0,5.3519959052365875,4.0318557580117895,6.966358324490477,7.848425154154223,5.902551149299889,10.26057046910501,1.132426220977675,0.0,2023,Valparaíso
05990027,2023.0,5,TOTAL,201.0,2010849.0,9.995777902766443,8.66159743467538,11.477293927036074,14.130367333141788,12.236844599958305,16.246530223902457,1.0015631578880697,0.0,2023,Valparaíso
05990027,2023.0,6,HOMBRE,39.0,508672.0,7.667023150478108,5.452002958573792,10.481073042320562,9.69595162558958,6.8844132775294575,13.341466116524899,2.430151235623658,0.0,2023,O'Higgins
05990027,2023.0,6,MUJER,12.0,509029.0,2.357429537413389,1.2181182425209993,4.117954978631269,2.991162217190258,1.5239409613780668,5.371501757123205,0.7730557653649872,0.0,2023,O'Higgins
05990027,2023.0,6,TOTAL,51.0,1017701.0,5.011295066036095,3.7312383340775694,6.588927531426596,6.418257017415936,4.767732262948037,8.490421651649953,0.8195949242503138,0.0,2023,O'Higgins
05990027,2023.0,7,HOMBRE,36.0,569896.0,6.316942038547384,4.424308543543949,8.745310458265402,8.103675059562557,5.672241102901517,11.272588285690519,1.8299108346064898,0.0,2023,Maule
05990027,2023.0,7,MUJER,8.0,592745.0,1.3496528861483437,0.5826843207025789,2.6593542282420457,1.6083807375336967,0.683549732051194,3.3181494534614084,0.33340972568415145,0.0,2023,Maule
05990027,2023.0,7,TOTAL,44.0,1162641.0,3.7844872148840443,2.7498142038810203,5.080497443347322,4.925981983380364,3.573556262281637,6.648094206471301,0.5565594322017526,0.0,2023,Maule
05990027,2023.0,8,HOMBRE,192.0,818002.0,23.471825252260995,20.269038129251236,27.0369906311929,30.397809710866046,26.235439703272636,35.067153066314894,4.8476886940025645,0.0,2023,Biobío
05990027,2023.0,8,MUJER,78.0,863428.0,9.03375846046225,7.140811185764224,11.27453940002754,12.511868050720578,9.87188892819182,15.682747991314523,2.0368219846209397,0.0,2023,Biobío
05990027,2023.0,8,TOTAL,270.0,1681430.0,16.05776035874226,14.19933409584794,18.09183506796919,21.623870560451074,19.109920690587614,24.3940498295672,1.7480524414595437,0.0,2023,Biobío
05990027,2023.0,9,HOMBRE,53.0,501761.0,10.562797826056629,7.912260405323943,13.816399626356821,13.022480409140517,9.745341499956856,17.107535265956553,3.2196209091807435,0.0,2023,La Araucanía
05990027,2023.0,9,MUJER,14.0,526440.0,2.6593723881164046,1.4539036312401403,4.461974987051816,3.336348428104106,1.808111095797947,5.731078065689452,0.8151882708733494,0.0,2023,La Araucanía
05990027,2023.0,9,TOTAL,67.0,1028201.0,6.516235638751567,5.0499931166377525,8.275388919850919,8.260719784717505,6.3929007633250485,10.535132724163956,1.029135580704681,0.0,2023,La Araucanía
05990027,2023.0,10,HOMBRE,46.0,451199.0,10.195058056422997,7.464063840782421,13.598778745206882,13.379772653450024,9.780107757009155,17.93402744606556,3.928574905051514,0.0,2023,Los Lagos
05990027,2023.0,10,MUJER,19.0,456230.0,4.164566117966815,2.507340850966997,6.5034858671252636,5.307238468009702,3.177933767666664,8.431012776262643,1.5107988798831082,0.0,2023,Los Lagos
05990027,2023.0,10,TOTAL,65.0,907429.0,7.163094853702053,5.528325381846322,9.129952405738804,9.414989566325875,7.2533739989962065,12.053641501302808,1.3813512529140963,0.0,2023,Los Lagos
05990027,2023.0,11,HOMBRE,39.0,54592.0,71.4390386869871,50.800140111072096,97.65951763231398,88.2761957876828,62.65562000274808,121.78804199410392,201.8363925521782,0.0,2023,Aysén
05990027,2023.0,11,MUJER,17.0,53714.0,31.649104516513386,18.436769686873614,50.6732822279231,41.95217742451958,24.384576940020683,68.46003057361067,104.27700744757503,0.0,2023,Aysén
05990027,2023.0,11,TOTAL,56.0,108306.0,51.70535335069156,39.05766825718816,67.14370211030317,65.53915891388698,49.4442972730868,85.67940221137465,77.35749084300784,0.0,2023,Aysén
05990027,2023.0,12,HOMBRE,0.0,92686.0,0.0,0.0,3.979974811852853,0.0,0.0,6.585776406084814,0.0,0.0,2023,Magallanes
05990027,2023.0,12,MUJER,0.0,89531.0,0.0,0.0,4.120225904004127,0.0,0.0,6.820884499078656,0.0,0.0,2023,Magallanes
05990027,2023.0,12,TOTAL,0.0,182217.0,0.0,0.0,2.0244430838582215,0.0,0.0,3.3506344734475197,0.0,0.0,2023,Magallanes
05990027,2023.0,13,HOMBRE,317.0,4138275.0,7.660196579492663,6.840058320483079,8.551593745259275,10.535011827621016,9.404732315541219,11.764255868688492,0.3516180268485512,0.0,2023,Metropolitana
05990027,2023.0,13,MUJER,126.0,4229515.0,2.97906497553502,2.481640682488862,3.546956390215877,4.324166270183135,3.6010125543356835,5.150580045434355,0.14888913721380545,0.0,2023,Metropolitana
05990027,2023.0,13,TOTAL,443.0,8367790.0,5.294109914326244,4.812533486554901,5.810827542203313,7.474173217061095,6.792950241639902,8.20545740050857,0.12661121254244653,0.0,2023,Metropolitana
05990027,2023.0,14,HOMBRE,48.0,200948.0,23.886776678543704,17.612223472482054,31.670400393199866,33.503063567035916,24.675222084239877,44.57045649960598,23.542222304209353,0.0,2023,Los Ríos
05990027,2023.0,14,MUJER,14.0,210257.0,6.658517909035133,3.640273701375267,11.171861636870867,9.977908450381271,5.4251726332635855,16.948394840156535,7.223785630274369,0.0,2023,Los Ríos
05990027,2023.0,14,TOTAL,62.0,411205.0,15.07763767463917,11.559938348554269,19.328851029473437,21.93433742757595,16.796762279511924,28.202215915530324,7.825727841579695,0.0,2023,Los Ríos
05990027,2023.0,15,HOMBRE,9.0,130999.0,6.870281452530172,3.1415301623511125,13.04193425248984,8.307744317687284,3.7871378090261225,16.096657967504125,7.719289340568165,0.0,2023,Arica y Parinacota
05990027,2023.0,15,MUJER,6.0,128803.0,4.6582765929365,1.7095054101929696,10.139107025860177,6.046760231804895,2.2125466462720667,13.420937904928332,6.122475367480222,0.0,2023,Arica y Parinacota
05990027,2023.0,15,TOTAL,15.0,259802.0,5.773627608717407,3.2314555441387345,9.52272071480814,7.2449308570789634,4.049447279514879,12.07666319567518,3.5135191151640317,0.0,2023,Arica y Parinacota
05990027,2023.0,16,HOMBRE,81.0,250500.0,32.33532934131737,25.678918959738663,40.189861948155304,41.57770138795536,32.99317974796659,51.86852400130066,21.47750327718541,0.0,2023,Ñuble
05990027,2023.0,16,MUJER,35.0,268937.0,13.014200351755244,9.064867386235349,18.099602274541276,19.20993886938159,13.344251467754798,26.931544082575545,10.688514013517738,0.0,2023,Ñuble
05990027,2023.0,16,TOTAL,116.0,519437.0,22.331870852480666,18.45325698812627,26.78495187641561,30.754248416788492,25.39172391073274,36.98688080026465,8.221531839015155,0.0,2023,Ñuble
05990027,2024.0,1,HOMBRE,24.0,204628.0,11.728600191567136,7.514735449052164,17.451227394957293,13.686498843214416,8.760577431065096,20.412212037884643,7.836036089293534,0.0,2024,Tarapacá
05990027,2024.0,1,MUJER,5.0,201659.0,2.479433102415464,0.8050651793961194,5.786169761489778,2.7218243986180477,0.8703541743121005,6.544556692361234,1.51325169965472,0.0,2024,Tarapacá
05990027,2024.0,1,TOTAL,29.0,406287.0,7.137811448557301,4.780304350754008,10.251087885801564,8.313909164424478,5.55876806978246,11.97849327968757,2.401341623540226,0.0,2024,Tarapacá
05990027,2024.0,2,HOMBRE,44.0,361009.0,12.188061793473294,8.855864357438271,16.3619040744989,15.65837898447403,11.36831265761111,21.11042163192253,5.598211713377393,0.0,2024,Antofagasta
05990027,2024.0,2,MUJER,15.0,357223.0,4.1990577314450634,2.35018073662203,6.92570715533038,5.533164904662393,3.086799113215031,9.180198122678295,2.0610826087664047,0.0,2024,Antofagasta
05990027,2024.0,2,TOTAL,59.0,718232.0,8.214615890130208,6.253346220816315,10.596255995635918,10.746596965654886,8.173622122529975,13.882322864405545,1.9692576419230488,0.0,2024,Antofagasta
05990027,2024.0,3,HOMBRE,87.0,161331.0,53.92639976198003,43.192835559080216,66.51801487781259,64.49867847146652,51.586229725424204,79.78258747171286,48.407899457601104,0.0,2024,Atacama
05990027,2024.0,3,MUJER,71.0,158661.0,44.74949735599801,34.949728701129466,56.445401899080814,50.324067016349844,39.118173593586235,63.930361467758075,36.96317050081354,0.0,2024,Atacama
05990027,2024.0,3,TOTAL,158.0,319992.0,49.376234405860146,41.9773053215728,57.70372663012575,57.408043417245096,48.70671499871384,67.28645002284141,21.361928152179747,0.0,2024,Atacama
05990027,2024.0,4,HOMBRE,132.0,430248.0,30.679979918558598,25.66968548796565,36.38254179265377,38.43349377225377,32.138589057574364,45.66087999794299,11.25923107378379,0.0,2024,Coquimbo
05990027,2024.0,4,MUJER,70.0,449019.0,15.589540754400147,12.152811820423075,19.69644688354812,21.829902835019322,16.989598917272748,27.67135398299508,6.892340120837995,0.0,2024,Coquimbo
05990027,2024.0,4,TOTAL,202.0,879267.0,22.973681486965848,19.914608449107146,26.369686084154203,30.262999613213825,26.216455284809516,34.78451387248083,4.573353391712977,0.0,2024,Coquimbo
05990027,2024.0,5,HOMBRE,253.0,990348.0,25.546575547181394,22.495380445611918,28.896184870420065,34.88458005923715,30.704856587616383,39.4987702692236,4.84162656682385,0.0,2024,Valparaíso
05990027,2024.0,5,MUJER,119.0,1035345.0,11.493753289966147,9.521621602193692,13.75398943059439,16.515994908309587,13.662710289636097,19.82127084179925,2.325382759501356,0.0,2024,Valparaíso
05990027,2024.0,5,TOTAL,372.0,2025693.0,18.36408577212835,16.545126253568355,20.32841418084147,25.887277964692768,23.311835309497145,28.682420776984372,1.8178431261672159,0.0,2024,Valparaíso
05990027,2024.0,6,HOMBRE,111.0,512497.0,21.658663367785568,17.81733900299523,26.08261753541888,28.49821131256016,23.42155550314982,34.401701192266074,7.384720527518899,0.0,2024,O'Higgins
05990027,2024.0,6,MUJER,38.0,513089.0,7.406122524552271,5.241013088410812,10.165481801258574,10.186870898365694,7.187732626463739,14.075808858602585,2.7735694871780883,0.0,2024,O'Higgins
05990027,2024.0,6,TOTAL,149.0,1025586.0,14.528279442192074,12.289203839244687,17.057295479360835,19.54348527939149,16.51549190071754,22.991814688244794,2.5919023288802765,0.0,2024,O'Higgins
05990027,2024.0,7,HOMBRE,118.0,574048.0,20.555772339595297,17.01455608943624,24.616673993091624,26.30532011942637,21.757648392286686,31.56752217957439,5.907631558940125,0.0,2024,Maule
05990027,2024.0,7,MUJER,45.0,597934.0,7.525914231336569,5.489453482865075,10.07026536322718,10.352677793512845,7.54590680027865,13.91416804678971,2.391755936249953,0.0,2024,Maule
05990027,2024.0,7,TOTAL,163.0,1171982.0,13.908063434421347,11.854878461361842,16.214678301930537,18.454676218211855,15.72115497652281,21.54915191822418,2.1040558982145168,0.0,2024,Maule
05990027,2024.0,8,HOMBRE,241.0,819922.0,29.39303982573952,25.798931419043424,33.34777092141529,38.01053609013883,33.34635430872719,43.18002871531225,6.038712918981875,0.0,2024,Biobío
05990027,2024.0,8,MUJER,108.0,866303.0,12.466769709905195,10.226732830058731,15.051628620736492,17.284779528267162,14.162392933172747,20.933763096526178,2.797656604874722,0.0,2024,Biobío
05990027,2024.0,8,TOTAL,349.0,1686225.0,20.69711930495634,18.582396082245648,22.98657298356932,27.84362122451001,24.986865684266533,30.955677999615762,2.2404436870477253,0.0,2024,Biobío
05990027,2024.0,9,HOMBRE,103.0,503438.0,20.459321703963546,16.699561484198327,24.81287774205188,25.47584565887591,20.781595968788086,30.969892447707554,6.3370187636338615,0.0,2024,La Araucanía
05990027,2024.0,9,MUJER,32.0,528726.0,6.052284169872486,4.139757891854111,8.544019412591867,7.874507189378219,5.3752350845570085,11.216315132391525,1.9566808372008364,0.0,2024,La Araucanía
05990027,2024.0,9,TOTAL,135.0,1032164.0,13.079316852748207,10.966154761981855,15.480954430167397,16.817477256994867,14.09135262455403,19.9465969303033,2.109584481038851,0.0,2024,La Araucanía
05990027,2024.0,10,HOMBRE,71.0,453413.0,15.659012864650991,12.22981896295409,19.75171402388123,21.148665010970976,16.50972134443537,26.742337643690284,6.321504362550252,0.0,2024,Los Lagos
05990027,2024.0,10,MUJER,36.0,458758.0,7.847274597936167,5.496134654287277,10.863935776430317,10.623527850958887,7.430333256927376,14.806377600718664,3.157290474956094,0.0,2024,Los Lagos
05990027,2024.0,10,TOTAL,107.0,912171.0,11.730256717216399,9.613228462320748,14.174814511851874,15.987920820006611,13.095433986175074,19.35899565421246,2.4012316608425404,0.0,2024,Los Lagos
05990027,2024.0,11,HOMBRE,37.0,54651.0,67.70232932608735,47.66868779547681,93.3187428261712,81.48360550890139,57.32994929745454,113.48769990769233,180.13714336657753,0.0,2024,Aysén
05990027,2024.0,11,MUJER,11.0,53887.0,20.41308664427413,10.190139304909977,36.52465068254301,26.695144051348112,13.1844513033582,49.580708829598166,66.48859794881758,0.0,2024,Aysén
05990027,2024.0,11,TOTAL,48.0,108538.0,44.2241426965671,32.60739171855317,58.63479719741221,55.2332512776312,40.67556059885843,73.87161675830383,64.02421819554304,0.0,2024,Aysén
05990027,2024.0,12,HOMBRE,15.0,93226.0,16.089931993220777,9.005412795554154,26.537895942640297,22.43413928695614,12.496824275410614,37.56039828034032,34.03216617607923,0.0,2024,Magallanes
05990027,2024.0,12,MUJER,3.0,90009.0,3.3330000333300003,0.6873447354104605,9.740440477888125,4.951174780492941,1.0197626071356138,14.920629636603955,8.1808413946178,0.0,2024,Magallanes
05990027,2024.0,12,TOTAL,18.0,183235.0,9.823450759953065,5.821999498130558,15.525287345500578,14.051054201408677,8.304569251246914,22.43861198937834,11.070973211240274,0.0,2024,Magallanes
05990027,2024.0,13,HOMBRE,854.0,4166844.0,20.495127727363922,19.143418449036314,21.91709819966201,28.31068222633127,26.438532509094244,30.28125273262351,0.9436220843973812,0.0,2024,Metropolitana
05990027,2024.0,13,MUJER,352.0,4253885.0,8.274788810698926,7.432827540186048,9.18600743647161,11.719055570686217,10.519060459238398,13.020136295542397,0.3952744977983612,0.0,2024,Metropolitana
05990027,2024.0,13,TOTAL,1206.0,8420729.0,14.321800404691803,13.524807378550587,15.153498363694066,20.128465954670745,19.00396585072473,21.30267749881676,0.3386155734910078,0.0,2024,Metropolitana
05990027,2024.0,14,HOMBRE,93.0,201540.0,46.1446859184281,37.244717040413484,56.530357757930254,64.45816674179333,51.98288936971527,79.13169092345342,45.004749482609355,0.0,2024,Los Ríos
05990027,2024.0,14,MUJER,23.0,211246.0,10.887780123647312,6.901918633746758,16.337016035727554,16.13633326969548,10.198244302917653,24.421051985658647,11.455578125711547,0.0,2024,Los Ríos
05990027,2024.0,14,TOTAL,116.0,412786.0,28.10172825628776,23.221001802729127,33.70534622741492,40.646577709941766,33.55898321804061,48.844136946784225,14.361935888076337,0.0,2024,Los Ríos
05990027,2024.0,15,HOMBRE,26.0,132125.0,19.678334910122988,12.854541695815584,28.83332002507095,25.172268511543997,16.423685043853872,37.095170789836864,24.49474991572029,0.0,2024,Arica y Parinacota
05990027,2024.0,15,MUJER,6.0,129654.0,4.627701420704336,1.6982848608533871,10.072557747943515,6.025044124393082,2.2067869026425635,13.375334936206887,6.068994602585975,0.0,2024,Arica y Parinacota
05990027,2024.0,15,TOTAL,32.0,261779.0,12.22405158549769,8.361242235352936,17.256713517669663,15.785194904540885,10.786783491111848,22.388002878783126,7.822299951201395,0.0,2024,Arica y Parinacota
05990027,2024.0,16,HOMBRE,122.0,251232.0,48.56069290536237,40.32672046613723,57.98153493649975,63.940584208922864,53.05913901439517,76.53602877742618,33.769271988506475,0.0,2024,Ñuble
05990027,2024.0,16,MUJER,51.0,270479.0,18.855437945274865,14.039112033943768,24.79141869668395,27.85363548521271,20.69708025912803,36.84200080410559,15.406347219565578,0.0,2024,Ñuble
05990027,2024.0,16,TOTAL,173.0,521711.0,33.16012121653559,28.40279695470713,38.4863343896022,46.42365864586285,39.73482462553893,53.98383090623155,12.569378797923097,0.0,2024,Ñuble
05990027,,1,HOMBRE,55.0,804225.0,6.8388821536261615,5.151981966668342,8.901745155393002,7.768846500104716,5.850190729806038,10.130246463732073,1.1002904612163538,0.0,2021-2024,Tarapacá
05990027,,1,MUJER,13.0,791512.0,1.6424261413598278,0.8745227477288785,2.808598722212534,1.7605594150307673,0.9323579373749621,3.060683224089959,0.24197556603836004,0.0,2021-2024,Tarapacá
05990027,,1,TOTAL,68.0,1595737.0,4.261353844649839,3.309108001670855,5.402281400758993,4.823743813557403,3.743019332578878,6.128151044155493,0.34409233450032023,0.0,2021-2024,Tarapacá
05990027,,2,HOMBRE,186.0,1431051.0,12.997440342797008,11.19659861273084,15.005498117251927,15.884820797694706,13.678921542056672,18.36765023663359,1.3630138795735582,0.0,2021-2024,Antofagasta
05990027,,2,MUJER,62.0,1414706.0,4.3825360180843225,3.360065235191805,5.618213386791761,5.494182420480631,4.206023013751024,7.058979408086324,0.49205240201393813,0.0,2021-2024,Antofagasta
05990027,,2,TOTAL,248.0,2845757.0,8.71472862932429,7.663769078284865,9.869560197993078,10.836761649085881,9.525935973976337,12.280152549489873,0.4764989506520479,0.0,2021-2024,Antofagasta
05990027,,3,HOMBRE,282.0,642618.0,43.88299113937051,38.910169310694855,49.31520667491066,52.11522206989959,46.1921994583898,58.614892998493076,9.689554949511345,0.0,2021-2024,Atacama
05990027,,3,MUJER,118.0,631163.0,18.69564597417783,15.474880330483085,22.38906981617468,21.55044807223295,17.79745608431297,25.899673445234367,4.026371792088623,0.0,2021-2024,Atacama
05990027,,3,TOTAL,400.0,1273781.0,31.40257234171337,28.40019568757451,34.635989082634765,37.0860690996629,33.52085437978155,40.94225668973291,3.4772399592969,0.0,2021-2024,Atacama
05990027,,4,HOMBRE,327.0,1691475.0,19.332239613355206,17.293435754130343,21.54533252734783,23.611475955464435,21.117422320307664,26.334398050482346,1.7104761317868444,0.0,2021-2024,Coquimbo
05990027,,4,MUJER,124.0,1763743.0,7.03050274331351,5.847608439045121,8.38241819184502,9.423813439889894,7.831465407513759,11.259963006585334,0.7226324500026226,0.0,2021-2024,Coquimbo
05990027,,4,TOTAL,451.0,3455218.0,13.05272199901714,11.87571405634957,14.314822486652202,16.63069352278615,15.127442154480928,18.250383638732703,0.6162837460959057,0.0,2021-2024,Coquimbo
05990027,,5,HOMBRE,572.0,3917369.0,14.601636966035112,13.429388465296448,15.84880900121132,19.58457491967776,18.007506376412046,21.268771849878714,0.6747226482038411,0.0,2021-2024,Valparaíso
05990027,,5,MUJER,241.0,4094084.0,5.886542630781391,5.166750718100782,6.678556431531122,8.308039238322394,7.278922768522158,9.449095730366391,0.2941733687640614,0.0,2021-2024,Valparaíso
05990027,,5,TOTAL,813.0,8011453.0,10.147971909714755,9.46230779872791,10.870189951590183,14.062144567866415,13.106494729481819,15.072181217110899,0.24611175734804586,0.0,2021-2024,Valparaíso
05990027,,6,HOMBRE,188.0,2026408.0,9.277499891433513,7.998667890120259,10.702649555202807,11.937183009373962,10.28559307737596,13.791505704321587,0.7638494491954829,0.0,2021-2024,O'Higgins
05990027,,6,MUJER,57.0,2027390.0,2.811496554683608,2.1294000346714124,3.6426198907443963,3.7294251618824372,2.815996408185809,4.859699679393701,0.24905603586836456,0.0,2021-2024,O'Higgins
05990027,,6,TOTAL,245.0,4053798.0,6.043715054376167,5.310564633440967,6.849792581690917,7.9234066947742425,6.957201026022746,8.992729843144632,0.25902882831525753,0.0,2021-2024,O'Higgins
05990027,,7,HOMBRE,198.0,2270678.0,8.719862525642121,7.547520119684109,10.022703651390405,11.092467410258074,9.597131430655928,12.764643454845121,0.6249007678159082,0.0,2021-2024,Maule
05990027,,7,MUJER,63.0,2360000.0,2.669491525423729,2.0513105845545443,3.415439291817394,3.5572073571608995,2.72999053697132,4.569375962171056,0.20266992182262333,0.0,2021-2024,Maule
05990027,,7,TOTAL,261.0,4630678.0,5.636323665778532,4.973209979961398,6.363238073292949,7.391931518559041,6.519476706341226,8.353733531836639,0.21074246321475942,0.0,2021-2024,Maule
05990027,,8,HOMBRE,560.0,3267368.0,17.139177466388848,15.748856025761649,18.619340716336087,21.912214081197817,20.129279694522193,23.819033640577665,0.8627590863282809,0.0,2021-2024,Biobío
05990027,,8,MUJER,223.0,3447146.0,6.469119671751646,5.647856176839523,7.3762301895104505,8.816741661421846,7.6904475609097185,10.071575579987796,0.35311538937945197,0.0,2021-2024,Biobío
05990027,,8,TOTAL,783.0,6714514.0,11.661305643267703,10.858704423401226,12.507530964725541,15.48783018798817,14.41762525750448,16.620738271759734,0.30883709798077996,0.0,2021-2024,Biobío
05990027,,9,HOMBRE,190.0,2003225.0,9.484705911717356,8.183954222497098,10.933450174749678,11.646347770126642,10.045393796954967,13.442852175312773,0.7173679797939515,0.0,2021-2024,La Araucanía
05990027,,9,MUJER,54.0,2100717.0,2.570550911902936,1.931076959559272,3.3540113396383573,3.267620794323588,2.450167123350552,4.289098359359767,0.20013727689073685,0.0,2021-2024,La Araucanía
05990027,,9,TOTAL,244.0,4103942.0,5.9455031284555195,5.222838357877795,6.740207007151567,7.523457913250032,6.605999491547957,8.539546638691636,0.2335514053577239,0.0,2021-2024,La Araucanía
05990027,,10,HOMBRE,152.0,1799919.0,8.444824461545213,7.155687256702918,9.899125369118817,11.09044021162658,9.392592759699383,13.019889661592607,0.8140397925056632,0.0,2021-2024,Los Lagos
05990027,,10,MUJER,73.0,1819494.0,4.012104464208181,3.144849442894516,5.044619008525532,5.247150219314911,4.106348051586187,6.62635116328939,0.38184238516512553,0.0,2021-2024,Los Lagos
05990027,,10,TOTAL,225.0,3619413.0,6.216477644303096,5.430682929099692,7.084025559711776,8.224149958050315,7.180369542542359,9.384295806831053,0.3031309682775924,0.0,2021-2024,Los Lagos
05990027,,11,HOMBRE,100.0,218196.0,45.830354360299914,37.28940551198149,55.74199059214027,55.40570653099854,45.02948189279486,67.66995573291932,31.017738194333248,0.0,2021-2024,Aysén
05990027,,11,MUJER,37.0,214432.0,17.25488733024922,12.14903305808183,23.783589269293216,22.243114601934504,15.621491998838005,30.989267370806225,13.55003637726399,0.0,2021-2024,Aysén
05990027,,11,TOTAL,137.0,432628.0,31.666928631526392,26.586474854562944,37.43548838449509,39.368377212705354,33.020521615300524,46.69105830518364,11.432563892188604,0.0,2021-2024,Aysén
05990027,,12,HOMBRE,19.0,369536.0,5.14158295808798,3.0955688117982363,8.02921868818886,7.023037820950384,4.2140439747346985,11.106250503118194,2.6267117274133067,0.0,2021-2024,Magallanes
05990027,,12,MUJER,3.0,357008.0,0.8403173038139201,0.17329363008548865,2.455763755922087,1.2189321847416572,0.25110452937790895,3.6888845223895204,0.4957508010493646,0.0,2021-2024,Magallanes
05990027,,12,TOTAL,22.0,726544.0,3.0280340901583385,1.8976528430803379,4.584480002191916,4.236709530348747,2.6495852336539434,6.473769020903714,0.8224272638590632,0.0,2021-2024,Magallanes
05990027,,13,HOMBRE,1426.0,16484107.0,8.650756756189462,8.207533987737701,9.111694519325795,11.77425546435468,11.16927712004881,12.403662203041677,0.09778159145965855,0.0,2021-2024,Metropolitana
05990027,,13,MUJER,538.0,16857855.0,3.191390600998763,2.9273796206610365,3.4728195154141717,4.4669011683906215,4.0949473455626375,4.863968905543345,0.03758699663425895,0.0,2021-2024,Metropolitana
05990027,,13,TOTAL,1964.0,33341962.0,5.8904751915919045,5.632815479148096,6.156881682929101,8.171121582324853,7.812285054490283,8.542313961135083,0.034268741065634524,0.0,2021-2024,Metropolitana
05990027,,14,HOMBRE,158.0,802510.0,19.68822818407247,16.737986921609355,23.008723744037084,26.82037400417923,22.788156524105556,31.389553489594835,4.584074693469119,0.0,2021-2024,Los Ríos
05990027,,14,MUJER,42.0,838858.0,5.00680687315374,3.608466001692503,6.767748388701144,7.290258052455864,5.238746052207718,9.913530807299377,1.2864863612622617,0.0,2021-2024,Los Ríos
05990027,,14,TOTAL,200.0,1641368.0,12.184957913155367,10.55466432155722,13.99576339160078,17.2085066949079,14.896379449127583,19.79244775479536,1.4936460647076037,0.0,2021-2024,Los Ríos
05990027,,15,HOMBRE,44.0,521456.0,8.43791230707864,6.130999999644137,11.327503428919742,10.360274394240585,7.522217089490422,13.965927729471526,2.4499175603362753,0.0,2021-2024,Arica y Parinacota
05990027,,15,MUJER,17.0,513227.0,3.312374446395065,1.929580179843869,5.30343236343891,4.236290152357961,2.466124653565299,6.838941637664378,1.0579853836693407,0.0,2021-2024,Arica y Parinacota
05990027,,15,TOTAL,61.0,1034683.0,5.895525489449426,4.509609857413578,7.5730491285578365,7.371130843708082,5.635914789060711,9.495153000154412,0.8933843266765553,0.0,2021-2024,Arica y Parinacota
05990027,,16,HOMBRE,238.0,1000315.0,23.792505360811344,20.865542547521592,27.01509639630969,30.663945427534003,26.87954468990598,34.86588685557795,3.977027957132529,0.0,2021-2024,Ñuble
05990027,,16,MUJER,95.0,1072401.0,8.858626577185213,7.167157906728,10.82921161240576,12.794870776356207,10.331053297551511,15.705159937996749,1.754366519227602,0.0,2021-2024,Ñuble
05990027,,16,TOTAL,333.0,2072716.0,16.065876849505674,14.38645620219754,17.887505766791826,22.003586679586594,19.693020606966716,24.52721650132883,1.4675574083295986,0.0,2021-2024,Ñuble
05225000,2017.0,1,HOMBRE,30.0,173093.0,17.33172340880336,11.693641003056689,24.74211284962862,19.200994151790173,12.9373785255699,27.64865131924782,12.365950162200408,0.0,2017,Tarapacá
05225000,2017.0,1,MUJER,9.0,169036.0,5.324309614519984,2.4346133944120387,10.107198142063918,6.156646068141981,2.8083979242952033,11.74284698847087,4.233405930808656,0.0,2017,Tarapacá
05225000,2017.0,1,TOTAL,39.0,342129.0,11.399209070262971,8.10595199162786,15.583094056871193,12.803852142683684,9.09478503284163,17.5446916229752,4.228545074213028,0.0,2017,Tarapacá
05225000,2017.0,2,HOMBRE,26.0,315354.0,8.244702778464836,5.385713583971137,12.080399831023229,9.347856120453958,6.1002486404765515,13.878655666083002,3.3750742580573583,0.0,2017,Antofagasta
05225000,2017.0,2,MUJER,6.0,308497.0,1.9449135647996576,0.7137490003114619,4.233258029257557,2.3165103348150273,0.8494268503032744,5.079610458928014,0.8955323160463867,0.0,2017,Antofagasta
05225000,2017.0,2,TOTAL,32.0,623851.0,5.1294299440090665,3.508526284527005,7.241224600011938,5.906847150532896,4.037055411841093,8.362392981589709,1.0945235346597686,0.0,2017,Antofagasta
05225000,2017.0,3,HOMBRE,5.0,154008.0,3.2465845930081554,1.0541571802233785,7.576445430966359,3.394133810615491,1.0945189141818377,8.119460798709403,2.3260663605643197,0.0,2017,Atacama
05225000,2017.0,3,MUJER,2.0,150572.0,1.3282682039157347,0.1608594416916591,4.7981614561299315,1.495772160033842,0.17887775248497004,5.577211384636608,1.1276337110050187,0.0,2017,Atacama
05225000,2017.0,3,TOTAL,7.0,304580.0,2.298246766038479,0.9240143973733881,4.735266715379335,2.457347767365388,0.9830497166862121,5.1494923966274735,0.870378269910647,0.0,2017,Atacama
05225000,2017.0,4,HOMBRE,28.0,388759.0,7.20240560347156,4.785946217542882,10.409481437926374,8.268825271348845,5.4917063049934995,11.982017997683126,2.447566685654931,0.0,2017,Coquimbo
05225000,2017.0,4,MUJER,16.0,404290.0,3.957555220262683,2.2620847544192344,6.426821736268752,4.776127541857383,2.722838578821259,7.807524190476556,1.437414524445527,0.0,2017,Coquimbo
05225000,2017.0,4,TOTAL,44.0,793049.0,5.548206983427254,4.03133568772476,7.448208910207028,6.553891305060611,4.758633493852226,8.817084906623409,0.9802994774325878,0.0,2017,Coquimbo
05225000,2017.0,5,HOMBRE,49.0,921681.0,5.316373018430455,3.9330820260837682,7.028527070962545,6.541811736835404,4.833184540638421,8.674976304239618,0.8806058332759772,0.0,2017,Valparaíso
05225000,2017.0,5,MUJER,17.0,964267.0,1.7629971781674578,1.027010824761948,2.822729266469413,2.1082048372663826,1.2041540506613542,3.459285055198174,0.2784098675778711,0.0,2017,Valparaíso
05225000,2017.0,5,TOTAL,66.0,1885948.0,3.4995662658779563,2.706564296504532,4.452306343680037,4.377552870595737,3.376022553514027,5.59259230465204,0.2963854371991407,0.0,2017,Valparaíso
05225000,2017.0,6,HOMBRE,18.0,477231.0,3.7717583308712133,2.235383028428482,5.961004265759765,4.559941198284032,2.701939108416517,7.246761006332322,1.1559947578043699,0.0,2017,O'Higgins
05225000,2017.0,6,MUJER,8.0,477048.0,1.6769800942462814,0.7240009761593176,3.3043193180127184,1.9300430810069396,0.8165629105398818,3.9249159892655348,0.4842761685305029,0.0,2017,O'Higgins
05225000,2017.0,6,TOTAL,26.0,954279.0,2.7245700680828144,1.7797796258323133,3.992126420378631,3.2772506539117736,2.134622995175641,4.834320338787129,0.4181723589431479,0.0,2017,O'Higgins
05225000,2017.0,7,HOMBRE,24.0,537574.0,4.464501631403304,2.860490435677035,6.642824540203435,5.458594335872955,3.4960847693497925,8.146095691314033,1.2434319041857076,0.0,2017,Maule
05225000,2017.0,7,MUJER,8.0,555001.0,1.4414388442543347,0.6223109826375991,2.8402091564147294,1.5018981384516337,0.6362448730313642,3.1016865729596526,0.29252671431044125,0.0,2017,Maule
05225000,2017.0,7,TOTAL,32.0,1092575.0,2.9288607189437794,2.0033385636029166,4.134677443600712,3.530330039298377,2.407239931462149,5.012620012110511,0.3953170191374191,0.0,2017,Maule
05225000,2017.0,8,HOMBRE,63.0,797987.0,7.894865455201651,6.066631385660073,10.100962457645362,9.321663223429669,7.153301992964444,11.962361284596497,1.3926197146207449,0.0,2017,Biobío
05225000,2017.0,8,MUJER,25.0,838222.0,2.982503441808972,1.9301189718033323,4.402763432304373,3.6567413635394908,2.3544106999754573,5.4545018153842895,0.5462125512192199,0.0,2017,Biobío
05225000,2017.0,8,TOTAL,88.0,1636209.0,5.378286025807217,4.313542663015349,6.626198807270605,6.529079535435223,5.227758990060675,8.067848835005375,0.4914000449649999,0.0,2017,Biobío
05225000,2017.0,9,HOMBRE,26.0,486792.0,5.341090239773867,3.4889774720201525,7.825934707868041,6.148936694565092,4.009182868429785,9.060529848533278,1.4657618490683604,0.0,2017,La Araucanía
05225000,2017.0,9,MUJER,12.0,508096.0,2.361758407859932,1.2203550330493091,4.125516644133581,2.9233478400761093,1.5063280091629119,5.164534888879015,0.7173307068456986,0.0,2017,La Araucanía
05225000,2017.0,9,TOTAL,38.0,994888.0,3.8195254139159385,2.70292350950018,5.242597048035519,4.543270076263418,3.209558596697801,6.264014828612622,0.548174764646935,0.0,2017,La Araucanía
05225000,2017.0,10,HOMBRE,12.0,433259.0,2.7697058803163928,1.4311474449976151,4.838118780723992,3.371622797842257,1.7395648212184296,5.943059933151872,0.9510000162306367,0.0,2017,Los Lagos
05225000,2017.0,10,MUJER,5.0,436968.0,1.1442485490928398,0.3715343892729949,2.670294410419681,1.4088204879265325,0.4573607306692772,3.371255030549588,0.39705090138271826,0.0,2017,Los Lagos
05225000,2017.0,10,TOTAL,17.0,870227.0,1.9535132787192306,1.1379934740713968,3.127763999037793,2.40526526000502,1.3997478790700164,3.879450970436448,0.3414267378609379,0.0,2017,Los Lagos
05225000,2017.0,11,HOMBRE,1.0,53476.0,1.8699977560026928,0.047344244117529126,10.418960638302973,2.3197747734338034,0.05873161228059662,13.659573302945484,5.381354999459853,0.0,2017,Aysén
05225000,2017.0,11,MUJER,0.0,51906.0,0.0,0.0,7.106845940958531,0.0,0.0,10.355989039919578,0.0,0.0,2017,Aysén
05225000,2017.0,11,TOTAL,1.0,105382.0,0.9489286595433756,0.024024793593108763,5.287092094417356,1.1793475479321252,0.029858494765288623,7.0408368917110575,1.3908606388135165,0.0,2017,Aysén
05225000,2017.0,12,HOMBRE,1.0,87126.0,1.147763009893717,0.029058843495959732,6.3949261884384665,1.3302492595776867,0.03367899532523165,8.426667238917442,1.7695630926069839,0.0,2017,Magallanes
05225000,2017.0,12,MUJER,0.0,84167.0,0.0,0.0,4.382809716532531,0.0,0.0,6.412568547710847,0.0,0.0,2017,Magallanes
05225000,2017.0,12,TOTAL,1.0,171293.0,0.5837950178933173,0.014780410165208079,3.252697653108357,0.7159073761065339,0.018125205482802033,4.386738342746666,0.5125233711637421,0.0,2017,Magallanes
05225000,2017.0,13,HOMBRE,217.0,3690365.0,5.880177164047459,5.123786642912919,6.716780737801701,7.33758969900965,6.38938799066225,8.389771118410371,0.25048060386235366,0.0,2017,Metropolitana
05225000,2017.0,13,MUJER,89.0,3818325.0,2.330864973515874,1.8718759702841103,2.8683299193692635,2.754573334616644,2.1996782735167666,3.413370355198457,0.08946405837045733,0.0,2017,Metropolitana
05225000,2017.0,13,TOTAL,306.0,7508690.0,4.075278111095278,3.631410898110816,4.558431179929648,5.086064697626964,4.526661043933022,5.697344596492257,0.08625663932950711,0.0,2017,Metropolitana
05225000,2017.0,14,HOMBRE,9.0,195813.0,4.596221905593602,2.1016853310956547,8.725060875130438,5.751674399618335,2.623995729215995,11.060140566441689,3.6938083545924485,0.0,2017,Los Ríos
05225000,2017.0,14,MUJER,2.0,202680.0,0.9867771857114663,0.1195032951174092,3.564578482200494,1.182517081865755,0.1406522776668476,4.653652050903981,0.7071874741453597,0.0,2017,Los Ríos
05225000,2017.0,14,TOTAL,11.0,398493.0,2.7603998062701227,1.377981637628977,4.939117754465437,3.5101748416109024,1.7470968933156148,6.363236956886375,1.1282405621259695,0.0,2017,Los Ríos
05225000,2017.0,15,HOMBRE,23.0,118312.0,19.440124416796266,12.323371286973998,29.16973163739353,22.61245434444854,14.32610137657057,33.9964554300116,22.281846903643537,0.0,2017,Arica y Parinacota
05225000,2017.0,15,MUJER,5.0,118770.0,4.209817293929444,1.366916216315922,9.824309235768856,5.211997809395795,1.691303300611136,12.213540316409336,5.4375309780648475,0.0,2017,Arica y Parinacota
05225000,2017.0,15,TOTAL,28.0,237082.0,11.810259741355312,7.847831828589911,17.06911361607722,14.091716409159934,9.359893722183308,20.397496375500484,7.105290851201095,0.0,2017,Arica y Parinacota
05225000,2017.0,16,HOMBRE,0.0,243387.0,0.0,0.0,1.5156435857765351,0.0,0.0,2.1568548158560046,0.0,0.0,2017,Ñuble
05225000,2017.0,16,MUJER,0.0,257130.0,0.0,0.0,1.434635963953617,0.0,0.0,2.249520569442768,0.0,0.0,2017,Ñuble
05225000,2017.0,16,TOTAL,0.0,500517.0,0.0,0.0,0.7370138185344225,0.0,0.0,1.1011066578116326,0.0,0.0,2017,Ñuble
05225000,2018.0,1,HOMBRE,56.0,179390.0,31.21690172250404,23.580912081292276,40.53774346818938,34.85486441850462,26.311563434152117,45.45921254998976,21.78966380507522,0.0,2018,Tarapacá
05225000,2018.0,1,MUJER,21.0,175550.0,11.962403873540302,7.404916538921212,18.28580503272196,13.643339312446292,8.427533850487462,20.94916081856523,8.933930467820039,0.0,2018,Tarapacá
05225000,2018.0,1,TOTAL,77.0,354940.0,21.693807404068295,17.120413550021556,27.11353707672364,24.441173185257885,19.275755864539548,30.58779196995771,7.799271621143964,0.0,2018,Tarapacá
05225000,2018.0,2,HOMBRE,10.0,325309.0,3.0740004119160553,1.4741026827208694,5.653196204844557,3.3128236338747183,1.5750001647135652,6.359747535519163,1.11926778619996,0.0,2018,Antofagasta
05225000,2018.0,2,MUJER,5.0,319713.0,1.5639026251669466,0.5077949254858015,3.6496270340344843,1.8964267580742193,0.6153171534852822,4.454086507154684,0.7200139692408188,0.0,2018,Antofagasta
05225000,2018.0,2,TOTAL,15.0,645022.0,2.3255020758981866,1.3015658586502963,3.8355620229210543,2.618537321209027,1.458442944377834,4.3587545360899345,0.46383738114304657,0.0,2018,Antofagasta
05225000,2018.0,3,HOMBRE,0.0,155595.0,0.0,0.0,2.3708213336636366,0.0,0.0,2.8326718181538726,0.0,0.0,2018,Atacama
05225000,2018.0,3,MUJER,2.0,152240.0,1.3137151865475565,0.159097003772967,4.745590953575907,1.3301689300628765,0.16051306175057192,5.213157017523979,0.8866930696194334,0.0,2018,Atacama
05225000,2018.0,3,TOTAL,2.0,307835.0,0.6496987022268423,0.0786815269686569,2.3469351008572645,0.65221973931753,0.0786793273990367,2.535868339418734,0.2132232148561463,0.0,2018,Atacama
05225000,2018.0,4,HOMBRE,31.0,395636.0,7.835485142909139,5.3238320019264815,11.121845712535954,8.934748869797708,6.06500647002569,12.733855636594063,2.5866111475285005,0.0,2018,Coquimbo
05225000,2018.0,4,MUJER,8.0,411577.0,1.9437432120842515,0.8391703561541343,3.8299490059437997,2.3518320891977686,1.0116724460711428,4.708537125443066,0.6963350955932965,0.0,2018,Coquimbo
05225000,2018.0,4,TOTAL,39.0,807213.0,4.831438542243497,3.4356251063147494,6.604735536448601,5.679074031157002,4.034261627518972,7.7921418776533935,0.8315296475768562,0.0,2018,Coquimbo
05225000,2018.0,5,HOMBRE,70.0,934075.0,7.494044910740572,5.841975655910445,9.468274906408901,9.526253311080586,7.415221013150907,12.06661717468074,1.3109228335985021,0.0,2018,Valparaíso
05225000,2018.0,5,MUJER,23.0,976310.0,2.3558091180055514,1.4933808971581441,3.5348703685133853,2.497822537010984,1.5287346586512045,3.9012766186622305,0.3097479437334532,0.0,2018,Valparaíso
05225000,2018.0,5,TOTAL,93.0,1910385.0,4.868128675633446,3.9292081294215215,5.963786515562708,6.105243244200609,4.90650855151504,7.518413207109687,0.416232546877426,0.0,2018,Valparaíso
05225000,2018.0,6,HOMBRE,24.0,483455.0,4.964267615393367,3.180699931676467,7.386436709466902,6.0403967778551095,3.8623256609499963,9.04490235911976,1.5327846574538517,0.0,2018,O'Higgins
05225000,2018.0,6,MUJER,9.0,483031.0,1.863234450790943,0.8519894369881713,3.536999375075133,2.2797258298938905,1.0321435131607202,4.420240488024575,0.5897419824101453,0.0,2018,O'Higgins
05225000,2018.0,6,TOTAL,33.0,966486.0,3.4144312488747897,2.350337363679333,4.795130945421796,4.197934970465288,2.88236211655486,5.929546477671666,0.5406491678887415,0.0,2018,O'Higgins
05225000,2018.0,7,HOMBRE,21.0,543871.0,3.861209735396813,2.3901496833028766,5.9022692393864356,4.716637104921522,2.9163618814702614,7.244673486375538,1.0638392587794807,0.0,2018,Maule
05225000,2018.0,7,MUJER,9.0,561860.0,1.6018225180649983,0.7324552552910572,3.0407580983553135,1.6846916702204158,0.7326377577518298,3.3883882757136594,0.349709690111363,0.0,2018,Maule
05225000,2018.0,7,TOTAL,30.0,1105731.0,2.7131372820333337,1.8305423309485684,3.8731721725091965,3.2446223106244734,2.1745726198468955,4.675490565738563,0.3618116732634041,0.0,2018,Maule
05225000,2018.0,8,HOMBRE,130.0,802348.0,16.202445821513855,13.537100946051341,19.23908871041954,19.90950581922533,16.629091544445483,23.66757890126004,3.059390487414171,0.0,2018,Biobío
05225000,2018.0,8,MUJER,62.0,843112.0,7.353708641319303,5.63804624844298,9.427122597679341,8.986254814910687,6.856911467453067,11.603059451321823,1.3466239096228962,0.0,2018,Biobío
05225000,2018.0,8,TOTAL,192.0,1645460.0,11.66846960728307,10.076278808238285,13.44080829087128,14.576219412785653,12.575605892636222,16.8162040480916,1.12010483958959,0.0,2018,Biobío
05225000,2018.0,9,HOMBRE,33.0,489833.0,6.73698995371892,4.637433895374513,9.46123868117691,8.106818844840806,5.577763712249341,11.420232379594056,1.9960696956410655,0.0,2018,La Araucanía
05225000,2018.0,9,MUJER,12.0,511587.0,2.3456420902016664,1.212027496539634,4.097364680528817,2.887690442091124,1.4739527111601582,5.138160884506651,0.7171144911676255,0.0,2018,La Araucanía
05225000,2018.0,9,TOTAL,45.0,1001420.0,4.493619060933474,3.277676578082569,6.012815851187195,5.546445645044232,4.03908536840874,7.4481426558972155,0.690119014511156,0.0,2018,La Araucanía
05225000,2018.0,10,HOMBRE,30.0,436796.0,6.8681947636883125,4.633942165546597,9.804775088326739,8.193468782294877,5.5263552807024725,11.76020332546394,2.2410288087806784,0.0,2018,Los Lagos
05225000,2018.0,10,MUJER,7.0,440552.0,1.5889157239100038,0.6388265293358935,3.273773666151187,1.961619031829387,0.7886053549187415,4.133154028277672,0.5497908202746404,0.0,2018,Los Lagos
05225000,2018.0,10,TOTAL,37.0,877348.0,4.21725472674469,2.9693365195003616,5.8129301191694545,5.133098534657234,3.613189987574141,7.107560463161782,0.7131437609927506,0.0,2018,Los Lagos
05225000,2018.0,11,HOMBRE,13.0,53764.0,24.17974853061528,12.874697736410612,41.34810638746908,27.082974647714632,14.406448977686235,47.327530012490726,56.57328445214044,0.0,2018,Aysén
05225000,2018.0,11,MUJER,1.0,52259.0,1.9135459920779196,0.04844678999653624,10.661595880018558,2.094757551037508,0.05303466945080893,14.11249661146834,4.388009197628659,0.0,2018,Aysén
05225000,2018.0,11,TOTAL,14.0,106023.0,13.204682002961622,7.2191225265278245,22.15521266313496,15.031868528421064,8.209278574614883,25.76811487116489,16.189435661780347,0.0,2018,Aysén
05225000,2018.0,12,HOMBRE,11.0,88246.0,12.465154227953676,6.222560078912177,22.303604144439355,15.944142403527694,7.935821573395731,29.00610358684885,23.277721771451013,0.0,2018,Magallanes
05225000,2018.0,12,MUJER,1.0,85321.0,1.17204439704176,0.02967359499336608,6.530213418664688,1.5676794181099754,0.03969020648863164,9.296598570500652,2.4576187579656303,0.0,2018,Magallanes
05225000,2018.0,12,TOTAL,12.0,173567.0,6.913756647288944,3.5724389479118828,12.076941497045498,9.028675227002454,4.658580520943615,15.97406845086148,6.818333381120366,0.0,2018,Magallanes
05225000,2018.0,13,HOMBRE,288.0,3793180.0,7.59257404077845,6.740923191018762,8.52203682303558,9.787831212375718,8.686252130924078,10.992675704764274,0.33495295325567165,0.0,2018,Metropolitana
05225000,2018.0,13,MUJER,130.0,3909711.0,3.3250539490003224,2.7780738448090925,3.948231556917557,4.298061707930624,3.581399036665893,5.119915378091424,0.14618613492745094,0.0,2018,Metropolitana
05225000,2018.0,13,TOTAL,418.0,7702891.0,5.426534011710668,4.918722573738403,5.97253752635242,7.093949935185155,6.42603359436148,7.813723513385855,0.1219108752225795,0.0,2018,Metropolitana
05225000,2018.0,14,HOMBRE,8.0,196876.0,4.063471423637213,1.754318544032031,8.006658617705211,4.824617039617952,2.0794767030376806,9.750659947763914,2.919110238245249,0.0,2018,Los Ríos
05225000,2018.0,14,MUJER,4.0,204059.0,1.9602173881083411,0.534093264019879,5.018935050844949,2.4885813148539593,0.6767820713676814,6.666287956561726,1.5516506021739775,0.0,2018,Los Ríos
05225000,2018.0,14,TOTAL,12.0,400935.0,2.9930038534924615,1.5465287661895863,5.228175402041967,3.6719632199327807,1.8950579605264646,6.5298564510677215,1.1271498480374735,0.0,2018,Los Ríos
05225000,2018.0,15,HOMBRE,24.0,121177.0,19.80573871279203,12.689910506685644,29.469369264590814,22.85105073434987,14.618912223778583,34.15698379588508,21.890516726818635,0.0,2018,Arica y Parinacota
05225000,2018.0,15,MUJER,3.0,120724.0,2.485007123687088,0.5124682108740609,7.2622453445398785,3.0969785232729548,0.637112050572865,9.160088156031364,3.204260224913652,0.0,2018,Arica y Parinacota
05225000,2018.0,15,TOTAL,27.0,241901.0,11.161590898756103,7.355558733434246,16.239528751498394,13.159372307297481,8.656215227108934,19.228206296179692,6.464796245431628,0.0,2018,Arica y Parinacota
05225000,2018.0,16,HOMBRE,0.0,244933.0,0.0,0.0,1.5060769492530346,0.0,0.0,2.1817720701560446,0.0,0.0,2018,Ñuble
05225000,2018.0,16,MUJER,0.0,259315.0,0.0,0.0,1.4225476559836243,0.0,0.0,2.2753699248267125,0.0,0.0,2018,Ñuble
05225000,2018.0,16,TOTAL,0.0,504248.0,0.0,0.0,0.7315605523698528,0.0,0.0,1.1137941211763402,0.0,0.0,2018,Ñuble
05225000,2019.0,1,HOMBRE,29.0,186270.0,15.568797981424813,10.426668351075287,22.359390904915767,17.1847066852552,11.494244992168797,24.88874826906164,10.241958218620553,0.0,2019,Tarapacá
05225000,2019.0,1,MUJER,18.0,182636.0,9.855669199938676,5.841094187564077,15.576206370884154,10.708237487859257,6.322689463815302,17.088023688278195,6.451002837081945,0.0,2019,Tarapacá
05225000,2019.0,1,TOTAL,47.0,368906.0,12.740372886317925,9.361146787275283,16.941995072090712,14.025876406149312,10.290648025127522,18.71232058412921,4.222504846651698,0.0,2019,Tarapacá
05225000,2019.0,2,HOMBRE,58.0,336667.0,17.227705715142857,13.081719230055143,22.27080460653838,19.929153635373208,15.123997415534888,25.92106916090168,6.875606605253991,0.0,2019,Antofagasta
05225000,2019.0,2,MUJER,18.0,331896.0,5.423385638874828,3.2142420458214405,8.571287471836955,6.513264923366225,3.8574779642210175,10.329808213246942,2.362374928576181,0.0,2019,Antofagasta
05225000,2019.0,2,TOTAL,76.0,668563.0,11.36766467782393,8.956426825363293,14.228327467019799,13.375094000288515,10.533054836426889,16.761236752729136,2.3626989506815232,0.0,2019,Antofagasta
05225000,2019.0,3,HOMBRE,7.0,157283.0,4.450576349637278,1.7893625194839018,9.169888266184124,5.031091740939797,2.012299370059939,10.522962455431458,3.6495448193472795,0.0,2019,Atacama
05225000,2019.0,3,MUJER,3.0,154024.0,1.9477484028463097,0.4016725464184811,5.692147372969357,1.7966340195718002,0.36449544468675055,5.841795819337139,1.0921275776607569,0.0,2019,Atacama
05225000,2019.0,3,TOTAL,10.0,311307.0,3.212263135747028,1.540405033016422,5.907466276703633,3.4735191676487718,1.6539032504829305,6.506355419076718,1.2262623523066534,0.0,2019,Atacama
05225000,2019.0,4,HOMBRE,42.0,402663.0,10.430558556410697,7.517429148562868,14.099085035995522,12.260594136985683,8.832314096767792,16.62727579719407,3.588342867788157,0.0,2019,Coquimbo
05225000,2019.0,4,MUJER,19.0,419063.0,4.533924493453251,2.7297187211390006,7.080284723677726,5.801787562225113,3.4870154313166792,9.123511358118842,1.7823427329498358,0.0,2019,Coquimbo
05225000,2019.0,4,TOTAL,61.0,821726.0,7.423399040556098,5.678312060344023,9.535666623039319,9.08305676236001,6.944323839027754,11.695646958040337,1.3572501522985652,0.0,2019,Coquimbo
05225000,2019.0,5,HOMBRE,104.0,946578.0,10.98694455184887,8.977129862529075,13.312522263881618,14.236837020625538,11.625320725758732,17.277669734195783,1.9603082989148355,0.0,2019,Valparaíso
05225000,2019.0,5,MUJER,40.0,988877.0,4.044992451032838,2.8898019108330932,5.508131644682207,5.45282984085294,3.8752133078809754,7.483353329065596,0.7648187639526154,0.0,2019,Valparaíso
05225000,2019.0,5,TOTAL,144.0,1935455.0,7.440110981655477,6.2745670241811595,8.759362162775217,9.9453881850423,8.379244896088442,11.728697215449895,0.6943951974177001,0.0,2019,Valparaíso
05225000,2019.0,6,HOMBRE,40.0,489662.0,8.168900180124249,5.8359820532916515,11.123723499880338,10.184297179272129,7.262252984455344,13.929737540863224,2.6195623402608774,0.0,2019,O'Higgins
05225000,2019.0,6,MUJER,26.0,489206.0,5.314734488129745,3.4717610200194478,7.7873174252002215,5.274954456981858,3.396401496371309,7.9440079607655685,1.136475841436295,0.0,2019,O'Higgins
05225000,2019.0,6,TOTAL,66.0,978868.0,6.742482132422349,5.21463519275748,8.578090451675486,7.804441257250369,6.004196092025081,10.005211770527813,0.9587446331673625,0.0,2019,O'Higgins
05225000,2019.0,7,HOMBRE,34.0,550096.0,6.18073936185684,4.2803416830102865,8.636963747273764,7.637938308199214,5.28229046834936,10.714286551909122,1.727489731239091,0.0,2019,Maule
05225000,2019.0,7,MUJER,10.0,568851.0,1.75792958085685,0.8429955640637765,3.2328950888752552,1.8011286028732343,0.823748007015092,3.5204379547439473,0.3603045074615795,0.0,2019,Maule
05225000,2019.0,7,TOTAL,44.0,1118947.0,3.932268463117556,2.8571922850809135,5.27888687134491,4.796684385925304,3.4690416627689267,6.4833704560999905,0.5371407102252097,0.0,2019,Maule
05225000,2019.0,8,HOMBRE,135.0,806588.0,16.737169409909395,14.033025737732572,19.81046562614284,20.53490175595886,17.209260649180006,24.341675264367225,3.139196514917779,0.0,2019,Biobío
05225000,2019.0,8,MUJER,43.0,848156.0,5.069822061035942,3.6690553638678716,6.829017045258611,6.423391088971434,4.620026848598799,8.733678738679867,0.9936530872083743,0.0,2019,Biobío
05225000,2019.0,8,TOTAL,178.0,1654744.0,10.756950924130862,9.234689056218112,12.458511048095644,13.618555809691413,11.68103547332214,15.799211300356593,1.0535581780774559,0.0,2019,Biobío
05225000,2019.0,9,HOMBRE,18.0,492834.0,3.6523454144803322,2.1646113661799973,5.772280375852312,4.1914736190100745,2.4705360159562013,6.707194224147263,0.9941786778084049,0.0,2019,La Araucanía
05225000,2019.0,9,MUJER,8.0,515131.0,1.5530030225321325,0.6704764762261447,3.060035062963268,1.8861445802329406,0.8082448220929137,3.8145179906211526,0.4512395030028295,0.0,2019,La Araucanía
05225000,2019.0,9,TOTAL,26.0,1007965.0,2.5794546437624324,1.6849854127471033,3.779498701157778,3.0547743665795677,1.9864888206324398,4.520063812519447,0.365808341670932,0.0,2019,La Araucanía
05225000,2019.0,10,HOMBRE,35.0,440258.0,7.949883931694597,5.537385442744881,11.056364079490452,9.758676969553488,6.790402675295242,13.640216130328785,2.734870811946352,0.0,2019,Los Lagos
05225000,2019.0,10,MUJER,11.0,444206.0,2.4763285502672185,1.2361742901349462,4.430835808904416,2.986361146102408,1.4800746760720167,5.469831810841508,0.8251202214074341,0.0,2019,Los Lagos
05225000,2019.0,10,TOTAL,46.0,884464.0,5.200890030572189,3.807705164819809,6.9372584650800935,6.419247180576023,4.6917902946317085,8.605275690870034,0.904783522931124,0.0,2019,Los Lagos
05225000,2019.0,11,HOMBRE,40.0,54038.0,74.02198452940523,52.882390987432856,100.79693357264159,84.91882781744675,60.56488321794045,116.62716249242727,181.95216290992204,0.0,2019,Aysén
05225000,2019.0,11,MUJER,11.0,52642.0,20.8958626192014,10.431139332162227,37.38847025816259,24.289158305952736,12.005916853434515,45.0178786866414,54.93597066244558,0.0,2019,Aysén
05225000,2019.0,11,TOTAL,51.0,106680.0,47.80652418447694,35.59509733623056,62.8567504467602,55.466294872734196,41.21150435654985,73.4964844662696,61.12677512200273,0.0,2019,Aysén
05225000,2019.0,12,HOMBRE,15.0,89455.0,16.768207478620536,9.385038435842954,27.656608206903854,21.46935432657142,11.945166852480925,35.998028471895516,31.278582256659067,0.0,2019,Magallanes
05225000,2019.0,12,MUJER,7.0,86529.0,8.089773370777428,3.2525084671264723,16.66802501092394,9.854695456583888,3.8400182307711326,21.26430451872711,14.655740152957904,0.0,2019,Magallanes
05225000,2019.0,12,TOTAL,22.0,175984.0,12.501136466951541,7.834395667918453,18.926870844579753,15.870085185905447,9.872798517243288,24.36955948283638,11.772301935832322,0.0,2019,Magallanes
05225000,2019.0,13,HOMBRE,253.0,3903339.0,6.48163021454196,5.707486598922326,7.33148693824717,8.518375479577145,7.497979687411787,9.640636436015003,0.2885537495605485,0.0,2019,Metropolitana
05225000,2019.0,13,MUJER,93.0,4011860.0,2.3181267541738744,1.8710274716278568,2.8398618851438644,2.863706578251534,2.299490434285949,3.5295984483606446,0.09224826045438018,0.0,2019,Metropolitana
05225000,2019.0,13,TOTAL,346.0,7915199.0,4.371336715602475,3.9228168204726894,4.857083367206288,5.748010461829081,5.153763461535548,6.393180284490728,0.0969855821924218,0.0,2019,Metropolitana
05225000,2019.0,14,HOMBRE,9.0,197926.0,4.5471539868435675,2.0792483541214057,8.631914680951045,5.68911577263739,2.5943683106016486,11.021595485252245,3.6171177760733673,0.0,2019,Los Ríos
05225000,2019.0,14,MUJER,3.0,205487.0,1.459946371303294,0.3010760402826463,4.266582834798466,1.7602721821184182,0.3577700716178297,5.601505059734676,1.0466381028996334,0.0,2019,Los Ríos
05225000,2019.0,14,TOTAL,12.0,403413.0,2.9746190628462643,1.5370290765845964,5.196060872648368,3.751726959844206,1.9315558316729013,6.680505661366346,1.1840187995822975,0.0,2019,Los Ríos
05225000,2019.0,15,HOMBRE,27.0,124067.0,21.762434813447573,14.341581671004196,31.66320008153831,25.52382864997826,16.795349769655008,37.32673637814583,24.284357173758472,0.0,2019,Arica y Parinacota
05225000,2019.0,15,MUJER,11.0,122969.0,8.945343948474818,4.465483469196984,16.00569128260127,11.151622651812847,5.557106656918793,20.115992253636783,11.353900130657552,0.0,2019,Arica y Parinacota
05225000,2019.0,15,TOTAL,38.0,247036.0,15.382373419258732,10.885482943860875,21.11350933437216,18.610815182072816,13.157625326538746,25.627811768645508,9.160864476417672,0.0,2019,Arica y Parinacota
05225000,2019.0,16,HOMBRE,28.0,246415.0,11.36294462593592,7.550594182926174,16.422618729893955,14.182286986510764,9.415985151270366,20.64469247484788,7.210690830408819,0.0,2019,Ñuble
05225000,2019.0,16,MUJER,13.0,261544.0,4.970482978007524,2.6465728485470135,8.499677269659742,6.242202973677136,3.28327429038927,10.987335136833533,3.0983648195035567,0.0,2019,Ñuble
05225000,2019.0,16,TOTAL,41.0,507959.0,8.071517583112023,5.792260373072488,10.949925006887351,10.390286218919924,7.440902717368794,14.18892803579466,2.663360899973657,0.0,2019,Ñuble
05225000,2020.0,1,HOMBRE,11.0,193145.0,5.6952030857645815,2.8430248607195834,10.190291497735874,6.282463246178403,3.1225285346453604,11.459149264774313,3.6265554652800986,0.0,2020,Tarapacá
05225000,2020.0,1,MUJER,3.0,189628.0,1.5820448456978926,0.32625568106798647,4.623406390270595,1.8713656150430025,0.38461677954619816,5.558042477190467,1.170959874851316,0.0,2020,Tarapacá
05225000,2020.0,1,TOTAL,14.0,382773.0,3.657520253518404,1.99960035747051,6.136697500041952,4.124323921392464,2.2472288661125344,6.976047635210889,1.226780755117996,0.0,2020,Tarapacá
05225000,2020.0,2,HOMBRE,21.0,348210.0,6.03084345653485,3.733187152602219,9.218784852515265,7.17871558643353,4.443283395156377,11.128917505249806,2.454932043866371,0.0,2020,Antofagasta
05225000,2020.0,2,MUJER,5.0,343644.0,1.4549941218237479,0.47243263089663157,3.395470917380391,1.5782371445993228,0.5028493230170336,3.845993982619673,0.511304244362109,0.0,2020,Antofagasta
05225000,2020.0,2,TOTAL,26.0,691854.0,3.7580183102215208,2.4548623286988787,5.506367540423991,4.45578593389136,2.906270944139118,6.558824670011662,0.768517255620448,0.0,2020,Antofagasta
05225000,2020.0,3,HOMBRE,4.0,158939.0,2.5166887925556347,0.6857129927999578,6.443722859338296,2.77720103294813,0.7511345598479,7.377295472786539,1.9448003224122228,0.0,2020,Atacama
05225000,2020.0,3,MUJER,4.0,155770.0,2.5678885536367724,0.699663204485026,6.574814582656284,2.981869356447943,0.8082205354642072,7.877210985103373,2.2364483456300843,0.0,2020,Atacama
05225000,2020.0,3,TOTAL,8.0,314709.0,2.5420308920304153,1.097468511147918,5.008814244331529,2.8853442124862387,1.2404635960680315,5.79226428186551,1.0492635830522639,0.0,2020,Atacama
05225000,2020.0,4,HOMBRE,34.0,409614.0,8.300497541587934,5.748335844129416,11.59911333479888,9.632528960453993,6.662481194994019,13.5485773887349,2.745984157555633,0.0,2020,Coquimbo
05225000,2020.0,4,MUJER,8.0,426482.0,1.8758118748270736,0.8098424263505849,3.6960971905480915,2.381903645514745,1.0279411603100461,4.791591954884874,0.7097202038366353,0.0,2020,Coquimbo
05225000,2020.0,4,TOTAL,42.0,836096.0,5.023346601347214,3.620386382960533,6.79010529634045,6.056071419213261,4.360137036008161,8.230212436915874,0.8783767455108101,0.0,2020,Coquimbo
05225000,2020.0,5,HOMBRE,37.0,958672.0,3.859505649481783,2.717448154019939,5.319820140979483,5.069983737184278,3.564752759319617,7.0207516283336,0.6998120125624406,0.0,2020,Valparaíso
05225000,2020.0,5,MUJER,10.0,1001498.0,0.99850424064751,0.47882159486413683,1.836284849497231,1.4212535609829335,0.6775860235641843,2.6560136008271518,0.2047060827524265,0.0,2020,Valparaíso
05225000,2020.0,5,TOTAL,47.0,1960170.0,2.3977512154558025,1.7617774053814594,3.1885008106769805,3.2827031268274642,2.4086129265524785,4.382634155912036,0.23122642592375064,0.0,2020,Valparaíso
05225000,2020.0,6,HOMBRE,20.0,495674.0,4.034910041680621,2.4646278774767176,6.231591308536377,5.082918761655285,3.0935576905104027,7.92332755222703,1.3087208940244384,0.0,2020,O'Higgins
05225000,2020.0,6,MUJER,9.0,495389.0,1.8167541063689343,0.8307356637669253,3.4487652029857676,1.9099044740950888,0.8496017984201872,3.8374535637976326,0.4293675117327452,0.0,2020,O'Higgins
05225000,2020.0,6,TOTAL,29.0,991063.0,2.926151011590585,1.959689256641398,4.202440958706621,3.535089437475381,2.35040112225399,5.139441794143181,0.4451713659758112,0.0,2020,O'Higgins
05225000,2020.0,7,HOMBRE,7.0,556100.0,1.2587664089192592,0.5060893816795299,2.59353989600834,1.5839495982288987,0.6341087692130934,3.316251607366013,0.3611605453233405,0.0,2020,Maule
05225000,2020.0,7,MUJER,2.0,575839.0,0.3473193027912316,0.04206197887672856,1.2546367418191475,0.4490634339050685,0.05429919793806235,1.7136975527042142,0.1009287045348284,0.0,2020,Maule
05225000,2020.0,7,TOTAL,9.0,1131939.0,0.7950958488045734,0.36356845177861474,1.5093395890961585,1.0238403151187383,0.4664808901996814,1.971975280770181,0.11736990147228892,0.0,2020,Maule
05225000,2020.0,8,HOMBRE,60.0,810577.0,7.402134528860306,5.648608454225479,9.528014415242886,8.991197650716686,6.851319734307705,11.624821894753754,1.3608752076592028,0.0,2020,Biobío
05225000,2020.0,8,MUJER,52.0,853119.0,6.0952809631481655,4.552247365310259,7.99315004599275,6.348737692946652,4.687412200195102,8.483500095105384,0.832789503688182,0.0,2020,Biobío
05225000,2020.0,8,TOTAL,112.0,1663696.0,6.7319991152229735,5.543107246309326,8.100344251121323,7.7742840879999235,6.375950235063892,9.411956730173937,0.5608455138854003,0.0,2020,Biobío
05225000,2020.0,9,HOMBRE,17.0,495735.0,3.429251515426589,1.997665379609528,5.490563873018168,4.22406323986069,2.4558004521796737,6.819385270237556,1.0563546612790058,0.0,2020,La Araucanía
05225000,2020.0,9,MUJER,6.0,518608.0,1.1569432018017463,0.42457776461042845,2.5181782815765827,1.417965252414586,0.5165582763007924,3.199804719834979,0.33904154219110616,0.0,2020,La Araucanía
05225000,2020.0,9,TOTAL,23.0,1014343.0,2.2674775692246114,1.4373862723994426,3.4023296749554177,2.8399316976960716,1.7959891021765517,4.295598542914127,0.35395429464683864,0.0,2020,La Araucanía
05225000,2020.0,10,HOMBRE,30.0,443617.0,6.76259025240241,4.562691245245541,9.65401808199588,8.3931724573612,5.657848576206051,12.055462808872504,2.3577548346377997,0.0,2020,Los Lagos
05225000,2020.0,10,MUJER,8.0,447823.0,1.786420081148132,0.771249394682386,3.5199597207363875,2.365354898178142,1.0187203001660583,4.745875573613822,0.7026997221808642,0.0,2020,Los Lagos
05225000,2020.0,10,TOTAL,38.0,891440.0,4.262765861976129,3.0165868308799415,5.8509791931324155,5.425053166918532,3.835742685042771,7.483567040925848,0.778102486120629,0.0,2020,Los Lagos
05225000,2020.0,11,HOMBRE,38.0,54276.0,70.01252855774192,49.545032141639304,96.09766548614417,85.56443736282904,60.3959826984764,118.41064927723332,195.29049043174987,0.0,2020,Aysén
05225000,2020.0,11,MUJER,1.0,53021.0,1.886045151920937,0.04775052900603511,10.508371005712638,2.206492142279031,0.055863544377064936,14.743898880008647,4.8686075739391095,0.0,2020,Aysén
05225000,2020.0,11,TOTAL,39.0,107297.0,36.34770776442957,25.846773432096406,49.68851306731115,45.1742568145107,32.04061936996928,62.277152648832164,53.05643882066127,0.0,2020,Aysén
05225000,2020.0,12,HOMBRE,9.0,90675.0,9.925558312655086,4.538597295151182,18.84180143525687,13.049109709447357,5.940166833306136,25.36173652639805,19.101579385515954,0.0,2020,Magallanes
05225000,2020.0,12,MUJER,4.0,87687.0,4.561679610432561,1.2429041632469178,11.679711559756514,5.373749982614233,1.4146330623263619,14.918668194436341,7.510030924430419,0.0,2020,Magallanes
05225000,2020.0,12,TOTAL,13.0,178362.0,7.288548009105078,3.8808448498019765,12.463639070070348,9.430183299278344,4.987021568610971,16.45790630964757,6.968914026488933,0.0,2020,Magallanes
05225000,2020.0,13,HOMBRE,127.0,4010416.0,3.166753773174653,2.639979938513218,3.767836180862612,4.168850580766169,3.4730111058601927,4.964852822998715,0.13782834445818493,0.0,2020,Metropolitana
05225000,2020.0,13,MUJER,76.0,4114656.0,1.8470559871833758,1.4552700365827325,2.311865997141233,2.240195137627982,1.7531322921578631,2.826487032446122,0.0696041464350986,0.0,2020,Metropolitana
05225000,2020.0,13,TOTAL,203.0,8125072.0,2.4984393984447153,2.1665492443971237,2.8667890656978243,3.2248210582002357,2.791496933981997,3.7077758932048153,0.05246297311580589,0.0,2020,Metropolitana
05225000,2020.0,14,HOMBRE,2.0,198915.0,1.005454591157027,0.12176521556643037,3.632047692594304,1.2655949513051772,0.1530807254720286,4.895833989984735,0.8014930175483411,0.0,2020,Los Ríos
05225000,2020.0,14,MUJER,0.0,206920.0,0.0,0.0,1.782756357101264,0.0,0.0,2.9039229180149997,0.0,0.0,2020,Los Ríos
05225000,2020.0,14,TOTAL,2.0,405835.0,0.492811117818818,0.059681712652670416,1.780203202711437,0.642921693507108,0.07776801469127928,2.487673026134033,0.20683095129458423,0.0,2020,Los Ríos
05225000,2020.0,15,HOMBRE,6.0,126744.0,4.733951903048665,1.737276915270822,10.303820316952823,5.272265711398738,1.9292024882784564,11.868713681944472,4.654348403691073,0.0,2020,Arica y Parinacota
05225000,2020.0,15,MUJER,3.0,125366.0,2.392993315572005,0.493492751539972,6.993341950562611,3.074712432915806,0.6306783274048035,9.213848085569811,3.16683405344741,0.0,2020,Arica y Parinacota
05225000,2020.0,15,TOTAL,9.0,252110.0,3.5698702947126253,1.6323720191100448,6.776725814691669,4.235822127501135,1.9320660117229513,8.187651053645618,2.0042010035957922,0.0,2020,Arica y Parinacota
05225000,2020.0,16,HOMBRE,25.0,247792.0,10.089106992961838,6.529138086713585,14.893512178573305,12.437399964839353,8.045840817906734,18.537214598859638,6.197074268584448,0.0,2020,Ñuble
05225000,2020.0,16,MUJER,7.0,263759.0,2.6539378751056835,1.0670206709609398,5.468126343253643,3.474820123511013,1.3904187651513018,7.450275644683011,1.7396180883894148,0.0,2020,Ñuble
05225000,2020.0,16,TOTAL,32.0,511551.0,6.255485767792458,4.278747634406846,8.830879439082413,8.090824557674306,5.531126710185271,11.512540251619697,2.0509867954445973,0.0,2020,Ñuble
