year,code,label,section,age_group,sex,count
2017,06902600,TRASTORNO GENERALIZADOS DEL DESARROLLO,SECCIÓN N: INGRESOS AL PROGRAMA DE SALUD  MENTAL EN APS /ESPECIALIDAD,0-4,Hombres,385
2017,06902600,TRASTORNO GENERALIZADOS DEL DESARROLLO,SECCIÓN N: INGRESOS AL PROGRAMA DE SALUD  MENTAL EN APS /ESPECIALIDAD,0-4,Mujeres,105
2017,06902600,TRASTORNO GENERALIZADOS DEL DESARROLLO,SECCIÓN N: INGRESOS AL PROGRAMA DE SALUD  MENTAL EN APS /ESPECIALIDAD,5-9,Hombres,874
2017,06902600,TRASTORNO GENERALIZADOS DEL DESARROLLO,SECCIÓN N: INGRESOS AL PROGRAMA DE SALUD  MENTAL EN APS /ESPECIALIDAD,5-9,Mujeres,204
2017,06902600,TRASTORNO GENERALIZADOS DEL DESARROLLO,SECCIÓN N: INGRESOS AL PROGRAMA DE SALUD  MENTAL EN APS /ESPECIALIDAD,10-14,Hombres,550
2017,06902600,TRASTORNO GENERALIZADOS DEL DESARROLLO,SECCIÓN N: INGRESOS AL PROGRAMA DE SALUD  MENTAL EN APS /ESPECIALIDAD,10-14,Mujeres,193
2017,06902600,TRASTORNO GENERALIZADOS DEL DESARROLLO,SECCIÓN N: INGRESOS AL PROGRAMA DE SALUD  MENTAL EN APS /ESPECIALIDAD,15-19,Hombres,294
2017,06902600,TRASTORNO GENERALIZADOS DEL DESARROLLO,SECCIÓN N: INGRESOS AL PROGRAMA DE SALUD  MENTAL EN APS /ESPECIALIDAD,15-19,Mujeres,121
2017,06902600,TRASTORNO GENERALIZADOS DEL DESARROLLO,SECCIÓN N: INGRESOS AL PROGRAMA DE SALUD  MENTAL EN APS /ESPECIALIDAD,20-24,Hombres,76
2017,06902600,TRASTORNO GENERALIZADOS DEL DESARROLLO,SECCIÓN N: INGRESOS AL PROGRAMA DE SALUD  MENTAL EN APS /ESPECIALIDAD,20-24,Mujeres,31
2017,06902600,TRASTORNO GENERALIZADOS DEL DESARROLLO,SECCIÓN N: INGRESOS AL PROGRAMA DE SALUD  MENTAL EN APS /ESPECIALIDAD,25-29,Hombres,38
2017,06902600,TRASTORNO GENERALIZADOS DEL DESARROLLO,SECCIÓN N: INGRESOS AL PROGRAMA DE SALUD  MENTAL EN APS /ESPECIALIDAD,25-29,Mujeres,30
2017,06902600,TRASTORNO GENERALIZADOS DEL DESARROLLO,SECCIÓN N: INGRESOS AL PROGRAMA DE SALUD  MENTAL EN APS /ESPECIALIDAD,30-34,Hombres,14
2017,06902600,TRASTORNO GENERALIZADOS DEL DESARROLLO,SECCIÓN N: INGRESOS AL PROGRAMA DE SALUD  MENTAL EN APS /ESPECIALIDAD,30-34,Mujeres,16
2017,06902600,TRASTORNO GENERALIZADOS DEL DESARROLLO,SECCIÓN N: INGRESOS AL PROGRAMA DE SALUD  MENTAL EN APS /ESPECIALIDAD,35-39,Hombres,16
2017,06902600,TRASTORNO GENERALIZADOS DEL DESARROLLO,SECCIÓN N: INGRESOS AL PROGRAMA DE SALUD  MENTAL EN APS /ESPECIALIDAD,35-39,Mujeres,17
2017,06902600,TRASTORNO GENERALIZADOS DEL DESARROLLO,SECCIÓN N: INGRESOS AL PROGRAMA DE SALUD  MENTAL EN APS /ESPECIALIDAD,40-44,Hombres,8
2017,06902600,TRASTORNO GENERALIZADOS DEL DESARROLLO,SECCIÓN N: INGRESOS AL PROGRAMA DE SALUD  MENTAL EN APS /ESPECIALIDAD,40-44,Mujeres,17
2017,06902600,TRASTORNO GENERALIZADOS DEL DESARROLLO,SECCIÓN N: INGRESOS AL PROGRAMA DE SALUD  MENTAL EN APS /ESPECIALIDAD,45-49,Hombres,10
2017,06902600,TRASTORNO GENERALIZADOS DEL DESARROLLO,SECCIÓN N: INGRESOS AL PROGRAMA DE SALUD  MENTAL EN APS /ESPECIALIDAD,45-49,Mujeres,14
2017,06902600,TRASTORNO GENERALIZADOS DEL DESARROLLO,SECCIÓN N: INGRESOS AL PROGRAMA DE SALUD  MENTAL EN APS /ESPECIALIDAD,50-54,Hombres,10
2017,06902600,TRASTORNO GENERALIZADOS DEL DESARROLLO,SECCIÓN N: INGRESOS AL PROGRAMA DE SALUD  MENTAL EN APS /ESPECIALIDAD,50-54,Mujeres,19
2017,06902600,TRASTORNO GENERALIZADOS DEL DESARROLLO,SECCIÓN N: INGRESOS AL PROGRAMA DE SALUD  MENTAL EN APS /ESPECIALIDAD,55-59,Hombres,10
2017,06902600,TRASTORNO GENERALIZADOS DEL DESARROLLO,SECCIÓN N: INGRESOS AL PROGRAMA DE SALUD  MENTAL EN APS /ESPECIALIDAD,55-59,Mujeres,13
2017,06902600,TRASTORNO GENERALIZADOS DEL DESARROLLO,SECCIÓN N: INGRESOS AL PROGRAMA DE SALUD  MENTAL EN APS /ESPECIALIDAD,60-64,Hombres,3
2017,06902600,TRASTORNO GENERALIZADOS DEL DESARROLLO,SECCIÓN N: INGRESOS AL PROGRAMA DE SALUD  MENTAL EN APS /ESPECIALIDAD,60-64,Mujeres,17
2017,06902600,TRASTORNO GENERALIZADOS DEL DESARROLLO,SECCIÓN N: INGRESOS AL PROGRAMA DE SALUD  MENTAL EN APS /ESPECIALIDAD,65-69,Hombres,4
2017,06902600,TRASTORNO GENERALIZADOS DEL DESARROLLO,SECCIÓN N: INGRESOS AL PROGRAMA DE SALUD  MENTAL EN APS /ESPECIALIDAD,65-69,Mujeres,7
2017,06902600,TRASTORNO GENERALIZADOS DEL DESARROLLO,SECCIÓN N: INGRESOS AL PROGRAMA DE SALUD  MENTAL EN APS /ESPECIALIDAD,70-74,Hombres,2
2017,06902600,TRASTORNO GENERALIZADOS DEL DESARROLLO,SECCIÓN N: INGRESOS AL PROGRAMA DE SALUD  MENTAL EN APS /ESPECIALIDAD,70-74,Mujeres,4
2017,06902600,TRASTORNO GENERALIZADOS DEL DESARROLLO,SECCIÓN N: INGRESOS AL PROGRAMA DE SALUD  MENTAL EN APS /ESPECIALIDAD,75-79,Hombres,3
2017,06902600,TRASTORNO GENERALIZADOS DEL DESARROLLO,SECCIÓN N: INGRESOS AL PROGRAMA DE SALUD  MENTAL EN APS /ESPECIALIDAD,75-79,Mujeres,9
2017,06902600,TRASTORNO GENERALIZADOS DEL DESARROLLO,SECCIÓN N: INGRESOS AL PROGRAMA DE SALUD  MENTAL EN APS /ESPECIALIDAD,80+,Hombres,3
2017,06902600,TRASTORNO GENERALIZADOS DEL DESARROLLO,SECCIÓN N: INGRESOS AL PROGRAMA DE SALUD  MENTAL EN APS /ESPECIALIDAD,80+,Mujeres,7
2017,05225000,TRASTORNO GENERALIZADOS DEL DESARROLLO,SECCIÓN O: EGRESOS DEL PROGRAMA DE SALUD  MENTAL POR ALTAS CLÍNICAS EN APS /ESPECIALIDAD,0-4,Hombres,64
2017,05225000,TRASTORNO GENERALIZADOS DEL DESARROLLO,SECCIÓN O: EGRESOS DEL PROGRAMA DE SALUD  MENTAL POR ALTAS CLÍNICAS EN APS /ESPECIALIDAD,0-4,Mujeres,16
2017,05225000,TRASTORNO GENERALIZADOS DEL DESARROLLO,SECCIÓN O: EGRESOS DEL PROGRAMA DE SALUD  MENTAL POR ALTAS CLÍNICAS EN APS /ESPECIALIDAD,5-9,Hombres,197
2017,05225000,TRASTORNO GENERALIZADOS DEL DESARROLLO,SECCIÓN O: EGRESOS DEL PROGRAMA DE SALUD  MENTAL POR ALTAS CLÍNICAS EN APS /ESPECIALIDAD,5-9,Mujeres,55
2017,05225000,TRASTORNO GENERALIZADOS DEL DESARROLLO,SECCIÓN O: EGRESOS DEL PROGRAMA DE SALUD  MENTAL POR ALTAS CLÍNICAS EN APS /ESPECIALIDAD,10-14,Hombres,134
2017,05225000,TRASTORNO GENERALIZADOS DEL DESARROLLO,SECCIÓN O: EGRESOS DEL PROGRAMA DE SALUD  MENTAL POR ALTAS CLÍNICAS EN APS /ESPECIALIDAD,10-14,Mujeres,38
2017,05225000,TRASTORNO GENERALIZADOS DEL DESARROLLO,SECCIÓN O: EGRESOS DEL PROGRAMA DE SALUD  MENTAL POR ALTAS CLÍNICAS EN APS /ESPECIALIDAD,15-19,Hombres,85
2017,05225000,TRASTORNO GENERALIZADOS DEL DESARROLLO,SECCIÓN O: EGRESOS DEL PROGRAMA DE SALUD  MENTAL POR ALTAS CLÍNICAS EN APS /ESPECIALIDAD,15-19,Mujeres,38
2017,05225000,TRASTORNO GENERALIZADOS DEL DESARROLLO,SECCIÓN O: EGRESOS DEL PROGRAMA DE SALUD  MENTAL POR ALTAS CLÍNICAS EN APS /ESPECIALIDAD,20-24,Hombres,16
2017,05225000,TRASTORNO GENERALIZADOS DEL DESARROLLO,SECCIÓN O: EGRESOS DEL PROGRAMA DE SALUD  MENTAL POR ALTAS CLÍNICAS EN APS /ESPECIALIDAD,20-24,Mujeres,10
2017,05225000,TRASTORNO GENERALIZADOS DEL DESARROLLO,SECCIÓN O: EGRESOS DEL PROGRAMA DE SALUD  MENTAL POR ALTAS CLÍNICAS EN APS /ESPECIALIDAD,25-29,Hombres,8
2017,05225000,TRASTORNO GENERALIZADOS DEL DESARROLLO,SECCIÓN O: EGRESOS DEL PROGRAMA DE SALUD  MENTAL POR ALTAS CLÍNICAS EN APS /ESPECIALIDAD,25-29,Mujeres,4
2017,05225000,TRASTORNO GENERALIZADOS DEL DESARROLLO,SECCIÓN O: EGRESOS DEL PROGRAMA DE SALUD  MENTAL POR ALTAS CLÍNICAS EN APS /ESPECIALIDAD,30-34,Hombres,7
2017,05225000,TRASTORNO GENERALIZADOS DEL DESARROLLO,SECCIÓN O: EGRESOS DEL PROGRAMA DE SALUD  MENTAL POR ALTAS CLÍNICAS EN APS /ESPECIALIDAD,30-34,Mujeres,5
2017,05225000,TRASTORNO GENERALIZADOS DEL DESARROLLO,SECCIÓN O: EGRESOS DEL PROGRAMA DE SALUD  MENTAL POR ALTAS CLÍNICAS EN APS /ESPECIALIDAD,35-39,Hombres,3
2017,05225000,TRASTORNO GENERALIZADOS DEL DESARROLLO,SECCIÓN O: EGRESOS DEL PROGRAMA DE SALUD  MENTAL POR ALTAS CLÍNICAS EN APS /ESPECIALIDAD,35-39,Mujeres,5
2017,05225000,TRASTORNO GENERALIZADOS DEL DESARROLLO,SECCIÓN O: EGRESOS DEL PROGRAMA DE SALUD  MENTAL POR ALTAS CLÍNICAS EN APS /ESPECIALIDAD,40-44,Hombres,1
2017,05225000,TRASTORNO GENERALIZADOS DEL DESARROLLO,SECCIÓN O: EGRESOS DEL PROGRAMA DE SALUD  MENTAL POR ALTAS CLÍNICAS EN APS /ESPECIALIDAD,40-44,Mujeres,4
2017,05225000,TRASTORNO GENERALIZADOS DEL DESARROLLO,SECCIÓN O: EGRESOS DEL PROGRAMA DE SALUD  MENTAL POR ALTAS CLÍNICAS EN APS /ESPECIALIDAD,45-49,Hombres,2
2017,05225000,TRASTORNO GENERALIZADOS DEL DESARROLLO,SECCIÓN O: EGRESOS DEL PROGRAMA DE SALUD  MENTAL POR ALTAS CLÍNICAS EN APS /ESPECIALIDAD,45-49,Mujeres,4
2017,05225000,TRASTORNO GENERALIZADOS DEL DESARROLLO,SECCIÓN O: EGRESOS DEL PROGRAMA DE SALUD  MENTAL POR ALTAS CLÍNICAS EN APS /ESPECIALIDAD,50-54,Hombres,2
2017,05225000,TRASTORNO GENERALIZADOS DEL DESARROLLO,SECCIÓN O: EGRESOS DEL PROGRAMA DE SALUD  MENTAL POR ALTAS CLÍNICAS EN APS /ESPECIALIDAD,50-54,Mujeres,10
2017,05225000,TRASTORNO GENERALIZADOS DEL DESARROLLO,SECCIÓN O: EGRESOS DEL PROGRAMA DE SALUD  MENTAL POR ALTAS CLÍNICAS EN APS /ESPECIALIDAD,55-59,Hombres,2
2017,05225000,TRASTORNO GENERALIZADOS DEL DESARROLLO,SECCIÓN O: EGRESOS DEL PROGRAMA DE SALUD  MENTAL POR ALTAS CLÍNICAS EN APS /ESPECIALIDAD,55-59,Mujeres,4
2017,05225000,TRASTORNO GENERALIZADOS DEL DESARROLLO,SECCIÓN O: EGRESOS DEL PROGRAMA DE SALUD  MENTAL POR ALTAS CLÍNICAS EN APS /ESPECIALIDAD,60-64,Hombres,2
2017,05225000,TRASTORNO GENERALIZADOS DEL DESARROLLO,SECCIÓN O: EGRESOS DEL PROGRAMA DE SALUD  MENTAL POR ALTAS CLÍNICAS EN APS /ESPECIALIDAD,60-64,Mujeres,2
2017,05225000,TRASTORNO GENERALIZADOS DEL DESARROLLO,SECCIÓN O: EGRESOS DEL PROGRAMA DE SALUD  MENTAL POR ALTAS CLÍNICAS EN APS /ESPECIALIDAD,65-69,Hombres,4
2017,05225000,TRASTORNO GENERALIZADOS DEL DESARROLLO,SECCIÓN O: EGRESOS DEL PROGRAMA DE SALUD  MENTAL POR ALTAS CLÍNICAS EN APS /ESPECIALIDAD,65-69,Mujeres,1
2017,05225000,TRASTORNO GENERALIZADOS DEL DESARROLLO,SECCIÓN O: EGRESOS DEL PROGRAMA DE SALUD  MENTAL POR ALTAS CLÍNICAS EN APS /ESPECIALIDAD,70-74,Hombres,4
2017,05225000,TRASTORNO GENERALIZADOS DEL DESARROLLO,SECCIÓN O: EGRESOS DEL PROGRAMA DE SALUD  MENTAL POR ALTAS CLÍNICAS EN APS /ESPECIALIDAD,70-74,Mujeres,3
2017,05225000,TRASTORNO GENERALIZADOS DEL DESARROLLO,SECCIÓN O: EGRESOS DEL PROGRAMA DE SALUD  MENTAL POR ALTAS CLÍNICAS EN APS /ESPECIALIDAD,75-79,Hombres,1
2017,05225000,TRASTORNO GENERALIZADOS DEL DESARROLLO,SECCIÓN O: EGRESOS DEL PROGRAMA DE SALUD  MENTAL POR ALTAS CLÍNICAS EN APS /ESPECIALIDAD,75-79,Mujeres,2
2017,05225000,TRASTORNO GENERALIZADOS DEL DESARROLLO,SECCIÓN O: EGRESOS DEL PROGRAMA DE SALUD  MENTAL POR ALTAS CLÍNICAS EN APS /ESPECIALIDAD,80+,Hombres,0
2017,05225000,TRASTORNO GENERALIZADOS DEL DESARROLLO,SECCIÓN O: EGRESOS DEL PROGRAMA DE SALUD  MENTAL POR ALTAS CLÍNICAS EN APS /ESPECIALIDAD,80+,Mujeres,3
2018,06902600,TRASTORNO GENERALIZADOS DEL DESARROLLO,SECCIÓN N: INGRESOS AL PROGRAMA DE SALUD  MENTAL EN APS /ESPECIALIDAD,0-4,Hombres,492
2018,06902600,TRASTORNO GENERALIZADOS DEL DESARROLLO,SECCIÓN N: INGRESOS AL PROGRAMA DE SALUD  MENTAL EN APS /ESPECIALIDAD,0-4,Mujeres,182
2018,06902600,TRASTORNO GENERALIZADOS DEL DESARROLLO,SECCIÓN N: INGRESOS AL PROGRAMA DE SALUD  MENTAL EN APS /ESPECIALIDAD,5-9,Hombres,1066
2018,06902600,TRASTORNO GENERALIZADOS DEL DESARROLLO,SECCIÓN N: INGRESOS AL PROGRAMA DE SALUD  MENTAL EN APS /ESPECIALIDAD,5-9,Mujeres,246
2018,06902600,TRASTORNO GENERALIZADOS DEL DESARROLLO,SECCIÓN N: INGRESOS AL PROGRAMA DE SALUD  MENTAL EN APS /ESPECIALIDAD,10-14,Hombres,662
2018,06902600,TRASTORNO GENERALIZADOS DEL DESARROLLO,SECCIÓN N: INGRESOS AL PROGRAMA DE SALUD  MENTAL EN APS /ESPECIALIDAD,10-14,Mujeres,199
2018,06902600,TRASTORNO GENERALIZADOS DEL DESARROLLO,SECCIÓN N: INGRESOS AL PROGRAMA DE SALUD  MENTAL EN APS /ESPECIALIDAD,15-19,Hombres,303
2018,06902600,TRASTORNO GENERALIZADOS DEL DESARROLLO,SECCIÓN N: INGRESOS AL PROGRAMA DE SALUD  MENTAL EN APS /ESPECIALIDAD,15-19,Mujeres,127
2018,06902600,TRASTORNO GENERALIZADOS DEL DESARROLLO,SECCIÓN N: INGRESOS AL PROGRAMA DE SALUD  MENTAL EN APS /ESPECIALIDAD,20-24,Hombres,65
2018,06902600,TRASTORNO GENERALIZADOS DEL DESARROLLO,SECCIÓN N: INGRESOS AL PROGRAMA DE SALUD  MENTAL EN APS /ESPECIALIDAD,20-24,Mujeres,31
2018,06902600,TRASTORNO GENERALIZADOS DEL DESARROLLO,SECCIÓN N: INGRESOS AL PROGRAMA DE SALUD  MENTAL EN APS /ESPECIALIDAD,25-29,Hombres,41
2018,06902600,TRASTORNO GENERALIZADOS DEL DESARROLLO,SECCIÓN N: INGRESOS AL PROGRAMA DE SALUD  MENTAL EN APS /ESPECIALIDAD,25-29,Mujeres,20
2018,06902600,TRASTORNO GENERALIZADOS DEL DESARROLLO,SECCIÓN N: INGRESOS AL PROGRAMA DE SALUD  MENTAL EN APS /ESPECIALIDAD,30-34,Hombres,10
2018,06902600,TRASTORNO GENERALIZADOS DEL DESARROLLO,SECCIÓN N: INGRESOS AL PROGRAMA DE SALUD  MENTAL EN APS /ESPECIALIDAD,30-34,Mujeres,11
2018,06902600,TRASTORNO GENERALIZADOS DEL DESARROLLO,SECCIÓN N: INGRESOS AL PROGRAMA DE SALUD  MENTAL EN APS /ESPECIALIDAD,35-39,Hombres,13
2018,06902600,TRASTORNO GENERALIZADOS DEL DESARROLLO,SECCIÓN N: INGRESOS AL PROGRAMA DE SALUD  MENTAL EN APS /ESPECIALIDAD,35-39,Mujeres,15
2018,06902600,TRASTORNO GENERALIZADOS DEL DESARROLLO,SECCIÓN N: INGRESOS AL PROGRAMA DE SALUD  MENTAL EN APS /ESPECIALIDAD,40-44,Hombres,7
2018,06902600,TRASTORNO GENERALIZADOS DEL DESARROLLO,SECCIÓN N: INGRESOS AL PROGRAMA DE SALUD  MENTAL EN APS /ESPECIALIDAD,40-44,Mujeres,16
2018,06902600,TRASTORNO GENERALIZADOS DEL DESARROLLO,SECCIÓN N: INGRESOS AL PROGRAMA DE SALUD  MENTAL EN APS /ESPECIALIDAD,45-49,Hombres,4
2018,06902600,TRASTORNO GENERALIZADOS DEL DESARROLLO,SECCIÓN N: INGRESOS AL PROGRAMA DE SALUD  MENTAL EN APS /ESPECIALIDAD,45-49,Mujeres,13
2018,06902600,TRASTORNO GENERALIZADOS DEL DESARROLLO,SECCIÓN N: INGRESOS AL PROGRAMA DE SALUD  MENTAL EN APS /ESPECIALIDAD,50-54,Hombres,4
2018,06902600,TRASTORNO GENERALIZADOS DEL DESARROLLO,SECCIÓN N: INGRESOS AL PROGRAMA DE SALUD  MENTAL EN APS /ESPECIALIDAD,50-54,Mujeres,17
2018,06902600,TRASTORNO GENERALIZADOS DEL DESARROLLO,SECCIÓN N: INGRESOS AL PROGRAMA DE SALUD  MENTAL EN APS /ESPECIALIDAD,55-59,Hombres,9
2018,06902600,TRASTORNO GENERALIZADOS DEL DESARROLLO,SECCIÓN N: INGRESOS AL PROGRAMA DE SALUD  MENTAL EN APS /ESPECIALIDAD,55-59,Mujeres,11
2018,06902600,TRASTORNO GENERALIZADOS DEL DESARROLLO,SECCIÓN N: INGRESOS AL PROGRAMA DE SALUD  MENTAL EN APS /ESPECIALIDAD,60-64,Hombres,6
2018,06902600,TRASTORNO GENERALIZADOS DEL DESARROLLO,SECCIÓN N: INGRESOS AL PROGRAMA DE SALUD  MENTAL EN APS /ESPECIALIDAD,60-64,Mujeres,10
2018,06902600,TRASTORNO GENERALIZADOS DEL DESARROLLO,SECCIÓN N: INGRESOS AL PROGRAMA DE SALUD  MENTAL EN APS /ESPECIALIDAD,65-69,Hombres,2
2018,06902600,TRASTORNO GENERALIZADOS DEL DESARROLLO,SECCIÓN N: INGRESOS AL PROGRAMA DE SALUD  MENTAL EN APS /ESPECIALIDAD,65-69,Mujeres,10
2018,06902600,TRASTORNO GENERALIZADOS DEL DESARROLLO,SECCIÓN N: INGRESOS AL PROGRAMA DE SALUD  MENTAL EN APS /ESPECIALIDAD,70-74,Hombres,7
2018,06902600,TRASTORNO GENERALIZADOS DEL DESARROLLO,SECCIÓN N: INGRESOS AL PROGRAMA DE SALUD  MENTAL EN APS /ESPECIALIDAD,70-74,Mujeres,2
2018,06902600,TRASTORNO GENERALIZADOS DEL DESARROLLO,SECCIÓN N: INGRESOS AL PROGRAMA DE SALUD  MENTAL EN APS /ESPECIALIDAD,75-79,Hombres,0
2018,06902600,TRASTORNO GENERALIZADOS DEL DESARROLLO,SECCIÓN N: INGRESOS AL PROGRAMA DE SALUD  MENTAL EN APS /ESPECIALIDAD,75-79,Mujeres,8
2018,06902600,TRASTORNO GENERALIZADOS DEL DESARROLLO,SECCIÓN N: INGRESOS AL PROGRAMA DE SALUD  MENTAL EN APS /ESPECIALIDAD,80+,Hombres,4
2018,06902600,TRASTORNO GENERALIZADOS DEL DESARROLLO,SECCIÓN N: INGRESOS AL PROGRAMA DE SALUD  MENTAL EN APS /ESPECIALIDAD,80+,Mujeres,12
2018,05225000,TRASTORNO GENERALIZADOS DEL DESARROLLO,SECCIÓN O: EGRESOS DEL PROGRAMA DE SALUD  MENTAL POR ALTAS CLÍNICAS EN APS /ESPECIALIDAD,0-4,Hombres,114
2018,05225000,TRASTORNO GENERALIZADOS DEL DESARROLLO,SECCIÓN O: EGRESOS DEL PROGRAMA DE SALUD  MENTAL POR ALTAS CLÍNICAS EN APS /ESPECIALIDAD,0-4,Mujeres,57
2018,05225000,TRASTORNO GENERALIZADOS DEL DESARROLLO,SECCIÓN O: EGRESOS DEL PROGRAMA DE SALUD  MENTAL POR ALTAS CLÍNICAS EN APS /ESPECIALIDAD,5-9,Hombres,242
2018,05225000,TRASTORNO GENERALIZADOS DEL DESARROLLO,SECCIÓN O: EGRESOS DEL PROGRAMA DE SALUD  MENTAL POR ALTAS CLÍNICAS EN APS /ESPECIALIDAD,5-9,Mujeres,64
2018,05225000,TRASTORNO GENERALIZADOS DEL DESARROLLO,SECCIÓN O: EGRESOS DEL PROGRAMA DE SALUD  MENTAL POR ALTAS CLÍNICAS EN APS /ESPECIALIDAD,10-14,Hombres,234
2018,05225000,TRASTORNO GENERALIZADOS DEL DESARROLLO,SECCIÓN O: EGRESOS DEL PROGRAMA DE SALUD  MENTAL POR ALTAS CLÍNICAS EN APS /ESPECIALIDAD,10-14,Mujeres,63
2018,05225000,TRASTORNO GENERALIZADOS DEL DESARROLLO,SECCIÓN O: EGRESOS DEL PROGRAMA DE SALUD  MENTAL POR ALTAS CLÍNICAS EN APS /ESPECIALIDAD,15-19,Hombres,111
2018,05225000,TRASTORNO GENERALIZADOS DEL DESARROLLO,SECCIÓN O: EGRESOS DEL PROGRAMA DE SALUD  MENTAL POR ALTAS CLÍNICAS EN APS /ESPECIALIDAD,15-19,Mujeres,47
2018,05225000,TRASTORNO GENERALIZADOS DEL DESARROLLO,SECCIÓN O: EGRESOS DEL PROGRAMA DE SALUD  MENTAL POR ALTAS CLÍNICAS EN APS /ESPECIALIDAD,20-24,Hombres,19
2018,05225000,TRASTORNO GENERALIZADOS DEL DESARROLLO,SECCIÓN O: EGRESOS DEL PROGRAMA DE SALUD  MENTAL POR ALTAS CLÍNICAS EN APS /ESPECIALIDAD,20-24,Mujeres,5
2018,05225000,TRASTORNO GENERALIZADOS DEL DESARROLLO,SECCIÓN O: EGRESOS DEL PROGRAMA DE SALUD  MENTAL POR ALTAS CLÍNICAS EN APS /ESPECIALIDAD,25-29,Hombres,12
2018,05225000,TRASTORNO GENERALIZADOS DEL DESARROLLO,SECCIÓN O: EGRESOS DEL PROGRAMA DE SALUD  MENTAL POR ALTAS CLÍNICAS EN APS /ESPECIALIDAD,25-29,Mujeres,10
2018,05225000,TRASTORNO GENERALIZADOS DEL DESARROLLO,SECCIÓN O: EGRESOS DEL PROGRAMA DE SALUD  MENTAL POR ALTAS CLÍNICAS EN APS /ESPECIALIDAD,30-34,Hombres,6
2018,05225000,TRASTORNO GENERALIZADOS DEL DESARROLLO,SECCIÓN O: EGRESOS DEL PROGRAMA DE SALUD  MENTAL POR ALTAS CLÍNICAS EN APS /ESPECIALIDAD,30-34,Mujeres,6
2018,05225000,TRASTORNO GENERALIZADOS DEL DESARROLLO,SECCIÓN O: EGRESOS DEL PROGRAMA DE SALUD  MENTAL POR ALTAS CLÍNICAS EN APS /ESPECIALIDAD,35-39,Hombres,2
2018,05225000,TRASTORNO GENERALIZADOS DEL DESARROLLO,SECCIÓN O: EGRESOS DEL PROGRAMA DE SALUD  MENTAL POR ALTAS CLÍNICAS EN APS /ESPECIALIDAD,35-39,Mujeres,4
2018,05225000,TRASTORNO GENERALIZADOS DEL DESARROLLO,SECCIÓN O: EGRESOS DEL PROGRAMA DE SALUD  MENTAL POR ALTAS CLÍNICAS EN APS /ESPECIALIDAD,40-44,Hombres,2
2018,05225000,TRASTORNO GENERALIZADOS DEL DESARROLLO,SECCIÓN O: EGRESOS DEL PROGRAMA DE SALUD  MENTAL POR ALTAS CLÍNICAS EN APS /ESPECIALIDAD,40-44,Mujeres,9
2018,05225000,TRASTORNO GENERALIZADOS DEL DESARROLLO,SECCIÓN O: EGRESOS DEL PROGRAMA DE SALUD  MENTAL POR ALTAS CLÍNICAS EN APS /ESPECIALIDAD,45-49,Hombres,1
2018,05225000,TRASTORNO GENERALIZADOS DEL DESARROLLO,SECCIÓN O: EGRESOS DEL PROGRAMA DE SALUD  MENTAL POR ALTAS CLÍNICAS EN APS /ESPECIALIDAD,45-49,Mujeres,2
2018,05225000,TRASTORNO GENERALIZADOS DEL DESARROLLO,SECCIÓN O: EGRESOS DEL PROGRAMA DE SALUD  MENTAL POR ALTAS CLÍNICAS EN APS /ESPECIALIDAD,50-54,Hombres,1
2018,05225000,TRASTORNO GENERALIZADOS DEL DESARROLLO,SECCIÓN O: EGRESOS DEL PROGRAMA DE SALUD  MENTAL POR ALTAS CLÍNICAS EN APS /ESPECIALIDAD,50-54,Mujeres,6
2018,05225000,TRASTORNO GENERALIZADOS DEL DESARROLLO,SECCIÓN O: EGRESOS DEL PROGRAMA DE SALUD  MENTAL POR ALTAS CLÍNICAS EN APS /ESPECIALIDAD,55-59,Hombres,1
2018,05225000,TRASTORNO GENERALIZADOS DEL DESARROLLO,SECCIÓN O: EGRESOS DEL PROGRAMA DE SALUD  MENTAL POR ALTAS CLÍNICAS EN APS /ESPECIALIDAD,55-59,Mujeres,2
2018,05225000,TRASTORNO GENERALIZADOS DEL DESARROLLO,SECCIÓN O: EGRESOS DEL PROGRAMA DE SALUD  MENTAL POR ALTAS CLÍNICAS EN APS /ESPECIALIDAD,60-64,Hombres,0
2018,05225000,TRASTORNO GENERALIZADOS DEL DESARROLLO,SECCIÓN O: EGRESOS DEL PROGRAMA DE SALUD  MENTAL POR ALTAS CLÍNICAS EN APS /ESPECIALIDAD,60-64,Mujeres,8
2018,05225000,TRASTORNO GENERALIZADOS DEL DESARROLLO,SECCIÓN O: EGRESOS DEL PROGRAMA DE SALUD  MENTAL POR ALTAS CLÍNICAS EN APS /ESPECIALIDAD,65-69,Hombres,1
2018,05225000,TRASTORNO GENERALIZADOS DEL DESARROLLO,SECCIÓN O: EGRESOS DEL PROGRAMA DE SALUD  MENTAL POR ALTAS CLÍNICAS EN APS /ESPECIALIDAD,65-69,Mujeres,6
2018,05225000,TRASTORNO GENERALIZADOS DEL DESARROLLO,SECCIÓN O: EGRESOS DEL PROGRAMA DE SALUD  MENTAL POR ALTAS CLÍNICAS EN APS /ESPECIALIDAD,70-74,Hombres,2
2018,05225000,TRASTORNO GENERALIZADOS DEL DESARROLLO,SECCIÓN O: EGRESOS DEL PROGRAMA DE SALUD  MENTAL POR ALTAS CLÍNICAS EN APS /ESPECIALIDAD,70-74,Mujeres,0
2018,05225000,TRASTORNO GENERALIZADOS DEL DESARROLLO,SECCIÓN O: EGRESOS DEL PROGRAMA DE SALUD  MENTAL POR ALTAS CLÍNICAS EN APS /ESPECIALIDAD,75-79,Hombres,1
2018,05225000,TRASTORNO GENERALIZADOS DEL DESARROLLO,SECCIÓN O: EGRESOS DEL PROGRAMA DE SALUD  MENTAL POR ALTAS CLÍNICAS EN APS /ESPECIALIDAD,75-79,Mujeres,3
2018,05225000,TRASTORNO GENERALIZADOS DEL DESARROLLO,SECCIÓN O: EGRESOS DEL PROGRAMA DE SALUD  MENTAL POR ALTAS CLÍNICAS EN APS /ESPECIALIDAD,80+,Hombres,0
2018,05225000,TRASTORNO GENERALIZADOS DEL DESARROLLO,SECCIÓN O: EGRESOS DEL PROGRAMA DE SALUD  MENTAL POR ALTAS CLÍNICAS EN APS /ESPECIALIDAD,80+,Mujeres,5
2019,06902600,TRASTORNO GENERALIZADOS DEL DESARROLLO,SECCIÓN N: INGRESOS AL PROGRAMA DE SALUD  MENTAL EN APS /ESPECIALIDAD,0-4,Hombres,739
2019,06902600,TRASTORNO GENERALIZADOS DEL DESARROLLO,SECCIÓN N: INGRESOS AL PROGRAMA DE SALUD  MENTAL EN APS /ESPECIALIDAD,0-4,Mujeres,277
2019,06902600,TRASTORNO GENERALIZADOS DEL DESARROLLO,SECCIÓN N: INGRESOS AL PROGRAMA DE SALUD  MENTAL EN APS /ESPECIALIDAD,5-9,Hombres,1350
2019,06902600,TRASTORNO GENERALIZADOS DEL DESARROLLO,SECCIÓN N: INGRESOS AL PROGRAMA DE SALUD  MENTAL EN APS /ESPECIALIDAD,5-9,Mujeres,303
2019,06902600,TRASTORNO GENERALIZADOS DEL DESARROLLO,SECCIÓN N: INGRESOS AL PROGRAMA DE SALUD  MENTAL EN APS /ESPECIALIDAD,10-14,Hombres,728
2019,06902600,TRASTORNO GENERALIZADOS DEL DESARROLLO,SECCIÓN N: INGRESOS AL PROGRAMA DE SALUD  MENTAL EN APS /ESPECIALIDAD,10-14,Mujeres,208
2019,06902600,TRASTORNO GENERALIZADOS DEL DESARROLLO,SECCIÓN N: INGRESOS AL PROGRAMA DE SALUD  MENTAL EN APS /ESPECIALIDAD,15-19,Hombres,367
2019,06902600,TRASTORNO GENERALIZADOS DEL DESARROLLO,SECCIÓN N: INGRESOS AL PROGRAMA DE SALUD  MENTAL EN APS /ESPECIALIDAD,15-19,Mujeres,130
2019,06902600,TRASTORNO GENERALIZADOS DEL DESARROLLO,SECCIÓN N: INGRESOS AL PROGRAMA DE SALUD  MENTAL EN APS /ESPECIALIDAD,20-24,Hombres,77
2019,06902600,TRASTORNO GENERALIZADOS DEL DESARROLLO,SECCIÓN N: INGRESOS AL PROGRAMA DE SALUD  MENTAL EN APS /ESPECIALIDAD,20-24,Mujeres,32
2019,06902600,TRASTORNO GENERALIZADOS DEL DESARROLLO,SECCIÓN N: INGRESOS AL PROGRAMA DE SALUD  MENTAL EN APS /ESPECIALIDAD,25-29,Hombres,38
2019,06902600,TRASTORNO GENERALIZADOS DEL DESARROLLO,SECCIÓN N: INGRESOS AL PROGRAMA DE SALUD  MENTAL EN APS /ESPECIALIDAD,25-29,Mujeres,22
2019,06902600,TRASTORNO GENERALIZADOS DEL DESARROLLO,SECCIÓN N: INGRESOS AL PROGRAMA DE SALUD  MENTAL EN APS /ESPECIALIDAD,30-34,Hombres,22
2019,06902600,TRASTORNO GENERALIZADOS DEL DESARROLLO,SECCIÓN N: INGRESOS AL PROGRAMA DE SALUD  MENTAL EN APS /ESPECIALIDAD,30-34,Mujeres,19
2019,06902600,TRASTORNO GENERALIZADOS DEL DESARROLLO,SECCIÓN N: INGRESOS AL PROGRAMA DE SALUD  MENTAL EN APS /ESPECIALIDAD,35-39,Hombres,6
2019,06902600,TRASTORNO GENERALIZADOS DEL DESARROLLO,SECCIÓN N: INGRESOS AL PROGRAMA DE SALUD  MENTAL EN APS /ESPECIALIDAD,35-39,Mujeres,13
2019,06902600,TRASTORNO GENERALIZADOS DEL DESARROLLO,SECCIÓN N: INGRESOS AL PROGRAMA DE SALUD  MENTAL EN APS /ESPECIALIDAD,40-44,Hombres,3
2019,06902600,TRASTORNO GENERALIZADOS DEL DESARROLLO,SECCIÓN N: INGRESOS AL PROGRAMA DE SALUD  MENTAL EN APS /ESPECIALIDAD,40-44,Mujeres,16
2019,06902600,TRASTORNO GENERALIZADOS DEL DESARROLLO,SECCIÓN N: INGRESOS AL PROGRAMA DE SALUD  MENTAL EN APS /ESPECIALIDAD,45-49,Hombres,4
2019,06902600,TRASTORNO GENERALIZADOS DEL DESARROLLO,SECCIÓN N: INGRESOS AL PROGRAMA DE SALUD  MENTAL EN APS /ESPECIALIDAD,45-49,Mujeres,9
2019,06902600,TRASTORNO GENERALIZADOS DEL DESARROLLO,SECCIÓN N: INGRESOS AL PROGRAMA DE SALUD  MENTAL EN APS /ESPECIALIDAD,50-54,Hombres,7
2019,06902600,TRASTORNO GENERALIZADOS DEL DESARROLLO,SECCIÓN N: INGRESOS AL PROGRAMA DE SALUD  MENTAL EN APS /ESPECIALIDAD,50-54,Mujeres,12
2019,06902600,TRASTORNO GENERALIZADOS DEL DESARROLLO,SECCIÓN N: INGRESOS AL PROGRAMA DE SALUD  MENTAL EN APS /ESPECIALIDAD,55-59,Hombres,6
2019,06902600,TRASTORNO GENERALIZADOS DEL DESARROLLO,SECCIÓN N: INGRESOS AL PROGRAMA DE SALUD  MENTAL EN APS /ESPECIALIDAD,55-59,Mujeres,13
2019,06902600,TRASTORNO GENERALIZADOS DEL DESARROLLO,SECCIÓN N: INGRESOS AL PROGRAMA DE SALUD  MENTAL EN APS /ESPECIALIDAD,60-64,Hombres,3
2019,06902600,TRASTORNO GENERALIZADOS DEL DESARROLLO,SECCIÓN N: INGRESOS AL PROGRAMA DE SALUD  MENTAL EN APS /ESPECIALIDAD,60-64,Mujeres,6
2019,06902600,TRASTORNO GENERALIZADOS DEL DESARROLLO,SECCIÓN N: INGRESOS AL PROGRAMA DE SALUD  MENTAL EN APS /ESPECIALIDAD,65-69,Hombres,1
2019,06902600,TRASTORNO GENERALIZADOS DEL DESARROLLO,SECCIÓN N: INGRESOS AL PROGRAMA DE SALUD  MENTAL EN APS /ESPECIALIDAD,65-69,Mujeres,6
2019,06902600,TRASTORNO GENERALIZADOS DEL DESARROLLO,SECCIÓN N: INGRESOS AL PROGRAMA DE SALUD  MENTAL EN APS /ESPECIALIDAD,70-74,Hombres,2
2019,06902600,TRASTORNO GENERALIZADOS DEL DESARROLLO,SECCIÓN N: INGRESOS AL PROGRAMA DE SALUD  MENTAL EN APS /ESPECIALIDAD,70-74,Mujeres,5
2019,06902600,TRASTORNO GENERALIZADOS DEL DESARROLLO,SECCIÓN N: INGRESOS AL PROGRAMA DE SALUD  MENTAL EN APS /ESPECIALIDAD,75-79,Hombres,1
2019,06902600,TRASTORNO GENERALIZADOS DEL DESARROLLO,SECCIÓN N: INGRESOS AL PROGRAMA DE SALUD  MENTAL EN APS /ESPECIALIDAD,75-79,Mujeres,2
2019,06902600,TRASTORNO GENERALIZADOS DEL DESARROLLO,SECCIÓN N: INGRESOS AL PROGRAMA DE SALUD  MENTAL EN APS /ESPECIALIDAD,80+,Hombres,1
2019,06902600,TRASTORNO GENERALIZADOS DEL DESARROLLO,SECCIÓN N: INGRESOS AL PROGRAMA DE SALUD  MENTAL EN APS /ESPECIALIDAD,80+,Mujeres,0
2019,05225000,TRASTORNO GENERALIZADOS DEL DESARROLLO,SECCIÓN O: EGRESOS DEL PROGRAMA DE SALUD  MENTAL POR ALTAS CLÍNICAS EN APS /ESPECIALIDAD,0-4,Hombres,130
2019,05225000,TRASTORNO GENERALIZADOS DEL DESARROLLO,SECCIÓN O: EGRESOS DEL PROGRAMA DE SALUD  MENTAL POR ALTAS CLÍNICAS EN APS /ESPECIALIDAD,0-4,Mujeres,48
2019,05225000,TRASTORNO GENERALIZADOS DEL DESARROLLO,SECCIÓN O: EGRESOS DEL PROGRAMA DE SALUD  MENTAL POR ALTAS CLÍNICAS EN APS /ESPECIALIDAD,5-9,Hombres,331
2019,05225000,TRASTORNO GENERALIZADOS DEL DESARROLLO,SECCIÓN O: EGRESOS DEL PROGRAMA DE SALUD  MENTAL POR ALTAS CLÍNICAS EN APS /ESPECIALIDAD,5-9,Mujeres,74
2019,05225000,TRASTORNO GENERALIZADOS DEL DESARROLLO,SECCIÓN O: EGRESOS DEL PROGRAMA DE SALUD  MENTAL POR ALTAS CLÍNICAS EN APS /ESPECIALIDAD,10-14,Hombres,209
2019,05225000,TRASTORNO GENERALIZADOS DEL DESARROLLO,SECCIÓN O: EGRESOS DEL PROGRAMA DE SALUD  MENTAL POR ALTAS CLÍNICAS EN APS /ESPECIALIDAD,10-14,Mujeres,67
2019,05225000,TRASTORNO GENERALIZADOS DEL DESARROLLO,SECCIÓN O: EGRESOS DEL PROGRAMA DE SALUD  MENTAL POR ALTAS CLÍNICAS EN APS /ESPECIALIDAD,15-19,Hombres,142
2019,05225000,TRASTORNO GENERALIZADOS DEL DESARROLLO,SECCIÓN O: EGRESOS DEL PROGRAMA DE SALUD  MENTAL POR ALTAS CLÍNICAS EN APS /ESPECIALIDAD,15-19,Mujeres,45
2019,05225000,TRASTORNO GENERALIZADOS DEL DESARROLLO,SECCIÓN O: EGRESOS DEL PROGRAMA DE SALUD  MENTAL POR ALTAS CLÍNICAS EN APS /ESPECIALIDAD,20-24,Hombres,23
2019,05225000,TRASTORNO GENERALIZADOS DEL DESARROLLO,SECCIÓN O: EGRESOS DEL PROGRAMA DE SALUD  MENTAL POR ALTAS CLÍNICAS EN APS /ESPECIALIDAD,20-24,Mujeres,17
2019,05225000,TRASTORNO GENERALIZADOS DEL DESARROLLO,SECCIÓN O: EGRESOS DEL PROGRAMA DE SALUD  MENTAL POR ALTAS CLÍNICAS EN APS /ESPECIALIDAD,25-29,Hombres,15
2019,05225000,TRASTORNO GENERALIZADOS DEL DESARROLLO,SECCIÓN O: EGRESOS DEL PROGRAMA DE SALUD  MENTAL POR ALTAS CLÍNICAS EN APS /ESPECIALIDAD,25-29,Mujeres,10
2019,05225000,TRASTORNO GENERALIZADOS DEL DESARROLLO,SECCIÓN O: EGRESOS DEL PROGRAMA DE SALUD  MENTAL POR ALTAS CLÍNICAS EN APS /ESPECIALIDAD,30-34,Hombres,4
2019,05225000,TRASTORNO GENERALIZADOS DEL DESARROLLO,SECCIÓN O: EGRESOS DEL PROGRAMA DE SALUD  MENTAL POR ALTAS CLÍNICAS EN APS /ESPECIALIDAD,30-34,Mujeres,7
2019,05225000,TRASTORNO GENERALIZADOS DEL DESARROLLO,SECCIÓN O: EGRESOS DEL PROGRAMA DE SALUD  MENTAL POR ALTAS CLÍNICAS EN APS /ESPECIALIDAD,35-39,Hombres,5
2019,05225000,TRASTORNO GENERALIZADOS DEL DESARROLLO,SECCIÓN O: EGRESOS DEL PROGRAMA DE SALUD  MENTAL POR ALTAS CLÍNICAS EN APS /ESPECIALIDAD,35-39,Mujeres,5
2019,05225000,TRASTORNO GENERALIZADOS DEL DESARROLLO,SECCIÓN O: EGRESOS DEL PROGRAMA DE SALUD  MENTAL POR ALTAS CLÍNICAS EN APS /ESPECIALIDAD,40-44,Hombres,6
2019,05225000,TRASTORNO GENERALIZADOS DEL DESARROLLO,SECCIÓN O: EGRESOS DEL PROGRAMA DE SALUD  MENTAL POR ALTAS CLÍNICAS EN APS /ESPECIALIDAD,40-44,Mujeres,14
2019,05225000,TRASTORNO GENERALIZADOS DEL DESARROLLO,SECCIÓN O: EGRESOS DEL PROGRAMA DE SALUD  MENTAL POR ALTAS CLÍNICAS EN APS /ESPECIALIDAD,45-49,Hombres,2
2019,05225000,TRASTORNO GENERALIZADOS DEL DESARROLLO,SECCIÓN O: EGRESOS DEL PROGRAMA DE SALUD  MENTAL POR ALTAS CLÍNICAS EN APS /ESPECIALIDAD,45-49,Mujeres,9
2019,05225000,TRASTORNO GENERALIZADOS DEL DESARROLLO,SECCIÓN O: EGRESOS DEL PROGRAMA DE SALUD  MENTAL POR ALTAS CLÍNICAS EN APS /ESPECIALIDAD,50-54,Hombres,1
2019,05225000,TRASTORNO GENERALIZADOS DEL DESARROLLO,SECCIÓN O: EGRESOS DEL PROGRAMA DE SALUD  MENTAL POR ALTAS CLÍNICAS EN APS /ESPECIALIDAD,50-54,Mujeres,12
2019,05225000,TRASTORNO GENERALIZADOS DEL DESARROLLO,SECCIÓN O: EGRESOS DEL PROGRAMA DE SALUD  MENTAL POR ALTAS CLÍNICAS EN APS /ESPECIALIDAD,55-59,Hombres,4
2019,05225000,TRASTORNO GENERALIZADOS DEL DESARROLLO,SECCIÓN O: EGRESOS DEL PROGRAMA DE SALUD  MENTAL POR ALTAS CLÍNICAS EN APS /ESPECIALIDAD,55-59,Mujeres,9
2019,05225000,TRASTORNO GENERALIZADOS DEL DESARROLLO,SECCIÓN O: EGRESOS DEL PROGRAMA DE SALUD  MENTAL POR ALTAS CLÍNICAS EN APS /ESPECIALIDAD,60-64,Hombres,0
2019,05225000,TRASTORNO GENERALIZADOS DEL DESARROLLO,SECCIÓN O: EGRESOS DEL PROGRAMA DE SALUD  MENTAL POR ALTAS CLÍNICAS EN APS /ESPECIALIDAD,60-64,Mujeres,4
2019,05225000,TRASTORNO GENERALIZADOS DEL DESARROLLO,SECCIÓN O: EGRESOS DEL PROGRAMA DE SALUD  MENTAL POR ALTAS CLÍNICAS EN APS /ESPECIALIDAD,65-69,Hombres,0
2019,05225000,TRASTORNO GENERALIZADOS DEL DESARROLLO,SECCIÓN O: EGRESOS DEL PROGRAMA DE SALUD  MENTAL POR ALTAS CLÍNICAS EN APS /ESPECIALIDAD,65-69,Mujeres,3
2019,05225000,TRASTORNO GENERALIZADOS DEL DESARROLLO,SECCIÓN O: EGRESOS DEL PROGRAMA DE SALUD  MENTAL POR ALTAS CLÍNICAS EN APS /ESPECIALIDAD,70-74,Hombres,1
2019,05225000,TRASTORNO GENERALIZADOS DEL DESARROLLO,SECCIÓN O: EGRESOS DEL PROGRAMA DE SALUD  MENTAL POR ALTAS CLÍNICAS EN APS /ESPECIALIDAD,70-74,Mujeres,1
2019,05225000,TRASTORNO GENERALIZADOS DEL DESARROLLO,SECCIÓN O: EGRESOS DEL PROGRAMA DE SALUD  MENTAL POR ALTAS CLÍNICAS EN APS /ESPECIALIDAD,75-79,Hombres,1
2019,05225000,TRASTORNO GENERALIZADOS DEL DESARROLLO,SECCIÓN O: EGRESOS DEL PROGRAMA DE SALUD  MENTAL POR ALTAS CLÍNICAS EN APS /ESPECIALIDAD,75-79,Mujeres,5
2019,05225000,TRASTORNO GENERALIZADOS DEL DESARROLLO,SECCIÓN O: EGRESOS DEL PROGRAMA DE SALUD  MENTAL POR ALTAS CLÍNICAS EN APS /ESPECIALIDAD,80+,Hombres,0
2019,05225000,TRASTORNO GENERALIZADOS DEL DESARROLLO,SECCIÓN O: EGRESOS DEL PROGRAMA DE SALUD  MENTAL POR ALTAS CLÍNICAS EN APS /ESPECIALIDAD,80+,Mujeres,4
2020,06902600,TRASTORNO GENERALIZADOS DEL DESARROLLO,SECCIÓN N: INGRESOS AL PROGRAMA DE SALUD  MENTAL EN APS /ESPECIALIDAD,0-4,Hombres,405
2020,06902600,TRASTORNO GENERALIZADOS DEL DESARROLLO,SECCIÓN N: INGRESOS AL PROGRAMA DE SALUD  MENTAL EN APS /ESPECIALIDAD,0-4,Mujeres,113
2020,06902600,TRASTORNO GENERALIZADOS DEL DESARROLLO,SECCIÓN N: INGRESOS AL PROGRAMA DE SALUD  MENTAL EN APS /ESPECIALIDAD,5-9,Hombres,759
2020,06902600,TRASTORNO GENERALIZADOS DEL DESARROLLO,SECCIÓN N: INGRESOS AL PROGRAMA DE SALUD  MENTAL EN APS /ESPECIALIDAD,5-9,Mujeres,201
2020,06902600,TRASTORNO GENERALIZADOS DEL DESARROLLO,SECCIÓN N: INGRESOS AL PROGRAMA DE SALUD  MENTAL EN APS /ESPECIALIDAD,10-14,Hombres,399
2020,06902600,TRASTORNO GENERALIZADOS DEL DESARROLLO,SECCIÓN N: INGRESOS AL PROGRAMA DE SALUD  MENTAL EN APS /ESPECIALIDAD,10-14,Mujeres,121
2020,06902600,TRASTORNO GENERALIZADOS DEL DESARROLLO,SECCIÓN N: INGRESOS AL PROGRAMA DE SALUD  MENTAL EN APS /ESPECIALIDAD,15-19,Hombres,239
2020,06902600,TRASTORNO GENERALIZADOS DEL DESARROLLO,SECCIÓN N: INGRESOS AL PROGRAMA DE SALUD  MENTAL EN APS /ESPECIALIDAD,15-19,Mujeres,84
2020,06902600,TRASTORNO GENERALIZADOS DEL DESARROLLO,SECCIÓN N: INGRESOS AL PROGRAMA DE SALUD  MENTAL EN APS /ESPECIALIDAD,20-24,Hombres,60
2020,06902600,TRASTORNO GENERALIZADOS DEL DESARROLLO,SECCIÓN N: INGRESOS AL PROGRAMA DE SALUD  MENTAL EN APS /ESPECIALIDAD,20-24,Mujeres,15
2020,06902600,TRASTORNO GENERALIZADOS DEL DESARROLLO,SECCIÓN N: INGRESOS AL PROGRAMA DE SALUD  MENTAL EN APS /ESPECIALIDAD,25-29,Hombres,25
2020,06902600,TRASTORNO GENERALIZADOS DEL DESARROLLO,SECCIÓN N: INGRESOS AL PROGRAMA DE SALUD  MENTAL EN APS /ESPECIALIDAD,25-29,Mujeres,13
2020,06902600,TRASTORNO GENERALIZADOS DEL DESARROLLO,SECCIÓN N: INGRESOS AL PROGRAMA DE SALUD  MENTAL EN APS /ESPECIALIDAD,30-34,Hombres,19
2020,06902600,TRASTORNO GENERALIZADOS DEL DESARROLLO,SECCIÓN N: INGRESOS AL PROGRAMA DE SALUD  MENTAL EN APS /ESPECIALIDAD,30-34,Mujeres,9
2020,06902600,TRASTORNO GENERALIZADOS DEL DESARROLLO,SECCIÓN N: INGRESOS AL PROGRAMA DE SALUD  MENTAL EN APS /ESPECIALIDAD,35-39,Hombres,9
2020,06902600,TRASTORNO GENERALIZADOS DEL DESARROLLO,SECCIÓN N: INGRESOS AL PROGRAMA DE SALUD  MENTAL EN APS /ESPECIALIDAD,35-39,Mujeres,8
2020,06902600,TRASTORNO GENERALIZADOS DEL DESARROLLO,SECCIÓN N: INGRESOS AL PROGRAMA DE SALUD  MENTAL EN APS /ESPECIALIDAD,40-44,Hombres,7
2020,06902600,TRASTORNO GENERALIZADOS DEL DESARROLLO,SECCIÓN N: INGRESOS AL PROGRAMA DE SALUD  MENTAL EN APS /ESPECIALIDAD,40-44,Mujeres,3
2020,06902600,TRASTORNO GENERALIZADOS DEL DESARROLLO,SECCIÓN N: INGRESOS AL PROGRAMA DE SALUD  MENTAL EN APS /ESPECIALIDAD,45-49,Hombres,9
2020,06902600,TRASTORNO GENERALIZADOS DEL DESARROLLO,SECCIÓN N: INGRESOS AL PROGRAMA DE SALUD  MENTAL EN APS /ESPECIALIDAD,45-49,Mujeres,13
2020,06902600,TRASTORNO GENERALIZADOS DEL DESARROLLO,SECCIÓN N: INGRESOS AL PROGRAMA DE SALUD  MENTAL EN APS /ESPECIALIDAD,50-54,Hombres,6
2020,06902600,TRASTORNO GENERALIZADOS DEL DESARROLLO,SECCIÓN N: INGRESOS AL PROGRAMA DE SALUD  MENTAL EN APS /ESPECIALIDAD,50-54,Mujeres,4
2020,06902600,TRASTORNO GENERALIZADOS DEL DESARROLLO,SECCIÓN N: INGRESOS AL PROGRAMA DE SALUD  MENTAL EN APS /ESPECIALIDAD,55-59,Hombres,6
2020,06902600,TRASTORNO GENERALIZADOS DEL DESARROLLO,SECCIÓN N: INGRESOS AL PROGRAMA DE SALUD  MENTAL EN APS /ESPECIALIDAD,55-59,Mujeres,9
2020,06902600,TRASTORNO GENERALIZADOS DEL DESARROLLO,SECCIÓN N: INGRESOS AL PROGRAMA DE SALUD  MENTAL EN APS /ESPECIALIDAD,60-64,Hombres,4
2020,06902600,TRASTORNO GENERALIZADOS DEL DESARROLLO,SECCIÓN N: INGRESOS AL PROGRAMA DE SALUD  MENTAL EN APS /ESPECIALIDAD,60-64,Mujeres,7
2020,06902600,TRASTORNO GENERALIZADOS DEL DESARROLLO,SECCIÓN N: INGRESOS AL PROGRAMA DE SALUD  MENTAL EN APS /ESPECIALIDAD,65-69,Hombres,1
2020,06902600,TRASTORNO GENERALIZADOS DEL DESARROLLO,SECCIÓN N: INGRESOS AL PROGRAMA DE SALUD  MENTAL EN APS /ESPECIALIDAD,65-69,Mujeres,2
2020,06902600,TRASTORNO GENERALIZADOS DEL DESARROLLO,SECCIÓN N: INGRESOS AL PROGRAMA DE SALUD  MENTAL EN APS /ESPECIALIDAD,70-74,Hombres,1
2020,06902600,TRASTORNO GENERALIZADOS DEL DESARROLLO,SECCIÓN N: INGRESOS AL PROGRAMA DE SALUD  MENTAL EN APS /ESPECIALIDAD,70-74,Mujeres,2
2020,06902600,TRASTORNO GENERALIZADOS DEL DESARROLLO,SECCIÓN N: INGRESOS AL PROGRAMA DE SALUD  MENTAL EN APS /ESPECIALIDAD,75-79,Hombres,0
2020,06902600,TRASTORNO GENERALIZADOS DEL DESARROLLO,SECCIÓN N: INGRESOS AL PROGRAMA DE SALUD  MENTAL EN APS /ESPECIALIDAD,75-79,Mujeres,1
2020,06902600,TRASTORNO GENERALIZADOS DEL DESARROLLO,SECCIÓN N: INGRESOS AL PROGRAMA DE SALUD  MENTAL EN APS /ESPECIALIDAD,80+,Hombres,4
2020,06902600,TRASTORNO GENERALIZADOS DEL DESARROLLO,SECCIÓN N: INGRESOS AL PROGRAMA DE SALUD  MENTAL EN APS /ESPECIALIDAD,80+,Mujeres,2
2020,05225000,TRASTORNO GENERALIZADOS DEL DESARROLLO,SECCIÓN O: EGRESOS DEL PROGRAMA DE SALUD  MENTAL POR ALTAS CLÍNICAS EN APS /ESPECIALIDAD,0-4,Hombres,38
2020,05225000,TRASTORNO GENERALIZADOS DEL DESARROLLO,SECCIÓN O: EGRESOS DEL PROGRAMA DE SALUD  MENTAL POR ALTAS CLÍNICAS EN APS /ESPECIALIDAD,0-4,Mujeres,22
2020,05225000,TRASTORNO GENERALIZADOS DEL DESARROLLO,SECCIÓN O: EGRESOS DEL PROGRAMA DE SALUD  MENTAL POR ALTAS CLÍNICAS EN APS /ESPECIALIDAD,5-9,Hombres,167
2020,05225000,TRASTORNO GENERALIZADOS DEL DESARROLLO,SECCIÓN O: EGRESOS DEL PROGRAMA DE SALUD  MENTAL POR ALTAS CLÍNICAS EN APS /ESPECIALIDAD,5-9,Mujeres,29
2020,05225000,TRASTORNO GENERALIZADOS DEL DESARROLLO,SECCIÓN O: EGRESOS DEL PROGRAMA DE SALUD  MENTAL POR ALTAS CLÍNICAS EN APS /ESPECIALIDAD,10-14,Hombres,109
2020,05225000,TRASTORNO GENERALIZADOS DEL DESARROLLO,SECCIÓN O: EGRESOS DEL PROGRAMA DE SALUD  MENTAL POR ALTAS CLÍNICAS EN APS /ESPECIALIDAD,10-14,Mujeres,32
2020,05225000,TRASTORNO GENERALIZADOS DEL DESARROLLO,SECCIÓN O: EGRESOS DEL PROGRAMA DE SALUD  MENTAL POR ALTAS CLÍNICAS EN APS /ESPECIALIDAD,15-19,Hombres,89
2020,05225000,TRASTORNO GENERALIZADOS DEL DESARROLLO,SECCIÓN O: EGRESOS DEL PROGRAMA DE SALUD  MENTAL POR ALTAS CLÍNICAS EN APS /ESPECIALIDAD,15-19,Mujeres,32
2020,05225000,TRASTORNO GENERALIZADOS DEL DESARROLLO,SECCIÓN O: EGRESOS DEL PROGRAMA DE SALUD  MENTAL POR ALTAS CLÍNICAS EN APS /ESPECIALIDAD,20-24,Hombres,22
2020,05225000,TRASTORNO GENERALIZADOS DEL DESARROLLO,SECCIÓN O: EGRESOS DEL PROGRAMA DE SALUD  MENTAL POR ALTAS CLÍNICAS EN APS /ESPECIALIDAD,20-24,Mujeres,11
2020,05225000,TRASTORNO GENERALIZADOS DEL DESARROLLO,SECCIÓN O: EGRESOS DEL PROGRAMA DE SALUD  MENTAL POR ALTAS CLÍNICAS EN APS /ESPECIALIDAD,25-29,Hombres,11
2020,05225000,TRASTORNO GENERALIZADOS DEL DESARROLLO,SECCIÓN O: EGRESOS DEL PROGRAMA DE SALUD  MENTAL POR ALTAS CLÍNICAS EN APS /ESPECIALIDAD,25-29,Mujeres,13
2020,05225000,TRASTORNO GENERALIZADOS DEL DESARROLLO,SECCIÓN O: EGRESOS DEL PROGRAMA DE SALUD  MENTAL POR ALTAS CLÍNICAS EN APS /ESPECIALIDAD,30-34,Hombres,3
2020,05225000,TRASTORNO GENERALIZADOS DEL DESARROLLO,SECCIÓN O: EGRESOS DEL PROGRAMA DE SALUD  MENTAL POR ALTAS CLÍNICAS EN APS /ESPECIALIDAD,30-34,Mujeres,11
2020,05225000,TRASTORNO GENERALIZADOS DEL DESARROLLO,SECCIÓN O: EGRESOS DEL PROGRAMA DE SALUD  MENTAL POR ALTAS CLÍNICAS EN APS /ESPECIALIDAD,35-39,Hombres,3
2020,05225000,TRASTORNO GENERALIZADOS DEL DESARROLLO,SECCIÓN O: EGRESOS DEL PROGRAMA DE SALUD  MENTAL POR ALTAS CLÍNICAS EN APS /ESPECIALIDAD,35-39,Mujeres,11
2020,05225000,TRASTORNO GENERALIZADOS DEL DESARROLLO,SECCIÓN O: EGRESOS DEL PROGRAMA DE SALUD  MENTAL POR ALTAS CLÍNICAS EN APS /ESPECIALIDAD,40-44,Hombres,0
2020,05225000,TRASTORNO GENERALIZADOS DEL DESARROLLO,SECCIÓN O: EGRESOS DEL PROGRAMA DE SALUD  MENTAL POR ALTAS CLÍNICAS EN APS /ESPECIALIDAD,40-44,Mujeres,4
2020,05225000,TRASTORNO GENERALIZADOS DEL DESARROLLO,SECCIÓN O: EGRESOS DEL PROGRAMA DE SALUD  MENTAL POR ALTAS CLÍNICAS EN APS /ESPECIALIDAD,45-49,Hombres,1
2020,05225000,TRASTORNO GENERALIZADOS DEL DESARROLLO,SECCIÓN O: EGRESOS DEL PROGRAMA DE SALUD  MENTAL POR ALTAS CLÍNICAS EN APS /ESPECIALIDAD,45-49,Mujeres,7
2020,05225000,TRASTORNO GENERALIZADOS DEL DESARROLLO,SECCIÓN O: EGRESOS DEL PROGRAMA DE SALUD  MENTAL POR ALTAS CLÍNICAS EN APS /ESPECIALIDAD,50-54,Hombres,1
2020,05225000,TRASTORNO GENERALIZADOS DEL DESARROLLO,SECCIÓN O: EGRESOS DEL PROGRAMA DE SALUD  MENTAL POR ALTAS CLÍNICAS EN APS /ESPECIALIDAD,50-54,Mujeres,7
2020,05225000,TRASTORNO GENERALIZADOS DEL DESARROLLO,SECCIÓN O: EGRESOS DEL PROGRAMA DE SALUD  MENTAL POR ALTAS CLÍNICAS EN APS /ESPECIALIDAD,55-59,Hombres,2
2020,05225000,TRASTORNO GENERALIZADOS DEL DESARROLLO,SECCIÓN O: EGRESOS DEL PROGRAMA DE SALUD  MENTAL POR ALTAS CLÍNICAS EN APS /ESPECIALIDAD,55-59,Mujeres,7
2020,05225000,TRASTORNO GENERALIZADOS DEL DESARROLLO,SECCIÓN O: EGRESOS DEL PROGRAMA DE SALUD  MENTAL POR ALTAS CLÍNICAS EN APS /ESPECIALIDAD,60-64,Hombres,0
2020,05225000,TRASTORNO GENERALIZADOS DEL DESARROLLO,SECCIÓN O: EGRESOS DEL PROGRAMA DE SALUD  MENTAL POR ALTAS CLÍNICAS EN APS /ESPECIALIDAD,60-64,Mujeres,3
2020,05225000,TRASTORNO GENERALIZADOS DEL DESARROLLO,SECCIÓN O: EGRESOS DEL PROGRAMA DE SALUD  MENTAL POR ALTAS CLÍNICAS EN APS /ESPECIALIDAD,65-69,Hombres,0
2020,05225000,TRASTORNO GENERALIZADOS DEL DESARROLLO,SECCIÓN O: EGRESOS DEL PROGRAMA DE SALUD  MENTAL POR ALTAS CLÍNICAS EN APS /ESPECIALIDAD,65-69,Mujeres,2
2020,05225000,TRASTORNO GENERALIZADOS DEL DESARROLLO,SECCIÓN O: EGRESOS DEL PROGRAMA DE SALUD  MENTAL POR ALTAS CLÍNICAS EN APS /ESPECIALIDAD,70-74,Hombres,2
2020,05225000,TRASTORNO GENERALIZADOS DEL DESARROLLO,SECCIÓN O: EGRESOS DEL PROGRAMA DE SALUD  MENTAL POR ALTAS CLÍNICAS EN APS /ESPECIALIDAD,70-74,Mujeres,2
2020,05225000,TRASTORNO GENERALIZADOS DEL DESARROLLO,SECCIÓN O: EGRESOS DEL PROGRAMA DE SALUD  MENTAL POR ALTAS CLÍNICAS EN APS /ESPECIALIDAD,75-79,Hombres,0
2020,05225000,TRASTORNO GENERALIZADOS DEL DESARROLLO,SECCIÓN O: EGRESOS DEL PROGRAMA DE SALUD  MENTAL POR ALTAS CLÍNICAS EN APS /ESPECIALIDAD,75-79,Mujeres,1
2020,05225000,TRASTORNO GENERALIZADOS DEL DESARROLLO,SECCIÓN O: EGRESOS DEL PROGRAMA DE SALUD  MENTAL POR ALTAS CLÍNICAS EN APS /ESPECIALIDAD,80+,Hombres,0
2020,05225000,TRASTORNO GENERALIZADOS DEL DESARROLLO,SECCIÓN O: EGRESOS DEL PROGRAMA DE SALUD  MENTAL POR ALTAS CLÍNICAS EN APS /ESPECIALIDAD,80+,Mujeres,4
2021,05990022,TRASTORNO GENERALIZADOS DEL DESARROLLO | AUTISMO,SECCIÓN N: INGRESOS AL PROGRAMA DE SALUD  MENTAL EN APS /ESPECIALIDAD,0-4,Hombres,408
2021,05990022,TRASTORNO GENERALIZADOS DEL DESARROLLO | AUTISMO,SECCIÓN N: INGRESOS AL PROGRAMA DE SALUD  MENTAL EN APS /ESPECIALIDAD,0-4,Mujeres,114
2021,05990022,TRASTORNO GENERALIZADOS DEL DESARROLLO | AUTISMO,SECCIÓN N: INGRESOS AL PROGRAMA DE SALUD  MENTAL EN APS /ESPECIALIDAD,5-9,Hombres,637
2021,05990022,TRASTORNO GENERALIZADOS DEL DESARROLLO | AUTISMO,SECCIÓN N: INGRESOS AL PROGRAMA DE SALUD  MENTAL EN APS /ESPECIALIDAD,5-9,Mujeres,130
2021,05990022,TRASTORNO GENERALIZADOS DEL DESARROLLO | AUTISMO,SECCIÓN N: INGRESOS AL PROGRAMA DE SALUD  MENTAL EN APS /ESPECIALIDAD,10-14,Hombres,316
2021,05990022,TRASTORNO GENERALIZADOS DEL DESARROLLO | AUTISMO,SECCIÓN N: INGRESOS AL PROGRAMA DE SALUD  MENTAL EN APS /ESPECIALIDAD,10-14,Mujeres,104
2021,05990022,TRASTORNO GENERALIZADOS DEL DESARROLLO | AUTISMO,SECCIÓN N: INGRESOS AL PROGRAMA DE SALUD  MENTAL EN APS /ESPECIALIDAD,15-19,Hombres,192
2021,05990022,TRASTORNO GENERALIZADOS DEL DESARROLLO | AUTISMO,SECCIÓN N: INGRESOS AL PROGRAMA DE SALUD  MENTAL EN APS /ESPECIALIDAD,15-19,Mujeres,63
2021,05990022,TRASTORNO GENERALIZADOS DEL DESARROLLO | AUTISMO,SECCIÓN N: INGRESOS AL PROGRAMA DE SALUD  MENTAL EN APS /ESPECIALIDAD,20-24,Hombres,29
2021,05990022,TRASTORNO GENERALIZADOS DEL DESARROLLO | AUTISMO,SECCIÓN N: INGRESOS AL PROGRAMA DE SALUD  MENTAL EN APS /ESPECIALIDAD,20-24,Mujeres,8
2021,05990022,TRASTORNO GENERALIZADOS DEL DESARROLLO | AUTISMO,SECCIÓN N: INGRESOS AL PROGRAMA DE SALUD  MENTAL EN APS /ESPECIALIDAD,25-29,Hombres,19
2021,05990022,TRASTORNO GENERALIZADOS DEL DESARROLLO | AUTISMO,SECCIÓN N: INGRESOS AL PROGRAMA DE SALUD  MENTAL EN APS /ESPECIALIDAD,25-29,Mujeres,10
2021,05990022,TRASTORNO GENERALIZADOS DEL DESARROLLO | AUTISMO,SECCIÓN N: INGRESOS AL PROGRAMA DE SALUD  MENTAL EN APS /ESPECIALIDAD,30-34,Hombres,13
2021,05990022,TRASTORNO GENERALIZADOS DEL DESARROLLO | AUTISMO,SECCIÓN N: INGRESOS AL PROGRAMA DE SALUD  MENTAL EN APS /ESPECIALIDAD,30-34,Mujeres,4
2021,05990022,TRASTORNO GENERALIZADOS DEL DESARROLLO | AUTISMO,SECCIÓN N: INGRESOS AL PROGRAMA DE SALUD  MENTAL EN APS /ESPECIALIDAD,35-39,Hombres,5
2021,05990022,TRASTORNO GENERALIZADOS DEL DESARROLLO | AUTISMO,SECCIÓN N: INGRESOS AL PROGRAMA DE SALUD  MENTAL EN APS /ESPECIALIDAD,35-39,Mujeres,6
2021,05990022,TRASTORNO GENERALIZADOS DEL DESARROLLO | AUTISMO,SECCIÓN N: INGRESOS AL PROGRAMA DE SALUD  MENTAL EN APS /ESPECIALIDAD,40-44,Hombres,3
2021,05990022,TRASTORNO GENERALIZADOS DEL DESARROLLO | AUTISMO,SECCIÓN N: INGRESOS AL PROGRAMA DE SALUD  MENTAL EN APS /ESPECIALIDAD,40-44,Mujeres,3
2021,05990022,TRASTORNO GENERALIZADOS DEL DESARROLLO | AUTISMO,SECCIÓN N: INGRESOS AL PROGRAMA DE SALUD  MENTAL EN APS /ESPECIALIDAD,45-49,Hombres,1
2021,05990022,TRASTORNO GENERALIZADOS DEL DESARROLLO | AUTISMO,SECCIÓN N: INGRESOS AL PROGRAMA DE SALUD  MENTAL EN APS /ESPECIALIDAD,45-49,Mujeres,6
2021,05990022,TRASTORNO GENERALIZADOS DEL DESARROLLO | AUTISMO,SECCIÓN N: INGRESOS AL PROGRAMA DE SALUD  MENTAL EN APS /ESPECIALIDAD,50-54,Hombres,1
2021,05990022,TRASTORNO GENERALIZADOS DEL DESARROLLO | AUTISMO,SECCIÓN N: INGRESOS AL PROGRAMA DE SALUD  MENTAL EN APS /ESPECIALIDAD,50-54,Mujeres,3
2021,05990022,TRASTORNO GENERALIZADOS DEL DESARROLLO | AUTISMO,SECCIÓN N: INGRESOS AL PROGRAMA DE SALUD  MENTAL EN APS /ESPECIALIDAD,55-59,Hombres,0
2021,05990022,TRASTORNO GENERALIZADOS DEL DESARROLLO | AUTISMO,SECCIÓN N: INGRESOS AL PROGRAMA DE SALUD  MENTAL EN APS /ESPECIALIDAD,55-59,Mujeres,2
2021,05990022,TRASTORNO GENERALIZADOS DEL DESARROLLO | AUTISMO,SECCIÓN N: INGRESOS AL PROGRAMA DE SALUD  MENTAL EN APS /ESPECIALIDAD,60-64,Hombres,0
2021,05990022,TRASTORNO GENERALIZADOS DEL DESARROLLO | AUTISMO,SECCIÓN N: INGRESOS AL PROGRAMA DE SALUD  MENTAL EN APS /ESPECIALIDAD,60-64,Mujeres,4
2021,05990022,TRASTORNO GENERALIZADOS DEL DESARROLLO | AUTISMO,SECCIÓN N: INGRESOS AL PROGRAMA DE SALUD  MENTAL EN APS /ESPECIALIDAD,65-69,Hombres,0
2021,05990022,TRASTORNO GENERALIZADOS DEL DESARROLLO | AUTISMO,SECCIÓN N: INGRESOS AL PROGRAMA DE SALUD  MENTAL EN APS /ESPECIALIDAD,65-69,Mujeres,0
2021,05990022,TRASTORNO GENERALIZADOS DEL DESARROLLO | AUTISMO,SECCIÓN N: INGRESOS AL PROGRAMA DE SALUD  MENTAL EN APS /ESPECIALIDAD,70-74,Hombres,0
2021,05990022,TRASTORNO GENERALIZADOS DEL DESARROLLO | AUTISMO,SECCIÓN N: INGRESOS AL PROGRAMA DE SALUD  MENTAL EN APS /ESPECIALIDAD,70-74,Mujeres,1
2021,05990022,TRASTORNO GENERALIZADOS DEL DESARROLLO | AUTISMO,SECCIÓN N: INGRESOS AL PROGRAMA DE SALUD  MENTAL EN APS /ESPECIALIDAD,75-79,Hombres,0
2021,05990022,TRASTORNO GENERALIZADOS DEL DESARROLLO | AUTISMO,SECCIÓN N: INGRESOS AL PROGRAMA DE SALUD  MENTAL EN APS /ESPECIALIDAD,75-79,Mujeres,3
2021,05990022,TRASTORNO GENERALIZADOS DEL DESARROLLO | AUTISMO,SECCIÓN N: INGRESOS AL PROGRAMA DE SALUD  MENTAL EN APS /ESPECIALIDAD,80+,Hombres,0
2021,05990022,TRASTORNO GENERALIZADOS DEL DESARROLLO | AUTISMO,SECCIÓN N: INGRESOS AL PROGRAMA DE SALUD  MENTAL EN APS /ESPECIALIDAD,80+,Mujeres,0
2021,05990023,ASPERGER,SECCIÓN N: INGRESOS AL PROGRAMA DE SALUD  MENTAL EN APS /ESPECIALIDAD,0-4,Hombres,56
2021,05990023,ASPERGER,SECCIÓN N: INGRESOS AL PROGRAMA DE SALUD  MENTAL EN APS /ESPECIALIDAD,0-4,Mujeres,15
2021,05990023,ASPERGER,SECCIÓN N: INGRESOS AL PROGRAMA DE SALUD  MENTAL EN APS /ESPECIALIDAD,5-9,Hombres,205
2021,05990023,ASPERGER,SECCIÓN N: INGRESOS AL PROGRAMA DE SALUD  MENTAL EN APS /ESPECIALIDAD,5-9,Mujeres,56
2021,05990023,ASPERGER,SECCIÓN N: INGRESOS AL PROGRAMA DE SALUD  MENTAL EN APS /ESPECIALIDAD,10-14,Hombres,196
2021,05990023,ASPERGER,SECCIÓN N: INGRESOS AL PROGRAMA DE SALUD  MENTAL EN APS /ESPECIALIDAD,10-14,Mujeres,76
2021,05990023,ASPERGER,SECCIÓN N: INGRESOS AL PROGRAMA DE SALUD  MENTAL EN APS /ESPECIALIDAD,15-19,Hombres,138
2021,05990023,ASPERGER,SECCIÓN N: INGRESOS AL PROGRAMA DE SALUD  MENTAL EN APS /ESPECIALIDAD,15-19,Mujeres,47
2021,05990023,ASPERGER,SECCIÓN N: INGRESOS AL PROGRAMA DE SALUD  MENTAL EN APS /ESPECIALIDAD,20-24,Hombres,50
2021,05990023,ASPERGER,SECCIÓN N: INGRESOS AL PROGRAMA DE SALUD  MENTAL EN APS /ESPECIALIDAD,20-24,Mujeres,13
2021,05990023,ASPERGER,SECCIÓN N: INGRESOS AL PROGRAMA DE SALUD  MENTAL EN APS /ESPECIALIDAD,25-29,Hombres,19
2021,05990023,ASPERGER,SECCIÓN N: INGRESOS AL PROGRAMA DE SALUD  MENTAL EN APS /ESPECIALIDAD,25-29,Mujeres,3
2021,05990023,ASPERGER,SECCIÓN N: INGRESOS AL PROGRAMA DE SALUD  MENTAL EN APS /ESPECIALIDAD,30-34,Hombres,9
2021,05990023,ASPERGER,SECCIÓN N: INGRESOS AL PROGRAMA DE SALUD  MENTAL EN APS /ESPECIALIDAD,30-34,Mujeres,0
2021,05990023,ASPERGER,SECCIÓN N: INGRESOS AL PROGRAMA DE SALUD  MENTAL EN APS /ESPECIALIDAD,35-39,Hombres,7
2021,05990023,ASPERGER,SECCIÓN N: INGRESOS AL PROGRAMA DE SALUD  MENTAL EN APS /ESPECIALIDAD,35-39,Mujeres,0
2021,05990023,ASPERGER,SECCIÓN N: INGRESOS AL PROGRAMA DE SALUD  MENTAL EN APS /ESPECIALIDAD,40-44,Hombres,6
2021,05990023,ASPERGER,SECCIÓN N: INGRESOS AL PROGRAMA DE SALUD  MENTAL EN APS /ESPECIALIDAD,40-44,Mujeres,2
2021,05990023,ASPERGER,SECCIÓN N: INGRESOS AL PROGRAMA DE SALUD  MENTAL EN APS /ESPECIALIDAD,45-49,Hombres,6
2021,05990023,ASPERGER,SECCIÓN N: INGRESOS AL PROGRAMA DE SALUD  MENTAL EN APS /ESPECIALIDAD,45-49,Mujeres,1
2021,05990023,ASPERGER,SECCIÓN N: INGRESOS AL PROGRAMA DE SALUD  MENTAL EN APS /ESPECIALIDAD,50-54,Hombres,1
2021,05990023,ASPERGER,SECCIÓN N: INGRESOS AL PROGRAMA DE SALUD  MENTAL EN APS /ESPECIALIDAD,50-54,Mujeres,1
2021,05990023,ASPERGER,SECCIÓN N: INGRESOS AL PROGRAMA DE SALUD  MENTAL EN APS /ESPECIALIDAD,55-59,Hombres,1
2021,05990023,ASPERGER,SECCIÓN N: INGRESOS AL PROGRAMA DE SALUD  MENTAL EN APS /ESPECIALIDAD,55-59,Mujeres,0
2021,05990023,ASPERGER,SECCIÓN N: INGRESOS AL PROGRAMA DE SALUD  MENTAL EN APS /ESPECIALIDAD,60-64,Hombres,1
2021,05990023,ASPERGER,SECCIÓN N: INGRESOS AL PROGRAMA DE SALUD  MENTAL EN APS /ESPECIALIDAD,60-64,Mujeres,0
2021,05990023,ASPERGER,SECCIÓN N: INGRESOS AL PROGRAMA DE SALUD  MENTAL EN APS /ESPECIALIDAD,65-69,Hombres,0
2021,05990023,ASPERGER,SECCIÓN N: INGRESOS AL PROGRAMA DE SALUD  MENTAL EN APS /ESPECIALIDAD,65-69,Mujeres,1
2021,05990023,ASPERGER,SECCIÓN N: INGRESOS AL PROGRAMA DE SALUD  MENTAL EN APS /ESPECIALIDAD,70-74,Hombres,0
2021,05990023,ASPERGER,SECCIÓN N: INGRESOS AL PROGRAMA DE SALUD  MENTAL EN APS /ESPECIALIDAD,70-74,Mujeres,0
2021,05990023,ASPERGER,SECCIÓN N: INGRESOS AL PROGRAMA DE SALUD  MENTAL EN APS /ESPECIALIDAD,75-79,Hombres,0
2021,05990023,ASPERGER,SECCIÓN N: INGRESOS AL PROGRAMA DE SALUD  MENTAL EN APS /ESPECIALIDAD,75-79,Mujeres,1
2021,05990023,ASPERGER,SECCIÓN N: INGRESOS AL PROGRAMA DE SALUD  MENTAL EN APS /ESPECIALIDAD,80+,Hombres,0
2021,05990023,ASPERGER,SECCIÓN N: INGRESOS AL PROGRAMA DE SALUD  MENTAL EN APS /ESPECIALIDAD,80+,Mujeres,0
2021,05990024,SÍNDROME DE RETT,SECCIÓN N: INGRESOS AL PROGRAMA DE SALUD  MENTAL EN APS /ESPECIALIDAD,0-4,Hombres,12
2021,05990024,SÍNDROME DE RETT,SECCIÓN N: INGRESOS AL PROGRAMA DE SALUD  MENTAL EN APS /ESPECIALIDAD,0-4,Mujeres,1
2021,05990024,SÍNDROME DE RETT,SECCIÓN N: INGRESOS AL PROGRAMA DE SALUD  MENTAL EN APS /ESPECIALIDAD,5-9,Hombres,41
2021,05990024,SÍNDROME DE RETT,SECCIÓN N: INGRESOS AL PROGRAMA DE SALUD  MENTAL EN APS /ESPECIALIDAD,5-9,Mujeres,25
2021,05990024,SÍNDROME DE RETT,SECCIÓN N: INGRESOS AL PROGRAMA DE SALUD  MENTAL EN APS /ESPECIALIDAD,10-14,Hombres,11
2021,05990024,SÍNDROME DE RETT,SECCIÓN N: INGRESOS AL PROGRAMA DE SALUD  MENTAL EN APS /ESPECIALIDAD,10-14,Mujeres,16
2021,05990024,SÍNDROME DE RETT,SECCIÓN N: INGRESOS AL PROGRAMA DE SALUD  MENTAL EN APS /ESPECIALIDAD,15-19,Hombres,11
2021,05990024,SÍNDROME DE RETT,SECCIÓN N: INGRESOS AL PROGRAMA DE SALUD  MENTAL EN APS /ESPECIALIDAD,15-19,Mujeres,13
2021,05990024,SÍNDROME DE RETT,SECCIÓN N: INGRESOS AL PROGRAMA DE SALUD  MENTAL EN APS /ESPECIALIDAD,20-24,Hombres,3
2021,05990024,SÍNDROME DE RETT,SECCIÓN N: INGRESOS AL PROGRAMA DE SALUD  MENTAL EN APS /ESPECIALIDAD,20-24,Mujeres,16
2021,05990024,SÍNDROME DE RETT,SECCIÓN N: INGRESOS AL PROGRAMA DE SALUD  MENTAL EN APS /ESPECIALIDAD,25-29,Hombres,4
2021,05990024,SÍNDROME DE RETT,SECCIÓN N: INGRESOS AL PROGRAMA DE SALUD  MENTAL EN APS /ESPECIALIDAD,25-29,Mujeres,20
2021,05990024,SÍNDROME DE RETT,SECCIÓN N: INGRESOS AL PROGRAMA DE SALUD  MENTAL EN APS /ESPECIALIDAD,30-34,Hombres,9
2021,05990024,SÍNDROME DE RETT,SECCIÓN N: INGRESOS AL PROGRAMA DE SALUD  MENTAL EN APS /ESPECIALIDAD,30-34,Mujeres,16
2021,05990024,SÍNDROME DE RETT,SECCIÓN N: INGRESOS AL PROGRAMA DE SALUD  MENTAL EN APS /ESPECIALIDAD,35-39,Hombres,1
2021,05990024,SÍNDROME DE RETT,SECCIÓN N: INGRESOS AL PROGRAMA DE SALUD  MENTAL EN APS /ESPECIALIDAD,35-39,Mujeres,19
2021,05990024,SÍNDROME DE RETT,SECCIÓN N: INGRESOS AL PROGRAMA DE SALUD  MENTAL EN APS /ESPECIALIDAD,40-44,Hombres,7
2021,05990024,SÍNDROME DE RETT,SECCIÓN N: INGRESOS AL PROGRAMA DE SALUD  MENTAL EN APS /ESPECIALIDAD,40-44,Mujeres,8
2021,05990024,SÍNDROME DE RETT,SECCIÓN N: INGRESOS AL PROGRAMA DE SALUD  MENTAL EN APS /ESPECIALIDAD,45-49,Hombres,5
2021,05990024,SÍNDROME DE RETT,SECCIÓN N: INGRESOS AL PROGRAMA DE SALUD  MENTAL EN APS /ESPECIALIDAD,45-49,Mujeres,10
2021,05990024,SÍNDROME DE RETT,SECCIÓN N: INGRESOS AL PROGRAMA DE SALUD  MENTAL EN APS /ESPECIALIDAD,50-54,Hombres,7
2021,05990024,SÍNDROME DE RETT,SECCIÓN N: INGRESOS AL PROGRAMA DE SALUD  MENTAL EN APS /ESPECIALIDAD,50-54,Mujeres,14
2021,05990024,SÍNDROME DE RETT,SECCIÓN N: INGRESOS AL PROGRAMA DE SALUD  MENTAL EN APS /ESPECIALIDAD,55-59,Hombres,2
2021,05990024,SÍNDROME DE RETT,SECCIÓN N: INGRESOS AL PROGRAMA DE SALUD  MENTAL EN APS /ESPECIALIDAD,55-59,Mujeres,19
2021,05990024,SÍNDROME DE RETT,SECCIÓN N: INGRESOS AL PROGRAMA DE SALUD  MENTAL EN APS /ESPECIALIDAD,60-64,Hombres,2
2021,05990024,SÍNDROME DE RETT,SECCIÓN N: INGRESOS AL PROGRAMA DE SALUD  MENTAL EN APS /ESPECIALIDAD,60-64,Mujeres,17
2021,05990024,SÍNDROME DE RETT,SECCIÓN N: INGRESOS AL PROGRAMA DE SALUD  MENTAL EN APS /ESPECIALIDAD,65-69,Hombres,2
2021,05990024,SÍNDROME DE RETT,SECCIÓN N: INGRESOS AL PROGRAMA DE SALUD  MENTAL EN APS /ESPECIALIDAD,65-69,Mujeres,14
2021,05990024,SÍNDROME DE RETT,SECCIÓN N: INGRESOS AL PROGRAMA DE SALUD  MENTAL EN APS /ESPECIALIDAD,70-74,Hombres,2
2021,05990024,SÍNDROME DE RETT,SECCIÓN N: INGRESOS AL PROGRAMA DE SALUD  MENTAL EN APS /ESPECIALIDAD,70-74,Mujeres,5
2021,05990024,SÍNDROME DE RETT,SECCIÓN N: INGRESOS AL PROGRAMA DE SALUD  MENTAL EN APS /ESPECIALIDAD,75-79,Hombres,6
2021,05990024,SÍNDROME DE RETT,SECCIÓN N: INGRESOS AL PROGRAMA DE SALUD  MENTAL EN APS /ESPECIALIDAD,75-79,Mujeres,2
2021,05990024,SÍNDROME DE RETT,SECCIÓN N: INGRESOS AL PROGRAMA DE SALUD  MENTAL EN APS /ESPECIALIDAD,80+,Hombres,4
2021,05990024,SÍNDROME DE RETT,SECCIÓN N: INGRESOS AL PROGRAMA DE SALUD  MENTAL EN APS /ESPECIALIDAD,80+,Mujeres,10
2021,05990025,TRASTORNO DESINTEGRATIVO DE LA INFANCIA,SECCIÓN N: INGRESOS AL PROGRAMA DE SALUD  MENTAL EN APS /ESPECIALIDAD,0-4,Hombres,13
2021,05990025,TRASTORNO DESINTEGRATIVO DE LA INFANCIA,SECCIÓN N: INGRESOS AL PROGRAMA DE SALUD  MENTAL EN APS /ESPECIALIDAD,0-4,Mujeres,2
2021,05990025,TRASTORNO DESINTEGRATIVO DE LA INFANCIA,SECCIÓN N: INGRESOS AL PROGRAMA DE SALUD  MENTAL EN APS /ESPECIALIDAD,5-9,Hombres,7
2021,05990025,TRASTORNO DESINTEGRATIVO DE LA INFANCIA,SECCIÓN N: INGRESOS AL PROGRAMA DE SALUD  MENTAL EN APS /ESPECIALIDAD,5-9,Mujeres,1
2021,05990025,TRASTORNO DESINTEGRATIVO DE LA INFANCIA,SECCIÓN N: INGRESOS AL PROGRAMA DE SALUD  MENTAL EN APS /ESPECIALIDAD,10-14,Hombres,3
2021,05990025,TRASTORNO DESINTEGRATIVO DE LA INFANCIA,SECCIÓN N: INGRESOS AL PROGRAMA DE SALUD  MENTAL EN APS /ESPECIALIDAD,10-14,Mujeres,4
2021,05990025,TRASTORNO DESINTEGRATIVO DE LA INFANCIA,SECCIÓN N: INGRESOS AL PROGRAMA DE SALUD  MENTAL EN APS /ESPECIALIDAD,15-19,Hombres,1
2021,05990025,TRASTORNO DESINTEGRATIVO DE LA INFANCIA,SECCIÓN N: INGRESOS AL PROGRAMA DE SALUD  MENTAL EN APS /ESPECIALIDAD,15-19,Mujeres,5
2021,05990025,TRASTORNO DESINTEGRATIVO DE LA INFANCIA,SECCIÓN N: INGRESOS AL PROGRAMA DE SALUD  MENTAL EN APS /ESPECIALIDAD,20-24,Hombres,1
2021,05990025,TRASTORNO DESINTEGRATIVO DE LA INFANCIA,SECCIÓN N: INGRESOS AL PROGRAMA DE SALUD  MENTAL EN APS /ESPECIALIDAD,20-24,Mujeres,3
2021,05990025,TRASTORNO DESINTEGRATIVO DE LA INFANCIA,SECCIÓN N: INGRESOS AL PROGRAMA DE SALUD  MENTAL EN APS /ESPECIALIDAD,25-29,Hombres,1
2021,05990025,TRASTORNO DESINTEGRATIVO DE LA INFANCIA,SECCIÓN N: INGRESOS AL PROGRAMA DE SALUD  MENTAL EN APS /ESPECIALIDAD,25-29,Mujeres,3
2021,05990025,TRASTORNO DESINTEGRATIVO DE LA INFANCIA,SECCIÓN N: INGRESOS AL PROGRAMA DE SALUD  MENTAL EN APS /ESPECIALIDAD,30-34,Hombres,0
2021,05990025,TRASTORNO DESINTEGRATIVO DE LA INFANCIA,SECCIÓN N: INGRESOS AL PROGRAMA DE SALUD  MENTAL EN APS /ESPECIALIDAD,30-34,Mujeres,4
2021,05990025,TRASTORNO DESINTEGRATIVO DE LA INFANCIA,SECCIÓN N: INGRESOS AL PROGRAMA DE SALUD  MENTAL EN APS /ESPECIALIDAD,35-39,Hombres,2
2021,05990025,TRASTORNO DESINTEGRATIVO DE LA INFANCIA,SECCIÓN N: INGRESOS AL PROGRAMA DE SALUD  MENTAL EN APS /ESPECIALIDAD,35-39,Mujeres,0
2021,05990025,TRASTORNO DESINTEGRATIVO DE LA INFANCIA,SECCIÓN N: INGRESOS AL PROGRAMA DE SALUD  MENTAL EN APS /ESPECIALIDAD,40-44,Hombres,1
2021,05990025,TRASTORNO DESINTEGRATIVO DE LA INFANCIA,SECCIÓN N: INGRESOS AL PROGRAMA DE SALUD  MENTAL EN APS /ESPECIALIDAD,40-44,Mujeres,2
2021,05990025,TRASTORNO DESINTEGRATIVO DE LA INFANCIA,SECCIÓN N: INGRESOS AL PROGRAMA DE SALUD  MENTAL EN APS /ESPECIALIDAD,45-49,Hombres,0
2021,05990025,TRASTORNO DESINTEGRATIVO DE LA INFANCIA,SECCIÓN N: INGRESOS AL PROGRAMA DE SALUD  MENTAL EN APS /ESPECIALIDAD,45-49,Mujeres,3
2021,05990025,TRASTORNO DESINTEGRATIVO DE LA INFANCIA,SECCIÓN N: INGRESOS AL PROGRAMA DE SALUD  MENTAL EN APS /ESPECIALIDAD,50-54,Hombres,0
2021,05990025,TRASTORNO DESINTEGRATIVO DE LA INFANCIA,SECCIÓN N: INGRESOS AL PROGRAMA DE SALUD  MENTAL EN APS /ESPECIALIDAD,50-54,Mujeres,5
2021,05990025,TRASTORNO DESINTEGRATIVO DE LA INFANCIA,SECCIÓN N: INGRESOS AL PROGRAMA DE SALUD  MENTAL EN APS /ESPECIALIDAD,55-59,Hombres,0
2021,05990025,TRASTORNO DESINTEGRATIVO DE LA INFANCIA,SECCIÓN N: INGRESOS AL PROGRAMA DE SALUD  MENTAL EN APS /ESPECIALIDAD,55-59,Mujeres,3
2021,05990025,TRASTORNO DESINTEGRATIVO DE LA INFANCIA,SECCIÓN N: INGRESOS AL PROGRAMA DE SALUD  MENTAL EN APS /ESPECIALIDAD,60-64,Hombres,0
2021,05990025,TRASTORNO DESINTEGRATIVO DE LA INFANCIA,SECCIÓN N: INGRESOS AL PROGRAMA DE SALUD  MENTAL EN APS /ESPECIALIDAD,60-64,Mujeres,0
2021,05990025,TRASTORNO DESINTEGRATIVO DE LA INFANCIA,SECCIÓN N: INGRESOS AL PROGRAMA DE SALUD  MENTAL EN APS /ESPECIALIDAD,65-69,Hombres,0
2021,05990025,TRASTORNO DESINTEGRATIVO DE LA INFANCIA,SECCIÓN N: INGRESOS AL PROGRAMA DE SALUD  MENTAL EN APS /ESPECIALIDAD,65-69,Mujeres,2
2021,05990025,TRASTORNO DESINTEGRATIVO DE LA INFANCIA,SECCIÓN N: INGRESOS AL PROGRAMA DE SALUD  MENTAL EN APS /ESPECIALIDAD,70-74,Hombres,0
2021,05990025,TRASTORNO DESINTEGRATIVO DE LA INFANCIA,SECCIÓN N: INGRESOS AL PROGRAMA DE SALUD  MENTAL EN APS /ESPECIALIDAD,70-74,Mujeres,2
2021,05990025,TRASTORNO DESINTEGRATIVO DE LA INFANCIA,SECCIÓN N: INGRESOS AL PROGRAMA DE SALUD  MENTAL EN APS /ESPECIALIDAD,75-79,Hombres,0
2021,05990025,TRASTORNO DESINTEGRATIVO DE LA INFANCIA,SECCIÓN N: INGRESOS AL PROGRAMA DE SALUD  MENTAL EN APS /ESPECIALIDAD,75-79,Mujeres,0
2021,05990025,TRASTORNO DESINTEGRATIVO DE LA INFANCIA,SECCIÓN N: INGRESOS AL PROGRAMA DE SALUD  MENTAL EN APS /ESPECIALIDAD,80+,Hombres,0
2021,05990025,TRASTORNO DESINTEGRATIVO DE LA INFANCIA,SECCIÓN N: INGRESOS AL PROGRAMA DE SALUD  MENTAL EN APS /ESPECIALIDAD,80+,Mujeres,0
2021,05990026,TRASTONO GENERALIZADO DEL DESARROLLO NO ESPECÍFICO,SECCIÓN N: INGRESOS AL PROGRAMA DE SALUD  MENTAL EN APS /ESPECIALIDAD,0-4,Hombres,332
2021,05990026,TRASTONO GENERALIZADO DEL DESARROLLO NO ESPECÍFICO,SECCIÓN N: INGRESOS AL PROGRAMA DE SALUD  MENTAL EN APS /ESPECIALIDAD,0-4,Mujeres,110
2021,05990026,TRASTONO GENERALIZADO DEL DESARROLLO NO ESPECÍFICO,SECCIÓN N: INGRESOS AL PROGRAMA DE SALUD  MENTAL EN APS /ESPECIALIDAD,5-9,Hombres,533
2021,05990026,TRASTONO GENERALIZADO DEL DESARROLLO NO ESPECÍFICO,SECCIÓN N: INGRESOS AL PROGRAMA DE SALUD  MENTAL EN APS /ESPECIALIDAD,5-9,Mujeres,152
2021,05990026,TRASTONO GENERALIZADO DEL DESARROLLO NO ESPECÍFICO,SECCIÓN N: INGRESOS AL PROGRAMA DE SALUD  MENTAL EN APS /ESPECIALIDAD,10-14,Hombres,246
2021,05990026,TRASTONO GENERALIZADO DEL DESARROLLO NO ESPECÍFICO,SECCIÓN N: INGRESOS AL PROGRAMA DE SALUD  MENTAL EN APS /ESPECIALIDAD,10-14,Mujeres,126
2021,05990026,TRASTONO GENERALIZADO DEL DESARROLLO NO ESPECÍFICO,SECCIÓN N: INGRESOS AL PROGRAMA DE SALUD  MENTAL EN APS /ESPECIALIDAD,15-19,Hombres,165
2021,05990026,TRASTONO GENERALIZADO DEL DESARROLLO NO ESPECÍFICO,SECCIÓN N: INGRESOS AL PROGRAMA DE SALUD  MENTAL EN APS /ESPECIALIDAD,15-19,Mujeres,70
2021,05990026,TRASTONO GENERALIZADO DEL DESARROLLO NO ESPECÍFICO,SECCIÓN N: INGRESOS AL PROGRAMA DE SALUD  MENTAL EN APS /ESPECIALIDAD,20-24,Hombres,44
2021,05990026,TRASTONO GENERALIZADO DEL DESARROLLO NO ESPECÍFICO,SECCIÓN N: INGRESOS AL PROGRAMA DE SALUD  MENTAL EN APS /ESPECIALIDAD,20-24,Mujeres,10
2021,05990026,TRASTONO GENERALIZADO DEL DESARROLLO NO ESPECÍFICO,SECCIÓN N: INGRESOS AL PROGRAMA DE SALUD  MENTAL EN APS /ESPECIALIDAD,25-29,Hombres,7
2021,05990026,TRASTONO GENERALIZADO DEL DESARROLLO NO ESPECÍFICO,SECCIÓN N: INGRESOS AL PROGRAMA DE SALUD  MENTAL EN APS /ESPECIALIDAD,25-29,Mujeres,13
2021,05990026,TRASTONO GENERALIZADO DEL DESARROLLO NO ESPECÍFICO,SECCIÓN N: INGRESOS AL PROGRAMA DE SALUD  MENTAL EN APS /ESPECIALIDAD,30-34,Hombres,9
2021,05990026,TRASTONO GENERALIZADO DEL DESARROLLO NO ESPECÍFICO,SECCIÓN N: INGRESOS AL PROGRAMA DE SALUD  MENTAL EN APS /ESPECIALIDAD,30-34,Mujeres,5
2021,05990026,TRASTONO GENERALIZADO DEL DESARROLLO NO ESPECÍFICO,SECCIÓN N: INGRESOS AL PROGRAMA DE SALUD  MENTAL EN APS /ESPECIALIDAD,35-39,Hombres,9
2021,05990026,TRASTONO GENERALIZADO DEL DESARROLLO NO ESPECÍFICO,SECCIÓN N: INGRESOS AL PROGRAMA DE SALUD  MENTAL EN APS /ESPECIALIDAD,35-39,Mujeres,3
2021,05990026,TRASTONO GENERALIZADO DEL DESARROLLO NO ESPECÍFICO,SECCIÓN N: INGRESOS AL PROGRAMA DE SALUD  MENTAL EN APS /ESPECIALIDAD,40-44,Hombres,1
2021,05990026,TRASTONO GENERALIZADO DEL DESARROLLO NO ESPECÍFICO,SECCIÓN N: INGRESOS AL PROGRAMA DE SALUD  MENTAL EN APS /ESPECIALIDAD,40-44,Mujeres,7
2021,05990026,TRASTONO GENERALIZADO DEL DESARROLLO NO ESPECÍFICO,SECCIÓN N: INGRESOS AL PROGRAMA DE SALUD  MENTAL EN APS /ESPECIALIDAD,45-49,Hombres,4
2021,05990026,TRASTONO GENERALIZADO DEL DESARROLLO NO ESPECÍFICO,SECCIÓN N: INGRESOS AL PROGRAMA DE SALUD  MENTAL EN APS /ESPECIALIDAD,45-49,Mujeres,7
2021,05990026,TRASTONO GENERALIZADO DEL DESARROLLO NO ESPECÍFICO,SECCIÓN N: INGRESOS AL PROGRAMA DE SALUD  MENTAL EN APS /ESPECIALIDAD,50-54,Hombres,2
2021,05990026,TRASTONO GENERALIZADO DEL DESARROLLO NO ESPECÍFICO,SECCIÓN N: INGRESOS AL PROGRAMA DE SALUD  MENTAL EN APS /ESPECIALIDAD,50-54,Mujeres,9
2021,05990026,TRASTONO GENERALIZADO DEL DESARROLLO NO ESPECÍFICO,SECCIÓN N: INGRESOS AL PROGRAMA DE SALUD  MENTAL EN APS /ESPECIALIDAD,55-59,Hombres,3
2021,05990026,TRASTONO GENERALIZADO DEL DESARROLLO NO ESPECÍFICO,SECCIÓN N: INGRESOS AL PROGRAMA DE SALUD  MENTAL EN APS /ESPECIALIDAD,55-59,Mujeres,6
2021,05990026,TRASTONO GENERALIZADO DEL DESARROLLO NO ESPECÍFICO,SECCIÓN N: INGRESOS AL PROGRAMA DE SALUD  MENTAL EN APS /ESPECIALIDAD,60-64,Hombres,0
2021,05990026,TRASTONO GENERALIZADO DEL DESARROLLO NO ESPECÍFICO,SECCIÓN N: INGRESOS AL PROGRAMA DE SALUD  MENTAL EN APS /ESPECIALIDAD,60-64,Mujeres,3
2021,05990026,TRASTONO GENERALIZADO DEL DESARROLLO NO ESPECÍFICO,SECCIÓN N: INGRESOS AL PROGRAMA DE SALUD  MENTAL EN APS /ESPECIALIDAD,65-69,Hombres,0
2021,05990026,TRASTONO GENERALIZADO DEL DESARROLLO NO ESPECÍFICO,SECCIÓN N: INGRESOS AL PROGRAMA DE SALUD  MENTAL EN APS /ESPECIALIDAD,65-69,Mujeres,2
2021,05990026,TRASTONO GENERALIZADO DEL DESARROLLO NO ESPECÍFICO,SECCIÓN N: INGRESOS AL PROGRAMA DE SALUD  MENTAL EN APS /ESPECIALIDAD,70-74,Hombres,1
2021,05990026,TRASTONO GENERALIZADO DEL DESARROLLO NO ESPECÍFICO,SECCIÓN N: INGRESOS AL PROGRAMA DE SALUD  MENTAL EN APS /ESPECIALIDAD,70-74,Mujeres,3
2021,05990026,TRASTONO GENERALIZADO DEL DESARROLLO NO ESPECÍFICO,SECCIÓN N: INGRESOS AL PROGRAMA DE SALUD  MENTAL EN APS /ESPECIALIDAD,75-79,Hombres,0
2021,05990026,TRASTONO GENERALIZADO DEL DESARROLLO NO ESPECÍFICO,SECCIÓN N: INGRESOS AL PROGRAMA DE SALUD  MENTAL EN APS /ESPECIALIDAD,75-79,Mujeres,1
2021,05990026,TRASTONO GENERALIZADO DEL DESARROLLO NO ESPECÍFICO,SECCIÓN N: INGRESOS AL PROGRAMA DE SALUD  MENTAL EN APS /ESPECIALIDAD,80+,Hombres,0
2021,05990026,TRASTONO GENERALIZADO DEL DESARROLLO NO ESPECÍFICO,SECCIÓN N: INGRESOS AL PROGRAMA DE SALUD  MENTAL EN APS /ESPECIALIDAD,80+,Mujeres,1
2021,05990027,TRASTORNO GENERALIZADOS DEL DESARROLLO | AUTISMO,SECCIÓN O: EGRESOS DEL PROGRAMA DE SALUD  MENTAL POR ALTAS CLÍNICAS EN APS /ESPECIALIDAD,0-4,Hombres,48
2021,05990027,TRASTORNO GENERALIZADOS DEL DESARROLLO | AUTISMO,SECCIÓN O: EGRESOS DEL PROGRAMA DE SALUD  MENTAL POR ALTAS CLÍNICAS EN APS /ESPECIALIDAD,0-4,Mujeres,17
2021,05990027,TRASTORNO GENERALIZADOS DEL DESARROLLO | AUTISMO,SECCIÓN O: EGRESOS DEL PROGRAMA DE SALUD  MENTAL POR ALTAS CLÍNICAS EN APS /ESPECIALIDAD,5-9,Hombres,133
2021,05990027,TRASTORNO GENERALIZADOS DEL DESARROLLO | AUTISMO,SECCIÓN O: EGRESOS DEL PROGRAMA DE SALUD  MENTAL POR ALTAS CLÍNICAS EN APS /ESPECIALIDAD,5-9,Mujeres,24
2021,05990027,TRASTORNO GENERALIZADOS DEL DESARROLLO | AUTISMO,SECCIÓN O: EGRESOS DEL PROGRAMA DE SALUD  MENTAL POR ALTAS CLÍNICAS EN APS /ESPECIALIDAD,10-14,Hombres,91
2021,05990027,TRASTORNO GENERALIZADOS DEL DESARROLLO | AUTISMO,SECCIÓN O: EGRESOS DEL PROGRAMA DE SALUD  MENTAL POR ALTAS CLÍNICAS EN APS /ESPECIALIDAD,10-14,Mujeres,21
2021,05990027,TRASTORNO GENERALIZADOS DEL DESARROLLO | AUTISMO,SECCIÓN O: EGRESOS DEL PROGRAMA DE SALUD  MENTAL POR ALTAS CLÍNICAS EN APS /ESPECIALIDAD,15-19,Hombres,84
2021,05990027,TRASTORNO GENERALIZADOS DEL DESARROLLO | AUTISMO,SECCIÓN O: EGRESOS DEL PROGRAMA DE SALUD  MENTAL POR ALTAS CLÍNICAS EN APS /ESPECIALIDAD,15-19,Mujeres,20
2021,05990027,TRASTORNO GENERALIZADOS DEL DESARROLLO | AUTISMO,SECCIÓN O: EGRESOS DEL PROGRAMA DE SALUD  MENTAL POR ALTAS CLÍNICAS EN APS /ESPECIALIDAD,20-24,Hombres,17
2021,05990027,TRASTORNO GENERALIZADOS DEL DESARROLLO | AUTISMO,SECCIÓN O: EGRESOS DEL PROGRAMA DE SALUD  MENTAL POR ALTAS CLÍNICAS EN APS /ESPECIALIDAD,20-24,Mujeres,7
2021,05990027,TRASTORNO GENERALIZADOS DEL DESARROLLO | AUTISMO,SECCIÓN O: EGRESOS DEL PROGRAMA DE SALUD  MENTAL POR ALTAS CLÍNICAS EN APS /ESPECIALIDAD,25-29,Hombres,3
2021,05990027,TRASTORNO GENERALIZADOS DEL DESARROLLO | AUTISMO,SECCIÓN O: EGRESOS DEL PROGRAMA DE SALUD  MENTAL POR ALTAS CLÍNICAS EN APS /ESPECIALIDAD,25-29,Mujeres,4
2021,05990027,TRASTORNO GENERALIZADOS DEL DESARROLLO | AUTISMO,SECCIÓN O: EGRESOS DEL PROGRAMA DE SALUD  MENTAL POR ALTAS CLÍNICAS EN APS /ESPECIALIDAD,30-34,Hombres,3
2021,05990027,TRASTORNO GENERALIZADOS DEL DESARROLLO | AUTISMO,SECCIÓN O: EGRESOS DEL PROGRAMA DE SALUD  MENTAL POR ALTAS CLÍNICAS EN APS /ESPECIALIDAD,30-34,Mujeres,6
2021,05990027,TRASTORNO GENERALIZADOS DEL DESARROLLO | AUTISMO,SECCIÓN O: EGRESOS DEL PROGRAMA DE SALUD  MENTAL POR ALTAS CLÍNICAS EN APS /ESPECIALIDAD,35-39,Hombres,0
2021,05990027,TRASTORNO GENERALIZADOS DEL DESARROLLO | AUTISMO,SECCIÓN O: EGRESOS DEL PROGRAMA DE SALUD  MENTAL POR ALTAS CLÍNICAS EN APS /ESPECIALIDAD,35-39,Mujeres,2
2021,05990027,TRASTORNO GENERALIZADOS DEL DESARROLLO | AUTISMO,SECCIÓN O: EGRESOS DEL PROGRAMA DE SALUD  MENTAL POR ALTAS CLÍNICAS EN APS /ESPECIALIDAD,40-44,Hombres,1
2021,05990027,TRASTORNO GENERALIZADOS DEL DESARROLLO | AUTISMO,SECCIÓN O: EGRESOS DEL PROGRAMA DE SALUD  MENTAL POR ALTAS CLÍNICAS EN APS /ESPECIALIDAD,40-44,Mujeres,3
2021,05990027,TRASTORNO GENERALIZADOS DEL DESARROLLO | AUTISMO,SECCIÓN O: EGRESOS DEL PROGRAMA DE SALUD  MENTAL POR ALTAS CLÍNICAS EN APS /ESPECIALIDAD,45-49,Hombres,1
2021,05990027,TRASTORNO GENERALIZADOS DEL DESARROLLO | AUTISMO,SECCIÓN O: EGRESOS DEL PROGRAMA DE SALUD  MENTAL POR ALTAS CLÍNICAS EN APS /ESPECIALIDAD,45-49,Mujeres,4
2021,05990027,TRASTORNO GENERALIZADOS DEL DESARROLLO | AUTISMO,SECCIÓN O: EGRESOS DEL PROGRAMA DE SALUD  MENTAL POR ALTAS CLÍNICAS EN APS /ESPECIALIDAD,50-54,Hombres,0
2021,05990027,TRASTORNO GENERALIZADOS DEL DESARROLLO | AUTISMO,SECCIÓN O: EGRESOS DEL PROGRAMA DE SALUD  MENTAL POR ALTAS CLÍNICAS EN APS /ESPECIALIDAD,50-54,Mujeres,2
2021,05990027,TRASTORNO GENERALIZADOS DEL DESARROLLO | AUTISMO,SECCIÓN O: EGRESOS DEL PROGRAMA DE SALUD  MENTAL POR ALTAS CLÍNICAS EN APS /ESPECIALIDAD,55-59,Hombres,1
2021,05990027,TRASTORNO GENERALIZADOS DEL DESARROLLO | AUTISMO,SECCIÓN O: EGRESOS DEL PROGRAMA DE SALUD  MENTAL POR ALTAS CLÍNICAS EN APS /ESPECIALIDAD,55-59,Mujeres,1
2021,05990027,TRASTORNO GENERALIZADOS DEL DESARROLLO | AUTISMO,SECCIÓN O: EGRESOS DEL PROGRAMA DE SALUD  MENTAL POR ALTAS CLÍNICAS EN APS /ESPECIALIDAD,60-64,Hombres,0
2021,05990027,TRASTORNO GENERALIZADOS DEL DESARROLLO | AUTISMO,SECCIÓN O: EGRESOS DEL PROGRAMA DE SALUD  MENTAL POR ALTAS CLÍNICAS EN APS /ESPECIALIDAD,60-64,Mujeres,1
2021,05990027,TRASTORNO GENERALIZADOS DEL DESARROLLO | AUTISMO,SECCIÓN O: EGRESOS DEL PROGRAMA DE SALUD  MENTAL POR ALTAS CLÍNICAS EN APS /ESPECIALIDAD,65-69,Hombres,0
2021,05990027,TRASTORNO GENERALIZADOS DEL DESARROLLO | AUTISMO,SECCIÓN O: EGRESOS DEL PROGRAMA DE SALUD  MENTAL POR ALTAS CLÍNICAS EN APS /ESPECIALIDAD,65-69,Mujeres,0
2021,05990027,TRASTORNO GENERALIZADOS DEL DESARROLLO | AUTISMO,SECCIÓN O: EGRESOS DEL PROGRAMA DE SALUD  MENTAL POR ALTAS CLÍNICAS EN APS /ESPECIALIDAD,70-74,Hombres,0
2021,05990027,TRASTORNO GENERALIZADOS DEL DESARROLLO | AUTISMO,SECCIÓN O: EGRESOS DEL PROGRAMA DE SALUD  MENTAL POR ALTAS CLÍNICAS EN APS /ESPECIALIDAD,70-74,Mujeres,0
2021,05990027,TRASTORNO GENERALIZADOS DEL DESARROLLO | AUTISMO,SECCIÓN O: EGRESOS DEL PROGRAMA DE SALUD  MENTAL POR ALTAS CLÍNICAS EN APS /ESPECIALIDAD,75-79,Hombres,0
2021,05990027,TRASTORNO GENERALIZADOS DEL DESARROLLO | AUTISMO,SECCIÓN O: EGRESOS DEL PROGRAMA DE SALUD  MENTAL POR ALTAS CLÍNICAS EN APS /ESPECIALIDAD,75-79,Mujeres,0
2021,05990027,TRASTORNO GENERALIZADOS DEL DESARROLLO | AUTISMO,SECCIÓN O: EGRESOS DEL PROGRAMA DE SALUD  MENTAL POR ALTAS CLÍNICAS EN APS /ESPECIALIDAD,80+,Hombres,0
2021,05990027,TRASTORNO GENERALIZADOS DEL DESARROLLO | AUTISMO,SECCIÓN O: EGRESOS DEL PROGRAMA DE SALUD  MENTAL POR ALTAS CLÍNICAS EN APS /ESPECIALIDAD,80+,Mujeres,0
2021,05990028,ASPERGER,SECCIÓN O: EGRESOS DEL PROGRAMA DE SALUD  MENTAL POR ALTAS CLÍNICAS EN APS /ESPECIALIDAD,0-4,Hombres,7
2021,05990028,ASPERGER,SECCIÓN O: EGRESOS DEL PROGRAMA DE SALUD  MENTAL POR ALTAS CLÍNICAS EN APS /ESPECIALIDAD,0-4,Mujeres,0
2021,05990028,ASPERGER,SECCIÓN O: EGRESOS DEL PROGRAMA DE SALUD  MENTAL POR ALTAS CLÍNICAS EN APS /ESPECIALIDAD,5-9,Hombres,69
2021,05990028,ASPERGER,SECCIÓN O: EGRESOS DEL PROGRAMA DE SALUD  MENTAL POR ALTAS CLÍNICAS EN APS /ESPECIALIDAD,5-9,Mujeres,12
2021,05990028,ASPERGER,SECCIÓN O: EGRESOS DEL PROGRAMA DE SALUD  MENTAL POR ALTAS CLÍNICAS EN APS /ESPECIALIDAD,10-14,Hombres,54
2021,05990028,ASPERGER,SECCIÓN O: EGRESOS DEL PROGRAMA DE SALUD  MENTAL POR ALTAS CLÍNICAS EN APS /ESPECIALIDAD,10-14,Mujeres,22
2021,05990028,ASPERGER,SECCIÓN O: EGRESOS DEL PROGRAMA DE SALUD  MENTAL POR ALTAS CLÍNICAS EN APS /ESPECIALIDAD,15-19,Hombres,52
2021,05990028,ASPERGER,SECCIÓN O: EGRESOS DEL PROGRAMA DE SALUD  MENTAL POR ALTAS CLÍNICAS EN APS /ESPECIALIDAD,15-19,Mujeres,12
2021,05990028,ASPERGER,SECCIÓN O: EGRESOS DEL PROGRAMA DE SALUD  MENTAL POR ALTAS CLÍNICAS EN APS /ESPECIALIDAD,20-24,Hombres,8
2021,05990028,ASPERGER,SECCIÓN O: EGRESOS DEL PROGRAMA DE SALUD  MENTAL POR ALTAS CLÍNICAS EN APS /ESPECIALIDAD,20-24,Mujeres,6
2021,05990028,ASPERGER,SECCIÓN O: EGRESOS DEL PROGRAMA DE SALUD  MENTAL POR ALTAS CLÍNICAS EN APS /ESPECIALIDAD,25-29,Hombres,4
2021,05990028,ASPERGER,SECCIÓN O: EGRESOS DEL PROGRAMA DE SALUD  MENTAL POR ALTAS CLÍNICAS EN APS /ESPECIALIDAD,25-29,Mujeres,1
2021,05990028,ASPERGER,SECCIÓN O: EGRESOS DEL PROGRAMA DE SALUD  MENTAL POR ALTAS CLÍNICAS EN APS /ESPECIALIDAD,30-34,Hombres,0
2021,05990028,ASPERGER,SECCIÓN O: EGRESOS DEL PROGRAMA DE SALUD  MENTAL POR ALTAS CLÍNICAS EN APS /ESPECIALIDAD,30-34,Mujeres,1
2021,05990028,ASPERGER,SECCIÓN O: EGRESOS DEL PROGRAMA DE SALUD  MENTAL POR ALTAS CLÍNICAS EN APS /ESPECIALIDAD,35-39,Hombres,2
2021,05990028,ASPERGER,SECCIÓN O: EGRESOS DEL PROGRAMA DE SALUD  MENTAL POR ALTAS CLÍNICAS EN APS /ESPECIALIDAD,35-39,Mujeres,0
2021,05990028,ASPERGER,SECCIÓN O: EGRESOS DEL PROGRAMA DE SALUD  MENTAL POR ALTAS CLÍNICAS EN APS /ESPECIALIDAD,40-44,Hombres,0
2021,05990028,ASPERGER,SECCIÓN O: EGRESOS DEL PROGRAMA DE SALUD  MENTAL POR ALTAS CLÍNICAS EN APS /ESPECIALIDAD,40-44,Mujeres,2
2021,05990028,ASPERGER,SECCIÓN O: EGRESOS DEL PROGRAMA DE SALUD  MENTAL POR ALTAS CLÍNICAS EN APS /ESPECIALIDAD,45-49,Hombres,1
2021,05990028,ASPERGER,SECCIÓN O: EGRESOS DEL PROGRAMA DE SALUD  MENTAL POR ALTAS CLÍNICAS EN APS /ESPECIALIDAD,45-49,Mujeres,0
2021,05990028,ASPERGER,SECCIÓN O: EGRESOS DEL PROGRAMA DE SALUD  MENTAL POR ALTAS CLÍNICAS EN APS /ESPECIALIDAD,50-54,Hombres,0
2021,05990028,ASPERGER,SECCIÓN O: EGRESOS DEL PROGRAMA DE SALUD  MENTAL POR ALTAS CLÍNICAS EN APS /ESPECIALIDAD,50-54,Mujeres,0
2021,05990028,ASPERGER,SECCIÓN O: EGRESOS DEL PROGRAMA DE SALUD  MENTAL POR ALTAS CLÍNICAS EN APS /ESPECIALIDAD,55-59,Hombres,0
2021,05990028,ASPERGER,SECCIÓN O: EGRESOS DEL PROGRAMA DE SALUD  MENTAL POR ALTAS CLÍNICAS EN APS /ESPECIALIDAD,55-59,Mujeres,1
2021,05990028,ASPERGER,SECCIÓN O: EGRESOS DEL PROGRAMA DE SALUD  MENTAL POR ALTAS CLÍNICAS EN APS /ESPECIALIDAD,60-64,Hombres,0
2021,05990028,ASPERGER,SECCIÓN O: EGRESOS DEL PROGRAMA DE SALUD  MENTAL POR ALTAS CLÍNICAS EN APS /ESPECIALIDAD,60-64,Mujeres,0
2021,05990028,ASPERGER,SECCIÓN O: EGRESOS DEL PROGRAMA DE SALUD  MENTAL POR ALTAS CLÍNICAS EN APS /ESPECIALIDAD,65-69,Hombres,0
2021,05990028,ASPERGER,SECCIÓN O: EGRESOS DEL PROGRAMA DE SALUD  MENTAL POR ALTAS CLÍNICAS EN APS /ESPECIALIDAD,65-69,Mujeres,0
2021,05990028,ASPERGER,SECCIÓN O: EGRESOS DEL PROGRAMA DE SALUD  MENTAL POR ALTAS CLÍNICAS EN APS /ESPECIALIDAD,70-74,Hombres,0
2021,05990028,ASPERGER,SECCIÓN O: EGRESOS DEL PROGRAMA DE SALUD  MENTAL POR ALTAS CLÍNICAS EN APS /ESPECIALIDAD,70-74,Mujeres,1
2021,05990028,ASPERGER,SECCIÓN O: EGRESOS DEL PROGRAMA DE SALUD  MENTAL POR ALTAS CLÍNICAS EN APS /ESPECIALIDAD,75-79,Hombres,0
2021,05990028,ASPERGER,SECCIÓN O: EGRESOS DEL PROGRAMA DE SALUD  MENTAL POR ALTAS CLÍNICAS EN APS /ESPECIALIDAD,75-79,Mujeres,0
2021,05990028,ASPERGER,SECCIÓN O: EGRESOS DEL PROGRAMA DE SALUD  MENTAL POR ALTAS CLÍNICAS EN APS /ESPECIALIDAD,80+,Hombres,0
2021,05990028,ASPERGER,SECCIÓN O: EGRESOS DEL PROGRAMA DE SALUD  MENTAL POR ALTAS CLÍNICAS EN APS /ESPECIALIDAD,80+,Mujeres,0
2021,05990029,SÍNDROME DE RETT,SECCIÓN O: EGRESOS DEL PROGRAMA DE SALUD  MENTAL POR ALTAS CLÍNICAS EN APS /ESPECIALIDAD,0-4,Hombres,4
2021,05990029,SÍNDROME DE RETT,SECCIÓN O: EGRESOS DEL PROGRAMA DE SALUD  MENTAL POR ALTAS CLÍNICAS EN APS /ESPECIALIDAD,0-4,Mujeres,2
2021,05990029,SÍNDROME DE RETT,SECCIÓN O: EGRESOS DEL PROGRAMA DE SALUD  MENTAL POR ALTAS CLÍNICAS EN APS /ESPECIALIDAD,5-9,Hombres,6
2021,05990029,SÍNDROME DE RETT,SECCIÓN O: EGRESOS DEL PROGRAMA DE SALUD  MENTAL POR ALTAS CLÍNICAS EN APS /ESPECIALIDAD,5-9,Mujeres,7
2021,05990029,SÍNDROME DE RETT,SECCIÓN O: EGRESOS DEL PROGRAMA DE SALUD  MENTAL POR ALTAS CLÍNICAS EN APS /ESPECIALIDAD,10-14,Hombres,4
2021,05990029,SÍNDROME DE RETT,SECCIÓN O: EGRESOS DEL PROGRAMA DE SALUD  MENTAL POR ALTAS CLÍNICAS EN APS /ESPECIALIDAD,10-14,Mujeres,9
2021,05990029,SÍNDROME DE RETT,SECCIÓN O: EGRESOS DEL PROGRAMA DE SALUD  MENTAL POR ALTAS CLÍNICAS EN APS /ESPECIALIDAD,15-19,Hombres,1
2021,05990029,SÍNDROME DE RETT,SECCIÓN O: EGRESOS DEL PROGRAMA DE SALUD  MENTAL POR ALTAS CLÍNICAS EN APS /ESPECIALIDAD,15-19,Mujeres,4
2021,05990029,SÍNDROME DE RETT,SECCIÓN O: EGRESOS DEL PROGRAMA DE SALUD  MENTAL POR ALTAS CLÍNICAS EN APS /ESPECIALIDAD,20-24,Hombres,1
2021,05990029,SÍNDROME DE RETT,SECCIÓN O: EGRESOS DEL PROGRAMA DE SALUD  MENTAL POR ALTAS CLÍNICAS EN APS /ESPECIALIDAD,20-24,Mujeres,2
2021,05990029,SÍNDROME DE RETT,SECCIÓN O: EGRESOS DEL PROGRAMA DE SALUD  MENTAL POR ALTAS CLÍNICAS EN APS /ESPECIALIDAD,25-29,Hombres,0
2021,05990029,SÍNDROME DE RETT,SECCIÓN O: EGRESOS DEL PROGRAMA DE SALUD  MENTAL POR ALTAS CLÍNICAS EN APS /ESPECIALIDAD,25-29,Mujeres,4
2021,05990029,SÍNDROME DE RETT,SECCIÓN O: EGRESOS DEL PROGRAMA DE SALUD  MENTAL POR ALTAS CLÍNICAS EN APS /ESPECIALIDAD,30-34,Hombres,2
2021,05990029,SÍNDROME DE RETT,SECCIÓN O: EGRESOS DEL PROGRAMA DE SALUD  MENTAL POR ALTAS CLÍNICAS EN APS /ESPECIALIDAD,30-34,Mujeres,7
2021,05990029,SÍNDROME DE RETT,SECCIÓN O: EGRESOS DEL PROGRAMA DE SALUD  MENTAL POR ALTAS CLÍNICAS EN APS /ESPECIALIDAD,35-39,Hombres,1
2021,05990029,SÍNDROME DE RETT,SECCIÓN O: EGRESOS DEL PROGRAMA DE SALUD  MENTAL POR ALTAS CLÍNICAS EN APS /ESPECIALIDAD,35-39,Mujeres,4
2021,05990029,SÍNDROME DE RETT,SECCIÓN O: EGRESOS DEL PROGRAMA DE SALUD  MENTAL POR ALTAS CLÍNICAS EN APS /ESPECIALIDAD,40-44,Hombres,0
2021,05990029,SÍNDROME DE RETT,SECCIÓN O: EGRESOS DEL PROGRAMA DE SALUD  MENTAL POR ALTAS CLÍNICAS EN APS /ESPECIALIDAD,40-44,Mujeres,0
2021,05990029,SÍNDROME DE RETT,SECCIÓN O: EGRESOS DEL PROGRAMA DE SALUD  MENTAL POR ALTAS CLÍNICAS EN APS /ESPECIALIDAD,45-49,Hombres,0
2021,05990029,SÍNDROME DE RETT,SECCIÓN O: EGRESOS DEL PROGRAMA DE SALUD  MENTAL POR ALTAS CLÍNICAS EN APS /ESPECIALIDAD,45-49,Mujeres,4
2021,05990029,SÍNDROME DE RETT,SECCIÓN O: EGRESOS DEL PROGRAMA DE SALUD  MENTAL POR ALTAS CLÍNICAS EN APS /ESPECIALIDAD,50-54,Hombres,1
2021,05990029,SÍNDROME DE RETT,SECCIÓN O: EGRESOS DEL PROGRAMA DE SALUD  MENTAL POR ALTAS CLÍNICAS EN APS /ESPECIALIDAD,50-54,Mujeres,3
2021,05990029,SÍNDROME DE RETT,SECCIÓN O: EGRESOS DEL PROGRAMA DE SALUD  MENTAL POR ALTAS CLÍNICAS EN APS /ESPECIALIDAD,55-59,Hombres,0
2021,05990029,SÍNDROME DE RETT,SECCIÓN O: EGRESOS DEL PROGRAMA DE SALUD  MENTAL POR ALTAS CLÍNICAS EN APS /ESPECIALIDAD,55-59,Mujeres,2
2021,05990029,SÍNDROME DE RETT,SECCIÓN O: EGRESOS DEL PROGRAMA DE SALUD  MENTAL POR ALTAS CLÍNICAS EN APS /ESPECIALIDAD,60-64,Hombres,0
2021,05990029,SÍNDROME DE RETT,SECCIÓN O: EGRESOS DEL PROGRAMA DE SALUD  MENTAL POR ALTAS CLÍNICAS EN APS /ESPECIALIDAD,60-64,Mujeres,0
2021,05990029,SÍNDROME DE RETT,SECCIÓN O: EGRESOS DEL PROGRAMA DE SALUD  MENTAL POR ALTAS CLÍNICAS EN APS /ESPECIALIDAD,65-69,Hombres,1
2021,05990029,SÍNDROME DE RETT,SECCIÓN O: EGRESOS DEL PROGRAMA DE SALUD  MENTAL POR ALTAS CLÍNICAS EN APS /ESPECIALIDAD,65-69,Mujeres,1
2021,05990029,SÍNDROME DE RETT,SECCIÓN O: EGRESOS DEL PROGRAMA DE SALUD  MENTAL POR ALTAS CLÍNICAS EN APS /ESPECIALIDAD,70-74,Hombres,1
2021,05990029,SÍNDROME DE RETT,SECCIÓN O: EGRESOS DEL PROGRAMA DE SALUD  MENTAL POR ALTAS CLÍNICAS EN APS /ESPECIALIDAD,70-74,Mujeres,2
2021,05990029,SÍNDROME DE RETT,SECCIÓN O: EGRESOS DEL PROGRAMA DE SALUD  MENTAL POR ALTAS CLÍNICAS EN APS /ESPECIALIDAD,75-79,Hombres,0
2021,05990029,SÍNDROME DE RETT,SECCIÓN O: EGRESOS DEL PROGRAMA DE SALUD  MENTAL POR ALTAS CLÍNICAS EN APS /ESPECIALIDAD,75-79,Mujeres,2
2021,05990029,SÍNDROME DE RETT,SECCIÓN O: EGRESOS DEL PROGRAMA DE SALUD  MENTAL POR ALTAS CLÍNICAS EN APS /ESPECIALIDAD,80+,Hombres,0
2021,05990029,SÍNDROME DE RETT,SECCIÓN O: EGRESOS DEL PROGRAMA DE SALUD  MENTAL POR ALTAS CLÍNICAS EN APS /ESPECIALIDAD,80+,Mujeres,0
2021,05990030,TRASTORNO DESINTEGRATIVO DE LA INFANCIA,SECCIÓN O: EGRESOS DEL PROGRAMA DE SALUD  MENTAL POR ALTAS CLÍNICAS EN APS /ESPECIALIDAD,0-4,Hombres,1
2021,05990030,TRASTORNO DESINTEGRATIVO DE LA INFANCIA,SECCIÓN O: EGRESOS DEL PROGRAMA DE SALUD  MENTAL POR ALTAS CLÍNICAS EN APS /ESPECIALIDAD,0-4,Mujeres,0
2021,05990030,TRASTORNO DESINTEGRATIVO DE LA INFANCIA,SECCIÓN O: EGRESOS DEL PROGRAMA DE SALUD  MENTAL POR ALTAS CLÍNICAS EN APS /ESPECIALIDAD,5-9,Hombres,3
2021,05990030,TRASTORNO DESINTEGRATIVO DE LA INFANCIA,SECCIÓN O: EGRESOS DEL PROGRAMA DE SALUD  MENTAL POR ALTAS CLÍNICAS EN APS /ESPECIALIDAD,5-9,Mujeres,0
2021,05990030,TRASTORNO DESINTEGRATIVO DE LA INFANCIA,SECCIÓN O: EGRESOS DEL PROGRAMA DE SALUD  MENTAL POR ALTAS CLÍNICAS EN APS /ESPECIALIDAD,10-14,Hombres,1
2021,05990030,TRASTORNO DESINTEGRATIVO DE LA INFANCIA,SECCIÓN O: EGRESOS DEL PROGRAMA DE SALUD  MENTAL POR ALTAS CLÍNICAS EN APS /ESPECIALIDAD,10-14,Mujeres,5
2021,05990030,TRASTORNO DESINTEGRATIVO DE LA INFANCIA,SECCIÓN O: EGRESOS DEL PROGRAMA DE SALUD  MENTAL POR ALTAS CLÍNICAS EN APS /ESPECIALIDAD,15-19,Hombres,0
2021,05990030,TRASTORNO DESINTEGRATIVO DE LA INFANCIA,SECCIÓN O: EGRESOS DEL PROGRAMA DE SALUD  MENTAL POR ALTAS CLÍNICAS EN APS /ESPECIALIDAD,15-19,Mujeres,1
2021,05990030,TRASTORNO DESINTEGRATIVO DE LA INFANCIA,SECCIÓN O: EGRESOS DEL PROGRAMA DE SALUD  MENTAL POR ALTAS CLÍNICAS EN APS /ESPECIALIDAD,20-24,Hombres,0
2021,05990030,TRASTORNO DESINTEGRATIVO DE LA INFANCIA,SECCIÓN O: EGRESOS DEL PROGRAMA DE SALUD  MENTAL POR ALTAS CLÍNICAS EN APS /ESPECIALIDAD,20-24,Mujeres,0
2021,05990030,TRASTORNO DESINTEGRATIVO DE LA INFANCIA,SECCIÓN O: EGRESOS DEL PROGRAMA DE SALUD  MENTAL POR ALTAS CLÍNICAS EN APS /ESPECIALIDAD,25-29,Hombres,0
2021,05990030,TRASTORNO DESINTEGRATIVO DE LA INFANCIA,SECCIÓN O: EGRESOS DEL PROGRAMA DE SALUD  MENTAL POR ALTAS CLÍNICAS EN APS /ESPECIALIDAD,25-29,Mujeres,2
2021,05990030,TRASTORNO DESINTEGRATIVO DE LA INFANCIA,SECCIÓN O: EGRESOS DEL PROGRAMA DE SALUD  MENTAL POR ALTAS CLÍNICAS EN APS /ESPECIALIDAD,30-34,Hombres,0
2021,05990030,TRASTORNO DESINTEGRATIVO DE LA INFANCIA,SECCIÓN O: EGRESOS DEL PROGRAMA DE SALUD  MENTAL POR ALTAS CLÍNICAS EN APS /ESPECIALIDAD,30-34,Mujeres,0
2021,05990030,TRASTORNO DESINTEGRATIVO DE LA INFANCIA,SECCIÓN O: EGRESOS DEL PROGRAMA DE SALUD  MENTAL POR ALTAS CLÍNICAS EN APS /ESPECIALIDAD,35-39,Hombres,0
2021,05990030,TRASTORNO DESINTEGRATIVO DE LA INFANCIA,SECCIÓN O: EGRESOS DEL PROGRAMA DE SALUD  MENTAL POR ALTAS CLÍNICAS EN APS /ESPECIALIDAD,35-39,Mujeres,2
2021,05990030,TRASTORNO DESINTEGRATIVO DE LA INFANCIA,SECCIÓN O: EGRESOS DEL PROGRAMA DE SALUD  MENTAL POR ALTAS CLÍNICAS EN APS /ESPECIALIDAD,40-44,Hombres,0
2021,05990030,TRASTORNO DESINTEGRATIVO DE LA INFANCIA,SECCIÓN O: EGRESOS DEL PROGRAMA DE SALUD  MENTAL POR ALTAS CLÍNICAS EN APS /ESPECIALIDAD,40-44,Mujeres,0
2021,05990030,TRASTORNO DESINTEGRATIVO DE LA INFANCIA,SECCIÓN O: EGRESOS DEL PROGRAMA DE SALUD  MENTAL POR ALTAS CLÍNICAS EN APS /ESPECIALIDAD,45-49,Hombres,0
2021,05990030,TRASTORNO DESINTEGRATIVO DE LA INFANCIA,SECCIÓN O: EGRESOS DEL PROGRAMA DE SALUD  MENTAL POR ALTAS CLÍNICAS EN APS /ESPECIALIDAD,45-49,Mujeres,1
2021,05990030,TRASTORNO DESINTEGRATIVO DE LA INFANCIA,SECCIÓN O: EGRESOS DEL PROGRAMA DE SALUD  MENTAL POR ALTAS CLÍNICAS EN APS /ESPECIALIDAD,50-54,Hombres,0
2021,05990030,TRASTORNO DESINTEGRATIVO DE LA INFANCIA,SECCIÓN O: EGRESOS DEL PROGRAMA DE SALUD  MENTAL POR ALTAS CLÍNICAS EN APS /ESPECIALIDAD,50-54,Mujeres,0
2021,05990030,TRASTORNO DESINTEGRATIVO DE LA INFANCIA,SECCIÓN O: EGRESOS DEL PROGRAMA DE SALUD  MENTAL POR ALTAS CLÍNICAS EN APS /ESPECIALIDAD,55-59,Hombres,1
2021,05990030,TRASTORNO DESINTEGRATIVO DE LA INFANCIA,SECCIÓN O: EGRESOS DEL PROGRAMA DE SALUD  MENTAL POR ALTAS CLÍNICAS EN APS /ESPECIALIDAD,55-59,Mujeres,1
2021,05990030,TRASTORNO DESINTEGRATIVO DE LA INFANCIA,SECCIÓN O: EGRESOS DEL PROGRAMA DE SALUD  MENTAL POR ALTAS CLÍNICAS EN APS /ESPECIALIDAD,60-64,Hombres,0
2021,05990030,TRASTORNO DESINTEGRATIVO DE LA INFANCIA,SECCIÓN O: EGRESOS DEL PROGRAMA DE SALUD  MENTAL POR ALTAS CLÍNICAS EN APS /ESPECIALIDAD,60-64,Mujeres,0
2021,05990030,TRASTORNO DESINTEGRATIVO DE LA INFANCIA,SECCIÓN O: EGRESOS DEL PROGRAMA DE SALUD  MENTAL POR ALTAS CLÍNICAS EN APS /ESPECIALIDAD,65-69,Hombres,0
2021,05990030,TRASTORNO DESINTEGRATIVO DE LA INFANCIA,SECCIÓN O: EGRESOS DEL PROGRAMA DE SALUD  MENTAL POR ALTAS CLÍNICAS EN APS /ESPECIALIDAD,65-69,Mujeres,0
2021,05990030,TRASTORNO DESINTEGRATIVO DE LA INFANCIA,SECCIÓN O: EGRESOS DEL PROGRAMA DE SALUD  MENTAL POR ALTAS CLÍNICAS EN APS /ESPECIALIDAD,70-74,Hombres,0
2021,05990030,TRASTORNO DESINTEGRATIVO DE LA INFANCIA,SECCIÓN O: EGRESOS DEL PROGRAMA DE SALUD  MENTAL POR ALTAS CLÍNICAS EN APS /ESPECIALIDAD,70-74,Mujeres,0
2021,05990030,TRASTORNO DESINTEGRATIVO DE LA INFANCIA,SECCIÓN O: EGRESOS DEL PROGRAMA DE SALUD  MENTAL POR ALTAS CLÍNICAS EN APS /ESPECIALIDAD,75-79,Hombres,0
2021,05990030,TRASTORNO DESINTEGRATIVO DE LA INFANCIA,SECCIÓN O: EGRESOS DEL PROGRAMA DE SALUD  MENTAL POR ALTAS CLÍNICAS EN APS /ESPECIALIDAD,75-79,Mujeres,0
2021,05990030,TRASTORNO DESINTEGRATIVO DE LA INFANCIA,SECCIÓN O: EGRESOS DEL PROGRAMA DE SALUD  MENTAL POR ALTAS CLÍNICAS EN APS /ESPECIALIDAD,80+,Hombres,0
2021,05990030,TRASTORNO DESINTEGRATIVO DE LA INFANCIA,SECCIÓN O: EGRESOS DEL PROGRAMA DE SALUD  MENTAL POR ALTAS CLÍNICAS EN APS /ESPECIALIDAD,80+,Mujeres,0
2021,05990031,TRASTONO GENERALIZADO DEL DESARROLLO NO ESPECÍFICO,SECCIÓN O: EGRESOS DEL PROGRAMA DE SALUD  MENTAL POR ALTAS CLÍNICAS EN APS /ESPECIALIDAD,0-4,Hombres,44
2021,05990031,TRASTONO GENERALIZADO DEL DESARROLLO NO ESPECÍFICO,SECCIÓN O: EGRESOS DEL PROGRAMA DE SALUD  MENTAL POR ALTAS CLÍNICAS EN APS /ESPECIALIDAD,0-4,Mujeres,18
2021,05990031,TRASTONO GENERALIZADO DEL DESARROLLO NO ESPECÍFICO,SECCIÓN O: EGRESOS DEL PROGRAMA DE SALUD  MENTAL POR ALTAS CLÍNICAS EN APS /ESPECIALIDAD,5-9,Hombres,170
2021,05990031,TRASTONO GENERALIZADO DEL DESARROLLO NO ESPECÍFICO,SECCIÓN O: EGRESOS DEL PROGRAMA DE SALUD  MENTAL POR ALTAS CLÍNICAS EN APS /ESPECIALIDAD,5-9,Mujeres,49
2021,05990031,TRASTONO GENERALIZADO DEL DESARROLLO NO ESPECÍFICO,SECCIÓN O: EGRESOS DEL PROGRAMA DE SALUD  MENTAL POR ALTAS CLÍNICAS EN APS /ESPECIALIDAD,10-14,Hombres,133
2021,05990031,TRASTONO GENERALIZADO DEL DESARROLLO NO ESPECÍFICO,SECCIÓN O: EGRESOS DEL PROGRAMA DE SALUD  MENTAL POR ALTAS CLÍNICAS EN APS /ESPECIALIDAD,10-14,Mujeres,41
2021,05990031,TRASTONO GENERALIZADO DEL DESARROLLO NO ESPECÍFICO,SECCIÓN O: EGRESOS DEL PROGRAMA DE SALUD  MENTAL POR ALTAS CLÍNICAS EN APS /ESPECIALIDAD,15-19,Hombres,89
2021,05990031,TRASTONO GENERALIZADO DEL DESARROLLO NO ESPECÍFICO,SECCIÓN O: EGRESOS DEL PROGRAMA DE SALUD  MENTAL POR ALTAS CLÍNICAS EN APS /ESPECIALIDAD,15-19,Mujeres,30
2021,05990031,TRASTONO GENERALIZADO DEL DESARROLLO NO ESPECÍFICO,SECCIÓN O: EGRESOS DEL PROGRAMA DE SALUD  MENTAL POR ALTAS CLÍNICAS EN APS /ESPECIALIDAD,20-24,Hombres,27
2021,05990031,TRASTONO GENERALIZADO DEL DESARROLLO NO ESPECÍFICO,SECCIÓN O: EGRESOS DEL PROGRAMA DE SALUD  MENTAL POR ALTAS CLÍNICAS EN APS /ESPECIALIDAD,20-24,Mujeres,3
2021,05990031,TRASTONO GENERALIZADO DEL DESARROLLO NO ESPECÍFICO,SECCIÓN O: EGRESOS DEL PROGRAMA DE SALUD  MENTAL POR ALTAS CLÍNICAS EN APS /ESPECIALIDAD,25-29,Hombres,8
2021,05990031,TRASTONO GENERALIZADO DEL DESARROLLO NO ESPECÍFICO,SECCIÓN O: EGRESOS DEL PROGRAMA DE SALUD  MENTAL POR ALTAS CLÍNICAS EN APS /ESPECIALIDAD,25-29,Mujeres,8
2021,05990031,TRASTONO GENERALIZADO DEL DESARROLLO NO ESPECÍFICO,SECCIÓN O: EGRESOS DEL PROGRAMA DE SALUD  MENTAL POR ALTAS CLÍNICAS EN APS /ESPECIALIDAD,30-34,Hombres,4
2021,05990031,TRASTONO GENERALIZADO DEL DESARROLLO NO ESPECÍFICO,SECCIÓN O: EGRESOS DEL PROGRAMA DE SALUD  MENTAL POR ALTAS CLÍNICAS EN APS /ESPECIALIDAD,30-34,Mujeres,4
2021,05990031,TRASTONO GENERALIZADO DEL DESARROLLO NO ESPECÍFICO,SECCIÓN O: EGRESOS DEL PROGRAMA DE SALUD  MENTAL POR ALTAS CLÍNICAS EN APS /ESPECIALIDAD,35-39,Hombres,4
2021,05990031,TRASTONO GENERALIZADO DEL DESARROLLO NO ESPECÍFICO,SECCIÓN O: EGRESOS DEL PROGRAMA DE SALUD  MENTAL POR ALTAS CLÍNICAS EN APS /ESPECIALIDAD,35-39,Mujeres,9
2021,05990031,TRASTONO GENERALIZADO DEL DESARROLLO NO ESPECÍFICO,SECCIÓN O: EGRESOS DEL PROGRAMA DE SALUD  MENTAL POR ALTAS CLÍNICAS EN APS /ESPECIALIDAD,40-44,Hombres,2
2021,05990031,TRASTONO GENERALIZADO DEL DESARROLLO NO ESPECÍFICO,SECCIÓN O: EGRESOS DEL PROGRAMA DE SALUD  MENTAL POR ALTAS CLÍNICAS EN APS /ESPECIALIDAD,40-44,Mujeres,10
2021,05990031,TRASTONO GENERALIZADO DEL DESARROLLO NO ESPECÍFICO,SECCIÓN O: EGRESOS DEL PROGRAMA DE SALUD  MENTAL POR ALTAS CLÍNICAS EN APS /ESPECIALIDAD,45-49,Hombres,0
2021,05990031,TRASTONO GENERALIZADO DEL DESARROLLO NO ESPECÍFICO,SECCIÓN O: EGRESOS DEL PROGRAMA DE SALUD  MENTAL POR ALTAS CLÍNICAS EN APS /ESPECIALIDAD,45-49,Mujeres,5
2021,05990031,TRASTONO GENERALIZADO DEL DESARROLLO NO ESPECÍFICO,SECCIÓN O: EGRESOS DEL PROGRAMA DE SALUD  MENTAL POR ALTAS CLÍNICAS EN APS /ESPECIALIDAD,50-54,Hombres,4
2021,05990031,TRASTONO GENERALIZADO DEL DESARROLLO NO ESPECÍFICO,SECCIÓN O: EGRESOS DEL PROGRAMA DE SALUD  MENTAL POR ALTAS CLÍNICAS EN APS /ESPECIALIDAD,50-54,Mujeres,8
2021,05990031,TRASTONO GENERALIZADO DEL DESARROLLO NO ESPECÍFICO,SECCIÓN O: EGRESOS DEL PROGRAMA DE SALUD  MENTAL POR ALTAS CLÍNICAS EN APS /ESPECIALIDAD,55-59,Hombres,1
2021,05990031,TRASTONO GENERALIZADO DEL DESARROLLO NO ESPECÍFICO,SECCIÓN O: EGRESOS DEL PROGRAMA DE SALUD  MENTAL POR ALTAS CLÍNICAS EN APS /ESPECIALIDAD,55-59,Mujeres,8
2021,05990031,TRASTONO GENERALIZADO DEL DESARROLLO NO ESPECÍFICO,SECCIÓN O: EGRESOS DEL PROGRAMA DE SALUD  MENTAL POR ALTAS CLÍNICAS EN APS /ESPECIALIDAD,60-64,Hombres,2
2021,05990031,TRASTONO GENERALIZADO DEL DESARROLLO NO ESPECÍFICO,SECCIÓN O: EGRESOS DEL PROGRAMA DE SALUD  MENTAL POR ALTAS CLÍNICAS EN APS /ESPECIALIDAD,60-64,Mujeres,14
2021,05990031,TRASTONO GENERALIZADO DEL DESARROLLO NO ESPECÍFICO,SECCIÓN O: EGRESOS DEL PROGRAMA DE SALUD  MENTAL POR ALTAS CLÍNICAS EN APS /ESPECIALIDAD,65-69,Hombres,1
2021,05990031,TRASTONO GENERALIZADO DEL DESARROLLO NO ESPECÍFICO,SECCIÓN O: EGRESOS DEL PROGRAMA DE SALUD  MENTAL POR ALTAS CLÍNICAS EN APS /ESPECIALIDAD,65-69,Mujeres,9
2021,05990031,TRASTONO GENERALIZADO DEL DESARROLLO NO ESPECÍFICO,SECCIÓN O: EGRESOS DEL PROGRAMA DE SALUD  MENTAL POR ALTAS CLÍNICAS EN APS /ESPECIALIDAD,70-74,Hombres,0
2021,05990031,TRASTONO GENERALIZADO DEL DESARROLLO NO ESPECÍFICO,SECCIÓN O: EGRESOS DEL PROGRAMA DE SALUD  MENTAL POR ALTAS CLÍNICAS EN APS /ESPECIALIDAD,70-74,Mujeres,5
2021,05990031,TRASTONO GENERALIZADO DEL DESARROLLO NO ESPECÍFICO,SECCIÓN O: EGRESOS DEL PROGRAMA DE SALUD  MENTAL POR ALTAS CLÍNICAS EN APS /ESPECIALIDAD,75-79,Hombres,2
2021,05990031,TRASTONO GENERALIZADO DEL DESARROLLO NO ESPECÍFICO,SECCIÓN O: EGRESOS DEL PROGRAMA DE SALUD  MENTAL POR ALTAS CLÍNICAS EN APS /ESPECIALIDAD,75-79,Mujeres,0
2021,05990031,TRASTONO GENERALIZADO DEL DESARROLLO NO ESPECÍFICO,SECCIÓN O: EGRESOS DEL PROGRAMA DE SALUD  MENTAL POR ALTAS CLÍNICAS EN APS /ESPECIALIDAD,80+,Hombres,3
2021,05990031,TRASTONO GENERALIZADO DEL DESARROLLO NO ESPECÍFICO,SECCIÓN O: EGRESOS DEL PROGRAMA DE SALUD  MENTAL POR ALTAS CLÍNICAS EN APS /ESPECIALIDAD,80+,Mujeres,4
2022,05990022,TRASTORNO GENERALIZADOS DEL DESARROLLO | AUTISMO,SECCIÓN N: INGRESOS AL PROGRAMA DE SALUD  MENTAL EN APS /ESPECIALIDAD,0-4,Hombres,753
2022,05990022,TRASTORNO GENERALIZADOS DEL DESARROLLO | AUTISMO,SECCIÓN N: INGRESOS AL PROGRAMA DE SALUD  MENTAL EN APS /ESPECIALIDAD,0-4,Mujeres,260
2022,05990022,TRASTORNO GENERALIZADOS DEL DESARROLLO | AUTISMO,SECCIÓN N: INGRESOS AL PROGRAMA DE SALUD  MENTAL EN APS /ESPECIALIDAD,5-9,Hombres,1488
2022,05990022,TRASTORNO GENERALIZADOS DEL DESARROLLO | AUTISMO,SECCIÓN N: INGRESOS AL PROGRAMA DE SALUD  MENTAL EN APS /ESPECIALIDAD,5-9,Mujeres,374
2022,05990022,TRASTORNO GENERALIZADOS DEL DESARROLLO | AUTISMO,SECCIÓN N: INGRESOS AL PROGRAMA DE SALUD  MENTAL EN APS /ESPECIALIDAD,10-14,Hombres,726
2022,05990022,TRASTORNO GENERALIZADOS DEL DESARROLLO | AUTISMO,SECCIÓN N: INGRESOS AL PROGRAMA DE SALUD  MENTAL EN APS /ESPECIALIDAD,10-14,Mujeres,287
2022,05990022,TRASTORNO GENERALIZADOS DEL DESARROLLO | AUTISMO,SECCIÓN N: INGRESOS AL PROGRAMA DE SALUD  MENTAL EN APS /ESPECIALIDAD,15-19,Hombres,344
2022,05990022,TRASTORNO GENERALIZADOS DEL DESARROLLO | AUTISMO,SECCIÓN N: INGRESOS AL PROGRAMA DE SALUD  MENTAL EN APS /ESPECIALIDAD,15-19,Mujeres,160
2022,05990022,TRASTORNO GENERALIZADOS DEL DESARROLLO | AUTISMO,SECCIÓN N: INGRESOS AL PROGRAMA DE SALUD  MENTAL EN APS /ESPECIALIDAD,20-24,Hombres,86
2022,05990022,TRASTORNO GENERALIZADOS DEL DESARROLLO | AUTISMO,SECCIÓN N: INGRESOS AL PROGRAMA DE SALUD  MENTAL EN APS /ESPECIALIDAD,20-24,Mujeres,34
2022,05990022,TRASTORNO GENERALIZADOS DEL DESARROLLO | AUTISMO,SECCIÓN N: INGRESOS AL PROGRAMA DE SALUD  MENTAL EN APS /ESPECIALIDAD,25-29,Hombres,25
2022,05990022,TRASTORNO GENERALIZADOS DEL DESARROLLO | AUTISMO,SECCIÓN N: INGRESOS AL PROGRAMA DE SALUD  MENTAL EN APS /ESPECIALIDAD,25-29,Mujeres,23
2022,05990022,TRASTORNO GENERALIZADOS DEL DESARROLLO | AUTISMO,SECCIÓN N: INGRESOS AL PROGRAMA DE SALUD  MENTAL EN APS /ESPECIALIDAD,30-34,Hombres,18
2022,05990022,TRASTORNO GENERALIZADOS DEL DESARROLLO | AUTISMO,SECCIÓN N: INGRESOS AL PROGRAMA DE SALUD  MENTAL EN APS /ESPECIALIDAD,30-34,Mujeres,8
2022,05990022,TRASTORNO GENERALIZADOS DEL DESARROLLO | AUTISMO,SECCIÓN N: INGRESOS AL PROGRAMA DE SALUD  MENTAL EN APS /ESPECIALIDAD,35-39,Hombres,12
2022,05990022,TRASTORNO GENERALIZADOS DEL DESARROLLO | AUTISMO,SECCIÓN N: INGRESOS AL PROGRAMA DE SALUD  MENTAL EN APS /ESPECIALIDAD,35-39,Mujeres,8
2022,05990022,TRASTORNO GENERALIZADOS DEL DESARROLLO | AUTISMO,SECCIÓN N: INGRESOS AL PROGRAMA DE SALUD  MENTAL EN APS /ESPECIALIDAD,40-44,Hombres,3
2022,05990022,TRASTORNO GENERALIZADOS DEL DESARROLLO | AUTISMO,SECCIÓN N: INGRESOS AL PROGRAMA DE SALUD  MENTAL EN APS /ESPECIALIDAD,40-44,Mujeres,8
2022,05990022,TRASTORNO GENERALIZADOS DEL DESARROLLO | AUTISMO,SECCIÓN N: INGRESOS AL PROGRAMA DE SALUD  MENTAL EN APS /ESPECIALIDAD,45-49,Hombres,4
2022,05990022,TRASTORNO GENERALIZADOS DEL DESARROLLO | AUTISMO,SECCIÓN N: INGRESOS AL PROGRAMA DE SALUD  MENTAL EN APS /ESPECIALIDAD,45-49,Mujeres,1
2022,05990022,TRASTORNO GENERALIZADOS DEL DESARROLLO | AUTISMO,SECCIÓN N: INGRESOS AL PROGRAMA DE SALUD  MENTAL EN APS /ESPECIALIDAD,50-54,Hombres,1
2022,05990022,TRASTORNO GENERALIZADOS DEL DESARROLLO | AUTISMO,SECCIÓN N: INGRESOS AL PROGRAMA DE SALUD  MENTAL EN APS /ESPECIALIDAD,50-54,Mujeres,4
2022,05990022,TRASTORNO GENERALIZADOS DEL DESARROLLO | AUTISMO,SECCIÓN N: INGRESOS AL PROGRAMA DE SALUD  MENTAL EN APS /ESPECIALIDAD,55-59,Hombres,1
2022,05990022,TRASTORNO GENERALIZADOS DEL DESARROLLO | AUTISMO,SECCIÓN N: INGRESOS AL PROGRAMA DE SALUD  MENTAL EN APS /ESPECIALIDAD,55-59,Mujeres,2
2022,05990022,TRASTORNO GENERALIZADOS DEL DESARROLLO | AUTISMO,SECCIÓN N: INGRESOS AL PROGRAMA DE SALUD  MENTAL EN APS /ESPECIALIDAD,60-64,Hombres,1
2022,05990022,TRASTORNO GENERALIZADOS DEL DESARROLLO | AUTISMO,SECCIÓN N: INGRESOS AL PROGRAMA DE SALUD  MENTAL EN APS /ESPECIALIDAD,60-64,Mujeres,1
2022,05990022,TRASTORNO GENERALIZADOS DEL DESARROLLO | AUTISMO,SECCIÓN N: INGRESOS AL PROGRAMA DE SALUD  MENTAL EN APS /ESPECIALIDAD,65-69,Hombres,1
2022,05990022,TRASTORNO GENERALIZADOS DEL DESARROLLO | AUTISMO,SECCIÓN N: INGRESOS AL PROGRAMA DE SALUD  MENTAL EN APS /ESPECIALIDAD,65-69,Mujeres,1
2022,05990022,TRASTORNO GENERALIZADOS DEL DESARROLLO | AUTISMO,SECCIÓN N: INGRESOS AL PROGRAMA DE SALUD  MENTAL EN APS /ESPECIALIDAD,70-74,Hombres,0
2022,05990022,TRASTORNO GENERALIZADOS DEL DESARROLLO | AUTISMO,SECCIÓN N: INGRESOS AL PROGRAMA DE SALUD  MENTAL EN APS /ESPECIALIDAD,70-74,Mujeres,1
2022,05990022,TRASTORNO GENERALIZADOS DEL DESARROLLO | AUTISMO,SECCIÓN N: INGRESOS AL PROGRAMA DE SALUD  MENTAL EN APS /ESPECIALIDAD,75-79,Hombres,0
2022,05990022,TRASTORNO GENERALIZADOS DEL DESARROLLO | AUTISMO,SECCIÓN N: INGRESOS AL PROGRAMA DE SALUD  MENTAL EN APS /ESPECIALIDAD,75-79,Mujeres,2
2022,05990022,TRASTORNO GENERALIZADOS DEL DESARROLLO | AUTISMO,SECCIÓN N: INGRESOS AL PROGRAMA DE SALUD  MENTAL EN APS /ESPECIALIDAD,80+,Hombres,3
2022,05990022,TRASTORNO GENERALIZADOS DEL DESARROLLO | AUTISMO,SECCIÓN N: INGRESOS AL PROGRAMA DE SALUD  MENTAL EN APS /ESPECIALIDAD,80+,Mujeres,1
2022,05990023,ASPERGER,SECCIÓN N: INGRESOS AL PROGRAMA DE SALUD  MENTAL EN APS /ESPECIALIDAD,0-4,Hombres,57
2022,05990023,ASPERGER,SECCIÓN N: INGRESOS AL PROGRAMA DE SALUD  MENTAL EN APS /ESPECIALIDAD,0-4,Mujeres,19
2022,05990023,ASPERGER,SECCIÓN N: INGRESOS AL PROGRAMA DE SALUD  MENTAL EN APS /ESPECIALIDAD,5-9,Hombres,261
2022,05990023,ASPERGER,SECCIÓN N: INGRESOS AL PROGRAMA DE SALUD  MENTAL EN APS /ESPECIALIDAD,5-9,Mujeres,60
2022,05990023,ASPERGER,SECCIÓN N: INGRESOS AL PROGRAMA DE SALUD  MENTAL EN APS /ESPECIALIDAD,10-14,Hombres,299
2022,05990023,ASPERGER,SECCIÓN N: INGRESOS AL PROGRAMA DE SALUD  MENTAL EN APS /ESPECIALIDAD,10-14,Mujeres,126
2022,05990023,ASPERGER,SECCIÓN N: INGRESOS AL PROGRAMA DE SALUD  MENTAL EN APS /ESPECIALIDAD,15-19,Hombres,193
2022,05990023,ASPERGER,SECCIÓN N: INGRESOS AL PROGRAMA DE SALUD  MENTAL EN APS /ESPECIALIDAD,15-19,Mujeres,64
2022,05990023,ASPERGER,SECCIÓN N: INGRESOS AL PROGRAMA DE SALUD  MENTAL EN APS /ESPECIALIDAD,20-24,Hombres,51
2022,05990023,ASPERGER,SECCIÓN N: INGRESOS AL PROGRAMA DE SALUD  MENTAL EN APS /ESPECIALIDAD,20-24,Mujeres,21
2022,05990023,ASPERGER,SECCIÓN N: INGRESOS AL PROGRAMA DE SALUD  MENTAL EN APS /ESPECIALIDAD,25-29,Hombres,19
2022,05990023,ASPERGER,SECCIÓN N: INGRESOS AL PROGRAMA DE SALUD  MENTAL EN APS /ESPECIALIDAD,25-29,Mujeres,6
2022,05990023,ASPERGER,SECCIÓN N: INGRESOS AL PROGRAMA DE SALUD  MENTAL EN APS /ESPECIALIDAD,30-34,Hombres,4
2022,05990023,ASPERGER,SECCIÓN N: INGRESOS AL PROGRAMA DE SALUD  MENTAL EN APS /ESPECIALIDAD,30-34,Mujeres,4
2022,05990023,ASPERGER,SECCIÓN N: INGRESOS AL PROGRAMA DE SALUD  MENTAL EN APS /ESPECIALIDAD,35-39,Hombres,9
2022,05990023,ASPERGER,SECCIÓN N: INGRESOS AL PROGRAMA DE SALUD  MENTAL EN APS /ESPECIALIDAD,35-39,Mujeres,1
2022,05990023,ASPERGER,SECCIÓN N: INGRESOS AL PROGRAMA DE SALUD  MENTAL EN APS /ESPECIALIDAD,40-44,Hombres,1
2022,05990023,ASPERGER,SECCIÓN N: INGRESOS AL PROGRAMA DE SALUD  MENTAL EN APS /ESPECIALIDAD,40-44,Mujeres,3
2022,05990023,ASPERGER,SECCIÓN N: INGRESOS AL PROGRAMA DE SALUD  MENTAL EN APS /ESPECIALIDAD,45-49,Hombres,3
2022,05990023,ASPERGER,SECCIÓN N: INGRESOS AL PROGRAMA DE SALUD  MENTAL EN APS /ESPECIALIDAD,45-49,Mujeres,1
2022,05990023,ASPERGER,SECCIÓN N: INGRESOS AL PROGRAMA DE SALUD  MENTAL EN APS /ESPECIALIDAD,50-54,Hombres,1
2022,05990023,ASPERGER,SECCIÓN N: INGRESOS AL PROGRAMA DE SALUD  MENTAL EN APS /ESPECIALIDAD,50-54,Mujeres,1
2022,05990023,ASPERGER,SECCIÓN N: INGRESOS AL PROGRAMA DE SALUD  MENTAL EN APS /ESPECIALIDAD,55-59,Hombres,0
2022,05990023,ASPERGER,SECCIÓN N: INGRESOS AL PROGRAMA DE SALUD  MENTAL EN APS /ESPECIALIDAD,55-59,Mujeres,1
2022,05990023,ASPERGER,SECCIÓN N: INGRESOS AL PROGRAMA DE SALUD  MENTAL EN APS /ESPECIALIDAD,60-64,Hombres,0
2022,05990023,ASPERGER,SECCIÓN N: INGRESOS AL PROGRAMA DE SALUD  MENTAL EN APS /ESPECIALIDAD,60-64,Mujeres,1
2022,05990023,ASPERGER,SECCIÓN N: INGRESOS AL PROGRAMA DE SALUD  MENTAL EN APS /ESPECIALIDAD,65-69,Hombres,1
2022,05990023,ASPERGER,SECCIÓN N: INGRESOS AL PROGRAMA DE SALUD  MENTAL EN APS /ESPECIALIDAD,65-69,Mujeres,0
2022,05990023,ASPERGER,SECCIÓN N: INGRESOS AL PROGRAMA DE SALUD  MENTAL EN APS /ESPECIALIDAD,70-74,Hombres,0
2022,05990023,ASPERGER,SECCIÓN N: INGRESOS AL PROGRAMA DE SALUD  MENTAL EN APS /ESPECIALIDAD,70-74,Mujeres,0
2022,05990023,ASPERGER,SECCIÓN N: INGRESOS AL PROGRAMA DE SALUD  MENTAL EN APS /ESPECIALIDAD,75-79,Hombres,0
2022,05990023,ASPERGER,SECCIÓN N: INGRESOS AL PROGRAMA DE SALUD  MENTAL EN APS /ESPECIALIDAD,75-79,Mujeres,0
2022,05990023,ASPERGER,SECCIÓN N: INGRESOS AL PROGRAMA DE SALUD  MENTAL EN APS /ESPECIALIDAD,80+,Hombres,0
2022,05990023,ASPERGER,SECCIÓN N: INGRESOS AL PROGRAMA DE SALUD  MENTAL EN APS /ESPECIALIDAD,80+,Mujeres,0
2022,05990024,SÍNDROME DE RETT,SECCIÓN N: INGRESOS AL PROGRAMA DE SALUD  MENTAL EN APS /ESPECIALIDAD,0-4,Hombres,0
2022,05990024,SÍNDROME DE RETT,SECCIÓN N: INGRESOS AL PROGRAMA DE SALUD  MENTAL EN APS /ESPECIALIDAD,0-4,Mujeres,0
2022,05990024,SÍNDROME DE RETT,SECCIÓN N: INGRESOS AL PROGRAMA DE SALUD  MENTAL EN APS /ESPECIALIDAD,5-9,Hombres,2
2022,05990024,SÍNDROME DE RETT,SECCIÓN N: INGRESOS AL PROGRAMA DE SALUD  MENTAL EN APS /ESPECIALIDAD,5-9,Mujeres,1
2022,05990024,SÍNDROME DE RETT,SECCIÓN N: INGRESOS AL PROGRAMA DE SALUD  MENTAL EN APS /ESPECIALIDAD,10-14,Hombres,6
2022,05990024,SÍNDROME DE RETT,SECCIÓN N: INGRESOS AL PROGRAMA DE SALUD  MENTAL EN APS /ESPECIALIDAD,10-14,Mujeres,8
2022,05990024,SÍNDROME DE RETT,SECCIÓN N: INGRESOS AL PROGRAMA DE SALUD  MENTAL EN APS /ESPECIALIDAD,15-19,Hombres,3
2022,05990024,SÍNDROME DE RETT,SECCIÓN N: INGRESOS AL PROGRAMA DE SALUD  MENTAL EN APS /ESPECIALIDAD,15-19,Mujeres,5
2022,05990024,SÍNDROME DE RETT,SECCIÓN N: INGRESOS AL PROGRAMA DE SALUD  MENTAL EN APS /ESPECIALIDAD,20-24,Hombres,6
2022,05990024,SÍNDROME DE RETT,SECCIÓN N: INGRESOS AL PROGRAMA DE SALUD  MENTAL EN APS /ESPECIALIDAD,20-24,Mujeres,4
2022,05990024,SÍNDROME DE RETT,SECCIÓN N: INGRESOS AL PROGRAMA DE SALUD  MENTAL EN APS /ESPECIALIDAD,25-29,Hombres,0
2022,05990024,SÍNDROME DE RETT,SECCIÓN N: INGRESOS AL PROGRAMA DE SALUD  MENTAL EN APS /ESPECIALIDAD,25-29,Mujeres,5
2022,05990024,SÍNDROME DE RETT,SECCIÓN N: INGRESOS AL PROGRAMA DE SALUD  MENTAL EN APS /ESPECIALIDAD,30-34,Hombres,2
2022,05990024,SÍNDROME DE RETT,SECCIÓN N: INGRESOS AL PROGRAMA DE SALUD  MENTAL EN APS /ESPECIALIDAD,30-34,Mujeres,2
2022,05990024,SÍNDROME DE RETT,SECCIÓN N: INGRESOS AL PROGRAMA DE SALUD  MENTAL EN APS /ESPECIALIDAD,35-39,Hombres,3
2022,05990024,SÍNDROME DE RETT,SECCIÓN N: INGRESOS AL PROGRAMA DE SALUD  MENTAL EN APS /ESPECIALIDAD,35-39,Mujeres,4
2022,05990024,SÍNDROME DE RETT,SECCIÓN N: INGRESOS AL PROGRAMA DE SALUD  MENTAL EN APS /ESPECIALIDAD,40-44,Hombres,2
2022,05990024,SÍNDROME DE RETT,SECCIÓN N: INGRESOS AL PROGRAMA DE SALUD  MENTAL EN APS /ESPECIALIDAD,40-44,Mujeres,5
2022,05990024,SÍNDROME DE RETT,SECCIÓN N: INGRESOS AL PROGRAMA DE SALUD  MENTAL EN APS /ESPECIALIDAD,45-49,Hombres,0
2022,05990024,SÍNDROME DE RETT,SECCIÓN N: INGRESOS AL PROGRAMA DE SALUD  MENTAL EN APS /ESPECIALIDAD,45-49,Mujeres,3
2022,05990024,SÍNDROME DE RETT,SECCIÓN N: INGRESOS AL PROGRAMA DE SALUD  MENTAL EN APS /ESPECIALIDAD,50-54,Hombres,1
2022,05990024,SÍNDROME DE RETT,SECCIÓN N: INGRESOS AL PROGRAMA DE SALUD  MENTAL EN APS /ESPECIALIDAD,50-54,Mujeres,1
2022,05990024,SÍNDROME DE RETT,SECCIÓN N: INGRESOS AL PROGRAMA DE SALUD  MENTAL EN APS /ESPECIALIDAD,55-59,Hombres,2
2022,05990024,SÍNDROME DE RETT,SECCIÓN N: INGRESOS AL PROGRAMA DE SALUD  MENTAL EN APS /ESPECIALIDAD,55-59,Mujeres,4
2022,05990024,SÍNDROME DE RETT,SECCIÓN N: INGRESOS AL PROGRAMA DE SALUD  MENTAL EN APS /ESPECIALIDAD,60-64,Hombres,1
2022,05990024,SÍNDROME DE RETT,SECCIÓN N: INGRESOS AL PROGRAMA DE SALUD  MENTAL EN APS /ESPECIALIDAD,60-64,Mujeres,2
2022,05990024,SÍNDROME DE RETT,SECCIÓN N: INGRESOS AL PROGRAMA DE SALUD  MENTAL EN APS /ESPECIALIDAD,65-69,Hombres,0
2022,05990024,SÍNDROME DE RETT,SECCIÓN N: INGRESOS AL PROGRAMA DE SALUD  MENTAL EN APS /ESPECIALIDAD,65-69,Mujeres,0
2022,05990024,SÍNDROME DE RETT,SECCIÓN N: INGRESOS AL PROGRAMA DE SALUD  MENTAL EN APS /ESPECIALIDAD,70-74,Hombres,0
2022,05990024,SÍNDROME DE RETT,SECCIÓN N: INGRESOS AL PROGRAMA DE SALUD  MENTAL EN APS /ESPECIALIDAD,70-74,Mujeres,1
2022,05990024,SÍNDROME DE RETT,SECCIÓN N: INGRESOS AL PROGRAMA DE SALUD  MENTAL EN APS /ESPECIALIDAD,75-79,Hombres,0
2022,05990024,SÍNDROME DE RETT,SECCIÓN N: INGRESOS AL PROGRAMA DE SALUD  MENTAL EN APS /ESPECIALIDAD,75-79,Mujeres,2
2022,05990024,SÍNDROME DE RETT,SECCIÓN N: INGRESOS AL PROGRAMA DE SALUD  MENTAL EN APS /ESPECIALIDAD,80+,Hombres,1
2022,05990024,SÍNDROME DE RETT,SECCIÓN N: INGRESOS AL PROGRAMA DE SALUD  MENTAL EN APS /ESPECIALIDAD,80+,Mujeres,0
2022,05990025,TRASTORNO DESINTEGRATIVO DE LA INFANCIA,SECCIÓN N: INGRESOS AL PROGRAMA DE SALUD  MENTAL EN APS /ESPECIALIDAD,0-4,Hombres,0
2022,05990025,TRASTORNO DESINTEGRATIVO DE LA INFANCIA,SECCIÓN N: INGRESOS AL PROGRAMA DE SALUD  MENTAL EN APS /ESPECIALIDAD,0-4,Mujeres,0
2022,05990025,TRASTORNO DESINTEGRATIVO DE LA INFANCIA,SECCIÓN N: INGRESOS AL PROGRAMA DE SALUD  MENTAL EN APS /ESPECIALIDAD,5-9,Hombres,4
2022,05990025,TRASTORNO DESINTEGRATIVO DE LA INFANCIA,SECCIÓN N: INGRESOS AL PROGRAMA DE SALUD  MENTAL EN APS /ESPECIALIDAD,5-9,Mujeres,0
2022,05990025,TRASTORNO DESINTEGRATIVO DE LA INFANCIA,SECCIÓN N: INGRESOS AL PROGRAMA DE SALUD  MENTAL EN APS /ESPECIALIDAD,10-14,Hombres,4
2022,05990025,TRASTORNO DESINTEGRATIVO DE LA INFANCIA,SECCIÓN N: INGRESOS AL PROGRAMA DE SALUD  MENTAL EN APS /ESPECIALIDAD,10-14,Mujeres,4
2022,05990025,TRASTORNO DESINTEGRATIVO DE LA INFANCIA,SECCIÓN N: INGRESOS AL PROGRAMA DE SALUD  MENTAL EN APS /ESPECIALIDAD,15-19,Hombres,2
2022,05990025,TRASTORNO DESINTEGRATIVO DE LA INFANCIA,SECCIÓN N: INGRESOS AL PROGRAMA DE SALUD  MENTAL EN APS /ESPECIALIDAD,15-19,Mujeres,4
2022,05990025,TRASTORNO DESINTEGRATIVO DE LA INFANCIA,SECCIÓN N: INGRESOS AL PROGRAMA DE SALUD  MENTAL EN APS /ESPECIALIDAD,20-24,Hombres,1
2022,05990025,TRASTORNO DESINTEGRATIVO DE LA INFANCIA,SECCIÓN N: INGRESOS AL PROGRAMA DE SALUD  MENTAL EN APS /ESPECIALIDAD,20-24,Mujeres,0
2022,05990025,TRASTORNO DESINTEGRATIVO DE LA INFANCIA,SECCIÓN N: INGRESOS AL PROGRAMA DE SALUD  MENTAL EN APS /ESPECIALIDAD,25-29,Hombres,0
2022,05990025,TRASTORNO DESINTEGRATIVO DE LA INFANCIA,SECCIÓN N: INGRESOS AL PROGRAMA DE SALUD  MENTAL EN APS /ESPECIALIDAD,25-29,Mujeres,2
2022,05990025,TRASTORNO DESINTEGRATIVO DE LA INFANCIA,SECCIÓN N: INGRESOS AL PROGRAMA DE SALUD  MENTAL EN APS /ESPECIALIDAD,30-34,Hombres,1
2022,05990025,TRASTORNO DESINTEGRATIVO DE LA INFANCIA,SECCIÓN N: INGRESOS AL PROGRAMA DE SALUD  MENTAL EN APS /ESPECIALIDAD,30-34,Mujeres,3
2022,05990025,TRASTORNO DESINTEGRATIVO DE LA INFANCIA,SECCIÓN N: INGRESOS AL PROGRAMA DE SALUD  MENTAL EN APS /ESPECIALIDAD,35-39,Hombres,0
2022,05990025,TRASTORNO DESINTEGRATIVO DE LA INFANCIA,SECCIÓN N: INGRESOS AL PROGRAMA DE SALUD  MENTAL EN APS /ESPECIALIDAD,35-39,Mujeres,4
2022,05990025,TRASTORNO DESINTEGRATIVO DE LA INFANCIA,SECCIÓN N: INGRESOS AL PROGRAMA DE SALUD  MENTAL EN APS /ESPECIALIDAD,40-44,Hombres,0
2022,05990025,TRASTORNO DESINTEGRATIVO DE LA INFANCIA,SECCIÓN N: INGRESOS AL PROGRAMA DE SALUD  MENTAL EN APS /ESPECIALIDAD,40-44,Mujeres,0
2022,05990025,TRASTORNO DESINTEGRATIVO DE LA INFANCIA,SECCIÓN N: INGRESOS AL PROGRAMA DE SALUD  MENTAL EN APS /ESPECIALIDAD,45-49,Hombres,0
2022,05990025,TRASTORNO DESINTEGRATIVO DE LA INFANCIA,SECCIÓN N: INGRESOS AL PROGRAMA DE SALUD  MENTAL EN APS /ESPECIALIDAD,45-49,Mujeres,5
2022,05990025,TRASTORNO DESINTEGRATIVO DE LA INFANCIA,SECCIÓN N: INGRESOS AL PROGRAMA DE SALUD  MENTAL EN APS /ESPECIALIDAD,50-54,Hombres,0
2022,05990025,TRASTORNO DESINTEGRATIVO DE LA INFANCIA,SECCIÓN N: INGRESOS AL PROGRAMA DE SALUD  MENTAL EN APS /ESPECIALIDAD,50-54,Mujeres,1
2022,05990025,TRASTORNO DESINTEGRATIVO DE LA INFANCIA,SECCIÓN N: INGRESOS AL PROGRAMA DE SALUD  MENTAL EN APS /ESPECIALIDAD,55-59,Hombres,1
2022,05990025,TRASTORNO DESINTEGRATIVO DE LA INFANCIA,SECCIÓN N: INGRESOS AL PROGRAMA DE SALUD  MENTAL EN APS /ESPECIALIDAD,55-59,Mujeres,1
2022,05990025,TRASTORNO DESINTEGRATIVO DE LA INFANCIA,SECCIÓN N: INGRESOS AL PROGRAMA DE SALUD  MENTAL EN APS /ESPECIALIDAD,60-64,Hombres,0
2022,05990025,TRASTORNO DESINTEGRATIVO DE LA INFANCIA,SECCIÓN N: INGRESOS AL PROGRAMA DE SALUD  MENTAL EN APS /ESPECIALIDAD,60-64,Mujeres,2
2022,05990025,TRASTORNO DESINTEGRATIVO DE LA INFANCIA,SECCIÓN N: INGRESOS AL PROGRAMA DE SALUD  MENTAL EN APS /ESPECIALIDAD,65-69,Hombres,0
2022,05990025,TRASTORNO DESINTEGRATIVO DE LA INFANCIA,SECCIÓN N: INGRESOS AL PROGRAMA DE SALUD  MENTAL EN APS /ESPECIALIDAD,65-69,Mujeres,1
2022,05990025,TRASTORNO DESINTEGRATIVO DE LA INFANCIA,SECCIÓN N: INGRESOS AL PROGRAMA DE SALUD  MENTAL EN APS /ESPECIALIDAD,70-74,Hombres,0
2022,05990025,TRASTORNO DESINTEGRATIVO DE LA INFANCIA,SECCIÓN N: INGRESOS AL PROGRAMA DE SALUD  MENTAL EN APS /ESPECIALIDAD,70-74,Mujeres,1
2022,05990025,TRASTORNO DESINTEGRATIVO DE LA INFANCIA,SECCIÓN N: INGRESOS AL PROGRAMA DE SALUD  MENTAL EN APS /ESPECIALIDAD,75-79,Hombres,0
2022,05990025,TRASTORNO DESINTEGRATIVO DE LA INFANCIA,SECCIÓN N: INGRESOS AL PROGRAMA DE SALUD  MENTAL EN APS /ESPECIALIDAD,75-79,Mujeres,0
2022,05990025,TRASTORNO DESINTEGRATIVO DE LA INFANCIA,SECCIÓN N: INGRESOS AL PROGRAMA DE SALUD  MENTAL EN APS /ESPECIALIDAD,80+,Hombres,0
2022,05990025,TRASTORNO DESINTEGRATIVO DE LA INFANCIA,SECCIÓN N: INGRESOS AL PROGRAMA DE SALUD  MENTAL EN APS /ESPECIALIDAD,80+,Mujeres,0
2022,05990026,TRASTONO GENERALIZADO DEL DESARROLLO NO ESPECÍFICO,SECCIÓN N: INGRESOS AL PROGRAMA DE SALUD  MENTAL EN APS /ESPECIALIDAD,0-4,Hombres,312
2022,05990026,TRASTONO GENERALIZADO DEL DESARROLLO NO ESPECÍFICO,SECCIÓN N: INGRESOS AL PROGRAMA DE SALUD  MENTAL EN APS /ESPECIALIDAD,0-4,Mujeres,127
2022,05990026,TRASTONO GENERALIZADO DEL DESARROLLO NO ESPECÍFICO,SECCIÓN N: INGRESOS AL PROGRAMA DE SALUD  MENTAL EN APS /ESPECIALIDAD,5-9,Hombres,497
2022,05990026,TRASTONO GENERALIZADO DEL DESARROLLO NO ESPECÍFICO,SECCIÓN N: INGRESOS AL PROGRAMA DE SALUD  MENTAL EN APS /ESPECIALIDAD,5-9,Mujeres,180
2022,05990026,TRASTONO GENERALIZADO DEL DESARROLLO NO ESPECÍFICO,SECCIÓN N: INGRESOS AL PROGRAMA DE SALUD  MENTAL EN APS /ESPECIALIDAD,10-14,Hombres,345
2022,05990026,TRASTONO GENERALIZADO DEL DESARROLLO NO ESPECÍFICO,SECCIÓN N: INGRESOS AL PROGRAMA DE SALUD  MENTAL EN APS /ESPECIALIDAD,10-14,Mujeres,184
2022,05990026,TRASTONO GENERALIZADO DEL DESARROLLO NO ESPECÍFICO,SECCIÓN N: INGRESOS AL PROGRAMA DE SALUD  MENTAL EN APS /ESPECIALIDAD,15-19,Hombres,166
2022,05990026,TRASTONO GENERALIZADO DEL DESARROLLO NO ESPECÍFICO,SECCIÓN N: INGRESOS AL PROGRAMA DE SALUD  MENTAL EN APS /ESPECIALIDAD,15-19,Mujeres,126
2022,05990026,TRASTONO GENERALIZADO DEL DESARROLLO NO ESPECÍFICO,SECCIÓN N: INGRESOS AL PROGRAMA DE SALUD  MENTAL EN APS /ESPECIALIDAD,20-24,Hombres,46
2022,05990026,TRASTONO GENERALIZADO DEL DESARROLLO NO ESPECÍFICO,SECCIÓN N: INGRESOS AL PROGRAMA DE SALUD  MENTAL EN APS /ESPECIALIDAD,20-24,Mujeres,20
2022,05990026,TRASTONO GENERALIZADO DEL DESARROLLO NO ESPECÍFICO,SECCIÓN N: INGRESOS AL PROGRAMA DE SALUD  MENTAL EN APS /ESPECIALIDAD,25-29,Hombres,11
2022,05990026,TRASTONO GENERALIZADO DEL DESARROLLO NO ESPECÍFICO,SECCIÓN N: INGRESOS AL PROGRAMA DE SALUD  MENTAL EN APS /ESPECIALIDAD,25-29,Mujeres,16
2022,05990026,TRASTONO GENERALIZADO DEL DESARROLLO NO ESPECÍFICO,SECCIÓN N: INGRESOS AL PROGRAMA DE SALUD  MENTAL EN APS /ESPECIALIDAD,30-34,Hombres,16
2022,05990026,TRASTONO GENERALIZADO DEL DESARROLLO NO ESPECÍFICO,SECCIÓN N: INGRESOS AL PROGRAMA DE SALUD  MENTAL EN APS /ESPECIALIDAD,30-34,Mujeres,6
2022,05990026,TRASTONO GENERALIZADO DEL DESARROLLO NO ESPECÍFICO,SECCIÓN N: INGRESOS AL PROGRAMA DE SALUD  MENTAL EN APS /ESPECIALIDAD,35-39,Hombres,3
2022,05990026,TRASTONO GENERALIZADO DEL DESARROLLO NO ESPECÍFICO,SECCIÓN N: INGRESOS AL PROGRAMA DE SALUD  MENTAL EN APS /ESPECIALIDAD,35-39,Mujeres,9
2022,05990026,TRASTONO GENERALIZADO DEL DESARROLLO NO ESPECÍFICO,SECCIÓN N: INGRESOS AL PROGRAMA DE SALUD  MENTAL EN APS /ESPECIALIDAD,40-44,Hombres,3
2022,05990026,TRASTONO GENERALIZADO DEL DESARROLLO NO ESPECÍFICO,SECCIÓN N: INGRESOS AL PROGRAMA DE SALUD  MENTAL EN APS /ESPECIALIDAD,40-44,Mujeres,8
2022,05990026,TRASTONO GENERALIZADO DEL DESARROLLO NO ESPECÍFICO,SECCIÓN N: INGRESOS AL PROGRAMA DE SALUD  MENTAL EN APS /ESPECIALIDAD,45-49,Hombres,4
2022,05990026,TRASTONO GENERALIZADO DEL DESARROLLO NO ESPECÍFICO,SECCIÓN N: INGRESOS AL PROGRAMA DE SALUD  MENTAL EN APS /ESPECIALIDAD,45-49,Mujeres,4
2022,05990026,TRASTONO GENERALIZADO DEL DESARROLLO NO ESPECÍFICO,SECCIÓN N: INGRESOS AL PROGRAMA DE SALUD  MENTAL EN APS /ESPECIALIDAD,50-54,Hombres,1
2022,05990026,TRASTONO GENERALIZADO DEL DESARROLLO NO ESPECÍFICO,SECCIÓN N: INGRESOS AL PROGRAMA DE SALUD  MENTAL EN APS /ESPECIALIDAD,50-54,Mujeres,5
2022,05990026,TRASTONO GENERALIZADO DEL DESARROLLO NO ESPECÍFICO,SECCIÓN N: INGRESOS AL PROGRAMA DE SALUD  MENTAL EN APS /ESPECIALIDAD,55-59,Hombres,3
2022,05990026,TRASTONO GENERALIZADO DEL DESARROLLO NO ESPECÍFICO,SECCIÓN N: INGRESOS AL PROGRAMA DE SALUD  MENTAL EN APS /ESPECIALIDAD,55-59,Mujeres,7
2022,05990026,TRASTONO GENERALIZADO DEL DESARROLLO NO ESPECÍFICO,SECCIÓN N: INGRESOS AL PROGRAMA DE SALUD  MENTAL EN APS /ESPECIALIDAD,60-64,Hombres,1
2022,05990026,TRASTONO GENERALIZADO DEL DESARROLLO NO ESPECÍFICO,SECCIÓN N: INGRESOS AL PROGRAMA DE SALUD  MENTAL EN APS /ESPECIALIDAD,60-64,Mujeres,4
2022,05990026,TRASTONO GENERALIZADO DEL DESARROLLO NO ESPECÍFICO,SECCIÓN N: INGRESOS AL PROGRAMA DE SALUD  MENTAL EN APS /ESPECIALIDAD,65-69,Hombres,2
2022,05990026,TRASTONO GENERALIZADO DEL DESARROLLO NO ESPECÍFICO,SECCIÓN N: INGRESOS AL PROGRAMA DE SALUD  MENTAL EN APS /ESPECIALIDAD,65-69,Mujeres,1
2022,05990026,TRASTONO GENERALIZADO DEL DESARROLLO NO ESPECÍFICO,SECCIÓN N: INGRESOS AL PROGRAMA DE SALUD  MENTAL EN APS /ESPECIALIDAD,70-74,Hombres,1
2022,05990026,TRASTONO GENERALIZADO DEL DESARROLLO NO ESPECÍFICO,SECCIÓN N: INGRESOS AL PROGRAMA DE SALUD  MENTAL EN APS /ESPECIALIDAD,70-74,Mujeres,3
2022,05990026,TRASTONO GENERALIZADO DEL DESARROLLO NO ESPECÍFICO,SECCIÓN N: INGRESOS AL PROGRAMA DE SALUD  MENTAL EN APS /ESPECIALIDAD,75-79,Hombres,2
2022,05990026,TRASTONO GENERALIZADO DEL DESARROLLO NO ESPECÍFICO,SECCIÓN N: INGRESOS AL PROGRAMA DE SALUD  MENTAL EN APS /ESPECIALIDAD,75-79,Mujeres,1
2022,05990026,TRASTONO GENERALIZADO DEL DESARROLLO NO ESPECÍFICO,SECCIÓN N: INGRESOS AL PROGRAMA DE SALUD  MENTAL EN APS /ESPECIALIDAD,80+,Hombres,1
2022,05990026,TRASTONO GENERALIZADO DEL DESARROLLO NO ESPECÍFICO,SECCIÓN N: INGRESOS AL PROGRAMA DE SALUD  MENTAL EN APS /ESPECIALIDAD,80+,Mujeres,1
2022,05990027,TRASTORNO GENERALIZADOS DEL DESARROLLO | AUTISMO,SECCIÓN O: EGRESOS DEL PROGRAMA DE SALUD  MENTAL POR ALTAS CLÍNICAS EN APS /ESPECIALIDAD,0-4,Hombres,64
2022,05990027,TRASTORNO GENERALIZADOS DEL DESARROLLO | AUTISMO,SECCIÓN O: EGRESOS DEL PROGRAMA DE SALUD  MENTAL POR ALTAS CLÍNICAS EN APS /ESPECIALIDAD,0-4,Mujeres,22
2022,05990027,TRASTORNO GENERALIZADOS DEL DESARROLLO | AUTISMO,SECCIÓN O: EGRESOS DEL PROGRAMA DE SALUD  MENTAL POR ALTAS CLÍNICAS EN APS /ESPECIALIDAD,5-9,Hombres,283
2022,05990027,TRASTORNO GENERALIZADOS DEL DESARROLLO | AUTISMO,SECCIÓN O: EGRESOS DEL PROGRAMA DE SALUD  MENTAL POR ALTAS CLÍNICAS EN APS /ESPECIALIDAD,5-9,Mujeres,84
2022,05990027,TRASTORNO GENERALIZADOS DEL DESARROLLO | AUTISMO,SECCIÓN O: EGRESOS DEL PROGRAMA DE SALUD  MENTAL POR ALTAS CLÍNICAS EN APS /ESPECIALIDAD,10-14,Hombres,156
2022,05990027,TRASTORNO GENERALIZADOS DEL DESARROLLO | AUTISMO,SECCIÓN O: EGRESOS DEL PROGRAMA DE SALUD  MENTAL POR ALTAS CLÍNICAS EN APS /ESPECIALIDAD,10-14,Mujeres,39
2022,05990027,TRASTORNO GENERALIZADOS DEL DESARROLLO | AUTISMO,SECCIÓN O: EGRESOS DEL PROGRAMA DE SALUD  MENTAL POR ALTAS CLÍNICAS EN APS /ESPECIALIDAD,15-19,Hombres,94
2022,05990027,TRASTORNO GENERALIZADOS DEL DESARROLLO | AUTISMO,SECCIÓN O: EGRESOS DEL PROGRAMA DE SALUD  MENTAL POR ALTAS CLÍNICAS EN APS /ESPECIALIDAD,15-19,Mujeres,29
2022,05990027,TRASTORNO GENERALIZADOS DEL DESARROLLO | AUTISMO,SECCIÓN O: EGRESOS DEL PROGRAMA DE SALUD  MENTAL POR ALTAS CLÍNICAS EN APS /ESPECIALIDAD,20-24,Hombres,19
2022,05990027,TRASTORNO GENERALIZADOS DEL DESARROLLO | AUTISMO,SECCIÓN O: EGRESOS DEL PROGRAMA DE SALUD  MENTAL POR ALTAS CLÍNICAS EN APS /ESPECIALIDAD,20-24,Mujeres,5
2022,05990027,TRASTORNO GENERALIZADOS DEL DESARROLLO | AUTISMO,SECCIÓN O: EGRESOS DEL PROGRAMA DE SALUD  MENTAL POR ALTAS CLÍNICAS EN APS /ESPECIALIDAD,25-29,Hombres,8
2022,05990027,TRASTORNO GENERALIZADOS DEL DESARROLLO | AUTISMO,SECCIÓN O: EGRESOS DEL PROGRAMA DE SALUD  MENTAL POR ALTAS CLÍNICAS EN APS /ESPECIALIDAD,25-29,Mujeres,0
2022,05990027,TRASTORNO GENERALIZADOS DEL DESARROLLO | AUTISMO,SECCIÓN O: EGRESOS DEL PROGRAMA DE SALUD  MENTAL POR ALTAS CLÍNICAS EN APS /ESPECIALIDAD,30-34,Hombres,2
2022,05990027,TRASTORNO GENERALIZADOS DEL DESARROLLO | AUTISMO,SECCIÓN O: EGRESOS DEL PROGRAMA DE SALUD  MENTAL POR ALTAS CLÍNICAS EN APS /ESPECIALIDAD,30-34,Mujeres,4
2022,05990027,TRASTORNO GENERALIZADOS DEL DESARROLLO | AUTISMO,SECCIÓN O: EGRESOS DEL PROGRAMA DE SALUD  MENTAL POR ALTAS CLÍNICAS EN APS /ESPECIALIDAD,35-39,Hombres,5
2022,05990027,TRASTORNO GENERALIZADOS DEL DESARROLLO | AUTISMO,SECCIÓN O: EGRESOS DEL PROGRAMA DE SALUD  MENTAL POR ALTAS CLÍNICAS EN APS /ESPECIALIDAD,35-39,Mujeres,1
2022,05990027,TRASTORNO GENERALIZADOS DEL DESARROLLO | AUTISMO,SECCIÓN O: EGRESOS DEL PROGRAMA DE SALUD  MENTAL POR ALTAS CLÍNICAS EN APS /ESPECIALIDAD,40-44,Hombres,1
2022,05990027,TRASTORNO GENERALIZADOS DEL DESARROLLO | AUTISMO,SECCIÓN O: EGRESOS DEL PROGRAMA DE SALUD  MENTAL POR ALTAS CLÍNICAS EN APS /ESPECIALIDAD,40-44,Mujeres,0
2022,05990027,TRASTORNO GENERALIZADOS DEL DESARROLLO | AUTISMO,SECCIÓN O: EGRESOS DEL PROGRAMA DE SALUD  MENTAL POR ALTAS CLÍNICAS EN APS /ESPECIALIDAD,45-49,Hombres,0
2022,05990027,TRASTORNO GENERALIZADOS DEL DESARROLLO | AUTISMO,SECCIÓN O: EGRESOS DEL PROGRAMA DE SALUD  MENTAL POR ALTAS CLÍNICAS EN APS /ESPECIALIDAD,45-49,Mujeres,1
2022,05990027,TRASTORNO GENERALIZADOS DEL DESARROLLO | AUTISMO,SECCIÓN O: EGRESOS DEL PROGRAMA DE SALUD  MENTAL POR ALTAS CLÍNICAS EN APS /ESPECIALIDAD,50-54,Hombres,0
2022,05990027,TRASTORNO GENERALIZADOS DEL DESARROLLO | AUTISMO,SECCIÓN O: EGRESOS DEL PROGRAMA DE SALUD  MENTAL POR ALTAS CLÍNICAS EN APS /ESPECIALIDAD,50-54,Mujeres,0
2022,05990027,TRASTORNO GENERALIZADOS DEL DESARROLLO | AUTISMO,SECCIÓN O: EGRESOS DEL PROGRAMA DE SALUD  MENTAL POR ALTAS CLÍNICAS EN APS /ESPECIALIDAD,55-59,Hombres,0
2022,05990027,TRASTORNO GENERALIZADOS DEL DESARROLLO | AUTISMO,SECCIÓN O: EGRESOS DEL PROGRAMA DE SALUD  MENTAL POR ALTAS CLÍNICAS EN APS /ESPECIALIDAD,55-59,Mujeres,3
2022,05990027,TRASTORNO GENERALIZADOS DEL DESARROLLO | AUTISMO,SECCIÓN O: EGRESOS DEL PROGRAMA DE SALUD  MENTAL POR ALTAS CLÍNICAS EN APS /ESPECIALIDAD,60-64,Hombres,0
2022,05990027,TRASTORNO GENERALIZADOS DEL DESARROLLO | AUTISMO,SECCIÓN O: EGRESOS DEL PROGRAMA DE SALUD  MENTAL POR ALTAS CLÍNICAS EN APS /ESPECIALIDAD,60-64,Mujeres,1
2022,05990027,TRASTORNO GENERALIZADOS DEL DESARROLLO | AUTISMO,SECCIÓN O: EGRESOS DEL PROGRAMA DE SALUD  MENTAL POR ALTAS CLÍNICAS EN APS /ESPECIALIDAD,65-69,Hombres,0
2022,05990027,TRASTORNO GENERALIZADOS DEL DESARROLLO | AUTISMO,SECCIÓN O: EGRESOS DEL PROGRAMA DE SALUD  MENTAL POR ALTAS CLÍNICAS EN APS /ESPECIALIDAD,65-69,Mujeres,10
2022,05990027,TRASTORNO GENERALIZADOS DEL DESARROLLO | AUTISMO,SECCIÓN O: EGRESOS DEL PROGRAMA DE SALUD  MENTAL POR ALTAS CLÍNICAS EN APS /ESPECIALIDAD,70-74,Hombres,0
2022,05990027,TRASTORNO GENERALIZADOS DEL DESARROLLO | AUTISMO,SECCIÓN O: EGRESOS DEL PROGRAMA DE SALUD  MENTAL POR ALTAS CLÍNICAS EN APS /ESPECIALIDAD,70-74,Mujeres,0
2022,05990027,TRASTORNO GENERALIZADOS DEL DESARROLLO | AUTISMO,SECCIÓN O: EGRESOS DEL PROGRAMA DE SALUD  MENTAL POR ALTAS CLÍNICAS EN APS /ESPECIALIDAD,75-79,Hombres,0
2022,05990027,TRASTORNO GENERALIZADOS DEL DESARROLLO | AUTISMO,SECCIÓN O: EGRESOS DEL PROGRAMA DE SALUD  MENTAL POR ALTAS CLÍNICAS EN APS /ESPECIALIDAD,75-79,Mujeres,0
2022,05990027,TRASTORNO GENERALIZADOS DEL DESARROLLO | AUTISMO,SECCIÓN O: EGRESOS DEL PROGRAMA DE SALUD  MENTAL POR ALTAS CLÍNICAS EN APS /ESPECIALIDAD,80+,Hombres,0
2022,05990027,TRASTORNO GENERALIZADOS DEL DESARROLLO | AUTISMO,SECCIÓN O: EGRESOS DEL PROGRAMA DE SALUD  MENTAL POR ALTAS CLÍNICAS EN APS /ESPECIALIDAD,80+,Mujeres,0
2022,05990028,ASPERGER,SECCIÓN O: EGRESOS DEL PROGRAMA DE SALUD  MENTAL POR ALTAS CLÍNICAS EN APS /ESPECIALIDAD,0-4,Hombres,5
2022,05990028,ASPERGER,SECCIÓN O: EGRESOS DEL PROGRAMA DE SALUD  MENTAL POR ALTAS CLÍNICAS EN APS /ESPECIALIDAD,0-4,Mujeres,3
2022,05990028,ASPERGER,SECCIÓN O: EGRESOS DEL PROGRAMA DE SALUD  MENTAL POR ALTAS CLÍNICAS EN APS /ESPECIALIDAD,5-9,Hombres,55
2022,05990028,ASPERGER,SECCIÓN O: EGRESOS DEL PROGRAMA DE SALUD  MENTAL POR ALTAS CLÍNICAS EN APS /ESPECIALIDAD,5-9,Mujeres,13
2022,05990028,ASPERGER,SECCIÓN O: EGRESOS DEL PROGRAMA DE SALUD  MENTAL POR ALTAS CLÍNICAS EN APS /ESPECIALIDAD,10-14,Hombres,85
2022,05990028,ASPERGER,SECCIÓN O: EGRESOS DEL PROGRAMA DE SALUD  MENTAL POR ALTAS CLÍNICAS EN APS /ESPECIALIDAD,10-14,Mujeres,21
2022,05990028,ASPERGER,SECCIÓN O: EGRESOS DEL PROGRAMA DE SALUD  MENTAL POR ALTAS CLÍNICAS EN APS /ESPECIALIDAD,15-19,Hombres,97
2022,05990028,ASPERGER,SECCIÓN O: EGRESOS DEL PROGRAMA DE SALUD  MENTAL POR ALTAS CLÍNICAS EN APS /ESPECIALIDAD,15-19,Mujeres,23
2022,05990028,ASPERGER,SECCIÓN O: EGRESOS DEL PROGRAMA DE SALUD  MENTAL POR ALTAS CLÍNICAS EN APS /ESPECIALIDAD,20-24,Hombres,13
2022,05990028,ASPERGER,SECCIÓN O: EGRESOS DEL PROGRAMA DE SALUD  MENTAL POR ALTAS CLÍNICAS EN APS /ESPECIALIDAD,20-24,Mujeres,8
2022,05990028,ASPERGER,SECCIÓN O: EGRESOS DEL PROGRAMA DE SALUD  MENTAL POR ALTAS CLÍNICAS EN APS /ESPECIALIDAD,25-29,Hombres,7
2022,05990028,ASPERGER,SECCIÓN O: EGRESOS DEL PROGRAMA DE SALUD  MENTAL POR ALTAS CLÍNICAS EN APS /ESPECIALIDAD,25-29,Mujeres,3
2022,05990028,ASPERGER,SECCIÓN O: EGRESOS DEL PROGRAMA DE SALUD  MENTAL POR ALTAS CLÍNICAS EN APS /ESPECIALIDAD,30-34,Hombres,4
2022,05990028,ASPERGER,SECCIÓN O: EGRESOS DEL PROGRAMA DE SALUD  MENTAL POR ALTAS CLÍNICAS EN APS /ESPECIALIDAD,30-34,Mujeres,1
2022,05990028,ASPERGER,SECCIÓN O: EGRESOS DEL PROGRAMA DE SALUD  MENTAL POR ALTAS CLÍNICAS EN APS /ESPECIALIDAD,35-39,Hombres,0
2022,05990028,ASPERGER,SECCIÓN O: EGRESOS DEL PROGRAMA DE SALUD  MENTAL POR ALTAS CLÍNICAS EN APS /ESPECIALIDAD,35-39,Mujeres,0
2022,05990028,ASPERGER,SECCIÓN O: EGRESOS DEL PROGRAMA DE SALUD  MENTAL POR ALTAS CLÍNICAS EN APS /ESPECIALIDAD,40-44,Hombres,0
2022,05990028,ASPERGER,SECCIÓN O: EGRESOS DEL PROGRAMA DE SALUD  MENTAL POR ALTAS CLÍNICAS EN APS /ESPECIALIDAD,40-44,Mujeres,0
2022,05990028,ASPERGER,SECCIÓN O: EGRESOS DEL PROGRAMA DE SALUD  MENTAL POR ALTAS CLÍNICAS EN APS /ESPECIALIDAD,45-49,Hombres,0
2022,05990028,ASPERGER,SECCIÓN O: EGRESOS DEL PROGRAMA DE SALUD  MENTAL POR ALTAS CLÍNICAS EN APS /ESPECIALIDAD,45-49,Mujeres,0
2022,05990028,ASPERGER,SECCIÓN O: EGRESOS DEL PROGRAMA DE SALUD  MENTAL POR ALTAS CLÍNICAS EN APS /ESPECIALIDAD,50-54,Hombres,0
2022,05990028,ASPERGER,SECCIÓN O: EGRESOS DEL PROGRAMA DE SALUD  MENTAL POR ALTAS CLÍNICAS EN APS /ESPECIALIDAD,50-54,Mujeres,0
2022,05990028,ASPERGER,SECCIÓN O: EGRESOS DEL PROGRAMA DE SALUD  MENTAL POR ALTAS CLÍNICAS EN APS /ESPECIALIDAD,55-59,Hombres,0
2022,05990028,ASPERGER,SECCIÓN O: EGRESOS DEL PROGRAMA DE SALUD  MENTAL POR ALTAS CLÍNICAS EN APS /ESPECIALIDAD,55-59,Mujeres,1
2022,05990028,ASPERGER,SECCIÓN O: EGRESOS DEL PROGRAMA DE SALUD  MENTAL POR ALTAS CLÍNICAS EN APS /ESPECIALIDAD,60-64,Hombres,0
2022,05990028,ASPERGER,SECCIÓN O: EGRESOS DEL PROGRAMA DE SALUD  MENTAL POR ALTAS CLÍNICAS EN APS /ESPECIALIDAD,60-64,Mujeres,0
2022,05990028,ASPERGER,SECCIÓN O: EGRESOS DEL PROGRAMA DE SALUD  MENTAL POR ALTAS CLÍNICAS EN APS /ESPECIALIDAD,65-69,Hombres,0
2022,05990028,ASPERGER,SECCIÓN O: EGRESOS DEL PROGRAMA DE SALUD  MENTAL POR ALTAS CLÍNICAS EN APS /ESPECIALIDAD,65-69,Mujeres,10
2022,05990028,ASPERGER,SECCIÓN O: EGRESOS DEL PROGRAMA DE SALUD  MENTAL POR ALTAS CLÍNICAS EN APS /ESPECIALIDAD,70-74,Hombres,0
2022,05990028,ASPERGER,SECCIÓN O: EGRESOS DEL PROGRAMA DE SALUD  MENTAL POR ALTAS CLÍNICAS EN APS /ESPECIALIDAD,70-74,Mujeres,0
2022,05990028,ASPERGER,SECCIÓN O: EGRESOS DEL PROGRAMA DE SALUD  MENTAL POR ALTAS CLÍNICAS EN APS /ESPECIALIDAD,75-79,Hombres,0
2022,05990028,ASPERGER,SECCIÓN O: EGRESOS DEL PROGRAMA DE SALUD  MENTAL POR ALTAS CLÍNICAS EN APS /ESPECIALIDAD,75-79,Mujeres,0
2022,05990028,ASPERGER,SECCIÓN O: EGRESOS DEL PROGRAMA DE SALUD  MENTAL POR ALTAS CLÍNICAS EN APS /ESPECIALIDAD,80+,Hombres,11
2022,05990028,ASPERGER,SECCIÓN O: EGRESOS DEL PROGRAMA DE SALUD  MENTAL POR ALTAS CLÍNICAS EN APS /ESPECIALIDAD,80+,Mujeres,0
2022,05990029,SÍNDROME DE RETT,SECCIÓN O: EGRESOS DEL PROGRAMA DE SALUD  MENTAL POR ALTAS CLÍNICAS EN APS /ESPECIALIDAD,0-4,Hombres,0
2022,05990029,SÍNDROME DE RETT,SECCIÓN O: EGRESOS DEL PROGRAMA DE SALUD  MENTAL POR ALTAS CLÍNICAS EN APS /ESPECIALIDAD,0-4,Mujeres,0
2022,05990029,SÍNDROME DE RETT,SECCIÓN O: EGRESOS DEL PROGRAMA DE SALUD  MENTAL POR ALTAS CLÍNICAS EN APS /ESPECIALIDAD,5-9,Hombres,0
2022,05990029,SÍNDROME DE RETT,SECCIÓN O: EGRESOS DEL PROGRAMA DE SALUD  MENTAL POR ALTAS CLÍNICAS EN APS /ESPECIALIDAD,5-9,Mujeres,0
2022,05990029,SÍNDROME DE RETT,SECCIÓN O: EGRESOS DEL PROGRAMA DE SALUD  MENTAL POR ALTAS CLÍNICAS EN APS /ESPECIALIDAD,10-14,Hombres,0
2022,05990029,SÍNDROME DE RETT,SECCIÓN O: EGRESOS DEL PROGRAMA DE SALUD  MENTAL POR ALTAS CLÍNICAS EN APS /ESPECIALIDAD,10-14,Mujeres,0
2022,05990029,SÍNDROME DE RETT,SECCIÓN O: EGRESOS DEL PROGRAMA DE SALUD  MENTAL POR ALTAS CLÍNICAS EN APS /ESPECIALIDAD,15-19,Hombres,0
2022,05990029,SÍNDROME DE RETT,SECCIÓN O: EGRESOS DEL PROGRAMA DE SALUD  MENTAL POR ALTAS CLÍNICAS EN APS /ESPECIALIDAD,15-19,Mujeres,1
2022,05990029,SÍNDROME DE RETT,SECCIÓN O: EGRESOS DEL PROGRAMA DE SALUD  MENTAL POR ALTAS CLÍNICAS EN APS /ESPECIALIDAD,20-24,Hombres,2
2022,05990029,SÍNDROME DE RETT,SECCIÓN O: EGRESOS DEL PROGRAMA DE SALUD  MENTAL POR ALTAS CLÍNICAS EN APS /ESPECIALIDAD,20-24,Mujeres,2
2022,05990029,SÍNDROME DE RETT,SECCIÓN O: EGRESOS DEL PROGRAMA DE SALUD  MENTAL POR ALTAS CLÍNICAS EN APS /ESPECIALIDAD,25-29,Hombres,0
2022,05990029,SÍNDROME DE RETT,SECCIÓN O: EGRESOS DEL PROGRAMA DE SALUD  MENTAL POR ALTAS CLÍNICAS EN APS /ESPECIALIDAD,25-29,Mujeres,0
2022,05990029,SÍNDROME DE RETT,SECCIÓN O: EGRESOS DEL PROGRAMA DE SALUD  MENTAL POR ALTAS CLÍNICAS EN APS /ESPECIALIDAD,30-34,Hombres,1
2022,05990029,SÍNDROME DE RETT,SECCIÓN O: EGRESOS DEL PROGRAMA DE SALUD  MENTAL POR ALTAS CLÍNICAS EN APS /ESPECIALIDAD,30-34,Mujeres,1
2022,05990029,SÍNDROME DE RETT,SECCIÓN O: EGRESOS DEL PROGRAMA DE SALUD  MENTAL POR ALTAS CLÍNICAS EN APS /ESPECIALIDAD,35-39,Hombres,0
2022,05990029,SÍNDROME DE RETT,SECCIÓN O: EGRESOS DEL PROGRAMA DE SALUD  MENTAL POR ALTAS CLÍNICAS EN APS /ESPECIALIDAD,35-39,Mujeres,1
2022,05990029,SÍNDROME DE RETT,SECCIÓN O: EGRESOS DEL PROGRAMA DE SALUD  MENTAL POR ALTAS CLÍNICAS EN APS /ESPECIALIDAD,40-44,Hombres,0
2022,05990029,SÍNDROME DE RETT,SECCIÓN O: EGRESOS DEL PROGRAMA DE SALUD  MENTAL POR ALTAS CLÍNICAS EN APS /ESPECIALIDAD,40-44,Mujeres,0
2022,05990029,SÍNDROME DE RETT,SECCIÓN O: EGRESOS DEL PROGRAMA DE SALUD  MENTAL POR ALTAS CLÍNICAS EN APS /ESPECIALIDAD,45-49,Hombres,0
2022,05990029,SÍNDROME DE RETT,SECCIÓN O: EGRESOS DEL PROGRAMA DE SALUD  MENTAL POR ALTAS CLÍNICAS EN APS /ESPECIALIDAD,45-49,Mujeres,0
2022,05990029,SÍNDROME DE RETT,SECCIÓN O: EGRESOS DEL PROGRAMA DE SALUD  MENTAL POR ALTAS CLÍNICAS EN APS /ESPECIALIDAD,50-54,Hombres,0
2022,05990029,SÍNDROME DE RETT,SECCIÓN O: EGRESOS DEL PROGRAMA DE SALUD  MENTAL POR ALTAS CLÍNICAS EN APS /ESPECIALIDAD,50-54,Mujeres,0
2022,05990029,SÍNDROME DE RETT,SECCIÓN O: EGRESOS DEL PROGRAMA DE SALUD  MENTAL POR ALTAS CLÍNICAS EN APS /ESPECIALIDAD,55-59,Hombres,0
2022,05990029,SÍNDROME DE RETT,SECCIÓN O: EGRESOS DEL PROGRAMA DE SALUD  MENTAL POR ALTAS CLÍNICAS EN APS /ESPECIALIDAD,55-59,Mujeres,0
2022,05990029,SÍNDROME DE RETT,SECCIÓN O: EGRESOS DEL PROGRAMA DE SALUD  MENTAL POR ALTAS CLÍNICAS EN APS /ESPECIALIDAD,60-64,Hombres,1
2022,05990029,SÍNDROME DE RETT,SECCIÓN O: EGRESOS DEL PROGRAMA DE SALUD  MENTAL POR ALTAS CLÍNICAS EN APS /ESPECIALIDAD,60-64,Mujeres,2
2022,05990029,SÍNDROME DE RETT,SECCIÓN O: EGRESOS DEL PROGRAMA DE SALUD  MENTAL POR ALTAS CLÍNICAS EN APS /ESPECIALIDAD,65-69,Hombres,0
2022,05990029,SÍNDROME DE RETT,SECCIÓN O: EGRESOS DEL PROGRAMA DE SALUD  MENTAL POR ALTAS CLÍNICAS EN APS /ESPECIALIDAD,65-69,Mujeres,12
2022,05990029,SÍNDROME DE RETT,SECCIÓN O: EGRESOS DEL PROGRAMA DE SALUD  MENTAL POR ALTAS CLÍNICAS EN APS /ESPECIALIDAD,70-74,Hombres,0
2022,05990029,SÍNDROME DE RETT,SECCIÓN O: EGRESOS DEL PROGRAMA DE SALUD  MENTAL POR ALTAS CLÍNICAS EN APS /ESPECIALIDAD,70-74,Mujeres,0
2022,05990029,SÍNDROME DE RETT,SECCIÓN O: EGRESOS DEL PROGRAMA DE SALUD  MENTAL POR ALTAS CLÍNICAS EN APS /ESPECIALIDAD,75-79,Hombres,0
2022,05990029,SÍNDROME DE RETT,SECCIÓN O: EGRESOS DEL PROGRAMA DE SALUD  MENTAL POR ALTAS CLÍNICAS EN APS /ESPECIALIDAD,75-79,Mujeres,0
2022,05990029,SÍNDROME DE RETT,SECCIÓN O: EGRESOS DEL PROGRAMA DE SALUD  MENTAL POR ALTAS CLÍNICAS EN APS /ESPECIALIDAD,80+,Hombres,0
2022,05990029,SÍNDROME DE RETT,SECCIÓN O: EGRESOS DEL PROGRAMA DE SALUD  MENTAL POR ALTAS CLÍNICAS EN APS /ESPECIALIDAD,80+,Mujeres,1
2022,05990030,TRASTORNO DESINTEGRATIVO DE LA INFANCIA,SECCIÓN O: EGRESOS DEL PROGRAMA DE SALUD  MENTAL POR ALTAS CLÍNICAS EN APS /ESPECIALIDAD,0-4,Hombres,1
2022,05990030,TRASTORNO DESINTEGRATIVO DE LA INFANCIA,SECCIÓN O: EGRESOS DEL PROGRAMA DE SALUD  MENTAL POR ALTAS CLÍNICAS EN APS /ESPECIALIDAD,0-4,Mujeres,0
2022,05990030,TRASTORNO DESINTEGRATIVO DE LA INFANCIA,SECCIÓN O: EGRESOS DEL PROGRAMA DE SALUD  MENTAL POR ALTAS CLÍNICAS EN APS /ESPECIALIDAD,5-9,Hombres,2
2022,05990030,TRASTORNO DESINTEGRATIVO DE LA INFANCIA,SECCIÓN O: EGRESOS DEL PROGRAMA DE SALUD  MENTAL POR ALTAS CLÍNICAS EN APS /ESPECIALIDAD,5-9,Mujeres,1
2022,05990030,TRASTORNO DESINTEGRATIVO DE LA INFANCIA,SECCIÓN O: EGRESOS DEL PROGRAMA DE SALUD  MENTAL POR ALTAS CLÍNICAS EN APS /ESPECIALIDAD,10-14,Hombres,3
2022,05990030,TRASTORNO DESINTEGRATIVO DE LA INFANCIA,SECCIÓN O: EGRESOS DEL PROGRAMA DE SALUD  MENTAL POR ALTAS CLÍNICAS EN APS /ESPECIALIDAD,10-14,Mujeres,0
2022,05990030,TRASTORNO DESINTEGRATIVO DE LA INFANCIA,SECCIÓN O: EGRESOS DEL PROGRAMA DE SALUD  MENTAL POR ALTAS CLÍNICAS EN APS /ESPECIALIDAD,15-19,Hombres,0
2022,05990030,TRASTORNO DESINTEGRATIVO DE LA INFANCIA,SECCIÓN O: EGRESOS DEL PROGRAMA DE SALUD  MENTAL POR ALTAS CLÍNICAS EN APS /ESPECIALIDAD,15-19,Mujeres,0
2022,05990030,TRASTORNO DESINTEGRATIVO DE LA INFANCIA,SECCIÓN O: EGRESOS DEL PROGRAMA DE SALUD  MENTAL POR ALTAS CLÍNICAS EN APS /ESPECIALIDAD,20-24,Hombres,0
2022,05990030,TRASTORNO DESINTEGRATIVO DE LA INFANCIA,SECCIÓN O: EGRESOS DEL PROGRAMA DE SALUD  MENTAL POR ALTAS CLÍNICAS EN APS /ESPECIALIDAD,20-24,Mujeres,1
2022,05990030,TRASTORNO DESINTEGRATIVO DE LA INFANCIA,SECCIÓN O: EGRESOS DEL PROGRAMA DE SALUD  MENTAL POR ALTAS CLÍNICAS EN APS /ESPECIALIDAD,25-29,Hombres,1
2022,05990030,TRASTORNO DESINTEGRATIVO DE LA INFANCIA,SECCIÓN O: EGRESOS DEL PROGRAMA DE SALUD  MENTAL POR ALTAS CLÍNICAS EN APS /ESPECIALIDAD,25-29,Mujeres,1
2022,05990030,TRASTORNO DESINTEGRATIVO DE LA INFANCIA,SECCIÓN O: EGRESOS DEL PROGRAMA DE SALUD  MENTAL POR ALTAS CLÍNICAS EN APS /ESPECIALIDAD,30-34,Hombres,0
2022,05990030,TRASTORNO DESINTEGRATIVO DE LA INFANCIA,SECCIÓN O: EGRESOS DEL PROGRAMA DE SALUD  MENTAL POR ALTAS CLÍNICAS EN APS /ESPECIALIDAD,30-34,Mujeres,1
2022,05990030,TRASTORNO DESINTEGRATIVO DE LA INFANCIA,SECCIÓN O: EGRESOS DEL PROGRAMA DE SALUD  MENTAL POR ALTAS CLÍNICAS EN APS /ESPECIALIDAD,35-39,Hombres,0
2022,05990030,TRASTORNO DESINTEGRATIVO DE LA INFANCIA,SECCIÓN O: EGRESOS DEL PROGRAMA DE SALUD  MENTAL POR ALTAS CLÍNICAS EN APS /ESPECIALIDAD,35-39,Mujeres,0
2022,05990030,TRASTORNO DESINTEGRATIVO DE LA INFANCIA,SECCIÓN O: EGRESOS DEL PROGRAMA DE SALUD  MENTAL POR ALTAS CLÍNICAS EN APS /ESPECIALIDAD,40-44,Hombres,1
2022,05990030,TRASTORNO DESINTEGRATIVO DE LA INFANCIA,SECCIÓN O: EGRESOS DEL PROGRAMA DE SALUD  MENTAL POR ALTAS CLÍNICAS EN APS /ESPECIALIDAD,40-44,Mujeres,1
2022,05990030,TRASTORNO DESINTEGRATIVO DE LA INFANCIA,SECCIÓN O: EGRESOS DEL PROGRAMA DE SALUD  MENTAL POR ALTAS CLÍNICAS EN APS /ESPECIALIDAD,45-49,Hombres,0
2022,05990030,TRASTORNO DESINTEGRATIVO DE LA INFANCIA,SECCIÓN O: EGRESOS DEL PROGRAMA DE SALUD  MENTAL POR ALTAS CLÍNICAS EN APS /ESPECIALIDAD,45-49,Mujeres,1
2022,05990030,TRASTORNO DESINTEGRATIVO DE LA INFANCIA,SECCIÓN O: EGRESOS DEL PROGRAMA DE SALUD  MENTAL POR ALTAS CLÍNICAS EN APS /ESPECIALIDAD,50-54,Hombres,0
2022,05990030,TRASTORNO DESINTEGRATIVO DE LA INFANCIA,SECCIÓN O: EGRESOS DEL PROGRAMA DE SALUD  MENTAL POR ALTAS CLÍNICAS EN APS /ESPECIALIDAD,50-54,Mujeres,0
2022,05990030,TRASTORNO DESINTEGRATIVO DE LA INFANCIA,SECCIÓN O: EGRESOS DEL PROGRAMA DE SALUD  MENTAL POR ALTAS CLÍNICAS EN APS /ESPECIALIDAD,55-59,Hombres,0
2022,05990030,TRASTORNO DESINTEGRATIVO DE LA INFANCIA,SECCIÓN O: EGRESOS DEL PROGRAMA DE SALUD  MENTAL POR ALTAS CLÍNICAS EN APS /ESPECIALIDAD,55-59,Mujeres,0
2022,05990030,TRASTORNO DESINTEGRATIVO DE LA INFANCIA,SECCIÓN O: EGRESOS DEL PROGRAMA DE SALUD  MENTAL POR ALTAS CLÍNICAS EN APS /ESPECIALIDAD,60-64,Hombres,0
2022,05990030,TRASTORNO DESINTEGRATIVO DE LA INFANCIA,SECCIÓN O: EGRESOS DEL PROGRAMA DE SALUD  MENTAL POR ALTAS CLÍNICAS EN APS /ESPECIALIDAD,60-64,Mujeres,0
2022,05990030,TRASTORNO DESINTEGRATIVO DE LA INFANCIA,SECCIÓN O: EGRESOS DEL PROGRAMA DE SALUD  MENTAL POR ALTAS CLÍNICAS EN APS /ESPECIALIDAD,65-69,Hombres,0
2022,05990030,TRASTORNO DESINTEGRATIVO DE LA INFANCIA,SECCIÓN O: EGRESOS DEL PROGRAMA DE SALUD  MENTAL POR ALTAS CLÍNICAS EN APS /ESPECIALIDAD,65-69,Mujeres,12
2022,05990030,TRASTORNO DESINTEGRATIVO DE LA INFANCIA,SECCIÓN O: EGRESOS DEL PROGRAMA DE SALUD  MENTAL POR ALTAS CLÍNICAS EN APS /ESPECIALIDAD,70-74,Hombres,0
2022,05990030,TRASTORNO DESINTEGRATIVO DE LA INFANCIA,SECCIÓN O: EGRESOS DEL PROGRAMA DE SALUD  MENTAL POR ALTAS CLÍNICAS EN APS /ESPECIALIDAD,70-74,Mujeres,0
2022,05990030,TRASTORNO DESINTEGRATIVO DE LA INFANCIA,SECCIÓN O: EGRESOS DEL PROGRAMA DE SALUD  MENTAL POR ALTAS CLÍNICAS EN APS /ESPECIALIDAD,75-79,Hombres,0
2022,05990030,TRASTORNO DESINTEGRATIVO DE LA INFANCIA,SECCIÓN O: EGRESOS DEL PROGRAMA DE SALUD  MENTAL POR ALTAS CLÍNICAS EN APS /ESPECIALIDAD,75-79,Mujeres,0
2022,05990030,TRASTORNO DESINTEGRATIVO DE LA INFANCIA,SECCIÓN O: EGRESOS DEL PROGRAMA DE SALUD  MENTAL POR ALTAS CLÍNICAS EN APS /ESPECIALIDAD,80+,Hombres,0
2022,05990030,TRASTORNO DESINTEGRATIVO DE LA INFANCIA,SECCIÓN O: EGRESOS DEL PROGRAMA DE SALUD  MENTAL POR ALTAS CLÍNICAS EN APS /ESPECIALIDAD,80+,Mujeres,0
2022,05990031,TRASTONO GENERALIZADO DEL DESARROLLO NO ESPECÍFICO,SECCIÓN O: EGRESOS DEL PROGRAMA DE SALUD  MENTAL POR ALTAS CLÍNICAS EN APS /ESPECIALIDAD,0-4,Hombres,46
2022,05990031,TRASTONO GENERALIZADO DEL DESARROLLO NO ESPECÍFICO,SECCIÓN O: EGRESOS DEL PROGRAMA DE SALUD  MENTAL POR ALTAS CLÍNICAS EN APS /ESPECIALIDAD,0-4,Mujeres,12
2022,05990031,TRASTONO GENERALIZADO DEL DESARROLLO NO ESPECÍFICO,SECCIÓN O: EGRESOS DEL PROGRAMA DE SALUD  MENTAL POR ALTAS CLÍNICAS EN APS /ESPECIALIDAD,5-9,Hombres,143
2022,05990031,TRASTONO GENERALIZADO DEL DESARROLLO NO ESPECÍFICO,SECCIÓN O: EGRESOS DEL PROGRAMA DE SALUD  MENTAL POR ALTAS CLÍNICAS EN APS /ESPECIALIDAD,5-9,Mujeres,38
2022,05990031,TRASTONO GENERALIZADO DEL DESARROLLO NO ESPECÍFICO,SECCIÓN O: EGRESOS DEL PROGRAMA DE SALUD  MENTAL POR ALTAS CLÍNICAS EN APS /ESPECIALIDAD,10-14,Hombres,120
2022,05990031,TRASTONO GENERALIZADO DEL DESARROLLO NO ESPECÍFICO,SECCIÓN O: EGRESOS DEL PROGRAMA DE SALUD  MENTAL POR ALTAS CLÍNICAS EN APS /ESPECIALIDAD,10-14,Mujeres,38
2022,05990031,TRASTONO GENERALIZADO DEL DESARROLLO NO ESPECÍFICO,SECCIÓN O: EGRESOS DEL PROGRAMA DE SALUD  MENTAL POR ALTAS CLÍNICAS EN APS /ESPECIALIDAD,15-19,Hombres,87
2022,05990031,TRASTONO GENERALIZADO DEL DESARROLLO NO ESPECÍFICO,SECCIÓN O: EGRESOS DEL PROGRAMA DE SALUD  MENTAL POR ALTAS CLÍNICAS EN APS /ESPECIALIDAD,15-19,Mujeres,24
2022,05990031,TRASTONO GENERALIZADO DEL DESARROLLO NO ESPECÍFICO,SECCIÓN O: EGRESOS DEL PROGRAMA DE SALUD  MENTAL POR ALTAS CLÍNICAS EN APS /ESPECIALIDAD,20-24,Hombres,21
2022,05990031,TRASTONO GENERALIZADO DEL DESARROLLO NO ESPECÍFICO,SECCIÓN O: EGRESOS DEL PROGRAMA DE SALUD  MENTAL POR ALTAS CLÍNICAS EN APS /ESPECIALIDAD,20-24,Mujeres,7
2022,05990031,TRASTONO GENERALIZADO DEL DESARROLLO NO ESPECÍFICO,SECCIÓN O: EGRESOS DEL PROGRAMA DE SALUD  MENTAL POR ALTAS CLÍNICAS EN APS /ESPECIALIDAD,25-29,Hombres,7
2022,05990031,TRASTONO GENERALIZADO DEL DESARROLLO NO ESPECÍFICO,SECCIÓN O: EGRESOS DEL PROGRAMA DE SALUD  MENTAL POR ALTAS CLÍNICAS EN APS /ESPECIALIDAD,25-29,Mujeres,1
2022,05990031,TRASTONO GENERALIZADO DEL DESARROLLO NO ESPECÍFICO,SECCIÓN O: EGRESOS DEL PROGRAMA DE SALUD  MENTAL POR ALTAS CLÍNICAS EN APS /ESPECIALIDAD,30-34,Hombres,3
2022,05990031,TRASTONO GENERALIZADO DEL DESARROLLO NO ESPECÍFICO,SECCIÓN O: EGRESOS DEL PROGRAMA DE SALUD  MENTAL POR ALTAS CLÍNICAS EN APS /ESPECIALIDAD,30-34,Mujeres,2
2022,05990031,TRASTONO GENERALIZADO DEL DESARROLLO NO ESPECÍFICO,SECCIÓN O: EGRESOS DEL PROGRAMA DE SALUD  MENTAL POR ALTAS CLÍNICAS EN APS /ESPECIALIDAD,35-39,Hombres,2
2022,05990031,TRASTONO GENERALIZADO DEL DESARROLLO NO ESPECÍFICO,SECCIÓN O: EGRESOS DEL PROGRAMA DE SALUD  MENTAL POR ALTAS CLÍNICAS EN APS /ESPECIALIDAD,35-39,Mujeres,1
2022,05990031,TRASTONO GENERALIZADO DEL DESARROLLO NO ESPECÍFICO,SECCIÓN O: EGRESOS DEL PROGRAMA DE SALUD  MENTAL POR ALTAS CLÍNICAS EN APS /ESPECIALIDAD,40-44,Hombres,2
2022,05990031,TRASTONO GENERALIZADO DEL DESARROLLO NO ESPECÍFICO,SECCIÓN O: EGRESOS DEL PROGRAMA DE SALUD  MENTAL POR ALTAS CLÍNICAS EN APS /ESPECIALIDAD,40-44,Mujeres,1
2022,05990031,TRASTONO GENERALIZADO DEL DESARROLLO NO ESPECÍFICO,SECCIÓN O: EGRESOS DEL PROGRAMA DE SALUD  MENTAL POR ALTAS CLÍNICAS EN APS /ESPECIALIDAD,45-49,Hombres,0
2022,05990031,TRASTONO GENERALIZADO DEL DESARROLLO NO ESPECÍFICO,SECCIÓN O: EGRESOS DEL PROGRAMA DE SALUD  MENTAL POR ALTAS CLÍNICAS EN APS /ESPECIALIDAD,45-49,Mujeres,3
2022,05990031,TRASTONO GENERALIZADO DEL DESARROLLO NO ESPECÍFICO,SECCIÓN O: EGRESOS DEL PROGRAMA DE SALUD  MENTAL POR ALTAS CLÍNICAS EN APS /ESPECIALIDAD,50-54,Hombres,1
2022,05990031,TRASTONO GENERALIZADO DEL DESARROLLO NO ESPECÍFICO,SECCIÓN O: EGRESOS DEL PROGRAMA DE SALUD  MENTAL POR ALTAS CLÍNICAS EN APS /ESPECIALIDAD,50-54,Mujeres,1
2022,05990031,TRASTONO GENERALIZADO DEL DESARROLLO NO ESPECÍFICO,SECCIÓN O: EGRESOS DEL PROGRAMA DE SALUD  MENTAL POR ALTAS CLÍNICAS EN APS /ESPECIALIDAD,55-59,Hombres,0
2022,05990031,TRASTONO GENERALIZADO DEL DESARROLLO NO ESPECÍFICO,SECCIÓN O: EGRESOS DEL PROGRAMA DE SALUD  MENTAL POR ALTAS CLÍNICAS EN APS /ESPECIALIDAD,55-59,Mujeres,2
2022,05990031,TRASTONO GENERALIZADO DEL DESARROLLO NO ESPECÍFICO,SECCIÓN O: EGRESOS DEL PROGRAMA DE SALUD  MENTAL POR ALTAS CLÍNICAS EN APS /ESPECIALIDAD,60-64,Hombres,1
2022,05990031,TRASTONO GENERALIZADO DEL DESARROLLO NO ESPECÍFICO,SECCIÓN O: EGRESOS DEL PROGRAMA DE SALUD  MENTAL POR ALTAS CLÍNICAS EN APS /ESPECIALIDAD,60-64,Mujeres,2
2022,05990031,TRASTONO GENERALIZADO DEL DESARROLLO NO ESPECÍFICO,SECCIÓN O: EGRESOS DEL PROGRAMA DE SALUD  MENTAL POR ALTAS CLÍNICAS EN APS /ESPECIALIDAD,65-69,Hombres,0
2022,05990031,TRASTONO GENERALIZADO DEL DESARROLLO NO ESPECÍFICO,SECCIÓN O: EGRESOS DEL PROGRAMA DE SALUD  MENTAL POR ALTAS CLÍNICAS EN APS /ESPECIALIDAD,65-69,Mujeres,14
2022,05990031,TRASTONO GENERALIZADO DEL DESARROLLO NO ESPECÍFICO,SECCIÓN O: EGRESOS DEL PROGRAMA DE SALUD  MENTAL POR ALTAS CLÍNICAS EN APS /ESPECIALIDAD,70-74,Hombres,0
2022,05990031,TRASTONO GENERALIZADO DEL DESARROLLO NO ESPECÍFICO,SECCIÓN O: EGRESOS DEL PROGRAMA DE SALUD  MENTAL POR ALTAS CLÍNICAS EN APS /ESPECIALIDAD,70-74,Mujeres,1
2022,05990031,TRASTONO GENERALIZADO DEL DESARROLLO NO ESPECÍFICO,SECCIÓN O: EGRESOS DEL PROGRAMA DE SALUD  MENTAL POR ALTAS CLÍNICAS EN APS /ESPECIALIDAD,75-79,Hombres,1
2022,05990031,TRASTONO GENERALIZADO DEL DESARROLLO NO ESPECÍFICO,SECCIÓN O: EGRESOS DEL PROGRAMA DE SALUD  MENTAL POR ALTAS CLÍNICAS EN APS /ESPECIALIDAD,75-79,Mujeres,0
2022,05990031,TRASTONO GENERALIZADO DEL DESARROLLO NO ESPECÍFICO,SECCIÓN O: EGRESOS DEL PROGRAMA DE SALUD  MENTAL POR ALTAS CLÍNICAS EN APS /ESPECIALIDAD,80+,Hombres,1
2022,05990031,TRASTONO GENERALIZADO DEL DESARROLLO NO ESPECÍFICO,SECCIÓN O: EGRESOS DEL PROGRAMA DE SALUD  MENTAL POR ALTAS CLÍNICAS EN APS /ESPECIALIDAD,80+,Mujeres,0
2023,05990022,TRASTORNO GENERALIZADOS DEL DESARROLLO | AUTISMO,SECCIÓN N: INGRESOS AL PROGRAMA DE SALUD  MENTAL EN APS /ESPECIALIDAD,0-4,Hombres,841
2023,05990022,TRASTORNO GENERALIZADOS DEL DESARROLLO | AUTISMO,SECCIÓN N: INGRESOS AL PROGRAMA DE SALUD  MENTAL EN APS /ESPECIALIDAD,0-4,Mujeres,288
2023,05990022,TRASTORNO GENERALIZADOS DEL DESARROLLO | AUTISMO,SECCIÓN N: INGRESOS AL PROGRAMA DE SALUD  MENTAL EN APS /ESPECIALIDAD,5-9,Hombres,2489
2023,05990022,TRASTORNO GENERALIZADOS DEL DESARROLLO | AUTISMO,SECCIÓN N: INGRESOS AL PROGRAMA DE SALUD  MENTAL EN APS /ESPECIALIDAD,5-9,Mujeres,717
2023,05990022,TRASTORNO GENERALIZADOS DEL DESARROLLO | AUTISMO,SECCIÓN N: INGRESOS AL PROGRAMA DE SALUD  MENTAL EN APS /ESPECIALIDAD,10-14,Hombres,1371
2023,05990022,TRASTORNO GENERALIZADOS DEL DESARROLLO | AUTISMO,SECCIÓN N: INGRESOS AL PROGRAMA DE SALUD  MENTAL EN APS /ESPECIALIDAD,10-14,Mujeres,698
2023,05990022,TRASTORNO GENERALIZADOS DEL DESARROLLO | AUTISMO,SECCIÓN N: INGRESOS AL PROGRAMA DE SALUD  MENTAL EN APS /ESPECIALIDAD,15-19,Hombres,755
2023,05990022,TRASTORNO GENERALIZADOS DEL DESARROLLO | AUTISMO,SECCIÓN N: INGRESOS AL PROGRAMA DE SALUD  MENTAL EN APS /ESPECIALIDAD,15-19,Mujeres,375
2023,05990022,TRASTORNO GENERALIZADOS DEL DESARROLLO | AUTISMO,SECCIÓN N: INGRESOS AL PROGRAMA DE SALUD  MENTAL EN APS /ESPECIALIDAD,20-24,Hombres,143
2023,05990022,TRASTORNO GENERALIZADOS DEL DESARROLLO | AUTISMO,SECCIÓN N: INGRESOS AL PROGRAMA DE SALUD  MENTAL EN APS /ESPECIALIDAD,20-24,Mujeres,86
2023,05990022,TRASTORNO GENERALIZADOS DEL DESARROLLO | AUTISMO,SECCIÓN N: INGRESOS AL PROGRAMA DE SALUD  MENTAL EN APS /ESPECIALIDAD,25-29,Hombres,59
2023,05990022,TRASTORNO GENERALIZADOS DEL DESARROLLO | AUTISMO,SECCIÓN N: INGRESOS AL PROGRAMA DE SALUD  MENTAL EN APS /ESPECIALIDAD,25-29,Mujeres,53
2023,05990022,TRASTORNO GENERALIZADOS DEL DESARROLLO | AUTISMO,SECCIÓN N: INGRESOS AL PROGRAMA DE SALUD  MENTAL EN APS /ESPECIALIDAD,30-34,Hombres,27
2023,05990022,TRASTORNO GENERALIZADOS DEL DESARROLLO | AUTISMO,SECCIÓN N: INGRESOS AL PROGRAMA DE SALUD  MENTAL EN APS /ESPECIALIDAD,30-34,Mujeres,34
2023,05990022,TRASTORNO GENERALIZADOS DEL DESARROLLO | AUTISMO,SECCIÓN N: INGRESOS AL PROGRAMA DE SALUD  MENTAL EN APS /ESPECIALIDAD,35-39,Hombres,19
2023,05990022,TRASTORNO GENERALIZADOS DEL DESARROLLO | AUTISMO,SECCIÓN N: INGRESOS AL PROGRAMA DE SALUD  MENTAL EN APS /ESPECIALIDAD,35-39,Mujeres,26
2023,05990022,TRASTORNO GENERALIZADOS DEL DESARROLLO | AUTISMO,SECCIÓN N: INGRESOS AL PROGRAMA DE SALUD  MENTAL EN APS /ESPECIALIDAD,40-44,Hombres,9
2023,05990022,TRASTORNO GENERALIZADOS DEL DESARROLLO | AUTISMO,SECCIÓN N: INGRESOS AL PROGRAMA DE SALUD  MENTAL EN APS /ESPECIALIDAD,40-44,Mujeres,11
2023,05990022,TRASTORNO GENERALIZADOS DEL DESARROLLO | AUTISMO,SECCIÓN N: INGRESOS AL PROGRAMA DE SALUD  MENTAL EN APS /ESPECIALIDAD,45-49,Hombres,11
2023,05990022,TRASTORNO GENERALIZADOS DEL DESARROLLO | AUTISMO,SECCIÓN N: INGRESOS AL PROGRAMA DE SALUD  MENTAL EN APS /ESPECIALIDAD,45-49,Mujeres,6
2023,05990022,TRASTORNO GENERALIZADOS DEL DESARROLLO | AUTISMO,SECCIÓN N: INGRESOS AL PROGRAMA DE SALUD  MENTAL EN APS /ESPECIALIDAD,50-54,Hombres,5
2023,05990022,TRASTORNO GENERALIZADOS DEL DESARROLLO | AUTISMO,SECCIÓN N: INGRESOS AL PROGRAMA DE SALUD  MENTAL EN APS /ESPECIALIDAD,50-54,Mujeres,7
2023,05990022,TRASTORNO GENERALIZADOS DEL DESARROLLO | AUTISMO,SECCIÓN N: INGRESOS AL PROGRAMA DE SALUD  MENTAL EN APS /ESPECIALIDAD,55-59,Hombres,2
2023,05990022,TRASTORNO GENERALIZADOS DEL DESARROLLO | AUTISMO,SECCIÓN N: INGRESOS AL PROGRAMA DE SALUD  MENTAL EN APS /ESPECIALIDAD,55-59,Mujeres,2
2023,05990022,TRASTORNO GENERALIZADOS DEL DESARROLLO | AUTISMO,SECCIÓN N: INGRESOS AL PROGRAMA DE SALUD  MENTAL EN APS /ESPECIALIDAD,60-64,Hombres,2
2023,05990022,TRASTORNO GENERALIZADOS DEL DESARROLLO | AUTISMO,SECCIÓN N: INGRESOS AL PROGRAMA DE SALUD  MENTAL EN APS /ESPECIALIDAD,60-64,Mujeres,8
2023,05990022,TRASTORNO GENERALIZADOS DEL DESARROLLO | AUTISMO,SECCIÓN N: INGRESOS AL PROGRAMA DE SALUD  MENTAL EN APS /ESPECIALIDAD,65-69,Hombres,0
2023,05990022,TRASTORNO GENERALIZADOS DEL DESARROLLO | AUTISMO,SECCIÓN N: INGRESOS AL PROGRAMA DE SALUD  MENTAL EN APS /ESPECIALIDAD,65-69,Mujeres,1
2023,05990022,TRASTORNO GENERALIZADOS DEL DESARROLLO | AUTISMO,SECCIÓN N: INGRESOS AL PROGRAMA DE SALUD  MENTAL EN APS /ESPECIALIDAD,70-74,Hombres,0
2023,05990022,TRASTORNO GENERALIZADOS DEL DESARROLLO | AUTISMO,SECCIÓN N: INGRESOS AL PROGRAMA DE SALUD  MENTAL EN APS /ESPECIALIDAD,70-74,Mujeres,1
2023,05990022,TRASTORNO GENERALIZADOS DEL DESARROLLO | AUTISMO,SECCIÓN N: INGRESOS AL PROGRAMA DE SALUD  MENTAL EN APS /ESPECIALIDAD,75-79,Hombres,0
2023,05990022,TRASTORNO GENERALIZADOS DEL DESARROLLO | AUTISMO,SECCIÓN N: INGRESOS AL PROGRAMA DE SALUD  MENTAL EN APS /ESPECIALIDAD,75-79,Mujeres,1
2023,05990022,TRASTORNO GENERALIZADOS DEL DESARROLLO | AUTISMO,SECCIÓN N: INGRESOS AL PROGRAMA DE SALUD  MENTAL EN APS /ESPECIALIDAD,80+,Hombres,1
2023,05990022,TRASTORNO GENERALIZADOS DEL DESARROLLO | AUTISMO,SECCIÓN N: INGRESOS AL PROGRAMA DE SALUD  MENTAL EN APS /ESPECIALIDAD,80+,Mujeres,1
2023,05990023,ASPERGER,SECCIÓN N: INGRESOS AL PROGRAMA DE SALUD  MENTAL EN APS /ESPECIALIDAD,0-4,Hombres,52
2023,05990023,ASPERGER,SECCIÓN N: INGRESOS AL PROGRAMA DE SALUD  MENTAL EN APS /ESPECIALIDAD,0-4,Mujeres,16
2023,05990023,ASPERGER,SECCIÓN N: INGRESOS AL PROGRAMA DE SALUD  MENTAL EN APS /ESPECIALIDAD,5-9,Hombres,196
2023,05990023,ASPERGER,SECCIÓN N: INGRESOS AL PROGRAMA DE SALUD  MENTAL EN APS /ESPECIALIDAD,5-9,Mujeres,84
2023,05990023,ASPERGER,SECCIÓN N: INGRESOS AL PROGRAMA DE SALUD  MENTAL EN APS /ESPECIALIDAD,10-14,Hombres,282
2023,05990023,ASPERGER,SECCIÓN N: INGRESOS AL PROGRAMA DE SALUD  MENTAL EN APS /ESPECIALIDAD,10-14,Mujeres,155
2023,05990023,ASPERGER,SECCIÓN N: INGRESOS AL PROGRAMA DE SALUD  MENTAL EN APS /ESPECIALIDAD,15-19,Hombres,192
2023,05990023,ASPERGER,SECCIÓN N: INGRESOS AL PROGRAMA DE SALUD  MENTAL EN APS /ESPECIALIDAD,15-19,Mujeres,101
2023,05990023,ASPERGER,SECCIÓN N: INGRESOS AL PROGRAMA DE SALUD  MENTAL EN APS /ESPECIALIDAD,20-24,Hombres,67
2023,05990023,ASPERGER,SECCIÓN N: INGRESOS AL PROGRAMA DE SALUD  MENTAL EN APS /ESPECIALIDAD,20-24,Mujeres,31
2023,05990023,ASPERGER,SECCIÓN N: INGRESOS AL PROGRAMA DE SALUD  MENTAL EN APS /ESPECIALIDAD,25-29,Hombres,29
2023,05990023,ASPERGER,SECCIÓN N: INGRESOS AL PROGRAMA DE SALUD  MENTAL EN APS /ESPECIALIDAD,25-29,Mujeres,11
2023,05990023,ASPERGER,SECCIÓN N: INGRESOS AL PROGRAMA DE SALUD  MENTAL EN APS /ESPECIALIDAD,30-34,Hombres,16
2023,05990023,ASPERGER,SECCIÓN N: INGRESOS AL PROGRAMA DE SALUD  MENTAL EN APS /ESPECIALIDAD,30-34,Mujeres,13
2023,05990023,ASPERGER,SECCIÓN N: INGRESOS AL PROGRAMA DE SALUD  MENTAL EN APS /ESPECIALIDAD,35-39,Hombres,8
2023,05990023,ASPERGER,SECCIÓN N: INGRESOS AL PROGRAMA DE SALUD  MENTAL EN APS /ESPECIALIDAD,35-39,Mujeres,10
2023,05990023,ASPERGER,SECCIÓN N: INGRESOS AL PROGRAMA DE SALUD  MENTAL EN APS /ESPECIALIDAD,40-44,Hombres,3
2023,05990023,ASPERGER,SECCIÓN N: INGRESOS AL PROGRAMA DE SALUD  MENTAL EN APS /ESPECIALIDAD,40-44,Mujeres,9
2023,05990023,ASPERGER,SECCIÓN N: INGRESOS AL PROGRAMA DE SALUD  MENTAL EN APS /ESPECIALIDAD,45-49,Hombres,4
2023,05990023,ASPERGER,SECCIÓN N: INGRESOS AL PROGRAMA DE SALUD  MENTAL EN APS /ESPECIALIDAD,45-49,Mujeres,3
2023,05990023,ASPERGER,SECCIÓN N: INGRESOS AL PROGRAMA DE SALUD  MENTAL EN APS /ESPECIALIDAD,50-54,Hombres,4
2023,05990023,ASPERGER,SECCIÓN N: INGRESOS AL PROGRAMA DE SALUD  MENTAL EN APS /ESPECIALIDAD,50-54,Mujeres,4
2023,05990023,ASPERGER,SECCIÓN N: INGRESOS AL PROGRAMA DE SALUD  MENTAL EN APS /ESPECIALIDAD,55-59,Hombres,3
2023,05990023,ASPERGER,SECCIÓN N: INGRESOS AL PROGRAMA DE SALUD  MENTAL EN APS /ESPECIALIDAD,55-59,Mujeres,2
2023,05990023,ASPERGER,SECCIÓN N: INGRESOS AL PROGRAMA DE SALUD  MENTAL EN APS /ESPECIALIDAD,60-64,Hombres,1
2023,05990023,ASPERGER,SECCIÓN N: INGRESOS AL PROGRAMA DE SALUD  MENTAL EN APS /ESPECIALIDAD,60-64,Mujeres,1
2023,05990023,ASPERGER,SECCIÓN N: INGRESOS AL PROGRAMA DE SALUD  MENTAL EN APS /ESPECIALIDAD,65-69,Hombres,1
2023,05990023,ASPERGER,SECCIÓN N: INGRESOS AL PROGRAMA DE SALUD  MENTAL EN APS /ESPECIALIDAD,65-69,Mujeres,1
2023,05990023,ASPERGER,SECCIÓN N: INGRESOS AL PROGRAMA DE SALUD  MENTAL EN APS /ESPECIALIDAD,70-74,Hombres,0
2023,05990023,ASPERGER,SECCIÓN N: INGRESOS AL PROGRAMA DE SALUD  MENTAL EN APS /ESPECIALIDAD,70-74,Mujeres,0
2023,05990023,ASPERGER,SECCIÓN N: INGRESOS AL PROGRAMA DE SALUD  MENTAL EN APS /ESPECIALIDAD,75-79,Hombres,0
2023,05990023,ASPERGER,SECCIÓN N: INGRESOS AL PROGRAMA DE SALUD  MENTAL EN APS /ESPECIALIDAD,75-79,Mujeres,2
2023,05990023,ASPERGER,SECCIÓN N: INGRESOS AL PROGRAMA DE SALUD  MENTAL EN APS /ESPECIALIDAD,80+,Hombres,0
2023,05990023,ASPERGER,SECCIÓN N: INGRESOS AL PROGRAMA DE SALUD  MENTAL EN APS /ESPECIALIDAD,80+,Mujeres,0
2023,05990024,SÍNDROME DE RETT,SECCIÓN N: INGRESOS AL PROGRAMA DE SALUD  MENTAL EN APS /ESPECIALIDAD,0-4,Hombres,1
2023,05990024,SÍNDROME DE RETT,SECCIÓN N: INGRESOS AL PROGRAMA DE SALUD  MENTAL EN APS /ESPECIALIDAD,0-4,Mujeres,0
2023,05990024,SÍNDROME DE RETT,SECCIÓN N: INGRESOS AL PROGRAMA DE SALUD  MENTAL EN APS /ESPECIALIDAD,5-9,Hombres,12
2023,05990024,SÍNDROME DE RETT,SECCIÓN N: INGRESOS AL PROGRAMA DE SALUD  MENTAL EN APS /ESPECIALIDAD,5-9,Mujeres,1
2023,05990024,SÍNDROME DE RETT,SECCIÓN N: INGRESOS AL PROGRAMA DE SALUD  MENTAL EN APS /ESPECIALIDAD,10-14,Hombres,4
2023,05990024,SÍNDROME DE RETT,SECCIÓN N: INGRESOS AL PROGRAMA DE SALUD  MENTAL EN APS /ESPECIALIDAD,10-14,Mujeres,3
2023,05990024,SÍNDROME DE RETT,SECCIÓN N: INGRESOS AL PROGRAMA DE SALUD  MENTAL EN APS /ESPECIALIDAD,15-19,Hombres,7
2023,05990024,SÍNDROME DE RETT,SECCIÓN N: INGRESOS AL PROGRAMA DE SALUD  MENTAL EN APS /ESPECIALIDAD,15-19,Mujeres,3
2023,05990024,SÍNDROME DE RETT,SECCIÓN N: INGRESOS AL PROGRAMA DE SALUD  MENTAL EN APS /ESPECIALIDAD,20-24,Hombres,2
2023,05990024,SÍNDROME DE RETT,SECCIÓN N: INGRESOS AL PROGRAMA DE SALUD  MENTAL EN APS /ESPECIALIDAD,20-24,Mujeres,0
2023,05990024,SÍNDROME DE RETT,SECCIÓN N: INGRESOS AL PROGRAMA DE SALUD  MENTAL EN APS /ESPECIALIDAD,25-29,Hombres,1
2023,05990024,SÍNDROME DE RETT,SECCIÓN N: INGRESOS AL PROGRAMA DE SALUD  MENTAL EN APS /ESPECIALIDAD,25-29,Mujeres,2
2023,05990024,SÍNDROME DE RETT,SECCIÓN N: INGRESOS AL PROGRAMA DE SALUD  MENTAL EN APS /ESPECIALIDAD,30-34,Hombres,0
2023,05990024,SÍNDROME DE RETT,SECCIÓN N: INGRESOS AL PROGRAMA DE SALUD  MENTAL EN APS /ESPECIALIDAD,30-34,Mujeres,3
2023,05990024,SÍNDROME DE RETT,SECCIÓN N: INGRESOS AL PROGRAMA DE SALUD  MENTAL EN APS /ESPECIALIDAD,35-39,Hombres,0
2023,05990024,SÍNDROME DE RETT,SECCIÓN N: INGRESOS AL PROGRAMA DE SALUD  MENTAL EN APS /ESPECIALIDAD,35-39,Mujeres,1
2023,05990024,SÍNDROME DE RETT,SECCIÓN N: INGRESOS AL PROGRAMA DE SALUD  MENTAL EN APS /ESPECIALIDAD,40-44,Hombres,1
2023,05990024,SÍNDROME DE RETT,SECCIÓN N: INGRESOS AL PROGRAMA DE SALUD  MENTAL EN APS /ESPECIALIDAD,40-44,Mujeres,4
2023,05990024,SÍNDROME DE RETT,SECCIÓN N: INGRESOS AL PROGRAMA DE SALUD  MENTAL EN APS /ESPECIALIDAD,45-49,Hombres,0
2023,05990024,SÍNDROME DE RETT,SECCIÓN N: INGRESOS AL PROGRAMA DE SALUD  MENTAL EN APS /ESPECIALIDAD,45-49,Mujeres,0
2023,05990024,SÍNDROME DE RETT,SECCIÓN N: INGRESOS AL PROGRAMA DE SALUD  MENTAL EN APS /ESPECIALIDAD,50-54,Hombres,0
2023,05990024,SÍNDROME DE RETT,SECCIÓN N: INGRESOS AL PROGRAMA DE SALUD  MENTAL EN APS /ESPECIALIDAD,50-54,Mujeres,2
2023,05990024,SÍNDROME DE RETT,SECCIÓN N: INGRESOS AL PROGRAMA DE SALUD  MENTAL EN APS /ESPECIALIDAD,55-59,Hombres,1
2023,05990024,SÍNDROME DE RETT,SECCIÓN N: INGRESOS AL PROGRAMA DE SALUD  MENTAL EN APS /ESPECIALIDAD,55-59,Mujeres,1
2023,05990024,SÍNDROME DE RETT,SECCIÓN N: INGRESOS AL PROGRAMA DE SALUD  MENTAL EN APS /ESPECIALIDAD,60-64,Hombres,0
2023,05990024,SÍNDROME DE RETT,SECCIÓN N: INGRESOS AL PROGRAMA DE SALUD  MENTAL EN APS /ESPECIALIDAD,60-64,Mujeres,3
2023,05990024,SÍNDROME DE RETT,SECCIÓN N: INGRESOS AL PROGRAMA DE SALUD  MENTAL EN APS /ESPECIALIDAD,65-69,Hombres,1
2023,05990024,SÍNDROME DE RETT,SECCIÓN N: INGRESOS AL PROGRAMA DE SALUD  MENTAL EN APS /ESPECIALIDAD,65-69,Mujeres,1
2023,05990024,SÍNDROME DE RETT,SECCIÓN N: INGRESOS AL PROGRAMA DE SALUD  MENTAL EN APS /ESPECIALIDAD,70-74,Hombres,0
2023,05990024,SÍNDROME DE RETT,SECCIÓN N: INGRESOS AL PROGRAMA DE SALUD  MENTAL EN APS /ESPECIALIDAD,70-74,Mujeres,0
2023,05990024,SÍNDROME DE RETT,SECCIÓN N: INGRESOS AL PROGRAMA DE SALUD  MENTAL EN APS /ESPECIALIDAD,75-79,Hombres,0
2023,05990024,SÍNDROME DE RETT,SECCIÓN N: INGRESOS AL PROGRAMA DE SALUD  MENTAL EN APS /ESPECIALIDAD,75-79,Mujeres,2
2023,05990024,SÍNDROME DE RETT,SECCIÓN N: INGRESOS AL PROGRAMA DE SALUD  MENTAL EN APS /ESPECIALIDAD,80+,Hombres,0
2023,05990024,SÍNDROME DE RETT,SECCIÓN N: INGRESOS AL PROGRAMA DE SALUD  MENTAL EN APS /ESPECIALIDAD,80+,Mujeres,0
2023,05990025,TRASTORNO DESINTEGRATIVO DE LA INFANCIA,SECCIÓN N: INGRESOS AL PROGRAMA DE SALUD  MENTAL EN APS /ESPECIALIDAD,0-4,Hombres,5
2023,05990025,TRASTORNO DESINTEGRATIVO DE LA INFANCIA,SECCIÓN N: INGRESOS AL PROGRAMA DE SALUD  MENTAL EN APS /ESPECIALIDAD,0-4,Mujeres,0
2023,05990025,TRASTORNO DESINTEGRATIVO DE LA INFANCIA,SECCIÓN N: INGRESOS AL PROGRAMA DE SALUD  MENTAL EN APS /ESPECIALIDAD,5-9,Hombres,21
2023,05990025,TRASTORNO DESINTEGRATIVO DE LA INFANCIA,SECCIÓN N: INGRESOS AL PROGRAMA DE SALUD  MENTAL EN APS /ESPECIALIDAD,5-9,Mujeres,5
2023,05990025,TRASTORNO DESINTEGRATIVO DE LA INFANCIA,SECCIÓN N: INGRESOS AL PROGRAMA DE SALUD  MENTAL EN APS /ESPECIALIDAD,10-14,Hombres,11
2023,05990025,TRASTORNO DESINTEGRATIVO DE LA INFANCIA,SECCIÓN N: INGRESOS AL PROGRAMA DE SALUD  MENTAL EN APS /ESPECIALIDAD,10-14,Mujeres,3
2023,05990025,TRASTORNO DESINTEGRATIVO DE LA INFANCIA,SECCIÓN N: INGRESOS AL PROGRAMA DE SALUD  MENTAL EN APS /ESPECIALIDAD,15-19,Hombres,7
2023,05990025,TRASTORNO DESINTEGRATIVO DE LA INFANCIA,SECCIÓN N: INGRESOS AL PROGRAMA DE SALUD  MENTAL EN APS /ESPECIALIDAD,15-19,Mujeres,2
2023,05990025,TRASTORNO DESINTEGRATIVO DE LA INFANCIA,SECCIÓN N: INGRESOS AL PROGRAMA DE SALUD  MENTAL EN APS /ESPECIALIDAD,20-24,Hombres,1
2023,05990025,TRASTORNO DESINTEGRATIVO DE LA INFANCIA,SECCIÓN N: INGRESOS AL PROGRAMA DE SALUD  MENTAL EN APS /ESPECIALIDAD,20-24,Mujeres,0
2023,05990025,TRASTORNO DESINTEGRATIVO DE LA INFANCIA,SECCIÓN N: INGRESOS AL PROGRAMA DE SALUD  MENTAL EN APS /ESPECIALIDAD,25-29,Hombres,0
2023,05990025,TRASTORNO DESINTEGRATIVO DE LA INFANCIA,SECCIÓN N: INGRESOS AL PROGRAMA DE SALUD  MENTAL EN APS /ESPECIALIDAD,25-29,Mujeres,1
2023,05990025,TRASTORNO DESINTEGRATIVO DE LA INFANCIA,SECCIÓN N: INGRESOS AL PROGRAMA DE SALUD  MENTAL EN APS /ESPECIALIDAD,30-34,Hombres,2
2023,05990025,TRASTORNO DESINTEGRATIVO DE LA INFANCIA,SECCIÓN N: INGRESOS AL PROGRAMA DE SALUD  MENTAL EN APS /ESPECIALIDAD,30-34,Mujeres,1
2023,05990025,TRASTORNO DESINTEGRATIVO DE LA INFANCIA,SECCIÓN N: INGRESOS AL PROGRAMA DE SALUD  MENTAL EN APS /ESPECIALIDAD,35-39,Hombres,2
2023,05990025,TRASTORNO DESINTEGRATIVO DE LA INFANCIA,SECCIÓN N: INGRESOS AL PROGRAMA DE SALUD  MENTAL EN APS /ESPECIALIDAD,35-39,Mujeres,1
2023,05990025,TRASTORNO DESINTEGRATIVO DE LA INFANCIA,SECCIÓN N: INGRESOS AL PROGRAMA DE SALUD  MENTAL EN APS /ESPECIALIDAD,40-44,Hombres,0
2023,05990025,TRASTORNO DESINTEGRATIVO DE LA INFANCIA,SECCIÓN N: INGRESOS AL PROGRAMA DE SALUD  MENTAL EN APS /ESPECIALIDAD,40-44,Mujeres,1
2023,05990025,TRASTORNO DESINTEGRATIVO DE LA INFANCIA,SECCIÓN N: INGRESOS AL PROGRAMA DE SALUD  MENTAL EN APS /ESPECIALIDAD,45-49,Hombres,0
2023,05990025,TRASTORNO DESINTEGRATIVO DE LA INFANCIA,SECCIÓN N: INGRESOS AL PROGRAMA DE SALUD  MENTAL EN APS /ESPECIALIDAD,45-49,Mujeres,1
2023,05990025,TRASTORNO DESINTEGRATIVO DE LA INFANCIA,SECCIÓN N: INGRESOS AL PROGRAMA DE SALUD  MENTAL EN APS /ESPECIALIDAD,50-54,Hombres,0
2023,05990025,TRASTORNO DESINTEGRATIVO DE LA INFANCIA,SECCIÓN N: INGRESOS AL PROGRAMA DE SALUD  MENTAL EN APS /ESPECIALIDAD,50-54,Mujeres,1
2023,05990025,TRASTORNO DESINTEGRATIVO DE LA INFANCIA,SECCIÓN N: INGRESOS AL PROGRAMA DE SALUD  MENTAL EN APS /ESPECIALIDAD,55-59,Hombres,0
2023,05990025,TRASTORNO DESINTEGRATIVO DE LA INFANCIA,SECCIÓN N: INGRESOS AL PROGRAMA DE SALUD  MENTAL EN APS /ESPECIALIDAD,55-59,Mujeres,0
2023,05990025,TRASTORNO DESINTEGRATIVO DE LA INFANCIA,SECCIÓN N: INGRESOS AL PROGRAMA DE SALUD  MENTAL EN APS /ESPECIALIDAD,60-64,Hombres,0
2023,05990025,TRASTORNO DESINTEGRATIVO DE LA INFANCIA,SECCIÓN N: INGRESOS AL PROGRAMA DE SALUD  MENTAL EN APS /ESPECIALIDAD,60-64,Mujeres,1
2023,05990025,TRASTORNO DESINTEGRATIVO DE LA INFANCIA,SECCIÓN N: INGRESOS AL PROGRAMA DE SALUD  MENTAL EN APS /ESPECIALIDAD,65-69,Hombres,0
2023,05990025,TRASTORNO DESINTEGRATIVO DE LA INFANCIA,SECCIÓN N: INGRESOS AL PROGRAMA DE SALUD  MENTAL EN APS /ESPECIALIDAD,65-69,Mujeres,0
2023,05990025,TRASTORNO DESINTEGRATIVO DE LA INFANCIA,SECCIÓN N: INGRESOS AL PROGRAMA DE SALUD  MENTAL EN APS /ESPECIALIDAD,70-74,Hombres,0
2023,05990025,TRASTORNO DESINTEGRATIVO DE LA INFANCIA,SECCIÓN N: INGRESOS AL PROGRAMA DE SALUD  MENTAL EN APS /ESPECIALIDAD,70-74,Mujeres,0
2023,05990025,TRASTORNO DESINTEGRATIVO DE LA INFANCIA,SECCIÓN N: INGRESOS AL PROGRAMA DE SALUD  MENTAL EN APS /ESPECIALIDAD,75-79,Hombres,0
2023,05990025,TRASTORNO DESINTEGRATIVO DE LA INFANCIA,SECCIÓN N: INGRESOS AL PROGRAMA DE SALUD  MENTAL EN APS /ESPECIALIDAD,75-79,Mujeres,0
2023,05990025,TRASTORNO DESINTEGRATIVO DE LA INFANCIA,SECCIÓN N: INGRESOS AL PROGRAMA DE SALUD  MENTAL EN APS /ESPECIALIDAD,80+,Hombres,1
2023,05990025,TRASTORNO DESINTEGRATIVO DE LA INFANCIA,SECCIÓN N: INGRESOS AL PROGRAMA DE SALUD  MENTAL EN APS /ESPECIALIDAD,80+,Mujeres,0
2023,05990026,TRASTONO GENERALIZADO DEL DESARROLLO NO ESPECÍFICO,SECCIÓN N: INGRESOS AL PROGRAMA DE SALUD  MENTAL EN APS /ESPECIALIDAD,0-4,Hombres,368
2023,05990026,TRASTONO GENERALIZADO DEL DESARROLLO NO ESPECÍFICO,SECCIÓN N: INGRESOS AL PROGRAMA DE SALUD  MENTAL EN APS /ESPECIALIDAD,0-4,Mujeres,161
2023,05990026,TRASTONO GENERALIZADO DEL DESARROLLO NO ESPECÍFICO,SECCIÓN N: INGRESOS AL PROGRAMA DE SALUD  MENTAL EN APS /ESPECIALIDAD,5-9,Hombres,592
2023,05990026,TRASTONO GENERALIZADO DEL DESARROLLO NO ESPECÍFICO,SECCIÓN N: INGRESOS AL PROGRAMA DE SALUD  MENTAL EN APS /ESPECIALIDAD,5-9,Mujeres,207
2023,05990026,TRASTONO GENERALIZADO DEL DESARROLLO NO ESPECÍFICO,SECCIÓN N: INGRESOS AL PROGRAMA DE SALUD  MENTAL EN APS /ESPECIALIDAD,10-14,Hombres,403
2023,05990026,TRASTONO GENERALIZADO DEL DESARROLLO NO ESPECÍFICO,SECCIÓN N: INGRESOS AL PROGRAMA DE SALUD  MENTAL EN APS /ESPECIALIDAD,10-14,Mujeres,248
2023,05990026,TRASTONO GENERALIZADO DEL DESARROLLO NO ESPECÍFICO,SECCIÓN N: INGRESOS AL PROGRAMA DE SALUD  MENTAL EN APS /ESPECIALIDAD,15-19,Hombres,228
2023,05990026,TRASTONO GENERALIZADO DEL DESARROLLO NO ESPECÍFICO,SECCIÓN N: INGRESOS AL PROGRAMA DE SALUD  MENTAL EN APS /ESPECIALIDAD,15-19,Mujeres,161
2023,05990026,TRASTONO GENERALIZADO DEL DESARROLLO NO ESPECÍFICO,SECCIÓN N: INGRESOS AL PROGRAMA DE SALUD  MENTAL EN APS /ESPECIALIDAD,20-24,Hombres,52
2023,05990026,TRASTONO GENERALIZADO DEL DESARROLLO NO ESPECÍFICO,SECCIÓN N: INGRESOS AL PROGRAMA DE SALUD  MENTAL EN APS /ESPECIALIDAD,20-24,Mujeres,32
2023,05990026,TRASTONO GENERALIZADO DEL DESARROLLO NO ESPECÍFICO,SECCIÓN N: INGRESOS AL PROGRAMA DE SALUD  MENTAL EN APS /ESPECIALIDAD,25-29,Hombres,22
2023,05990026,TRASTONO GENERALIZADO DEL DESARROLLO NO ESPECÍFICO,SECCIÓN N: INGRESOS AL PROGRAMA DE SALUD  MENTAL EN APS /ESPECIALIDAD,25-29,Mujeres,22
2023,05990026,TRASTONO GENERALIZADO DEL DESARROLLO NO ESPECÍFICO,SECCIÓN N: INGRESOS AL PROGRAMA DE SALUD  MENTAL EN APS /ESPECIALIDAD,30-34,Hombres,19
2023,05990026,TRASTONO GENERALIZADO DEL DESARROLLO NO ESPECÍFICO,SECCIÓN N: INGRESOS AL PROGRAMA DE SALUD  MENTAL EN APS /ESPECIALIDAD,30-34,Mujeres,19
2023,05990026,TRASTONO GENERALIZADO DEL DESARROLLO NO ESPECÍFICO,SECCIÓN N: INGRESOS AL PROGRAMA DE SALUD  MENTAL EN APS /ESPECIALIDAD,35-39,Hombres,11
2023,05990026,TRASTONO GENERALIZADO DEL DESARROLLO NO ESPECÍFICO,SECCIÓN N: INGRESOS AL PROGRAMA DE SALUD  MENTAL EN APS /ESPECIALIDAD,35-39,Mujeres,18
2023,05990026,TRASTONO GENERALIZADO DEL DESARROLLO NO ESPECÍFICO,SECCIÓN N: INGRESOS AL PROGRAMA DE SALUD  MENTAL EN APS /ESPECIALIDAD,40-44,Hombres,7
2023,05990026,TRASTONO GENERALIZADO DEL DESARROLLO NO ESPECÍFICO,SECCIÓN N: INGRESOS AL PROGRAMA DE SALUD  MENTAL EN APS /ESPECIALIDAD,40-44,Mujeres,10
2023,05990026,TRASTONO GENERALIZADO DEL DESARROLLO NO ESPECÍFICO,SECCIÓN N: INGRESOS AL PROGRAMA DE SALUD  MENTAL EN APS /ESPECIALIDAD,45-49,Hombres,6
2023,05990026,TRASTONO GENERALIZADO DEL DESARROLLO NO ESPECÍFICO,SECCIÓN N: INGRESOS AL PROGRAMA DE SALUD  MENTAL EN APS /ESPECIALIDAD,45-49,Mujeres,12
2023,05990026,TRASTONO GENERALIZADO DEL DESARROLLO NO ESPECÍFICO,SECCIÓN N: INGRESOS AL PROGRAMA DE SALUD  MENTAL EN APS /ESPECIALIDAD,50-54,Hombres,2
2023,05990026,TRASTONO GENERALIZADO DEL DESARROLLO NO ESPECÍFICO,SECCIÓN N: INGRESOS AL PROGRAMA DE SALUD  MENTAL EN APS /ESPECIALIDAD,50-54,Mujeres,8
2023,05990026,TRASTONO GENERALIZADO DEL DESARROLLO NO ESPECÍFICO,SECCIÓN N: INGRESOS AL PROGRAMA DE SALUD  MENTAL EN APS /ESPECIALIDAD,55-59,Hombres,2
2023,05990026,TRASTONO GENERALIZADO DEL DESARROLLO NO ESPECÍFICO,SECCIÓN N: INGRESOS AL PROGRAMA DE SALUD  MENTAL EN APS /ESPECIALIDAD,55-59,Mujeres,3
2023,05990026,TRASTONO GENERALIZADO DEL DESARROLLO NO ESPECÍFICO,SECCIÓN N: INGRESOS AL PROGRAMA DE SALUD  MENTAL EN APS /ESPECIALIDAD,60-64,Hombres,6
2023,05990026,TRASTONO GENERALIZADO DEL DESARROLLO NO ESPECÍFICO,SECCIÓN N: INGRESOS AL PROGRAMA DE SALUD  MENTAL EN APS /ESPECIALIDAD,60-64,Mujeres,7
2023,05990026,TRASTONO GENERALIZADO DEL DESARROLLO NO ESPECÍFICO,SECCIÓN N: INGRESOS AL PROGRAMA DE SALUD  MENTAL EN APS /ESPECIALIDAD,65-69,Hombres,9
2023,05990026,TRASTONO GENERALIZADO DEL DESARROLLO NO ESPECÍFICO,SECCIÓN N: INGRESOS AL PROGRAMA DE SALUD  MENTAL EN APS /ESPECIALIDAD,65-69,Mujeres,10
2023,05990026,TRASTONO GENERALIZADO DEL DESARROLLO NO ESPECÍFICO,SECCIÓN N: INGRESOS AL PROGRAMA DE SALUD  MENTAL EN APS /ESPECIALIDAD,70-74,Hombres,1
2023,05990026,TRASTONO GENERALIZADO DEL DESARROLLO NO ESPECÍFICO,SECCIÓN N: INGRESOS AL PROGRAMA DE SALUD  MENTAL EN APS /ESPECIALIDAD,70-74,Mujeres,12
2023,05990026,TRASTONO GENERALIZADO DEL DESARROLLO NO ESPECÍFICO,SECCIÓN N: INGRESOS AL PROGRAMA DE SALUD  MENTAL EN APS /ESPECIALIDAD,75-79,Hombres,1
2023,05990026,TRASTONO GENERALIZADO DEL DESARROLLO NO ESPECÍFICO,SECCIÓN N: INGRESOS AL PROGRAMA DE SALUD  MENTAL EN APS /ESPECIALIDAD,75-79,Mujeres,7
2023,05990026,TRASTONO GENERALIZADO DEL DESARROLLO NO ESPECÍFICO,SECCIÓN N: INGRESOS AL PROGRAMA DE SALUD  MENTAL EN APS /ESPECIALIDAD,80+,Hombres,0
2023,05990026,TRASTONO GENERALIZADO DEL DESARROLLO NO ESPECÍFICO,SECCIÓN N: INGRESOS AL PROGRAMA DE SALUD  MENTAL EN APS /ESPECIALIDAD,80+,Mujeres,3
2023,05990027,TRASTORNO GENERALIZADOS DEL DESARROLLO | AUTISMO,SECCIÓN O: EGRESOS DEL PROGRAMA DE SALUD  MENTAL POR ALTAS CLÍNICAS EN APS /ESPECIALIDAD,0-4,Hombres,128
2023,05990027,TRASTORNO GENERALIZADOS DEL DESARROLLO | AUTISMO,SECCIÓN O: EGRESOS DEL PROGRAMA DE SALUD  MENTAL POR ALTAS CLÍNICAS EN APS /ESPECIALIDAD,0-4,Mujeres,45
2023,05990027,TRASTORNO GENERALIZADOS DEL DESARROLLO | AUTISMO,SECCIÓN O: EGRESOS DEL PROGRAMA DE SALUD  MENTAL POR ALTAS CLÍNICAS EN APS /ESPECIALIDAD,5-9,Hombres,599
2023,05990027,TRASTORNO GENERALIZADOS DEL DESARROLLO | AUTISMO,SECCIÓN O: EGRESOS DEL PROGRAMA DE SALUD  MENTAL POR ALTAS CLÍNICAS EN APS /ESPECIALIDAD,5-9,Mujeres,154
2023,05990027,TRASTORNO GENERALIZADOS DEL DESARROLLO | AUTISMO,SECCIÓN O: EGRESOS DEL PROGRAMA DE SALUD  MENTAL POR ALTAS CLÍNICAS EN APS /ESPECIALIDAD,10-14,Hombres,325
2023,05990027,TRASTORNO GENERALIZADOS DEL DESARROLLO | AUTISMO,SECCIÓN O: EGRESOS DEL PROGRAMA DE SALUD  MENTAL POR ALTAS CLÍNICAS EN APS /ESPECIALIDAD,10-14,Mujeres,114
2023,05990027,TRASTORNO GENERALIZADOS DEL DESARROLLO | AUTISMO,SECCIÓN O: EGRESOS DEL PROGRAMA DE SALUD  MENTAL POR ALTAS CLÍNICAS EN APS /ESPECIALIDAD,15-19,Hombres,221
2023,05990027,TRASTORNO GENERALIZADOS DEL DESARROLLO | AUTISMO,SECCIÓN O: EGRESOS DEL PROGRAMA DE SALUD  MENTAL POR ALTAS CLÍNICAS EN APS /ESPECIALIDAD,15-19,Mujeres,110
2023,05990027,TRASTORNO GENERALIZADOS DEL DESARROLLO | AUTISMO,SECCIÓN O: EGRESOS DEL PROGRAMA DE SALUD  MENTAL POR ALTAS CLÍNICAS EN APS /ESPECIALIDAD,20-24,Hombres,43
2023,05990027,TRASTORNO GENERALIZADOS DEL DESARROLLO | AUTISMO,SECCIÓN O: EGRESOS DEL PROGRAMA DE SALUD  MENTAL POR ALTAS CLÍNICAS EN APS /ESPECIALIDAD,20-24,Mujeres,12
2023,05990027,TRASTORNO GENERALIZADOS DEL DESARROLLO | AUTISMO,SECCIÓN O: EGRESOS DEL PROGRAMA DE SALUD  MENTAL POR ALTAS CLÍNICAS EN APS /ESPECIALIDAD,25-29,Hombres,14
2023,05990027,TRASTORNO GENERALIZADOS DEL DESARROLLO | AUTISMO,SECCIÓN O: EGRESOS DEL PROGRAMA DE SALUD  MENTAL POR ALTAS CLÍNICAS EN APS /ESPECIALIDAD,25-29,Mujeres,10
2023,05990027,TRASTORNO GENERALIZADOS DEL DESARROLLO | AUTISMO,SECCIÓN O: EGRESOS DEL PROGRAMA DE SALUD  MENTAL POR ALTAS CLÍNICAS EN APS /ESPECIALIDAD,30-34,Hombres,8
2023,05990027,TRASTORNO GENERALIZADOS DEL DESARROLLO | AUTISMO,SECCIÓN O: EGRESOS DEL PROGRAMA DE SALUD  MENTAL POR ALTAS CLÍNICAS EN APS /ESPECIALIDAD,30-34,Mujeres,5
2023,05990027,TRASTORNO GENERALIZADOS DEL DESARROLLO | AUTISMO,SECCIÓN O: EGRESOS DEL PROGRAMA DE SALUD  MENTAL POR ALTAS CLÍNICAS EN APS /ESPECIALIDAD,35-39,Hombres,1
2023,05990027,TRASTORNO GENERALIZADOS DEL DESARROLLO | AUTISMO,SECCIÓN O: EGRESOS DEL PROGRAMA DE SALUD  MENTAL POR ALTAS CLÍNICAS EN APS /ESPECIALIDAD,35-39,Mujeres,2
2023,05990027,TRASTORNO GENERALIZADOS DEL DESARROLLO | AUTISMO,SECCIÓN O: EGRESOS DEL PROGRAMA DE SALUD  MENTAL POR ALTAS CLÍNICAS EN APS /ESPECIALIDAD,40-44,Hombres,0
2023,05990027,TRASTORNO GENERALIZADOS DEL DESARROLLO | AUTISMO,SECCIÓN O: EGRESOS DEL PROGRAMA DE SALUD  MENTAL POR ALTAS CLÍNICAS EN APS /ESPECIALIDAD,40-44,Mujeres,3
2023,05990027,TRASTORNO GENERALIZADOS DEL DESARROLLO | AUTISMO,SECCIÓN O: EGRESOS DEL PROGRAMA DE SALUD  MENTAL POR ALTAS CLÍNICAS EN APS /ESPECIALIDAD,45-49,Hombres,6
2023,05990027,TRASTORNO GENERALIZADOS DEL DESARROLLO | AUTISMO,SECCIÓN O: EGRESOS DEL PROGRAMA DE SALUD  MENTAL POR ALTAS CLÍNICAS EN APS /ESPECIALIDAD,45-49,Mujeres,2
2023,05990027,TRASTORNO GENERALIZADOS DEL DESARROLLO | AUTISMO,SECCIÓN O: EGRESOS DEL PROGRAMA DE SALUD  MENTAL POR ALTAS CLÍNICAS EN APS /ESPECIALIDAD,50-54,Hombres,1
2023,05990027,TRASTORNO GENERALIZADOS DEL DESARROLLO | AUTISMO,SECCIÓN O: EGRESOS DEL PROGRAMA DE SALUD  MENTAL POR ALTAS CLÍNICAS EN APS /ESPECIALIDAD,50-54,Mujeres,3
2023,05990027,TRASTORNO GENERALIZADOS DEL DESARROLLO | AUTISMO,SECCIÓN O: EGRESOS DEL PROGRAMA DE SALUD  MENTAL POR ALTAS CLÍNICAS EN APS /ESPECIALIDAD,55-59,Hombres,2
2023,05990027,TRASTORNO GENERALIZADOS DEL DESARROLLO | AUTISMO,SECCIÓN O: EGRESOS DEL PROGRAMA DE SALUD  MENTAL POR ALTAS CLÍNICAS EN APS /ESPECIALIDAD,55-59,Mujeres,1
2023,05990027,TRASTORNO GENERALIZADOS DEL DESARROLLO | AUTISMO,SECCIÓN O: EGRESOS DEL PROGRAMA DE SALUD  MENTAL POR ALTAS CLÍNICAS EN APS /ESPECIALIDAD,60-64,Hombres,1
2023,05990027,TRASTORNO GENERALIZADOS DEL DESARROLLO | AUTISMO,SECCIÓN O: EGRESOS DEL PROGRAMA DE SALUD  MENTAL POR ALTAS CLÍNICAS EN APS /ESPECIALIDAD,60-64,Mujeres,1
2023,05990027,TRASTORNO GENERALIZADOS DEL DESARROLLO | AUTISMO,SECCIÓN O: EGRESOS DEL PROGRAMA DE SALUD  MENTAL POR ALTAS CLÍNICAS EN APS /ESPECIALIDAD,65-69,Hombres,0
2023,05990027,TRASTORNO GENERALIZADOS DEL DESARROLLO | AUTISMO,SECCIÓN O: EGRESOS DEL PROGRAMA DE SALUD  MENTAL POR ALTAS CLÍNICAS EN APS /ESPECIALIDAD,65-69,Mujeres,2
2023,05990027,TRASTORNO GENERALIZADOS DEL DESARROLLO | AUTISMO,SECCIÓN O: EGRESOS DEL PROGRAMA DE SALUD  MENTAL POR ALTAS CLÍNICAS EN APS /ESPECIALIDAD,70-74,Hombres,0
2023,05990027,TRASTORNO GENERALIZADOS DEL DESARROLLO | AUTISMO,SECCIÓN O: EGRESOS DEL PROGRAMA DE SALUD  MENTAL POR ALTAS CLÍNICAS EN APS /ESPECIALIDAD,70-74,Mujeres,0
2023,05990027,TRASTORNO GENERALIZADOS DEL DESARROLLO | AUTISMO,SECCIÓN O: EGRESOS DEL PROGRAMA DE SALUD  MENTAL POR ALTAS CLÍNICAS EN APS /ESPECIALIDAD,75-79,Hombres,1
2023,05990027,TRASTORNO GENERALIZADOS DEL DESARROLLO | AUTISMO,SECCIÓN O: EGRESOS DEL PROGRAMA DE SALUD  MENTAL POR ALTAS CLÍNICAS EN APS /ESPECIALIDAD,75-79,Mujeres,0
2023,05990027,TRASTORNO GENERALIZADOS DEL DESARROLLO | AUTISMO,SECCIÓN O: EGRESOS DEL PROGRAMA DE SALUD  MENTAL POR ALTAS CLÍNICAS EN APS /ESPECIALIDAD,80+,Hombres,0
2023,05990027,TRASTORNO GENERALIZADOS DEL DESARROLLO | AUTISMO,SECCIÓN O: EGRESOS DEL PROGRAMA DE SALUD  MENTAL POR ALTAS CLÍNICAS EN APS /ESPECIALIDAD,80+,Mujeres,0
2023,05990028,ASPERGER,SECCIÓN O: EGRESOS DEL PROGRAMA DE SALUD  MENTAL POR ALTAS CLÍNICAS EN APS /ESPECIALIDAD,0-4,Hombres,5
2023,05990028,ASPERGER,SECCIÓN O: EGRESOS DEL PROGRAMA DE SALUD  MENTAL POR ALTAS CLÍNICAS EN APS /ESPECIALIDAD,0-4,Mujeres,3
2023,05990028,ASPERGER,SECCIÓN O: EGRESOS DEL PROGRAMA DE SALUD  MENTAL POR ALTAS CLÍNICAS EN APS /ESPECIALIDAD,5-9,Hombres,65
2023,05990028,ASPERGER,SECCIÓN O: EGRESOS DEL PROGRAMA DE SALUD  MENTAL POR ALTAS CLÍNICAS EN APS /ESPECIALIDAD,5-9,Mujeres,7
2023,05990028,ASPERGER,SECCIÓN O: EGRESOS DEL PROGRAMA DE SALUD  MENTAL POR ALTAS CLÍNICAS EN APS /ESPECIALIDAD,10-14,Hombres,89
2023,05990028,ASPERGER,SECCIÓN O: EGRESOS DEL PROGRAMA DE SALUD  MENTAL POR ALTAS CLÍNICAS EN APS /ESPECIALIDAD,10-14,Mujeres,29
2023,05990028,ASPERGER,SECCIÓN O: EGRESOS DEL PROGRAMA DE SALUD  MENTAL POR ALTAS CLÍNICAS EN APS /ESPECIALIDAD,15-19,Hombres,88
2023,05990028,ASPERGER,SECCIÓN O: EGRESOS DEL PROGRAMA DE SALUD  MENTAL POR ALTAS CLÍNICAS EN APS /ESPECIALIDAD,15-19,Mujeres,27
2023,05990028,ASPERGER,SECCIÓN O: EGRESOS DEL PROGRAMA DE SALUD  MENTAL POR ALTAS CLÍNICAS EN APS /ESPECIALIDAD,20-24,Hombres,22
2023,05990028,ASPERGER,SECCIÓN O: EGRESOS DEL PROGRAMA DE SALUD  MENTAL POR ALTAS CLÍNICAS EN APS /ESPECIALIDAD,20-24,Mujeres,14
2023,05990028,ASPERGER,SECCIÓN O: EGRESOS DEL PROGRAMA DE SALUD  MENTAL POR ALTAS CLÍNICAS EN APS /ESPECIALIDAD,25-29,Hombres,16
2023,05990028,ASPERGER,SECCIÓN O: EGRESOS DEL PROGRAMA DE SALUD  MENTAL POR ALTAS CLÍNICAS EN APS /ESPECIALIDAD,25-29,Mujeres,8
2023,05990028,ASPERGER,SECCIÓN O: EGRESOS DEL PROGRAMA DE SALUD  MENTAL POR ALTAS CLÍNICAS EN APS /ESPECIALIDAD,30-34,Hombres,10
2023,05990028,ASPERGER,SECCIÓN O: EGRESOS DEL PROGRAMA DE SALUD  MENTAL POR ALTAS CLÍNICAS EN APS /ESPECIALIDAD,30-34,Mujeres,9
2023,05990028,ASPERGER,SECCIÓN O: EGRESOS DEL PROGRAMA DE SALUD  MENTAL POR ALTAS CLÍNICAS EN APS /ESPECIALIDAD,35-39,Hombres,8
2023,05990028,ASPERGER,SECCIÓN O: EGRESOS DEL PROGRAMA DE SALUD  MENTAL POR ALTAS CLÍNICAS EN APS /ESPECIALIDAD,35-39,Mujeres,4
2023,05990028,ASPERGER,SECCIÓN O: EGRESOS DEL PROGRAMA DE SALUD  MENTAL POR ALTAS CLÍNICAS EN APS /ESPECIALIDAD,40-44,Hombres,0
2023,05990028,ASPERGER,SECCIÓN O: EGRESOS DEL PROGRAMA DE SALUD  MENTAL POR ALTAS CLÍNICAS EN APS /ESPECIALIDAD,40-44,Mujeres,3
2023,05990028,ASPERGER,SECCIÓN O: EGRESOS DEL PROGRAMA DE SALUD  MENTAL POR ALTAS CLÍNICAS EN APS /ESPECIALIDAD,45-49,Hombres,2
2023,05990028,ASPERGER,SECCIÓN O: EGRESOS DEL PROGRAMA DE SALUD  MENTAL POR ALTAS CLÍNICAS EN APS /ESPECIALIDAD,45-49,Mujeres,4
2023,05990028,ASPERGER,SECCIÓN O: EGRESOS DEL PROGRAMA DE SALUD  MENTAL POR ALTAS CLÍNICAS EN APS /ESPECIALIDAD,50-54,Hombres,1
2023,05990028,ASPERGER,SECCIÓN O: EGRESOS DEL PROGRAMA DE SALUD  MENTAL POR ALTAS CLÍNICAS EN APS /ESPECIALIDAD,50-54,Mujeres,1
2023,05990028,ASPERGER,SECCIÓN O: EGRESOS DEL PROGRAMA DE SALUD  MENTAL POR ALTAS CLÍNICAS EN APS /ESPECIALIDAD,55-59,Hombres,1
2023,05990028,ASPERGER,SECCIÓN O: EGRESOS DEL PROGRAMA DE SALUD  MENTAL POR ALTAS CLÍNICAS EN APS /ESPECIALIDAD,55-59,Mujeres,4
2023,05990028,ASPERGER,SECCIÓN O: EGRESOS DEL PROGRAMA DE SALUD  MENTAL POR ALTAS CLÍNICAS EN APS /ESPECIALIDAD,60-64,Hombres,1
2023,05990028,ASPERGER,SECCIÓN O: EGRESOS DEL PROGRAMA DE SALUD  MENTAL POR ALTAS CLÍNICAS EN APS /ESPECIALIDAD,60-64,Mujeres,4
2023,05990028,ASPERGER,SECCIÓN O: EGRESOS DEL PROGRAMA DE SALUD  MENTAL POR ALTAS CLÍNICAS EN APS /ESPECIALIDAD,65-69,Hombres,1
2023,05990028,ASPERGER,SECCIÓN O: EGRESOS DEL PROGRAMA DE SALUD  MENTAL POR ALTAS CLÍNICAS EN APS /ESPECIALIDAD,65-69,Mujeres,3
2023,05990028,ASPERGER,SECCIÓN O: EGRESOS DEL PROGRAMA DE SALUD  MENTAL POR ALTAS CLÍNICAS EN APS /ESPECIALIDAD,70-74,Hombres,3
2023,05990028,ASPERGER,SECCIÓN O: EGRESOS DEL PROGRAMA DE SALUD  MENTAL POR ALTAS CLÍNICAS EN APS /ESPECIALIDAD,70-74,Mujeres,0
2023,05990028,ASPERGER,SECCIÓN O: EGRESOS DEL PROGRAMA DE SALUD  MENTAL POR ALTAS CLÍNICAS EN APS /ESPECIALIDAD,75-79,Hombres,0
2023,05990028,ASPERGER,SECCIÓN O: EGRESOS DEL PROGRAMA DE SALUD  MENTAL POR ALTAS CLÍNICAS EN APS /ESPECIALIDAD,75-79,Mujeres,2
2023,05990028,ASPERGER,SECCIÓN O: EGRESOS DEL PROGRAMA DE SALUD  MENTAL POR ALTAS CLÍNICAS EN APS /ESPECIALIDAD,80+,Hombres,0
2023,05990028,ASPERGER,SECCIÓN O: EGRESOS DEL PROGRAMA DE SALUD  MENTAL POR ALTAS CLÍNICAS EN APS /ESPECIALIDAD,80+,Mujeres,0
2023,05990029,SÍNDROME DE RETT,SECCIÓN O: EGRESOS DEL PROGRAMA DE SALUD  MENTAL POR ALTAS CLÍNICAS EN APS /ESPECIALIDAD,0-4,Hombres,2
2023,05990029,SÍNDROME DE RETT,SECCIÓN O: EGRESOS DEL PROGRAMA DE SALUD  MENTAL POR ALTAS CLÍNICAS EN APS /ESPECIALIDAD,0-4,Mujeres,0
2023,05990029,SÍNDROME DE RETT,SECCIÓN O: EGRESOS DEL PROGRAMA DE SALUD  MENTAL POR ALTAS CLÍNICAS EN APS /ESPECIALIDAD,5-9,Hombres,3
2023,05990029,SÍNDROME DE RETT,SECCIÓN O: EGRESOS DEL PROGRAMA DE SALUD  MENTAL POR ALTAS CLÍNICAS EN APS /ESPECIALIDAD,5-9,Mujeres,0
2023,05990029,SÍNDROME DE RETT,SECCIÓN O: EGRESOS DEL PROGRAMA DE SALUD  MENTAL POR ALTAS CLÍNICAS EN APS /ESPECIALIDAD,10-14,Hombres,3
2023,05990029,SÍNDROME DE RETT,SECCIÓN O: EGRESOS DEL PROGRAMA DE SALUD  MENTAL POR ALTAS CLÍNICAS EN APS /ESPECIALIDAD,10-14,Mujeres,1
2023,05990029,SÍNDROME DE RETT,SECCIÓN O: EGRESOS DEL PROGRAMA DE SALUD  MENTAL POR ALTAS CLÍNICAS EN APS /ESPECIALIDAD,15-19,Hombres,4
2023,05990029,SÍNDROME DE RETT,SECCIÓN O: EGRESOS DEL PROGRAMA DE SALUD  MENTAL POR ALTAS CLÍNICAS EN APS /ESPECIALIDAD,15-19,Mujeres,5
2023,05990029,SÍNDROME DE RETT,SECCIÓN O: EGRESOS DEL PROGRAMA DE SALUD  MENTAL POR ALTAS CLÍNICAS EN APS /ESPECIALIDAD,20-24,Hombres,0
2023,05990029,SÍNDROME DE RETT,SECCIÓN O: EGRESOS DEL PROGRAMA DE SALUD  MENTAL POR ALTAS CLÍNICAS EN APS /ESPECIALIDAD,20-24,Mujeres,0
2023,05990029,SÍNDROME DE RETT,SECCIÓN O: EGRESOS DEL PROGRAMA DE SALUD  MENTAL POR ALTAS CLÍNICAS EN APS /ESPECIALIDAD,25-29,Hombres,0
2023,05990029,SÍNDROME DE RETT,SECCIÓN O: EGRESOS DEL PROGRAMA DE SALUD  MENTAL POR ALTAS CLÍNICAS EN APS /ESPECIALIDAD,25-29,Mujeres,0
2023,05990029,SÍNDROME DE RETT,SECCIÓN O: EGRESOS DEL PROGRAMA DE SALUD  MENTAL POR ALTAS CLÍNICAS EN APS /ESPECIALIDAD,30-34,Hombres,1
2023,05990029,SÍNDROME DE RETT,SECCIÓN O: EGRESOS DEL PROGRAMA DE SALUD  MENTAL POR ALTAS CLÍNICAS EN APS /ESPECIALIDAD,30-34,Mujeres,0
2023,05990029,SÍNDROME DE RETT,SECCIÓN O: EGRESOS DEL PROGRAMA DE SALUD  MENTAL POR ALTAS CLÍNICAS EN APS /ESPECIALIDAD,35-39,Hombres,0
2023,05990029,SÍNDROME DE RETT,SECCIÓN O: EGRESOS DEL PROGRAMA DE SALUD  MENTAL POR ALTAS CLÍNICAS EN APS /ESPECIALIDAD,35-39,Mujeres,0
2023,05990029,SÍNDROME DE RETT,SECCIÓN O: EGRESOS DEL PROGRAMA DE SALUD  MENTAL POR ALTAS CLÍNICAS EN APS /ESPECIALIDAD,40-44,Hombres,2
2023,05990029,SÍNDROME DE RETT,SECCIÓN O: EGRESOS DEL PROGRAMA DE SALUD  MENTAL POR ALTAS CLÍNICAS EN APS /ESPECIALIDAD,40-44,Mujeres,0
2023,05990029,SÍNDROME DE RETT,SECCIÓN O: EGRESOS DEL PROGRAMA DE SALUD  MENTAL POR ALTAS CLÍNICAS EN APS /ESPECIALIDAD,45-49,Hombres,0
2023,05990029,SÍNDROME DE RETT,SECCIÓN O: EGRESOS DEL PROGRAMA DE SALUD  MENTAL POR ALTAS CLÍNICAS EN APS /ESPECIALIDAD,45-49,Mujeres,1
2023,05990029,SÍNDROME DE RETT,SECCIÓN O: EGRESOS DEL PROGRAMA DE SALUD  MENTAL POR ALTAS CLÍNICAS EN APS /ESPECIALIDAD,50-54,Hombres,0
2023,05990029,SÍNDROME DE RETT,SECCIÓN O: EGRESOS DEL PROGRAMA DE SALUD  MENTAL POR ALTAS CLÍNICAS EN APS /ESPECIALIDAD,50-54,Mujeres,1
2023,05990029,SÍNDROME DE RETT,SECCIÓN O: EGRESOS DEL PROGRAMA DE SALUD  MENTAL POR ALTAS CLÍNICAS EN APS /ESPECIALIDAD,55-59,Hombres,0
2023,05990029,SÍNDROME DE RETT,SECCIÓN O: EGRESOS DEL PROGRAMA DE SALUD  MENTAL POR ALTAS CLÍNICAS EN APS /ESPECIALIDAD,55-59,Mujeres,1
2023,05990029,SÍNDROME DE RETT,SECCIÓN O: EGRESOS DEL PROGRAMA DE SALUD  MENTAL POR ALTAS CLÍNICAS EN APS /ESPECIALIDAD,60-64,Hombres,0
2023,05990029,SÍNDROME DE RETT,SECCIÓN O: EGRESOS DEL PROGRAMA DE SALUD  MENTAL POR ALTAS CLÍNICAS EN APS /ESPECIALIDAD,60-64,Mujeres,0
2023,05990029,SÍNDROME DE RETT,SECCIÓN O: EGRESOS DEL PROGRAMA DE SALUD  MENTAL POR ALTAS CLÍNICAS EN APS /ESPECIALIDAD,65-69,Hombres,0
2023,05990029,SÍNDROME DE RETT,SECCIÓN O: EGRESOS DEL PROGRAMA DE SALUD  MENTAL POR ALTAS CLÍNICAS EN APS /ESPECIALIDAD,65-69,Mujeres,0
2023,05990029,SÍNDROME DE RETT,SECCIÓN O: EGRESOS DEL PROGRAMA DE SALUD  MENTAL POR ALTAS CLÍNICAS EN APS /ESPECIALIDAD,70-74,Hombres,0
2023,05990029,SÍNDROME DE RETT,SECCIÓN O: EGRESOS DEL PROGRAMA DE SALUD  MENTAL POR ALTAS CLÍNICAS EN APS /ESPECIALIDAD,70-74,Mujeres,0
2023,05990029,SÍNDROME DE RETT,SECCIÓN O: EGRESOS DEL PROGRAMA DE SALUD  MENTAL POR ALTAS CLÍNICAS EN APS /ESPECIALIDAD,75-79,Hombres,1
2023,05990029,SÍNDROME DE RETT,SECCIÓN O: EGRESOS DEL PROGRAMA DE SALUD  MENTAL POR ALTAS CLÍNICAS EN APS /ESPECIALIDAD,75-79,Mujeres,0
2023,05990029,SÍNDROME DE RETT,SECCIÓN O: EGRESOS DEL PROGRAMA DE SALUD  MENTAL POR ALTAS CLÍNICAS EN APS /ESPECIALIDAD,80+,Hombres,0
2023,05990029,SÍNDROME DE RETT,SECCIÓN O: EGRESOS DEL PROGRAMA DE SALUD  MENTAL POR ALTAS CLÍNICAS EN APS /ESPECIALIDAD,80+,Mujeres,0
2023,05990030,TRASTORNO DESINTEGRATIVO DE LA INFANCIA,SECCIÓN O: EGRESOS DEL PROGRAMA DE SALUD  MENTAL POR ALTAS CLÍNICAS EN APS /ESPECIALIDAD,0-4,Hombres,0
2023,05990030,TRASTORNO DESINTEGRATIVO DE LA INFANCIA,SECCIÓN O: EGRESOS DEL PROGRAMA DE SALUD  MENTAL POR ALTAS CLÍNICAS EN APS /ESPECIALIDAD,0-4,Mujeres,0
2023,05990030,TRASTORNO DESINTEGRATIVO DE LA INFANCIA,SECCIÓN O: EGRESOS DEL PROGRAMA DE SALUD  MENTAL POR ALTAS CLÍNICAS EN APS /ESPECIALIDAD,5-9,Hombres,1
2023,05990030,TRASTORNO DESINTEGRATIVO DE LA INFANCIA,SECCIÓN O: EGRESOS DEL PROGRAMA DE SALUD  MENTAL POR ALTAS CLÍNICAS EN APS /ESPECIALIDAD,5-9,Mujeres,1
2023,05990030,TRASTORNO DESINTEGRATIVO DE LA INFANCIA,SECCIÓN O: EGRESOS DEL PROGRAMA DE SALUD  MENTAL POR ALTAS CLÍNICAS EN APS /ESPECIALIDAD,10-14,Hombres,1
2023,05990030,TRASTORNO DESINTEGRATIVO DE LA INFANCIA,SECCIÓN O: EGRESOS DEL PROGRAMA DE SALUD  MENTAL POR ALTAS CLÍNICAS EN APS /ESPECIALIDAD,10-14,Mujeres,0
2023,05990030,TRASTORNO DESINTEGRATIVO DE LA INFANCIA,SECCIÓN O: EGRESOS DEL PROGRAMA DE SALUD  MENTAL POR ALTAS CLÍNICAS EN APS /ESPECIALIDAD,15-19,Hombres,1
2023,05990030,TRASTORNO DESINTEGRATIVO DE LA INFANCIA,SECCIÓN O: EGRESOS DEL PROGRAMA DE SALUD  MENTAL POR ALTAS CLÍNICAS EN APS /ESPECIALIDAD,15-19,Mujeres,0
2023,05990030,TRASTORNO DESINTEGRATIVO DE LA INFANCIA,SECCIÓN O: EGRESOS DEL PROGRAMA DE SALUD  MENTAL POR ALTAS CLÍNICAS EN APS /ESPECIALIDAD,20-24,Hombres,0
2023,05990030,TRASTORNO DESINTEGRATIVO DE LA INFANCIA,SECCIÓN O: EGRESOS DEL PROGRAMA DE SALUD  MENTAL POR ALTAS CLÍNICAS EN APS /ESPECIALIDAD,20-24,Mujeres,0
2023,05990030,TRASTORNO DESINTEGRATIVO DE LA INFANCIA,SECCIÓN O: EGRESOS DEL PROGRAMA DE SALUD  MENTAL POR ALTAS CLÍNICAS EN APS /ESPECIALIDAD,25-29,Hombres,0
2023,05990030,TRASTORNO DESINTEGRATIVO DE LA INFANCIA,SECCIÓN O: EGRESOS DEL PROGRAMA DE SALUD  MENTAL POR ALTAS CLÍNICAS EN APS /ESPECIALIDAD,25-29,Mujeres,0
2023,05990030,TRASTORNO DESINTEGRATIVO DE LA INFANCIA,SECCIÓN O: EGRESOS DEL PROGRAMA DE SALUD  MENTAL POR ALTAS CLÍNICAS EN APS /ESPECIALIDAD,30-34,Hombres,0
2023,05990030,TRASTORNO DESINTEGRATIVO DE LA INFANCIA,SECCIÓN O: EGRESOS DEL PROGRAMA DE SALUD  MENTAL POR ALTAS CLÍNICAS EN APS /ESPECIALIDAD,30-34,Mujeres,1
2023,05990030,TRASTORNO DESINTEGRATIVO DE LA INFANCIA,SECCIÓN O: EGRESOS DEL PROGRAMA DE SALUD  MENTAL POR ALTAS CLÍNICAS EN APS /ESPECIALIDAD,35-39,Hombres,0
2023,05990030,TRASTORNO DESINTEGRATIVO DE LA INFANCIA,SECCIÓN O: EGRESOS DEL PROGRAMA DE SALUD  MENTAL POR ALTAS CLÍNICAS EN APS /ESPECIALIDAD,35-39,Mujeres,0
2023,05990030,TRASTORNO DESINTEGRATIVO DE LA INFANCIA,SECCIÓN O: EGRESOS DEL PROGRAMA DE SALUD  MENTAL POR ALTAS CLÍNICAS EN APS /ESPECIALIDAD,40-44,Hombres,0
2023,05990030,TRASTORNO DESINTEGRATIVO DE LA INFANCIA,SECCIÓN O: EGRESOS DEL PROGRAMA DE SALUD  MENTAL POR ALTAS CLÍNICAS EN APS /ESPECIALIDAD,40-44,Mujeres,0
2023,05990030,TRASTORNO DESINTEGRATIVO DE LA INFANCIA,SECCIÓN O: EGRESOS DEL PROGRAMA DE SALUD  MENTAL POR ALTAS CLÍNICAS EN APS /ESPECIALIDAD,45-49,Hombres,0
2023,05990030,TRASTORNO DESINTEGRATIVO DE LA INFANCIA,SECCIÓN O: EGRESOS DEL PROGRAMA DE SALUD  MENTAL POR ALTAS CLÍNICAS EN APS /ESPECIALIDAD,45-49,Mujeres,0
2023,05990030,TRASTORNO DESINTEGRATIVO DE LA INFANCIA,SECCIÓN O: EGRESOS DEL PROGRAMA DE SALUD  MENTAL POR ALTAS CLÍNICAS EN APS /ESPECIALIDAD,50-54,Hombres,0
2023,05990030,TRASTORNO DESINTEGRATIVO DE LA INFANCIA,SECCIÓN O: EGRESOS DEL PROGRAMA DE SALUD  MENTAL POR ALTAS CLÍNICAS EN APS /ESPECIALIDAD,50-54,Mujeres,0
2023,05990030,TRASTORNO DESINTEGRATIVO DE LA INFANCIA,SECCIÓN O: EGRESOS DEL PROGRAMA DE SALUD  MENTAL POR ALTAS CLÍNICAS EN APS /ESPECIALIDAD,55-59,Hombres,0
2023,05990030,TRASTORNO DESINTEGRATIVO DE LA INFANCIA,SECCIÓN O: EGRESOS DEL PROGRAMA DE SALUD  MENTAL POR ALTAS CLÍNICAS EN APS /ESPECIALIDAD,55-59,Mujeres,0
2023,05990030,TRASTORNO DESINTEGRATIVO DE LA INFANCIA,SECCIÓN O: EGRESOS DEL PROGRAMA DE SALUD  MENTAL POR ALTAS CLÍNICAS EN APS /ESPECIALIDAD,60-64,Hombres,0
2023,05990030,TRASTORNO DESINTEGRATIVO DE LA INFANCIA,SECCIÓN O: EGRESOS DEL PROGRAMA DE SALUD  MENTAL POR ALTAS CLÍNICAS EN APS /ESPECIALIDAD,60-64,Mujeres,0
2023,05990030,TRASTORNO DESINTEGRATIVO DE LA INFANCIA,SECCIÓN O: EGRESOS DEL PROGRAMA DE SALUD  MENTAL POR ALTAS CLÍNICAS EN APS /ESPECIALIDAD,65-69,Hombres,0
2023,05990030,TRASTORNO DESINTEGRATIVO DE LA INFANCIA,SECCIÓN O: EGRESOS DEL PROGRAMA DE SALUD  MENTAL POR ALTAS CLÍNICAS EN APS /ESPECIALIDAD,65-69,Mujeres,0
2023,05990030,TRASTORNO DESINTEGRATIVO DE LA INFANCIA,SECCIÓN O: EGRESOS DEL PROGRAMA DE SALUD  MENTAL POR ALTAS CLÍNICAS EN APS /ESPECIALIDAD,70-74,Hombres,0
2023,05990030,TRASTORNO DESINTEGRATIVO DE LA INFANCIA,SECCIÓN O: EGRESOS DEL PROGRAMA DE SALUD  MENTAL POR ALTAS CLÍNICAS EN APS /ESPECIALIDAD,70-74,Mujeres,0
2023,05990030,TRASTORNO DESINTEGRATIVO DE LA INFANCIA,SECCIÓN O: EGRESOS DEL PROGRAMA DE SALUD  MENTAL POR ALTAS CLÍNICAS EN APS /ESPECIALIDAD,75-79,Hombres,0
2023,05990030,TRASTORNO DESINTEGRATIVO DE LA INFANCIA,SECCIÓN O: EGRESOS DEL PROGRAMA DE SALUD  MENTAL POR ALTAS CLÍNICAS EN APS /ESPECIALIDAD,75-79,Mujeres,0
2023,05990030,TRASTORNO DESINTEGRATIVO DE LA INFANCIA,SECCIÓN O: EGRESOS DEL PROGRAMA DE SALUD  MENTAL POR ALTAS CLÍNICAS EN APS /ESPECIALIDAD,80+,Hombres,0
2023,05990030,TRASTORNO DESINTEGRATIVO DE LA INFANCIA,SECCIÓN O: EGRESOS DEL PROGRAMA DE SALUD  MENTAL POR ALTAS CLÍNICAS EN APS /ESPECIALIDAD,80+,Mujeres,1
2023,05990031,TRASTONO GENERALIZADO DEL DESARROLLO NO ESPECÍFICO,SECCIÓN O: EGRESOS DEL PROGRAMA DE SALUD  MENTAL POR ALTAS CLÍNICAS EN APS /ESPECIALIDAD,0-4,Hombres,58
2023,05990031,TRASTONO GENERALIZADO DEL DESARROLLO NO ESPECÍFICO,SECCIÓN O: EGRESOS DEL PROGRAMA DE SALUD  MENTAL POR ALTAS CLÍNICAS EN APS /ESPECIALIDAD,0-4,Mujeres,22
2023,05990031,TRASTONO GENERALIZADO DEL DESARROLLO NO ESPECÍFICO,SECCIÓN O: EGRESOS DEL PROGRAMA DE SALUD  MENTAL POR ALTAS CLÍNICAS EN APS /ESPECIALIDAD,5-9,Hombres,144
2023,05990031,TRASTONO GENERALIZADO DEL DESARROLLO NO ESPECÍFICO,SECCIÓN O: EGRESOS DEL PROGRAMA DE SALUD  MENTAL POR ALTAS CLÍNICAS EN APS /ESPECIALIDAD,5-9,Mujeres,47
2023,05990031,TRASTONO GENERALIZADO DEL DESARROLLO NO ESPECÍFICO,SECCIÓN O: EGRESOS DEL PROGRAMA DE SALUD  MENTAL POR ALTAS CLÍNICAS EN APS /ESPECIALIDAD,10-14,Hombres,124
2023,05990031,TRASTONO GENERALIZADO DEL DESARROLLO NO ESPECÍFICO,SECCIÓN O: EGRESOS DEL PROGRAMA DE SALUD  MENTAL POR ALTAS CLÍNICAS EN APS /ESPECIALIDAD,10-14,Mujeres,67
2023,05990031,TRASTONO GENERALIZADO DEL DESARROLLO NO ESPECÍFICO,SECCIÓN O: EGRESOS DEL PROGRAMA DE SALUD  MENTAL POR ALTAS CLÍNICAS EN APS /ESPECIALIDAD,15-19,Hombres,105
2023,05990031,TRASTONO GENERALIZADO DEL DESARROLLO NO ESPECÍFICO,SECCIÓN O: EGRESOS DEL PROGRAMA DE SALUD  MENTAL POR ALTAS CLÍNICAS EN APS /ESPECIALIDAD,15-19,Mujeres,60
2023,05990031,TRASTONO GENERALIZADO DEL DESARROLLO NO ESPECÍFICO,SECCIÓN O: EGRESOS DEL PROGRAMA DE SALUD  MENTAL POR ALTAS CLÍNICAS EN APS /ESPECIALIDAD,20-24,Hombres,21
2023,05990031,TRASTONO GENERALIZADO DEL DESARROLLO NO ESPECÍFICO,SECCIÓN O: EGRESOS DEL PROGRAMA DE SALUD  MENTAL POR ALTAS CLÍNICAS EN APS /ESPECIALIDAD,20-24,Mujeres,12
2023,05990031,TRASTONO GENERALIZADO DEL DESARROLLO NO ESPECÍFICO,SECCIÓN O: EGRESOS DEL PROGRAMA DE SALUD  MENTAL POR ALTAS CLÍNICAS EN APS /ESPECIALIDAD,25-29,Hombres,9
2023,05990031,TRASTONO GENERALIZADO DEL DESARROLLO NO ESPECÍFICO,SECCIÓN O: EGRESOS DEL PROGRAMA DE SALUD  MENTAL POR ALTAS CLÍNICAS EN APS /ESPECIALIDAD,25-29,Mujeres,14
2023,05990031,TRASTONO GENERALIZADO DEL DESARROLLO NO ESPECÍFICO,SECCIÓN O: EGRESOS DEL PROGRAMA DE SALUD  MENTAL POR ALTAS CLÍNICAS EN APS /ESPECIALIDAD,30-34,Hombres,4
2023,05990031,TRASTONO GENERALIZADO DEL DESARROLLO NO ESPECÍFICO,SECCIÓN O: EGRESOS DEL PROGRAMA DE SALUD  MENTAL POR ALTAS CLÍNICAS EN APS /ESPECIALIDAD,30-34,Mujeres,3
2023,05990031,TRASTONO GENERALIZADO DEL DESARROLLO NO ESPECÍFICO,SECCIÓN O: EGRESOS DEL PROGRAMA DE SALUD  MENTAL POR ALTAS CLÍNICAS EN APS /ESPECIALIDAD,35-39,Hombres,2
2023,05990031,TRASTONO GENERALIZADO DEL DESARROLLO NO ESPECÍFICO,SECCIÓN O: EGRESOS DEL PROGRAMA DE SALUD  MENTAL POR ALTAS CLÍNICAS EN APS /ESPECIALIDAD,35-39,Mujeres,4
2023,05990031,TRASTONO GENERALIZADO DEL DESARROLLO NO ESPECÍFICO,SECCIÓN O: EGRESOS DEL PROGRAMA DE SALUD  MENTAL POR ALTAS CLÍNICAS EN APS /ESPECIALIDAD,40-44,Hombres,0
2023,05990031,TRASTONO GENERALIZADO DEL DESARROLLO NO ESPECÍFICO,SECCIÓN O: EGRESOS DEL PROGRAMA DE SALUD  MENTAL POR ALTAS CLÍNICAS EN APS /ESPECIALIDAD,40-44,Mujeres,4
2023,05990031,TRASTONO GENERALIZADO DEL DESARROLLO NO ESPECÍFICO,SECCIÓN O: EGRESOS DEL PROGRAMA DE SALUD  MENTAL POR ALTAS CLÍNICAS EN APS /ESPECIALIDAD,45-49,Hombres,4
2023,05990031,TRASTONO GENERALIZADO DEL DESARROLLO NO ESPECÍFICO,SECCIÓN O: EGRESOS DEL PROGRAMA DE SALUD  MENTAL POR ALTAS CLÍNICAS EN APS /ESPECIALIDAD,45-49,Mujeres,4
2023,05990031,TRASTONO GENERALIZADO DEL DESARROLLO NO ESPECÍFICO,SECCIÓN O: EGRESOS DEL PROGRAMA DE SALUD  MENTAL POR ALTAS CLÍNICAS EN APS /ESPECIALIDAD,50-54,Hombres,1
2023,05990031,TRASTONO GENERALIZADO DEL DESARROLLO NO ESPECÍFICO,SECCIÓN O: EGRESOS DEL PROGRAMA DE SALUD  MENTAL POR ALTAS CLÍNICAS EN APS /ESPECIALIDAD,50-54,Mujeres,2
2023,05990031,TRASTONO GENERALIZADO DEL DESARROLLO NO ESPECÍFICO,SECCIÓN O: EGRESOS DEL PROGRAMA DE SALUD  MENTAL POR ALTAS CLÍNICAS EN APS /ESPECIALIDAD,55-59,Hombres,4
2023,05990031,TRASTONO GENERALIZADO DEL DESARROLLO NO ESPECÍFICO,SECCIÓN O: EGRESOS DEL PROGRAMA DE SALUD  MENTAL POR ALTAS CLÍNICAS EN APS /ESPECIALIDAD,55-59,Mujeres,3
2023,05990031,TRASTONO GENERALIZADO DEL DESARROLLO NO ESPECÍFICO,SECCIÓN O: EGRESOS DEL PROGRAMA DE SALUD  MENTAL POR ALTAS CLÍNICAS EN APS /ESPECIALIDAD,60-64,Hombres,0
2023,05990031,TRASTONO GENERALIZADO DEL DESARROLLO NO ESPECÍFICO,SECCIÓN O: EGRESOS DEL PROGRAMA DE SALUD  MENTAL POR ALTAS CLÍNICAS EN APS /ESPECIALIDAD,60-64,Mujeres,1
2023,05990031,TRASTONO GENERALIZADO DEL DESARROLLO NO ESPECÍFICO,SECCIÓN O: EGRESOS DEL PROGRAMA DE SALUD  MENTAL POR ALTAS CLÍNICAS EN APS /ESPECIALIDAD,65-69,Hombres,0
2023,05990031,TRASTONO GENERALIZADO DEL DESARROLLO NO ESPECÍFICO,SECCIÓN O: EGRESOS DEL PROGRAMA DE SALUD  MENTAL POR ALTAS CLÍNICAS EN APS /ESPECIALIDAD,65-69,Mujeres,1
2023,05990031,TRASTONO GENERALIZADO DEL DESARROLLO NO ESPECÍFICO,SECCIÓN O: EGRESOS DEL PROGRAMA DE SALUD  MENTAL POR ALTAS CLÍNICAS EN APS /ESPECIALIDAD,70-74,Hombres,0
2023,05990031,TRASTONO GENERALIZADO DEL DESARROLLO NO ESPECÍFICO,SECCIÓN O: EGRESOS DEL PROGRAMA DE SALUD  MENTAL POR ALTAS CLÍNICAS EN APS /ESPECIALIDAD,70-74,Mujeres,0
2023,05990031,TRASTONO GENERALIZADO DEL DESARROLLO NO ESPECÍFICO,SECCIÓN O: EGRESOS DEL PROGRAMA DE SALUD  MENTAL POR ALTAS CLÍNICAS EN APS /ESPECIALIDAD,75-79,Hombres,0
2023,05990031,TRASTONO GENERALIZADO DEL DESARROLLO NO ESPECÍFICO,SECCIÓN O: EGRESOS DEL PROGRAMA DE SALUD  MENTAL POR ALTAS CLÍNICAS EN APS /ESPECIALIDAD,75-79,Mujeres,0
2023,05990031,TRASTONO GENERALIZADO DEL DESARROLLO NO ESPECÍFICO,SECCIÓN O: EGRESOS DEL PROGRAMA DE SALUD  MENTAL POR ALTAS CLÍNICAS EN APS /ESPECIALIDAD,80+,Hombres,0
2023,05990031,TRASTONO GENERALIZADO DEL DESARROLLO NO ESPECÍFICO,SECCIÓN O: EGRESOS DEL PROGRAMA DE SALUD  MENTAL POR ALTAS CLÍNICAS EN APS /ESPECIALIDAD,80+,Mujeres,1
2024,05990022,Trastorno Generalizados del Desarrollo | Autismo,SECCIÓN N: INGRESOS AL PROGRAMA DE SALUD  MENTAL EN APS /ESPECIALIDAD,0-4,Hombres,942
2024,05990022,Trastorno Generalizados del Desarrollo | Autismo,SECCIÓN N: INGRESOS AL PROGRAMA DE SALUD  MENTAL EN APS /ESPECIALIDAD,0-4,Mujeres,311
2024,05990022,Trastorno Generalizados del Desarrollo | Autismo,SECCIÓN N: INGRESOS AL PROGRAMA DE SALUD  MENTAL EN APS /ESPECIALIDAD,5-9,Hombres,3431
2024,05990022,Trastorno Generalizados del Desarrollo | Autismo,SECCIÓN N: INGRESOS AL PROGRAMA DE SALUD  MENTAL EN APS /ESPECIALIDAD,5-9,Mujeres,1079
2024,05990022,Trastorno Generalizados del Desarrollo | Autismo,SECCIÓN N: INGRESOS AL PROGRAMA DE SALUD  MENTAL EN APS /ESPECIALIDAD,10-14,Hombres,2153
2024,05990022,Trastorno Generalizados del Desarrollo | Autismo,SECCIÓN N: INGRESOS AL PROGRAMA DE SALUD  MENTAL EN APS /ESPECIALIDAD,10-14,Mujeres,1121
2024,05990022,Trastorno Generalizados del Desarrollo | Autismo,SECCIÓN N: INGRESOS AL PROGRAMA DE SALUD  MENTAL EN APS /ESPECIALIDAD,15-19,Hombres,1116
2024,05990022,Trastorno Generalizados del Desarrollo | Autismo,SECCIÓN N: INGRESOS AL PROGRAMA DE SALUD  MENTAL EN APS /ESPECIALIDAD,15-19,Mujeres,682
2024,05990022,Trastorno Generalizados del Desarrollo | Autismo,SECCIÓN N: INGRESOS AL PROGRAMA DE SALUD  MENTAL EN APS /ESPECIALIDAD,20-24,Hombres,266
2024,05990022,Trastorno Generalizados del Desarrollo | Autismo,SECCIÓN N: INGRESOS AL PROGRAMA DE SALUD  MENTAL EN APS /ESPECIALIDAD,20-24,Mujeres,196
2024,05990022,Trastorno Generalizados del Desarrollo | Autismo,SECCIÓN N: INGRESOS AL PROGRAMA DE SALUD  MENTAL EN APS /ESPECIALIDAD,25-29,Hombres,106
2024,05990022,Trastorno Generalizados del Desarrollo | Autismo,SECCIÓN N: INGRESOS AL PROGRAMA DE SALUD  MENTAL EN APS /ESPECIALIDAD,25-29,Mujeres,91
2024,05990022,Trastorno Generalizados del Desarrollo | Autismo,SECCIÓN N: INGRESOS AL PROGRAMA DE SALUD  MENTAL EN APS /ESPECIALIDAD,30-34,Hombres,62
2024,05990022,Trastorno Generalizados del Desarrollo | Autismo,SECCIÓN N: INGRESOS AL PROGRAMA DE SALUD  MENTAL EN APS /ESPECIALIDAD,30-34,Mujeres,73
2024,05990022,Trastorno Generalizados del Desarrollo | Autismo,SECCIÓN N: INGRESOS AL PROGRAMA DE SALUD  MENTAL EN APS /ESPECIALIDAD,35-39,Hombres,29
2024,05990022,Trastorno Generalizados del Desarrollo | Autismo,SECCIÓN N: INGRESOS AL PROGRAMA DE SALUD  MENTAL EN APS /ESPECIALIDAD,35-39,Mujeres,46
2024,05990022,Trastorno Generalizados del Desarrollo | Autismo,SECCIÓN N: INGRESOS AL PROGRAMA DE SALUD  MENTAL EN APS /ESPECIALIDAD,40-44,Hombres,23
2024,05990022,Trastorno Generalizados del Desarrollo | Autismo,SECCIÓN N: INGRESOS AL PROGRAMA DE SALUD  MENTAL EN APS /ESPECIALIDAD,40-44,Mujeres,35
2024,05990022,Trastorno Generalizados del Desarrollo | Autismo,SECCIÓN N: INGRESOS AL PROGRAMA DE SALUD  MENTAL EN APS /ESPECIALIDAD,45-49,Hombres,11
2024,05990022,Trastorno Generalizados del Desarrollo | Autismo,SECCIÓN N: INGRESOS AL PROGRAMA DE SALUD  MENTAL EN APS /ESPECIALIDAD,45-49,Mujeres,22
2024,05990022,Trastorno Generalizados del Desarrollo | Autismo,SECCIÓN N: INGRESOS AL PROGRAMA DE SALUD  MENTAL EN APS /ESPECIALIDAD,50-54,Hombres,9
2024,05990022,Trastorno Generalizados del Desarrollo | Autismo,SECCIÓN N: INGRESOS AL PROGRAMA DE SALUD  MENTAL EN APS /ESPECIALIDAD,50-54,Mujeres,4
2024,05990022,Trastorno Generalizados del Desarrollo | Autismo,SECCIÓN N: INGRESOS AL PROGRAMA DE SALUD  MENTAL EN APS /ESPECIALIDAD,55-59,Hombres,8
2024,05990022,Trastorno Generalizados del Desarrollo | Autismo,SECCIÓN N: INGRESOS AL PROGRAMA DE SALUD  MENTAL EN APS /ESPECIALIDAD,55-59,Mujeres,6
2024,05990022,Trastorno Generalizados del Desarrollo | Autismo,SECCIÓN N: INGRESOS AL PROGRAMA DE SALUD  MENTAL EN APS /ESPECIALIDAD,60-64,Hombres,6
2024,05990022,Trastorno Generalizados del Desarrollo | Autismo,SECCIÓN N: INGRESOS AL PROGRAMA DE SALUD  MENTAL EN APS /ESPECIALIDAD,60-64,Mujeres,8
2024,05990022,Trastorno Generalizados del Desarrollo | Autismo,SECCIÓN N: INGRESOS AL PROGRAMA DE SALUD  MENTAL EN APS /ESPECIALIDAD,65-69,Hombres,2
2024,05990022,Trastorno Generalizados del Desarrollo | Autismo,SECCIÓN N: INGRESOS AL PROGRAMA DE SALUD  MENTAL EN APS /ESPECIALIDAD,65-69,Mujeres,4
2024,05990022,Trastorno Generalizados del Desarrollo | Autismo,SECCIÓN N: INGRESOS AL PROGRAMA DE SALUD  MENTAL EN APS /ESPECIALIDAD,70-74,Hombres,0
2024,05990022,Trastorno Generalizados del Desarrollo | Autismo,SECCIÓN N: INGRESOS AL PROGRAMA DE SALUD  MENTAL EN APS /ESPECIALIDAD,70-74,Mujeres,0
2024,05990022,Trastorno Generalizados del Desarrollo | Autismo,SECCIÓN N: INGRESOS AL PROGRAMA DE SALUD  MENTAL EN APS /ESPECIALIDAD,75-79,Hombres,0
2024,05990022,Trastorno Generalizados del Desarrollo | Autismo,SECCIÓN N: INGRESOS AL PROGRAMA DE SALUD  MENTAL EN APS /ESPECIALIDAD,75-79,Mujeres,0
2024,05990022,Trastorno Generalizados del Desarrollo | Autismo,SECCIÓN N: INGRESOS AL PROGRAMA DE SALUD  MENTAL EN APS /ESPECIALIDAD,80+,Hombres,0
2024,05990022,Trastorno Generalizados del Desarrollo | Autismo,SECCIÓN N: INGRESOS AL PROGRAMA DE SALUD  MENTAL EN APS /ESPECIALIDAD,80+,Mujeres,1
2024,05990023,Asperger,SECCIÓN N: INGRESOS AL PROGRAMA DE SALUD  MENTAL EN APS /ESPECIALIDAD,0-4,Hombres,25
2024,05990023,Asperger,SECCIÓN N: INGRESOS AL PROGRAMA DE SALUD  MENTAL EN APS /ESPECIALIDAD,0-4,Mujeres,9
2024,05990023,Asperger,SECCIÓN N: INGRESOS AL PROGRAMA DE SALUD  MENTAL EN APS /ESPECIALIDAD,5-9,Hombres,151
2024,05990023,Asperger,SECCIÓN N: INGRESOS AL PROGRAMA DE SALUD  MENTAL EN APS /ESPECIALIDAD,5-9,Mujeres,60
2024,05990023,Asperger,SECCIÓN N: INGRESOS AL PROGRAMA DE SALUD  MENTAL EN APS /ESPECIALIDAD,10-14,Hombres,177
2024,05990023,Asperger,SECCIÓN N: INGRESOS AL PROGRAMA DE SALUD  MENTAL EN APS /ESPECIALIDAD,10-14,Mujeres,116
2024,05990023,Asperger,SECCIÓN N: INGRESOS AL PROGRAMA DE SALUD  MENTAL EN APS /ESPECIALIDAD,15-19,Hombres,129
2024,05990023,Asperger,SECCIÓN N: INGRESOS AL PROGRAMA DE SALUD  MENTAL EN APS /ESPECIALIDAD,15-19,Mujeres,74
2024,05990023,Asperger,SECCIÓN N: INGRESOS AL PROGRAMA DE SALUD  MENTAL EN APS /ESPECIALIDAD,20-24,Hombres,58
2024,05990023,Asperger,SECCIÓN N: INGRESOS AL PROGRAMA DE SALUD  MENTAL EN APS /ESPECIALIDAD,20-24,Mujeres,21
2024,05990023,Asperger,SECCIÓN N: INGRESOS AL PROGRAMA DE SALUD  MENTAL EN APS /ESPECIALIDAD,25-29,Hombres,22
2024,05990023,Asperger,SECCIÓN N: INGRESOS AL PROGRAMA DE SALUD  MENTAL EN APS /ESPECIALIDAD,25-29,Mujeres,16
2024,05990023,Asperger,SECCIÓN N: INGRESOS AL PROGRAMA DE SALUD  MENTAL EN APS /ESPECIALIDAD,30-34,Hombres,16
2024,05990023,Asperger,SECCIÓN N: INGRESOS AL PROGRAMA DE SALUD  MENTAL EN APS /ESPECIALIDAD,30-34,Mujeres,10
2024,05990023,Asperger,SECCIÓN N: INGRESOS AL PROGRAMA DE SALUD  MENTAL EN APS /ESPECIALIDAD,35-39,Hombres,5
2024,05990023,Asperger,SECCIÓN N: INGRESOS AL PROGRAMA DE SALUD  MENTAL EN APS /ESPECIALIDAD,35-39,Mujeres,9
2024,05990023,Asperger,SECCIÓN N: INGRESOS AL PROGRAMA DE SALUD  MENTAL EN APS /ESPECIALIDAD,40-44,Hombres,6
2024,05990023,Asperger,SECCIÓN N: INGRESOS AL PROGRAMA DE SALUD  MENTAL EN APS /ESPECIALIDAD,40-44,Mujeres,6
2024,05990023,Asperger,SECCIÓN N: INGRESOS AL PROGRAMA DE SALUD  MENTAL EN APS /ESPECIALIDAD,45-49,Hombres,1
2024,05990023,Asperger,SECCIÓN N: INGRESOS AL PROGRAMA DE SALUD  MENTAL EN APS /ESPECIALIDAD,45-49,Mujeres,1
2024,05990023,Asperger,SECCIÓN N: INGRESOS AL PROGRAMA DE SALUD  MENTAL EN APS /ESPECIALIDAD,50-54,Hombres,2
2024,05990023,Asperger,SECCIÓN N: INGRESOS AL PROGRAMA DE SALUD  MENTAL EN APS /ESPECIALIDAD,50-54,Mujeres,1
2024,05990023,Asperger,SECCIÓN N: INGRESOS AL PROGRAMA DE SALUD  MENTAL EN APS /ESPECIALIDAD,55-59,Hombres,2
2024,05990023,Asperger,SECCIÓN N: INGRESOS AL PROGRAMA DE SALUD  MENTAL EN APS /ESPECIALIDAD,55-59,Mujeres,2
2024,05990023,Asperger,SECCIÓN N: INGRESOS AL PROGRAMA DE SALUD  MENTAL EN APS /ESPECIALIDAD,60-64,Hombres,0
2024,05990023,Asperger,SECCIÓN N: INGRESOS AL PROGRAMA DE SALUD  MENTAL EN APS /ESPECIALIDAD,60-64,Mujeres,0
2024,05990023,Asperger,SECCIÓN N: INGRESOS AL PROGRAMA DE SALUD  MENTAL EN APS /ESPECIALIDAD,65-69,Hombres,0
2024,05990023,Asperger,SECCIÓN N: INGRESOS AL PROGRAMA DE SALUD  MENTAL EN APS /ESPECIALIDAD,65-69,Mujeres,0
2024,05990023,Asperger,SECCIÓN N: INGRESOS AL PROGRAMA DE SALUD  MENTAL EN APS /ESPECIALIDAD,70-74,Hombres,0
2024,05990023,Asperger,SECCIÓN N: INGRESOS AL PROGRAMA DE SALUD  MENTAL EN APS /ESPECIALIDAD,70-74,Mujeres,1
2024,05990023,Asperger,SECCIÓN N: INGRESOS AL PROGRAMA DE SALUD  MENTAL EN APS /ESPECIALIDAD,75-79,Hombres,1
2024,05990023,Asperger,SECCIÓN N: INGRESOS AL PROGRAMA DE SALUD  MENTAL EN APS /ESPECIALIDAD,75-79,Mujeres,0
2024,05990023,Asperger,SECCIÓN N: INGRESOS AL PROGRAMA DE SALUD  MENTAL EN APS /ESPECIALIDAD,80+,Hombres,0
2024,05990023,Asperger,SECCIÓN N: INGRESOS AL PROGRAMA DE SALUD  MENTAL EN APS /ESPECIALIDAD,80+,Mujeres,1
2024,05990024,Síndrome de Rett,SECCIÓN N: INGRESOS AL PROGRAMA DE SALUD  MENTAL EN APS /ESPECIALIDAD,0-4,Hombres,1
2024,05990024,Síndrome de Rett,SECCIÓN N: INGRESOS AL PROGRAMA DE SALUD  MENTAL EN APS /ESPECIALIDAD,0-4,Mujeres,0
2024,05990024,Síndrome de Rett,SECCIÓN N: INGRESOS AL PROGRAMA DE SALUD  MENTAL EN APS /ESPECIALIDAD,5-9,Hombres,0
2024,05990024,Síndrome de Rett,SECCIÓN N: INGRESOS AL PROGRAMA DE SALUD  MENTAL EN APS /ESPECIALIDAD,5-9,Mujeres,1
2024,05990024,Síndrome de Rett,SECCIÓN N: INGRESOS AL PROGRAMA DE SALUD  MENTAL EN APS /ESPECIALIDAD,10-14,Hombres,1
2024,05990024,Síndrome de Rett,SECCIÓN N: INGRESOS AL PROGRAMA DE SALUD  MENTAL EN APS /ESPECIALIDAD,10-14,Mujeres,1
2024,05990024,Síndrome de Rett,SECCIÓN N: INGRESOS AL PROGRAMA DE SALUD  MENTAL EN APS /ESPECIALIDAD,15-19,Hombres,0
2024,05990024,Síndrome de Rett,SECCIÓN N: INGRESOS AL PROGRAMA DE SALUD  MENTAL EN APS /ESPECIALIDAD,15-19,Mujeres,0
2024,05990024,Síndrome de Rett,SECCIÓN N: INGRESOS AL PROGRAMA DE SALUD  MENTAL EN APS /ESPECIALIDAD,20-24,Hombres,1
2024,05990024,Síndrome de Rett,SECCIÓN N: INGRESOS AL PROGRAMA DE SALUD  MENTAL EN APS /ESPECIALIDAD,20-24,Mujeres,2
2024,05990024,Síndrome de Rett,SECCIÓN N: INGRESOS AL PROGRAMA DE SALUD  MENTAL EN APS /ESPECIALIDAD,25-29,Hombres,0
2024,05990024,Síndrome de Rett,SECCIÓN N: INGRESOS AL PROGRAMA DE SALUD  MENTAL EN APS /ESPECIALIDAD,25-29,Mujeres,2
2024,05990024,Síndrome de Rett,SECCIÓN N: INGRESOS AL PROGRAMA DE SALUD  MENTAL EN APS /ESPECIALIDAD,30-34,Hombres,0
2024,05990024,Síndrome de Rett,SECCIÓN N: INGRESOS AL PROGRAMA DE SALUD  MENTAL EN APS /ESPECIALIDAD,30-34,Mujeres,1
2024,05990024,Síndrome de Rett,SECCIÓN N: INGRESOS AL PROGRAMA DE SALUD  MENTAL EN APS /ESPECIALIDAD,35-39,Hombres,0
2024,05990024,Síndrome de Rett,SECCIÓN N: INGRESOS AL PROGRAMA DE SALUD  MENTAL EN APS /ESPECIALIDAD,35-39,Mujeres,3
2024,05990024,Síndrome de Rett,SECCIÓN N: INGRESOS AL PROGRAMA DE SALUD  MENTAL EN APS /ESPECIALIDAD,40-44,Hombres,1
2024,05990024,Síndrome de Rett,SECCIÓN N: INGRESOS AL PROGRAMA DE SALUD  MENTAL EN APS /ESPECIALIDAD,40-44,Mujeres,0
2024,05990024,Síndrome de Rett,SECCIÓN N: INGRESOS AL PROGRAMA DE SALUD  MENTAL EN APS /ESPECIALIDAD,45-49,Hombres,0
2024,05990024,Síndrome de Rett,SECCIÓN N: INGRESOS AL PROGRAMA DE SALUD  MENTAL EN APS /ESPECIALIDAD,45-49,Mujeres,0
2024,05990024,Síndrome de Rett,SECCIÓN N: INGRESOS AL PROGRAMA DE SALUD  MENTAL EN APS /ESPECIALIDAD,50-54,Hombres,0
2024,05990024,Síndrome de Rett,SECCIÓN N: INGRESOS AL PROGRAMA DE SALUD  MENTAL EN APS /ESPECIALIDAD,50-54,Mujeres,0
2024,05990024,Síndrome de Rett,SECCIÓN N: INGRESOS AL PROGRAMA DE SALUD  MENTAL EN APS /ESPECIALIDAD,55-59,Hombres,0
2024,05990024,Síndrome de Rett,SECCIÓN N: INGRESOS AL PROGRAMA DE SALUD  MENTAL EN APS /ESPECIALIDAD,55-59,Mujeres,1
2024,05990024,Síndrome de Rett,SECCIÓN N: INGRESOS AL PROGRAMA DE SALUD  MENTAL EN APS /ESPECIALIDAD,60-64,Hombres,0
2024,05990024,Síndrome de Rett,SECCIÓN N: INGRESOS AL PROGRAMA DE SALUD  MENTAL EN APS /ESPECIALIDAD,60-64,Mujeres,0
2024,05990024,Síndrome de Rett,SECCIÓN N: INGRESOS AL PROGRAMA DE SALUD  MENTAL EN APS /ESPECIALIDAD,65-69,Hombres,0
2024,05990024,Síndrome de Rett,SECCIÓN N: INGRESOS AL PROGRAMA DE SALUD  MENTAL EN APS /ESPECIALIDAD,65-69,Mujeres,0
2024,05990024,Síndrome de Rett,SECCIÓN N: INGRESOS AL PROGRAMA DE SALUD  MENTAL EN APS /ESPECIALIDAD,70-74,Hombres,0
2024,05990024,Síndrome de Rett,SECCIÓN N: INGRESOS AL PROGRAMA DE SALUD  MENTAL EN APS /ESPECIALIDAD,70-74,Mujeres,0
2024,05990024,Síndrome de Rett,SECCIÓN N: INGRESOS AL PROGRAMA DE SALUD  MENTAL EN APS /ESPECIALIDAD,75-79,Hombres,0
2024,05990024,Síndrome de Rett,SECCIÓN N: INGRESOS AL PROGRAMA DE SALUD  MENTAL EN APS /ESPECIALIDAD,75-79,Mujeres,0
2024,05990024,Síndrome de Rett,SECCIÓN N: INGRESOS AL PROGRAMA DE SALUD  MENTAL EN APS /ESPECIALIDAD,80+,Hombres,0
2024,05990024,Síndrome de Rett,SECCIÓN N: INGRESOS AL PROGRAMA DE SALUD  MENTAL EN APS /ESPECIALIDAD,80+,Mujeres,0
2024,05990025,Trastorno Desintegrativo de la Infancia,SECCIÓN N: INGRESOS AL PROGRAMA DE SALUD  MENTAL EN APS /ESPECIALIDAD,0-4,Hombres,2
2024,05990025,Trastorno Desintegrativo de la Infancia,SECCIÓN N: INGRESOS AL PROGRAMA DE SALUD  MENTAL EN APS /ESPECIALIDAD,0-4,Mujeres,3
2024,05990025,Trastorno Desintegrativo de la Infancia,SECCIÓN N: INGRESOS AL PROGRAMA DE SALUD  MENTAL EN APS /ESPECIALIDAD,5-9,Hombres,9
2024,05990025,Trastorno Desintegrativo de la Infancia,SECCIÓN N: INGRESOS AL PROGRAMA DE SALUD  MENTAL EN APS /ESPECIALIDAD,5-9,Mujeres,2
2024,05990025,Trastorno Desintegrativo de la Infancia,SECCIÓN N: INGRESOS AL PROGRAMA DE SALUD  MENTAL EN APS /ESPECIALIDAD,10-14,Hombres,2
2024,05990025,Trastorno Desintegrativo de la Infancia,SECCIÓN N: INGRESOS AL PROGRAMA DE SALUD  MENTAL EN APS /ESPECIALIDAD,10-14,Mujeres,5
2024,05990025,Trastorno Desintegrativo de la Infancia,SECCIÓN N: INGRESOS AL PROGRAMA DE SALUD  MENTAL EN APS /ESPECIALIDAD,15-19,Hombres,3
2024,05990025,Trastorno Desintegrativo de la Infancia,SECCIÓN N: INGRESOS AL PROGRAMA DE SALUD  MENTAL EN APS /ESPECIALIDAD,15-19,Mujeres,5
2024,05990025,Trastorno Desintegrativo de la Infancia,SECCIÓN N: INGRESOS AL PROGRAMA DE SALUD  MENTAL EN APS /ESPECIALIDAD,20-24,Hombres,2
2024,05990025,Trastorno Desintegrativo de la Infancia,SECCIÓN N: INGRESOS AL PROGRAMA DE SALUD  MENTAL EN APS /ESPECIALIDAD,20-24,Mujeres,0
2024,05990025,Trastorno Desintegrativo de la Infancia,SECCIÓN N: INGRESOS AL PROGRAMA DE SALUD  MENTAL EN APS /ESPECIALIDAD,25-29,Hombres,4
2024,05990025,Trastorno Desintegrativo de la Infancia,SECCIÓN N: INGRESOS AL PROGRAMA DE SALUD  MENTAL EN APS /ESPECIALIDAD,25-29,Mujeres,1
2024,05990025,Trastorno Desintegrativo de la Infancia,SECCIÓN N: INGRESOS AL PROGRAMA DE SALUD  MENTAL EN APS /ESPECIALIDAD,30-34,Hombres,1
2024,05990025,Trastorno Desintegrativo de la Infancia,SECCIÓN N: INGRESOS AL PROGRAMA DE SALUD  MENTAL EN APS /ESPECIALIDAD,30-34,Mujeres,2
2024,05990025,Trastorno Desintegrativo de la Infancia,SECCIÓN N: INGRESOS AL PROGRAMA DE SALUD  MENTAL EN APS /ESPECIALIDAD,35-39,Hombres,2
2024,05990025,Trastorno Desintegrativo de la Infancia,SECCIÓN N: INGRESOS AL PROGRAMA DE SALUD  MENTAL EN APS /ESPECIALIDAD,35-39,Mujeres,0
2024,05990025,Trastorno Desintegrativo de la Infancia,SECCIÓN N: INGRESOS AL PROGRAMA DE SALUD  MENTAL EN APS /ESPECIALIDAD,40-44,Hombres,0
2024,05990025,Trastorno Desintegrativo de la Infancia,SECCIÓN N: INGRESOS AL PROGRAMA DE SALUD  MENTAL EN APS /ESPECIALIDAD,40-44,Mujeres,0
2024,05990025,Trastorno Desintegrativo de la Infancia,SECCIÓN N: INGRESOS AL PROGRAMA DE SALUD  MENTAL EN APS /ESPECIALIDAD,45-49,Hombres,0
2024,05990025,Trastorno Desintegrativo de la Infancia,SECCIÓN N: INGRESOS AL PROGRAMA DE SALUD  MENTAL EN APS /ESPECIALIDAD,45-49,Mujeres,0
2024,05990025,Trastorno Desintegrativo de la Infancia,SECCIÓN N: INGRESOS AL PROGRAMA DE SALUD  MENTAL EN APS /ESPECIALIDAD,50-54,Hombres,1
2024,05990025,Trastorno Desintegrativo de la Infancia,SECCIÓN N: INGRESOS AL PROGRAMA DE SALUD  MENTAL EN APS /ESPECIALIDAD,50-54,Mujeres,1
2024,05990025,Trastorno Desintegrativo de la Infancia,SECCIÓN N: INGRESOS AL PROGRAMA DE SALUD  MENTAL EN APS /ESPECIALIDAD,55-59,Hombres,0
2024,05990025,Trastorno Desintegrativo de la Infancia,SECCIÓN N: INGRESOS AL PROGRAMA DE SALUD  MENTAL EN APS /ESPECIALIDAD,55-59,Mujeres,0
2024,05990025,Trastorno Desintegrativo de la Infancia,SECCIÓN N: INGRESOS AL PROGRAMA DE SALUD  MENTAL EN APS /ESPECIALIDAD,60-64,Hombres,0
2024,05990025,Trastorno Desintegrativo de la Infancia,SECCIÓN N: INGRESOS AL PROGRAMA DE SALUD  MENTAL EN APS /ESPECIALIDAD,60-64,Mujeres,1
2024,05990025,Trastorno Desintegrativo de la Infancia,SECCIÓN N: INGRESOS AL PROGRAMA DE SALUD  MENTAL EN APS /ESPECIALIDAD,65-69,Hombres,0
2024,05990025,Trastorno Desintegrativo de la Infancia,SECCIÓN N: INGRESOS AL PROGRAMA DE SALUD  MENTAL EN APS /ESPECIALIDAD,65-69,Mujeres,0
2024,05990025,Trastorno Desintegrativo de la Infancia,SECCIÓN N: INGRESOS AL PROGRAMA DE SALUD  MENTAL EN APS /ESPECIALIDAD,70-74,Hombres,0
2024,05990025,Trastorno Desintegrativo de la Infancia,SECCIÓN N: INGRESOS AL PROGRAMA DE SALUD  MENTAL EN APS /ESPECIALIDAD,70-74,Mujeres,0
2024,05990025,Trastorno Desintegrativo de la Infancia,SECCIÓN N: INGRESOS AL PROGRAMA DE SALUD  MENTAL EN APS /ESPECIALIDAD,75-79,Hombres,0
2024,05990025,Trastorno Desintegrativo de la Infancia,SECCIÓN N: INGRESOS AL PROGRAMA DE SALUD  MENTAL EN APS /ESPECIALIDAD,75-79,Mujeres,0
2024,05990025,Trastorno Desintegrativo de la Infancia,SECCIÓN N: INGRESOS AL PROGRAMA DE SALUD  MENTAL EN APS /ESPECIALIDAD,80+,Hombres,1
2024,05990025,Trastorno Desintegrativo de la Infancia,SECCIÓN N: INGRESOS AL PROGRAMA DE SALUD  MENTAL EN APS /ESPECIALIDAD,80+,Mujeres,0
2024,05990026,Trastorno Generalizado del Desarrollo no Específico,SECCIÓN N: INGRESOS AL PROGRAMA DE SALUD  MENTAL EN APS /ESPECIALIDAD,0-4,Hombres,194
2024,05990026,Trastorno Generalizado del Desarrollo no Específico,SECCIÓN N: INGRESOS AL PROGRAMA DE SALUD  MENTAL EN APS /ESPECIALIDAD,0-4,Mujeres,75
2024,05990026,Trastorno Generalizado del Desarrollo no Específico,SECCIÓN N: INGRESOS AL PROGRAMA DE SALUD  MENTAL EN APS /ESPECIALIDAD,5-9,Hombres,459
2024,05990026,Trastorno Generalizado del Desarrollo no Específico,SECCIÓN N: INGRESOS AL PROGRAMA DE SALUD  MENTAL EN APS /ESPECIALIDAD,5-9,Mujeres,182
2024,05990026,Trastorno Generalizado del Desarrollo no Específico,SECCIÓN N: INGRESOS AL PROGRAMA DE SALUD  MENTAL EN APS /ESPECIALIDAD,10-14,Hombres,365
2024,05990026,Trastorno Generalizado del Desarrollo no Específico,SECCIÓN N: INGRESOS AL PROGRAMA DE SALUD  MENTAL EN APS /ESPECIALIDAD,10-14,Mujeres,205
2024,05990026,Trastorno Generalizado del Desarrollo no Específico,SECCIÓN N: INGRESOS AL PROGRAMA DE SALUD  MENTAL EN APS /ESPECIALIDAD,15-19,Hombres,222
2024,05990026,Trastorno Generalizado del Desarrollo no Específico,SECCIÓN N: INGRESOS AL PROGRAMA DE SALUD  MENTAL EN APS /ESPECIALIDAD,15-19,Mujeres,127
2024,05990026,Trastorno Generalizado del Desarrollo no Específico,SECCIÓN N: INGRESOS AL PROGRAMA DE SALUD  MENTAL EN APS /ESPECIALIDAD,20-24,Hombres,41
2024,05990026,Trastorno Generalizado del Desarrollo no Específico,SECCIÓN N: INGRESOS AL PROGRAMA DE SALUD  MENTAL EN APS /ESPECIALIDAD,20-24,Mujeres,30
2024,05990026,Trastorno Generalizado del Desarrollo no Específico,SECCIÓN N: INGRESOS AL PROGRAMA DE SALUD  MENTAL EN APS /ESPECIALIDAD,25-29,Hombres,37
2024,05990026,Trastorno Generalizado del Desarrollo no Específico,SECCIÓN N: INGRESOS AL PROGRAMA DE SALUD  MENTAL EN APS /ESPECIALIDAD,25-29,Mujeres,20
2024,05990026,Trastorno Generalizado del Desarrollo no Específico,SECCIÓN N: INGRESOS AL PROGRAMA DE SALUD  MENTAL EN APS /ESPECIALIDAD,30-34,Hombres,15
2024,05990026,Trastorno Generalizado del Desarrollo no Específico,SECCIÓN N: INGRESOS AL PROGRAMA DE SALUD  MENTAL EN APS /ESPECIALIDAD,30-34,Mujeres,17
2024,05990026,Trastorno Generalizado del Desarrollo no Específico,SECCIÓN N: INGRESOS AL PROGRAMA DE SALUD  MENTAL EN APS /ESPECIALIDAD,35-39,Hombres,14
2024,05990026,Trastorno Generalizado del Desarrollo no Específico,SECCIÓN N: INGRESOS AL PROGRAMA DE SALUD  MENTAL EN APS /ESPECIALIDAD,35-39,Mujeres,20
2024,05990026,Trastorno Generalizado del Desarrollo no Específico,SECCIÓN N: INGRESOS AL PROGRAMA DE SALUD  MENTAL EN APS /ESPECIALIDAD,40-44,Hombres,5
2024,05990026,Trastorno Generalizado del Desarrollo no Específico,SECCIÓN N: INGRESOS AL PROGRAMA DE SALUD  MENTAL EN APS /ESPECIALIDAD,40-44,Mujeres,5
2024,05990026,Trastorno Generalizado del Desarrollo no Específico,SECCIÓN N: INGRESOS AL PROGRAMA DE SALUD  MENTAL EN APS /ESPECIALIDAD,45-49,Hombres,2
2024,05990026,Trastorno Generalizado del Desarrollo no Específico,SECCIÓN N: INGRESOS AL PROGRAMA DE SALUD  MENTAL EN APS /ESPECIALIDAD,45-49,Mujeres,4
2024,05990026,Trastorno Generalizado del Desarrollo no Específico,SECCIÓN N: INGRESOS AL PROGRAMA DE SALUD  MENTAL EN APS /ESPECIALIDAD,50-54,Hombres,1
2024,05990026,Trastorno Generalizado del Desarrollo no Específico,SECCIÓN N: INGRESOS AL PROGRAMA DE SALUD  MENTAL EN APS /ESPECIALIDAD,50-54,Mujeres,4
2024,05990026,Trastorno Generalizado del Desarrollo no Específico,SECCIÓN N: INGRESOS AL PROGRAMA DE SALUD  MENTAL EN APS /ESPECIALIDAD,55-59,Hombres,0
2024,05990026,Trastorno Generalizado del Desarrollo no Específico,SECCIÓN N: INGRESOS AL PROGRAMA DE SALUD  MENTAL EN APS /ESPECIALIDAD,55-59,Mujeres,7
2024,05990026,Trastorno Generalizado del Desarrollo no Específico,SECCIÓN N: INGRESOS AL PROGRAMA DE SALUD  MENTAL EN APS /ESPECIALIDAD,60-64,Hombres,1
2024,05990026,Trastorno Generalizado del Desarrollo no Específico,SECCIÓN N: INGRESOS AL PROGRAMA DE SALUD  MENTAL EN APS /ESPECIALIDAD,60-64,Mujeres,4
2024,05990026,Trastorno Generalizado del Desarrollo no Específico,SECCIÓN N: INGRESOS AL PROGRAMA DE SALUD  MENTAL EN APS /ESPECIALIDAD,65-69,Hombres,0
2024,05990026,Trastorno Generalizado del Desarrollo no Específico,SECCIÓN N: INGRESOS AL PROGRAMA DE SALUD  MENTAL EN APS /ESPECIALIDAD,65-69,Mujeres,2
2024,05990026,Trastorno Generalizado del Desarrollo no Específico,SECCIÓN N: INGRESOS AL PROGRAMA DE SALUD  MENTAL EN APS /ESPECIALIDAD,70-74,Hombres,0
2024,05990026,Trastorno Generalizado del Desarrollo no Específico,SECCIÓN N: INGRESOS AL PROGRAMA DE SALUD  MENTAL EN APS /ESPECIALIDAD,70-74,Mujeres,1
2024,05990026,Trastorno Generalizado del Desarrollo no Específico,SECCIÓN N: INGRESOS AL PROGRAMA DE SALUD  MENTAL EN APS /ESPECIALIDAD,75-79,Hombres,1
2024,05990026,Trastorno Generalizado del Desarrollo no Específico,SECCIÓN N: INGRESOS AL PROGRAMA DE SALUD  MENTAL EN APS /ESPECIALIDAD,75-79,Mujeres,1
2024,05990026,Trastorno Generalizado del Desarrollo no Específico,SECCIÓN N: INGRESOS AL PROGRAMA DE SALUD  MENTAL EN APS /ESPECIALIDAD,80+,Hombres,0
2024,05990026,Trastorno Generalizado del Desarrollo no Específico,SECCIÓN N: INGRESOS AL PROGRAMA DE SALUD  MENTAL EN APS /ESPECIALIDAD,80+,Mujeres,1
2024,05990027,Trastorno Generalizados del Desarrollo | Autismo,SECCIÓN O: EGRESOS DEL PROGRAMA DE SALUD  MENTAL POR ALTAS CLÍNICAS EN APS /ESPECIALIDAD,0-4,Hombres,139
2024,05990027,Trastorno Generalizados del Desarrollo | Autismo,SECCIÓN O: EGRESOS DEL PROGRAMA DE SALUD  MENTAL POR ALTAS CLÍNICAS EN APS /ESPECIALIDAD,0-4,Mujeres,60
2024,05990027,Trastorno Generalizados del Desarrollo | Autismo,SECCIÓN O: EGRESOS DEL PROGRAMA DE SALUD  MENTAL POR ALTAS CLÍNICAS EN APS /ESPECIALIDAD,5-9,Hombres,909
2024,05990027,Trastorno Generalizados del Desarrollo | Autismo,SECCIÓN O: EGRESOS DEL PROGRAMA DE SALUD  MENTAL POR ALTAS CLÍNICAS EN APS /ESPECIALIDAD,5-9,Mujeres,280
2024,05990027,Trastorno Generalizados del Desarrollo | Autismo,SECCIÓN O: EGRESOS DEL PROGRAMA DE SALUD  MENTAL POR ALTAS CLÍNICAS EN APS /ESPECIALIDAD,10-14,Hombres,681
2024,05990027,Trastorno Generalizados del Desarrollo | Autismo,SECCIÓN O: EGRESOS DEL PROGRAMA DE SALUD  MENTAL POR ALTAS CLÍNICAS EN APS /ESPECIALIDAD,10-14,Mujeres,278
2024,05990027,Trastorno Generalizados del Desarrollo | Autismo,SECCIÓN O: EGRESOS DEL PROGRAMA DE SALUD  MENTAL POR ALTAS CLÍNICAS EN APS /ESPECIALIDAD,15-19,Hombres,445
2024,05990027,Trastorno Generalizados del Desarrollo | Autismo,SECCIÓN O: EGRESOS DEL PROGRAMA DE SALUD  MENTAL POR ALTAS CLÍNICAS EN APS /ESPECIALIDAD,15-19,Mujeres,222
2024,05990027,Trastorno Generalizados del Desarrollo | Autismo,SECCIÓN O: EGRESOS DEL PROGRAMA DE SALUD  MENTAL POR ALTAS CLÍNICAS EN APS /ESPECIALIDAD,20-24,Hombres,76
2024,05990027,Trastorno Generalizados del Desarrollo | Autismo,SECCIÓN O: EGRESOS DEL PROGRAMA DE SALUD  MENTAL POR ALTAS CLÍNICAS EN APS /ESPECIALIDAD,20-24,Mujeres,57
2024,05990027,Trastorno Generalizados del Desarrollo | Autismo,SECCIÓN O: EGRESOS DEL PROGRAMA DE SALUD  MENTAL POR ALTAS CLÍNICAS EN APS /ESPECIALIDAD,25-29,Hombres,24
2024,05990027,Trastorno Generalizados del Desarrollo | Autismo,SECCIÓN O: EGRESOS DEL PROGRAMA DE SALUD  MENTAL POR ALTAS CLÍNICAS EN APS /ESPECIALIDAD,25-29,Mujeres,24
2024,05990027,Trastorno Generalizados del Desarrollo | Autismo,SECCIÓN O: EGRESOS DEL PROGRAMA DE SALUD  MENTAL POR ALTAS CLÍNICAS EN APS /ESPECIALIDAD,30-34,Hombres,17
2024,05990027,Trastorno Generalizados del Desarrollo | Autismo,SECCIÓN O: EGRESOS DEL PROGRAMA DE SALUD  MENTAL POR ALTAS CLÍNICAS EN APS /ESPECIALIDAD,30-34,Mujeres,20
2024,05990027,Trastorno Generalizados del Desarrollo | Autismo,SECCIÓN O: EGRESOS DEL PROGRAMA DE SALUD  MENTAL POR ALTAS CLÍNICAS EN APS /ESPECIALIDAD,35-39,Hombres,17
2024,05990027,Trastorno Generalizados del Desarrollo | Autismo,SECCIÓN O: EGRESOS DEL PROGRAMA DE SALUD  MENTAL POR ALTAS CLÍNICAS EN APS /ESPECIALIDAD,35-39,Mujeres,11
2024,05990027,Trastorno Generalizados del Desarrollo | Autismo,SECCIÓN O: EGRESOS DEL PROGRAMA DE SALUD  MENTAL POR ALTAS CLÍNICAS EN APS /ESPECIALIDAD,40-44,Hombres,9
2024,05990027,Trastorno Generalizados del Desarrollo | Autismo,SECCIÓN O: EGRESOS DEL PROGRAMA DE SALUD  MENTAL POR ALTAS CLÍNICAS EN APS /ESPECIALIDAD,40-44,Mujeres,11
2024,05990027,Trastorno Generalizados del Desarrollo | Autismo,SECCIÓN O: EGRESOS DEL PROGRAMA DE SALUD  MENTAL POR ALTAS CLÍNICAS EN APS /ESPECIALIDAD,45-49,Hombres,3
2024,05990027,Trastorno Generalizados del Desarrollo | Autismo,SECCIÓN O: EGRESOS DEL PROGRAMA DE SALUD  MENTAL POR ALTAS CLÍNICAS EN APS /ESPECIALIDAD,45-49,Mujeres,2
2024,05990027,Trastorno Generalizados del Desarrollo | Autismo,SECCIÓN O: EGRESOS DEL PROGRAMA DE SALUD  MENTAL POR ALTAS CLÍNICAS EN APS /ESPECIALIDAD,50-54,Hombres,1
2024,05990027,Trastorno Generalizados del Desarrollo | Autismo,SECCIÓN O: EGRESOS DEL PROGRAMA DE SALUD  MENTAL POR ALTAS CLÍNICAS EN APS /ESPECIALIDAD,50-54,Mujeres,5
2024,05990027,Trastorno Generalizados del Desarrollo | Autismo,SECCIÓN O: EGRESOS DEL PROGRAMA DE SALUD  MENTAL POR ALTAS CLÍNICAS EN APS /ESPECIALIDAD,55-59,Hombres,1
2024,05990027,Trastorno Generalizados del Desarrollo | Autismo,SECCIÓN O: EGRESOS DEL PROGRAMA DE SALUD  MENTAL POR ALTAS CLÍNICAS EN APS /ESPECIALIDAD,55-59,Mujeres,3
2024,05990027,Trastorno Generalizados del Desarrollo | Autismo,SECCIÓN O: EGRESOS DEL PROGRAMA DE SALUD  MENTAL POR ALTAS CLÍNICAS EN APS /ESPECIALIDAD,60-64,Hombres,2
2024,05990027,Trastorno Generalizados del Desarrollo | Autismo,SECCIÓN O: EGRESOS DEL PROGRAMA DE SALUD  MENTAL POR ALTAS CLÍNICAS EN APS /ESPECIALIDAD,60-64,Mujeres,4
2024,05990027,Trastorno Generalizados del Desarrollo | Autismo,SECCIÓN O: EGRESOS DEL PROGRAMA DE SALUD  MENTAL POR ALTAS CLÍNICAS EN APS /ESPECIALIDAD,65-69,Hombres,1
2024,05990027,Trastorno Generalizados del Desarrollo | Autismo,SECCIÓN O: EGRESOS DEL PROGRAMA DE SALUD  MENTAL POR ALTAS CLÍNICAS EN APS /ESPECIALIDAD,65-69,Mujeres,2
2024,05990027,Trastorno Generalizados del Desarrollo | Autismo,SECCIÓN O: EGRESOS DEL PROGRAMA DE SALUD  MENTAL POR ALTAS CLÍNICAS EN APS /ESPECIALIDAD,70-74,Hombres,1
2024,05990027,Trastorno Generalizados del Desarrollo | Autismo,SECCIÓN O: EGRESOS DEL PROGRAMA DE SALUD  MENTAL POR ALTAS CLÍNICAS EN APS /ESPECIALIDAD,70-74,Mujeres,3
2024,05990027,Trastorno Generalizados del Desarrollo | Autismo,SECCIÓN O: EGRESOS DEL PROGRAMA DE SALUD  MENTAL POR ALTAS CLÍNICAS EN APS /ESPECIALIDAD,75-79,Hombres,2
2024,05990027,Trastorno Generalizados del Desarrollo | Autismo,SECCIÓN O: EGRESOS DEL PROGRAMA DE SALUD  MENTAL POR ALTAS CLÍNICAS EN APS /ESPECIALIDAD,75-79,Mujeres,2
2024,05990027,Trastorno Generalizados del Desarrollo | Autismo,SECCIÓN O: EGRESOS DEL PROGRAMA DE SALUD  MENTAL POR ALTAS CLÍNICAS EN APS /ESPECIALIDAD,80+,Hombres,3
2024,05990027,Trastorno Generalizados del Desarrollo | Autismo,SECCIÓN O: EGRESOS DEL PROGRAMA DE SALUD  MENTAL POR ALTAS CLÍNICAS EN APS /ESPECIALIDAD,80+,Mujeres,1
2024,05990028,Asperger,SECCIÓN O: EGRESOS DEL PROGRAMA DE SALUD  MENTAL POR ALTAS CLÍNICAS EN APS /ESPECIALIDAD,0-4,Hombres,8
2024,05990028,Asperger,SECCIÓN O: EGRESOS DEL PROGRAMA DE SALUD  MENTAL POR ALTAS CLÍNICAS EN APS /ESPECIALIDAD,0-4,Mujeres,0
2024,05990028,Asperger,SECCIÓN O: EGRESOS DEL PROGRAMA DE SALUD  MENTAL POR ALTAS CLÍNICAS EN APS /ESPECIALIDAD,5-9,Hombres,62
2024,05990028,Asperger,SECCIÓN O: EGRESOS DEL PROGRAMA DE SALUD  MENTAL POR ALTAS CLÍNICAS EN APS /ESPECIALIDAD,5-9,Mujeres,16
2024,05990028,Asperger,SECCIÓN O: EGRESOS DEL PROGRAMA DE SALUD  MENTAL POR ALTAS CLÍNICAS EN APS /ESPECIALIDAD,10-14,Hombres,88
2024,05990028,Asperger,SECCIÓN O: EGRESOS DEL PROGRAMA DE SALUD  MENTAL POR ALTAS CLÍNICAS EN APS /ESPECIALIDAD,10-14,Mujeres,37
2024,05990028,Asperger,SECCIÓN O: EGRESOS DEL PROGRAMA DE SALUD  MENTAL POR ALTAS CLÍNICAS EN APS /ESPECIALIDAD,15-19,Hombres,111
2024,05990028,Asperger,SECCIÓN O: EGRESOS DEL PROGRAMA DE SALUD  MENTAL POR ALTAS CLÍNICAS EN APS /ESPECIALIDAD,15-19,Mujeres,50
2024,05990028,Asperger,SECCIÓN O: EGRESOS DEL PROGRAMA DE SALUD  MENTAL POR ALTAS CLÍNICAS EN APS /ESPECIALIDAD,20-24,Hombres,37
2024,05990028,Asperger,SECCIÓN O: EGRESOS DEL PROGRAMA DE SALUD  MENTAL POR ALTAS CLÍNICAS EN APS /ESPECIALIDAD,20-24,Mujeres,22
2024,05990028,Asperger,SECCIÓN O: EGRESOS DEL PROGRAMA DE SALUD  MENTAL POR ALTAS CLÍNICAS EN APS /ESPECIALIDAD,25-29,Hombres,14
2024,05990028,Asperger,SECCIÓN O: EGRESOS DEL PROGRAMA DE SALUD  MENTAL POR ALTAS CLÍNICAS EN APS /ESPECIALIDAD,25-29,Mujeres,2
2024,05990028,Asperger,SECCIÓN O: EGRESOS DEL PROGRAMA DE SALUD  MENTAL POR ALTAS CLÍNICAS EN APS /ESPECIALIDAD,30-34,Hombres,6
2024,05990028,Asperger,SECCIÓN O: EGRESOS DEL PROGRAMA DE SALUD  MENTAL POR ALTAS CLÍNICAS EN APS /ESPECIALIDAD,30-34,Mujeres,3
2024,05990028,Asperger,SECCIÓN O: EGRESOS DEL PROGRAMA DE SALUD  MENTAL POR ALTAS CLÍNICAS EN APS /ESPECIALIDAD,35-39,Hombres,6
2024,05990028,Asperger,SECCIÓN O: EGRESOS DEL PROGRAMA DE SALUD  MENTAL POR ALTAS CLÍNICAS EN APS /ESPECIALIDAD,35-39,Mujeres,1
2024,05990028,Asperger,SECCIÓN O: EGRESOS DEL PROGRAMA DE SALUD  MENTAL POR ALTAS CLÍNICAS EN APS /ESPECIALIDAD,40-44,Hombres,3
2024,05990028,Asperger,SECCIÓN O: EGRESOS DEL PROGRAMA DE SALUD  MENTAL POR ALTAS CLÍNICAS EN APS /ESPECIALIDAD,40-44,Mujeres,1
2024,05990028,Asperger,SECCIÓN O: EGRESOS DEL PROGRAMA DE SALUD  MENTAL POR ALTAS CLÍNICAS EN APS /ESPECIALIDAD,45-49,Hombres,2
2024,05990028,Asperger,SECCIÓN O: EGRESOS DEL PROGRAMA DE SALUD  MENTAL POR ALTAS CLÍNICAS EN APS /ESPECIALIDAD,45-49,Mujeres,1
2024,05990028,Asperger,SECCIÓN O: EGRESOS DEL PROGRAMA DE SALUD  MENTAL POR ALTAS CLÍNICAS EN APS /ESPECIALIDAD,50-54,Hombres,0
2024,05990028,Asperger,SECCIÓN O: EGRESOS DEL PROGRAMA DE SALUD  MENTAL POR ALTAS CLÍNICAS EN APS /ESPECIALIDAD,50-54,Mujeres,1
2024,05990028,Asperger,SECCIÓN O: EGRESOS DEL PROGRAMA DE SALUD  MENTAL POR ALTAS CLÍNICAS EN APS /ESPECIALIDAD,55-59,Hombres,2
2024,05990028,Asperger,SECCIÓN O: EGRESOS DEL PROGRAMA DE SALUD  MENTAL POR ALTAS CLÍNICAS EN APS /ESPECIALIDAD,55-59,Mujeres,0
2024,05990028,Asperger,SECCIÓN O: EGRESOS DEL PROGRAMA DE SALUD  MENTAL POR ALTAS CLÍNICAS EN APS /ESPECIALIDAD,60-64,Hombres,0
2024,05990028,Asperger,SECCIÓN O: EGRESOS DEL PROGRAMA DE SALUD  MENTAL POR ALTAS CLÍNICAS EN APS /ESPECIALIDAD,60-64,Mujeres,1
2024,05990028,Asperger,SECCIÓN O: EGRESOS DEL PROGRAMA DE SALUD  MENTAL POR ALTAS CLÍNICAS EN APS /ESPECIALIDAD,65-69,Hombres,1
2024,05990028,Asperger,SECCIÓN O: EGRESOS DEL PROGRAMA DE SALUD  MENTAL POR ALTAS CLÍNICAS EN APS /ESPECIALIDAD,65-69,Mujeres,0
2024,05990028,Asperger,SECCIÓN O: EGRESOS DEL PROGRAMA DE SALUD  MENTAL POR ALTAS CLÍNICAS EN APS /ESPECIALIDAD,70-74,Hombres,0
2024,05990028,Asperger,SECCIÓN O: EGRESOS DEL PROGRAMA DE SALUD  MENTAL POR ALTAS CLÍNICAS EN APS /ESPECIALIDAD,70-74,Mujeres,1
2024,05990028,Asperger,SECCIÓN O: EGRESOS DEL PROGRAMA DE SALUD  MENTAL POR ALTAS CLÍNICAS EN APS /ESPECIALIDAD,75-79,Hombres,0
2024,05990028,Asperger,SECCIÓN O: EGRESOS DEL PROGRAMA DE SALUD  MENTAL POR ALTAS CLÍNICAS EN APS /ESPECIALIDAD,75-79,Mujeres,0
2024,05990028,Asperger,SECCIÓN O: EGRESOS DEL PROGRAMA DE SALUD  MENTAL POR ALTAS CLÍNICAS EN APS /ESPECIALIDAD,80+,Hombres,0
2024,05990028,Asperger,SECCIÓN O: EGRESOS DEL PROGRAMA DE SALUD  MENTAL POR ALTAS CLÍNICAS EN APS /ESPECIALIDAD,80+,Mujeres,0
2024,05990029,Síndrome de Rett,SECCIÓN O: EGRESOS DEL PROGRAMA DE SALUD  MENTAL POR ALTAS CLÍNICAS EN APS /ESPECIALIDAD,0-4,Hombres,8
2024,05990029,Síndrome de Rett,SECCIÓN O: EGRESOS DEL PROGRAMA DE SALUD  MENTAL POR ALTAS CLÍNICAS EN APS /ESPECIALIDAD,0-4,Mujeres,0
2024,05990029,Síndrome de Rett,SECCIÓN O: EGRESOS DEL PROGRAMA DE SALUD  MENTAL POR ALTAS CLÍNICAS EN APS /ESPECIALIDAD,5-9,Hombres,3
2024,05990029,Síndrome de Rett,SECCIÓN O: EGRESOS DEL PROGRAMA DE SALUD  MENTAL POR ALTAS CLÍNICAS EN APS /ESPECIALIDAD,5-9,Mujeres,1
2024,05990029,Síndrome de Rett,SECCIÓN O: EGRESOS DEL PROGRAMA DE SALUD  MENTAL POR ALTAS CLÍNICAS EN APS /ESPECIALIDAD,10-14,Hombres,4
2024,05990029,Síndrome de Rett,SECCIÓN O: EGRESOS DEL PROGRAMA DE SALUD  MENTAL POR ALTAS CLÍNICAS EN APS /ESPECIALIDAD,10-14,Mujeres,1
2024,05990029,Síndrome de Rett,SECCIÓN O: EGRESOS DEL PROGRAMA DE SALUD  MENTAL POR ALTAS CLÍNICAS EN APS /ESPECIALIDAD,15-19,Hombres,1
2024,05990029,Síndrome de Rett,SECCIÓN O: EGRESOS DEL PROGRAMA DE SALUD  MENTAL POR ALTAS CLÍNICAS EN APS /ESPECIALIDAD,15-19,Mujeres,4
2024,05990029,Síndrome de Rett,SECCIÓN O: EGRESOS DEL PROGRAMA DE SALUD  MENTAL POR ALTAS CLÍNICAS EN APS /ESPECIALIDAD,20-24,Hombres,0
2024,05990029,Síndrome de Rett,SECCIÓN O: EGRESOS DEL PROGRAMA DE SALUD  MENTAL POR ALTAS CLÍNICAS EN APS /ESPECIALIDAD,20-24,Mujeres,3
2024,05990029,Síndrome de Rett,SECCIÓN O: EGRESOS DEL PROGRAMA DE SALUD  MENTAL POR ALTAS CLÍNICAS EN APS /ESPECIALIDAD,25-29,Hombres,0
2024,05990029,Síndrome de Rett,SECCIÓN O: EGRESOS DEL PROGRAMA DE SALUD  MENTAL POR ALTAS CLÍNICAS EN APS /ESPECIALIDAD,25-29,Mujeres,9
2024,05990029,Síndrome de Rett,SECCIÓN O: EGRESOS DEL PROGRAMA DE SALUD  MENTAL POR ALTAS CLÍNICAS EN APS /ESPECIALIDAD,30-34,Hombres,2
2024,05990029,Síndrome de Rett,SECCIÓN O: EGRESOS DEL PROGRAMA DE SALUD  MENTAL POR ALTAS CLÍNICAS EN APS /ESPECIALIDAD,30-34,Mujeres,2
2024,05990029,Síndrome de Rett,SECCIÓN O: EGRESOS DEL PROGRAMA DE SALUD  MENTAL POR ALTAS CLÍNICAS EN APS /ESPECIALIDAD,35-39,Hombres,0
2024,05990029,Síndrome de Rett,SECCIÓN O: EGRESOS DEL PROGRAMA DE SALUD  MENTAL POR ALTAS CLÍNICAS EN APS /ESPECIALIDAD,35-39,Mujeres,4
2024,05990029,Síndrome de Rett,SECCIÓN O: EGRESOS DEL PROGRAMA DE SALUD  MENTAL POR ALTAS CLÍNICAS EN APS /ESPECIALIDAD,40-44,Hombres,1
2024,05990029,Síndrome de Rett,SECCIÓN O: EGRESOS DEL PROGRAMA DE SALUD  MENTAL POR ALTAS CLÍNICAS EN APS /ESPECIALIDAD,40-44,Mujeres,5
2024,05990029,Síndrome de Rett,SECCIÓN O: EGRESOS DEL PROGRAMA DE SALUD  MENTAL POR ALTAS CLÍNICAS EN APS /ESPECIALIDAD,45-49,Hombres,0
2024,05990029,Síndrome de Rett,SECCIÓN O: EGRESOS DEL PROGRAMA DE SALUD  MENTAL POR ALTAS CLÍNICAS EN APS /ESPECIALIDAD,45-49,Mujeres,2
2024,05990029,Síndrome de Rett,SECCIÓN O: EGRESOS DEL PROGRAMA DE SALUD  MENTAL POR ALTAS CLÍNICAS EN APS /ESPECIALIDAD,50-54,Hombres,2
2024,05990029,Síndrome de Rett,SECCIÓN O: EGRESOS DEL PROGRAMA DE SALUD  MENTAL POR ALTAS CLÍNICAS EN APS /ESPECIALIDAD,50-54,Mujeres,4
2024,05990029,Síndrome de Rett,SECCIÓN O: EGRESOS DEL PROGRAMA DE SALUD  MENTAL POR ALTAS CLÍNICAS EN APS /ESPECIALIDAD,55-59,Hombres,3
2024,05990029,Síndrome de Rett,SECCIÓN O: EGRESOS DEL PROGRAMA DE SALUD  MENTAL POR ALTAS CLÍNICAS EN APS /ESPECIALIDAD,55-59,Mujeres,1
2024,05990029,Síndrome de Rett,SECCIÓN O: EGRESOS DEL PROGRAMA DE SALUD  MENTAL POR ALTAS CLÍNICAS EN APS /ESPECIALIDAD,60-64,Hombres,1
2024,05990029,Síndrome de Rett,SECCIÓN O: EGRESOS DEL PROGRAMA DE SALUD  MENTAL POR ALTAS CLÍNICAS EN APS /ESPECIALIDAD,60-64,Mujeres,1
2024,05990029,Síndrome de Rett,SECCIÓN O: EGRESOS DEL PROGRAMA DE SALUD  MENTAL POR ALTAS CLÍNICAS EN APS /ESPECIALIDAD,65-69,Hombres,0
2024,05990029,Síndrome de Rett,SECCIÓN O: EGRESOS DEL PROGRAMA DE SALUD  MENTAL POR ALTAS CLÍNICAS EN APS /ESPECIALIDAD,65-69,Mujeres,1
2024,05990029,Síndrome de Rett,SECCIÓN O: EGRESOS DEL PROGRAMA DE SALUD  MENTAL POR ALTAS CLÍNICAS EN APS /ESPECIALIDAD,70-74,Hombres,0
2024,05990029,Síndrome de Rett,SECCIÓN O: EGRESOS DEL PROGRAMA DE SALUD  MENTAL POR ALTAS CLÍNICAS EN APS /ESPECIALIDAD,70-74,Mujeres,3
2024,05990029,Síndrome de Rett,SECCIÓN O: EGRESOS DEL PROGRAMA DE SALUD  MENTAL POR ALTAS CLÍNICAS EN APS /ESPECIALIDAD,75-79,Hombres,0
2024,05990029,Síndrome de Rett,SECCIÓN O: EGRESOS DEL PROGRAMA DE SALUD  MENTAL POR ALTAS CLÍNICAS EN APS /ESPECIALIDAD,75-79,Mujeres,1
2024,05990029,Síndrome de Rett,SECCIÓN O: EGRESOS DEL PROGRAMA DE SALUD  MENTAL POR ALTAS CLÍNICAS EN APS /ESPECIALIDAD,80+,Hombres,3
2024,05990029,Síndrome de Rett,SECCIÓN O: EGRESOS DEL PROGRAMA DE SALUD  MENTAL POR ALTAS CLÍNICAS EN APS /ESPECIALIDAD,80+,Mujeres,1
2024,05990030,Trastorno Desintegrativo de la Infancia,SECCIÓN O: EGRESOS DEL PROGRAMA DE SALUD  MENTAL POR ALTAS CLÍNICAS EN APS /ESPECIALIDAD,0-4,Hombres,1
2024,05990030,Trastorno Desintegrativo de la Infancia,SECCIÓN O: EGRESOS DEL PROGRAMA DE SALUD  MENTAL POR ALTAS CLÍNICAS EN APS /ESPECIALIDAD,0-4,Mujeres,0
2024,05990030,Trastorno Desintegrativo de la Infancia,SECCIÓN O: EGRESOS DEL PROGRAMA DE SALUD  MENTAL POR ALTAS CLÍNICAS EN APS /ESPECIALIDAD,5-9,Hombres,0
2024,05990030,Trastorno Desintegrativo de la Infancia,SECCIÓN O: EGRESOS DEL PROGRAMA DE SALUD  MENTAL POR ALTAS CLÍNICAS EN APS /ESPECIALIDAD,5-9,Mujeres,0
2024,05990030,Trastorno Desintegrativo de la Infancia,SECCIÓN O: EGRESOS DEL PROGRAMA DE SALUD  MENTAL POR ALTAS CLÍNICAS EN APS /ESPECIALIDAD,10-14,Hombres,3
2024,05990030,Trastorno Desintegrativo de la Infancia,SECCIÓN O: EGRESOS DEL PROGRAMA DE SALUD  MENTAL POR ALTAS CLÍNICAS EN APS /ESPECIALIDAD,10-14,Mujeres,0
2024,05990030,Trastorno Desintegrativo de la Infancia,SECCIÓN O: EGRESOS DEL PROGRAMA DE SALUD  MENTAL POR ALTAS CLÍNICAS EN APS /ESPECIALIDAD,15-19,Hombres,0
2024,05990030,Trastorno Desintegrativo de la Infancia,SECCIÓN O: EGRESOS DEL PROGRAMA DE SALUD  MENTAL POR ALTAS CLÍNICAS EN APS /ESPECIALIDAD,15-19,Mujeres,1
2024,05990030,Trastorno Desintegrativo de la Infancia,SECCIÓN O: EGRESOS DEL PROGRAMA DE SALUD  MENTAL POR ALTAS CLÍNICAS EN APS /ESPECIALIDAD,20-24,Hombres,0
2024,05990030,Trastorno Desintegrativo de la Infancia,SECCIÓN O: EGRESOS DEL PROGRAMA DE SALUD  MENTAL POR ALTAS CLÍNICAS EN APS /ESPECIALIDAD,20-24,Mujeres,0
2024,05990030,Trastorno Desintegrativo de la Infancia,SECCIÓN O: EGRESOS DEL PROGRAMA DE SALUD  MENTAL POR ALTAS CLÍNICAS EN APS /ESPECIALIDAD,25-29,Hombres,0
2024,05990030,Trastorno Desintegrativo de la Infancia,SECCIÓN O: EGRESOS DEL PROGRAMA DE SALUD  MENTAL POR ALTAS CLÍNICAS EN APS /ESPECIALIDAD,25-29,Mujeres,0
2024,05990030,Trastorno Desintegrativo de la Infancia,SECCIÓN O: EGRESOS DEL PROGRAMA DE SALUD  MENTAL POR ALTAS CLÍNICAS EN APS /ESPECIALIDAD,30-34,Hombres,0
2024,05990030,Trastorno Desintegrativo de la Infancia,SECCIÓN O: EGRESOS DEL PROGRAMA DE SALUD  MENTAL POR ALTAS CLÍNICAS EN APS /ESPECIALIDAD,30-34,Mujeres,0
2024,05990030,Trastorno Desintegrativo de la Infancia,SECCIÓN O: EGRESOS DEL PROGRAMA DE SALUD  MENTAL POR ALTAS CLÍNICAS EN APS /ESPECIALIDAD,35-39,Hombres,0
2024,05990030,Trastorno Desintegrativo de la Infancia,SECCIÓN O: EGRESOS DEL PROGRAMA DE SALUD  MENTAL POR ALTAS CLÍNICAS EN APS /ESPECIALIDAD,35-39,Mujeres,1
2024,05990030,Trastorno Desintegrativo de la Infancia,SECCIÓN O: EGRESOS DEL PROGRAMA DE SALUD  MENTAL POR ALTAS CLÍNICAS EN APS /ESPECIALIDAD,40-44,Hombres,0
2024,05990030,Trastorno Desintegrativo de la Infancia,SECCIÓN O: EGRESOS DEL PROGRAMA DE SALUD  MENTAL POR ALTAS CLÍNICAS EN APS /ESPECIALIDAD,40-44,Mujeres,2
2024,05990030,Trastorno Desintegrativo de la Infancia,SECCIÓN O: EGRESOS DEL PROGRAMA DE SALUD  MENTAL POR ALTAS CLÍNICAS EN APS /ESPECIALIDAD,45-49,Hombres,0
2024,05990030,Trastorno Desintegrativo de la Infancia,SECCIÓN O: EGRESOS DEL PROGRAMA DE SALUD  MENTAL POR ALTAS CLÍNICAS EN APS /ESPECIALIDAD,45-49,Mujeres,0
2024,05990030,Trastorno Desintegrativo de la Infancia,SECCIÓN O: EGRESOS DEL PROGRAMA DE SALUD  MENTAL POR ALTAS CLÍNICAS EN APS /ESPECIALIDAD,50-54,Hombres,0
2024,05990030,Trastorno Desintegrativo de la Infancia,SECCIÓN O: EGRESOS DEL PROGRAMA DE SALUD  MENTAL POR ALTAS CLÍNICAS EN APS /ESPECIALIDAD,50-54,Mujeres,0
2024,05990030,Trastorno Desintegrativo de la Infancia,SECCIÓN O: EGRESOS DEL PROGRAMA DE SALUD  MENTAL POR ALTAS CLÍNICAS EN APS /ESPECIALIDAD,55-59,Hombres,0
2024,05990030,Trastorno Desintegrativo de la Infancia,SECCIÓN O: EGRESOS DEL PROGRAMA DE SALUD  MENTAL POR ALTAS CLÍNICAS EN APS /ESPECIALIDAD,55-59,Mujeres,0
2024,05990030,Trastorno Desintegrativo de la Infancia,SECCIÓN O: EGRESOS DEL PROGRAMA DE SALUD  MENTAL POR ALTAS CLÍNICAS EN APS /ESPECIALIDAD,60-64,Hombres,0
2024,05990030,Trastorno Desintegrativo de la Infancia,SECCIÓN O: EGRESOS DEL PROGRAMA DE SALUD  MENTAL POR ALTAS CLÍNICAS EN APS /ESPECIALIDAD,60-64,Mujeres,0
2024,05990030,Trastorno Desintegrativo de la Infancia,SECCIÓN O: EGRESOS DEL PROGRAMA DE SALUD  MENTAL POR ALTAS CLÍNICAS EN APS /ESPECIALIDAD,65-69,Hombres,0
2024,05990030,Trastorno Desintegrativo de la Infancia,SECCIÓN O: EGRESOS DEL PROGRAMA DE SALUD  MENTAL POR ALTAS CLÍNICAS EN APS /ESPECIALIDAD,65-69,Mujeres,0
2024,05990030,Trastorno Desintegrativo de la Infancia,SECCIÓN O: EGRESOS DEL PROGRAMA DE SALUD  MENTAL POR ALTAS CLÍNICAS EN APS /ESPECIALIDAD,70-74,Hombres,0
2024,05990030,Trastorno Desintegrativo de la Infancia,SECCIÓN O: EGRESOS DEL PROGRAMA DE SALUD  MENTAL POR ALTAS CLÍNICAS EN APS /ESPECIALIDAD,70-74,Mujeres,0
2024,05990030,Trastorno Desintegrativo de la Infancia,SECCIÓN O: EGRESOS DEL PROGRAMA DE SALUD  MENTAL POR ALTAS CLÍNICAS EN APS /ESPECIALIDAD,75-79,Hombres,0
2024,05990030,Trastorno Desintegrativo de la Infancia,SECCIÓN O: EGRESOS DEL PROGRAMA DE SALUD  MENTAL POR ALTAS CLÍNICAS EN APS /ESPECIALIDAD,75-79,Mujeres,0
2024,05990030,Trastorno Desintegrativo de la Infancia,SECCIÓN O: EGRESOS DEL PROGRAMA DE SALUD  MENTAL POR ALTAS CLÍNICAS EN APS /ESPECIALIDAD,80+,Hombres,0
2024,05990030,Trastorno Desintegrativo de la Infancia,SECCIÓN O: EGRESOS DEL PROGRAMA DE SALUD  MENTAL POR ALTAS CLÍNICAS EN APS /ESPECIALIDAD,80+,Mujeres,0
2024,05990031,Trastorno Generalizado del Desarrollo no Específico,SECCIÓN O: EGRESOS DEL PROGRAMA DE SALUD  MENTAL POR ALTAS CLÍNICAS EN APS /ESPECIALIDAD,0-4,Hombres,45
2024,05990031,Trastorno Generalizado del Desarrollo no Específico,SECCIÓN O: EGRESOS DEL PROGRAMA DE SALUD  MENTAL POR ALTAS CLÍNICAS EN APS /ESPECIALIDAD,0-4,Mujeres,19
2024,05990031,Trastorno Generalizado del Desarrollo no Específico,SECCIÓN O: EGRESOS DEL PROGRAMA DE SALUD  MENTAL POR ALTAS CLÍNICAS EN APS /ESPECIALIDAD,5-9,Hombres,141
2024,05990031,Trastorno Generalizado del Desarrollo no Específico,SECCIÓN O: EGRESOS DEL PROGRAMA DE SALUD  MENTAL POR ALTAS CLÍNICAS EN APS /ESPECIALIDAD,5-9,Mujeres,47
2024,05990031,Trastorno Generalizado del Desarrollo no Específico,SECCIÓN O: EGRESOS DEL PROGRAMA DE SALUD  MENTAL POR ALTAS CLÍNICAS EN APS /ESPECIALIDAD,10-14,Hombres,163
2024,05990031,Trastorno Generalizado del Desarrollo no Específico,SECCIÓN O: EGRESOS DEL PROGRAMA DE SALUD  MENTAL POR ALTAS CLÍNICAS EN APS /ESPECIALIDAD,10-14,Mujeres,69
2024,05990031,Trastorno Generalizado del Desarrollo no Específico,SECCIÓN O: EGRESOS DEL PROGRAMA DE SALUD  MENTAL POR ALTAS CLÍNICAS EN APS /ESPECIALIDAD,15-19,Hombres,125
2024,05990031,Trastorno Generalizado del Desarrollo no Específico,SECCIÓN O: EGRESOS DEL PROGRAMA DE SALUD  MENTAL POR ALTAS CLÍNICAS EN APS /ESPECIALIDAD,15-19,Mujeres,93
2024,05990031,Trastorno Generalizado del Desarrollo no Específico,SECCIÓN O: EGRESOS DEL PROGRAMA DE SALUD  MENTAL POR ALTAS CLÍNICAS EN APS /ESPECIALIDAD,20-24,Hombres,56
2024,05990031,Trastorno Generalizado del Desarrollo no Específico,SECCIÓN O: EGRESOS DEL PROGRAMA DE SALUD  MENTAL POR ALTAS CLÍNICAS EN APS /ESPECIALIDAD,20-24,Mujeres,64
2024,05990031,Trastorno Generalizado del Desarrollo no Específico,SECCIÓN O: EGRESOS DEL PROGRAMA DE SALUD  MENTAL POR ALTAS CLÍNICAS EN APS /ESPECIALIDAD,25-29,Hombres,23
2024,05990031,Trastorno Generalizado del Desarrollo no Específico,SECCIÓN O: EGRESOS DEL PROGRAMA DE SALUD  MENTAL POR ALTAS CLÍNICAS EN APS /ESPECIALIDAD,25-29,Mujeres,22
2024,05990031,Trastorno Generalizado del Desarrollo no Específico,SECCIÓN O: EGRESOS DEL PROGRAMA DE SALUD  MENTAL POR ALTAS CLÍNICAS EN APS /ESPECIALIDAD,30-34,Hombres,9
2024,05990031,Trastorno Generalizado del Desarrollo no Específico,SECCIÓN O: EGRESOS DEL PROGRAMA DE SALUD  MENTAL POR ALTAS CLÍNICAS EN APS /ESPECIALIDAD,30-34,Mujeres,35
2024,05990031,Trastorno Generalizado del Desarrollo no Específico,SECCIÓN O: EGRESOS DEL PROGRAMA DE SALUD  MENTAL POR ALTAS CLÍNICAS EN APS /ESPECIALIDAD,35-39,Hombres,22
2024,05990031,Trastorno Generalizado del Desarrollo no Específico,SECCIÓN O: EGRESOS DEL PROGRAMA DE SALUD  MENTAL POR ALTAS CLÍNICAS EN APS /ESPECIALIDAD,35-39,Mujeres,23
2024,05990031,Trastorno Generalizado del Desarrollo no Específico,SECCIÓN O: EGRESOS DEL PROGRAMA DE SALUD  MENTAL POR ALTAS CLÍNICAS EN APS /ESPECIALIDAD,40-44,Hombres,9
2024,05990031,Trastorno Generalizado del Desarrollo no Específico,SECCIÓN O: EGRESOS DEL PROGRAMA DE SALUD  MENTAL POR ALTAS CLÍNICAS EN APS /ESPECIALIDAD,40-44,Mujeres,20
2024,05990031,Trastorno Generalizado del Desarrollo no Específico,SECCIÓN O: EGRESOS DEL PROGRAMA DE SALUD  MENTAL POR ALTAS CLÍNICAS EN APS /ESPECIALIDAD,45-49,Hombres,6
2024,05990031,Trastorno Generalizado del Desarrollo no Específico,SECCIÓN O: EGRESOS DEL PROGRAMA DE SALUD  MENTAL POR ALTAS CLÍNICAS EN APS /ESPECIALIDAD,45-49,Mujeres,12
2024,05990031,Trastorno Generalizado del Desarrollo no Específico,SECCIÓN O: EGRESOS DEL PROGRAMA DE SALUD  MENTAL POR ALTAS CLÍNICAS EN APS /ESPECIALIDAD,50-54,Hombres,9
2024,05990031,Trastorno Generalizado del Desarrollo no Específico,SECCIÓN O: EGRESOS DEL PROGRAMA DE SALUD  MENTAL POR ALTAS CLÍNICAS EN APS /ESPECIALIDAD,50-54,Mujeres,4
2024,05990031,Trastorno Generalizado del Desarrollo no Específico,SECCIÓN O: EGRESOS DEL PROGRAMA DE SALUD  MENTAL POR ALTAS CLÍNICAS EN APS /ESPECIALIDAD,55-59,Hombres,2
2024,05990031,Trastorno Generalizado del Desarrollo no Específico,SECCIÓN O: EGRESOS DEL PROGRAMA DE SALUD  MENTAL POR ALTAS CLÍNICAS EN APS /ESPECIALIDAD,55-59,Mujeres,15
2024,05990031,Trastorno Generalizado del Desarrollo no Específico,SECCIÓN O: EGRESOS DEL PROGRAMA DE SALUD  MENTAL POR ALTAS CLÍNICAS EN APS /ESPECIALIDAD,60-64,Hombres,7
2024,05990031,Trastorno Generalizado del Desarrollo no Específico,SECCIÓN O: EGRESOS DEL PROGRAMA DE SALUD  MENTAL POR ALTAS CLÍNICAS EN APS /ESPECIALIDAD,60-64,Mujeres,20
2024,05990031,Trastorno Generalizado del Desarrollo no Específico,SECCIÓN O: EGRESOS DEL PROGRAMA DE SALUD  MENTAL POR ALTAS CLÍNICAS EN APS /ESPECIALIDAD,65-69,Hombres,1
2024,05990031,Trastorno Generalizado del Desarrollo no Específico,SECCIÓN O: EGRESOS DEL PROGRAMA DE SALUD  MENTAL POR ALTAS CLÍNICAS EN APS /ESPECIALIDAD,65-69,Mujeres,7
2024,05990031,Trastorno Generalizado del Desarrollo no Específico,SECCIÓN O: EGRESOS DEL PROGRAMA DE SALUD  MENTAL POR ALTAS CLÍNICAS EN APS /ESPECIALIDAD,70-74,Hombres,0
2024,05990031,Trastorno Generalizado del Desarrollo no Específico,SECCIÓN O: EGRESOS DEL PROGRAMA DE SALUD  MENTAL POR ALTAS CLÍNICAS EN APS /ESPECIALIDAD,70-74,Mujeres,7
2024,05990031,Trastorno Generalizado del Desarrollo no Específico,SECCIÓN O: EGRESOS DEL PROGRAMA DE SALUD  MENTAL POR ALTAS CLÍNICAS EN APS /ESPECIALIDAD,75-79,Hombres,0
2024,05990031,Trastorno Generalizado del Desarrollo no Específico,SECCIÓN O: EGRESOS DEL PROGRAMA DE SALUD  MENTAL POR ALTAS CLÍNICAS EN APS /ESPECIALIDAD,75-79,Mujeres,0
2024,05990031,Trastorno Generalizado del Desarrollo no Específico,SECCIÓN O: EGRESOS DEL PROGRAMA DE SALUD  MENTAL POR ALTAS CLÍNICAS EN APS /ESPECIALIDAD,80+,Hombres,0
2024,05990031,Trastorno Generalizado del Desarrollo no Específico,SECCIÓN O: EGRESOS DEL PROGRAMA DE SALUD  MENTAL POR ALTAS CLÍNICAS EN APS /ESPECIALIDAD,80+,Mujeres,0
