year,series,module,code,variant,identical_across_variants,indicator,era,era_start,era_end,domain,setting,unit,measure,month,aggregation_rule,total,total_dedup,n_reporting_establishments,n_establishments_value_gt0,n_rows,n_rows_value,n_rows_zero,n_rows_empty,n_rows_exact_duplicate,months_covered,n_stable_panel_establishments,stable_panel_total,comparability_warning,note,source_file,script
2019,A,A03,03500404,single_code,True,Niños/as con control a los 18 meses,2019–2024,2019,2024,screening,APS,children reported,annual_sum,01-12,sum of months; COL01+COL02 (cells present),37952.0,37952.0,701,701,3559,3559,0,0,0,12,478,34154.0,Context denominator; retained after redesign but not equivalent to all screened children,,REM/SerieA/SerieA_2019.csv,study/pipeline/02_rem_pathway.py
2020,A,A03,03500404,single_code,True,Niños/as con control a los 18 meses,2019–2024,2019,2024,screening,APS,children reported,annual_sum,01-12,sum of months; COL01+COL02 (cells present),20594.0,20594.0,663,663,2929,2929,0,0,0,12,478,18598.0,Context denominator; retained after redesign but not equivalent to all screened children,,REM/SerieA/SerieA_2020.csv,study/pipeline/02_rem_pathway.py
2021,A,A03,03500404,single_code,True,Niños/as con control a los 18 meses,2019–2024,2019,2024,screening,APS,children reported,annual_sum,01-12,sum of months; COL01+COL02 (cells present),34371.0,34371.0,745,745,4669,4669,0,0,0,12,478,29391.0,Context denominator; retained after redesign but not equivalent to all screened children,,REM/SerieA/SerieA_2021.csv,study/pipeline/02_rem_pathway.py
2022,A,A03,03500404,single_code,True,Niños/as con control a los 18 meses,2019–2024,2019,2024,screening,APS,children reported,annual_sum,01-12,sum of months; COL01+COL02 (cells present),50513.0,50513.0,908,908,6185,6185,0,0,0,12,478,38152.0,Context denominator; retained after redesign but not equivalent to all screened children,,REM/SerieA/SerieA_2022.csv,study/pipeline/02_rem_pathway.py
2023,A,A03,03500404,single_code,True,Niños/as con control a los 18 meses,2019–2024,2019,2024,screening,APS,children reported,annual_sum,01-12,sum of months; COL01+COL02 (cells present),74940.0,74940.0,1136,1135,7834,7833,0,1,0,12,478,50118.0,Context denominator; retained after redesign but not equivalent to all screened children,,REM/SerieA/SerieA_2023.csv,study/pipeline/02_rem_pathway.py
2024,A,A03,03500404,single_code,True,Niños/as con control a los 18 meses,2019–2024,2019,2024,screening,APS,children reported,annual_sum,01-12,sum of months; COL01+COL02 (cells present),85187.0,85186.0,1283,1283,8756,8756,0,0,1,12,478,51527.0,Context denominator; retained after redesign but not equivalent to all screened children,,REM/SerieA/SerieA_2024.csv,study/pipeline/02_rem_pathway.py
2019,A,A03,03500405,single_code,True,Alteración de lenguaje y/o área social en control de 18 meses,2019–2024,2019,2024,screening,APS,children reported,annual_sum,01-12,sum of months; COL01+COL02 (cells present),5160.0,5160.0,470,470,1664,1664,0,0,0,12,246,3915.0,Selection criterion; not an autism-positive screen,,REM/SerieA/SerieA_2019.csv,study/pipeline/02_rem_pathway.py
2020,A,A03,03500405,single_code,True,Alteración de lenguaje y/o área social en control de 18 meses,2019–2024,2019,2024,screening,APS,children reported,annual_sum,01-12,sum of months; COL01+COL02 (cells present),2358.0,2358.0,404,404,1076,1076,0,0,0,12,246,1842.0,Selection criterion; not an autism-positive screen,,REM/SerieA/SerieA_2020.csv,study/pipeline/02_rem_pathway.py
2021,A,A03,03500405,single_code,True,Alteración de lenguaje y/o área social en control de 18 meses,2019–2024,2019,2024,screening,APS,children reported,annual_sum,01-12,sum of months; COL01+COL02 (cells present),5118.0,5118.0,518,518,2226,2226,0,0,0,12,246,3747.0,Selection criterion; not an autism-positive screen,,REM/SerieA/SerieA_2021.csv,study/pipeline/02_rem_pathway.py
2022,A,A03,03500405,single_code,True,Alteración de lenguaje y/o área social en control de 18 meses,2019–2024,2019,2024,screening,APS,children reported,annual_sum,01-12,sum of months; COL01+COL02 (cells present),7870.0,7870.0,651,651,3172,3172,0,0,0,12,246,4992.0,Selection criterion; not an autism-positive screen,,REM/SerieA/SerieA_2022.csv,study/pipeline/02_rem_pathway.py
2023,A,A03,03500405,single_code,True,Alteración de lenguaje y/o área social en control de 18 meses,2019–2024,2019,2024,screening,APS,children reported,annual_sum,01-12,sum of months; COL01+COL02 (cells present),10333.0,10333.0,831,831,4098,4097,1,0,0,12,246,5242.0,Selection criterion; not an autism-positive screen,,REM/SerieA/SerieA_2023.csv,study/pipeline/02_rem_pathway.py
2024,A,A03,03500405,single_code,True,Alteración de lenguaje y/o área social en control de 18 meses,2019–2024,2019,2024,screening,APS,children reported,annual_sum,01-12,sum of months; COL01+COL02 (cells present),14774.0,14774.0,955,955,4871,4871,0,0,0,12,246,6910.0,Selection criterion; not an autism-positive screen,,REM/SerieA/SerieA_2024.csv,study/pipeline/02_rem_pathway.py
2019,A,A03,03500406,single_code,True,M-CHAT performed among children with language/social alteration,2019–2022,2019,2022,screening,APS,screening records,annual_sum,01-12,sum of months; COL01+COL02 (cells present),2613.0,2613.0,263,263,806,806,0,0,0,12,108,1316.0,Selected subgroup only; not population screening coverage,,REM/SerieA/SerieA_2019.csv,study/pipeline/02_rem_pathway.py
2020,A,A03,03500406,single_code,True,M-CHAT performed among children with language/social alteration,2019–2022,2019,2022,screening,APS,screening records,annual_sum,01-12,sum of months; COL01+COL02 (cells present),816.0,816.0,198,198,427,427,0,0,0,12,108,613.0,Selected subgroup only; not population screening coverage,,REM/SerieA/SerieA_2020.csv,study/pipeline/02_rem_pathway.py
2021,A,A03,03500406,single_code,True,M-CHAT performed among children with language/social alteration,2019–2022,2019,2022,screening,APS,screening records,annual_sum,01-12,sum of months; COL01+COL02 (cells present),1833.0,1833.0,273,273,893,893,0,0,0,12,108,1218.0,Selected subgroup only; not population screening coverage,,REM/SerieA/SerieA_2021.csv,study/pipeline/02_rem_pathway.py
2022,A,A03,03500406,single_code,True,M-CHAT performed among children with language/social alteration,2019–2022,2019,2022,screening,APS,screening records,annual_sum,01-12,sum of months; COL01+COL02 (cells present),3455.0,3455.0,399,399,1490,1490,0,0,0,12,108,1783.0,Selected subgroup only; not population screening coverage,,REM/SerieA/SerieA_2022.csv,study/pipeline/02_rem_pathway.py
2019,A,A03,03500407,single_code,True,Altered M-CHAT among children with language/social alteration,2019–2022,2019,2022,screening,APS,screening records,annual_sum,01-12,sum of months; COL01+COL02 (cells present),1640.0,1640.0,188,188,432,432,0,0,0,12,61,525.0,Selected subgroup positivity; do not call population positivity,,REM/SerieA/SerieA_2019.csv,study/pipeline/02_rem_pathway.py
2020,A,A03,03500407,single_code,True,Altered M-CHAT among children with language/social alteration,2019–2022,2019,2022,screening,APS,screening records,annual_sum,01-12,sum of months; COL01+COL02 (cells present),288.0,288.0,134,134,223,223,0,0,0,12,61,174.0,Selected subgroup positivity; do not call population positivity,,REM/SerieA/SerieA_2020.csv,study/pipeline/02_rem_pathway.py
2021,A,A03,03500407,single_code,True,Altered M-CHAT among children with language/social alteration,2019–2022,2019,2022,screening,APS,screening records,annual_sum,01-12,sum of months; COL01+COL02 (cells present),879.0,879.0,230,230,571,571,0,0,0,12,61,368.0,Selected subgroup positivity; do not call population positivity,,REM/SerieA/SerieA_2021.csv,study/pipeline/02_rem_pathway.py
2022,A,A03,03500407,single_code,True,Altered M-CHAT among children with language/social alteration,2019–2022,2019,2022,screening,APS,screening records,annual_sum,01-12,sum of months; COL01+COL02 (cells present),1535.0,1535.0,315,315,970,970,0,0,0,12,61,494.0,Selected subgroup positivity; do not call population positivity,,REM/SerieA/SerieA_2022.csv,study/pipeline/02_rem_pathway.py
2024,A,A03,03700104,single_code,True,Children aged 31–59 months evaluated at integral health control,2024–2024,2024,2024,screening,APS,children reported,annual_sum,01-12,sum of months; COL01+COL02 (cells present),39466.0,39462.0,694,694,3026,3026,0,0,1,12,694,39466.0,Introduced in 2024; 2025 age range and codes redesigned,,REM/SerieA/SerieA_2024.csv,study/pipeline/02_rem_pathway.py
2024,A,A03,03700105,single_code,True,Children aged 31–59 months suspected elsewhere,2024–2024,2024,2024,screening,APS,children reported,annual_sum,01-12,sum of months; COL01+COL02 (cells present),4576.0,4576.0,564,564,1780,1780,0,0,0,12,564,4576.0,Introduced in 2024; 2025 recoded,,REM/SerieA/SerieA_2024.csv,study/pipeline/02_rem_pathway.py
2024,A,A03,03700106,single_code,True,Autism suspicion by alert-sign guide: yes,2024–2024,2024,2024,screening,APS,screening results,annual_sum,01-12,sum of months; COL01+COL02 (cells present),5860.0,5860.0,674,674,2583,2583,0,0,0,12,674,5860.0,One-year code; 2025 recoded,,REM/SerieA/SerieA_2024.csv,study/pipeline/02_rem_pathway.py
2024,A,A03,03700107,single_code,True,Autism suspicion by alert-sign guide: no,2024–2024,2024,2024,screening,APS,screening results,annual_sum,01-12,sum of months; COL01+COL02 (cells present),6327.0,6323.0,495,495,1500,1500,0,0,1,12,495,6327.0,One-year code; 2025 recoded,,REM/SerieA/SerieA_2024.csv,study/pipeline/02_rem_pathway.py
2024,A,A03,03700108,single_code,True,Referral after alert-sign evaluation: yes,2024–2024,2024,2024,referral,APS,referral records,annual_sum,01-12,sum of months; COL01+COL02 (cells present),4866.0,4866.0,629,629,2303,2303,0,0,0,12,629,4866.0,One-year code; 2025 recoded,,REM/SerieA/SerieA_2024.csv,study/pipeline/02_rem_pathway.py
2024,A,A03,03700109,single_code,True,Referral after alert-sign evaluation: no,2024–2024,2024,2024,referral,APS,referral records,annual_sum,01-12,sum of months; COL01+COL02 (cells present),4935.0,4931.0,464,464,1230,1230,0,0,1,12,464,4935.0,One-year code; 2025 recoded,,REM/SerieA/SerieA_2024.csv,study/pipeline/02_rem_pathway.py
2025,A,A03,03710013,single_code,True,M-CHAT motive: altered EEDP language/social area in ages 16–30 months,2025–2025,2025,2025,screening,APS,screening records,annual_sum,01-12,sum of months; COL01+COL02 (cells present),14671.0,14671.0,869,862,4617,4479,52,86,0,12,869,14671.0,New 2025 design; motive rather than result,,REM/SerieA/SerieA_2025.csv,study/pipeline/02_rem_pathway.py
2025,A,A03,03710014,single_code,True,M-CHAT motive: autism risk factor or alert sign in ages 16–30 months,2025–2025,2025,2025,screening,APS,screening records,annual_sum,01-12,sum of months; COL01+COL02 (cells present),5921.0,5921.0,665,657,2480,2415,21,44,0,12,665,5921.0,New 2025 design; motive rather than result,,REM/SerieA/SerieA_2025.csv,study/pipeline/02_rem_pathway.py
2025,A,A03,03710015,single_code,True,M-CHAT motive: both altered EEDP and autism risk/alert in ages 16–30 months,2025–2025,2025,2025,screening,APS,screening records,annual_sum,01-12,sum of months; COL01+COL02 (cells present),2656.0,2656.0,503,491,1246,1196,25,25,0,12,503,2656.0,New 2025 design; motive rather than result,,REM/SerieA/SerieA_2025.csv,study/pipeline/02_rem_pathway.py
2025,A,A03,03710016,single_code,True,M-CHAT-R/F result: low risk,2025–2025,2025,2025,screening,APS,screening results,annual_sum,01-12,sum of months; COL01+COL02 (cells present),12971.0,12971.0,818,818,3984,3984,0,0,0,12,818,12971.0,Not directly continuous with 2023–2024 codes,,REM/SerieA/SerieA_2025.csv,study/pipeline/02_rem_pathway.py
2025,A,A03,03710017,single_code,True,M-CHAT-R/F medium risk: no diagnostic referral required,2025–2025,2025,2025,screening,APS,screening results,annual_sum,01-12,sum of months; COL01+COL02 (cells present),1637.0,1637.0,395,395,964,964,0,0,0,12,395,1637.0,Medium risk is split by referral in 2025,,REM/SerieA/SerieA_2025.csv,study/pipeline/02_rem_pathway.py
2025,A,A03,03710018,single_code,True,M-CHAT-R/F medium risk: diagnostic referral required,2025–2025,2025,2025,referral,APS,referral records,annual_sum,01-12,sum of months; COL01+COL02 (cells present),2500.0,2500.0,534,534,1637,1637,0,0,0,12,534,2500.0,Medium risk is split by referral in 2025,,REM/SerieA/SerieA_2025.csv,study/pipeline/02_rem_pathway.py
2025,A,A03,03710019,single_code,True,M-CHAT-R/F high risk: diagnostic referral required,2025–2025,2025,2025,referral,APS,referral records,annual_sum,01-12,sum of months; COL01+COL02 (cells present),2181.0,2181.0,505,505,1490,1490,0,0,0,12,505,2181.0,New 2025 design,,REM/SerieA/SerieA_2025.csv,study/pipeline/02_rem_pathway.py
2025,A,A03,03710020,single_code,True,Suspected autism ages 30–59 months: no diagnostic referral required,2025–2025,2025,2025,screening,APS,screening results,annual_sum,01-12,sum of months; COL01+COL02 (cells present),5140.0,5140.0,501,501,1788,1788,0,0,0,12,501,5140.0,New 2025 design,,REM/SerieA/SerieA_2025.csv,study/pipeline/02_rem_pathway.py
2025,A,A03,03710021,single_code,True,Suspected autism ages 30–59 months: diagnostic referral required,2025–2025,2025,2025,referral,APS,referral records,annual_sum,01-12,sum of months; COL01+COL02 (cells present),5883.0,5883.0,642,642,2747,2747,0,0,0,12,642,5883.0,New 2025 design,,REM/SerieA/SerieA_2025.csv,study/pipeline/02_rem_pathway.py
2023,A,A03,09600212,single_code,True,Suspected autism in other controls or consultations,2023–2024,2023,2024,screening,APS,children reported,annual_sum,01-12,sum of months; COL01+COL02 (cells present),8221.0,8221.0,731,731,2668,2663,3,2,0,12,602,7820.0,New construct from 2023,,REM/SerieA/SerieA_2023.csv,study/pipeline/02_rem_pathway.py
2024,A,A03,09600212,single_code,True,Suspected autism in other controls or consultations,2023–2024,2023,2024,screening,APS,children reported,annual_sum,01-12,sum of months; COL01+COL02 (cells present),12281.0,12281.0,861,861,3805,3805,0,0,0,12,602,11169.0,New construct from 2023,,REM/SerieA/SerieA_2024.csv,study/pipeline/02_rem_pathway.py
2023,A,A03,09600213,single_code,True,M-CHAT-R/F first part: low risk,2023–2024,2023,2024,screening,APS,screening results,annual_sum,01-12,sum of months; COL01+COL02 (cells present),14083.0,14083.0,880,880,3831,3830,1,0,0,12,752,13708.0,Definition break from legacy A03; 2025 recoded,,REM/SerieA/SerieA_2023.csv,study/pipeline/02_rem_pathway.py
2024,A,A03,09600213,single_code,True,M-CHAT-R/F first part: low risk,2023–2024,2023,2024,screening,APS,screening results,annual_sum,01-12,sum of months; COL01+COL02 (cells present),18142.0,18141.0,1082,1082,5351,5351,0,0,1,12,752,16161.0,Definition break from legacy A03; 2025 recoded,,REM/SerieA/SerieA_2024.csv,study/pipeline/02_rem_pathway.py
2023,A,A03,09600214,single_code,True,M-CHAT-R/F first part: medium risk,2023–2024,2023,2024,screening,APS,screening results,annual_sum,01-12,sum of months; COL01+COL02 (cells present),3642.0,3642.0,627,627,2117,2117,0,0,0,12,497,3358.0,Definition break from legacy A03; 2025 medium risk split by referral,,REM/SerieA/SerieA_2023.csv,study/pipeline/02_rem_pathway.py
2024,A,A03,09600214,single_code,True,M-CHAT-R/F first part: medium risk,2023–2024,2023,2024,screening,APS,screening results,annual_sum,01-12,sum of months; COL01+COL02 (cells present),4698.0,4698.0,734,734,2739,2739,0,0,0,12,497,4085.0,Definition break from legacy A03; 2025 medium risk split by referral,,REM/SerieA/SerieA_2024.csv,study/pipeline/02_rem_pathway.py
2023,A,A03,09600215,single_code,True,M-CHAT-R/F first part: high risk,2023–2024,2023,2024,screening,APS,screening results,annual_sum,01-12,sum of months; COL01+COL02 (cells present),1907.0,1907.0,478,478,1242,1242,0,0,0,12,346,1635.0,Definition break from legacy A03; overlaps referral-specific reporting,,REM/SerieA/SerieA_2023.csv,study/pipeline/02_rem_pathway.py
2024,A,A03,09600215,single_code,True,M-CHAT-R/F first part: high risk,2023–2024,2023,2024,screening,APS,screening results,annual_sum,01-12,sum of months; COL01+COL02 (cells present),2234.0,2234.0,552,552,1546,1546,0,0,0,12,346,1765.0,Definition break from legacy A03; overlaps referral-specific reporting,,REM/SerieA/SerieA_2024.csv,study/pipeline/02_rem_pathway.py
2023,A,A03,09600216,single_code,True,M-CHAT-R/F high risk with specialist referral,2023–2024,2023,2024,referral,APS,referral records,annual_sum,01-12,sum of months; COL01+COL02 (cells present),1152.0,1152.0,373,373,835,835,0,0,0,12,253,951.0,Not linkable to A27 or A05 persons,,REM/SerieA/SerieA_2023.csv,study/pipeline/02_rem_pathway.py
2024,A,A03,09600216,single_code,True,M-CHAT-R/F high risk with specialist referral,2023–2024,2023,2024,referral,APS,referral records,annual_sum,01-12,sum of months; COL01+COL02 (cells present),1741.0,1741.0,454,454,1164,1164,0,0,0,12,253,1275.0,Not linkable to A27 or A05 persons,,REM/SerieA/SerieA_2024.csv,study/pipeline/02_rem_pathway.py
2023,A,A03,09600217,single_code,True,M-CHAT-R/F second part: medium risk in first part,2023–2023,2023,2023,screening,APS,screening records,annual_sum,01-12,sum of months; COL01+COL02 (cells present),920.0,920.0,247,247,549,549,0,0,0,12,247,920.0,Header/denominator row present only in 2023 definition,,REM/SerieA/SerieA_2023.csv,study/pipeline/02_rem_pathway.py
2023,A,A03,09600218,single_code,True,M-CHAT-R/F second part: no referral required,2023–2024,2023,2024,screening,APS,screening results,annual_sum,01-12,sum of months; COL01+COL02 (cells present),817.0,817.0,267,267,488,488,0,0,0,12,168,614.0,2025 replaced by a new code family,,REM/SerieA/SerieA_2023.csv,study/pipeline/02_rem_pathway.py
2024,A,A03,09600218,single_code,True,M-CHAT-R/F second part: no referral required,2023–2024,2023,2024,screening,APS,screening results,annual_sum,01-12,sum of months; COL01+COL02 (cells present),2341.0,2340.0,528,528,1164,1164,0,0,1,12,168,1037.0,2025 replaced by a new code family,,REM/SerieA/SerieA_2024.csv,study/pipeline/02_rem_pathway.py
2023,A,A03,09600219,single_code,True,M-CHAT-R/F second part: referral required,2023–2024,2023,2024,referral,APS,referral records,annual_sum,01-12,sum of months; COL01+COL02 (cells present),1136.0,1136.0,346,346,801,801,0,0,0,12,237,963.0,2025 replaced by a new code family,,REM/SerieA/SerieA_2023.csv,study/pipeline/02_rem_pathway.py
2024,A,A03,09600219,single_code,True,M-CHAT-R/F second part: referral required,2023–2024,2023,2024,referral,APS,referral records,annual_sum,01-12,sum of months; COL01+COL02 (cells present),2283.0,2283.0,516,516,1455,1455,0,0,0,12,237,1499.0,2025 replaced by a new code family,,REM/SerieA/SerieA_2024.csv,study/pipeline/02_rem_pathway.py
2019,A,A05,05225000,broad_pre2021,True,"A05 egresos (altas clínicas) a salud mental: trastornos generalizados del desarrollo (TGD amplio, pre-2021)",2019–2020,2019,2020,exit,mental_health,exits reported,annual_sum,01-12,sum of months and of the family codes; COL01,1208.0,1208.0,387,312,922,691,231,0,0,12,181,833.0,Family sum over separately reported categories; establishments counted once if they report any family code; broad pre-2021 category cannot isolate autism,,REM/SerieA/SerieA_2019.csv,study/pipeline/02_rem_pathway.py
2020,A,A05,05225000,broad_pre2021,True,"A05 egresos (altas clínicas) a salud mental: trastornos generalizados del desarrollo (TGD amplio, pre-2021)",2019–2020,2019,2020,exit,mental_health,exits reported,annual_sum,01-12,sum of months and of the family codes; COL01,646.0,646.0,260,215,504,400,104,0,0,12,181,504.0,Family sum over separately reported categories; establishments counted once if they report any family code; broad pre-2021 category cannot isolate autism,,REM/SerieA/SerieA_2020.csv,study/pipeline/02_rem_pathway.py
2019,A,A05,06902600,broad_pre2021,True,"A05 ingresos a salud mental: trastornos generalizados del desarrollo (TGD amplio, pre-2021)",2019–2020,2019,2020,entry,mental_health,entries reported,annual_sum,01-12,sum of months and of the family codes; COL01,4417.0,4417.0,651,651,2256,2255,0,1,0,12,395,3765.0,Family sum over separately reported categories; establishments counted once if they report any family code; broad pre-2021 category cannot isolate autism,,REM/SerieA/SerieA_2019.csv,study/pipeline/02_rem_pathway.py
2020,A,A05,06902600,broad_pre2021,True,"A05 ingresos a salud mental: trastornos generalizados del desarrollo (TGD amplio, pre-2021)",2019–2020,2019,2020,entry,mental_health,entries reported,annual_sum,01-12,sum of months and of the family codes; COL01,2560.0,2560.0,492,491,1353,1352,1,0,0,12,395,2310.0,Family sum over separately reported categories; establishments counted once if they report any family code; broad pre-2021 category cannot isolate autism,,REM/SerieA/SerieA_2020.csv,study/pipeline/02_rem_pathway.py
2021,A,A05,05990022+05990023+05990024+05990025+05990026,con_rett,False,A05 ingresos a salud mental: familia TGD (F84 completo (incluye síndrome de Rett)),2021–2025,2021,2025,entry,mental_health,entries reported,annual_sum,01-12,sum of months and of the family codes; COL01,5302.0,5302.0,725,725,2957,2955,2,0,0,12,436,4047.0,Family sum over separately reported categories; establishments counted once if they report any family code,,REM/SerieA/SerieA_2021.csv,study/pipeline/02_rem_pathway.py
2022,A,A05,05990022+05990023+05990024+05990025+05990026,con_rett,False,A05 ingresos a salud mental: familia TGD (F84 completo (incluye síndrome de Rett)),2021–2025,2021,2025,entry,mental_health,entries reported,annual_sum,01-12,sum of months and of the family codes; COL01,8080.0,8080.0,872,872,4453,4448,5,0,0,12,436,5792.0,Family sum over separately reported categories; establishments counted once if they report any family code,,REM/SerieA/SerieA_2022.csv,study/pipeline/02_rem_pathway.py
2023,A,A05,05990022+05990023+05990024+05990025+05990026,con_rett,False,A05 ingresos a salud mental: familia TGD (F84 completo (incluye síndrome de Rett)),2021–2025,2021,2025,entry,mental_health,entries reported,annual_sum,01-12,sum of months and of the family codes; COL01,12142.0,12142.0,1041,1041,5965,5955,10,0,0,12,436,8133.0,Family sum over separately reported categories; establishments counted once if they report any family code,,REM/SerieA/SerieA_2023.csv,study/pipeline/02_rem_pathway.py
2024,A,A05,05990022+05990023+05990024+05990025+05990026,con_rett,False,A05 ingresos a salud mental: familia TGD (F84 completo (incluye síndrome de Rett)),2021–2025,2021,2025,entry,mental_health,entries reported,annual_sum,01-12,sum of months and of the family codes; COL01,14888.0,14888.0,1154,1154,6817,6816,0,1,0,12,436,9521.0,Family sum over separately reported categories; establishments counted once if they report any family code,,REM/SerieA/SerieA_2024.csv,study/pipeline/02_rem_pathway.py
2025,A,A05,05990022+05990023+05990024+05990025+05990026,con_rett,False,A05 ingresos a salud mental: familia TGD (F84 completo (incluye síndrome de Rett)),2021–2025,2021,2025,entry,mental_health,entries reported,annual_sum,01-12,sum of months and of the family codes; COL01,15685.0,15685.0,995,995,6271,6270,0,1,0,12,436,11015.0,Family sum over separately reported categories; establishments counted once if they report any family code,,REM/SerieA/SerieA_2025.csv,study/pipeline/02_rem_pathway.py
2021,A,A05,05990027+05990028+05990029+05990030+05990031,con_rett,False,A05 egresos (altas clínicas) a salud mental: familia TGD (F84 completo (incluye síndrome de Rett)),2021–2025,2021,2025,exit,mental_health,exits reported,annual_sum,01-12,sum of months and of the family codes; COL01,1560.0,1560.0,393,336,1112,873,238,1,0,12,187,981.0,Family sum over separately reported categories; establishments counted once if they report any family code,,REM/SerieA/SerieA_2021.csv,study/pipeline/02_rem_pathway.py
2022,A,A05,05990027+05990028+05990029+05990030+05990031,con_rett,False,A05 egresos (altas clínicas) a salud mental: familia TGD (F84 completo (incluye síndrome de Rett)),2021–2025,2021,2025,exit,mental_health,exits reported,annual_sum,01-12,sum of months and of the family codes; COL01,1823.0,1823.0,498,433,1485,1156,329,0,0,12,187,926.0,Family sum over separately reported categories; establishments counted once if they report any family code,,REM/SerieA/SerieA_2022.csv,study/pipeline/02_rem_pathway.py
2023,A,A05,05990027+05990028+05990029+05990030+05990031,con_rett,False,A05 egresos (altas clínicas) a salud mental: familia TGD (F84 completo (incluye síndrome de Rett)),2021–2025,2021,2025,exit,mental_health,exits reported,annual_sum,01-12,sum of months and of the family codes; COL01,3000.0,3000.0,589,518,2149,1714,435,0,0,12,187,1571.0,Family sum over separately reported categories; establishments counted once if they report any family code,,REM/SerieA/SerieA_2023.csv,study/pipeline/02_rem_pathway.py
2024,A,A05,05990027+05990028+05990029+05990030+05990031,con_rett,False,A05 egresos (altas clínicas) a salud mental: familia TGD (F84 completo (incluye síndrome de Rett)),2021–2025,2021,2025,exit,mental_health,exits reported,annual_sum,01-12,sum of months and of the family codes; COL01,4943.0,4943.0,727,625,2780,2134,644,2,0,12,187,1648.0,Family sum over separately reported categories; establishments counted once if they report any family code,,REM/SerieA/SerieA_2024.csv,study/pipeline/02_rem_pathway.py
2025,A,A05,05990027+05990028+05990029+05990030+05990031,con_rett,False,A05 egresos (altas clínicas) a salud mental: familia TGD (F84 completo (incluye síndrome de Rett)),2021–2025,2021,2025,exit,mental_health,exits reported,annual_sum,01-12,sum of months and of the family codes; COL01,4463.0,4463.0,676,597,3048,2249,799,0,0,12,187,2206.0,Family sum over separately reported categories; establishments counted once if they report any family code,,REM/SerieA/SerieA_2025.csv,study/pipeline/02_rem_pathway.py
2021,A,A05,05990022+05990023+05990025+05990026,sin_rett,False,A05 ingresos a salud mental: familia TGD (F84 sin síndrome de Rett),2021–2025,2021,2025,entry,mental_health,entries reported,annual_sum,01-12,sum of months and of the family codes; COL01,4948.0,4948.0,710,709,2874,2872,2,0,0,12,432,3753.0,Family sum over separately reported categories; establishments counted once if they report any family code,,REM/SerieA/SerieA_2021.csv,study/pipeline/02_rem_pathway.py
2022,A,A05,05990022+05990023+05990025+05990026,sin_rett,False,A05 ingresos a salud mental: familia TGD (F84 sin síndrome de Rett),2021–2025,2021,2025,entry,mental_health,entries reported,annual_sum,01-12,sum of months and of the family codes; COL01,8004.0,8004.0,869,869,4427,4422,5,0,0,12,432,5750.0,Family sum over separately reported categories; establishments counted once if they report any family code,,REM/SerieA/SerieA_2022.csv,study/pipeline/02_rem_pathway.py
2023,A,A05,05990022+05990023+05990025+05990026,sin_rett,False,A05 ingresos a salud mental: familia TGD (F84 sin síndrome de Rett),2021–2025,2021,2025,entry,mental_health,entries reported,annual_sum,01-12,sum of months and of the family codes; COL01,12086.0,12086.0,1040,1040,5939,5929,10,0,0,12,432,8076.0,Family sum over separately reported categories; establishments counted once if they report any family code,,REM/SerieA/SerieA_2023.csv,study/pipeline/02_rem_pathway.py
2024,A,A05,05990022+05990023+05990025+05990026,sin_rett,False,A05 ingresos a salud mental: familia TGD (F84 sin síndrome de Rett),2021–2025,2021,2025,entry,mental_health,entries reported,annual_sum,01-12,sum of months and of the family codes; COL01,14873.0,14873.0,1153,1153,6804,6803,0,1,0,12,432,9464.0,Family sum over separately reported categories; establishments counted once if they report any family code,,REM/SerieA/SerieA_2024.csv,study/pipeline/02_rem_pathway.py
2025,A,A05,05990022+05990023+05990025+05990026,sin_rett,False,A05 ingresos a salud mental: familia TGD (F84 sin síndrome de Rett),2021–2025,2021,2025,entry,mental_health,entries reported,annual_sum,01-12,sum of months and of the family codes; COL01,15669.0,15669.0,995,995,6264,6263,0,1,0,12,432,10928.0,Family sum over separately reported categories; establishments counted once if they report any family code,,REM/SerieA/SerieA_2025.csv,study/pipeline/02_rem_pathway.py
2021,A,A05,05990027+05990028+05990030+05990031,sin_rett,False,A05 egresos (altas clínicas) a salud mental: familia TGD (F84 sin síndrome de Rett),2021–2025,2021,2025,exit,mental_health,exits reported,annual_sum,01-12,sum of months and of the family codes; COL01,1485.0,1485.0,387,330,1081,855,225,1,0,12,186,953.0,Family sum over separately reported categories; establishments counted once if they report any family code,,REM/SerieA/SerieA_2021.csv,study/pipeline/02_rem_pathway.py
2022,A,A05,05990027+05990028+05990030+05990031,sin_rett,False,A05 egresos (altas clínicas) a salud mental: familia TGD (F84 sin síndrome de Rett),2021–2025,2021,2025,exit,mental_health,exits reported,annual_sum,01-12,sum of months and of the family codes; COL01,1799.0,1799.0,492,431,1467,1147,320,0,0,12,186,920.0,Family sum over separately reported categories; establishments counted once if they report any family code,,REM/SerieA/SerieA_2022.csv,study/pipeline/02_rem_pathway.py
2023,A,A05,05990027+05990028+05990030+05990031,sin_rett,False,A05 egresos (altas clínicas) a salud mental: familia TGD (F84 sin síndrome de Rett),2021–2025,2021,2025,exit,mental_health,exits reported,annual_sum,01-12,sum of months and of the family codes; COL01,2975.0,2975.0,587,516,2132,1700,432,0,0,12,186,1560.0,Family sum over separately reported categories; establishments counted once if they report any family code,,REM/SerieA/SerieA_2023.csv,study/pipeline/02_rem_pathway.py
2024,A,A05,05990027+05990028+05990030+05990031,sin_rett,False,A05 egresos (altas clínicas) a salud mental: familia TGD (F84 sin síndrome de Rett),2021–2025,2021,2025,exit,mental_health,exits reported,annual_sum,01-12,sum of months and of the family codes; COL01,4872.0,4872.0,725,623,2763,2118,643,2,0,12,186,1643.0,Family sum over separately reported categories; establishments counted once if they report any family code,,REM/SerieA/SerieA_2024.csv,study/pipeline/02_rem_pathway.py
2025,A,A05,05990027+05990028+05990030+05990031,sin_rett,False,A05 egresos (altas clínicas) a salud mental: familia TGD (F84 sin síndrome de Rett),2021–2025,2021,2025,exit,mental_health,exits reported,annual_sum,01-12,sum of months and of the family codes; COL01,4449.0,4449.0,675,596,3038,2243,795,0,0,12,186,2195.0,Family sum over separately reported categories; establishments counted once if they report any family code,,REM/SerieA/SerieA_2025.csv,study/pipeline/02_rem_pathway.py
2019,A,A05,05225000,single_code,True,Clinical discharge: pervasive developmental disorders,2019–2020,2019,2020,exit,mental_health,exits reported,annual_sum,01-12,sum of months; COL01,1208.0,1208.0,387,312,922,691,231,0,0,12,181,833.0,Broad pre-2021 category; cannot isolate autism,,REM/SerieA/SerieA_2019.csv,study/pipeline/02_rem_pathway.py
2020,A,A05,05225000,single_code,True,Clinical discharge: pervasive developmental disorders,2019–2020,2019,2020,exit,mental_health,exits reported,annual_sum,01-12,sum of months; COL01,646.0,646.0,260,215,504,400,104,0,0,12,181,504.0,Broad pre-2021 category; cannot isolate autism,,REM/SerieA/SerieA_2020.csv,study/pipeline/02_rem_pathway.py
2021,A,A05,05990022,single_code,True,Entry: autism,2021–2025,2021,2025,entry,mental_health,entries reported,annual_sum,01-12,sum of months; COL01,2085.0,2085.0,449,449,1159,1159,0,0,0,12,258,1522.0,Definition break in 2021; not person-linked to screening or stocks,,REM/SerieA/SerieA_2021.csv,study/pipeline/02_rem_pathway.py
2022,A,A05,05990022,single_code,True,Entry: autism,2021–2025,2021,2025,entry,mental_health,entries reported,annual_sum,01-12,sum of months; COL01,4640.0,4640.0,658,658,2297,2296,1,0,0,12,258,2852.0,Definition break in 2021; not person-linked to screening or stocks,,REM/SerieA/SerieA_2022.csv,study/pipeline/02_rem_pathway.py
2023,A,A05,05990022,single_code,True,Entry: autism,2021–2025,2021,2025,entry,mental_health,entries reported,annual_sum,01-12,sum of months; COL01,8049.0,8049.0,920,920,3712,3709,3,0,0,12,258,4187.0,Definition break in 2021; not person-linked to screening or stocks,,REM/SerieA/SerieA_2023.csv,study/pipeline/02_rem_pathway.py
2024,A,A05,05990022,single_code,True,Entry: autism,2021–2025,2021,2025,entry,mental_health,entries reported,annual_sum,01-12,sum of months; COL01,11842.0,11842.0,1070,1070,5020,5019,0,1,0,12,258,5694.0,Definition break in 2021; not person-linked to screening or stocks,,REM/SerieA/SerieA_2024.csv,study/pipeline/02_rem_pathway.py
2025,A,A05,05990022,single_code,True,Entry: autism,2021–2025,2021,2025,entry,mental_health,entries reported,annual_sum,01-12,sum of months; COL01,13155.0,13155.0,952,952,4872,4871,0,1,0,12,258,6767.0,Definition break in 2021; not person-linked to screening or stocks,,REM/SerieA/SerieA_2025.csv,study/pipeline/02_rem_pathway.py
2021,A,A05,05990023,single_code,True,Entry: Asperger,2021–2025,2021,2025,entry,mental_health,entries reported,annual_sum,01-12,sum of months; COL01,911.0,911.0,329,328,607,605,2,0,0,12,41,230.0,Legacy diagnostic taxonomy,,REM/SerieA/SerieA_2021.csv,study/pipeline/02_rem_pathway.py
2022,A,A05,05990023,single_code,True,Entry: Asperger,2021–2025,2021,2025,entry,mental_health,entries reported,annual_sum,01-12,sum of months; COL01,1207.0,1207.0,397,396,873,870,3,0,0,12,41,310.0,Legacy diagnostic taxonomy,,REM/SerieA/SerieA_2022.csv,study/pipeline/02_rem_pathway.py
2023,A,A05,05990023,single_code,True,Entry: Asperger,2021–2025,2021,2025,entry,mental_health,entries reported,annual_sum,01-12,sum of months; COL01,1301.0,1301.0,397,397,842,842,0,0,0,12,41,398.0,Legacy diagnostic taxonomy,,REM/SerieA/SerieA_2023.csv,study/pipeline/02_rem_pathway.py
2024,A,A05,05990023,single_code,True,Entry: Asperger,2021–2025,2021,2025,entry,mental_health,entries reported,annual_sum,01-12,sum of months; COL01,922.0,922.0,312,312,618,618,0,0,0,12,41,320.0,Legacy diagnostic taxonomy,,REM/SerieA/SerieA_2024.csv,study/pipeline/02_rem_pathway.py
2025,A,A05,05990023,single_code,True,Entry: Asperger,2021–2025,2021,2025,entry,mental_health,entries reported,annual_sum,01-12,sum of months; COL01,663.0,663.0,207,207,417,417,0,0,0,12,41,274.0,Legacy diagnostic taxonomy,,REM/SerieA/SerieA_2025.csv,study/pipeline/02_rem_pathway.py
2021,A,A05,05990024,single_code,True,Entry: Rett syndrome,2021–2025,2021,2025,entry,mental_health,entries reported,annual_sum,01-12,sum of months; COL01,354.0,354.0,58,58,83,83,0,0,0,12,0,,Do not include in strict autism outcome,,REM/SerieA/SerieA_2021.csv,study/pipeline/02_rem_pathway.py
2022,A,A05,05990024,single_code,True,Entry: Rett syndrome,2021–2025,2021,2025,entry,mental_health,entries reported,annual_sum,01-12,sum of months; COL01,76.0,76.0,22,22,26,26,0,0,0,11,0,,Do not include in strict autism outcome,,REM/SerieA/SerieA_2022.csv,study/pipeline/02_rem_pathway.py
2023,A,A05,05990024,single_code,True,Entry: Rett syndrome,2021–2025,2021,2025,entry,mental_health,entries reported,annual_sum,01-12,sum of months; COL01,56.0,56.0,20,20,26,26,0,0,0,10,0,,Do not include in strict autism outcome,,REM/SerieA/SerieA_2023.csv,study/pipeline/02_rem_pathway.py
2024,A,A05,05990024,single_code,True,Entry: Rett syndrome,2021–2025,2021,2025,entry,mental_health,entries reported,annual_sum,01-12,sum of months; COL01,15.0,15.0,13,13,13,13,0,0,0,6,0,,Do not include in strict autism outcome,,REM/SerieA/SerieA_2024.csv,study/pipeline/02_rem_pathway.py
2025,A,A05,05990024,single_code,True,Entry: Rett syndrome,2021–2025,2021,2025,entry,mental_health,entries reported,annual_sum,01-12,sum of months; COL01,16.0,16.0,6,6,7,7,0,0,0,6,0,,Do not include in strict autism outcome,,REM/SerieA/SerieA_2025.csv,study/pipeline/02_rem_pathway.py
2021,A,A05,05990025,single_code,True,Entry: childhood disintegrative disorder,2021–2025,2021,2025,entry,mental_health,entries reported,annual_sum,01-12,sum of months; COL01,68.0,68.0,38,38,41,41,0,0,0,11,0,,Do not include in strict autism outcome,,REM/SerieA/SerieA_2021.csv,study/pipeline/02_rem_pathway.py
2022,A,A05,05990025,single_code,True,Entry: childhood disintegrative disorder,2021–2025,2021,2025,entry,mental_health,entries reported,annual_sum,01-12,sum of months; COL01,41.0,41.0,24,24,28,28,0,0,0,10,0,,Do not include in strict autism outcome,,REM/SerieA/SerieA_2022.csv,study/pipeline/02_rem_pathway.py
2023,A,A05,05990025,single_code,True,Entry: childhood disintegrative disorder,2021–2025,2021,2025,entry,mental_health,entries reported,annual_sum,01-12,sum of months; COL01,67.0,67.0,40,38,55,53,2,0,0,12,0,,Do not include in strict autism outcome,,REM/SerieA/SerieA_2023.csv,study/pipeline/02_rem_pathway.py
2024,A,A05,05990025,single_code,True,Entry: childhood disintegrative disorder,2021–2025,2021,2025,entry,mental_health,entries reported,annual_sum,01-12,sum of months; COL01,47.0,47.0,27,27,34,34,0,0,0,12,0,,Do not include in strict autism outcome,,REM/SerieA/SerieA_2024.csv,study/pipeline/02_rem_pathway.py
2025,A,A05,05990025,single_code,True,Entry: childhood disintegrative disorder,2021–2025,2021,2025,entry,mental_health,entries reported,annual_sum,01-12,sum of months; COL01,30.0,30.0,21,21,26,26,0,0,0,10,0,,Do not include in strict autism outcome,,REM/SerieA/SerieA_2025.csv,study/pipeline/02_rem_pathway.py
2021,A,A05,05990026,single_code,True,Entry: pervasive developmental disorder unspecified,2021–2025,2021,2025,entry,mental_health,entries reported,annual_sum,01-12,sum of months; COL01,1884.0,1884.0,424,424,1067,1067,0,0,0,12,102,690.0,Use only in prespecified broad sensitivity,,REM/SerieA/SerieA_2021.csv,study/pipeline/02_rem_pathway.py
2022,A,A05,05990026,single_code,True,Entry: pervasive developmental disorder unspecified,2021–2025,2021,2025,entry,mental_health,entries reported,annual_sum,01-12,sum of months; COL01,2116.0,2116.0,460,460,1229,1228,1,0,0,12,102,848.0,Use only in prespecified broad sensitivity,,REM/SerieA/SerieA_2022.csv,study/pipeline/02_rem_pathway.py
2023,A,A05,05990026,single_code,True,Entry: pervasive developmental disorder unspecified,2021–2025,2021,2025,entry,mental_health,entries reported,annual_sum,01-12,sum of months; COL01,2669.0,2669.0,473,473,1330,1325,5,0,0,12,102,1146.0,Use only in prespecified broad sensitivity,,REM/SerieA/SerieA_2023.csv,study/pipeline/02_rem_pathway.py
2024,A,A05,05990026,single_code,True,Entry: pervasive developmental disorder unspecified,2021–2025,2021,2025,entry,mental_health,entries reported,annual_sum,01-12,sum of months; COL01,2062.0,2062.0,457,457,1132,1132,0,0,0,12,102,1000.0,Use only in prespecified broad sensitivity,,REM/SerieA/SerieA_2024.csv,study/pipeline/02_rem_pathway.py
2025,A,A05,05990026,single_code,True,Entry: pervasive developmental disorder unspecified,2021–2025,2021,2025,entry,mental_health,entries reported,annual_sum,01-12,sum of months; COL01,1821.0,1821.0,368,368,949,949,0,0,0,12,102,855.0,Use only in prespecified broad sensitivity,,REM/SerieA/SerieA_2025.csv,study/pipeline/02_rem_pathway.py
2021,A,A05,05990027,single_code,True,Clinical discharge: autism,2021–2025,2021,2025,exit,mental_health,exits reported,annual_sum,01-12,sum of months; COL01,494.0,494.0,207,167,373,293,80,0,0,12,85,240.0,Not person-linked to entries; an annual ratio is not retention,,REM/SerieA/SerieA_2021.csv,study/pipeline/02_rem_pathway.py
2022,A,A05,05990027,single_code,True,Clinical discharge: autism,2021–2025,2021,2025,exit,mental_health,exits reported,annual_sum,01-12,sum of months; COL01,831.0,831.0,307,256,648,514,134,0,0,12,85,316.0,Not person-linked to entries; an annual ratio is not retention,,REM/SerieA/SerieA_2022.csv,study/pipeline/02_rem_pathway.py
2023,A,A05,05990027,single_code,True,Clinical discharge: autism,2021–2025,2021,2025,exit,mental_health,exits reported,annual_sum,01-12,sum of months; COL01,1814.0,1814.0,438,376,1174,969,205,0,0,12,85,689.0,Not person-linked to entries; an annual ratio is not retention,,REM/SerieA/SerieA_2023.csv,study/pipeline/02_rem_pathway.py
2024,A,A05,05990027,single_code,True,Clinical discharge: autism,2021–2025,2021,2025,exit,mental_health,exits reported,annual_sum,01-12,sum of months; COL01,3315.0,3315.0,625,514,1811,1413,397,1,0,12,85,782.0,Not person-linked to entries; an annual ratio is not retention,,REM/SerieA/SerieA_2024.csv,study/pipeline/02_rem_pathway.py
2025,A,A05,05990027,single_code,True,Clinical discharge: autism,2021–2025,2021,2025,exit,mental_health,exits reported,annual_sum,01-12,sum of months; COL01,3367.0,3367.0,624,545,2160,1639,521,0,0,12,85,1042.0,Not person-linked to entries; an annual ratio is not retention,,REM/SerieA/SerieA_2025.csv,study/pipeline/02_rem_pathway.py
2021,A,A05,05990028,single_code,True,Clinical discharge: Asperger,2021–2025,2021,2025,exit,mental_health,exits reported,annual_sum,01-12,sum of months; COL01,255.0,255.0,150,125,239,197,42,0,0,12,15,39.0,Legacy diagnostic taxonomy,,REM/SerieA/SerieA_2021.csv,study/pipeline/02_rem_pathway.py
2022,A,A05,05990028,single_code,True,Clinical discharge: Asperger,2021–2025,2021,2025,exit,mental_health,exits reported,annual_sum,01-12,sum of months; COL01,360.0,360.0,181,148,324,258,66,0,0,12,15,94.0,Legacy diagnostic taxonomy,,REM/SerieA/SerieA_2022.csv,study/pipeline/02_rem_pathway.py
2023,A,A05,05990028,single_code,True,Clinical discharge: Asperger,2021–2025,2021,2025,exit,mental_health,exits reported,annual_sum,01-12,sum of months; COL01,434.0,434.0,195,161,347,270,77,0,0,12,15,93.0,Legacy diagnostic taxonomy,,REM/SerieA/SerieA_2023.csv,study/pipeline/02_rem_pathway.py
2024,A,A05,05990028,single_code,True,Clinical discharge: Asperger,2021–2025,2021,2025,exit,mental_health,exits reported,annual_sum,01-12,sum of months; COL01,476.0,476.0,220,166,378,275,103,0,0,12,15,94.0,Legacy diagnostic taxonomy,,REM/SerieA/SerieA_2024.csv,study/pipeline/02_rem_pathway.py
2025,A,A05,05990028,single_code,True,Clinical discharge: Asperger,2021–2025,2021,2025,exit,mental_health,exits reported,annual_sum,01-12,sum of months; COL01,424.0,424.0,168,122,336,229,107,0,0,12,15,133.0,Legacy diagnostic taxonomy,,REM/SerieA/SerieA_2025.csv,study/pipeline/02_rem_pathway.py
2021,A,A05,05990029,single_code,True,Clinical discharge: Rett syndrome,2021–2025,2021,2025,exit,mental_health,exits reported,annual_sum,01-12,sum of months; COL01,75.0,75.0,29,16,31,18,13,0,0,12,0,,Do not include in strict autism outcome,,REM/SerieA/SerieA_2021.csv,study/pipeline/02_rem_pathway.py
2022,A,A05,05990029,single_code,True,Clinical discharge: Rett syndrome,2021–2025,2021,2025,exit,mental_health,exits reported,annual_sum,01-12,sum of months; COL01,24.0,24.0,17,8,18,9,9,0,0,10,0,,Do not include in strict autism outcome,,REM/SerieA/SerieA_2022.csv,study/pipeline/02_rem_pathway.py
2023,A,A05,05990029,single_code,True,Clinical discharge: Rett syndrome,2021–2025,2021,2025,exit,mental_health,exits reported,annual_sum,01-12,sum of months; COL01,25.0,25.0,17,14,17,14,3,0,0,8,0,,Do not include in strict autism outcome,,REM/SerieA/SerieA_2023.csv,study/pipeline/02_rem_pathway.py
2024,A,A05,05990029,single_code,True,Clinical discharge: Rett syndrome,2021–2025,2021,2025,exit,mental_health,exits reported,annual_sum,01-12,sum of months; COL01,71.0,71.0,9,8,17,16,1,0,0,8,0,,Do not include in strict autism outcome,,REM/SerieA/SerieA_2024.csv,study/pipeline/02_rem_pathway.py
2025,A,A05,05990029,single_code,True,Clinical discharge: Rett syndrome,2021–2025,2021,2025,exit,mental_health,exits reported,annual_sum,01-12,sum of months; COL01,14.0,14.0,9,6,10,6,4,0,0,8,0,,Do not include in strict autism outcome,,REM/SerieA/SerieA_2025.csv,study/pipeline/02_rem_pathway.py
2021,A,A05,05990030,single_code,True,Clinical discharge: childhood disintegrative disorder,2021–2025,2021,2025,exit,mental_health,exits reported,annual_sum,01-12,sum of months; COL01,18.0,18.0,17,11,19,11,8,0,0,9,0,,Do not include in strict autism outcome,,REM/SerieA/SerieA_2021.csv,study/pipeline/02_rem_pathway.py
2022,A,A05,05990030,single_code,True,Clinical discharge: childhood disintegrative disorder,2021–2025,2021,2025,exit,mental_health,exits reported,annual_sum,01-12,sum of months; COL01,26.0,26.0,15,11,15,11,4,0,0,7,0,,Do not include in strict autism outcome,,REM/SerieA/SerieA_2022.csv,study/pipeline/02_rem_pathway.py
2023,A,A05,05990030,single_code,True,Clinical discharge: childhood disintegrative disorder,2021–2025,2021,2025,exit,mental_health,exits reported,annual_sum,01-12,sum of months; COL01,6.0,6.0,10,6,10,6,4,0,0,7,0,,Do not include in strict autism outcome,,REM/SerieA/SerieA_2023.csv,study/pipeline/02_rem_pathway.py
2024,A,A05,05990030,single_code,True,Clinical discharge: childhood disintegrative disorder,2021–2025,2021,2025,exit,mental_health,exits reported,annual_sum,01-12,sum of months; COL01,8.0,8.0,8,6,8,6,2,0,0,7,0,,Do not include in strict autism outcome,,REM/SerieA/SerieA_2024.csv,study/pipeline/02_rem_pathway.py
2025,A,A05,05990030,single_code,True,Clinical discharge: childhood disintegrative disorder,2021–2025,2021,2025,exit,mental_health,exits reported,annual_sum,01-12,sum of months; COL01,17.0,17.0,12,7,12,7,5,0,0,7,0,,Do not include in strict autism outcome,,REM/SerieA/SerieA_2025.csv,study/pipeline/02_rem_pathway.py
2021,A,A05,05990031,single_code,True,Clinical discharge: pervasive developmental disorder unspecified,2021–2025,2021,2025,exit,mental_health,exits reported,annual_sum,01-12,sum of months; COL01,718.0,718.0,226,185,450,354,95,1,0,12,33,244.0,Use only in prespecified broad sensitivity,,REM/SerieA/SerieA_2021.csv,study/pipeline/02_rem_pathway.py
2022,A,A05,05990031,single_code,True,Clinical discharge: pervasive developmental disorder unspecified,2021–2025,2021,2025,exit,mental_health,exits reported,annual_sum,01-12,sum of months; COL01,582.0,582.0,236,196,480,364,116,0,0,12,33,112.0,Use only in prespecified broad sensitivity,,REM/SerieA/SerieA_2022.csv,study/pipeline/02_rem_pathway.py
2023,A,A05,05990031,single_code,True,Clinical discharge: pervasive developmental disorder unspecified,2021–2025,2021,2025,exit,mental_health,exits reported,annual_sum,01-12,sum of months; COL01,721.0,721.0,280,221,601,455,146,0,0,12,33,185.0,Use only in prespecified broad sensitivity,,REM/SerieA/SerieA_2023.csv,study/pipeline/02_rem_pathway.py
2024,A,A05,05990031,single_code,True,Clinical discharge: pervasive developmental disorder unspecified,2021–2025,2021,2025,exit,mental_health,exits reported,annual_sum,01-12,sum of months; COL01,1073.0,1073.0,269,201,566,424,141,1,0,12,33,176.0,Use only in prespecified broad sensitivity,,REM/SerieA/SerieA_2024.csv,study/pipeline/02_rem_pathway.py
2025,A,A05,05990031,single_code,True,Clinical discharge: pervasive developmental disorder unspecified,2021–2025,2021,2025,exit,mental_health,exits reported,annual_sum,01-12,sum of months; COL01,641.0,641.0,217,165,530,368,162,0,0,12,33,185.0,Use only in prespecified broad sensitivity,,REM/SerieA/SerieA_2025.csv,study/pipeline/02_rem_pathway.py
2019,A,A05,06902600,single_code,True,Entry to mental-health programme: pervasive developmental disorders,2019–2020,2019,2020,entry,mental_health,entries reported,annual_sum,01-12,sum of months; COL01,4417.0,4417.0,651,651,2256,2255,0,1,0,12,395,3765.0,Broad pre-2021 category; cannot isolate autism,,REM/SerieA/SerieA_2019.csv,study/pipeline/02_rem_pathway.py
2020,A,A05,06902600,single_code,True,Entry to mental-health programme: pervasive developmental disorders,2019–2020,2019,2020,entry,mental_health,entries reported,annual_sum,01-12,sum of months; COL01,2560.0,2560.0,492,491,1353,1352,1,0,0,12,395,2310.0,Broad pre-2021 category; cannot isolate autism,,REM/SerieA/SerieA_2020.csv,study/pipeline/02_rem_pathway.py
2021,A,A05,05990022,strict_autism,True,A05 ingresos a salud mental: autismo estricto,2021–2025,2021,2025,entry,mental_health,entries reported,annual_sum,01-12,sum of months and of the family codes; COL01,2085.0,2085.0,449,449,1159,1159,0,0,0,12,258,1522.0,Family sum over separately reported categories; establishments counted once if they report any family code,,REM/SerieA/SerieA_2021.csv,study/pipeline/02_rem_pathway.py
2022,A,A05,05990022,strict_autism,True,A05 ingresos a salud mental: autismo estricto,2021–2025,2021,2025,entry,mental_health,entries reported,annual_sum,01-12,sum of months and of the family codes; COL01,4640.0,4640.0,658,658,2297,2296,1,0,0,12,258,2852.0,Family sum over separately reported categories; establishments counted once if they report any family code,,REM/SerieA/SerieA_2022.csv,study/pipeline/02_rem_pathway.py
2023,A,A05,05990022,strict_autism,True,A05 ingresos a salud mental: autismo estricto,2021–2025,2021,2025,entry,mental_health,entries reported,annual_sum,01-12,sum of months and of the family codes; COL01,8049.0,8049.0,920,920,3712,3709,3,0,0,12,258,4187.0,Family sum over separately reported categories; establishments counted once if they report any family code,,REM/SerieA/SerieA_2023.csv,study/pipeline/02_rem_pathway.py
2024,A,A05,05990022,strict_autism,True,A05 ingresos a salud mental: autismo estricto,2021–2025,2021,2025,entry,mental_health,entries reported,annual_sum,01-12,sum of months and of the family codes; COL01,11842.0,11842.0,1070,1070,5020,5019,0,1,0,12,258,5694.0,Family sum over separately reported categories; establishments counted once if they report any family code,,REM/SerieA/SerieA_2024.csv,study/pipeline/02_rem_pathway.py
2025,A,A05,05990022,strict_autism,True,A05 ingresos a salud mental: autismo estricto,2021–2025,2021,2025,entry,mental_health,entries reported,annual_sum,01-12,sum of months and of the family codes; COL01,13155.0,13155.0,952,952,4872,4871,0,1,0,12,258,6767.0,Family sum over separately reported categories; establishments counted once if they report any family code,,REM/SerieA/SerieA_2025.csv,study/pipeline/02_rem_pathway.py
2021,A,A05,05990027,strict_autism,True,A05 egresos (altas clínicas) a salud mental: autismo estricto,2021–2025,2021,2025,exit,mental_health,exits reported,annual_sum,01-12,sum of months and of the family codes; COL01,494.0,494.0,207,167,373,293,80,0,0,12,85,240.0,Family sum over separately reported categories; establishments counted once if they report any family code,,REM/SerieA/SerieA_2021.csv,study/pipeline/02_rem_pathway.py
2022,A,A05,05990027,strict_autism,True,A05 egresos (altas clínicas) a salud mental: autismo estricto,2021–2025,2021,2025,exit,mental_health,exits reported,annual_sum,01-12,sum of months and of the family codes; COL01,831.0,831.0,307,256,648,514,134,0,0,12,85,316.0,Family sum over separately reported categories; establishments counted once if they report any family code,,REM/SerieA/SerieA_2022.csv,study/pipeline/02_rem_pathway.py
2023,A,A05,05990027,strict_autism,True,A05 egresos (altas clínicas) a salud mental: autismo estricto,2021–2025,2021,2025,exit,mental_health,exits reported,annual_sum,01-12,sum of months and of the family codes; COL01,1814.0,1814.0,438,376,1174,969,205,0,0,12,85,689.0,Family sum over separately reported categories; establishments counted once if they report any family code,,REM/SerieA/SerieA_2023.csv,study/pipeline/02_rem_pathway.py
2024,A,A05,05990027,strict_autism,True,A05 egresos (altas clínicas) a salud mental: autismo estricto,2021–2025,2021,2025,exit,mental_health,exits reported,annual_sum,01-12,sum of months and of the family codes; COL01,3315.0,3315.0,625,514,1811,1413,397,1,0,12,85,782.0,Family sum over separately reported categories; establishments counted once if they report any family code,,REM/SerieA/SerieA_2024.csv,study/pipeline/02_rem_pathway.py
2025,A,A05,05990027,strict_autism,True,A05 egresos (altas clínicas) a salud mental: autismo estricto,2021–2025,2021,2025,exit,mental_health,exits reported,annual_sum,01-12,sum of months and of the family codes; COL01,3367.0,3367.0,624,545,2160,1639,521,0,0,12,85,1042.0,Family sum over separately reported categories; establishments counted once if they report any family code,,REM/SerieA/SerieA_2025.csv,study/pipeline/02_rem_pathway.py
2023,A,A27,29101566,single_code,True,Counselling in screening context: number of M-CHAT-R/F,2023–2025,2023,2025,screening_support,APS,interventions,annual_sum,01-12,sum of months; COL01,2380.0,2380.0,150,150,641,641,0,0,0,12,87,1498.0,Counts interventions not unique children,,REM/SerieA/SerieA_2023.csv,study/pipeline/02_rem_pathway.py
2024,A,A27,29101566,single_code,True,Counselling in screening context: number of M-CHAT-R/F,2023–2025,2023,2025,screening_support,APS,interventions,annual_sum,01-12,sum of months; COL01,3874.0,3874.0,180,180,883,883,0,0,0,12,87,2317.0,Counts interventions not unique children,,REM/SerieA/SerieA_2024.csv,study/pipeline/02_rem_pathway.py
2025,A,A27,29101566,single_code,True,Counselling in screening context: number of M-CHAT-R/F,2023–2025,2023,2025,screening_support,APS,interventions,annual_sum,01-12,sum of months; COL01,3026.0,3026.0,169,169,859,859,0,0,0,12,87,1815.0,Counts interventions not unique children,,REM/SerieA/SerieA_2025.csv,study/pipeline/02_rem_pathway.py
2023,A,A27,29101574,single_code,True,Assisted referral in screening context: number of M-CHAT-R/F,2023–2025,2023,2025,assisted_referral,APS,interventions,annual_sum,01-12,sum of months; COL01,672.0,672.0,98,98,366,366,0,0,0,12,57,451.0,Counts interventions not unique children; earlier assisted-referral codes concern alcohol/drugs,,REM/SerieA/SerieA_2023.csv,study/pipeline/02_rem_pathway.py
2024,A,A27,29101574,single_code,True,Assisted referral in screening context: number of M-CHAT-R/F,2023–2025,2023,2025,assisted_referral,APS,interventions,annual_sum,01-12,sum of months; COL01,1068.0,1068.0,118,118,481,481,0,0,0,12,57,642.0,Counts interventions not unique children; earlier assisted-referral codes concern alcohol/drugs,,REM/SerieA/SerieA_2024.csv,study/pipeline/02_rem_pathway.py
2025,A,A27,29101574,single_code,True,Assisted referral in screening context: number of M-CHAT-R/F,2023–2025,2023,2025,assisted_referral,APS,interventions,annual_sum,01-12,sum of months; COL01,878.0,878.0,114,114,453,453,0,0,0,12,57,514.0,Counts interventions not unique children; earlier assisted-referral codes concern alcohol/drugs,,REM/SerieA/SerieA_2025.csv,study/pipeline/02_rem_pathway.py
2023,A,A28,29101629,single_code,True,Entry to primary-level rehabilitation by health condition: autism,2023–2025,2023,2025,rehabilitation,primary_care,entries reported,annual_sum,01-12,sum of months; COL01,3962.0,3962.0,264,264,978,975,3,0,0,12,97,2220.0,New from 2023; not person-linked to A05 or P2/P6,,REM/SerieA/SerieA_2023.csv,study/pipeline/02_rem_pathway.py
2024,A,A28,29101629,single_code,True,Entry to primary-level rehabilitation by health condition: autism,2023–2025,2023,2025,rehabilitation,primary_care,entries reported,annual_sum,01-12,sum of months; COL01,7033.0,7033.0,313,313,1196,1195,1,0,0,12,97,3741.0,New from 2023; not person-linked to A05 or P2/P6,,REM/SerieA/SerieA_2024.csv,study/pipeline/02_rem_pathway.py
2025,A,A28,29101629,single_code,True,Entry to primary-level rehabilitation by health condition: autism,2023–2025,2023,2025,rehabilitation,primary_care,entries reported,annual_sum,01-12,sum of months; COL01,15859.0,15859.0,359,359,1748,1747,0,1,0,12,97,7267.0,New from 2023; not person-linked to A05 or P2/P6,,REM/SerieA/SerieA_2025.csv,study/pipeline/02_rem_pathway.py
2023,A,A28,29101651,single_code,True,Entry to hospital-level rehabilitation by health condition: autism,2023–2025,2023,2025,rehabilitation,hospital,entries reported,annual_sum,01-12,sum of months; COL01,731.0,731.0,39,39,155,155,0,0,0,12,25,653.0,New from 2023; not person-linked to GRD,,REM/SerieA/SerieA_2023.csv,study/pipeline/02_rem_pathway.py
2024,A,A28,29101651,single_code,True,Entry to hospital-level rehabilitation by health condition: autism,2023–2025,2023,2025,rehabilitation,hospital,entries reported,annual_sum,01-12,sum of months; COL01,1045.0,1045.0,50,50,218,218,0,0,0,12,25,923.0,New from 2023; not person-linked to GRD,,REM/SerieA/SerieA_2024.csv,study/pipeline/02_rem_pathway.py
2025,A,A28,29101651,single_code,True,Entry to hospital-level rehabilitation by health condition: autism,2023–2025,2023,2025,rehabilitation,hospital,entries reported,annual_sum,01-12,sum of months; COL01,1740.0,1740.0,43,43,218,218,0,0,0,12,25,1485.0,New from 2023; not person-linked to GRD,,REM/SerieA/SerieA_2025.csv,study/pipeline/02_rem_pathway.py
2019,P,P2,P2500500,single_code,True,Autism spectrum disorder population under control,2019–2025,2019,2025,follow_up,NANEAS,people in stock,december_stock,12,stock MES=12; COL01; never summed with the other semester,1854.0,1854.0,460,460,460,460,0,0,0,1,193,1040.0,Semiannual stock; changes in reporting establishments affect totals,,REM/SerieP/SerieP_2019.csv,study/pipeline/02_rem_pathway.py
2020,P,P2,P2500500,single_code,True,Autism spectrum disorder population under control,2019–2025,2019,2025,follow_up,NANEAS,people in stock,december_stock,12,stock MES=12; COL01; never summed with the other semester,1919.0,1919.0,400,400,400,400,0,0,0,1,193,1154.0,Semiannual stock; changes in reporting establishments affect totals,,REM/SerieP/SerieP_2020.csv,study/pipeline/02_rem_pathway.py
2021,P,P2,P2500500,single_code,True,Autism spectrum disorder population under control,2019–2025,2019,2025,follow_up,NANEAS,people in stock,december_stock,12,stock MES=12; COL01; never summed with the other semester,3853.0,3853.0,640,640,640,640,0,0,0,1,193,1748.0,Semiannual stock; changes in reporting establishments affect totals,,REM/SerieP/SerieP_2021.csv,study/pipeline/02_rem_pathway.py
2022,P,P2,P2500500,single_code,True,Autism spectrum disorder population under control,2019–2025,2019,2025,follow_up,NANEAS,people in stock,december_stock,12,stock MES=12; COL01; never summed with the other semester,7923.0,7923.0,897,897,897,897,0,0,0,1,193,2997.0,Semiannual stock; changes in reporting establishments affect totals,,REM/SerieP/SerieP_2022.csv,study/pipeline/02_rem_pathway.py
2023,P,P2,P2500500,single_code,True,Autism spectrum disorder population under control,2019–2025,2019,2025,follow_up,NANEAS,people in stock,december_stock,12,stock MES=12; COL01; never summed with the other semester,13190.0,13190.0,1012,1012,1012,1012,0,0,0,1,193,4711.0,Semiannual stock; changes in reporting establishments affect totals,,REM/SerieP/SerieP_2023.csv,study/pipeline/02_rem_pathway.py
2024,P,P2,P2500500,single_code,True,Autism spectrum disorder population under control,2019–2025,2019,2025,follow_up,NANEAS,people in stock,december_stock,12,stock MES=12; COL01; never summed with the other semester,21737.0,21737.0,1218,1218,1218,1218,0,0,0,1,193,6849.0,Semiannual stock; changes in reporting establishments affect totals,,REM/SerieP/SerieP_2024.csv,study/pipeline/02_rem_pathway.py
2025,P,P2,P2500500,single_code,True,Autism spectrum disorder population under control,2019–2025,2019,2025,follow_up,NANEAS,people in stock,december_stock,12,stock MES=12; COL01; never summed with the other semester,29974.0,29974.0,1325,1325,1325,1325,0,0,0,1,193,9128.0,Semiannual stock; changes in reporting establishments affect totals,,REM/SerieP/SerieP_2025.csv,study/pipeline/02_rem_pathway.py
2019,P,P2,P2500500,single_code,True,Autism spectrum disorder population under control,2019–2025,2019,2025,follow_up,NANEAS,people in stock,june_stock,06,stock MES=06; COL01; never summed with the other semester,1502.0,1502.0,374,374,374,374,0,0,0,1,13,102.0,Semiannual stock; changes in reporting establishments affect totals,,REM/SerieP/SerieP_2019.csv,study/pipeline/02_rem_pathway.py
2020,P,P2,P2500500,single_code,True,Autism spectrum disorder population under control,2019–2025,2019,2025,follow_up,NANEAS,people in stock,june_stock,06,stock MES=06; COL01; never summed with the other semester,172.0,172.0,28,28,28,28,0,0,0,1,13,122.0,Semiannual stock; changes in reporting establishments affect totals,,REM/SerieP/SerieP_2020.csv,study/pipeline/02_rem_pathway.py
2021,P,P2,P2500500,single_code,True,Autism spectrum disorder population under control,2019–2025,2019,2025,follow_up,NANEAS,people in stock,june_stock,06,stock MES=06; COL01; never summed with the other semester,2434.0,2434.0,475,475,475,475,0,0,0,1,13,138.0,Semiannual stock; changes in reporting establishments affect totals,,REM/SerieP/SerieP_2021.csv,study/pipeline/02_rem_pathway.py
2022,P,P2,P2500500,single_code,True,Autism spectrum disorder population under control,2019–2025,2019,2025,follow_up,NANEAS,people in stock,june_stock,06,stock MES=06; COL01; never summed with the other semester,5364.0,5364.0,765,765,765,765,0,0,0,1,13,260.0,Semiannual stock; changes in reporting establishments affect totals,,REM/SerieP/SerieP_2022.csv,study/pipeline/02_rem_pathway.py
2023,P,P2,P2500500,single_code,True,Autism spectrum disorder population under control,2019–2025,2019,2025,follow_up,NANEAS,people in stock,june_stock,06,stock MES=06; COL01; never summed with the other semester,10523.0,10523.0,980,979,980,979,0,1,0,1,13,487.0,Semiannual stock; changes in reporting establishments affect totals,,REM/SerieP/SerieP_2023.csv,study/pipeline/02_rem_pathway.py
2024,P,P2,P2500500,single_code,True,Autism spectrum disorder population under control,2019–2025,2019,2025,follow_up,NANEAS,people in stock,june_stock,06,stock MES=06; COL01; never summed with the other semester,17743.0,17743.0,1168,1168,1168,1168,0,0,0,1,13,582.0,Semiannual stock; changes in reporting establishments affect totals,,REM/SerieP/SerieP_2024.csv,study/pipeline/02_rem_pathway.py
2025,P,P2,P2500500,single_code,True,Autism spectrum disorder population under control,2019–2025,2019,2025,follow_up,NANEAS,people in stock,june_stock,06,stock MES=06; COL01; never summed with the other semester,26195.0,26195.0,1256,1256,1256,1256,0,0,0,1,13,1373.0,Semiannual stock; changes in reporting establishments affect totals,,REM/SerieP/SerieP_2025.csv,study/pipeline/02_rem_pathway.py
2023,P,P2,P2501878,single_code,True,Total NANEAS population under control,2023–2025,2023,2025,follow_up,NANEAS,people in stock,december_stock,12,stock MES=12; COL01; never summed with the other semester,59907.0,59907.0,1187,1187,1187,1187,0,0,0,1,907,52901.0,Introduced in December 2023; not a denominator before then,,REM/SerieP/SerieP_2023.csv,study/pipeline/02_rem_pathway.py
2024,P,P2,P2501878,single_code,True,Total NANEAS population under control,2023–2025,2023,2025,follow_up,NANEAS,people in stock,december_stock,12,stock MES=12; COL01; never summed with the other semester,77081.0,77081.0,1293,1293,1293,1293,0,0,0,1,907,67127.0,Introduced in December 2023; not a denominator before then,,REM/SerieP/SerieP_2024.csv,study/pipeline/02_rem_pathway.py
2025,P,P2,P2501878,single_code,True,Total NANEAS population under control,2023–2025,2023,2025,follow_up,NANEAS,people in stock,december_stock,12,stock MES=12; COL01; never summed with the other semester,100789.0,100789.0,1394,1393,1394,1393,1,0,0,1,907,84833.0,Introduced in December 2023; not a denominator before then,,REM/SerieP/SerieP_2025.csv,study/pipeline/02_rem_pathway.py
2023,P,P2,P2501878,single_code,True,Total NANEAS population under control,2023–2025,2023,2025,follow_up,NANEAS,people in stock,june_stock,06,stock MES=06; COL01; never summed with the other semester,,,0,0,0,0,0,0,0,0,0,,Introduced in December 2023; not a denominator before then,no rows reported for this code-year,REM/SerieP/SerieP_2023.csv,study/pipeline/02_rem_pathway.py
2024,P,P2,P2501878,single_code,True,Total NANEAS population under control,2023–2025,2023,2025,follow_up,NANEAS,people in stock,june_stock,06,stock MES=06; COL01; never summed with the other semester,64833.0,64833.0,1261,1261,1261,1261,0,0,0,1,0,,Introduced in December 2023; not a denominator before then,,REM/SerieP/SerieP_2024.csv,study/pipeline/02_rem_pathway.py
2025,P,P2,P2501878,single_code,True,Total NANEAS population under control,2023–2025,2023,2025,follow_up,NANEAS,people in stock,june_stock,06,stock MES=06; COL01; never summed with the other semester,84281.0,84281.0,1342,1342,1342,1342,0,0,0,1,0,,Introduced in December 2023; not a denominator before then,,REM/SerieP/SerieP_2025.csv,study/pipeline/02_rem_pathway.py
2019,P,P6,P6223000,broad_pre2021,True,P6 población bajo control en APS: TGD amplio (pre-2021),2019–2020,2019,2020,follow_up,primary_care,people in stock,december_stock,12,stock MES=12; COL01 summed over the family codes; never summed with the other semester,5520.0,5520.0,727,727,727,727,0,0,0,1,594,4837.0,Family sum over separately reported categories; establishments counted once if they report any family code; broad pre-2021 category cannot isolate autism,,REM/SerieP/SerieP_2019.csv,study/pipeline/02_rem_pathway.py
2020,P,P6,P6223000,broad_pre2021,True,P6 población bajo control en APS: TGD amplio (pre-2021),2019–2020,2019,2020,follow_up,primary_care,people in stock,december_stock,12,stock MES=12; COL01 summed over the family codes; never summed with the other semester,5185.0,5185.0,695,694,695,694,1,0,0,1,594,4752.0,Family sum over separately reported categories; establishments counted once if they report any family code; broad pre-2021 category cannot isolate autism,,REM/SerieP/SerieP_2020.csv,study/pipeline/02_rem_pathway.py
2019,P,P6,P6223000,broad_pre2021,True,P6 población bajo control en APS: TGD amplio (pre-2021),2019–2020,2019,2020,follow_up,primary_care,people in stock,june_stock,06,stock MES=06; COL01 summed over the family codes; never summed with the other semester,4864.0,4864.0,707,707,707,707,0,0,0,1,44,614.0,Family sum over separately reported categories; establishments counted once if they report any family code; broad pre-2021 category cannot isolate autism,,REM/SerieP/SerieP_2019.csv,study/pipeline/02_rem_pathway.py
2020,P,P6,P6223000,broad_pre2021,True,P6 población bajo control en APS: TGD amplio (pre-2021),2019–2020,2019,2020,follow_up,primary_care,people in stock,june_stock,06,stock MES=06; COL01 summed over the family codes; never summed with the other semester,725.0,725.0,53,53,53,53,0,0,0,1,44,656.0,Family sum over separately reported categories; establishments counted once if they report any family code; broad pre-2021 category cannot isolate autism,,REM/SerieP/SerieP_2020.csv,study/pipeline/02_rem_pathway.py
2019,P,P6,P6223380,broad_pre2021,True,P6 población bajo control en especialidad: TGD amplio (pre-2021),2019–2020,2019,2020,follow_up,specialty,people in stock,december_stock,12,stock MES=12; COL01 summed over the family codes; never summed with the other semester,6624.0,6624.0,111,111,111,111,0,0,0,1,104,6087.0,Family sum over separately reported categories; establishments counted once if they report any family code; broad pre-2021 category cannot isolate autism,,REM/SerieP/SerieP_2019.csv,study/pipeline/02_rem_pathway.py
2020,P,P6,P6223380,broad_pre2021,True,P6 población bajo control en especialidad: TGD amplio (pre-2021),2019–2020,2019,2020,follow_up,specialty,people in stock,december_stock,12,stock MES=12; COL01 summed over the family codes; never summed with the other semester,6905.0,6905.0,121,121,121,121,0,0,0,1,104,6250.0,Family sum over separately reported categories; establishments counted once if they report any family code; broad pre-2021 category cannot isolate autism,,REM/SerieP/SerieP_2020.csv,study/pipeline/02_rem_pathway.py
2019,P,P6,P6223380,broad_pre2021,True,P6 población bajo control en especialidad: TGD amplio (pre-2021),2019–2020,2019,2020,follow_up,specialty,people in stock,june_stock,06,stock MES=06; COL01 summed over the family codes; never summed with the other semester,6221.0,6221.0,109,109,109,109,0,0,0,1,91,5118.0,Family sum over separately reported categories; establishments counted once if they report any family code; broad pre-2021 category cannot isolate autism,,REM/SerieP/SerieP_2019.csv,study/pipeline/02_rem_pathway.py
2020,P,P6,P6223380,broad_pre2021,True,P6 población bajo control en especialidad: TGD amplio (pre-2021),2019–2020,2019,2020,follow_up,specialty,people in stock,june_stock,06,stock MES=06; COL01 summed over the family codes; never summed with the other semester,5543.0,5543.0,105,105,105,105,0,0,0,1,91,5042.0,Family sum over separately reported categories; establishments counted once if they report any family code; broad pre-2021 category cannot isolate autism,,REM/SerieP/SerieP_2020.csv,study/pipeline/02_rem_pathway.py
2021,P,P6,P6241010+P6241020+P6241030+P6241040+P6241050,con_rett,False,P6 población bajo control en APS: familia TGD (F84 completo (incluye síndrome de Rett)),2021–2025,2021,2025,follow_up,primary_care,people in stock,december_stock,12,stock MES=12; COL01 summed over the family codes; never summed with the other semester,6745.0,6744.0,823,820,1347,1326,21,0,1,1,621,5897.0,Family sum over separately reported categories; establishments counted once if they report any family code,,REM/SerieP/SerieP_2021.csv,study/pipeline/02_rem_pathway.py
2022,P,P6,P6241010+P6241020+P6241030+P6241040+P6241050,con_rett,False,P6 población bajo control en APS: familia TGD (F84 completo (incluye síndrome de Rett)),2021–2025,2021,2025,follow_up,primary_care,people in stock,december_stock,12,stock MES=12; COL01 summed over the family codes; never summed with the other semester,10723.0,10723.0,952,952,1647,1641,6,0,0,1,621,9039.0,Family sum over separately reported categories; establishments counted once if they report any family code,,REM/SerieP/SerieP_2022.csv,study/pipeline/02_rem_pathway.py
2023,P,P6,P6241010+P6241020+P6241030+P6241040+P6241050,con_rett,False,P6 población bajo control en APS: familia TGD (F84 completo (incluye síndrome de Rett)),2021–2025,2021,2025,follow_up,primary_care,people in stock,december_stock,12,stock MES=12; COL01 summed over the family codes; never summed with the other semester,15129.0,15129.0,1105,1105,1923,1921,2,0,0,1,621,12636.0,Family sum over separately reported categories; establishments counted once if they report any family code,,REM/SerieP/SerieP_2023.csv,study/pipeline/02_rem_pathway.py
2024,P,P6,P6241010+P6241020+P6241030+P6241040+P6241050,con_rett,False,P6 población bajo control en APS: familia TGD (F84 completo (incluye síndrome de Rett)),2021–2025,2021,2025,follow_up,primary_care,people in stock,december_stock,12,stock MES=12; COL01 summed over the family codes; never summed with the other semester,21163.0,21163.0,1258,1257,2100,2093,7,0,0,1,621,16734.0,Family sum over separately reported categories; establishments counted once if they report any family code,,REM/SerieP/SerieP_2024.csv,study/pipeline/02_rem_pathway.py
2025,P,P6,P6241010+P6241020+P6241030+P6241040+P6241050,con_rett,False,P6 población bajo control en APS: familia TGD (F84 completo (incluye síndrome de Rett)),2021–2025,2021,2025,follow_up,primary_care,people in stock,december_stock,12,stock MES=12; COL01 summed over the family codes; never summed with the other semester,27469.0,27469.0,1344,1343,2144,2142,0,2,0,1,621,21293.0,Family sum over separately reported categories; establishments counted once if they report any family code,,REM/SerieP/SerieP_2025.csv,study/pipeline/02_rem_pathway.py
2021,P,P6,P6241010+P6241020+P6241030+P6241040+P6241050,con_rett,False,P6 población bajo control en APS: familia TGD (F84 completo (incluye síndrome de Rett)),2021–2025,2021,2025,follow_up,primary_care,people in stock,june_stock,06,stock MES=06; COL01 summed over the family codes; never summed with the other semester,7228.0,7228.0,747,745,1127,1114,13,0,0,1,534,4751.0,Family sum over separately reported categories; establishments counted once if they report any family code,,REM/SerieP/SerieP_2021.csv,study/pipeline/02_rem_pathway.py
2022,P,P6,P6241010+P6241020+P6241030+P6241040+P6241050,con_rett,False,P6 población bajo control en APS: familia TGD (F84 completo (incluye síndrome de Rett)),2021–2025,2021,2025,follow_up,primary_care,people in stock,june_stock,06,stock MES=06; COL01 summed over the family codes; never summed with the other semester,7772.0,7772.0,866,862,1487,1472,15,0,0,1,534,6343.0,Family sum over separately reported categories; establishments counted once if they report any family code,,REM/SerieP/SerieP_2022.csv,study/pipeline/02_rem_pathway.py
2023,P,P6,P6241010+P6241020+P6241030+P6241040+P6241050,con_rett,False,P6 población bajo control en APS: familia TGD (F84 completo (incluye síndrome de Rett)),2021–2025,2021,2025,follow_up,primary_care,people in stock,june_stock,06,stock MES=06; COL01 summed over the family codes; never summed with the other semester,12181.0,12181.0,1021,1020,1796,1792,4,0,0,1,534,9261.0,Family sum over separately reported categories; establishments counted once if they report any family code,,REM/SerieP/SerieP_2023.csv,study/pipeline/02_rem_pathway.py
2024,P,P6,P6241010+P6241020+P6241030+P6241040+P6241050,con_rett,False,P6 población bajo control en APS: familia TGD (F84 completo (incluye síndrome de Rett)),2021–2025,2021,2025,follow_up,primary_care,people in stock,june_stock,06,stock MES=06; COL01 summed over the family codes; never summed with the other semester,19896.0,19896.0,1182,1181,2010,2005,5,0,0,1,534,13429.0,Family sum over separately reported categories; establishments counted once if they report any family code,,REM/SerieP/SerieP_2024.csv,study/pipeline/02_rem_pathway.py
2025,P,P6,P6241010+P6241020+P6241030+P6241040+P6241050,con_rett,False,P6 población bajo control en APS: familia TGD (F84 completo (incluye síndrome de Rett)),2021–2025,2021,2025,follow_up,primary_care,people in stock,june_stock,06,stock MES=06; COL01 summed over the family codes; never summed with the other semester,23467.0,23467.0,1280,1280,2064,2064,0,0,0,1,534,15640.0,Family sum over separately reported categories; establishments counted once if they report any family code,,REM/SerieP/SerieP_2025.csv,study/pipeline/02_rem_pathway.py
2021,P,P6,P6241060+P6241070+P6241080+P6241090+P6241100,con_rett,False,P6 población bajo control en especialidad: familia TGD (F84 completo (incluye síndrome de Rett)),2021–2025,2021,2025,follow_up,specialty,people in stock,december_stock,12,stock MES=12; COL01 summed over the family codes; never summed with the other semester,9169.0,9169.0,132,131,302,295,7,0,0,1,105,7175.0,Family sum over separately reported categories; establishments counted once if they report any family code,,REM/SerieP/SerieP_2021.csv,study/pipeline/02_rem_pathway.py
2022,P,P6,P6241060+P6241070+P6241080+P6241090+P6241100,con_rett,False,P6 población bajo control en especialidad: familia TGD (F84 completo (incluye síndrome de Rett)),2021–2025,2021,2025,follow_up,specialty,people in stock,december_stock,12,stock MES=12; COL01 summed over the family codes; never summed with the other semester,10731.0,10731.0,134,134,325,322,3,0,0,1,105,9124.0,Family sum over separately reported categories; establishments counted once if they report any family code,,REM/SerieP/SerieP_2022.csv,study/pipeline/02_rem_pathway.py
2023,P,P6,P6241060+P6241070+P6241080+P6241090+P6241100,con_rett,False,P6 población bajo control en especialidad: familia TGD (F84 completo (incluye síndrome de Rett)),2021–2025,2021,2025,follow_up,specialty,people in stock,december_stock,12,stock MES=12; COL01 summed over the family codes; never summed with the other semester,13660.0,13660.0,148,148,351,351,0,0,0,1,105,11105.0,Family sum over separately reported categories; establishments counted once if they report any family code,,REM/SerieP/SerieP_2023.csv,study/pipeline/02_rem_pathway.py
2024,P,P6,P6241060+P6241070+P6241080+P6241090+P6241100,con_rett,False,P6 población bajo control en especialidad: familia TGD (F84 completo (incluye síndrome de Rett)),2021–2025,2021,2025,follow_up,specialty,people in stock,december_stock,12,stock MES=12; COL01 summed over the family codes; never summed with the other semester,15311.0,15311.0,158,158,371,371,0,0,0,1,105,11164.0,Family sum over separately reported categories; establishments counted once if they report any family code,,REM/SerieP/SerieP_2024.csv,study/pipeline/02_rem_pathway.py
2025,P,P6,P6241060+P6241070+P6241080+P6241090+P6241100,con_rett,False,P6 población bajo control en especialidad: familia TGD (F84 completo (incluye síndrome de Rett)),2021–2025,2021,2025,follow_up,specialty,people in stock,december_stock,12,stock MES=12; COL01 summed over the family codes; never summed with the other semester,20371.0,20371.0,169,169,380,380,0,0,0,1,105,14953.0,Family sum over separately reported categories; establishments counted once if they report any family code,,REM/SerieP/SerieP_2025.csv,study/pipeline/02_rem_pathway.py
2021,P,P6,P6241060+P6241070+P6241080+P6241090+P6241100,con_rett,False,P6 población bajo control en especialidad: familia TGD (F84 completo (incluye síndrome de Rett)),2021–2025,2021,2025,follow_up,specialty,people in stock,june_stock,06,stock MES=06; COL01 summed over the family codes; never summed with the other semester,8973.0,8973.0,126,126,269,266,3,0,0,1,95,6587.0,Family sum over separately reported categories; establishments counted once if they report any family code,,REM/SerieP/SerieP_2021.csv,study/pipeline/02_rem_pathway.py
2022,P,P6,P6241060+P6241070+P6241080+P6241090+P6241100,con_rett,False,P6 población bajo control en especialidad: familia TGD (F84 completo (incluye síndrome de Rett)),2021–2025,2021,2025,follow_up,specialty,people in stock,june_stock,06,stock MES=06; COL01 summed over the family codes; never summed with the other semester,9619.0,9619.0,127,127,297,297,0,0,0,1,95,7107.0,Family sum over separately reported categories; establishments counted once if they report any family code,,REM/SerieP/SerieP_2022.csv,study/pipeline/02_rem_pathway.py
2023,P,P6,P6241060+P6241070+P6241080+P6241090+P6241100,con_rett,False,P6 población bajo control en especialidad: familia TGD (F84 completo (incluye síndrome de Rett)),2021–2025,2021,2025,follow_up,specialty,people in stock,june_stock,06,stock MES=06; COL01 summed over the family codes; never summed with the other semester,12710.0,12710.0,144,144,338,338,0,0,0,1,95,9399.0,Family sum over separately reported categories; establishments counted once if they report any family code,,REM/SerieP/SerieP_2023.csv,study/pipeline/02_rem_pathway.py
2024,P,P6,P6241060+P6241070+P6241080+P6241090+P6241100,con_rett,False,P6 población bajo control en especialidad: familia TGD (F84 completo (incluye síndrome de Rett)),2021–2025,2021,2025,follow_up,specialty,people in stock,june_stock,06,stock MES=06; COL01 summed over the family codes; never summed with the other semester,15786.0,15786.0,157,157,379,379,0,0,0,1,95,11177.0,Family sum over separately reported categories; establishments counted once if they report any family code,,REM/SerieP/SerieP_2024.csv,study/pipeline/02_rem_pathway.py
2025,P,P6,P6241060+P6241070+P6241080+P6241090+P6241100,con_rett,False,P6 población bajo control en especialidad: familia TGD (F84 completo (incluye síndrome de Rett)),2021–2025,2021,2025,follow_up,specialty,people in stock,june_stock,06,stock MES=06; COL01 summed over the family codes; never summed with the other semester,16124.0,16124.0,159,159,361,361,0,0,0,1,95,10713.0,Family sum over separately reported categories; establishments counted once if they report any family code,,REM/SerieP/SerieP_2025.csv,study/pipeline/02_rem_pathway.py
2021,P,P6,P6241010+P6241020+P6241040+P6241050,sin_rett,False,P6 población bajo control en APS: familia TGD (F84 sin síndrome de Rett),2021–2025,2021,2025,follow_up,primary_care,people in stock,december_stock,12,stock MES=12; COL01 summed over the family codes; never summed with the other semester,6237.0,6236.0,815,813,1306,1291,15,0,1,1,619,5532.0,Family sum over separately reported categories; establishments counted once if they report any family code,,REM/SerieP/SerieP_2021.csv,study/pipeline/02_rem_pathway.py
2022,P,P6,P6241010+P6241020+P6241040+P6241050,sin_rett,False,P6 población bajo control en APS: familia TGD (F84 sin síndrome de Rett),2021–2025,2021,2025,follow_up,primary_care,people in stock,december_stock,12,stock MES=12; COL01 summed over the family codes; never summed with the other semester,10298.0,10298.0,948,948,1616,1611,5,0,0,1,619,8685.0,Family sum over separately reported categories; establishments counted once if they report any family code,,REM/SerieP/SerieP_2022.csv,study/pipeline/02_rem_pathway.py
2023,P,P6,P6241010+P6241020+P6241040+P6241050,sin_rett,False,P6 población bajo control en APS: familia TGD (F84 sin síndrome de Rett),2021–2025,2021,2025,follow_up,primary_care,people in stock,december_stock,12,stock MES=12; COL01 summed over the family codes; never summed with the other semester,14895.0,14895.0,1103,1103,1892,1891,1,0,0,1,619,12425.0,Family sum over separately reported categories; establishments counted once if they report any family code,,REM/SerieP/SerieP_2023.csv,study/pipeline/02_rem_pathway.py
2024,P,P6,P6241010+P6241020+P6241040+P6241050,sin_rett,False,P6 población bajo control en APS: familia TGD (F84 sin síndrome de Rett),2021–2025,2021,2025,follow_up,primary_care,people in stock,december_stock,12,stock MES=12; COL01 summed over the family codes; never summed with the other semester,20911.0,20911.0,1258,1257,2064,2060,4,0,0,1,619,16515.0,Family sum over separately reported categories; establishments counted once if they report any family code,,REM/SerieP/SerieP_2024.csv,study/pipeline/02_rem_pathway.py
2025,P,P6,P6241010+P6241020+P6241040+P6241050,sin_rett,False,P6 población bajo control en APS: familia TGD (F84 sin síndrome de Rett),2021–2025,2021,2025,follow_up,primary_care,people in stock,december_stock,12,stock MES=12; COL01 summed over the family codes; never summed with the other semester,27319.0,27319.0,1344,1343,2111,2109,0,2,0,1,619,21144.0,Family sum over separately reported categories; establishments counted once if they report any family code,,REM/SerieP/SerieP_2025.csv,study/pipeline/02_rem_pathway.py
2021,P,P6,P6241010+P6241020+P6241040+P6241050,sin_rett,False,P6 población bajo control en APS: familia TGD (F84 sin síndrome de Rett),2021–2025,2021,2025,follow_up,primary_care,people in stock,june_stock,06,stock MES=06; COL01 summed over the family codes; never summed with the other semester,5623.0,5623.0,734,734,1082,1073,9,0,0,1,529,4331.0,Family sum over separately reported categories; establishments counted once if they report any family code,,REM/SerieP/SerieP_2021.csv,study/pipeline/02_rem_pathway.py
2022,P,P6,P6241010+P6241020+P6241040+P6241050,sin_rett,False,P6 población bajo control en APS: familia TGD (F84 sin síndrome de Rett),2021–2025,2021,2025,follow_up,primary_care,people in stock,june_stock,06,stock MES=06; COL01 summed over the family codes; never summed with the other semester,7523.0,7523.0,864,861,1454,1442,12,0,0,1,529,6090.0,Family sum over separately reported categories; establishments counted once if they report any family code,,REM/SerieP/SerieP_2022.csv,study/pipeline/02_rem_pathway.py
2023,P,P6,P6241010+P6241020+P6241040+P6241050,sin_rett,False,P6 población bajo control en APS: familia TGD (F84 sin síndrome de Rett),2021–2025,2021,2025,follow_up,primary_care,people in stock,june_stock,06,stock MES=06; COL01 summed over the family codes; never summed with the other semester,12010.0,12010.0,1018,1018,1765,1762,3,0,0,1,529,9080.0,Family sum over separately reported categories; establishments counted once if they report any family code,,REM/SerieP/SerieP_2023.csv,study/pipeline/02_rem_pathway.py
2024,P,P6,P6241010+P6241020+P6241040+P6241050,sin_rett,False,P6 población bajo control en APS: familia TGD (F84 sin síndrome de Rett),2021–2025,2021,2025,follow_up,primary_care,people in stock,june_stock,06,stock MES=06; COL01 summed over the family codes; never summed with the other semester,19618.0,19618.0,1182,1181,1975,1971,4,0,0,1,529,13155.0,Family sum over separately reported categories; establishments counted once if they report any family code,,REM/SerieP/SerieP_2024.csv,study/pipeline/02_rem_pathway.py
2025,P,P6,P6241010+P6241020+P6241040+P6241050,sin_rett,False,P6 población bajo control en APS: familia TGD (F84 sin síndrome de Rett),2021–2025,2021,2025,follow_up,primary_care,people in stock,june_stock,06,stock MES=06; COL01 summed over the family codes; never summed with the other semester,23138.0,23138.0,1279,1279,2030,2030,0,0,0,1,529,15326.0,Family sum over separately reported categories; establishments counted once if they report any family code,,REM/SerieP/SerieP_2025.csv,study/pipeline/02_rem_pathway.py
2021,P,P6,P6241060+P6241070+P6241090+P6241100,sin_rett,False,P6 población bajo control en especialidad: familia TGD (F84 sin síndrome de Rett),2021–2025,2021,2025,follow_up,specialty,people in stock,december_stock,12,stock MES=12; COL01 summed over the family codes; never summed with the other semester,9163.0,9163.0,132,131,297,292,5,0,0,1,105,7170.0,Family sum over separately reported categories; establishments counted once if they report any family code,,REM/SerieP/SerieP_2021.csv,study/pipeline/02_rem_pathway.py
2022,P,P6,P6241060+P6241070+P6241090+P6241100,sin_rett,False,P6 población bajo control en especialidad: familia TGD (F84 sin síndrome de Rett),2021–2025,2021,2025,follow_up,specialty,people in stock,december_stock,12,stock MES=12; COL01 summed over the family codes; never summed with the other semester,10719.0,10719.0,134,134,316,314,2,0,0,1,105,9113.0,Family sum over separately reported categories; establishments counted once if they report any family code,,REM/SerieP/SerieP_2022.csv,study/pipeline/02_rem_pathway.py
2023,P,P6,P6241060+P6241070+P6241090+P6241100,sin_rett,False,P6 población bajo control en especialidad: familia TGD (F84 sin síndrome de Rett),2021–2025,2021,2025,follow_up,specialty,people in stock,december_stock,12,stock MES=12; COL01 summed over the family codes; never summed with the other semester,13653.0,13653.0,148,148,347,347,0,0,0,1,105,11100.0,Family sum over separately reported categories; establishments counted once if they report any family code,,REM/SerieP/SerieP_2023.csv,study/pipeline/02_rem_pathway.py
2024,P,P6,P6241060+P6241070+P6241090+P6241100,sin_rett,False,P6 población bajo control en especialidad: familia TGD (F84 sin síndrome de Rett),2021–2025,2021,2025,follow_up,specialty,people in stock,december_stock,12,stock MES=12; COL01 summed over the family codes; never summed with the other semester,15304.0,15304.0,158,158,365,365,0,0,0,1,105,11161.0,Family sum over separately reported categories; establishments counted once if they report any family code,,REM/SerieP/SerieP_2024.csv,study/pipeline/02_rem_pathway.py
2025,P,P6,P6241060+P6241070+P6241090+P6241100,sin_rett,False,P6 población bajo control en especialidad: familia TGD (F84 sin síndrome de Rett),2021–2025,2021,2025,follow_up,specialty,people in stock,december_stock,12,stock MES=12; COL01 summed over the family codes; never summed with the other semester,20365.0,20365.0,169,169,374,374,0,0,0,1,105,14951.0,Family sum over separately reported categories; establishments counted once if they report any family code,,REM/SerieP/SerieP_2025.csv,study/pipeline/02_rem_pathway.py
2021,P,P6,P6241060+P6241070+P6241090+P6241100,sin_rett,False,P6 población bajo control en especialidad: familia TGD (F84 sin síndrome de Rett),2021–2025,2021,2025,follow_up,specialty,people in stock,june_stock,06,stock MES=06; COL01 summed over the family codes; never summed with the other semester,8933.0,8933.0,126,126,263,261,2,0,0,1,95,6582.0,Family sum over separately reported categories; establishments counted once if they report any family code,,REM/SerieP/SerieP_2021.csv,study/pipeline/02_rem_pathway.py
2022,P,P6,P6241060+P6241070+P6241090+P6241100,sin_rett,False,P6 población bajo control en especialidad: familia TGD (F84 sin síndrome de Rett),2021–2025,2021,2025,follow_up,specialty,people in stock,june_stock,06,stock MES=06; COL01 summed over the family codes; never summed with the other semester,9606.0,9606.0,126,126,291,291,0,0,0,1,95,7098.0,Family sum over separately reported categories; establishments counted once if they report any family code,,REM/SerieP/SerieP_2022.csv,study/pipeline/02_rem_pathway.py
2023,P,P6,P6241060+P6241070+P6241090+P6241100,sin_rett,False,P6 población bajo control en especialidad: familia TGD (F84 sin síndrome de Rett),2021–2025,2021,2025,follow_up,specialty,people in stock,june_stock,06,stock MES=06; COL01 summed over the family codes; never summed with the other semester,12694.0,12694.0,144,144,335,335,0,0,0,1,95,9396.0,Family sum over separately reported categories; establishments counted once if they report any family code,,REM/SerieP/SerieP_2023.csv,study/pipeline/02_rem_pathway.py
2024,P,P6,P6241060+P6241070+P6241090+P6241100,sin_rett,False,P6 población bajo control en especialidad: familia TGD (F84 sin síndrome de Rett),2021–2025,2021,2025,follow_up,specialty,people in stock,june_stock,06,stock MES=06; COL01 summed over the family codes; never summed with the other semester,15766.0,15766.0,157,157,371,371,0,0,0,1,95,11160.0,Family sum over separately reported categories; establishments counted once if they report any family code,,REM/SerieP/SerieP_2024.csv,study/pipeline/02_rem_pathway.py
2025,P,P6,P6241060+P6241070+P6241090+P6241100,sin_rett,False,P6 población bajo control en especialidad: familia TGD (F84 sin síndrome de Rett),2021–2025,2021,2025,follow_up,specialty,people in stock,june_stock,06,stock MES=06; COL01 summed over the family codes; never summed with the other semester,16120.0,16120.0,159,159,358,358,0,0,0,1,95,10710.0,Family sum over separately reported categories; establishments counted once if they report any family code,,REM/SerieP/SerieP_2025.csv,study/pipeline/02_rem_pathway.py
2019,P,P6,P6223000,single_code,True,Pervasive developmental disorders under control in primary care,2019–2020,2019,2020,follow_up,primary_care,people in stock,december_stock,12,stock MES=12; COL01; never summed with the other semester,5520.0,5520.0,727,727,727,727,0,0,0,1,594,4837.0,Broad pre-2021 category; taxonomic break in 2021,,REM/SerieP/SerieP_2019.csv,study/pipeline/02_rem_pathway.py
2020,P,P6,P6223000,single_code,True,Pervasive developmental disorders under control in primary care,2019–2020,2019,2020,follow_up,primary_care,people in stock,december_stock,12,stock MES=12; COL01; never summed with the other semester,5185.0,5185.0,695,694,695,694,1,0,0,1,594,4752.0,Broad pre-2021 category; taxonomic break in 2021,,REM/SerieP/SerieP_2020.csv,study/pipeline/02_rem_pathway.py
2019,P,P6,P6223000,single_code,True,Pervasive developmental disorders under control in primary care,2019–2020,2019,2020,follow_up,primary_care,people in stock,june_stock,06,stock MES=06; COL01; never summed with the other semester,4864.0,4864.0,707,707,707,707,0,0,0,1,44,614.0,Broad pre-2021 category; taxonomic break in 2021,,REM/SerieP/SerieP_2019.csv,study/pipeline/02_rem_pathway.py
2020,P,P6,P6223000,single_code,True,Pervasive developmental disorders under control in primary care,2019–2020,2019,2020,follow_up,primary_care,people in stock,june_stock,06,stock MES=06; COL01; never summed with the other semester,725.0,725.0,53,53,53,53,0,0,0,1,44,656.0,Broad pre-2021 category; taxonomic break in 2021,,REM/SerieP/SerieP_2020.csv,study/pipeline/02_rem_pathway.py
2019,P,P6,P6223380,single_code,True,Pervasive developmental disorders under control in specialty care,2019–2020,2019,2020,follow_up,specialty,people in stock,december_stock,12,stock MES=12; COL01; never summed with the other semester,6624.0,6624.0,111,111,111,111,0,0,0,1,104,6087.0,Broad pre-2021 category; taxonomic break in 2021,,REM/SerieP/SerieP_2019.csv,study/pipeline/02_rem_pathway.py
2020,P,P6,P6223380,single_code,True,Pervasive developmental disorders under control in specialty care,2019–2020,2019,2020,follow_up,specialty,people in stock,december_stock,12,stock MES=12; COL01; never summed with the other semester,6905.0,6905.0,121,121,121,121,0,0,0,1,104,6250.0,Broad pre-2021 category; taxonomic break in 2021,,REM/SerieP/SerieP_2020.csv,study/pipeline/02_rem_pathway.py
2019,P,P6,P6223380,single_code,True,Pervasive developmental disorders under control in specialty care,2019–2020,2019,2020,follow_up,specialty,people in stock,june_stock,06,stock MES=06; COL01; never summed with the other semester,6221.0,6221.0,109,109,109,109,0,0,0,1,91,5118.0,Broad pre-2021 category; taxonomic break in 2021,,REM/SerieP/SerieP_2019.csv,study/pipeline/02_rem_pathway.py
2020,P,P6,P6223380,single_code,True,Pervasive developmental disorders under control in specialty care,2019–2020,2019,2020,follow_up,specialty,people in stock,june_stock,06,stock MES=06; COL01; never summed with the other semester,5543.0,5543.0,105,105,105,105,0,0,0,1,91,5042.0,Broad pre-2021 category; taxonomic break in 2021,,REM/SerieP/SerieP_2020.csv,study/pipeline/02_rem_pathway.py
2021,P,P6,P6241010,single_code,True,Autism under control in primary care,2021–2025,2021,2025,follow_up,primary_care,people in stock,december_stock,12,stock MES=12; COL01; never summed with the other semester,2257.0,2257.0,482,475,482,475,7,0,0,1,353,1853.0,Strict series begins in 2021,,REM/SerieP/SerieP_2021.csv,study/pipeline/02_rem_pathway.py
2022,P,P6,P6241010,single_code,True,Autism under control in primary care,2021–2025,2021,2025,follow_up,primary_care,people in stock,december_stock,12,stock MES=12; COL01; never summed with the other semester,5042.0,5042.0,704,702,704,702,2,0,0,1,353,3629.0,Strict series begins in 2021,,REM/SerieP/SerieP_2022.csv,study/pipeline/02_rem_pathway.py
2023,P,P6,P6241010,single_code,True,Autism under control in primary care,2021–2025,2021,2025,follow_up,primary_care,people in stock,december_stock,12,stock MES=12; COL01; never summed with the other semester,9717.0,9717.0,956,956,956,956,0,0,0,1,353,6359.0,Strict series begins in 2021,,REM/SerieP/SerieP_2023.csv,study/pipeline/02_rem_pathway.py
2024,P,P6,P6241010,single_code,True,Autism under control in primary care,2021–2025,2021,2025,follow_up,primary_care,people in stock,december_stock,12,stock MES=12; COL01; never summed with the other semester,15934.0,15934.0,1160,1159,1160,1159,1,0,0,1,353,9152.0,Strict series begins in 2021,,REM/SerieP/SerieP_2024.csv,study/pipeline/02_rem_pathway.py
2025,P,P6,P6241010,single_code,True,Autism under control in primary care,2021–2025,2021,2025,follow_up,primary_care,people in stock,december_stock,12,stock MES=12; COL01; never summed with the other semester,21843.0,21843.0,1274,1273,1274,1273,0,1,0,1,353,11783.0,Strict series begins in 2021,,REM/SerieP/SerieP_2025.csv,study/pipeline/02_rem_pathway.py
2021,P,P6,P6241010,single_code,True,Autism under control in primary care,2021–2025,2021,2025,follow_up,primary_care,people in stock,june_stock,06,stock MES=06; COL01; never summed with the other semester,1448.0,1448.0,359,353,359,353,6,0,0,1,247,1130.0,Strict series begins in 2021,,REM/SerieP/SerieP_2021.csv,study/pipeline/02_rem_pathway.py
2022,P,P6,P6241010,single_code,True,Autism under control in primary care,2021–2025,2021,2025,follow_up,primary_care,people in stock,june_stock,06,stock MES=06; COL01; never summed with the other semester,3264.0,3264.0,592,587,592,587,5,0,0,1,247,1943.0,Strict series begins in 2021,,REM/SerieP/SerieP_2022.csv,study/pipeline/02_rem_pathway.py
2023,P,P6,P6241010,single_code,True,Autism under control in primary care,2021–2025,2021,2025,follow_up,primary_care,people in stock,june_stock,06,stock MES=06; COL01; never summed with the other semester,7199.0,7199.0,835,834,835,834,1,0,0,1,247,3704.0,Strict series begins in 2021,,REM/SerieP/SerieP_2023.csv,study/pipeline/02_rem_pathway.py
2024,P,P6,P6241010,single_code,True,Autism under control in primary care,2021–2025,2021,2025,follow_up,primary_care,people in stock,june_stock,06,stock MES=06; COL01; never summed with the other semester,13996.0,13996.0,1061,1061,1061,1061,0,0,0,1,247,6131.0,Strict series begins in 2021,,REM/SerieP/SerieP_2024.csv,study/pipeline/02_rem_pathway.py
2025,P,P6,P6241010,single_code,True,Autism under control in primary care,2021–2025,2021,2025,follow_up,primary_care,people in stock,june_stock,06,stock MES=06; COL01; never summed with the other semester,18013.0,18013.0,1204,1204,1204,1204,0,0,0,1,247,7163.0,Strict series begins in 2021,,REM/SerieP/SerieP_2025.csv,study/pipeline/02_rem_pathway.py
2021,P,P6,P6241020,single_code,True,Asperger under control in primary care,2021–2025,2021,2025,follow_up,primary_care,people in stock,december_stock,12,stock MES=12; COL01; never summed with the other semester,1265.0,1265.0,385,384,385,384,1,0,0,1,101,409.0,Legacy diagnostic taxonomy; broad sensitivity only,,REM/SerieP/SerieP_2021.csv,study/pipeline/02_rem_pathway.py
2022,P,P6,P6241020,single_code,True,Asperger under control in primary care,2021–2025,2021,2025,follow_up,primary_care,people in stock,december_stock,12,stock MES=12; COL01; never summed with the other semester,2016.0,2016.0,425,425,425,425,0,0,0,1,101,492.0,Legacy diagnostic taxonomy; broad sensitivity only,,REM/SerieP/SerieP_2022.csv,study/pipeline/02_rem_pathway.py
2023,P,P6,P6241020,single_code,True,Asperger under control in primary care,2021–2025,2021,2025,follow_up,primary_care,people in stock,december_stock,12,stock MES=12; COL01; never summed with the other semester,1621.0,1621.0,434,434,434,434,0,0,0,1,101,633.0,Legacy diagnostic taxonomy; broad sensitivity only,,REM/SerieP/SerieP_2023.csv,study/pipeline/02_rem_pathway.py
2024,P,P6,P6241020,single_code,True,Asperger under control in primary care,2021–2025,2021,2025,follow_up,primary_care,people in stock,december_stock,12,stock MES=12; COL01; never summed with the other semester,1602.0,1602.0,408,406,408,406,2,0,0,1,101,603.0,Legacy diagnostic taxonomy; broad sensitivity only,,REM/SerieP/SerieP_2024.csv,study/pipeline/02_rem_pathway.py
2025,P,P6,P6241020,single_code,True,Asperger under control in primary care,2021–2025,2021,2025,follow_up,primary_care,people in stock,december_stock,12,stock MES=12; COL01; never summed with the other semester,1345.0,1345.0,323,323,323,323,0,0,0,1,101,563.0,Legacy diagnostic taxonomy; broad sensitivity only,,REM/SerieP/SerieP_2025.csv,study/pipeline/02_rem_pathway.py
2021,P,P6,P6241020,single_code,True,Asperger under control in primary care,2021–2025,2021,2025,follow_up,primary_care,people in stock,june_stock,06,stock MES=06; COL01; never summed with the other semester,1109.0,1109.0,323,321,323,321,2,0,0,1,86,428.0,Legacy diagnostic taxonomy; broad sensitivity only,,REM/SerieP/SerieP_2021.csv,study/pipeline/02_rem_pathway.py
2022,P,P6,P6241020,single_code,True,Asperger under control in primary care,2021–2025,2021,2025,follow_up,primary_care,people in stock,june_stock,06,stock MES=06; COL01; never summed with the other semester,1465.0,1465.0,406,404,406,404,2,0,0,1,86,562.0,Legacy diagnostic taxonomy; broad sensitivity only,,REM/SerieP/SerieP_2022.csv,study/pipeline/02_rem_pathway.py
2023,P,P6,P6241020,single_code,True,Asperger under control in primary care,2021–2025,2021,2025,follow_up,primary_care,people in stock,june_stock,06,stock MES=06; COL01; never summed with the other semester,1621.0,1621.0,444,443,444,443,1,0,0,1,86,575.0,Legacy diagnostic taxonomy; broad sensitivity only,,REM/SerieP/SerieP_2023.csv,study/pipeline/02_rem_pathway.py
2024,P,P6,P6241020,single_code,True,Asperger under control in primary care,2021–2025,2021,2025,follow_up,primary_care,people in stock,june_stock,06,stock MES=06; COL01; never summed with the other semester,2157.0,2157.0,422,421,422,421,1,0,0,1,86,609.0,Legacy diagnostic taxonomy; broad sensitivity only,,REM/SerieP/SerieP_2024.csv,study/pipeline/02_rem_pathway.py
2025,P,P6,P6241020,single_code,True,Asperger under control in primary care,2021–2025,2021,2025,follow_up,primary_care,people in stock,june_stock,06,stock MES=06; COL01; never summed with the other semester,1594.0,1594.0,350,350,350,350,0,0,0,1,86,608.0,Legacy diagnostic taxonomy; broad sensitivity only,,REM/SerieP/SerieP_2025.csv,study/pipeline/02_rem_pathway.py
2021,P,P6,P6241030,single_code,True,Rett syndrome under control in primary care,2021–2025,2021,2025,follow_up,primary_care,people in stock,december_stock,12,stock MES=12; COL01; never summed with the other semester,508.0,508.0,41,35,41,35,6,0,0,1,4,36.0,Do not include in strict autism outcome,,REM/SerieP/SerieP_2021.csv,study/pipeline/02_rem_pathway.py
2022,P,P6,P6241030,single_code,True,Rett syndrome under control in primary care,2021–2025,2021,2025,follow_up,primary_care,people in stock,december_stock,12,stock MES=12; COL01; never summed with the other semester,425.0,425.0,31,30,31,30,1,0,0,1,4,36.0,Do not include in strict autism outcome,,REM/SerieP/SerieP_2022.csv,study/pipeline/02_rem_pathway.py
2023,P,P6,P6241030,single_code,True,Rett syndrome under control in primary care,2021–2025,2021,2025,follow_up,primary_care,people in stock,december_stock,12,stock MES=12; COL01; never summed with the other semester,234.0,234.0,31,30,31,30,1,0,0,1,4,28.0,Do not include in strict autism outcome,,REM/SerieP/SerieP_2023.csv,study/pipeline/02_rem_pathway.py
2024,P,P6,P6241030,single_code,True,Rett syndrome under control in primary care,2021–2025,2021,2025,follow_up,primary_care,people in stock,december_stock,12,stock MES=12; COL01; never summed with the other semester,252.0,252.0,36,33,36,33,3,0,0,1,4,11.0,Do not include in strict autism outcome,,REM/SerieP/SerieP_2024.csv,study/pipeline/02_rem_pathway.py
2025,P,P6,P6241030,single_code,True,Rett syndrome under control in primary care,2021–2025,2021,2025,follow_up,primary_care,people in stock,december_stock,12,stock MES=12; COL01; never summed with the other semester,150.0,150.0,33,33,33,33,0,0,0,1,4,9.0,Do not include in strict autism outcome,,REM/SerieP/SerieP_2025.csv,study/pipeline/02_rem_pathway.py
2021,P,P6,P6241030,single_code,True,Rett syndrome under control in primary care,2021–2025,2021,2025,follow_up,primary_care,people in stock,june_stock,06,stock MES=06; COL01; never summed with the other semester,1605.0,1605.0,45,41,45,41,4,0,0,1,4,66.0,Do not include in strict autism outcome,,REM/SerieP/SerieP_2021.csv,study/pipeline/02_rem_pathway.py
2022,P,P6,P6241030,single_code,True,Rett syndrome under control in primary care,2021–2025,2021,2025,follow_up,primary_care,people in stock,june_stock,06,stock MES=06; COL01; never summed with the other semester,249.0,249.0,33,30,33,30,3,0,0,1,4,68.0,Do not include in strict autism outcome,,REM/SerieP/SerieP_2022.csv,study/pipeline/02_rem_pathway.py
2023,P,P6,P6241030,single_code,True,Rett syndrome under control in primary care,2021–2025,2021,2025,follow_up,primary_care,people in stock,june_stock,06,stock MES=06; COL01; never summed with the other semester,171.0,171.0,31,30,31,30,1,0,0,1,4,71.0,Do not include in strict autism outcome,,REM/SerieP/SerieP_2023.csv,study/pipeline/02_rem_pathway.py
2024,P,P6,P6241030,single_code,True,Rett syndrome under control in primary care,2021–2025,2021,2025,follow_up,primary_care,people in stock,june_stock,06,stock MES=06; COL01; never summed with the other semester,278.0,278.0,35,34,35,34,1,0,0,1,4,95.0,Do not include in strict autism outcome,,REM/SerieP/SerieP_2024.csv,study/pipeline/02_rem_pathway.py
2025,P,P6,P6241030,single_code,True,Rett syndrome under control in primary care,2021–2025,2021,2025,follow_up,primary_care,people in stock,june_stock,06,stock MES=06; COL01; never summed with the other semester,329.0,329.0,34,34,34,34,0,0,0,1,4,93.0,Do not include in strict autism outcome,,REM/SerieP/SerieP_2025.csv,study/pipeline/02_rem_pathway.py
2021,P,P6,P6241040,single_code,True,Childhood disintegrative disorder under control in primary care,2021–2025,2021,2025,follow_up,primary_care,people in stock,december_stock,12,stock MES=12; COL01; never summed with the other semester,66.0,66.0,28,25,28,25,3,0,0,1,4,10.0,Do not include in strict autism outcome,,REM/SerieP/SerieP_2021.csv,study/pipeline/02_rem_pathway.py
2022,P,P6,P6241040,single_code,True,Childhood disintegrative disorder under control in primary care,2021–2025,2021,2025,follow_up,primary_care,people in stock,december_stock,12,stock MES=12; COL01; never summed with the other semester,80.0,80.0,36,34,36,34,2,0,0,1,4,13.0,Do not include in strict autism outcome,,REM/SerieP/SerieP_2022.csv,study/pipeline/02_rem_pathway.py
2023,P,P6,P6241040,single_code,True,Childhood disintegrative disorder under control in primary care,2021–2025,2021,2025,follow_up,primary_care,people in stock,december_stock,12,stock MES=12; COL01; never summed with the other semester,390.0,390.0,39,38,39,38,1,0,0,1,4,19.0,Do not include in strict autism outcome,,REM/SerieP/SerieP_2023.csv,study/pipeline/02_rem_pathway.py
2024,P,P6,P6241040,single_code,True,Childhood disintegrative disorder under control in primary care,2021–2025,2021,2025,follow_up,primary_care,people in stock,december_stock,12,stock MES=12; COL01; never summed with the other semester,348.0,348.0,46,45,46,45,1,0,0,1,4,21.0,Do not include in strict autism outcome,,REM/SerieP/SerieP_2024.csv,study/pipeline/02_rem_pathway.py
2025,P,P6,P6241040,single_code,True,Childhood disintegrative disorder under control in primary care,2021–2025,2021,2025,follow_up,primary_care,people in stock,december_stock,12,stock MES=12; COL01; never summed with the other semester,922.0,922.0,41,41,41,41,0,0,0,1,4,56.0,Do not include in strict autism outcome,,REM/SerieP/SerieP_2025.csv,study/pipeline/02_rem_pathway.py
2021,P,P6,P6241040,single_code,True,Childhood disintegrative disorder under control in primary care,2021–2025,2021,2025,follow_up,primary_care,people in stock,june_stock,06,stock MES=06; COL01; never summed with the other semester,59.0,59.0,26,25,26,25,1,0,0,1,2,7.0,Do not include in strict autism outcome,,REM/SerieP/SerieP_2021.csv,study/pipeline/02_rem_pathway.py
2022,P,P6,P6241040,single_code,True,Childhood disintegrative disorder under control in primary care,2021–2025,2021,2025,follow_up,primary_care,people in stock,june_stock,06,stock MES=06; COL01; never summed with the other semester,72.0,72.0,28,26,28,26,2,0,0,1,2,7.0,Do not include in strict autism outcome,,REM/SerieP/SerieP_2022.csv,study/pipeline/02_rem_pathway.py
2023,P,P6,P6241040,single_code,True,Childhood disintegrative disorder under control in primary care,2021–2025,2021,2025,follow_up,primary_care,people in stock,june_stock,06,stock MES=06; COL01; never summed with the other semester,48.0,48.0,27,26,27,26,1,0,0,1,2,5.0,Do not include in strict autism outcome,,REM/SerieP/SerieP_2023.csv,study/pipeline/02_rem_pathway.py
2024,P,P6,P6241040,single_code,True,Childhood disintegrative disorder under control in primary care,2021–2025,2021,2025,follow_up,primary_care,people in stock,june_stock,06,stock MES=06; COL01; never summed with the other semester,265.0,265.0,41,39,41,39,2,0,0,1,2,6.0,Do not include in strict autism outcome,,REM/SerieP/SerieP_2024.csv,study/pipeline/02_rem_pathway.py
2025,P,P6,P6241040,single_code,True,Childhood disintegrative disorder under control in primary care,2021–2025,2021,2025,follow_up,primary_care,people in stock,june_stock,06,stock MES=06; COL01; never summed with the other semester,321.0,321.0,37,37,37,37,0,0,0,1,2,7.0,Do not include in strict autism outcome,,REM/SerieP/SerieP_2025.csv,study/pipeline/02_rem_pathway.py
2021,P,P6,P6241050,single_code,True,Pervasive developmental disorder unspecified under control in primary care,2021–2025,2021,2025,follow_up,primary_care,people in stock,december_stock,12,stock MES=12; COL01; never summed with the other semester,2649.0,2648.0,410,406,411,407,4,0,1,1,152,1447.0,Broad sensitivity only,,REM/SerieP/SerieP_2021.csv,study/pipeline/02_rem_pathway.py
2022,P,P6,P6241050,single_code,True,Pervasive developmental disorder unspecified under control in primary care,2021–2025,2021,2025,follow_up,primary_care,people in stock,december_stock,12,stock MES=12; COL01; never summed with the other semester,3160.0,3160.0,451,450,451,450,1,0,0,1,152,1598.0,Broad sensitivity only,,REM/SerieP/SerieP_2022.csv,study/pipeline/02_rem_pathway.py
2023,P,P6,P6241050,single_code,True,Pervasive developmental disorder unspecified under control in primary care,2021–2025,2021,2025,follow_up,primary_care,people in stock,december_stock,12,stock MES=12; COL01; never summed with the other semester,3167.0,3167.0,463,463,463,463,0,0,0,1,152,1820.0,Broad sensitivity only,,REM/SerieP/SerieP_2023.csv,study/pipeline/02_rem_pathway.py
2024,P,P6,P6241050,single_code,True,Pervasive developmental disorder unspecified under control in primary care,2021–2025,2021,2025,follow_up,primary_care,people in stock,december_stock,12,stock MES=12; COL01; never summed with the other semester,3027.0,3027.0,450,450,450,450,0,0,0,1,152,1931.0,Broad sensitivity only,,REM/SerieP/SerieP_2024.csv,study/pipeline/02_rem_pathway.py
2025,P,P6,P6241050,single_code,True,Pervasive developmental disorder unspecified under control in primary care,2021–2025,2021,2025,follow_up,primary_care,people in stock,december_stock,12,stock MES=12; COL01; never summed with the other semester,3209.0,3209.0,473,472,473,472,0,1,0,1,152,1959.0,Broad sensitivity only,,REM/SerieP/SerieP_2025.csv,study/pipeline/02_rem_pathway.py
2021,P,P6,P6241050,single_code,True,Pervasive developmental disorder unspecified under control in primary care,2021–2025,2021,2025,follow_up,primary_care,people in stock,june_stock,06,stock MES=06; COL01; never summed with the other semester,3007.0,3007.0,374,374,374,374,0,0,0,1,117,1339.0,Broad sensitivity only,,REM/SerieP/SerieP_2021.csv,study/pipeline/02_rem_pathway.py
2022,P,P6,P6241050,single_code,True,Pervasive developmental disorder unspecified under control in primary care,2021–2025,2021,2025,follow_up,primary_care,people in stock,june_stock,06,stock MES=06; COL01; never summed with the other semester,2722.0,2722.0,428,425,428,425,3,0,0,1,117,1306.0,Broad sensitivity only,,REM/SerieP/SerieP_2022.csv,study/pipeline/02_rem_pathway.py
2023,P,P6,P6241050,single_code,True,Pervasive developmental disorder unspecified under control in primary care,2021–2025,2021,2025,follow_up,primary_care,people in stock,june_stock,06,stock MES=06; COL01; never summed with the other semester,3142.0,3142.0,459,459,459,459,0,0,0,1,117,1508.0,Broad sensitivity only,,REM/SerieP/SerieP_2023.csv,study/pipeline/02_rem_pathway.py
2024,P,P6,P6241050,single_code,True,Pervasive developmental disorder unspecified under control in primary care,2021–2025,2021,2025,follow_up,primary_care,people in stock,june_stock,06,stock MES=06; COL01; never summed with the other semester,3200.0,3200.0,451,450,451,450,1,0,0,1,117,1767.0,Broad sensitivity only,,REM/SerieP/SerieP_2024.csv,study/pipeline/02_rem_pathway.py
2025,P,P6,P6241050,single_code,True,Pervasive developmental disorder unspecified under control in primary care,2021–2025,2021,2025,follow_up,primary_care,people in stock,june_stock,06,stock MES=06; COL01; never summed with the other semester,3210.0,3210.0,439,439,439,439,0,0,0,1,117,1574.0,Broad sensitivity only,,REM/SerieP/SerieP_2025.csv,study/pipeline/02_rem_pathway.py
2021,P,P6,P6241060,single_code,True,Autism under control in specialty care,2021–2025,2021,2025,follow_up,specialty,people in stock,december_stock,12,stock MES=12; COL01; never summed with the other semester,3562.0,3562.0,95,94,95,94,1,0,0,1,68,3027.0,Strict series begins in 2021,,REM/SerieP/SerieP_2021.csv,study/pipeline/02_rem_pathway.py
2022,P,P6,P6241060,single_code,True,Autism under control in specialty care,2021–2025,2021,2025,follow_up,specialty,people in stock,december_stock,12,stock MES=12; COL01; never summed with the other semester,4684.0,4684.0,113,113,113,113,0,0,0,1,68,3754.0,Strict series begins in 2021,,REM/SerieP/SerieP_2022.csv,study/pipeline/02_rem_pathway.py
2023,P,P6,P6241060,single_code,True,Autism under control in specialty care,2021–2025,2021,2025,follow_up,specialty,people in stock,december_stock,12,stock MES=12; COL01; never summed with the other semester,7982.0,7982.0,129,129,129,129,0,0,0,1,68,5913.0,Strict series begins in 2021,,REM/SerieP/SerieP_2023.csv,study/pipeline/02_rem_pathway.py
2024,P,P6,P6241060,single_code,True,Autism under control in specialty care,2021–2025,2021,2025,follow_up,specialty,people in stock,december_stock,12,stock MES=12; COL01; never summed with the other semester,8835.0,8835.0,144,144,144,144,0,0,0,1,68,5733.0,Strict series begins in 2021,,REM/SerieP/SerieP_2024.csv,study/pipeline/02_rem_pathway.py
2025,P,P6,P6241060,single_code,True,Autism under control in specialty care,2021–2025,2021,2025,follow_up,specialty,people in stock,december_stock,12,stock MES=12; COL01; never summed with the other semester,12645.0,12645.0,153,153,153,153,0,0,0,1,68,8369.0,Strict series begins in 2021,,REM/SerieP/SerieP_2025.csv,study/pipeline/02_rem_pathway.py
2021,P,P6,P6241060,single_code,True,Autism under control in specialty care,2021–2025,2021,2025,follow_up,specialty,people in stock,june_stock,06,stock MES=06; COL01; never summed with the other semester,3204.0,3204.0,90,90,90,90,0,0,0,1,59,2561.0,Strict series begins in 2021,,REM/SerieP/SerieP_2021.csv,study/pipeline/02_rem_pathway.py
2022,P,P6,P6241060,single_code,True,Autism under control in specialty care,2021–2025,2021,2025,follow_up,specialty,people in stock,june_stock,06,stock MES=06; COL01; never summed with the other semester,4427.0,4427.0,102,102,102,102,0,0,0,1,59,3262.0,Strict series begins in 2021,,REM/SerieP/SerieP_2022.csv,study/pipeline/02_rem_pathway.py
2023,P,P6,P6241060,single_code,True,Autism under control in specialty care,2021–2025,2021,2025,follow_up,specialty,people in stock,june_stock,06,stock MES=06; COL01; never summed with the other semester,6624.0,6624.0,123,123,123,123,0,0,0,1,59,4662.0,Strict series begins in 2021,,REM/SerieP/SerieP_2023.csv,study/pipeline/02_rem_pathway.py
2024,P,P6,P6241060,single_code,True,Autism under control in specialty care,2021–2025,2021,2025,follow_up,specialty,people in stock,june_stock,06,stock MES=06; COL01; never summed with the other semester,9262.0,9262.0,139,139,139,139,0,0,0,1,59,5978.0,Strict series begins in 2021,,REM/SerieP/SerieP_2024.csv,study/pipeline/02_rem_pathway.py
2025,P,P6,P6241060,single_code,True,Autism under control in specialty care,2021–2025,2021,2025,follow_up,specialty,people in stock,june_stock,06,stock MES=06; COL01; never summed with the other semester,9940.0,9940.0,142,142,142,142,0,0,0,1,59,5823.0,Strict series begins in 2021,,REM/SerieP/SerieP_2025.csv,study/pipeline/02_rem_pathway.py
2021,P,P6,P6241070,single_code,True,Asperger under control in specialty care,2021–2025,2021,2025,follow_up,specialty,people in stock,december_stock,12,stock MES=12; COL01; never summed with the other semester,1498.0,1498.0,84,83,84,83,1,0,0,1,44,972.0,Legacy diagnostic taxonomy; broad sensitivity only,,REM/SerieP/SerieP_2021.csv,study/pipeline/02_rem_pathway.py
2022,P,P6,P6241070,single_code,True,Asperger under control in specialty care,2021–2025,2021,2025,follow_up,specialty,people in stock,december_stock,12,stock MES=12; COL01; never summed with the other semester,1716.0,1716.0,89,89,89,89,0,0,0,1,44,1106.0,Legacy diagnostic taxonomy; broad sensitivity only,,REM/SerieP/SerieP_2022.csv,study/pipeline/02_rem_pathway.py
2023,P,P6,P6241070,single_code,True,Asperger under control in specialty care,2021–2025,2021,2025,follow_up,specialty,people in stock,december_stock,12,stock MES=12; COL01; never summed with the other semester,1882.0,1882.0,99,99,99,99,0,0,0,1,44,1328.0,Legacy diagnostic taxonomy; broad sensitivity only,,REM/SerieP/SerieP_2023.csv,study/pipeline/02_rem_pathway.py
2024,P,P6,P6241070,single_code,True,Asperger under control in specialty care,2021–2025,2021,2025,follow_up,specialty,people in stock,december_stock,12,stock MES=12; COL01; never summed with the other semester,2120.0,2120.0,97,97,97,97,0,0,0,1,44,1377.0,Legacy diagnostic taxonomy; broad sensitivity only,,REM/SerieP/SerieP_2024.csv,study/pipeline/02_rem_pathway.py
2025,P,P6,P6241070,single_code,True,Asperger under control in specialty care,2021–2025,2021,2025,follow_up,specialty,people in stock,december_stock,12,stock MES=12; COL01; never summed with the other semester,2834.0,2834.0,86,86,86,86,0,0,0,1,44,2288.0,Legacy diagnostic taxonomy; broad sensitivity only,,REM/SerieP/SerieP_2025.csv,study/pipeline/02_rem_pathway.py
2021,P,P6,P6241070,single_code,True,Asperger under control in specialty care,2021–2025,2021,2025,follow_up,specialty,people in stock,june_stock,06,stock MES=06; COL01; never summed with the other semester,1417.0,1417.0,69,68,69,68,1,0,0,1,36,673.0,Legacy diagnostic taxonomy; broad sensitivity only,,REM/SerieP/SerieP_2021.csv,study/pipeline/02_rem_pathway.py
2022,P,P6,P6241070,single_code,True,Asperger under control in specialty care,2021–2025,2021,2025,follow_up,specialty,people in stock,june_stock,06,stock MES=06; COL01; never summed with the other semester,1570.0,1570.0,81,81,81,81,0,0,0,1,36,894.0,Legacy diagnostic taxonomy; broad sensitivity only,,REM/SerieP/SerieP_2022.csv,study/pipeline/02_rem_pathway.py
2023,P,P6,P6241070,single_code,True,Asperger under control in specialty care,2021–2025,2021,2025,follow_up,specialty,people in stock,june_stock,06,stock MES=06; COL01; never summed with the other semester,1922.0,1922.0,96,96,96,96,0,0,0,1,36,1125.0,Legacy diagnostic taxonomy; broad sensitivity only,,REM/SerieP/SerieP_2023.csv,study/pipeline/02_rem_pathway.py
2024,P,P6,P6241070,single_code,True,Asperger under control in specialty care,2021–2025,2021,2025,follow_up,specialty,people in stock,june_stock,06,stock MES=06; COL01; never summed with the other semester,1947.0,1947.0,104,104,104,104,0,0,0,1,36,983.0,Legacy diagnostic taxonomy; broad sensitivity only,,REM/SerieP/SerieP_2024.csv,study/pipeline/02_rem_pathway.py
2025,P,P6,P6241070,single_code,True,Asperger under control in specialty care,2021–2025,2021,2025,follow_up,specialty,people in stock,june_stock,06,stock MES=06; COL01; never summed with the other semester,1730.0,1730.0,94,94,94,94,0,0,0,1,36,957.0,Legacy diagnostic taxonomy; broad sensitivity only,,REM/SerieP/SerieP_2025.csv,study/pipeline/02_rem_pathway.py
2021,P,P6,P6241080,single_code,True,Rett syndrome under control in specialty care,2021–2025,2021,2025,follow_up,specialty,people in stock,december_stock,12,stock MES=12; COL01; never summed with the other semester,6.0,6.0,5,3,5,3,2,0,0,1,0,,Do not include in strict autism outcome,,REM/SerieP/SerieP_2021.csv,study/pipeline/02_rem_pathway.py
2022,P,P6,P6241080,single_code,True,Rett syndrome under control in specialty care,2021–2025,2021,2025,follow_up,specialty,people in stock,december_stock,12,stock MES=12; COL01; never summed with the other semester,12.0,12.0,9,8,9,8,1,0,0,1,0,,Do not include in strict autism outcome,,REM/SerieP/SerieP_2022.csv,study/pipeline/02_rem_pathway.py
2023,P,P6,P6241080,single_code,True,Rett syndrome under control in specialty care,2021–2025,2021,2025,follow_up,specialty,people in stock,december_stock,12,stock MES=12; COL01; never summed with the other semester,7.0,7.0,4,4,4,4,0,0,0,1,0,,Do not include in strict autism outcome,,REM/SerieP/SerieP_2023.csv,study/pipeline/02_rem_pathway.py
2024,P,P6,P6241080,single_code,True,Rett syndrome under control in specialty care,2021–2025,2021,2025,follow_up,specialty,people in stock,december_stock,12,stock MES=12; COL01; never summed with the other semester,7.0,7.0,6,6,6,6,0,0,0,1,0,,Do not include in strict autism outcome,,REM/SerieP/SerieP_2024.csv,study/pipeline/02_rem_pathway.py
2025,P,P6,P6241080,single_code,True,Rett syndrome under control in specialty care,2021–2025,2021,2025,follow_up,specialty,people in stock,december_stock,12,stock MES=12; COL01; never summed with the other semester,6.0,6.0,6,6,6,6,0,0,0,1,0,,Do not include in strict autism outcome,,REM/SerieP/SerieP_2025.csv,study/pipeline/02_rem_pathway.py
2021,P,P6,P6241080,single_code,True,Rett syndrome under control in specialty care,2021–2025,2021,2025,follow_up,specialty,people in stock,june_stock,06,stock MES=06; COL01; never summed with the other semester,40.0,40.0,6,5,6,5,1,0,0,1,0,,Do not include in strict autism outcome,,REM/SerieP/SerieP_2021.csv,study/pipeline/02_rem_pathway.py
2022,P,P6,P6241080,single_code,True,Rett syndrome under control in specialty care,2021–2025,2021,2025,follow_up,specialty,people in stock,june_stock,06,stock MES=06; COL01; never summed with the other semester,13.0,13.0,6,6,6,6,0,0,0,1,0,,Do not include in strict autism outcome,,REM/SerieP/SerieP_2022.csv,study/pipeline/02_rem_pathway.py
2023,P,P6,P6241080,single_code,True,Rett syndrome under control in specialty care,2021–2025,2021,2025,follow_up,specialty,people in stock,june_stock,06,stock MES=06; COL01; never summed with the other semester,16.0,16.0,3,3,3,3,0,0,0,1,0,,Do not include in strict autism outcome,,REM/SerieP/SerieP_2023.csv,study/pipeline/02_rem_pathway.py
2024,P,P6,P6241080,single_code,True,Rett syndrome under control in specialty care,2021–2025,2021,2025,follow_up,specialty,people in stock,june_stock,06,stock MES=06; COL01; never summed with the other semester,20.0,20.0,8,8,8,8,0,0,0,1,0,,Do not include in strict autism outcome,,REM/SerieP/SerieP_2024.csv,study/pipeline/02_rem_pathway.py
2025,P,P6,P6241080,single_code,True,Rett syndrome under control in specialty care,2021–2025,2021,2025,follow_up,specialty,people in stock,june_stock,06,stock MES=06; COL01; never summed with the other semester,4.0,4.0,3,3,3,3,0,0,0,1,0,,Do not include in strict autism outcome,,REM/SerieP/SerieP_2025.csv,study/pipeline/02_rem_pathway.py
2021,P,P6,P6241090,single_code,True,Childhood disintegrative disorder under control in specialty care,2021–2025,2021,2025,follow_up,specialty,people in stock,december_stock,12,stock MES=12; COL01; never summed with the other semester,31.0,31.0,9,7,9,7,2,0,0,1,0,,Do not include in strict autism outcome,,REM/SerieP/SerieP_2021.csv,study/pipeline/02_rem_pathway.py
2022,P,P6,P6241090,single_code,True,Childhood disintegrative disorder under control in specialty care,2021–2025,2021,2025,follow_up,specialty,people in stock,december_stock,12,stock MES=12; COL01; never summed with the other semester,20.0,20.0,8,6,8,6,2,0,0,1,0,,Do not include in strict autism outcome,,REM/SerieP/SerieP_2022.csv,study/pipeline/02_rem_pathway.py
2023,P,P6,P6241090,single_code,True,Childhood disintegrative disorder under control in specialty care,2021–2025,2021,2025,follow_up,specialty,people in stock,december_stock,12,stock MES=12; COL01; never summed with the other semester,117.0,117.0,11,11,11,11,0,0,0,1,0,,Do not include in strict autism outcome,,REM/SerieP/SerieP_2023.csv,study/pipeline/02_rem_pathway.py
2024,P,P6,P6241090,single_code,True,Childhood disintegrative disorder under control in specialty care,2021–2025,2021,2025,follow_up,specialty,people in stock,december_stock,12,stock MES=12; COL01; never summed with the other semester,125.0,125.0,9,9,9,9,0,0,0,1,0,,Do not include in strict autism outcome,,REM/SerieP/SerieP_2024.csv,study/pipeline/02_rem_pathway.py
2025,P,P6,P6241090,single_code,True,Childhood disintegrative disorder under control in specialty care,2021–2025,2021,2025,follow_up,specialty,people in stock,december_stock,12,stock MES=12; COL01; never summed with the other semester,180.0,180.0,13,13,13,13,0,0,0,1,0,,Do not include in strict autism outcome,,REM/SerieP/SerieP_2025.csv,study/pipeline/02_rem_pathway.py
2021,P,P6,P6241090,single_code,True,Childhood disintegrative disorder under control in specialty care,2021–2025,2021,2025,follow_up,specialty,people in stock,june_stock,06,stock MES=06; COL01; never summed with the other semester,35.0,35.0,3,2,3,2,1,0,0,1,0,,Do not include in strict autism outcome,,REM/SerieP/SerieP_2021.csv,study/pipeline/02_rem_pathway.py
2022,P,P6,P6241090,single_code,True,Childhood disintegrative disorder under control in specialty care,2021–2025,2021,2025,follow_up,specialty,people in stock,june_stock,06,stock MES=06; COL01; never summed with the other semester,27.0,27.0,5,5,5,5,0,0,0,1,0,,Do not include in strict autism outcome,,REM/SerieP/SerieP_2022.csv,study/pipeline/02_rem_pathway.py
2023,P,P6,P6241090,single_code,True,Childhood disintegrative disorder under control in specialty care,2021–2025,2021,2025,follow_up,specialty,people in stock,june_stock,06,stock MES=06; COL01; never summed with the other semester,113.0,113.0,7,7,7,7,0,0,0,1,0,,Do not include in strict autism outcome,,REM/SerieP/SerieP_2023.csv,study/pipeline/02_rem_pathway.py
2024,P,P6,P6241090,single_code,True,Childhood disintegrative disorder under control in specialty care,2021–2025,2021,2025,follow_up,specialty,people in stock,june_stock,06,stock MES=06; COL01; never summed with the other semester,142.0,142.0,10,10,10,10,0,0,0,1,0,,Do not include in strict autism outcome,,REM/SerieP/SerieP_2024.csv,study/pipeline/02_rem_pathway.py
2025,P,P6,P6241090,single_code,True,Childhood disintegrative disorder under control in specialty care,2021–2025,2021,2025,follow_up,specialty,people in stock,june_stock,06,stock MES=06; COL01; never summed with the other semester,126.0,126.0,7,7,7,7,0,0,0,1,0,,Do not include in strict autism outcome,,REM/SerieP/SerieP_2025.csv,study/pipeline/02_rem_pathway.py
2021,P,P6,P6241100,single_code,True,Pervasive developmental disorder unspecified under control in specialty care,2021–2025,2021,2025,follow_up,specialty,people in stock,december_stock,12,stock MES=12; COL01; never summed with the other semester,4072.0,4072.0,109,108,109,108,1,0,0,1,63,2111.0,Broad sensitivity only,,REM/SerieP/SerieP_2021.csv,study/pipeline/02_rem_pathway.py
2022,P,P6,P6241100,single_code,True,Pervasive developmental disorder unspecified under control in specialty care,2021–2025,2021,2025,follow_up,specialty,people in stock,december_stock,12,stock MES=12; COL01; never summed with the other semester,4299.0,4299.0,106,106,106,106,0,0,0,1,63,2922.0,Broad sensitivity only,,REM/SerieP/SerieP_2022.csv,study/pipeline/02_rem_pathway.py
2023,P,P6,P6241100,single_code,True,Pervasive developmental disorder unspecified under control in specialty care,2021–2025,2021,2025,follow_up,specialty,people in stock,december_stock,12,stock MES=12; COL01; never summed with the other semester,3672.0,3672.0,108,108,108,108,0,0,0,1,63,2363.0,Broad sensitivity only,,REM/SerieP/SerieP_2023.csv,study/pipeline/02_rem_pathway.py
2024,P,P6,P6241100,single_code,True,Pervasive developmental disorder unspecified under control in specialty care,2021–2025,2021,2025,follow_up,specialty,people in stock,december_stock,12,stock MES=12; COL01; never summed with the other semester,4224.0,4224.0,115,115,115,115,0,0,0,1,63,2531.0,Broad sensitivity only,,REM/SerieP/SerieP_2024.csv,study/pipeline/02_rem_pathway.py
2025,P,P6,P6241100,single_code,True,Pervasive developmental disorder unspecified under control in specialty care,2021–2025,2021,2025,follow_up,specialty,people in stock,december_stock,12,stock MES=12; COL01; never summed with the other semester,4706.0,4706.0,122,122,122,122,0,0,0,1,63,2410.0,Broad sensitivity only,,REM/SerieP/SerieP_2025.csv,study/pipeline/02_rem_pathway.py
2021,P,P6,P6241100,single_code,True,Pervasive developmental disorder unspecified under control in specialty care,2021–2025,2021,2025,follow_up,specialty,people in stock,june_stock,06,stock MES=06; COL01; never summed with the other semester,4277.0,4277.0,101,101,101,101,0,0,0,1,55,2328.0,Broad sensitivity only,,REM/SerieP/SerieP_2021.csv,study/pipeline/02_rem_pathway.py
2022,P,P6,P6241100,single_code,True,Pervasive developmental disorder unspecified under control in specialty care,2021–2025,2021,2025,follow_up,specialty,people in stock,june_stock,06,stock MES=06; COL01; never summed with the other semester,3582.0,3582.0,103,103,103,103,0,0,0,1,55,1793.0,Broad sensitivity only,,REM/SerieP/SerieP_2022.csv,study/pipeline/02_rem_pathway.py
2023,P,P6,P6241100,single_code,True,Pervasive developmental disorder unspecified under control in specialty care,2021–2025,2021,2025,follow_up,specialty,people in stock,june_stock,06,stock MES=06; COL01; never summed with the other semester,4035.0,4035.0,109,109,109,109,0,0,0,1,55,2355.0,Broad sensitivity only,,REM/SerieP/SerieP_2023.csv,study/pipeline/02_rem_pathway.py
2024,P,P6,P6241100,single_code,True,Pervasive developmental disorder unspecified under control in specialty care,2021–2025,2021,2025,follow_up,specialty,people in stock,june_stock,06,stock MES=06; COL01; never summed with the other semester,4415.0,4415.0,118,118,118,118,0,0,0,1,55,2334.0,Broad sensitivity only,,REM/SerieP/SerieP_2024.csv,study/pipeline/02_rem_pathway.py
2025,P,P6,P6241100,single_code,True,Pervasive developmental disorder unspecified under control in specialty care,2021–2025,2021,2025,follow_up,specialty,people in stock,june_stock,06,stock MES=06; COL01; never summed with the other semester,4324.0,4324.0,115,115,115,115,0,0,0,1,55,2144.0,Broad sensitivity only,,REM/SerieP/SerieP_2025.csv,study/pipeline/02_rem_pathway.py
2021,P,P6,P6241010,strict_autism,True,P6 población bajo control en APS: autismo estricto,2021–2025,2021,2025,follow_up,primary_care,people in stock,december_stock,12,stock MES=12; COL01 summed over the family codes; never summed with the other semester,2257.0,2257.0,482,475,482,475,7,0,0,1,353,1853.0,Family sum over separately reported categories; establishments counted once if they report any family code,,REM/SerieP/SerieP_2021.csv,study/pipeline/02_rem_pathway.py
2022,P,P6,P6241010,strict_autism,True,P6 población bajo control en APS: autismo estricto,2021–2025,2021,2025,follow_up,primary_care,people in stock,december_stock,12,stock MES=12; COL01 summed over the family codes; never summed with the other semester,5042.0,5042.0,704,702,704,702,2,0,0,1,353,3629.0,Family sum over separately reported categories; establishments counted once if they report any family code,,REM/SerieP/SerieP_2022.csv,study/pipeline/02_rem_pathway.py
2023,P,P6,P6241010,strict_autism,True,P6 población bajo control en APS: autismo estricto,2021–2025,2021,2025,follow_up,primary_care,people in stock,december_stock,12,stock MES=12; COL01 summed over the family codes; never summed with the other semester,9717.0,9717.0,956,956,956,956,0,0,0,1,353,6359.0,Family sum over separately reported categories; establishments counted once if they report any family code,,REM/SerieP/SerieP_2023.csv,study/pipeline/02_rem_pathway.py
2024,P,P6,P6241010,strict_autism,True,P6 población bajo control en APS: autismo estricto,2021–2025,2021,2025,follow_up,primary_care,people in stock,december_stock,12,stock MES=12; COL01 summed over the family codes; never summed with the other semester,15934.0,15934.0,1160,1159,1160,1159,1,0,0,1,353,9152.0,Family sum over separately reported categories; establishments counted once if they report any family code,,REM/SerieP/SerieP_2024.csv,study/pipeline/02_rem_pathway.py
2025,P,P6,P6241010,strict_autism,True,P6 población bajo control en APS: autismo estricto,2021–2025,2021,2025,follow_up,primary_care,people in stock,december_stock,12,stock MES=12; COL01 summed over the family codes; never summed with the other semester,21843.0,21843.0,1274,1273,1274,1273,0,1,0,1,353,11783.0,Family sum over separately reported categories; establishments counted once if they report any family code,,REM/SerieP/SerieP_2025.csv,study/pipeline/02_rem_pathway.py
2021,P,P6,P6241010,strict_autism,True,P6 población bajo control en APS: autismo estricto,2021–2025,2021,2025,follow_up,primary_care,people in stock,june_stock,06,stock MES=06; COL01 summed over the family codes; never summed with the other semester,1448.0,1448.0,359,353,359,353,6,0,0,1,247,1130.0,Family sum over separately reported categories; establishments counted once if they report any family code,,REM/SerieP/SerieP_2021.csv,study/pipeline/02_rem_pathway.py
2022,P,P6,P6241010,strict_autism,True,P6 población bajo control en APS: autismo estricto,2021–2025,2021,2025,follow_up,primary_care,people in stock,june_stock,06,stock MES=06; COL01 summed over the family codes; never summed with the other semester,3264.0,3264.0,592,587,592,587,5,0,0,1,247,1943.0,Family sum over separately reported categories; establishments counted once if they report any family code,,REM/SerieP/SerieP_2022.csv,study/pipeline/02_rem_pathway.py
2023,P,P6,P6241010,strict_autism,True,P6 población bajo control en APS: autismo estricto,2021–2025,2021,2025,follow_up,primary_care,people in stock,june_stock,06,stock MES=06; COL01 summed over the family codes; never summed with the other semester,7199.0,7199.0,835,834,835,834,1,0,0,1,247,3704.0,Family sum over separately reported categories; establishments counted once if they report any family code,,REM/SerieP/SerieP_2023.csv,study/pipeline/02_rem_pathway.py
2024,P,P6,P6241010,strict_autism,True,P6 población bajo control en APS: autismo estricto,2021–2025,2021,2025,follow_up,primary_care,people in stock,june_stock,06,stock MES=06; COL01 summed over the family codes; never summed with the other semester,13996.0,13996.0,1061,1061,1061,1061,0,0,0,1,247,6131.0,Family sum over separately reported categories; establishments counted once if they report any family code,,REM/SerieP/SerieP_2024.csv,study/pipeline/02_rem_pathway.py
2025,P,P6,P6241010,strict_autism,True,P6 población bajo control en APS: autismo estricto,2021–2025,2021,2025,follow_up,primary_care,people in stock,june_stock,06,stock MES=06; COL01 summed over the family codes; never summed with the other semester,18013.0,18013.0,1204,1204,1204,1204,0,0,0,1,247,7163.0,Family sum over separately reported categories; establishments counted once if they report any family code,,REM/SerieP/SerieP_2025.csv,study/pipeline/02_rem_pathway.py
2021,P,P6,P6241060,strict_autism,True,P6 población bajo control en especialidad: autismo estricto,2021–2025,2021,2025,follow_up,specialty,people in stock,december_stock,12,stock MES=12; COL01 summed over the family codes; never summed with the other semester,3562.0,3562.0,95,94,95,94,1,0,0,1,68,3027.0,Family sum over separately reported categories; establishments counted once if they report any family code,,REM/SerieP/SerieP_2021.csv,study/pipeline/02_rem_pathway.py
2022,P,P6,P6241060,strict_autism,True,P6 población bajo control en especialidad: autismo estricto,2021–2025,2021,2025,follow_up,specialty,people in stock,december_stock,12,stock MES=12; COL01 summed over the family codes; never summed with the other semester,4684.0,4684.0,113,113,113,113,0,0,0,1,68,3754.0,Family sum over separately reported categories; establishments counted once if they report any family code,,REM/SerieP/SerieP_2022.csv,study/pipeline/02_rem_pathway.py
2023,P,P6,P6241060,strict_autism,True,P6 población bajo control en especialidad: autismo estricto,2021–2025,2021,2025,follow_up,specialty,people in stock,december_stock,12,stock MES=12; COL01 summed over the family codes; never summed with the other semester,7982.0,7982.0,129,129,129,129,0,0,0,1,68,5913.0,Family sum over separately reported categories; establishments counted once if they report any family code,,REM/SerieP/SerieP_2023.csv,study/pipeline/02_rem_pathway.py
2024,P,P6,P6241060,strict_autism,True,P6 población bajo control en especialidad: autismo estricto,2021–2025,2021,2025,follow_up,specialty,people in stock,december_stock,12,stock MES=12; COL01 summed over the family codes; never summed with the other semester,8835.0,8835.0,144,144,144,144,0,0,0,1,68,5733.0,Family sum over separately reported categories; establishments counted once if they report any family code,,REM/SerieP/SerieP_2024.csv,study/pipeline/02_rem_pathway.py
2025,P,P6,P6241060,strict_autism,True,P6 población bajo control en especialidad: autismo estricto,2021–2025,2021,2025,follow_up,specialty,people in stock,december_stock,12,stock MES=12; COL01 summed over the family codes; never summed with the other semester,12645.0,12645.0,153,153,153,153,0,0,0,1,68,8369.0,Family sum over separately reported categories; establishments counted once if they report any family code,,REM/SerieP/SerieP_2025.csv,study/pipeline/02_rem_pathway.py
2021,P,P6,P6241060,strict_autism,True,P6 población bajo control en especialidad: autismo estricto,2021–2025,2021,2025,follow_up,specialty,people in stock,june_stock,06,stock MES=06; COL01 summed over the family codes; never summed with the other semester,3204.0,3204.0,90,90,90,90,0,0,0,1,59,2561.0,Family sum over separately reported categories; establishments counted once if they report any family code,,REM/SerieP/SerieP_2021.csv,study/pipeline/02_rem_pathway.py
2022,P,P6,P6241060,strict_autism,True,P6 población bajo control en especialidad: autismo estricto,2021–2025,2021,2025,follow_up,specialty,people in stock,june_stock,06,stock MES=06; COL01 summed over the family codes; never summed with the other semester,4427.0,4427.0,102,102,102,102,0,0,0,1,59,3262.0,Family sum over separately reported categories; establishments counted once if they report any family code,,REM/SerieP/SerieP_2022.csv,study/pipeline/02_rem_pathway.py
2023,P,P6,P6241060,strict_autism,True,P6 población bajo control en especialidad: autismo estricto,2021–2025,2021,2025,follow_up,specialty,people in stock,june_stock,06,stock MES=06; COL01 summed over the family codes; never summed with the other semester,6624.0,6624.0,123,123,123,123,0,0,0,1,59,4662.0,Family sum over separately reported categories; establishments counted once if they report any family code,,REM/SerieP/SerieP_2023.csv,study/pipeline/02_rem_pathway.py
2024,P,P6,P6241060,strict_autism,True,P6 población bajo control en especialidad: autismo estricto,2021–2025,2021,2025,follow_up,specialty,people in stock,june_stock,06,stock MES=06; COL01 summed over the family codes; never summed with the other semester,9262.0,9262.0,139,139,139,139,0,0,0,1,59,5978.0,Family sum over separately reported categories; establishments counted once if they report any family code,,REM/SerieP/SerieP_2024.csv,study/pipeline/02_rem_pathway.py
2025,P,P6,P6241060,strict_autism,True,P6 población bajo control en especialidad: autismo estricto,2021–2025,2021,2025,follow_up,specialty,people in stock,june_stock,06,stock MES=06; COL01 summed over the family codes; never summed with the other semester,9940.0,9940.0,142,142,142,142,0,0,0,1,59,5823.0,Family sum over separately reported categories; establishments counted once if they report any family code,,REM/SerieP/SerieP_2025.csv,study/pipeline/02_rem_pathway.py
