cut_comuna,indicator,variant,population_base,observed,expected,expected_unscaled,expected_scaling_factor,person_years,rate_per_100k,standardisation,years_in_period,years_reported,rate_lo,rate_hi,sir,sir_lo,sir_hi,sir_eb,eb_weight,prior_mean,prior_variance,suppressed,never_reported,period,years,cut_region,script
1101,grd_episodes,sin_rett,base2017,353.0,301.8541340995097,301.73492311491214,1.000395085140848,1358733,25.980085859399896,age-sex indirect (national age x sex x year rates of the same source),6,6,23.340253546261614,28.836741890447485,1.1694390108423345,1.0506125025015585,1.2980253835488889,1.1671657721235094,0.9865837347165566,1.0,0.2436156509750521,False,False,full,2019-2024,1,lancet_americas/pipeline/15b_spatial_correlation.py
1107,grd_episodes,sin_rett,base2017,206.0,242.98344944276656,242.88748820527883,1.000395085140848,809073,25.46123773750947,age-sex indirect (national age x sex x year rates of the same source),6,6,22.10282829803199,29.185729098056655,0.847794368186061,0.7359678875488939,0.9718104444028808,0.8503229289640334,0.9833872061904824,1.0,0.2436156509750521,False,False,full,2019-2024,1,lancet_americas/pipeline/15b_spatial_correlation.py
1401,grd_episodes,sin_rett,base2017,27.0,29.021221899576965,29.00976057423453,1.000395085140848,107268,25.170600738337622,age-sex indirect (national age x sex x year rates of the same source),6,6,16.58758449096168,36.62190256662014,0.9303536595884536,0.6131089239913824,1.353615729244492,0.9389839116887294,0.8760846291523873,1.0,0.2436156509750521,False,False,full,2019-2024,1,lancet_americas/pipeline/15b_spatial_correlation.py
1402,grd_episodes,sin_rett,base2017,1.0,1.7824165265064076,1.781712598333545,1.000395085140848,8240,12.135922330097088,age-sex indirect (national age x sex x year rates of the same source),6,1,0.3072549512656538,67.61703144343323,0.561036090683041,0.0142042040161698,3.125893026732362,0.8670996743231505,0.3027591172213824,1.0,0.2436156509750521,True,False,full,2019-2024,1,lancet_americas/pipeline/15b_spatial_correlation.py
1403,grd_episodes,sin_rett,base2017,0.0,1.8046442275859615,1.8039315210468891,1.000395085140848,9433,0.0,age-sex indirect (national age x sex x year rates of the same source),6,0,0.0,39.10611103693349,0.0,0.0,2.044103429210798,0.694618302445912,0.3053816975540879,1.0,0.2436156509750521,True,True,full,2019-2024,1,lancet_americas/pipeline/15b_spatial_correlation.py
1404,grd_episodes,sin_rett,base2017,1.0,4.256201523978399,4.254520626097597,1.000395085140848,18195,5.496015388843089,age-sex indirect (national age x sex x year rates of the same source),6,1,0.1391470622934315,30.621837817746073,0.2349512809405862,0.0059484514165167,1.3090647516452454,0.6105501042973368,0.509052411958118,1.0,0.2436156509750521,True,False,full,2019-2024,1,lancet_americas/pipeline/15b_spatial_correlation.py
1405,grd_episodes,sin_rett,base2017,11.0,8.635527277213386,8.632116856109475,1.000395085140848,36474,30.158469046444043,age-sex indirect (national age x sex x year rates of the same source),6,5,15.054999087670224,53.9618317522124,1.2738075680712353,0.6358801484799189,2.279193601210323,1.185589250412453,0.6778090602819606,1.0,0.2436156509750521,False,False,full,2019-2024,1,lancet_americas/pipeline/15b_spatial_correlation.py
2101,grd_episodes,sin_rett,base2017,953.0,600.0808967103619,599.8439072957613,1.000395085140848,2593425,36.74677308964015,age-sex indirect (national age x sex x year rates of the same source),6,6,34.450473572938805,39.15589261506737,1.588119210633662,1.4888779148892386,1.6922363528303537,1.5841235396399056,0.993206018573256,1.0,0.2436156509750521,False,False,full,2019-2024,2,lancet_americas/pipeline/15b_spatial_correlation.py
2102,grd_episodes,sin_rett,base2017,26.0,20.812258933091726,20.804039566189513,1.000395085140848,91053,28.55479775515359,age-sex indirect (national age x sex x year rates of the same source),6,5,18.652941930080654,41.8393947295806,1.2492637192140497,0.8160605376954775,1.8304607974366451,1.2082001550178234,0.835260565293243,1.0,0.2436156509750521,False,False,full,2019-2024,2,lancet_americas/pipeline/15b_spatial_correlation.py
2103,grd_episodes,sin_rett,base2017,1.0,2.346216411742604,2.34528982258272,1.000395085140848,10584,9.44822373393802,age-sex indirect (national age x sex x year rates of the same source),6,1,0.2392083142884531,52.6421333233078,0.4262181421096064,0.0107909090813517,2.3747354945832444,0.7913180220664436,0.3636956712099806,1.0,0.2436156509750521,True,False,full,2019-2024,2,lancet_americas/pipeline/15b_spatial_correlation.py
2104,grd_episodes,sin_rett,base2017,12.0,19.939165926256113,19.931291369198235,1.000395085140848,82613,14.525558931403047,age-sex indirect (national age x sex x year rates of the same source),6,4,7.505568262527952,25.3732282427426,0.6018305903256599,0.3109746481700737,1.0512769253088214,0.6698066711086799,0.8292784952047995,1.0,0.2436156509750521,False,False,full,2019-2024,2,lancet_americas/pipeline/15b_spatial_correlation.py
2201,grd_episodes,sin_rett,base2017,409.0,278.17301997090965,278.06316134764404,1.000395085140848,1153865,35.446087713900674,age-sex indirect (national age x sex x year rates of the same source),6,6,32.093673572049696,39.05350662310397,1.470307940154555,1.33124940226359,1.619944106167461,1.4634688184940652,0.985458204983224,1.0,0.2436156509750521,False,False,full,2019-2024,2,lancet_americas/pipeline/15b_spatial_correlation.py
2202,grd_episodes,sin_rett,base2017,0.0,0.3266139979176694,0.3264850085420848,1.000395085140848,1676,0.0,age-sex indirect (national age x sex x year rates of the same source),6,0,0.0,220.10020609271697,0.0,0.0,11.294309116058775,0.9262962027807204,0.0737037972192795,1.0,0.2436156509750521,True,True,full,2019-2024,2,lancet_americas/pipeline/15b_spatial_correlation.py
2203,grd_episodes,sin_rett,base2017,10.0,13.685603390631805,13.680198547461854,1.000395085140848,63899,15.6496971783596,age-sex indirect (national age x sex x year rates of the same source),6,3,7.504638094700126,28.780350305979404,0.7306948560883543,0.3503965853208209,1.3437738561535777,0.792832247661908,0.7692677136759785,1.0,0.2436156509750521,False,False,full,2019-2024,2,lancet_americas/pipeline/15b_spatial_correlation.py
2301,grd_episodes,sin_rett,base2017,43.0,41.42397870372162,41.407619168670195,1.000395085140848,168940,25.452823487628745,age-sex indirect (national age x sex x year rates of the same source),6,6,18.42033456373102,34.284786202429046,1.0380461111075452,0.751239117674888,1.3982412994331688,1.0346159159322452,0.9098411092370592,1.0,0.2436156509750521,False,False,full,2019-2024,2,lancet_americas/pipeline/15b_spatial_correlation.py
2302,grd_episodes,sin_rett,base2017,2.0,8.713345339334845,8.709904185612901,1.000395085140848,40119,4.985169121862459,age-sex indirect (national age x sex x year rates of the same source),6,2,0.6037271082129788,18.008144938118996,0.2295329660551104,0.0277975070551323,0.8291519945972293,0.4762634344156891,0.6797650548430513,1.0,0.2436156509750521,True,False,full,2019-2024,2,lancet_americas/pipeline/15b_spatial_correlation.py
3101,grd_episodes,sin_rett,base2017,182.0,252.61221404985093,252.51245013292433,1.000395085140848,1040196,17.496702544520456,age-sex indirect (national age x sex x year rates of the same source),6,6,15.046986421906158,20.23157016373442,0.7204718927964576,0.6195985078153166,0.8330871267326319,0.7249414613227178,0.9840103073319724,1.0,0.2436156509750521,False,False,full,2019-2024,3,lancet_americas/pipeline/15b_spatial_correlation.py
3102,grd_episodes,sin_rett,base2017,5.0,27.68821906732244,27.67728418360247,1.000395085140848,117757,4.246032083018419,age-sex indirect (national age x sex x year rates of the same source),6,2,1.3786750597573143,9.908822472823417,0.1805822175793526,0.0586345545074964,0.4214186564672772,0.2863779293962372,0.8708891677889234,1.0,0.2436156509750521,False,False,full,2019-2024,3,lancet_americas/pipeline/15b_spatial_correlation.py
3103,grd_episodes,sin_rett,base2017,15.0,21.30431420491884,21.29590051106594,1.000395085140848,86124,17.416747944823744,age-sex indirect (national age x sex x year rates of the same source),6,6,9.748021611610366,28.726277078962724,0.704082743791712,0.3940697669040642,1.1612774123362168,0.7518879423078931,0.8384507915194631,1.0,0.2436156509750521,False,False,full,2019-2024,3,lancet_americas/pipeline/15b_spatial_correlation.py
3201,grd_episodes,sin_rett,base2017,3.0,19.336341391769547,19.328704907668698,1.000395085140848,78624,3.815628815628816,age-sex indirect (national age x sex x year rates of the same source),6,2,0.7868743931822361,11.150886586465104,0.1551482743926387,0.0319953040940276,0.4534090959665247,0.3030918335723424,0.8248881375328345,1.0,0.2436156509750521,True,False,full,2019-2024,3,lancet_americas/pipeline/15b_spatial_correlation.py
3202,grd_episodes,sin_rett,base2017,6.0,21.39307893459809,21.38463018496948,1.000395085140848,85089,7.051440256672425,age-sex indirect (national age x sex x year rates of the same source),6,3,2.587754296666844,15.348016808892668,0.2804645380098356,0.1029255424253039,0.6104532247295253,0.3963002598639409,0.8390131856271336,1.0,0.2436156509750521,False,False,full,2019-2024,3,lancet_americas/pipeline/15b_spatial_correlation.py
3301,grd_episodes,sin_rett,base2017,108.0,80.37120875232588,80.33946782236565,1.000395085140848,342776,31.50745676476766,age-sex indirect (national age x sex x year rates of the same source),6,6,25.846177477064817,38.04021001770802,1.3437647843871026,1.10231629813854,1.6223808539712348,1.3270606999750083,0.9514083897747818,1.0,0.2436156509750521,False,False,full,2019-2024,3,lancet_americas/pipeline/15b_spatial_correlation.py
3302,grd_episodes,sin_rett,base2017,4.0,6.826248620100651,6.823552735806943,1.000395085140848,34483,11.599918800568396,age-sex indirect (national age x sex x year rates of the same source),6,2,3.1605874594041263,29.70039925587593,0.5859733834219799,0.1596580251145694,1.5003245919356345,0.7414482502630796,0.624480985966269,1.0,0.2436156509750521,True,False,full,2019-2024,3,lancet_americas/pipeline/15b_spatial_correlation.py
3303,grd_episodes,sin_rett,base2017,22.0,10.776850757232602,10.772594665152024,1.000395085140848,46438,47.374994616477885,age-sex indirect (national age x sex x year rates of the same source),6,4,29.68965690216979,71.7263111829218,2.0414126998311892,1.2793424705242982,3.0907233604187434,1.754158888589286,0.7241690913809035,1.0,0.2436156509750521,False,False,full,2019-2024,3,lancet_americas/pipeline/15b_spatial_correlation.py
3304,grd_episodes,sin_rett,base2017,13.0,15.53572224087614,15.529586731914852,1.000395085140848,68310,19.03088859610599,age-sex indirect (national age x sex x year rates of the same source),6,4,10.133146671063978,32.543399089677756,0.8367811807162473,0.4455507367910716,1.4309213033989712,0.8708935140408648,0.7910024501199587,1.0,0.2436156509750521,False,False,full,2019-2024,3,lancet_americas/pipeline/15b_spatial_correlation.py
4101,grd_episodes,sin_rett,base2017,513.0,348.8616192047781,348.723843595914,1.000395085140848,1537665,33.36227331700988,age-sex indirect (national age x sex x year rates of the same source),6,6,30.53736663627059,36.378203012245486,1.470497101886334,1.3459846908867956,1.6034291666229337,1.4650254514396837,0.9883704906476292,1.0,0.2436156509750521,False,False,full,2019-2024,4,lancet_americas/pipeline/15b_spatial_correlation.py
4102,grd_episodes,sin_rett,base2017,632.0,369.4539259711875,369.3080178609347,1.000395085140848,1582734,39.930904371802214,age-sex indirect (national age x sex x year rates of the same source),6,6,36.87803210740931,43.169092804720734,1.7106327895654507,1.5798482886886498,1.8493562019020289,1.702824046375896,0.9890115636314366,1.0,0.2436156509750521,False,False,full,2019-2024,4,lancet_americas/pipeline/15b_spatial_correlation.py
4103,grd_episodes,sin_rett,base2017,10.0,15.478923711950074,15.472810634381275,1.000395085140848,70836,14.11711559094246,age-sex indirect (national age x sex x year rates of the same source),6,3,6.76970565268004,25.961878200375203,0.6460397496681102,0.3098011712810682,1.1880901013692582,0.7202311288893698,0.7903962968957833,1.0,0.2436156509750521,False,False,full,2019-2024,4,lancet_americas/pipeline/15b_spatial_correlation.py
4104,grd_episodes,sin_rett,base2017,1.0,5.969286893529156,5.966929448367618,1.000395085140848,26885,3.719546215361726,age-sex indirect (national age x sex x year rates of the same source),6,1,0.0941707568692202,20.723985088111952,0.1675241980887236,0.0042413454799324,0.9333850911033758,0.5067271273621173,0.5925371902767388,1.0,0.2436156509750521,True,False,full,2019-2024,4,lancet_americas/pipeline/15b_spatial_correlation.py
4105,grd_episodes,sin_rett,base2017,0.0,5.29836950805776,5.296277027702302,1.000395085140848,28122,0.0,age-sex indirect (national age x sex x year rates of the same source),6,0,0.0,13.117415027785848,0.0,0.0,0.6962291792793779,0.4365352527891989,0.5634647472108011,1.0,0.2436156509750521,True,True,full,2019-2024,4,lancet_americas/pipeline/15b_spatial_correlation.py
4106,grd_episodes,sin_rett,base2017,23.0,40.18114847753165,40.165279772315614,1.000395085140848,180231,12.761400646947529,age-sex indirect (national age x sex x year rates of the same source),6,5,8.089633324480626,19.148366759787734,0.5724077302783184,0.3628573992900548,0.8588926449957232,0.6120408672429983,0.907310913290184,1.0,0.2436156509750521,False,False,full,2019-2024,4,lancet_americas/pipeline/15b_spatial_correlation.py
4201,grd_episodes,sin_rett,base2017,15.0,42.285750212385025,42.26905033867846,1.000395085140848,197267,7.603907394546478,age-sex indirect (national age x sex x year rates of the same source),6,3,4.255849246342931,12.541488881305977,0.3547294283455013,0.1985393682414648,0.585072246494984,0.4118255883492469,0.911515939960893,1.0,0.2436156509750521,False,False,full,2019-2024,4,lancet_americas/pipeline/15b_spatial_correlation.py
4202,grd_episodes,sin_rett,base2017,0.0,10.434652411360435,10.430531463368114,1.000395085140848,57180,0.0,age-sex indirect (national age x sex x year rates of the same source),6,0,0.0,6.451345670013879,0.0,0.0,0.3535220253333758,0.2823228111632436,0.7176771888367564,1.0,0.2436156509750521,True,True,full,2019-2024,4,lancet_americas/pipeline/15b_spatial_correlation.py
4203,grd_episodes,sin_rett,base2017,13.0,30.80397257312929,30.791807187649596,1.000395085140848,142555,9.1192872926239,age-sex indirect (national age x sex x year rates of the same source),6,4,4.855636414719795,15.594259000497264,0.4220234896371798,0.2247097342581688,0.721673020107502,0.4899861065449323,0.8824128391219749,1.0,0.2436156509750521,False,False,full,2019-2024,4,lancet_americas/pipeline/15b_spatial_correlation.py
4204,grd_episodes,sin_rett,base2017,9.0,37.39360476683989,37.37883694378123,1.000395085140848,176460,5.100306018361102,age-sex indirect (national age x sex x year rates of the same source),6,4,2.3321846862622317,9.6819695406433,0.2406828669265144,0.1100555328388074,0.4568910528403971,0.3157908903129884,0.9010847772096758,1.0,0.2436156509750521,False,False,full,2019-2024,4,lancet_americas/pipeline/15b_spatial_correlation.py
4301,grd_episodes,sin_rett,base2017,199.0,166.16514149729716,166.09951804581527,1.000395085140848,734584,27.09016259542816,age-sex indirect (national age x sex x year rates of the same source),6,6,23.456853595066292,31.126833824726983,1.1976037706033364,1.0369821965071089,1.376057209849587,1.1928399874212865,0.9758922455401275,1.0,0.2436156509750521,False,False,full,2019-2024,4,lancet_americas/pipeline/15b_spatial_correlation.py
4302,grd_episodes,sin_rett,base2017,16.0,15.03380549384516,15.027868206418184,1.000395085140848,83219,19.226378591427437,age-sex indirect (national age x sex x year rates of the same source),6,4,10.989536588569342,31.22243429692853,1.0642681260277314,0.6083211903589972,1.7283047601087025,1.0504839897808775,0.7855214225336828,1.0,0.2436156509750521,False,False,full,2019-2024,4,lancet_americas/pipeline/15b_spatial_correlation.py
4303,grd_episodes,sin_rett,base2017,31.0,43.10611234723651,43.08908848864197,1.000395085140848,195453,15.860590525599504,age-sex indirect (national age x sex x year rates of the same source),6,6,10.7765017570167,22.51284221948435,0.7191555515441276,0.4886313061468226,1.020783900640246,0.7435739974311633,0.9130534855814592,1.0,0.2436156509750521,False,False,full,2019-2024,4,lancet_americas/pipeline/15b_spatial_correlation.py
4304,grd_episodes,sin_rett,base2017,13.0,16.411218692986296,16.40473742499017,1.000395085140848,73767,17.62305638022422,age-sex indirect (national age x sex x year rates of the same source),6,4,9.383535308476423,30.13596312464771,0.7921410495587292,0.4217817470168779,1.3545853195935738,0.8337292276749656,0.7999211579393267,1.0,0.2436156509750521,False,False,full,2019-2024,4,lancet_americas/pipeline/15b_spatial_correlation.py
4305,grd_episodes,sin_rett,base2017,1.0,4.458686955412984,4.456926090140913,1.000395085140848,26082,3.834061805076298,age-sex indirect (national age x sex x year rates of the same source),6,1,0.0970700405808215,21.362025116704615,0.2242812760797142,0.0056783102822577,1.249615289580882,0.596113564816685,0.5206609338268585,1.0,0.2436156509750521,True,False,full,2019-2024,4,lancet_americas/pipeline/15b_spatial_correlation.py
5101,grd_episodes,sin_rett,base2017,546.0,380.6035031696682,380.453191766813,1.000395085140848,1905540,28.653295128939828,age-sex indirect (national age x sex x year rates of the same source),6,6,26.29997828512017,31.16068816066415,1.4345637795052038,1.3167419691112765,1.560099610833115,1.4299269967378765,0.9893300293627632,1.0,0.2436156509750521,False,False,full,2019-2024,5,lancet_americas/pipeline/15b_spatial_correlation.py
5102,grd_episodes,sin_rett,base2017,29.0,38.366546190589624,38.35139412464018,1.000395085140848,178094,16.283535660943098,age-sex indirect (national age x sex x year rates of the same source),6,5,10.905339392426436,23.3858734368292,0.7558668391973472,0.5062158850856275,1.085550865894779,0.7794621275685146,0.90335074393994,1.0,0.2436156509750521,False,False,full,2019-2024,5,lancet_americas/pipeline/15b_spatial_correlation.py
5103,grd_episodes,sin_rett,base2017,39.0,60.26086167537788,60.23706290689505,1.000395085140848,280447,13.906370900740605,age-sex indirect (national age x sex x year rates of the same source),6,6,9.888789143558846,19.010466813990828,0.6471862319209932,0.4602126773233295,0.8847248841716556,0.6696864082266104,0.936226478835773,1.0,0.2436156509750521,False,False,full,2019-2024,5,lancet_americas/pipeline/15b_spatial_correlation.py
5104,grd_episodes,sin_rett,base2017,0.0,1.3387636972248362,1.33823498046909,1.000395085140848,6361,0.0,age-sex indirect (national age x sex x year rates of the same source),6,0,0.0,57.992131018926834,0.0,0.0,2.755437320089218,0.7540660430953151,0.2459339569046849,1.0,0.2436156509750521,True,True,full,2019-2024,5,lancet_americas/pipeline/15b_spatial_correlation.py
5105,grd_episodes,sin_rett,base2017,18.0,25.872238547540444,25.862020847391346,1.000395085140848,123004,14.633670449741471,age-sex indirect (national age x sex x year rates of the same source),6,4,8.672840542095813,23.127508266014104,0.6957264237852807,0.4123315715722513,1.0995476953126804,0.737391285189898,0.8630677631526725,1.0,0.2436156509750521,False,False,full,2019-2024,5,lancet_americas/pipeline/15b_spatial_correlation.py
5107,grd_episodes,sin_rett,base2017,44.0,48.827180810170056,48.807897535097915,1.000395085140848,222391,19.78497331276895,age-sex indirect (national age x sex x year rates of the same source),6,6,14.375791897219012,26.560403199908155,0.9011374253013472,0.6547678327454307,1.2097349324744278,0.9088041234791374,0.9224509557720976,1.0,0.2436156509750521,False,False,full,2019-2024,5,lancet_americas/pipeline/15b_spatial_correlation.py
5109,grd_episodes,sin_rett,base2017,545.0,416.92462818677546,416.7599725143349,1.000395085140848,2190845,24.876246379821485,age-sex indirect (national age x sex x year rates of the same source),6,6,22.831308070833096,27.055197882717117,1.307190708234796,1.1997338067550245,1.4216897011612304,1.3041957524882772,0.9902505002064396,1.0,0.2436156509750521,False,False,full,2019-2024,5,lancet_americas/pipeline/15b_spatial_correlation.py
5201,grd_episodes,sin_rett,base2017,9.0,11.933790286310956,11.929077285131577,1.000395085140848,51011,17.643253415929898,age-sex indirect (national age x sex x year rates of the same source),6,3,8.067618939794032,33.49239076163802,0.7541610656862089,0.3448504623127998,1.4316326197735223,0.8170795954330278,0.7440660490884282,1.0,0.2436156509750521,False,False,full,2019-2024,5,lancet_americas/pipeline/15b_spatial_correlation.py
5301,grd_episodes,sin_rett,base2017,75.0,88.32988505783817,88.29500101492603,1.000395085140848,410406,18.274586628850457,age-sex indirect (national age x sex x year rates of the same source),6,6,14.374121650621934,22.907352584716783,0.8490897497589882,0.6678629510592421,1.0643413538608502,0.8557913491446212,0.9555921524553156,1.0,0.2436156509750521,False,False,full,2019-2024,5,lancet_americas/pipeline/15b_spatial_correlation.py
5302,grd_episodes,sin_rett,base2017,10.0,23.78718014382478,23.777785893935825,1.000395085140848,101551,9.847268859981684,age-sex indirect (national age x sex x year rates of the same source),6,5,4.722148177893308,18.10947803765377,0.4203945124868459,0.2015955093095526,0.7731204762743585,0.5056942198825661,0.8528314358069559,1.0,0.2436156509750521,False,False,full,2019-2024,5,lancet_americas/pipeline/15b_spatial_correlation.py
5303,grd_episodes,sin_rett,base2017,6.0,16.67438197631805,16.667796777480596,1.000395085140848,69284,8.66000808267421,age-sex indirect (national age x sex x year rates of the same source),6,4,3.178070338737444,18.849191765080946,0.3598334264215344,0.1320525256419165,0.7832058807976527,0.4862950652726907,0.8024551045452925,1.0,0.2436156509750521,False,False,full,2019-2024,5,lancet_americas/pipeline/15b_spatial_correlation.py
5304,grd_episodes,sin_rett,base2017,13.0,28.659776665636507,28.648458085538707,1.000395085140848,126346,10.289205831605274,age-sex indirect (national age x sex x year rates of the same source),6,4,5.4785687643485375,17.5948553323088,0.4535973937154643,0.2415215084108916,0.7756653576722894,0.5220519977882936,0.8747176472339482,1.0,0.2436156509750521,False,False,full,2019-2024,5,lancet_americas/pipeline/15b_spatial_correlation.py
5401,grd_episodes,sin_rett,base2017,26.0,47.17979848163823,47.16116580580329,1.000395085140848,227870,11.410014481941458,age-sex indirect (national age x sex x year rates of the same source),6,6,7.453400278929363,16.7183148651095,0.5510833203350554,0.3599859211396657,0.8074647478189527,0.5870146568253126,0.9199598987565464,1.0,0.2436156509750521,False,False,full,2019-2024,5,lancet_americas/pipeline/15b_spatial_correlation.py
5402,grd_episodes,sin_rett,base2017,23.0,27.843529691669715,27.83253347126307,1.000395085140848,124172,18.52269432722353,age-sex indirect (national age x sex x year rates of the same source),6,6,11.741799308253611,27.79313604905537,0.8260446952916745,0.5236414778765194,1.2394726271058296,0.8483950269576852,0.8715168146008192,1.0,0.2436156509750521,False,False,full,2019-2024,5,lancet_americas/pipeline/15b_spatial_correlation.py
5403,grd_episodes,sin_rett,base2017,9.0,7.539394799213179,7.536417272733493,1.000395085140848,37743,23.845481281297193,age-sex indirect (national age x sex x year rates of the same source),6,3,10.903672462121014,45.26615121060639,1.1937297673997986,0.5458492633663141,2.266070938903765,1.1254360556128633,0.6474795138426089,1.0,0.2436156509750521,False,False,full,2019-2024,5,lancet_americas/pipeline/15b_spatial_correlation.py
5404,grd_episodes,sin_rett,base2017,4.0,12.574702757329163,12.56973664115787,1.000395085140848,63498,6.2994110050710255,age-sex indirect (national age x sex x year rates of the same source),6,3,1.7163774821668791,16.128994102812207,0.3180989703846956,0.0866712633021163,0.8144597031873686,0.4859145853157649,0.7539003350299343,1.0,0.2436156509750521,True,False,full,2019-2024,5,lancet_americas/pipeline/15b_spatial_correlation.py
5405,grd_episodes,sin_rett,base2017,0.0,9.289102993348976,9.285434456169028,1.000395085140848,48803,0.0,age-sex indirect (national age x sex x year rates of the same source),6,0,0.0,7.558714534176047,0.0,0.0,0.3971190174934204,0.3064691776340726,0.6935308223659273,1.0,0.2436156509750521,True,True,full,2019-2024,5,lancet_americas/pipeline/15b_spatial_correlation.py
5501,grd_episodes,sin_rett,base2017,152.0,126.51087507740296,126.46091225007488,1.000395085140848,593012,25.63185905175612,age-sex indirect (national age x sex x year rates of the same source),6,6,21.719050291389483,30.045975183063703,1.2014777378387596,1.018067217029154,1.408386735476902,1.1951459479886577,0.9685732532138652,1.0,0.2436156509750521,False,False,full,2019-2024,5,lancet_americas/pipeline/15b_spatial_correlation.py
5502,grd_episodes,sin_rett,base2017,53.0,70.0292906241174,70.00163401868154,1.000395085140848,322191,16.449869797728677,age-sex indirect (national age x sex x year rates of the same source),6,6,12.322081291022242,21.516834712702792,0.7568261727007602,0.5669147377980859,0.9899472679411848,0.7702907748036051,0.9446297233037506,1.0,0.2436156509750521,False,False,full,2019-2024,5,lancet_americas/pipeline/15b_spatial_correlation.py
5503,grd_episodes,sin_rett,base2017,21.0,25.148603928745096,25.138672012972123,1.000395085140848,115403,18.197100595305148,age-sex indirect (national age x sex x year rates of the same source),6,5,11.264292075661974,27.81620125555086,0.8350364123392471,0.5169007003692093,1.2764418583988242,0.8581840195743542,0.8596805054779115,1.0,0.2436156509750521,False,False,full,2019-2024,5,lancet_americas/pipeline/15b_spatial_correlation.py
5504,grd_episodes,sin_rett,base2017,20.0,37.76044496237411,37.74553226344343,1.000395085140848,157722,12.680539176525786,age-sex indirect (national age x sex x year rates of the same source),6,5,7.745602760175464,19.584064304709926,0.5296547755178397,0.3235268969308209,0.8180088432075655,0.575771413702669,0.9019515118164476,1.0,0.2436156509750521,False,False,full,2019-2024,5,lancet_americas/pipeline/15b_spatial_correlation.py
5506,grd_episodes,sin_rett,base2017,26.0,30.902587047779267,30.890382716572844,1.000395085140848,141265,18.40512511945634,age-sex indirect (national age x sex x year rates of the same source),6,5,12.022838789223332,26.96777268475916,0.8413535073876095,0.5496000444667255,1.2327778261484643,0.8599557482430179,0.8827440774196132,1.0,0.2436156509750521,False,False,full,2019-2024,5,lancet_americas/pipeline/15b_spatial_correlation.py
5601,grd_episodes,sin_rett,base2017,120.0,125.05334651276888,125.00395930589995,1.000395085140848,584536,20.52910342562306,age-sex indirect (national age x sex x year rates of the same source),6,6,17.020666926577437,24.547775563755227,0.9595904735563964,0.7955958668869357,1.1474349897121772,0.960874744573484,0.9682186075879892,1.0,0.2436156509750521,False,False,full,2019-2024,5,lancet_americas/pipeline/15b_spatial_correlation.py
5602,grd_episodes,sin_rett,base2017,10.0,17.17167361377362,17.164892019992262,1.000395085140848,93122,10.73860097506497,age-sex indirect (national age x sex x year rates of the same source),6,4,5.149576572810328,19.748669532460404,0.5823544183823103,0.2792615795053308,1.0709705096692868,0.6629298264439797,0.8070722842330279,1.0,0.2436156509750521,False,False,full,2019-2024,5,lancet_americas/pipeline/15b_spatial_correlation.py
5603,grd_episodes,sin_rett,base2017,24.0,32.47303837537287,32.460213827221,1.000395085140848,155959,15.388659840086175,age-sex indirect (national age x sex x year rates of the same source),6,5,9.859804727323503,22.89710603027284,0.7390746662684107,0.4735390842375984,1.0996845192298137,0.7683561250727712,0.8877783985725127,1.0,0.2436156509750521,False,False,full,2019-2024,5,lancet_americas/pipeline/15b_spatial_correlation.py
5604,grd_episodes,sin_rett,base2017,21.0,20.05733446483853,20.049413239584847,1.000395085140848,108932,19.278081739066575,age-sex indirect (national age x sex x year rates of the same source),6,6,11.93343644115245,29.468595761524035,1.046998544936966,0.6481086012134185,1.6004484938523356,1.0390141235016304,0.8301134333830044,1.0,0.2436156509750521,False,False,full,2019-2024,5,lancet_americas/pipeline/15b_spatial_correlation.py
5605,grd_episodes,sin_rett,base2017,10.0,15.15097541127266,15.144991850034453,1.000395085140848,87969,11.367640873489524,age-sex indirect (national age x sex x year rates of the same source),6,4,5.451225654642468,20.905496302126632,0.6600235119225247,0.3165069288254905,1.2138067380358195,0.7324974876155561,0.7868265064361872,1.0,0.2436156509750521,False,False,full,2019-2024,5,lancet_americas/pipeline/15b_spatial_correlation.py
5606,grd_episodes,sin_rett,base2017,10.0,15.393200280197036,15.387121057306867,1.000395085140848,73123,13.675587708381768,age-sex indirect (national age x sex x year rates of the same source),6,4,6.557975870974158,25.14989270409827,0.6496374904486072,0.3115264278281093,1.194706474759281,0.7233976382217752,0.78947477038108,1.0,0.2436156509750521,False,False,full,2019-2024,5,lancet_americas/pipeline/15b_spatial_correlation.py
5701,grd_episodes,sin_rett,base2017,82.0,114.37329493061844,114.32812558701802,1.000395085140848,508421,16.128366058837067,age-sex indirect (national age x sex x year rates of the same source),6,6,12.827368159046214,20.019554883859666,0.716950578802011,0.5702120718605385,0.8899247083666908,0.7267571892834774,0.9653537165348702,1.0,0.2436156509750521,False,False,full,2019-2024,5,lancet_americas/pipeline/15b_spatial_correlation.py
5702,grd_episodes,sin_rett,base2017,5.0,19.93608277860256,19.928209439169443,1.000395085140848,92392,5.41172395878431,age-sex indirect (national age x sex x year rates of the same source),6,3,1.7571720388328216,12.62915845454441,0.2508015268358792,0.0814345730877939,0.5852871002244391,0.3787222207634522,0.8292566008746384,1.0,0.2436156509750521,False,False,full,2019-2024,5,lancet_americas/pipeline/15b_spatial_correlation.py
5703,grd_episodes,sin_rett,base2017,19.0,35.608782565500924,35.59471962068614,1.000395085140848,160876,11.81033839727492,age-sex indirect (national age x sex x year rates of the same source),6,5,7.110595218905698,18.44330637981152,0.5335762312303226,0.3212477467693456,0.8332453803217575,0.5817861201265864,0.8966392964418798,1.0,0.2436156509750521,False,False,full,2019-2024,5,lancet_americas/pipeline/15b_spatial_correlation.py
5704,grd_episodes,sin_rett,base2017,5.0,10.200840186329929,10.196811577591596,1.000395085140848,46260,10.8084738434933,age-sex indirect (national age x sex x year rates of the same source),6,4,3.5094820365724613,25.223372415310575,0.4901557037135493,0.1591522228035728,1.1438599043007571,0.6364489491874141,0.7130628967717794,1.0,0.2436156509750521,False,False,full,2019-2024,5,lancet_americas/pipeline/15b_spatial_correlation.py
5705,grd_episodes,sin_rett,base2017,13.0,22.245305125149827,22.23651980659007,1.000395085140848,106714,12.18209419570066,age-sex indirect (national age x sex x year rates of the same source),6,4,6.486452097197934,20.831752083286982,0.5843929731178475,0.3111646458460156,0.9993297818615174,0.6491362841075736,0.8442198836833325,1.0,0.2436156509750521,False,False,full,2019-2024,5,lancet_americas/pipeline/15b_spatial_correlation.py
5706,grd_episodes,sin_rett,base2017,7.0,21.85314822516713,21.84451778078295,1.000395085140848,99531,7.032984698234721,age-sex indirect (national age x sex x year rates of the same source),6,4,2.827624610945199,14.490636446637104,0.3203199798891432,0.1287852451519416,0.6599815831154495,0.4278001910663989,0.8418664548065933,1.0,0.2436156509750521,False,False,full,2019-2024,5,lancet_americas/pipeline/15b_spatial_correlation.py
5801,grd_episodes,sin_rett,base2017,233.0,205.9968980762403,205.915543904574,1.000395085140848,1016994,22.91065630672354,age-sex indirect (national age x sex x year rates of the same source),6,6,20.063104041910034,26.04905372317609,1.1310849929097757,0.990503091189588,1.286025740656689,1.1285239422362592,0.9804626706942806,1.0,0.2436156509750521,False,False,full,2019-2024,5,lancet_americas/pipeline/15b_spatial_correlation.py
5802,grd_episodes,sin_rett,base2017,41.0,65.41860919988851,65.39277348676505,1.000395085140848,303513,13.50848233848303,age-sex indirect (national age x sex x year rates of the same source),6,6,9.693920151181423,18.32578161915138,0.6267329816615832,0.4497544082380985,0.8502340579541044,0.6487715412056023,0.9409576564194638,1.0,0.2436156509750521,False,False,full,2019-2024,5,lancet_americas/pipeline/15b_spatial_correlation.py
5803,grd_episodes,sin_rett,base2017,17.0,23.41947076067534,23.41022172992589,1.000395085140848,117784,14.433199755484615,age-sex indirect (national age x sex x year rates of the same source),6,6,8.407870737627597,23.108950974586204,0.7258917237594219,0.4228586790371054,1.1622229679763147,0.7667707669092969,0.8508653452185573,1.0,0.2436156509750521,False,False,full,2019-2024,5,lancet_americas/pipeline/15b_spatial_correlation.py
5804,grd_episodes,sin_rett,base2017,172.0,185.99185851742945,185.91840491823612,1.000395085140848,853993,20.14068031002596,age-sex indirect (national age x sex x year rates of the same source),6,6,17.243135034169594,23.38578898781483,0.9247716613567886,0.7917290968870905,1.073772812114753,0.926396094123972,0.9784066377580448,1.0,0.2436156509750521,False,False,full,2019-2024,5,lancet_americas/pipeline/15b_spatial_correlation.py
6101,grd_episodes,sin_rett,base2017,298.0,354.33992017771567,354.1999810283228,1.000395085140848,1611841,18.488175942912484,age-sex indirect (national age x sex x year rates of the same source),6,6,16.44843720327392,20.71097163288318,0.8410003587813111,0.7482155963930136,0.9421121168333292,0.842821186007149,0.9885482306005112,1.0,0.2436156509750521,False,False,full,2019-2024,6,lancet_americas/pipeline/15b_spatial_correlation.py
6102,grd_episodes,sin_rett,base2017,6.0,18.617591087054905,18.610238458372365,1.000395085140848,85767,6.995697645947742,age-sex indirect (national age x sex x year rates of the same source),6,3,2.5672977409619677,15.22668861277494,0.32227585040107,0.1182695571728321,0.7014588493996484,0.4447073691440144,0.819349039258232,1.0,0.2436156509750521,False,False,full,2019-2024,6,lancet_americas/pipeline/15b_spatial_correlation.py
6103,grd_episodes,sin_rett,base2017,2.0,9.22962903550039,9.225983986317695,1.000395085140848,47421,4.217540751987516,age-sex indirect (national age x sex x year rates of the same source),6,2,0.5107637513843339,15.23520732950372,0.2166934328895884,0.0262425800227011,0.7827711861370893,0.4578234580630449,0.6921639172987198,1.0,0.2436156509750521,True,False,full,2019-2024,6,lancet_americas/pipeline/15b_spatial_correlation.py
6104,grd_episodes,sin_rett,base2017,17.0,27.787342058339995,27.776368028065384,1.000395085140848,129545,13.122853062642324,age-sex indirect (national age x sex x year rates of the same source),6,5,7.644545501260016,21.0109589840647,0.6117893522996266,0.3563898428577842,0.9795340179985766,0.6617557689515254,0.8712904528820042,1.0,0.2436156509750521,False,False,full,2019-2024,6,lancet_americas/pipeline/15b_spatial_correlation.py
6105,grd_episodes,sin_rett,base2017,49.0,30.774699122381275,30.76254529783944,1.000395085140848,138320,35.4251012145749,age-sex indirect (national age x sex x year rates of the same source),6,5,26.207684896493017,46.833862487650585,1.5922170288373072,1.1779309232130086,2.104995351386094,1.5225214652257777,0.8823141513705504,1.0,0.2436156509750521,False,False,full,2019-2024,6,lancet_americas/pipeline/15b_spatial_correlation.py
6106,grd_episodes,sin_rett,base2017,28.0,52.760050432403226,52.73921395263054,1.000395085140848,222794,12.567663402066485,age-sex indirect (national age x sex x year rates of the same source),6,6,8.351121060646845,18.163772787089503,0.5307045723141208,0.3526493341717989,0.767015869234545,0.5645809552005641,0.9278143768553436,1.0,0.2436156509750521,False,False,full,2019-2024,6,lancet_americas/pipeline/15b_spatial_correlation.py
6107,grd_episodes,sin_rett,base2017,22.0,33.07891231810492,33.06584849269593,1.000395085140848,162738,13.518661898265924,age-sex indirect (national age x sex x year rates of the same source),6,5,8.4720734384284,20.46741657579989,0.665076281482171,0.4167997647456952,1.0069334827824667,0.7020495344009631,0.8896069436873165,1.0,0.2436156509750521,False,False,full,2019-2024,6,lancet_americas/pipeline/15b_spatial_correlation.py
6108,grd_episodes,sin_rett,base2017,40.0,92.3543766894324,92.31790325762108,1.000395085140848,370438,10.798028280036066,age-sex indirect (national age x sex x year rates of the same source),6,6,7.7142697136333105,14.703849757310016,0.433114286879021,0.3094231964543032,0.5897787296767779,0.4572381388853398,0.957444946224689,1.0,0.2436156509750521,False,False,full,2019-2024,6,lancet_americas/pipeline/15b_spatial_correlation.py
6109,grd_episodes,sin_rett,base2017,3.0,16.807784134643427,16.801146251410284,1.000395085140848,85276,3.5179886486232936,age-sex indirect (national age x sex x year rates of the same source),6,3,0.7254938351888002,10.281055712911398,0.1784887273639205,0.0368086666237236,0.5216198042234268,0.3397388627609116,0.8037152492386759,1.0,0.2436156509750521,True,False,full,2019-2024,6,lancet_americas/pipeline/15b_spatial_correlation.py
6110,grd_episodes,sin_rett,base2017,17.0,37.40519453365292,37.39042213345796,1.000395085140848,167209,10.166916852561764,age-sex indirect (national age x sex x year rates of the same source),6,6,5.92260372922946,16.278218765680446,0.4544823309154386,0.2647527059563234,0.7276702381916069,0.5084272668369207,0.9011123947423962,1.0,0.2436156509750521,False,False,full,2019-2024,6,lancet_americas/pipeline/15b_spatial_correlation.py
6111,grd_episodes,sin_rett,base2017,10.0,19.299173364843707,19.291551559478656,1.000395085140848,88597,11.287063896068716,age-sex indirect (national age x sex x year rates of the same source),6,4,5.412585861973242,20.7573123717708,0.5181569081200377,0.2484763780021761,0.9529090025958586,0.6026673480676992,0.8246100413768827,1.0,0.2436156509750521,False,False,full,2019-2024,6,lancet_americas/pipeline/15b_spatial_correlation.py
6112,grd_episodes,sin_rett,base2017,4.0,17.986951570045353,17.97984799926614,1.000395085140848,89872,4.450774434751647,age-sex indirect (national age x sex x year rates of the same source),6,3,1.212686235564275,11.395750261932188,0.2223834308122237,0.060592000227617,0.569389906650973,0.366870721154426,0.814192114639327,1.0,0.2436156509750521,True,False,full,2019-2024,6,lancet_americas/pipeline/15b_spatial_correlation.py
6113,grd_episodes,sin_rett,base2017,6.0,24.38883670528564,24.379204843706205,1.000395085140848,125199,4.792370546090623,age-sex indirect (national age x sex x year rates of the same source),6,3,1.7587155276726256,10.430973108825697,0.246014193809402,0.0902828732710177,0.5354693288707938,0.3546341683183206,0.8559389664671475,1.0,0.2436156509750521,False,False,full,2019-2024,6,lancet_americas/pipeline/15b_spatial_correlation.py
6114,grd_episodes,sin_rett,base2017,5.0,16.603334528884556,16.5967773887523,1.000395085140848,84178,5.939794245527335,age-sex indirect (national age x sex x year rates of the same source),6,5,1.928635023543468,13.86149834793256,0.3011443268399838,0.0977807432172174,0.7027704018746029,0.439673350687474,0.8017773495046503,1.0,0.2436156509750521,False,False,full,2019-2024,6,lancet_americas/pipeline/15b_spatial_correlation.py
6115,grd_episodes,sin_rett,base2017,38.0,84.7145052970736,84.6810490728735,1.000395085140848,386916,9.821253191907289,age-sex indirect (national age x sex x year rates of the same source),6,6,6.950103289912061,13.480437335044195,0.4485654477558837,0.3174316080923284,0.6156911232185566,0.4740502511267667,0.9537845365924748,1.0,0.2436156509750521,False,False,full,2019-2024,6,lancet_americas/pipeline/15b_spatial_correlation.py
6116,grd_episodes,sin_rett,base2017,21.0,41.89851819335261,41.881971248842774,1.000395085140848,185263,11.335236933440568,age-sex indirect (national age x sex x year rates of the same source),6,5,7.016690318129463,17.327113743674325,0.5012110429082369,0.3102575352208659,0.7661543204655932,0.5457174191301754,0.91077112756979,1.0,0.2436156509750521,False,False,full,2019-2024,6,lancet_americas/pipeline/15b_spatial_correlation.py
6117,grd_episodes,sin_rett,base2017,20.0,62.495055547532814,62.47037443085198,1.000395085140848,307450,6.505122784192552,age-sex indirect (national age x sex x year rates of the same source),6,5,3.9734979949272873,10.046634543071912,0.3200253175995387,0.195479778013994,0.4942531474219004,0.3619349736286885,0.9383658581504836,1.0,0.2436156509750521,False,False,full,2019-2024,6,lancet_americas/pipeline/15b_spatial_correlation.py
6201,grd_episodes,sin_rett,base2017,28.0,21.42025237718385,21.41179289597174,1.000395085140848,109360,25.60351133869788,age-sex indirect (national age x sex x year rates of the same source),6,6,17.013347344419834,37.00420258162783,1.3071741409463822,0.8686077235801299,1.889230585647682,1.2577757989797476,0.8391845686800268,1.0,0.2436156509750521,False,False,full,2019-2024,6,lancet_americas/pipeline/15b_spatial_correlation.py
6202,grd_episodes,sin_rett,base2017,0.0,3.072401472619275,3.0711880918394407,1.000395085140848,18644,0.0,age-sex indirect (national age x sex x year rates of the same source),6,0,0.0,19.785879929810857,0.0,0.0,1.2006502037538416,0.5719236662000586,0.4280763337999414,1.0,0.2436156509750521,True,True,full,2019-2024,6,lancet_americas/pipeline/15b_spatial_correlation.py
6203,grd_episodes,sin_rett,base2017,3.0,7.50303505331984,7.500071886362248,1.000395085140848,41002,7.316716257743525,age-sex indirect (national age x sex x year rates of the same source),6,3,1.5088827932676483,21.38254980182021,0.3998381959674573,0.0824562485046447,1.1684968825866142,0.6120702335492452,0.6463753005343208,1.0,0.2436156509750521,True,False,full,2019-2024,6,lancet_americas/pipeline/15b_spatial_correlation.py
6204,grd_episodes,sin_rett,base2017,7.0,8.059191027596839,8.05600821845518,1.000395085140848,45962,15.229972586049344,age-sex indirect (national age x sex x year rates of the same source),6,5,6.123238874548249,31.379564339459503,0.8685735300267876,0.3492116072050817,1.7895934359063157,0.912924244146908,0.6625435185989551,1.0,0.2436156509750521,False,False,full,2019-2024,6,lancet_americas/pipeline/15b_spatial_correlation.py
6205,grd_episodes,sin_rett,base2017,5.0,6.747087011403178,6.744422390333155,1.000395085140848,41933,11.923783177926692,age-sex indirect (national age x sex x year rates of the same source),6,4,3.871619941617391,27.82613235237801,0.7410605482854385,0.2406203428790208,1.729388113655886,0.8390065497380901,0.6217416820646512,1.0,0.2436156509750521,False,False,full,2019-2024,6,lancet_americas/pipeline/15b_spatial_correlation.py
6206,grd_episodes,sin_rett,base2017,4.0,5.92706236732343,5.924721597856457,1.000395085140848,37889,10.557153791337855,age-sex indirect (national age x sex x year rates of the same source),6,3,2.876469090306751,27.030506678465244,0.6748705770420868,0.1838795183993468,1.7279367147993483,0.8079063298058846,0.5908221668974607,1.0,0.2436156509750521,True,False,full,2019-2024,6,lancet_americas/pipeline/15b_spatial_correlation.py
6301,grd_episodes,sin_rett,base2017,117.0,104.90101768602256,104.85958922044615,1.000395085140848,477386,24.50846903763411,age-sex indirect (national age x sex x year rates of the same source),6,6,20.269171642901064,29.37275688911206,1.115337129999927,0.9224141945771862,1.3367022770203325,1.1109938865680378,0.962343059586344,1.0,0.2436156509750521,False,False,full,2019-2024,6,lancet_americas/pipeline/15b_spatial_correlation.py
6302,grd_episodes,sin_rett,base2017,30.0,18.15016866161459,18.14300063165463,1.000395085140848,96058,31.23113119157176,age-sex indirect (national age x sex x year rates of the same source),6,6,21.07151306650244,44.58438172230076,1.6528772023725802,1.1151893075367345,2.359584982005225,1.532457149888477,0.8155548209579193,1.0,0.2436156509750521,False,False,full,2019-2024,6,lancet_americas/pipeline/15b_spatial_correlation.py
6303,grd_episodes,sin_rett,base2017,38.0,47.462087772616584,47.44334361252314,1.000395085140848,227873,16.675955466422085,age-sex indirect (national age x sex x year rates of the same source),6,6,11.800898590529,22.889051760963167,0.800639031768936,0.5665798304960162,1.098939624593428,0.8165085522185326,0.9203980568994656,1.0,0.2436156509750521,False,False,full,2019-2024,6,lancet_americas/pipeline/15b_spatial_correlation.py
6304,grd_episodes,sin_rett,base2017,3.0,7.780961675158441,7.777888746887378,1.000395085140848,44116,6.800253876144709,age-sex indirect (national age x sex x year rates of the same source),6,2,1.4023758339278296,19.87322755857812,0.3855564550045046,0.0795110101712464,1.1267595749421035,0.5977581316799577,0.6546441436259065,1.0,0.2436156509750521,True,False,full,2019-2024,6,lancet_americas/pipeline/15b_spatial_correlation.py
6305,grd_episodes,sin_rett,base2017,15.0,24.016536589152757,24.007051759726924,1.000395085140848,116154,12.913890180277908,age-sex indirect (national age x sex x year rates of the same source),6,4,7.227806302652781,21.299497969493824,0.6245696561749399,0.3495668953605554,1.0301326662837786,0.6793705719682765,0.8540317353280523,1.0,0.2436156509750521,False,False,full,2019-2024,6,lancet_americas/pipeline/15b_spatial_correlation.py
6306,grd_episodes,sin_rett,base2017,10.0,15.278766943746906,15.27273291391248,1.000395085140848,80443,12.431162437999577,age-sex indirect (national age x sex x year rates of the same source),6,5,5.961225583496927,22.861350325097,0.65450307847602,0.3138596664107785,1.2036544643770708,0.7276683017192528,0.7882319097938632,1.0,0.2436156509750521,False,False,full,2019-2024,6,lancet_americas/pipeline/15b_spatial_correlation.py
6307,grd_episodes,sin_rett,base2017,12.0,13.383237972730058,13.37795254246556,1.000395085140848,71820,16.70843776106934,age-sex indirect (national age x sex x year rates of the same source),6,5,8.633493607243409,29.18627826256884,0.8966439978465174,0.4633090378693577,1.5662566182330966,0.9209038845680676,0.7652783949061376,1.0,0.2436156509750521,False,False,full,2019-2024,6,lancet_americas/pipeline/15b_spatial_correlation.py
6308,grd_episodes,sin_rett,base2017,4.0,10.883280474144613,10.878982349870633,1.000395085140848,55224,7.243227582210633,age-sex indirect (national age x sex x year rates of the same source),6,2,1.9735357337866233,18.54553939483503,0.3675362414395909,0.1001412557744437,0.9410387520320382,0.540750513177054,0.7261277513643991,1.0,0.2436156509750521,True,False,full,2019-2024,6,lancet_americas/pipeline/15b_spatial_correlation.py
6309,grd_episodes,sin_rett,base2017,1.0,3.113388682514977,3.112159114692808,1.000395085140848,21159,4.726121272271847,age-sex indirect (national age x sex x year rates of the same source),6,1,0.1196550308818463,26.33226235142917,0.3211934332568479,0.0081319136690117,1.7895752696184908,0.7072145114872547,0.4313238893923812,1.0,0.2436156509750521,True,False,full,2019-2024,6,lancet_americas/pipeline/15b_spatial_correlation.py
6310,grd_episodes,sin_rett,base2017,46.0,50.92049597618102,50.90038599001295,1.000395085140848,249882,18.408688901161348,age-sex indirect (national age x sex x year rates of the same source),6,6,13.477473931284315,24.554611260749475,0.9033690485166784,0.6613796814690348,1.2049677155400664,0.910577607774191,0.9254011354865236,1.0,0.2436156509750521,False,False,full,2019-2024,6,lancet_americas/pipeline/15b_spatial_correlation.py
7101,grd_episodes,sin_rett,base2017,231.0,302.8744494153983,302.7548354785809,1.000395085140848,1432927,16.12084914304776,age-sex indirect (national age x sex x year rates of the same source),6,6,14.10883377572284,18.33930555246516,0.7626922655439281,0.6675019597977802,0.8676494877035741,0.7658654670358775,0.9866283267200598,1.0,0.2436156509750521,False,False,full,2019-2024,7,lancet_americas/pipeline/15b_spatial_correlation.py
7102,grd_episodes,sin_rett,base2017,49.0,68.57726745475341,68.55018429553586,1.000395085140848,302769,16.18395542476277,age-sex indirect (national age x sex x year rates of the same source),6,6,11.97297931717882,21.396047347290605,0.7145224914703653,0.5286076726919287,0.9446366266439514,0.7306452474421251,0.943523550927704,1.0,0.2436156509750521,False,False,full,2019-2024,7,lancet_americas/pipeline/15b_spatial_correlation.py
7103,grd_episodes,sin_rett,base2017,3.0,9.003135129828879,8.999579529682823,1.000395085140848,55886,5.36807071538489,age-sex indirect (national age x sex x year rates of the same source),6,3,1.1070252351136265,15.687780606488786,0.3332172578483802,0.0687174094328361,0.9738022303691628,0.5420237515456607,0.6868447839194374,1.0,0.2436156509750521,True,False,full,2019-2024,7,lancet_americas/pipeline/15b_spatial_correlation.py
7104,grd_episodes,sin_rett,base2017,0.0,5.301294825727024,5.299201190078461,1.000395085140848,25161,0.0,age-sex indirect (national age x sex x year rates of the same source),6,0,0.0,14.661100330328429,0.0,0.0,0.6958449917201199,0.4363994896799599,0.5636005103200401,1.0,0.2436156509750521,True,True,full,2019-2024,7,lancet_americas/pipeline/15b_spatial_correlation.py
7105,grd_episodes,sin_rett,base2017,42.0,104.26938249160722,104.22820347715611,1.000395085140848,380359,11.042199606161548,age-sex indirect (national age x sex x year rates of the same source),6,6,7.95824621804077,14.925846050307904,0.402802807462494,0.2903048335873108,0.544472379349329,0.4254224965175022,0.9621235844078628,1.0,0.2436156509750521,False,False,full,2019-2024,7,lancet_americas/pipeline/15b_spatial_correlation.py
7106,grd_episodes,sin_rett,base2017,8.0,11.217954344772563,11.213524048044642,1.000395085140848,55224,14.486455164421264,age-sex indirect (national age x sex x year rates of the same source),6,4,6.254223121737834,28.544091735827383,0.7131424994368877,0.3078843138952465,1.405175019948158,0.7899888825614174,0.7321095562302631,1.0,0.2436156509750521,False,False,full,2019-2024,7,lancet_americas/pipeline/15b_spatial_correlation.py
7107,grd_episodes,sin_rett,base2017,7.0,9.774722853741318,9.770862531141995,1.000395085140848,51659,13.550397800964014,age-sex indirect (national age x sex x year rates of the same source),6,4,5.447962700632738,27.918998357889965,0.7161328361673927,0.2879225420128056,1.4755073445567854,0.8000855239201617,0.7042536141930285,1.0,0.2436156509750521,False,False,full,2019-2024,7,lancet_americas/pipeline/15b_spatial_correlation.py
7108,grd_episodes,sin_rett,base2017,8.0,17.823031272102014,17.815992438220217,1.000395085140848,89358,8.952751852100539,age-sex indirect (national age x sex x year rates of the same source),6,3,3.865162802153698,17.64049018576212,0.4488574293488571,0.1937847790322124,0.8844280739644482,0.5520295991837794,0.8128031196845665,1.0,0.2436156509750521,False,False,full,2019-2024,7,lancet_americas/pipeline/15b_spatial_correlation.py
7109,grd_episodes,sin_rett,base2017,48.0,61.563382260710995,61.53906908893235,1.000395085140848,281564,17.047633930474067,age-sex indirect (national age x sex x year rates of the same source),6,6,12.569579500036664,22.602689328936677,0.7796842577090346,0.574877622441313,1.033748209489494,0.7934558822348134,0.9374914185315408,1.0,0.2436156509750521,False,False,full,2019-2024,7,lancet_americas/pipeline/15b_spatial_correlation.py
7110,grd_episodes,sin_rett,base2017,9.0,13.672652630558586,13.667252902020788,1.000395085140848,60744,14.816278150928486,age-sex indirect (national age x sex x year rates of the same source),6,4,6.774945833956167,28.12591112112994,0.6582482743608116,0.3009930266333551,1.249560265521145,0.7371588753053085,0.769099626938509,1.0,0.2436156509750521,False,False,full,2019-2024,7,lancet_americas/pipeline/15b_spatial_correlation.py
7201,grd_episodes,sin_rett,base2017,28.0,53.53342384125186,53.51228193380695,1.000395085140848,265520,10.545344983428745,age-sex indirect (national age x sex x year rates of the same source),6,4,7.007305158126519,15.24095960502719,0.5230377209391887,0.3475547671120607,0.7559351343428264,0.5570055708909173,0.9287829427127552,1.0,0.2436156509750521,False,False,full,2019-2024,7,lancet_americas/pipeline/15b_spatial_correlation.py
7202,grd_episodes,sin_rett,base2017,4.0,10.650691326628476,10.646485058579572,1.000395085140848,55810,7.1671743415158575,age-sex indirect (national age x sex x year rates of the same source),6,2,1.9528137853902972,18.35081289267819,0.3755624754610382,0.1023281344095929,0.9615890988970868,0.5492742872427676,0.721810741739159,1.0,0.2436156509750521,True,False,full,2019-2024,7,lancet_americas/pipeline/15b_spatial_correlation.py
7203,grd_episodes,sin_rett,base2017,3.0,9.76775413771174,9.763896567261238,1.000395085140848,49343,6.079889751332509,age-sex indirect (national age x sex x year rates of the same source),6,3,1.2538194331426975,17.768017894619952,0.3071330377182078,0.0633382161521661,0.8975730701383322,0.512148873069999,0.704105049724668,1.0,0.2436156509750521,True,False,full,2019-2024,7,lancet_americas/pipeline/15b_spatial_correlation.py
7301,grd_episodes,sin_rett,base2017,145.0,219.26368053067907,219.17708692042248,1.000395085140848,999622,14.505483072601445,age-sex indirect (national age x sex x year rates of the same source),6,6,12.240612081986292,17.067932499302813,0.6613042326438181,0.5580488798238182,0.7781261711709185,0.6675284197825676,0.9816230737474672,1.0,0.2436156509750521,False,False,full,2019-2024,7,lancet_americas/pipeline/15b_spatial_correlation.py
7302,grd_episodes,sin_rett,base2017,8.0,11.40613395666112,11.40162934232651,1.000395085140848,61337,13.042698534326751,age-sex indirect (national age x sex x year rates of the same source),6,4,5.630911483686032,25.699315617316326,0.7013769985866284,0.3028048057187232,1.3819922929265354,0.7804047049121514,0.7353596141238693,1.0,0.2436156509750521,False,False,full,2019-2024,7,lancet_americas/pipeline/15b_spatial_correlation.py
7303,grd_episodes,sin_rett,base2017,1.0,7.979863440250525,7.976711959882352,1.000395085140848,41923,2.3853254776614268,age-sex indirect (national age x sex x year rates of the same source),6,1,0.0603912124234665,13.29018293285046,0.1253154276996756,0.0031727119359695,0.6982128745255793,0.4224209783457984,0.6603283514367153,1.0,0.2436156509750521,True,False,full,2019-2024,7,lancet_americas/pipeline/15b_spatial_correlation.py
7304,grd_episodes,sin_rett,base2017,54.0,65.77977783944281,65.7537994903099,1.000395085140848,303932,17.767132121658793,age-sex indirect (national age x sex x year rates of the same source),6,6,13.347216473600922,23.18225339671726,0.820920984741006,0.6167011094437039,1.0711238120275708,0.8314395862020699,0.9412627914786592,1.0,0.2436156509750521,False,False,full,2019-2024,7,lancet_americas/pipeline/15b_spatial_correlation.py
7305,grd_episodes,sin_rett,base2017,7.0,14.239317255588343,14.233693734694386,1.000395085140848,68621,10.200958890135674,age-sex indirect (national age x sex x year rates of the same source),6,3,4.1013145414958485,21.017874064356945,0.4915966035697947,0.1976473310484984,1.0128768888860926,0.6053608541481998,0.7762323159577418,1.0,0.2436156509750521,False,False,full,2019-2024,7,lancet_americas/pipeline/15b_spatial_correlation.py
7306,grd_episodes,sin_rett,base2017,20.0,20.59095236620509,20.582820399708424,1.000395085140848,98710,20.261371694863744,age-sex indirect (national age x sex x year rates of the same source),6,6,12.3761722068726,31.292045286875283,0.9713003869031822,0.5932955099956577,1.5000946703839768,0.9760707136455982,0.8337842839092163,1.0,0.2436156509750521,False,False,full,2019-2024,7,lancet_americas/pipeline/15b_spatial_correlation.py
7307,grd_episodes,sin_rett,base2017,11.0,23.28891881133423,23.27972133934998,1.000395085140848,117446,9.366006505117245,age-sex indirect (national age x sex x year rates of the same source),6,6,4.675476701834748,16.758372795414022,0.4723276374103948,0.2357842548089611,0.8451246136734829,0.5513969106916841,0.8501546056093429,1.0,0.2436156509750521,False,False,full,2019-2024,7,lancet_americas/pipeline/15b_spatial_correlation.py
7308,grd_episodes,sin_rett,base2017,29.0,38.92617940460467,38.91080632320796,1.000395085140848,187415,15.47368140223568,age-sex indirect (national age x sex x year rates of the same source),6,5,10.362967285194854,22.222787630972224,0.7449999060675737,0.4989381294186424,1.0699441372265746,0.7693249512313783,0.9046077011632372,1.0,0.2436156509750521,False,False,full,2019-2024,7,lancet_americas/pipeline/15b_spatial_correlation.py
7309,grd_episodes,sin_rett,base2017,1.0,4.364852020161084,4.363128213036499,1.000395085140848,26123,3.8280442521915554,age-sex indirect (national age x sex x year rates of the same source),6,1,0.0969176893323503,21.328497457944717,0.2291028413749282,0.0058003817465856,1.2764793319919416,0.6027178623800824,0.5153503721929491,1.0,0.2436156509750521,True,False,full,2019-2024,7,lancet_americas/pipeline/15b_spatial_correlation.py
7401,grd_episodes,sin_rett,base2017,263.0,134.05550409598538,134.00256167503204,1.000395085140848,612926,42.908931910214285,age-sex indirect (national age x sex x year rates of the same source),6,6,37.87932226231305,48.42052132282842,1.9618739400039016,1.7319110941037283,2.2138737720956225,1.9332960863000443,0.9702893981058046,1.0,0.2436156509750521,False,False,full,2019-2024,7,lancet_americas/pipeline/15b_spatial_correlation.py
7402,grd_episodes,sin_rett,base2017,57.0,29.599367000729515,29.5876773490567,1.000395085140848,137440,41.472642607683355,age-sex indirect (national age x sex x year rates of the same source),6,6,31.410974507366667,53.73261889039786,1.9257168573434411,1.4585191420431636,2.494989551673273,1.812973997782362,0.8782102122622887,1.0,0.2436156509750521,False,False,full,2019-2024,7,lancet_americas/pipeline/15b_spatial_correlation.py
7403,grd_episodes,sin_rett,base2017,23.0,40.09572097942185,40.07988601201163,1.000395085140848,198774,11.570929799671989,age-sex indirect (national age x sex x year rates of the same source),6,4,7.334976927085372,17.362075973131812,0.573627295835488,0.3636304992377496,0.8607225921325897,0.6132237738564617,0.907131770785928,1.0,0.2436156509750521,False,False,full,2019-2024,7,lancet_americas/pipeline/15b_spatial_correlation.py
7404,grd_episodes,sin_rett,base2017,89.0,57.74010865313103,57.717305403396374,1.000395085140848,269593,33.0127265915658,age-sex indirect (national age x sex x year rates of the same source),6,6,26.511930258705068,40.62500079518253,1.5413895483754665,1.2378623769436736,1.8968124748725677,1.5054559638205034,0.9336271181023202,1.0,0.2436156509750521,False,False,full,2019-2024,7,lancet_americas/pipeline/15b_spatial_correlation.py
7405,grd_episodes,sin_rett,base2017,21.0,25.595323827277493,25.585215488812473,1.000395085140848,127366,16.487916712466436,age-sex indirect (national age x sex x year rates of the same source),6,6,10.206280313487262,25.203532131764646,0.8204623681150633,0.5078791372907937,1.254163883667411,0.845276075578823,0.8617910506936926,1.0,0.2436156509750521,False,False,full,2019-2024,7,lancet_americas/pipeline/15b_spatial_correlation.py
7406,grd_episodes,sin_rett,base2017,53.0,65.91494993976411,65.8889182072339,1.000395085140848,301225,17.59482114698315,age-sex indirect (national age x sex x year rates of the same source),6,5,13.179728419738558,23.01445926772487,0.8040664530343065,0.6023009494604425,1.0517387177348487,0.8155528254837491,0.9413761827551982,1.0,0.2436156509750521,False,False,full,2019-2024,7,lancet_americas/pipeline/15b_spatial_correlation.py
7407,grd_episodes,sin_rett,base2017,12.0,21.71730048739302,21.708723693235054,1.000395085140848,106243,11.294861779128976,age-sex indirect (national age x sex x year rates of the same source),6,5,5.836219900343756,19.729850482551267,0.5525548632053071,0.2855131609161864,0.9652021465718184,0.6236831899577505,0.8410345293682784,1.0,0.2436156509750521,False,False,full,2019-2024,7,lancet_americas/pipeline/15b_spatial_correlation.py
7408,grd_episodes,sin_rett,base2017,25.0,25.18916217586666,25.17921424246124,1.000395085140848,116544,21.451125755079627,age-sex indirect (national age x sex x year rates of the same source),6,6,13.882037554768438,31.666093233053925,0.992490334750082,0.6422874145186881,1.465111520576433,0.9935426282358504,0.8598747812654041,1.0,0.2436156509750521,False,False,full,2019-2024,7,lancet_americas/pipeline/15b_spatial_correlation.py
8101,grd_episodes,sin_rett,base2017,373.0,261.0231275283008,260.92004189679795,1.000395085140848,1432306,26.041921209573932,age-sex indirect (national age x sex x year rates of the same source),6,6,23.4658430050807,28.823588188160237,1.428992149209301,1.2876356225404204,1.5816298997856002,1.4223503057130065,0.9845175639961324,1.0,0.2436156509750521,False,False,full,2019-2024,8,lancet_americas/pipeline/15b_spatial_correlation.py
8102,grd_episodes,sin_rett,base2017,316.0,174.08577700790528,174.01702546688878,1.000395085140848,762024,41.46851017815712,age-sex indirect (national age x sex x year rates of the same source),6,6,37.02186844121838,46.30214432651225,1.8151971139241911,1.6205546921716585,2.026779317339862,1.7964181058526476,0.9769638437737526,1.0,0.2436156509750521,False,False,full,2019-2024,8,lancet_americas/pipeline/15b_spatial_correlation.py
8103,grd_episodes,sin_rett,base2017,134.0,115.0339394034328,114.98850915209856,1.000395085140848,548830,24.415574950348923,age-sex indirect (national age x sex x year rates of the same source),6,6,20.456835982086833,28.916894608742258,1.164873607692872,0.976001113260464,1.379632771895006,1.1591930253737035,0.9655458359972922,1.0,0.2436156509750521,False,False,full,2019-2024,8,lancet_americas/pipeline/15b_spatial_correlation.py
8104,grd_episodes,sin_rett,base2017,19.0,12.34408464494291,12.339209606577544,1.000395085140848,71113,26.718040302054476,age-sex indirect (national age x sex x year rates of the same source),6,6,16.08600560286689,41.72352955378845,1.5391987779169891,0.9266982116047888,2.4036495556388666,1.404641697136246,0.7504499522410663,1.0,0.2436156509750521,False,False,full,2019-2024,8,lancet_americas/pipeline/15b_spatial_correlation.py
8105,grd_episodes,sin_rett,base2017,41.0,35.45804509609265,35.44404168189254,1.000395085140848,158448,25.875997172573967,age-sex indirect (national age x sex x year rates of the same source),6,6,18.56906232231097,35.10371198483725,1.1562961209194824,0.8297780599217952,1.568646252634615,1.1400796926206564,0.8962454845109047,1.0,0.2436156509750521,False,False,full,2019-2024,8,lancet_americas/pipeline/15b_spatial_correlation.py
8106,grd_episodes,sin_rett,base2017,113.0,55.9770940938979,55.95498710993443,1.000395085140848,273690,41.28758814717381,age-sex indirect (national age x sex x year rates of the same source),6,6,34.026816274324865,49.63906800798728,2.018682852854954,1.6636803851408155,2.4270135388444585,1.9490859357404091,0.9316795046471112,1.0,0.2436156509750521,False,False,full,2019-2024,8,lancet_americas/pipeline/15b_spatial_correlation.py
8107,grd_episodes,sin_rett,base2017,116.0,62.60891007032208,62.58418398917587,1.000395085140848,299909,38.67839911439803,age-sex indirect (national age x sex x year rates of the same source),6,6,31.96070958237781,46.391055446251016,1.8527714325278823,1.5309808842503678,2.222222848505518,1.8003012963828016,0.9384710437713152,1.0,0.2436156509750521,False,False,full,2019-2024,8,lancet_americas/pipeline/15b_spatial_correlation.py
8108,grd_episodes,sin_rett,base2017,260.0,213.06876947570527,212.9846224161595,1.000395085140848,892806,29.121668089148148,age-sex indirect (national age x sex x year rates of the same source),6,6,25.689128143079376,32.88513326438585,1.2202633010918382,1.076432167761934,1.3779609447920989,1.216100075589981,0.9810988690298376,1.0,0.2436156509750521,False,False,full,2019-2024,8,lancet_americas/pipeline/15b_spatial_correlation.py
8109,grd_episodes,sin_rett,base2017,18.0,18.31668766678836,18.309453873625852,1.000395085140848,88927,20.24132153339256,age-sex indirect (national age x sex x year rates of the same source),6,5,11.996289968625426,31.990014582216865,0.982710429279057,0.5824164813238879,1.553106150251674,0.985875723500679,0.8169246493906426,1.0,0.2436156509750521,False,False,full,2019-2024,8,lancet_americas/pipeline/15b_spatial_correlation.py
8110,grd_episodes,sin_rett,base2017,425.0,191.4617900041051,191.38617616973676,1.000395085140848,949569,44.75714771649032,age-sex indirect (national age x sex x year rates of the same source),6,6,40.60259310887409,49.22147480828411,2.2197640583580025,2.0137158299300246,2.441175683734358,2.194161938638684,0.9790105967265644,1.0,0.2436156509750521,False,False,full,2019-2024,8,lancet_americas/pipeline/15b_spatial_correlation.py
8111,grd_episodes,sin_rett,base2017,133.0,70.55554960848693,70.52768516805864,1.000395085140848,353315,37.64346263249508,age-sex indirect (national age x sex x year rates of the same source),6,6,31.51808461405957,44.611758297552775,1.8850395289671416,1.578304205297688,2.233984919735342,1.836380066340639,0.9450200120628632,1.0,0.2436156509750521,False,False,full,2019-2024,8,lancet_americas/pipeline/15b_spatial_correlation.py
8112,grd_episodes,sin_rett,base2017,265.0,118.59001644851274,118.5431817988352,1.000395085140848,585392,45.26881132642742,age-sex indirect (national age x sex x year rates of the same source),6,6,39.98202043590643,51.06021368327739,2.234589453110101,1.9736193322123168,2.5204685439484966,2.1932855524714574,0.9665444245173218,1.0,0.2436156509750521,False,False,full,2019-2024,8,lancet_americas/pipeline/15b_spatial_correlation.py
8201,grd_episodes,sin_rett,base2017,19.0,36.570140640826,36.55569802772192,1.000395085140848,162707,11.677432439907315,age-sex indirect (national age x sex x year rates of the same source),6,5,7.030577150563117,18.23575726403018,0.519549546899715,0.3128027665170159,0.8113409752234253,0.5680355304425955,0.899082239947935,1.0,0.2436156509750521,False,False,full,2019-2024,8,lancet_americas/pipeline/15b_spatial_correlation.py
8202,grd_episodes,sin_rett,base2017,47.0,51.10679209704493,51.0866085371156,1.000395085140848,232658,20.201325550808484,age-sex indirect (national age x sex x year rates of the same source),6,6,14.843174172848451,26.863480447973835,0.9196429294711616,0.6757190336167187,1.2229301385609923,0.9256172487734498,0.9256528484305038,1.0,0.2436156509750521,False,False,full,2019-2024,8,lancet_americas/pipeline/15b_spatial_correlation.py
8203,grd_episodes,sin_rett,base2017,26.0,51.6008954613016,51.580516765570266,1.000395085140848,223005,11.658931414093855,age-sex indirect (national age x sex x year rates of the same source),6,6,7.616001083202772,17.083035843647014,0.5038672249302119,0.3291428000185314,0.7382822282937971,0.540426108448278,0.9263122991362068,1.0,0.2436156509750521,False,False,full,2019-2024,8,lancet_americas/pipeline/15b_spatial_correlation.py
8204,grd_episodes,sin_rett,base2017,7.0,7.726660323997826,7.72360884091106,1.000395085140848,38035,18.404101485473905,age-sex indirect (national age x sex x year rates of the same source),6,4,7.399403316734234,37.919483006973515,0.9059541517904016,0.364240555881418,1.8666118034084855,0.9385825019501411,0.6530591112643124,1.0,0.2436156509750521,False,False,full,2019-2024,8,lancet_americas/pipeline/15b_spatial_correlation.py
8205,grd_episodes,sin_rett,base2017,73.0,44.54017680968167,44.52258659728497,1.000395085140848,203450,35.88105185549275,age-sex indirect (national age x sex x year rates of the same source),6,6,28.125016919390095,45.11503572523055,1.638969694977323,1.2846906101652744,2.060758325571576,1.5850513147456695,0.9156166862756032,1.0,0.2436156509750521,False,False,full,2019-2024,8,lancet_americas/pipeline/15b_spatial_correlation.py
8206,grd_episodes,sin_rett,base2017,23.0,32.738680346202464,32.72575088830341,1.000395085140848,136109,16.898221278534116,age-sex indirect (national age x sex x year rates of the same source),6,5,10.71202274430396,25.355628867182208,0.7025328986013296,0.4453455937400327,1.0541442883428924,0.7356744469225833,0.8885875171895503,1.0,0.2436156509750521,False,False,full,2019-2024,8,lancet_americas/pipeline/15b_spatial_correlation.py
8207,grd_episodes,sin_rett,base2017,5.0,15.934453057510334,15.928160078142414,1.000395085140848,66302,7.541250641006305,age-sex indirect (national age x sex x year rates of the same source),6,4,2.44862355602911,17.598763354533304,0.3137854799254227,0.1018852912151401,0.732270636287894,0.4543489958711876,0.795160971046651,1.0,0.2436156509750521,False,False,full,2019-2024,8,lancet_americas/pipeline/15b_spatial_correlation.py
8301,grd_episodes,sin_rett,base2017,535.0,298.1860591124791,298.06829675747235,1.000395085140848,1322945,40.44007876366742,age-sex indirect (national age x sex x year rates of the same source),6,6,37.08546908871665,44.01664829613862,1.7941817990833435,1.645349754096502,1.9528614098679071,1.783397555447925,0.98642093831933,1.0,0.2436156509750521,False,False,full,2019-2024,8,lancet_americas/pipeline/15b_spatial_correlation.py
8302,grd_episodes,sin_rett,base2017,5.0,5.066728411086765,5.064727412543625,1.000395085140848,25873,19.325165230162717,age-sex indirect (national age x sex x year rates of the same source),6,5,6.2748285475917775,45.09848907866375,0.986830079358358,0.320421040639555,2.3029322143635333,0.992724416837223,0.5524394080076984,1.0,0.2436156509750521,False,False,full,2019-2024,8,lancet_americas/pipeline/15b_spatial_correlation.py
8303,grd_episodes,sin_rett,base2017,32.0,39.02743725831514,39.01202418724437,1.000395085140848,185193,17.279270814771618,age-sex indirect (national age x sex x year rates of the same source),6,6,11.819008445937246,24.39317473091341,0.819935979608349,0.5608356030761702,1.1575049568440636,0.8370723761619736,0.9048316453428518,1.0,0.2436156509750521,False,False,full,2019-2024,8,lancet_americas/pipeline/15b_spatial_correlation.py
8304,grd_episodes,sin_rett,base2017,50.0,30.80494991708945,30.792784145628175,1.000395085140848,143335,34.88331531028709,age-sex indirect (national age x sex x year rates of the same source),6,6,25.89106899045025,45.98930244834605,1.6231157698543066,1.2047078095353134,2.139875794044629,1.5498474068780208,0.8824161311253332,1.0,0.2436156509750521,False,False,full,2019-2024,8,lancet_americas/pipeline/15b_spatial_correlation.py
8305,grd_episodes,sin_rett,base2017,47.0,40.64723383492238,40.63118105903086,1.000395085140848,186421,25.211751894904545,age-sex indirect (national age x sex x year rates of the same source),6,6,18.52464699098586,33.526285311551256,1.1562902457490132,0.8495985804917369,1.5376209016946585,1.1419547190865225,0.908276254901331,1.0,0.2436156509750521,False,False,full,2019-2024,8,lancet_americas/pipeline/15b_spatial_correlation.py
8306,grd_episodes,sin_rett,base2017,24.0,36.703952465301754,36.6894570060129,1.000395085140848,167851,14.298395600860289,age-sex indirect (national age x sex x year rates of the same source),6,6,9.161251857115218,21.27487926420052,0.6538805329668108,0.4189535955078248,0.972922401954174,0.688695600266155,0.8994131488824759,1.0,0.2436156509750521,False,False,full,2019-2024,8,lancet_americas/pipeline/15b_spatial_correlation.py
8307,grd_episodes,sin_rett,base2017,18.0,13.663658447087876,13.658262270614951,1.000395085140848,62902,28.61594225938762,age-sex indirect (national age x sex x year rates of the same source),6,4,16.959620966582197,45.22552584580457,1.3173631403115411,0.7807528870624822,2.0820017111589197,1.2440467797747976,0.7689827480759989,1.0,0.2436156509750521,False,False,full,2019-2024,8,lancet_americas/pipeline/15b_spatial_correlation.py
8308,grd_episodes,sin_rett,base2017,1.0,4.41456644077684,4.412822999980356,1.000395085140848,25103,3.98358761900968,age-sex indirect (national age x sex x year rates of the same source),6,1,0.1008557064266815,22.195129629681304,0.2265228111107617,0.0057350610357638,1.2621043234221765,0.599200737481438,0.5181785168016847,1.0,0.2436156509750521,True,False,full,2019-2024,8,lancet_americas/pipeline/15b_spatial_correlation.py
8309,grd_episodes,sin_rett,base2017,16.0,11.565835453262832,11.56126776815827,1.000395085140848,60082,26.630271961652408,age-sex indirect (national age x sex x year rates of the same source),6,5,15.221501370862354,43.24589327512558,1.3833847165347877,0.7907238945770684,2.24653011038912,1.2829596182126122,0.7380565943528866,1.0,0.2436156509750521,False,False,full,2019-2024,8,lancet_americas/pipeline/15b_spatial_correlation.py
8310,grd_episodes,sin_rett,base2017,1.0,4.20940139971492,4.207738984565553,1.000395085140848,21524,4.645976584278015,age-sex indirect (national age x sex x year rates of the same source),6,1,0.1176259430602577,25.88572473024948,0.2375634692542565,0.006014586298661,1.3236189333989947,0.6139868419970749,0.5062889072554846,1.0,0.2436156509750521,True,False,full,2019-2024,8,lancet_americas/pipeline/15b_spatial_correlation.py
8311,grd_episodes,sin_rett,base2017,19.0,18.749821192510908,18.742416342310477,1.000395085140848,87740,21.654889446090724,age-sex indirect (national age x sex x year rates of the same source),6,5,13.037658040080617,33.81679230862273,1.0133429969769,0.6100986802442584,1.5824606147943845,1.0109465177478791,0.8203942312832818,1.0,0.2436156509750521,False,False,full,2019-2024,8,lancet_americas/pipeline/15b_spatial_correlation.py
8312,grd_episodes,sin_rett,base2017,28.0,18.5167387322615,18.509425933109707,1.000395085140848,91726,30.525696094891305,age-sex indirect (national age x sex x year rates of the same source),6,5,20.284103368573287,44.11813002122429,1.5121453299557508,1.0048095901164749,2.1854710231862597,1.4192133097708877,0.8185436540192749,1.0,0.2436156509750521,False,False,full,2019-2024,8,lancet_americas/pipeline/15b_spatial_correlation.py
8313,grd_episodes,sin_rett,base2017,40.0,24.538713296975423,24.52902224476699,1.000395085140848,132940,30.088761847449977,age-sex indirect (national age x sex x year rates of the same source),6,6,21.4958525965014,40.97235366630365,1.6300773196991667,1.1645511358295724,2.2197026512672826,1.539782679381116,0.8566927621499497,1.0,0.2436156509750521,False,False,full,2019-2024,8,lancet_americas/pipeline/15b_spatial_correlation.py
8314,grd_episodes,sin_rett,base2017,5.0,11.189891117132053,11.18547190338965,1.000395085140848,40724,12.27777232099008,age-sex indirect (national age x sex x year rates of the same source),6,4,3.986559252820009,28.6522249271257,0.4468318724160643,0.1450850927077221,1.0427565341952356,0.5952922284181923,0.7316180224436355,1.0,0.2436156509750521,False,False,full,2019-2024,8,lancet_americas/pipeline/15b_spatial_correlation.py
9101,grd_episodes,sin_rett,base2017,505.0,397.38657800980315,397.2296384821345,1.000395085140848,1832870,27.55241779286038,age-sex indirect (national age x sex x year rates of the same source),6,6,25.201457528315657,30.06365297435178,1.2708028603511168,1.1623692901571634,1.3866288062135006,1.268034186434234,0.9897760536454716,1.0,0.2436156509750521,False,False,full,2019-2024,9,lancet_americas/pipeline/15b_spatial_correlation.py
9102,grd_episodes,sin_rett,base2017,14.0,32.69589659521857,32.68298403386822,1.000395085140848,152975,9.15182219316882,age-sex indirect (national age x sex x year rates of the same source),6,4,5.003386354829609,15.355202563710137,0.4281882883752254,0.234094521739462,0.7184271901958085,0.4919693152494319,0.8884579913675152,1.0,0.2436156509750521,False,False,full,2019-2024,9,lancet_americas/pipeline/15b_spatial_correlation.py
9103,grd_episodes,sin_rett,base2017,13.0,21.341714473241364,21.333286008933776,1.000395085140848,108352,11.997932663910218,age-sex indirect (national age x sex x year rates of the same source),6,6,6.38839383768071,20.516830255241135,0.6091356913381837,0.324339101232128,1.041640583563788,0.6721867048642766,0.8386882298310695,1.0,0.2436156509750521,False,False,full,2019-2024,9,lancet_americas/pipeline/15b_spatial_correlation.py
9104,grd_episodes,sin_rett,base2017,2.0,11.179604709013194,11.1751895576728,1.000395085140848,46973,4.257765099099482,age-sex indirect (national age x sex x year rates of the same source),6,2,0.5156351064312796,15.380511501764756,0.1788972018292887,0.021665281094303,0.6462382039231932,0.3994147028422572,0.7314374016210309,1.0,0.2436156509750521,True,False,full,2019-2024,9,lancet_americas/pipeline/15b_spatial_correlation.py
9105,grd_episodes,sin_rett,base2017,22.0,31.581447031910308,31.568974599134386,1.000395085140848,152767,14.40101592621443,age-sex indirect (national age x sex x year rates of the same source),6,5,9.025040010100094,21.8033111778887,0.6966115256774306,0.4365627343895534,1.0546782214719332,0.7315088951153387,0.8849746368386942,1.0,0.2436156509750521,False,False,full,2019-2024,9,lancet_americas/pipeline/15b_spatial_correlation.py
9106,grd_episodes,sin_rett,base2017,8.0,17.067506616341415,17.060766161139668,1.000395085140848,75648,10.575296108291033,age-sex indirect (national age x sex x year rates of the same source),6,3,4.565662247182346,20.83754920182069,0.4687269312285099,0.2023630196482012,0.9235789136944426,0.5717285132797787,0.8061230879076018,1.0,0.2436156509750521,False,False,full,2019-2024,9,lancet_americas/pipeline/15b_spatial_correlation.py
9107,grd_episodes,sin_rett,base2017,11.0,17.087276808508086,17.08052854548194,1.000395085140848,90721,12.125086804598714,age-sex indirect (national age x sex x year rates of the same source),6,6,6.0527996464289835,21.6951295877492,0.6437538364523296,0.3213595957257907,1.15185343655824,0.7127573088788944,0.806303956400835,1.0,0.2436156509750521,False,False,full,2019-2024,9,lancet_americas/pipeline/15b_spatial_correlation.py
9108,grd_episodes,sin_rett,base2017,96.0,56.81826725208736,56.79582806435698,1.000395085140848,247047,38.85900253797861,age-sex indirect (national age x sex x year rates of the same source),6,6,31.47591681542154,47.4534930597532,1.6895974594591885,1.3685793667376882,2.0632876831530207,1.6431343236505476,0.932622814699638,1.0,0.2436156509750521,False,False,full,2019-2024,9,lancet_americas/pipeline/15b_spatial_correlation.py
9109,grd_episodes,sin_rett,base2017,24.0,31.929119776881087,31.916510038017343,1.000395085140848,148536,16.157699143641945,age-sex indirect (national age x sex x year rates of the same source),6,6,10.352542720072211,24.041375554581524,0.7516649430899024,0.4816059121623725,1.1184178531476403,0.7799541660568403,0.8860844565446144,1.0,0.2436156509750521,False,False,full,2019-2024,9,lancet_americas/pipeline/15b_spatial_correlation.py
9110,grd_episodes,sin_rett,base2017,1.0,7.631192870788386,7.628179090577972,1.000395085140848,37712,2.6516758591429785,age-sex indirect (national age x sex x year rates of the same source),6,1,0.0671346202383588,14.7741922755062,0.1310411120426431,0.0033176737127434,0.730114345853676,0.434970869189166,0.6502368968675099,1.0,0.2436156509750521,True,False,full,2019-2024,9,lancet_americas/pipeline/15b_spatial_correlation.py
9111,grd_episodes,sin_rett,base2017,49.0,45.359399814238714,45.34148606682975,1.000395085140848,203510,24.077440911994497,age-sex indirect (national age x sex x year rates of the same source),6,6,17.812623334887295,31.83165377274743,1.0802612071736115,0.799183187989401,1.4281626048452056,1.0736006696348943,0.9170142367244776,1.0,0.2436156509750521,False,False,full,2019-2024,9,lancet_americas/pipeline/15b_spatial_correlation.py
9112,grd_episodes,sin_rett,base2017,85.0,120.5323652941832,120.4847635544043,1.000395085140848,500046,16.998436143874763,age-sex indirect (national age x sex x year rates of the same source),6,6,13.577747048230462,21.0188295314629,0.7052047787541594,0.5632925300941642,0.8719966298045525,0.7149136244229521,0.9670657969699712,1.0,0.2436156509750521,False,False,full,2019-2024,9,lancet_americas/pipeline/15b_spatial_correlation.py
9113,grd_episodes,sin_rett,base2017,9.0,9.44404126527408,9.44031153846026,1.000395085140848,43445,20.715847623431927,age-sex indirect (national age x sex x year rates of the same source),6,3,9.472604666540072,39.32513166398704,0.9529818588460824,0.4357639893538627,1.8090564167948229,0.96722668858625,0.6970354550271162,1.0,0.2436156509750521,False,False,full,2019-2024,9,lancet_americas/pipeline/15b_spatial_correlation.py
9114,grd_episodes,sin_rett,base2017,51.0,32.763225612169954,32.750286460630846,1.000395085140848,157748,32.330045388848035,age-sex indirect (national age x sex x year rates of the same source),6,5,24.07184232972257,42.508039009435166,1.5566232886744815,1.1590082822671064,2.046672149145653,1.4946497930405582,0.8886616911385361,1.0,0.2436156509750521,False,False,full,2019-2024,9,lancet_americas/pipeline/15b_spatial_correlation.py
9115,grd_episodes,sin_rett,base2017,28.0,40.674183460786665,40.65812004170338,1.000395085140848,180813,15.48561220708688,age-sex indirect (national age x sex x year rates of the same source),6,6,10.29007685059013,22.381021244749103,0.688397347349194,0.4574350379718153,0.9949258350147964,0.7169615083366951,0.908331457564608,1.0,0.2436156509750521,False,False,full,2019-2024,9,lancet_americas/pipeline/15b_spatial_correlation.py
9116,grd_episodes,sin_rett,base2017,16.0,16.0291178528588,16.022787487607484,1.000395085140848,76449,20.928985336629648,age-sex indirect (national age x sex x year rates of the same source),6,4,11.96272345438334,33.98736098256479,0.9981834400915828,0.5705480824080682,1.620987370364045,0.9985537929265428,0.7961240731758756,1.0,0.2436156509750521,False,False,full,2019-2024,9,lancet_americas/pipeline/15b_spatial_correlation.py
9117,grd_episodes,sin_rett,base2017,5.0,18.497249079492413,18.489943977371844,1.000395085140848,94618,5.28440677249572,age-sex indirect (national age x sex x year rates of the same source),6,3,1.7158324949992818,12.332042612740358,0.2703104650054918,0.0877690722085995,0.6308144540400418,0.4028314354209418,0.8183871851520423,1.0,0.2436156509750521,False,False,full,2019-2024,9,lancet_americas/pipeline/15b_spatial_correlation.py
9118,grd_episodes,sin_rett,base2017,13.0,12.473763509284773,12.468837256960898,1.000395085140848,60053,21.647544668875828,age-sex indirect (national age x sex x year rates of the same source),6,4,11.526405826526242,37.0179606650107,1.0421874673448417,0.55492093351389,1.7821723092322383,1.0317419326858568,0.7524019497638325,1.0,0.2436156509750521,False,False,full,2019-2024,9,lancet_americas/pipeline/15b_spatial_correlation.py
9119,grd_episodes,sin_rett,base2017,31.0,44.39555468835232,44.37802159144132,1.000395085140848,189002,16.40194283658374,age-sex indirect (national age x sex x year rates of the same source),6,6,11.144324387647671,23.281248612844703,0.6982681085440566,0.4744393020202081,0.9911358425890596,0.7238051673535413,0.915365065700344,1.0,0.2436156509750521,False,False,full,2019-2024,9,lancet_americas/pipeline/15b_spatial_correlation.py
9120,grd_episodes,sin_rett,base2017,124.0,80.64913410750472,80.61728341673125,1.000395085140848,358188,34.61869186014049,age-sex indirect (national age x sex x year rates of the same source),6,6,28.794036793825473,41.27561897366553,1.5375242570454493,1.2788331288664176,1.8331791869249048,1.5114907378916411,0.9515677314789408,1.0,0.2436156509750521,False,False,full,2019-2024,9,lancet_americas/pipeline/15b_spatial_correlation.py
9121,grd_episodes,sin_rett,base2017,10.0,17.48909008363286,17.482183132847492,1.000395085140848,74734,13.380790537104932,age-sex indirect (national age x sex x year rates of the same source),6,4,6.416609168694882,24.6077502101022,0.571785035824047,0.2741931497408313,1.0515330388302115,0.6531851910205372,0.8099081956345577,1.0,0.2436156509750521,False,False,full,2019-2024,9,lancet_americas/pipeline/15b_spatial_correlation.py
9201,grd_episodes,sin_rett,base2017,152.0,74.33344647638758,74.30409003451072,1.000395085140848,338025,44.96708823311885,age-sex indirect (national age x sex x year rates of the same source),6,6,38.10267717298265,52.71096467793498,2.0448399368685752,1.732686705908188,2.396986105160459,1.9901614415382176,0.9476680653170368,1.0,0.2436156509750521,False,False,full,2019-2024,9,lancet_americas/pipeline/15b_spatial_correlation.py
9202,grd_episodes,sin_rett,base2017,22.0,36.69633745112949,36.68184499923141,1.000395085140848,157815,13.940373221810349,age-sex indirect (national age x sex x year rates of the same source),6,5,8.736357679707005,21.105892587602717,0.5995148706406627,0.375712777619589,0.9076727188778352,0.6398059271282374,0.8993943756362965,1.0,0.2436156509750521,False,False,full,2019-2024,9,lancet_americas/pipeline/15b_spatial_correlation.py
9203,grd_episodes,sin_rett,base2017,18.0,22.336034703522156,22.327213553210747,1.000395085140848,109139,16.492729455098544,age-sex indirect (national age x sex x year rates of the same source),6,6,9.774636729674572,26.065622983102273,0.8058726734142113,0.4776112198069476,1.27362625663552,0.8360100808880142,0.8447544299721007,1.0,0.2436156509750521,False,False,full,2019-2024,9,lancet_americas/pipeline/15b_spatial_correlation.py
9204,grd_episodes,sin_rett,base2017,12.0,11.851713852728167,11.847033265921672,1.000395085140848,50587,23.721509478719828,age-sex indirect (national age x sex x year rates of the same source),6,5,12.257250101255693,41.43670320077676,1.0125117893592832,0.5231796165324136,1.768654332078036,1.009293126406386,0.7427495891697489,1.0,0.2436156509750521,False,False,full,2019-2024,9,lancet_americas/pipeline/15b_spatial_correlation.py
9205,grd_episodes,sin_rett,base2017,13.0,14.841822630514637,14.835961162709054,1.000395085140848,66432,19.56888246628131,age-sex indirect (national age x sex x year rates of the same source),6,3,10.419605748741274,33.4633849924116,0.8759032043188639,0.466381566693321,1.4978211552301808,0.9027890045452674,0.7833481511038687,1.0,0.2436156509750521,False,False,full,2019-2024,9,lancet_americas/pipeline/15b_spatial_correlation.py
9206,grd_episodes,sin_rett,base2017,7.0,8.94680016824182,8.943266816412018,1.000395085140848,44993,15.557975685106571,age-sex indirect (national age x sex x year rates of the same source),6,3,6.255113132086915,32.055376084507316,0.7824026320435415,0.3145664370050337,1.612048452015068,0.8508385042383421,0.6854931066606712,1.0,0.2436156509750521,False,False,full,2019-2024,9,lancet_americas/pipeline/15b_spatial_correlation.py
9207,grd_episodes,sin_rett,base2017,6.0,12.878999495808795,12.873913203997333,1.000395085140848,59980,10.003334444814936,age-sex indirect (national age x sex x year rates of the same source),6,3,3.671047438297517,21.773047720104508,0.4658746979493691,0.1709678033769169,1.0140130859364207,0.594967620125753,0.7583096668875895,1.0,0.2436156509750521,False,False,full,2019-2024,9,lancet_americas/pipeline/15b_spatial_correlation.py
9208,grd_episodes,sin_rett,base2017,21.0,15.427039909305108,15.420947322160323,1.000395085140848,72914,28.801053295663383,age-sex indirect (national age x sex x year rates of the same source),6,4,17.828305927635554,44.02546936794492,1.3612462354060195,0.8426328745176447,2.080809469843998,1.2853265504899194,0.7898395125674572,1.0,0.2436156509750521,False,False,full,2019-2024,9,lancet_americas/pipeline/15b_spatial_correlation.py
9209,grd_episodes,sin_rett,base2017,16.0,14.203231961959771,14.19762269219872,1.000395085140848,65376,24.47381302006853,age-sex indirect (national age x sex x year rates of the same source),6,5,13.98889876046488,39.74393905647478,1.12650416770299,0.6438944655790607,1.8293721926918247,1.0981408287334884,0.7757912685051293,1.0,0.2436156509750521,False,False,full,2019-2024,9,lancet_americas/pipeline/15b_spatial_correlation.py
9210,grd_episodes,sin_rett,base2017,12.0,24.6055464000818,24.59582895353542,1.000395085140848,115784,10.36412630415256,age-sex indirect (national age x sex x year rates of the same source),6,4,5.355295298765129,18.104042914545136,0.4876949206850414,0.2519990821541603,0.8519048797919504,0.5609410435805455,0.8570263582132603,1.0,0.2436156509750521,False,False,full,2019-2024,9,lancet_americas/pipeline/15b_spatial_correlation.py
9211,grd_episodes,sin_rett,base2017,86.0,44.1668554353635,44.14941265844499,1.000395085140848,212998,40.37596597151147,age-sex indirect (national age x sex x year rates of the same source),6,6,32.29556110581789,49.863989512552784,1.9471614891365243,1.5574778545155856,2.4047285987425666,1.8666187465620467,0.914964086379922,1.0,0.2436156509750521,False,False,full,2019-2024,9,lancet_americas/pipeline/15b_spatial_correlation.py
10101,grd_episodes,sin_rett,base2017,373.0,374.3424155629008,374.1945768458032,1.000395085140848,1642499,22.709298453149746,age-sex indirect (national age x sex x year rates of the same source),6,6,20.462884745278455,25.13499143891779,0.9964139367939852,0.8978482355705049,1.1028458594880772,0.9964528330150032,0.9891535037774724,1.0,0.2436156509750521,False,False,full,2019-2024,10,lancet_americas/pipeline/15b_spatial_correlation.py
10102,grd_episodes,sin_rett,base2017,33.0,47.181761567746825,47.16312811663204,1.000395085140848,222459,14.834194166116005,age-sex indirect (national age x sex x year rates of the same source),6,6,10.211176698955688,20.832723903806677,0.6994228045643511,0.4814504761572561,0.9822496602341776,0.723480112846641,0.9199629624349184,1.0,0.2436156509750521,False,False,full,2019-2024,10,lancet_americas/pipeline/15b_spatial_correlation.py
10103,grd_episodes,sin_rett,base2017,2.0,3.84314168276755,3.841623914242307,1.000395085140848,23896,8.369601606963508,age-sex indirect (national age x sex x year rates of the same source),6,2,1.0135975834615207,30.233878756795946,0.5204075636784086,0.0630237702736849,1.8798910537488345,0.7680990133219616,0.4835376230215125,1.0,0.2436156509750521,True,False,full,2019-2024,10,lancet_americas/pipeline/15b_spatial_correlation.py
10104,grd_episodes,sin_rett,base2017,3.0,14.19367992275098,14.188074425368272,1.000395085140848,75734,3.9612327356273274,age-sex indirect (national age x sex x year rates of the same source),6,3,0.8169014219447028,11.576403028682392,0.2113616776147893,0.0435878592629057,0.6176885147092337,0.3882735774295133,0.775674228866206,1.0,0.2436156509750521,True,False,full,2019-2024,10,lancet_americas/pipeline/15b_spatial_correlation.py
10105,grd_episodes,sin_rett,base2017,57.0,26.060753684636563,26.050461534372104,1.000395085140848,122674,46.464613528539054,age-sex indirect (national age x sex x year rates of the same source),6,6,35.19184453341763,60.200296234705654,2.1871969126358333,1.65656158242174,2.833767292252151,2.025647311986865,0.8639235000280675,1.0,0.2436156509750521,False,False,full,2019-2024,10,lancet_americas/pipeline/15b_spatial_correlation.py
10106,grd_episodes,sin_rett,base2017,13.0,20.748030531978372,20.739836530741464,1.000395085140848,106925,12.1580547112462,age-sex indirect (national age x sex x year rates of the same source),6,3,6.473652084174705,20.790643832741523,0.6265654940098269,0.333619737079873,1.071446076961173,0.6882438708622358,0.8348348214665733,1.0,0.2436156509750521,False,False,full,2019-2024,10,lancet_americas/pipeline/15b_spatial_correlation.py
10107,grd_episodes,sin_rett,base2017,16.0,23.137804544490955,23.128666751929646,1.000395085140848,112269,14.25148527198069,age-sex indirect (national age x sex x year rates of the same source),6,5,8.14595520904392,23.143519223971847,0.6915089964233255,0.3952571401515711,1.1229672870474408,0.7379913668670129,0.8493234165509971,1.0,0.2436156509750521,False,False,full,2019-2024,10,lancet_americas/pipeline/15b_spatial_correlation.py
10108,grd_episodes,sin_rett,base2017,3.0,15.85077910119564,15.844519167108835,1.000395085140848,88996,3.370938019686278,age-sex indirect (national age x sex x year rates of the same source),6,2,0.6951684602629346,9.85131137325534,0.1892651446876644,0.0390310229513534,0.5531130686870148,0.3560316181338057,0.7943020799544945,1.0,0.2436156509750521,True,False,full,2019-2024,10,lancet_americas/pipeline/15b_spatial_correlation.py
10109,grd_episodes,sin_rett,base2017,37.0,66.18583773664052,66.15969902263372,1.000395085140848,297792,12.424779712013754,age-sex indirect (national age x sex x year rates of the same source),6,6,8.748191545476718,17.12592216779861,0.5590319812408565,0.3936101053939512,0.7705519471531507,0.5847835837176252,0.9416021085854888,1.0,0.2436156509750521,False,False,full,2019-2024,10,lancet_americas/pipeline/15b_spatial_correlation.py
10201,grd_episodes,sin_rett,base2017,93.0,62.13951294020574,62.11497223765047,1.000395085140848,288183,32.271161033093556,age-sex indirect (national age x sex x year rates of the same source),6,6,26.0469919194572,39.53435248620933,1.496632265037063,1.2079753955503214,1.833475636266476,1.465858476093408,0.9380350591169138,1.0,0.2436156509750521,False,False,full,2019-2024,10,lancet_americas/pipeline/15b_spatial_correlation.py
10202,grd_episodes,sin_rett,base2017,20.0,51.00180342911235,50.98166133226424,1.000395085140848,254878,7.846891453950517,age-sex indirect (national age x sex x year rates of the same source),6,6,4.793085156586266,12.118887429544564,0.3921429960373478,0.2395311295684621,0.6056330526744313,0.4374215330775748,0.925511202889736,1.0,0.2436156509750521,False,False,full,2019-2024,10,lancet_americas/pipeline/15b_spatial_correlation.py
10203,grd_episodes,sin_rett,base2017,5.0,19.89130281437582,19.88344715985413,1.000395085140848,96649,5.173359269107802,age-sex indirect (national age x sex x year rates of the same source),6,2,1.6797756729178994,12.072894783518372,0.2513661395967692,0.0816179013143923,0.5866047180624965,0.3794289667230722,0.8289379710165319,1.0,0.2436156509750521,False,False,full,2019-2024,10,lancet_americas/pipeline/15b_spatial_correlation.py
10204,grd_episodes,sin_rett,base2017,5.0,5.245979217089751,5.243907427185288,1.000395085140848,24552,20.36493971977843,age-sex indirect (national age x sex x year rates of the same source),6,4,6.612440494128464,47.52497588515262,0.9531109051502858,0.3094725165569875,2.2242429099434693,0.9736943294122984,0.561018946345941,1.0,0.2436156509750521,False,False,full,2019-2024,10,lancet_americas/pipeline/15b_spatial_correlation.py
10205,grd_episodes,sin_rett,base2017,13.0,20.136362648196275,20.12841021241246,1.000395085140848,91290,14.240333004710264,age-sex indirect (national age x sex x year rates of the same source),6,4,7.582377578052145,24.351403130856475,0.6455982258128671,0.3437538651810008,1.103992627990844,0.7056100432893605,0.8306672769510298,1.0,0.2436156509750521,False,False,full,2019-2024,10,lancet_americas/pipeline/15b_spatial_correlation.py
10206,grd_episodes,sin_rett,base2017,3.0,4.743295352295687,4.741422086882672,1.000395085140848,25173,11.91753068764152,age-sex indirect (national age x sex x year rates of the same source),6,2,2.457681336732218,34.8280819518624,0.6324716841737555,0.1304308665063778,1.8483506546770463,0.8029756636299565,0.5360793383418934,1.0,0.2436156509750521,True,False,full,2019-2024,10,lancet_americas/pipeline/15b_spatial_correlation.py
10207,grd_episodes,sin_rett,base2017,3.0,6.675279945077135,6.672643682707926,1.000395085140848,33254,9.021471101220904,age-sex indirect (national age x sex x year rates of the same source),6,3,1.860444225944552,26.364566878397557,0.4494193538972744,0.0926810752486654,1.3133940661481898,0.6590683092300798,0.6192220761539634,1.0,0.2436156509750521,True,False,full,2019-2024,10,lancet_americas/pipeline/15b_spatial_correlation.py
10208,grd_episodes,sin_rett,base2017,26.0,41.46626668992365,41.449890454115454,1.000395085140848,177713,14.630330926831464,age-sex indirect (national age x sex x year rates of the same source),6,5,9.557017897169224,21.436824589717705,0.6270156943334865,0.4095874688358064,0.9187232689163792,0.6606123404256335,0.9099247727538812,1.0,0.2436156509750521,False,False,full,2019-2024,10,lancet_americas/pipeline/15b_spatial_correlation.py
10209,grd_episodes,sin_rett,base2017,5.0,9.99839674208147,9.994448084152443,1.000395085140848,52626,9.501007106753317,age-sex indirect (national age x sex x year rates of the same source),6,1,3.08495114604648,22.172181201920477,0.5000801757501672,0.1623746718596848,1.1670203113877988,0.6455847980921513,0.7089440840632301,1.0,0.2436156509750521,False,False,full,2019-2024,10,lancet_americas/pipeline/15b_spatial_correlation.py
10210,grd_episodes,sin_rett,base2017,6.0,9.568621499422305,9.56484257224746,1.000395085140848,49529,12.114114962950998,age-sex indirect (national age x sex x year rates of the same source),6,3,4.445666687174889,26.36732827741057,0.6270495703443014,0.230116140932504,1.3648229291238176,0.7390108568022173,0.6997957970948667,1.0,0.2436156509750521,False,False,full,2019-2024,10,lancet_americas/pipeline/15b_spatial_correlation.py
10301,grd_episodes,sin_rett,base2017,367.0,220.0351247305168,219.9482264544888,1.000395085140848,1046987,35.05296627369776,age-sex indirect (national age x sex x year rates of the same source),6,6,31.55802605296936,38.82919622749431,1.667915522348876,1.501616756124109,1.8475988195259856,1.6556835334738635,0.9816863233961146,1.0,0.2436156509750521,False,False,full,2019-2024,10,lancet_americas/pipeline/15b_spatial_correlation.py
10302,grd_episodes,sin_rett,base2017,10.0,10.841716696644422,10.837434987116108,1.000395085140848,54835,18.23652776511352,age-sex indirect (national age x sex x year rates of the same source),6,5,8.745123910153065,33.537623857058044,0.9223631533459145,0.4423089839284064,1.696258679006961,0.9436848587039454,0.7253661595372265,1.0,0.2436156509750521,False,False,full,2019-2024,10,lancet_americas/pipeline/15b_spatial_correlation.py
10303,grd_episodes,sin_rett,base2017,20.0,25.31249907537823,25.30250243264083,1.000395085140848,126215,15.845977102563086,age-sex indirect (national age x sex x year rates of the same source),6,6,9.67913448116622,24.47282644905486,0.7901234856519654,0.4826279518677434,1.2202816407298196,0.8194091761709221,0.8604622789265847,1.0,0.2436156509750521,False,False,full,2019-2024,10,lancet_americas/pipeline/15b_spatial_correlation.py
10304,grd_episodes,sin_rett,base2017,19.0,13.75711654945443,13.751683463656295,1.000395085140848,70787,26.841086640202295,age-sex indirect (national age x sex x year rates of the same source),6,4,16.160087536365054,41.9156816528255,1.3811033679694666,0.8315144473222028,2.156763989381354,1.2935225698490171,0.7701914874510731,1.0,0.2436156509750521,False,False,full,2019-2024,10,lancet_americas/pipeline/15b_spatial_correlation.py
10305,grd_episodes,sin_rett,base2017,10.0,16.16632047109135,16.159935920532096,1.000395085140848,85208,11.735987231245891,age-sex indirect (national age x sex x year rates of the same source),6,4,5.627862050667113,21.58289836871864,0.6185699471863139,0.2966283332504486,1.1375721565648444,0.6958080144733034,0.7975039808289112,1.0,0.2436156509750521,False,False,full,2019-2024,10,lancet_americas/pipeline/15b_spatial_correlation.py
10306,grd_episodes,sin_rett,base2017,15.0,7.652176840601517,7.649154773210576,1.000395085140848,45361,33.068054055245696,age-sex indirect (national age x sex x year rates of the same source),6,3,18.50793883023591,54.54072633206027,1.9602265227865396,1.097123904434411,3.2330955474287095,1.624974144776682,0.6508611561395238,1.0,0.2436156509750521,False,False,full,2019-2024,10,lancet_americas/pipeline/15b_spatial_correlation.py
10307,grd_episodes,sin_rett,base2017,9.0,11.744365603626605,11.739727411768609,1.000395085140848,63284,14.221604196953416,age-sex indirect (national age x sex x year rates of the same source),6,4,6.503023034856099,26.997034718758563,0.7663249173050986,0.3504125498364532,1.4547233991202952,0.8268450800884327,0.7410072050242836,1.0,0.2436156509750521,False,False,full,2019-2024,10,lancet_americas/pipeline/15b_spatial_correlation.py
10401,grd_episodes,sin_rett,base2017,2.0,5.67886051317589,5.676617765846331,1.000395085140848,30243,6.613100552193896,age-sex indirect (national age x sex x year rates of the same source),6,2,0.8008771568427899,23.888793002426873,0.3521833289195379,0.0426510350064065,1.272207276611478,0.6239801541837395,0.5804417555187568,1.0,0.2436156509750521,True,False,full,2019-2024,10,lancet_americas/pipeline/15b_spatial_correlation.py
10402,grd_episodes,sin_rett,base2017,4.0,3.177675958671657,3.176421001932716,1.000395085140848,17074,23.427433524657378,age-sex indirect (national age x sex x year rates of the same source),6,4,6.38318714786415,59.983534469975964,1.2587815913338418,0.3429756173382493,3.2229808226528296,1.1129177829593269,0.436343954673565,1.0,0.2436156509750521,True,False,full,2019-2024,10,lancet_americas/pipeline/15b_spatial_correlation.py
10403,grd_episodes,sin_rett,base2017,10.0,12.256762095458974,12.25192154331038,1.000395085140848,57285,17.456576765296326,age-sex indirect (national age x sex x year rates of the same source),6,5,8.371107089347008,32.10326619886145,0.8158761606138145,0.3912443318051415,1.5004253079882532,0.8620695007130226,0.749118092186199,1.0,0.2436156509750521,False,False,full,2019-2024,10,lancet_americas/pipeline/15b_spatial_correlation.py
10404,grd_episodes,sin_rett,base2017,0.0,1.9409182843968935,1.9401517592658175,1.000395085140848,10947,0.0,age-sex indirect (national age x sex x year rates of the same source),6,0,0.0,33.697629068365174,0.0,0.0,1.9005846272709983,0.6789612649599273,0.3210387350400727,1.0,0.2436156509750521,True,True,full,2019-2024,10,lancet_americas/pipeline/15b_spatial_correlation.py
11101,grd_episodes,sin_rett,base2017,135.0,87.13071505168358,87.09630459591497,1.000395085140848,369164,36.56911291458539,age-sex indirect (national age x sex x year rates of the same source),6,6,30.660817858042066,43.283970940989114,1.5493962137223556,1.299067746320249,1.833897935874974,1.5246780376481852,0.955008470286506,1.0,0.2436156509750521,False,False,full,2019-2024,11,lancet_americas/pipeline/15b_spatial_correlation.py
11102,grd_episodes,sin_rett,base2017,0.0,0.952444786771102,0.9520686385989244,1.000395085140848,5504,0.0,age-sex indirect (national age x sex x year rates of the same source),6,0,0.0,67.02179240759331,0.0,0.0,3.8730638304186256,0.8116682461246347,0.1883317538753652,1.0,0.2436156509750521,True,True,full,2019-2024,11,lancet_americas/pipeline/15b_spatial_correlation.py
11201,grd_episodes,sin_rett,base2017,38.0,35.737591059309565,35.72347724427094,1.000395085140848,150503,25.248666139545392,age-sex indirect (national age x sex x year rates of the same source),6,5,17.86745888467084,34.65576694103081,1.0633061399391968,0.7524587093900131,1.4594707525949084,1.0567839271461426,0.8969734562979423,1.0,0.2436156509750521,False,False,full,2019-2024,11,lancet_americas/pipeline/15b_spatial_correlation.py
11202,grd_episodes,sin_rett,base2017,6.0,7.724932985053552,7.72188218414322,1.000395085140848,35068,17.10961560396943,age-sex indirect (national age x sex x year rates of the same source),6,4,6.27892737963628,37.24043008588651,0.7767057671061991,0.2850373275407238,1.690561464777309,0.8541869785920352,0.6530084522035716,1.0,0.2436156509750521,False,False,full,2019-2024,11,lancet_americas/pipeline/15b_spatial_correlation.py
11203,grd_episodes,sin_rett,base2017,0.0,2.145110435654226,2.144263269098539,1.000395085140848,9620,0.0,age-sex indirect (national age x sex x year rates of the same source),6,0,0.0,38.34594027145464,0.0,0.0,1.7196687838539575,0.656778871615308,0.343221128384692,1.0,0.2436156509750521,True,True,full,2019-2024,11,lancet_americas/pipeline/15b_spatial_correlation.py
11301,grd_episodes,sin_rett,base2017,5.0,4.938264281525008,4.936314017206251,1.000395085140848,22239,22.483025315886504,age-sex indirect (national age x sex x year rates of the same source),6,3,7.300177121805929,52.46788110671645,1.0125015015308023,0.3287564815419446,2.362840750134847,1.0068268382353185,0.5460814621745886,1.0,0.2436156509750521,False,False,full,2019-2024,11,lancet_americas/pipeline/15b_spatial_correlation.py
11302,grd_episodes,sin_rett,base2017,2.0,0.7713101813247083,0.7710055684810905,1.000395085140848,3998,50.02501250625313,age-sex indirect (national age x sex x year rates of the same source),6,1,6.058261094146197,180.70754546583188,2.5929905353577,0.314023183420159,9.36677337166186,1.2519801798479897,0.1581805881799596,1.0,0.2436156509750521,True,False,full,2019-2024,11,lancet_americas/pipeline/15b_spatial_correlation.py
11303,grd_episodes,sin_rett,base2017,0.0,0.7683371368464037,0.7680336981445963,1.000395085140848,3461,0.0,age-sex indirect (national age x sex x year rates of the same source),6,0,0.0,106.58420844015995,0.0,0.0,4.801120858552709,0.8423329932833883,0.1576670067166117,1.0,0.2436156509750521,True,True,full,2019-2024,11,lancet_americas/pipeline/15b_spatial_correlation.py
11401,grd_episodes,sin_rett,base2017,9.0,6.090723298906624,6.088317894973562,1.000395085140848,30823,29.198974791551763,age-sex indirect (national age x sex x year rates of the same source),6,5,13.35163059202003,55.428749477400544,1.4776570135135894,0.6756788800629154,2.8050532938323016,1.285347699238906,0.5973903683312878,1.0,0.2436156509750521,False,False,full,2019-2024,11,lancet_americas/pipeline/15b_spatial_correlation.py
11402,grd_episodes,sin_rett,base2017,0.0,2.677132818339939,2.6760755406580388,1.000395085140848,16225,0.0,age-sex indirect (national age x sex x year rates of the same source),6,0,0.0,22.73577475570993,0.0,0.0,1.3779217186547246,0.6052567318427478,0.3947432681572523,1.0,0.2436156509750521,True,True,full,2019-2024,11,lancet_americas/pipeline/15b_spatial_correlation.py
12101,grd_episodes,sin_rett,base2017,341.0,175.65972705663094,175.59035391692214,1.000395085140848,860088,39.64710587753811,age-sex indirect (national age x sex x year rates of the same source),6,6,35.550222960978836,44.08662238341535,1.9412531586711677,1.7406562493521842,2.1586265393821567,1.9197601506880817,0.9771655395946516,1.0,0.2436156509750521,False,False,full,2019-2024,12,lancet_americas/pipeline/15b_spatial_correlation.py
12102,grd_episodes,sin_rett,base2017,0.0,0.2466651144147036,0.2465676991805443,1.000395085140848,1546,0.0,age-sex indirect (national age x sex x year rates of the same source),6,0,0.0,238.60798538899977,0.0,0.0,14.955010816454728,0.9433148144122993,0.0566851855877007,1.0,0.2436156509750521,True,True,full,2019-2024,12,lancet_americas/pipeline/15b_spatial_correlation.py
12103,grd_episodes,sin_rett,base2017,0.0,0.0793322849165883,0.0793009542878941,1.000395085140848,1255,0.0,age-sex indirect (national age x sex x year rates of the same source),6,0,0.0,293.93461785768415,0.0,0.0,46.49909501525771,0.9810398487645552,0.0189601512354448,1.0,0.2436156509750521,True,True,full,2019-2024,12,lancet_americas/pipeline/15b_spatial_correlation.py
12104,grd_episodes,sin_rett,base2017,1.0,0.6620275928408138,0.661766138872629,1.000395085140848,4016,24.900398406374503,age-sex indirect (national age x sex x year rates of the same source),6,1,0.6304235055849072,138.73614021262196,1.510511058472532,0.038242828936554,8.416028955878602,1.070900513155583,0.138881444346613,1.0,0.2436156509750521,True,False,full,2019-2024,12,lancet_americas/pipeline/15b_spatial_correlation.py
12201,grd_episodes,sin_rett,base2017,3.0,3.1245567900159252,3.1233228115829976,1.000395085140848,11861,25.292976983390947,age-sex indirect (national age x sex x year rates of the same source),6,3,5.216019921554686,73.91681198669862,0.960136173420202,0.1980031615595785,2.8059253388374605,0.9827707587770264,0.4322023925245791,1.0,0.2436156509750521,True,False,full,2019-2024,12,lancet_americas/pipeline/15b_spatial_correlation.py
12202,grd_episodes,sin_rett,base2017,1.0,0.1059210272075189,0.1058791959104898,1.000395085140848,852,117.37089201877934,age-sex indirect (national age x sex x year rates of the same source),6,1,2.9715737070762764,653.948754805035,9.44099605492698,0.2390253252990795,52.60186327331412,1.2123325964164045,0.0251549218877393,1.0,0.2436156509750521,True,False,full,2019-2024,12,lancet_americas/pipeline/15b_spatial_correlation.py
12301,grd_episodes,sin_rett,base2017,10.0,9.346050257407748,9.342359230095475,1.000395085140848,44641,22.40093187876616,age-sex indirect (national age x sex x year rates of the same source),6,6,10.742117551426787,41.196111292349585,1.0699707068313618,0.5130925432731942,1.9677142253158169,1.0486176291986484,0.6948283274574177,1.0,0.2436156509750521,False,False,full,2019-2024,12,lancet_americas/pipeline/15b_spatial_correlation.py
12302,grd_episodes,sin_rett,base2017,0.0,0.6329445974559496,0.6326946292092548,1.000395085140848,4116,0.0,age-sex indirect (national age x sex x year rates of the same source),6,0,0.0,89.62292162570301,0.0,0.0,5.82812377092873,0.8664045658952091,0.1335954341047908,1.0,0.2436156509750521,True,True,full,2019-2024,12,lancet_americas/pipeline/15b_spatial_correlation.py
12303,grd_episodes,sin_rett,base2017,0.0,0.224370781465631,0.2242821709125463,1.000395085140848,1679,0.0,age-sex indirect (national age x sex x year rates of the same source),6,0,0.0,219.7069359210206,0.0,0.0,16.440997486470835,0.9481726605165348,0.0518273394834652,1.0,0.2436156509750521,True,True,full,2019-2024,12,lancet_americas/pipeline/15b_spatial_correlation.py
12401,grd_episodes,sin_rett,base2017,21.0,28.816403321149533,28.80502288462603,1.000395085140848,144572,14.52563428603049,age-sex indirect (national age x sex x year rates of the same source),6,6,8.991596563702645,22.20397499857743,0.7287515990792385,0.451108725790753,1.1139742311762872,0.7625725605009195,0.8753136928849178,1.0,0.2436156509750521,False,False,full,2019-2024,12,lancet_americas/pipeline/15b_spatial_correlation.py
12402,grd_episodes,sin_rett,base2017,0.0,0.6186119646584854,0.6183676567857085,1.000395085140848,6264,0.0,age-sex indirect (national age x sex x year rates of the same source),6,0,0.0,58.89015731344087,0.0,0.0,5.963155685406829,0.869033552887085,0.130966447112915,1.0,0.2436156509750521,True,True,full,2019-2024,12,lancet_americas/pipeline/15b_spatial_correlation.py
13101,grd_episodes,sin_rett,base2017,577.0,463.08175008635413,462.8988656228312,1.000395085140848,3114756,18.524725532272832,age-sex indirect (national age x sex x year rates of the same source),6,6,17.043846796270866,20.099828522227025,1.2460003010103566,1.146394217907872,1.3519440460977603,1.243838876377708,0.9912137317565411,1.0,0.2436156509750521,False,False,full,2019-2024,13,lancet_americas/pipeline/15b_spatial_correlation.py
13102,grd_episodes,sin_rett,base2017,91.0,116.84424198881624,116.79809679629273,1.000395085140848,536592,16.95888123565018,age-sex indirect (national age x sex x year rates of the same source),6,6,13.654233290252384,20.82174816556111,0.7788145864193298,0.6270529231884947,0.9562117312314092,0.7863212813945024,0.9660615279567936,1.0,0.2436156509750521,False,False,full,2019-2024,13,lancet_americas/pipeline/15b_spatial_correlation.py
13103,grd_episodes,sin_rett,base2017,89.0,178.08446472443748,178.01413398523903,1.000395085140848,847891,10.496632232209093,age-sex indirect (national age x sex x year rates of the same source),6,6,8.429657602492627,12.91700919030352,0.4997628520697519,0.4013506077183539,0.6150011937494251,0.5110334746600093,0.9774694409703676,1.0,0.2436156509750521,False,False,full,2019-2024,13,lancet_americas/pipeline/15b_spatial_correlation.py
13104,grd_episodes,sin_rett,base2017,111.0,164.70304654817585,164.6380005205513,1.000395085140848,828741,13.393810611517951,age-sex indirect (national age x sex x year rates of the same source),6,6,11.018319097303072,16.12960290253477,0.6739401749167545,0.5544118933068503,0.8115978131066099,0.6818688278440066,0.9756834411438826,1.0,0.2436156509750521,False,False,full,2019-2024,13,lancet_americas/pipeline/15b_spatial_correlation.py
13105,grd_episodes,sin_rett,base2017,284.0,222.18161525261613,222.09386926499613,1.000395085140848,1026868,27.656914033741437,age-sex indirect (national age x sex x year rates of the same source),6,6,24.533553439656515,31.067745320973913,1.2782335733633838,1.1338796382783327,1.4358736867578064,1.2731864279896523,0.9818600418608014,1.0,0.2436156509750521,False,False,full,2019-2024,13,lancet_americas/pipeline/15b_spatial_correlation.py
13106,grd_episodes,sin_rett,base2017,217.0,241.32538938169805,241.2300829603949,1.000395085140848,1267150,17.12504439095608,age-sex indirect (national age x sex x year rates of the same source),6,6,14.922181978829132,19.561514064994338,0.8992008696473158,0.7835330937585697,1.027134882532067,0.9008867376571884,0.9832749746552976,1.0,0.2436156509750521,False,False,full,2019-2024,13,lancet_americas/pipeline/15b_spatial_correlation.py
13107,grd_episodes,sin_rett,base2017,88.0,168.1023533109639,168.03596479814414,1.000395085140848,687917,12.792240924413846,age-sex indirect (national age x sex x year rates of the same source),6,6,10.25975128846893,15.76039860076932,0.5234905893150307,0.4198547603943243,0.6449550473686502,0.5348489339376735,0.9761634411242466,1.0,0.2436156509750521,False,False,full,2019-2024,13,lancet_americas/pipeline/15b_spatial_correlation.py
13108,grd_episodes,sin_rett,base2017,137.0,166.74461694844894,166.67876464524272,1.000395085140848,874999,15.65716075104086,age-sex indirect (national age x sex x year rates of the same source),6,6,13.145218958398646,18.50932454643644,0.8216157289344769,0.6898005857026169,0.9712841568861208,0.8259015871884529,0.9759740125719844,1.0,0.2436156509750521,False,False,full,2019-2024,13,lancet_americas/pipeline/15b_spatial_correlation.py
13109,grd_episodes,sin_rett,base2017,101.0,116.49742224255723,116.45141401924752,1.000395085140848,604441,16.709654043984443,age-sex indirect (national age x sex x year rates of the same source),6,6,13.610287653061082,20.303744402816903,0.8669719729052001,0.7061629108132025,1.0534495385684044,0.8714997241464698,0.9659639300066962,1.0,0.2436156509750521,False,False,full,2019-2024,13,lancet_americas/pipeline/15b_spatial_correlation.py
13110,grd_episodes,sin_rett,base2017,519.0,483.2809248518856,483.0900631462453,1.000395085140848,2424721,21.404524479311227,age-sex indirect (national age x sex x year rates of the same source),6,6,19.60239991975619,23.327778295109233,1.073909548900697,0.9834932084356132,1.1704031962948032,1.0732870730073727,0.9915778691308164,1.0,0.2436156509750521,False,False,full,2019-2024,13,lancet_americas/pipeline/15b_spatial_correlation.py
13111,grd_episodes,sin_rett,base2017,165.0,150.45669177122738,150.39727204381882,1.000395085140848,727779,22.671717650550512,age-sex indirect (national age x sex x year rates of the same source),6,6,19.34432252253223,26.40716214822488,1.0966610926876288,0.9357105712873496,1.2773495040217429,1.0940939787839212,0.9734421178953214,1.0,0.2436156509750521,False,False,full,2019-2024,13,lancet_americas/pipeline/15b_spatial_correlation.py
13112,grd_episodes,sin_rett,base2017,203.0,276.36400749301305,276.2548633014357,1.000395085140848,1134989,17.88563589603071,age-sex indirect (national age x sex x year rates of the same source),6,6,15.509726175559612,20.522549176782817,0.7345384872707499,0.636963140097658,0.8428328919856337,0.7384236728659175,0.9853644110017176,1.0,0.2436156509750521,False,False,full,2019-2024,13,lancet_americas/pipeline/15b_spatial_correlation.py
13113,grd_episodes,sin_rett,base2017,42.0,118.5500457822584,118.50322691816052,1.000395085140848,598773,7.014344334163364,age-sex indirect (national age x sex x year rates of the same source),6,6,5.055322423101525,9.481355835765916,0.3542807573195008,0.2553344077831451,0.4788846634674756,0.3758907061213183,0.9665335220426284,1.0,0.2436156509750521,False,False,full,2019-2024,13,lancet_americas/pipeline/15b_spatial_correlation.py
13114,grd_episodes,sin_rett,base2017,55.0,354.7200858719824,354.57999658409017,1.000395085140848,2012720,2.732620533407528,age-sex indirect (national age x sex x year rates of the same source),6,6,2.0585837558844986,3.556881234148782,0.1550518343634179,0.1168062611103216,0.2018212749356292,0.1647177342790435,0.9885603634533684,1.0,0.2436156509750521,False,False,full,2019-2024,13,lancet_americas/pipeline/15b_spatial_correlation.py
13115,grd_episodes,sin_rett,base2017,30.0,198.19525783482584,198.1169847579984,1.000395085140848,759414,3.9504143984704,age-sex indirect (national age x sex x year rates of the same source),6,6,2.665328005728221,5.639462189900063,0.151365881947598,0.10212592492142,0.2160842083845376,0.1685853304540598,0.9797092196269694,1.0,0.2436156509750521,False,False,full,2019-2024,13,lancet_americas/pipeline/15b_spatial_correlation.py
13116,grd_episodes,sin_rett,base2017,170.0,129.4661949383594,129.41506496918822,1.000395085140848,615728,27.60959384663358,age-sex indirect (national age x sex x year rates of the same source),6,6,23.61515489954248,32.08616042745707,1.3130840840803215,1.1231126475068205,1.5259850184894637,1.303462566956222,0.9692685843409682,1.0,0.2436156509750521,False,False,full,2019-2024,13,lancet_americas/pipeline/15b_spatial_correlation.py
13117,grd_episodes,sin_rett,base2017,64.0,120.9857738862813,120.93799308225054,1.000395085140848,620652,10.311736689803626,age-sex indirect (national age x sex x year rates of the same source),6,6,7.94129375982603,13.16785754478919,0.5289878135602605,0.4073850748151824,0.6755056283369532,0.5444439976082022,0.967185171651776,1.0,0.2436156509750521,False,False,full,2019-2024,13,lancet_americas/pipeline/15b_spatial_correlation.py
13118,grd_episodes,sin_rett,base2017,98.0,150.45224612530538,150.39282815361182,1.000395085140848,814555,12.031109010441284,age-sex indirect (national age x sex x year rates of the same source),6,6,9.767435848327938,14.6620682818392,0.6513694712033737,0.5288132222903771,0.7938107497156708,0.6606286260058947,0.9734413539901944,1.0,0.2436156509750521,False,False,full,2019-2024,13,lancet_americas/pipeline/15b_spatial_correlation.py
13119,grd_episodes,sin_rett,base2017,481.0,746.1424283346655,745.8477549693424,1.000395085140848,3488155,13.789524834762217,age-sex indirect (national age x sex x year rates of the same source),6,6,12.584575018698857,15.078722371060518,0.6446490398268281,0.5883186186359116,0.7049179732295753,0.6465932709557316,0.9945287016307596,1.0,0.2436156509750521,False,False,full,2019-2024,13,lancet_americas/pipeline/15b_spatial_correlation.py
13120,grd_episodes,sin_rett,base2017,144.0,254.96459725395368,254.86390431242137,1.000395085140848,1536705,9.370698995578202,age-sex indirect (national age x sex x year rates of the same source),6,6,7.902715303058522,11.032274440933104,0.5647842937840148,0.4763069951900245,0.6649296207138898,0.5716800708829841,0.9841554957680064,1.0,0.2436156509750521,False,False,full,2019-2024,13,lancet_americas/pipeline/15b_spatial_correlation.py
13121,grd_episodes,sin_rett,base2017,151.0,122.82130539613732,122.7727996872806,1.000395085140848,638858,23.635925354304085,age-sex indirect (national age x sex x year rates of the same source),6,6,20.016378547501464,27.720844570511822,1.2294283920283824,1.0411567866711384,1.4419064561729535,1.2220086137079926,0.967659720513266,1.0,0.2436156509750521,False,False,full,2019-2024,13,lancet_americas/pipeline/15b_spatial_correlation.py
13122,grd_episodes,sin_rett,base2017,221.0,357.599153962212,357.45792764652055,1.000395085140848,1613836,13.694080439400286,age-sex indirect (national age x sex x year rates of the same source),6,6,11.948019616852896,15.623528069460477,0.6180104106827764,0.5392111243199693,0.7050858976073024,0.6223454501204163,0.988651419936893,1.0,0.2436156509750521,False,False,full,2019-2024,13,lancet_americas/pipeline/15b_spatial_correlation.py
13123,grd_episodes,sin_rett,base2017,87.0,138.40482128482208,138.35016119190126,1.000395085140848,960652,9.056349229481643,age-sex indirect (national age x sex x year rates of the same source),6,6,7.253764478273059,11.170973316302245,0.6285908192530624,0.5034754778695084,0.7753644532489437,0.6392888337445549,0.971196149567499,1.0,0.2436156509750521,False,False,full,2019-2024,13,lancet_americas/pipeline/15b_spatial_correlation.py
13124,grd_episodes,sin_rett,base2017,193.0,349.12399176333736,348.9861125359122,1.000395085140848,1538353,12.545885112194666,age-sex indirect (national age x sex x year rates of the same source),6,6,10.83824549840172,14.44620365298844,0.5528121943874599,0.4775680809843923,0.6365463632545312,0.5580089062536663,0.9883791288559663,1.0,0.2436156509750521,False,False,full,2019-2024,13,lancet_americas/pipeline/15b_spatial_correlation.py
13125,grd_episodes,sin_rett,base2017,195.0,392.6750291268868,392.51995032702627,1.000395085140848,1573746,12.390817832102512,age-sex indirect (national age x sex x year rates of the same source),6,6,10.712637063448906,14.257321717180533,0.4965938385070796,0.4293364354117549,0.5713987740197174,0.5018017515694086,0.9896546497426963,1.0,0.2436156509750521,False,False,full,2019-2024,13,lancet_americas/pipeline/15b_spatial_correlation.py
13126,grd_episodes,sin_rett,base2017,91.0,160.89403294791012,160.83049121063755,1.000395085140848,828398,10.985057906948107,age-sex indirect (national age x sex x year rates of the same source),6,6,8.84448338803704,13.487216883255112,0.5655896513543265,0.4553775062655781,0.6944187604068566,0.5763968723972307,0.9751220911826872,1.0,0.2436156509750521,False,False,full,2019-2024,13,lancet_americas/pipeline/15b_spatial_correlation.py
13127,grd_episodes,sin_rett,base2017,151.0,227.47979993749743,227.38996154251404,1.000395085140848,1153882,13.0862601201856,age-sex indirect (national age x sex x year rates of the same source),6,6,11.08226280165536,15.34791540263913,0.6637952030971053,0.5621432570985745,0.7785167441458086,0.6697544172650794,0.9822750471650904,1.0,0.2436156509750521,False,False,full,2019-2024,13,lancet_americas/pipeline/15b_spatial_correlation.py
13128,grd_episodes,sin_rett,base2017,124.0,224.29877628494165,224.21019416879895,1.000395085140848,969996,12.783557870341731,age-sex indirect (national age x sex x year rates of the same source),6,6,10.63270204321127,15.241744717441422,0.5528340459712296,0.4598187570138415,0.6591400833216167,0.56087042837404,0.9820281881247754,1.0,0.2436156509750521,False,False,full,2019-2024,13,lancet_americas/pipeline/15b_spatial_correlation.py
13129,grd_episodes,sin_rett,base2017,136.0,117.17409291132114,117.12781745106628,1.000395085140848,619625,21.948759330240065,age-sex indirect (national age x sex x year rates of the same source),6,6,18.415083847740636,25.96292510643335,1.160666121844242,0.9738028301010072,1.3729380846369192,1.1552281894271046,0.9661538328384548,1.0,0.2436156509750521,False,False,full,2019-2024,13,lancet_americas/pipeline/15b_spatial_correlation.py
13130,grd_episodes,sin_rett,base2017,112.0,152.26341692467875,152.20328366891292,1.000395085140848,823684,13.597447564842827,age-sex indirect (national age x sex x year rates of the same source),6,6,11.19609626174096,16.361262728441417,0.7355673625491004,0.6056638908752308,0.8850786749308314,0.7425089901782536,0.973748975557368,1.0,0.2436156509750521,False,False,full,2019-2024,13,lancet_americas/pipeline/15b_spatial_correlation.py
13131,grd_episodes,sin_rett,base2017,119.0,104.92823476255109,104.88679554815886,1.000395085140848,512512,23.21896853146853,age-sex indirect (national age x sex x year rates of the same source),6,6,19.23499023968849,27.78495759517582,1.134108472036081,0.9395148350710278,1.357129872549905,1.1290596179165835,0.9623524595959964,1.0,0.2436156509750521,False,False,full,2019-2024,13,lancet_americas/pipeline/15b_spatial_correlation.py
13132,grd_episodes,sin_rett,base2017,14.0,113.61715217779611,113.57228145698028,1.000395085140848,580577,2.4113941819948086,age-sex indirect (national age x sex x year rates of the same source),6,6,1.3183316384046553,4.045909693604049,0.1232208318167649,0.06736597537952,0.206743618120945,0.1537930875188711,0.9651311791936678,1.0,0.2436156509750521,False,False,full,2019-2024,13,lancet_americas/pipeline/15b_spatial_correlation.py
13201,grd_episodes,sin_rett,base2017,1318.0,918.5114686074788,918.1487216904504,1.000395085140848,3923320,33.593996920975094,age-sex indirect (national age x sex x year rates of the same source),6,6,31.804613849561463,35.45783715634027,1.4349303683689123,1.358498852468716,1.5145422395554422,1.432995312867658,0.9955508843668212,1.0,0.2436156509750521,False,False,full,2019-2024,13,lancet_americas/pipeline/15b_spatial_correlation.py
13202,grd_episodes,sin_rett,base2017,33.0,41.98424382993045,41.96766302987124,1.000395085140848,188403,17.515644655339884,age-sex indirect (national age x sex x year rates of the same source),6,5,12.056963834296605,24.59847734333811,0.7860091546170564,0.5410525354403523,1.103849088169848,0.8050678013341812,0.9109370932059327,1.0,0.2436156509750521,False,False,full,2019-2024,13,lancet_americas/pipeline/15b_spatial_correlation.py
13203,grd_episodes,sin_rett,base2017,27.0,24.02766802936324,24.01817880380763,1.000395085140848,113816,23.722499472833345,age-sex indirect (national age x sex x year rates of the same source),6,6,15.633276632252738,34.514991253569,1.1237045545578703,0.7405283821143385,1.634931130110305,1.1056547601505171,0.8540894919199667,1.0,0.2436156509750521,False,False,full,2019-2024,13,lancet_americas/pipeline/15b_spatial_correlation.py
13301,grd_episodes,sin_rett,base2017,99.0,304.3538888105834,304.233690600082,1.000395085140848,1119792,8.840927600840155,age-sex indirect (national age x sex x year rates of the same source),6,6,7.185469699211585,10.763512130213062,0.3252792346005255,0.2643709110096885,0.3960157966904357,0.3342581079319215,0.9866924603601313,1.0,0.2436156509750521,False,False,full,2019-2024,13,lancet_americas/pipeline/15b_spatial_correlation.py
13302,grd_episodes,sin_rett,base2017,143.0,217.5132405130161,217.42733820247815,1.000395085140848,797621,17.928314324723146,age-sex indirect (national age x sex x year rates of the same source),6,6,15.110343775070454,21.119295567761732,0.6574312426348263,0.5540962694404001,0.774444517047488,0.6637763270403843,0.9814779244483344,1.0,0.2436156509750521,False,False,full,2019-2024,13,lancet_americas/pipeline/15b_spatial_correlation.py
13303,grd_episodes,sin_rett,base2017,16.0,29.67594591818003,29.664226023263492,1.000395085140848,131103,12.204144832688804,age-sex indirect (national age x sex x year rates of the same source),6,3,6.975723250910749,19.81876661675244,0.5391572030800239,0.3081749265501555,0.8755575195209966,0.5951559154556452,0.8784863021622853,1.0,0.2436156509750521,False,False,full,2019-2024,13,lancet_americas/pipeline/15b_spatial_correlation.py
13401,grd_episodes,sin_rett,base2017,484.0,493.0552601807545,492.8605383055597,1.000395085140848,2039634,23.729747591969932,age-sex indirect (national age x sex x year rates of the same source),6,6,21.66249521656048,25.9410725933063,0.9816343908846348,0.8961178459456326,1.0731108240966487,0.9817860274349232,0.9917434510700968,1.0,0.2436156509750521,False,False,full,2019-2024,13,lancet_americas/pipeline/15b_spatial_correlation.py
13402,grd_episodes,sin_rett,base2017,146.0,160.3852494021598,160.32190859832025,1.000395085140848,676603,21.578384961343655,age-sex indirect (national age x sex x year rates of the same source),6,6,18.22022109137355,25.376154875211277,0.910308152054,0.7686402768982198,1.0705212967546978,0.9125463994343702,0.975045141430046,1.0,0.2436156509750521,False,False,full,2019-2024,13,lancet_americas/pipeline/15b_spatial_correlation.py
13403,grd_episodes,sin_rett,base2017,20.0,39.542738508612025,39.52712193007697,1.000395085140848,175090,11.422696898737792,age-sex indirect (national age x sex x year rates of the same source),6,5,6.977280019078156,17.6414289237961,0.5057818642389725,0.3089447025208763,0.781139067946632,0.5522605105718337,0.9059551987883032,1.0,0.2436156509750521,False,False,full,2019-2024,13,lancet_americas/pipeline/15b_spatial_correlation.py
13404,grd_episodes,sin_rett,base2017,103.0,118.42868121501314,118.3819102813158,1.000395085140848,508991,20.236114194553537,age-sex indirect (national age x sex x year rates of the same source),6,6,16.517372280613678,24.5421737215454,0.8697217510427089,0.7098950818525253,1.0547905639533155,0.8740860235509834,0.9665003748269196,1.0,0.2436156509750521,False,False,full,2019-2024,13,lancet_americas/pipeline/15b_spatial_correlation.py
13501,grd_episodes,sin_rett,base2017,143.0,192.9271226352302,192.8509300983497,1.000395085140848,865941,16.513827154505908,age-sex indirect (national age x sex x year rates of the same source),6,6,13.918185548686886,19.453050092389297,0.7412125265060421,0.6247088199725531,0.8731376604783095,0.7466039247264662,0.9791666955605176,1.0,0.2436156509750521,False,False,full,2019-2024,13,lancet_americas/pipeline/15b_spatial_correlation.py
13502,grd_episodes,sin_rett,base2017,5.0,9.441671061720232,9.437942270968792,1.000395085140848,45416,11.009335916857497,age-sex indirect (national age x sex x year rates of the same source),6,2,3.5747014050520094,25.692117490141516,0.529567273347587,0.1719490521863857,1.2358333607522174,0.6721166475333928,0.6969824459276388,1.0,0.2436156509750521,False,False,full,2019-2024,13,lancet_americas/pipeline/15b_spatial_correlation.py
13503,grd_episodes,sin_rett,base2017,28.0,48.50437033393358,48.485214546115586,1.000395085140848,222919,12.560616187942706,age-sex indirect (national age x sex x year rates of the same source),6,5,8.346438238040514,18.15358760054917,0.5772675700608207,0.3835901080204508,0.8343123653531276,0.6102512196382662,0.9219751141822948,1.0,0.2436156509750521,False,False,full,2019-2024,13,lancet_americas/pipeline/15b_spatial_correlation.py
13504,grd_episodes,sin_rett,base2017,9.0,19.64525240327253,19.637493921220766,1.000395085140848,91261,9.86182487590537,age-sex indirect (national age x sex x year rates of the same source),6,4,4.509454309484154,18.72081551968439,0.4581259540600644,0.2094843585055079,0.8696657645677875,0.5517803368268898,0.8271657713290691,1.0,0.2436156509750521,False,False,full,2019-2024,13,lancet_americas/pipeline/15b_spatial_correlation.py
13505,grd_episodes,sin_rett,base2017,5.0,15.281257172962627,15.275222159664194,1.000395085140848,73021,6.8473452842333025,age-sex indirect (national age x sex x year rates of the same source),6,3,2.223314375478863,15.979419727643652,0.3271982104225416,0.1062403682984199,0.7635714749940624,0.4696578585583222,0.788259112352763,1.0,0.2436156509750521,False,False,full,2019-2024,13,lancet_americas/pipeline/15b_spatial_correlation.py
13601,grd_episodes,sin_rett,base2017,84.0,114.93726446135116,114.89187238976578,1.000395085140848,499225,16.82608042465822,age-sex indirect (national age x sex x year rates of the same source),6,6,13.421140716067104,20.83183249434377,0.7308334715782788,0.5829413989778398,0.9048215672895016,0.7401149107000087,0.965517855521813,1.0,0.2436156509750521,False,False,full,2019-2024,13,lancet_americas/pipeline/15b_spatial_correlation.py
13602,grd_episodes,sin_rett,base2017,41.0,57.933408934810245,57.91052934516733,1.000395085140848,245053,16.731074502250532,age-sex indirect (national age x sex x year rates of the same source),6,6,12.006507926226275,22.69759177228392,0.707709087965726,0.507864260181251,0.9600872896729205,0.727048830553456,0.9338339243833134,1.0,0.2436156509750521,False,False,full,2019-2024,13,lancet_americas/pipeline/15b_spatial_correlation.py
13603,grd_episodes,sin_rett,base2017,27.0,57.23070194571889,57.20809987552193,1.000395085140848,246030,10.974271430313376,age-sex indirect (national age x sex x year rates of the same source),6,6,7.232114023397462,15.96698875956676,0.4717747482043546,0.3109025318026137,0.686407489504865,0.5071257610198594,0.933075874931513,1.0,0.2436156509750521,False,False,full,2019-2024,13,lancet_americas/pipeline/15b_spatial_correlation.py
13604,grd_episodes,sin_rett,base2017,36.0,110.4322071793379,110.3885942860164,1.000395085140848,462018,7.791904211524226,age-sex indirect (national age x sex x year rates of the same source),6,5,5.457353916365862,10.78727982226584,0.3259918543648893,0.2283206870652207,0.4513101364378164,0.3501472429065806,0.9641615777225808,1.0,0.2436156509750521,False,False,full,2019-2024,13,lancet_americas/pipeline/15b_spatial_correlation.py
13605,grd_episodes,sin_rett,base2017,61.0,145.57733416920894,145.5198414421566,1.000395085140848,619311,9.849655504261994,age-sex indirect (national age x sex x year rates of the same source),6,6,7.534206006510869,12.652294552306689,0.4190212738000674,0.320518072591905,0.5382503558126659,0.4349538131695798,0.9725763807674612,1.0,0.2436156509750521,False,False,full,2019-2024,13,lancet_americas/pipeline/15b_spatial_correlation.py
14101,grd_episodes,sin_rett,base2017,258.0,220.63200293069343,220.5448689300889,1.000395085140848,1072614,24.053387332255593,age-sex indirect (national age x sex x year rates of the same source),6,6,21.207620168693623,27.174626465615116,1.169367981856399,1.0310195256111048,1.3211086517192814,1.1662744693438731,0.9817349626616664,1.0,0.2436156509750521,False,False,full,2019-2024,14,lancet_americas/pipeline/15b_spatial_correlation.py
14102,grd_episodes,sin_rett,base2017,9.0,6.103813869505048,6.101403295724587,1.000395085140848,32631,27.581134503999262,age-sex indirect (national age x sex x year rates of the same source),6,5,12.611850992547987,52.35758466310922,1.4744879500609347,0.6742297824543665,2.7990374242530036,1.2836994939877022,0.5979066358824683,1.0,0.2436156509750521,False,False,full,2019-2024,14,lancet_americas/pipeline/15b_spatial_correlation.py
14103,grd_episodes,sin_rett,base2017,10.0,23.9914246894893,23.981949777483656,1.000395085140848,106806,9.362769881841844,age-sex indirect (national age x sex x year rates of the same source),6,4,4.489812085587357,17.218467166655223,0.4168155967986771,0.199879280126007,0.7665387228993799,0.5020180965027687,0.8539012716451565,1.0,0.2436156509750521,False,False,full,2019-2024,14,lancet_americas/pipeline/15b_spatial_correlation.py
14104,grd_episodes,sin_rett,base2017,17.0,26.231624032242756,26.221264400303955,1.000395085140848,123103,13.809574096488308,age-sex indirect (national age x sex x year rates of the same source),6,5,8.044585809937441,22.11046588296517,0.6480727224171995,0.3775262430353074,1.037627208382167,0.6956920191645398,0.8646899522128215,1.0,0.2436156509750521,False,False,full,2019-2024,14,lancet_americas/pipeline/15b_spatial_correlation.py
14105,grd_episodes,sin_rett,base2017,13.0,9.37286515013947,9.36916353284547,1.000395085140848,44301,29.34471005169183,age-sex indirect (national age x sex x year rates of the same source),6,5,15.624822218468664,50.180347888668145,1.3869825066038166,0.738509770504999,2.3717823271817884,1.269121368989001,0.6954354897094123,1.0,0.2436156509750521,False,False,full,2019-2024,14,lancet_americas/pipeline/15b_spatial_correlation.py
14106,grd_episodes,sin_rett,base2017,16.0,33.35301062271876,33.33983854791022,1.000395085140848,141208,11.330802787377486,age-sex indirect (national age x sex x year rates of the same source),6,5,6.476532812334655,18.400513850179134,0.4797168142027163,0.2741996084578957,0.7790300519336733,0.5367321789639135,0.8904147465887704,1.0,0.2436156509750521,False,False,full,2019-2024,14,lancet_americas/pipeline/15b_spatial_correlation.py
14107,grd_episodes,sin_rett,base2017,13.0,26.27994861203739,26.26956989531529,1.000395085140848,125112,10.390689941812136,age-sex indirect (national age x sex x year rates of the same source),6,6,5.5326047789211295,17.76839625148577,0.4946737222326766,0.2633929233725076,0.8459071304262885,0.5629406988507702,0.864905152133159,1.0,0.2436156509750521,False,False,full,2019-2024,14,lancet_americas/pipeline/15b_spatial_correlation.py
14108,grd_episodes,sin_rett,base2017,17.0,46.43843626079153,46.42009637047883,1.000395085140848,216461,7.853608733212911,age-sex indirect (national age x sex x year rates of the same source),6,4,4.575016501636456,12.574388372920115,0.3660760647608903,0.2132527980484261,0.5861232420284489,0.4175596389146939,0.9187858806208596,1.0,0.2436156509750521,False,False,full,2019-2024,14,lancet_americas/pipeline/15b_spatial_correlation.py
14201,grd_episodes,sin_rett,base2017,19.0,49.43271090541892,49.41318848888505,1.000395085140848,237582,7.99723884806088,age-sex indirect (national age x sex x year rates of the same source),6,6,4.814860201684779,12.48867909672685,0.3843608746514684,0.2314103546992147,0.6002271173910675,0.4315631175160244,0.9233280652235456,1.0,0.2436156509750521,False,False,full,2019-2024,14,lancet_americas/pipeline/15b_spatial_correlation.py
14202,grd_episodes,sin_rett,base2017,11.0,20.23023741656295,20.222247906900392,1.000395085140848,91399,12.035142616440003,age-sex indirect (national age x sex x year rates of the same source),6,6,6.007899831767129,21.53419458998671,0.5437405292630947,0.271433313122717,0.9729020034726744,0.6207021515549109,0.8313204936491173,1.0,0.2436156509750521,False,False,full,2019-2024,14,lancet_americas/pipeline/15b_spatial_correlation.py
14203,grd_episodes,sin_rett,base2017,8.0,12.580674819655664,12.57570634494311,1.000395085140848,61706,12.964703594464073,age-sex indirect (national age x sex x year rates of the same source),6,5,5.59723880457087,25.545634492907197,0.635895936798322,0.2745347309472095,1.2529684970130048,0.7254697530933172,0.7539884188400832,1.0,0.2436156509750521,False,False,full,2019-2024,14,lancet_americas/pipeline/15b_spatial_correlation.py
14204,grd_episodes,sin_rett,base2017,12.0,38.89953371935219,38.88417116111225,1.000395085140848,197693,6.070017653634676,age-sex indirect (national age x sex x year rates of the same source),6,4,3.1364666977193005,10.60309927421656,0.3084869882136942,0.159399728373543,0.5388646866414425,0.3744928762889976,0.9045485956875952,1.0,0.2436156509750521,False,False,full,2019-2024,14,lancet_americas/pipeline/15b_spatial_correlation.py
15101,grd_episodes,sin_rett,base2017,594.0,351.37024470526273,351.23147836716186,1.000395085140848,1506340,39.43332846502118,age-sex indirect (national age x sex x year rates of the same source),6,6,36.325505760906,42.735946156236935,1.6905244793800356,1.5572907260198512,1.8321091812138224,1.6825506903082492,0.9884525613357756,1.0,0.2436156509750521,False,False,full,2019-2024,15,lancet_americas/pipeline/15b_spatial_correlation.py
15102,grd_episodes,sin_rett,base2017,0.0,1.1930778272517994,1.192606646087054,1.000395085140848,7432,0.0,age-sex indirect (national age x sex x year rates of the same source),6,0,0.0,49.6350841511563,0.0,0.0,3.09190177694535,0.7748019339328829,0.2251980660671171,1.0,0.2436156509750521,True,True,full,2019-2024,15,lancet_americas/pipeline/15b_spatial_correlation.py
15201,grd_episodes,sin_rett,base2017,0.0,3.1054948224642707,3.1042683721572275,1.000395085140848,15220,0.0,age-sex indirect (national age x sex x year rates of the same source),6,0,0.0,24.237052917962785,0.0,0.0,1.1878556123905362,0.5692986972274492,0.4307013027725507,1.0,0.2436156509750521,True,True,full,2019-2024,15,lancet_americas/pipeline/15b_spatial_correlation.py
15202,grd_episodes,sin_rett,base2017,0.0,0.769623441422173,0.7693194947212441,1.000395085140848,4837,0.0,age-sex indirect (national age x sex x year rates of the same source),6,0,0.0,76.26378859032326,0.0,0.0,4.7930965399096,0.8421107124561572,0.1578892875438428,1.0,0.2436156509750521,True,True,full,2019-2024,15,lancet_americas/pipeline/15b_spatial_correlation.py
16101,grd_episodes,sin_rett,base2017,674.0,255.8484102807443,255.74736829571972,1.000395085140848,1204065,55.97704442866456,age-sex indirect (national age x sex x year rates of the same source),6,6,51.830262408921406,60.36732179591958,2.634372436633141,2.439218005651014,2.84098616201855,2.6085646586484708,0.9842093653770648,1.0,0.2436156509750521,False,False,full,2019-2024,16,lancet_americas/pipeline/15b_spatial_correlation.py
16102,grd_episodes,sin_rett,base2017,39.0,27.663834807888275,27.65290955422219,1.000395085140848,135981,28.68047741963951,age-sex indirect (national age x sex x year rates of the same source),6,6,20.394623138112298,39.207156783545386,1.409782854431998,1.0024934244303878,1.9272195715479916,1.3568348396194445,0.8707900678618059,1.0,0.2436156509750521,False,False,full,2019-2024,16,lancet_americas/pipeline/15b_spatial_correlation.py
16103,grd_episodes,sin_rett,base2017,33.0,49.762444668740955,49.74279203074532,1.000395085140848,206940,15.94665120324732,age-sex indirect (national age x sex x year rates of the same source),6,6,10.97694093588955,22.39502719105504,0.6631506996827561,0.4564824281432266,0.9313101391556264,0.6888194950398558,0.9237973914954702,1.0,0.2436156509750521,False,False,full,2019-2024,16,lancet_americas/pipeline/15b_spatial_correlation.py
16104,grd_episodes,sin_rett,base2017,18.0,14.37526580775872,14.369588596824018,1.000395085140848,73692,24.42598925256473,age-sex indirect (national age x sex x year rates of the same source),6,6,14.476389269390888,38.60359369745425,1.2521507595556889,0.7421038972817988,1.978938034813517,1.1961426445129946,0.7778784599285554,1.0,0.2436156509750521,False,False,full,2019-2024,16,lancet_americas/pipeline/15b_spatial_correlation.py
16105,grd_episodes,sin_rett,base2017,10.0,10.78246399002101,10.778205681111402,1.000395085140848,51709,19.33899321201338,age-sex indirect (national age x sex x year rates of the same source),6,5,9.273798944347083,35.565097066309114,0.92743180123345,0.4447395976068629,1.7055801029373012,0.9474408062221256,0.7242730930521807,1.0,0.2436156509750521,False,False,full,2019-2024,16,lancet_americas/pipeline/15b_spatial_correlation.py
16106,grd_episodes,sin_rett,base2017,12.0,13.762037364652048,13.756602335480746,1.000395085140848,71954,16.677321622147485,age-sex indirect (national age x sex x year rates of the same source),6,5,8.617415444203543,29.131924629870394,0.8719639165362345,0.450556479714876,1.5231454829513118,0.9013795946575582,0.7702547803280126,1.0,0.2436156509750521,False,False,full,2019-2024,16,lancet_americas/pipeline/15b_spatial_correlation.py
16107,grd_episodes,sin_rett,base2017,25.0,21.36462780011772,21.356190286670337,1.000395085140848,113849,21.95891048669729,age-sex indirect (national age x sex x year rates of the same source),6,5,14.210649059569542,32.415683666549874,1.1701584616354632,0.7572648584938223,1.727384724077759,1.1427345927906527,0.838833352269241,1.0,0.2436156509750521,False,False,full,2019-2024,16,lancet_americas/pipeline/15b_spatial_correlation.py
16108,grd_episodes,sin_rett,base2017,17.0,19.21309691856878,19.20550910729807,1.000395085140848,99690,17.052863878021867,age-sex indirect (national age x sex x year rates of the same source),6,4,9.933921626649903,27.30328700562405,0.8848131080612048,0.5154362418292007,1.41667149920015,0.9050903088141126,0.8239626018932603,1.0,0.2436156509750521,False,False,full,2019-2024,16,lancet_americas/pipeline/15b_spatial_correlation.py
16109,grd_episodes,sin_rett,base2017,32.0,22.514571724182687,22.505680064404565,1.000395085140848,112114,28.542376509624138,age-sex indirect (national age x sex x year rates of the same source),6,6,19.52296440345056,40.293319370837246,1.4213017414685754,0.972169339014115,2.006453981574032,1.3563351870912823,0.8457956661872981,1.0,0.2436156509750521,False,False,full,2019-2024,16,lancet_americas/pipeline/15b_spatial_correlation.py
16201,grd_episodes,sin_rett,base2017,14.0,13.997704844668126,13.992176743548631,1.000395085140848,73262,19.10949742021785,age-sex indirect (national age x sex x year rates of the same source),6,5,10.44734006210668,32.062489587829404,1.0001639665471835,0.5467989474871702,1.6781051881361124,1.000126786429905,0.7732457143409769,1.0,0.2436156509750521,False,False,full,2019-2024,16,lancet_americas/pipeline/15b_spatial_correlation.py
16202,grd_episodes,sin_rett,base2017,9.0,4.705557115794479,4.7036987543096265,1.000395085140848,31535,28.539717773902012,age-sex indirect (national age x sex x year rates of the same source),6,4,13.050176303720736,54.17727430289891,1.912632187545014,0.8745772277558469,3.6307716665627168,1.4874297228516555,0.5340921890590387,1.0,0.2436156509750521,False,False,full,2019-2024,16,lancet_americas/pipeline/15b_spatial_correlation.py
16203,grd_episodes,sin_rett,base2017,24.0,20.519603358268032,20.511499569571587,1.000395085140848,101195,23.716586787884776,age-sex indirect (national age x sex x year rates of the same source),6,6,15.195664661975853,35.28840119942014,1.1696132513365372,0.749393279499745,1.7402918063406143,1.1413391761809035,0.8333026757471097,1.0,0.2436156509750521,False,False,full,2019-2024,16,lancet_americas/pipeline/15b_spatial_correlation.py
16204,grd_episodes,sin_rett,base2017,9.0,5.532587935596692,5.530402955566047,1.000395085140848,32345,27.82501159375483,age-sex indirect (national age x sex x year rates of the same source),6,3,12.72336712746432,52.82053934586233,1.6267251609493572,0.7438423293554915,3.0880310715886643,1.3597865441965475,0.5740738789735939,1.0,0.2436156509750521,False,False,full,2019-2024,16,lancet_americas/pipeline/15b_spatial_correlation.py
16205,grd_episodes,sin_rett,base2017,6.0,5.282682519482333,5.280596234375314,1.000395085140848,29490,20.34587995930824,age-sex indirect (national age x sex x year rates of the same source),6,3,7.466579360769246,44.28441513231157,1.1357865966527854,0.4168136633936164,2.472129259018659,1.076411907859275,0.56273527537232,1.0,0.2436156509750521,False,False,full,2019-2024,16,lancet_americas/pipeline/15b_spatial_correlation.py
16206,grd_episodes,sin_rett,base2017,7.0,6.6985949714203095,6.69594950126849,1.000395085140848,37641,18.59674291331261,age-sex indirect (national age x sex x year rates of the same source),6,3,7.476855161977275,38.31639797482101,1.044995260926454,0.4201422930521106,2.1530896289799597,1.027899034308661,0.6200438387114253,1.0,0.2436156509750521,False,False,full,2019-2024,16,lancet_americas/pipeline/15b_spatial_correlation.py
16207,grd_episodes,sin_rett,base2017,10.0,6.48104403740434,6.478484484449321,1.000395085140848,34335,29.1247997670016,age-sex indirect (national age x sex x year rates of the same source),6,5,13.96647355798,53.56154373676359,1.542961279430683,0.7399099077951935,2.8375607287777544,1.3324200804067463,0.6122353342678547,1.0,0.2436156509750521,False,False,full,2019-2024,16,lancet_americas/pipeline/15b_spatial_correlation.py
16301,grd_episodes,sin_rett,base2017,200.0,69.20281692039588,69.17548671348446,1.000395085140848,339335,58.93880678385666,age-sex indirect (national age x sex x year rates of the same source),6,6,51.053054557135965,67.69769745692307,2.890055765071823,2.5033790586983855,3.319546687379785,2.7842229927183073,0.9440054762884238,1.0,0.2436156509750521,False,False,full,2019-2024,16,lancet_americas/pipeline/15b_spatial_correlation.py
16302,grd_episodes,sin_rett,base2017,46.0,37.84531859753617,37.83037237953627,1.000395085140848,171808,26.774073384242875,age-sex indirect (national age x sex x year rates of the same source),6,6,19.60198675787616,35.71286186358377,1.2154739794684863,0.8898797171485402,1.621271956066464,1.194389825529683,0.9021498837548186,1.0,0.2436156509750521,False,False,full,2019-2024,16,lancet_americas/pipeline/15b_spatial_correlation.py
16303,grd_episodes,sin_rett,base2017,20.0,12.441958118356643,12.437044426907509,1.000395085140848,69309,28.856281291030022,age-sex indirect (national age x sex x year rates of the same source),6,6,17.626166277689684,44.5661860691607,1.607464018906506,0.9818807834901734,2.48259780404681,1.4567680077035456,0.7519260293404243,1.0,0.2436156509750521,False,False,full,2019-2024,16,lancet_americas/pipeline/15b_spatial_correlation.py
16304,grd_episodes,sin_rett,base2017,9.0,5.403061092444432,5.400927266334703,1.000395085140848,28236,31.874203144921378,age-sex indirect (national age x sex x year rates of the same source),6,3,14.574915346997924,60.50716621128761,1.6657224203119745,0.7616743595835361,3.1620600172947015,1.378311043481235,0.5682714475861401,1.0,0.2436156509750521,False,False,full,2019-2024,16,lancet_americas/pipeline/15b_spatial_correlation.py
16305,grd_episodes,sin_rett,base2017,38.0,14.3806481431104,14.374968806534786,1.000395085140848,73741,51.5317123445573,age-sex indirect (national age x sex x year rates of the same source),6,6,36.466906666842256,70.73130133746437,2.64244000839457,1.8699478199860793,3.62695536391716,2.277724927688896,0.7779431340922028,1.0,0.2436156509750521,False,False,full,2019-2024,16,lancet_americas/pipeline/15b_spatial_correlation.py
