cut_comuna,value,z_value,spatial_lag_z,lisa_i,lisa_z,lisa_p_sim,lisa_p_z_sim,lisa_quadrant,lisa_bh_reject,lisa_bh_critical_p,lisa_class,gi_z,gi_p_sim,gi_p_z_sim,gi_bh_reject,gi_bh_critical_p,gi_class,indicator,variant,value_type,weights,cut_region,observed,expected,person_years,rate_per_100k,sir,sir_lo,sir_hi,sir_eb,eb_weight,suppressed,comuna_name_ine,region_name,script
1101,1.1671657721235094,0.6821419936115649,0.1416551694547999,0.0963463989379324,0.2325975013705162,0.356,0.4080369838613383,HH,False,0.002,ns,0.2767768754939912,0.356000006198883,0.4080369838613383,False,0.0020000000949949,ns,grd_episodes,sin_rett,sir_eb,queen,1,353.0,301.8541340995097,1358733,25.980085859399896,1.1694390108423345,1.0506125025015585,1.2980253835488889,1.1671657721235094,0.9865837347165566,False,Iquique,Tarapacá,lancet_americas/pipeline/15b_spatial_correlation.py
1107,0.8503229289640334,-0.0760744103968998,0.4091182636866652,-0.0310324265092548,-0.5438666818980001,0.255,0.2932666090126015,LH,False,0.002,ns,0.2473873723254767,0.2549999952316284,0.2932666090126016,False,0.0020000000949949,ns,grd_episodes,sin_rett,sir_eb,queen,1,206.0,242.98344944276656,809073,25.46123773750947,0.847794368186061,0.7359678875488939,0.9718104444028808,0.8503229289640334,0.9833872061904824,False,Alto Hospicio,Tarapacá,lancet_americas/pipeline/15b_spatial_correlation.py
1401,0.9389839116887294,0.1360945337617655,0.3528727663757928,0.0478836334048071,0.8270458556896428,0.201,0.2041055355765278,HH,False,0.002,ns,0.3219044474309314,0.2010000050067901,0.2041055355765281,False,0.0020000000949949,ns,grd_episodes,sin_rett,sir_eb,queen,1,27.0,29.021221899576965,107268,25.170600738337622,0.9303536595884536,0.6131089239913824,1.353615729244492,0.9389839116887294,0.8760846291523873,False,Pozo Almonte,Tarapacá,lancet_americas/pipeline/15b_spatial_correlation.py
1402,0.8670996743231505,-0.0359270508721876,-0.4517798596372328,0.0161836585908592,0.8010152160582416,0.215,0.2115614185150798,LL,False,0.002,ns,-0.3478166574459718,0.2150000035762787,0.2115614185150794,False,0.0020000000949949,ns,grd_episodes,sin_rett,sir_eb,queen,1,1.0,1.7824165265064076,8240,12.135922330097088,0.561036090683041,0.0142042040161698,3.125893026732362,0.8670996743231505,0.3027591172213824,True,Camiña,Tarapacá,lancet_americas/pipeline/15b_spatial_correlation.py
1403,0.694618302445912,-0.4486812233796667,-0.0787678683753509,0.0352383253481591,0.1687674755428193,0.475,0.4329897710327103,LL,False,0.002,ns,-0.152750539376214,0.4749999940395355,0.4329897710327103,False,0.0020000000949949,ns,grd_episodes,sin_rett,sir_eb,queen,1,0.0,1.8046442275859615,9433,0.0,0.0,0.0,2.044103429210798,0.694618302445912,0.3053816975540879,True,Colchane,Tarapacá,lancet_americas/pipeline/15b_spatial_correlation.py
1404,0.6105501042973368,-0.6498594676349763,-0.0359270508721876,0.0232792665097709,0.0697289568577966,0.407,0.4722046968150414,LL,False,0.002,ns,-0.3428932592535821,0.4070000052452087,0.4722046968150413,False,0.0020000000949949,ns,grd_episodes,sin_rett,sir_eb,queen,1,1.0,4.256201523978399,18195,5.496015388843089,0.2349512809405862,0.0059484514165167,1.3090647516452454,0.6105501042973368,0.509052411958118,True,Huara,Tarapacá,lancet_americas/pipeline/15b_spatial_correlation.py
1405,1.185589250412453,0.7262300447042636,0.042627856468617,0.0308671107225674,0.0996124706282036,0.418,0.4603259964712128,HH,False,0.002,ns,0.1565615545078914,0.4180000126361847,0.4603259964712129,False,0.0020000000949949,ns,grd_episodes,sin_rett,sir_eb,queen,1,11.0,8.635527277213386,36474,30.158469046444043,1.2738075680712353,0.6358801484799189,2.279193601210323,1.185589250412453,0.6778090602819606,False,Pica,Tarapacá,lancet_americas/pipeline/15b_spatial_correlation.py
2101,1.5841235396399056,1.6799370391210986,-0.2642423380544084,-0.4426125071097417,-0.5830593965787525,0.297,0.2799266580301796,HL,False,0.002,ns,0.0597875581415091,0.296999990940094,0.2799266580301796,False,0.0020000000949949,ns,grd_episodes,sin_rett,sir_eb,queen,2,953.0,600.0808967103619,2593425,36.74677308964015,1.588119210633662,1.4888779148892386,1.6922363528303537,1.5841235396399056,0.993206018573256,False,Antofagasta,Antofagasta,lancet_americas/pipeline/15b_spatial_correlation.py
2102,1.2082001550178234,0.7803387586973183,0.2140986998060146,0.166581006295495,0.4333090328282175,0.297,0.332395138388984,HH,False,0.002,ns,0.3273467115842758,0.296999990940094,0.3323951383889839,False,0.0020000000949949,ns,grd_episodes,sin_rett,sir_eb,queen,2,26.0,20.812258933091726,91053,28.55479775515359,1.2492637192140497,0.8160605376954775,1.8304607974366451,1.2082001550178234,0.835260565293243,False,Mejillones,Antofagasta,lancet_americas/pipeline/15b_spatial_correlation.py
2103,0.7913180220664436,-0.2172752905576254,0.5333235378625476,-0.1155392020109774,-1.18181418790327,0.129,0.1186397184748931,LH,False,0.002,ns,0.4082237331258525,0.1289999932050705,0.118639718474893,False,0.0020000000949949,ns,grd_episodes,sin_rett,sir_eb,queen,2,1.0,2.346216411742604,10584,9.44822373393802,0.4262181421096064,0.0107909090813517,2.3747354945832444,0.7913180220664436,0.3636956712099806,True,Sierra Gorda,Antofagasta,lancet_americas/pipeline/15b_spatial_correlation.py
2104,0.6698066711086799,-0.5080563561821173,-0.2894161063460957,0.1466097517895298,0.5265609809779157,0.333,0.2992492470868664,LL,False,0.002,ns,-0.3440761688051013,0.3330000042915344,0.2992492470868664,False,0.0020000000949949,ns,grd_episodes,sin_rett,sir_eb,queen,2,12.0,19.939165926256113,82613,14.525558931403047,0.6018305903256599,0.3109746481700737,1.0512769253088214,0.6698066711086799,0.8292784952047995,False,Taltal,Antofagasta,lancet_americas/pipeline/15b_spatial_correlation.py
2201,1.4634688184940652,1.3912059196752429,-0.0723470589413043,-0.1003553594285105,-0.1709283137039766,0.474,0.4321400665792703,HL,False,0.002,ns,0.136731938003916,0.4740000069141388,0.43214006657927,False,0.0020000000949949,ns,grd_episodes,sin_rett,sir_eb,queen,2,409.0,278.17301997090965,1153865,35.446087713900674,1.470307940154555,1.33124940226359,1.619944106167461,1.4634688184940652,0.985458204983224,False,Calama,Antofagasta,lancet_americas/pipeline/15b_spatial_correlation.py
2202,0.9262962027807204,0.105732386624692,1.0587179821897532,0.1116134668000458,1.4401264821608508,0.092,0.0749158090015886,HH,False,0.002,ns,0.7410561170013995,0.0920000001788139,0.0749158090015886,False,0.0020000000949949,ns,grd_episodes,sin_rett,sir_eb,queen,2,0.0,0.3266139979176694,1676,0.0,0.0,0.0,11.294309116058775,0.9262962027807204,0.0737037972192795,True,Ollagüe,Antofagasta,lancet_americas/pipeline/15b_spatial_correlation.py
2203,0.792832247661908,-0.2136516938419733,0.9512892227462384,-0.2026502714523734,-1.6269639734799373,0.069,0.0518723747488519,LH,False,0.002,ns,0.6600539935991857,0.0689999982714653,0.0518723747488519,False,0.0020000000949949,ns,grd_episodes,sin_rett,sir_eb,queen,2,10.0,13.685603390631805,63899,15.6496971783596,0.7306948560883543,0.3503965853208209,1.3437738561535777,0.792832247661908,0.7692677136759785,False,San Pedro de Atacama,Antofagasta,lancet_americas/pipeline/15b_spatial_correlation.py
2301,1.0346159159322452,0.3649453849995339,0.156840737932925,0.0570709400280495,0.3207223777007264,0.334,0.3742103937443555,HH,False,0.002,ns,0.1984616673462471,0.3339999914169311,0.3742103937443557,False,0.0020000000949949,ns,grd_episodes,sin_rett,sir_eb,queen,2,43.0,41.42397870372162,168940,25.452823487628745,1.0380461111075452,0.751239117674888,1.3982412994331688,1.0346159159322452,0.9098411092370592,False,Tocopilla,Antofagasta,lancet_americas/pipeline/15b_spatial_correlation.py
2302,0.4762634344156891,-0.9712123343389486,0.5302565585467497,-0.5134858863112035,-1.25038692067206,0.119,0.1055791200489665,LH,False,0.002,ns,0.3157610024202215,0.1190000027418136,0.1055791200489663,False,0.0020000000949949,ns,grd_episodes,sin_rett,sir_eb,queen,2,2.0,8.713345339334845,40119,4.985169121862459,0.2295329660551104,0.0277975070551323,0.8291519945972293,0.4762634344156891,0.6797650548430513,True,María Elena,Antofagasta,lancet_americas/pipeline/15b_spatial_correlation.py
3101,0.7249414613227178,-0.3761168054730369,-0.5412508986311753,0.2029783146281454,1.296298987953944,0.082,0.0974362485636096,LL,False,0.002,ns,-0.517660313894299,0.0820000022649765,0.0974362485636096,False,0.0020000000949949,ns,grd_episodes,sin_rett,sir_eb,queen,3,182.0,252.61221404985093,1040196,17.496702544520456,0.7204718927964576,0.6195985078153166,0.8330871267326319,0.7249414613227178,0.9840103073319724,False,Copiapó,Atacama,lancet_americas/pipeline/15b_spatial_correlation.py
3102,0.2863779293962372,-1.42561522806855,-0.8808675276223893,1.2521062953208897,1.2610071517389354,0.06,0.1036531352375464,LL,False,0.002,ns,-1.0624500944377764,0.0599999986588954,0.1036531352375464,False,0.0020000000949949,ns,grd_episodes,sin_rett,sir_eb,queen,3,5.0,27.68821906732244,117757,4.246032083018419,0.1805822175793526,0.0586345545074964,0.4214186564672772,0.2863779293962372,0.8708891677889234,False,Caldera,Atacama,lancet_americas/pipeline/15b_spatial_correlation.py
3103,0.7518879423078931,-0.3116329001099654,0.1173480275338373,-0.03646257776202,-0.1920068057556072,0.365,0.4238684371969893,LH,False,0.002,ns,0.0101027956228867,0.3650000095367431,0.4238684371969894,False,0.0020000000949949,ns,grd_episodes,sin_rett,sir_eb,queen,3,15.0,21.30431420491884,86124,17.416747944823744,0.704082743791712,0.3940697669040642,1.1612774123362168,0.7518879423078931,0.8384507915194631,False,Tierra Amarilla,Atacama,lancet_americas/pipeline/15b_spatial_correlation.py
3201,0.3030918335723424,-1.3856182497717418,-0.868088874527837,1.1993227115690868,1.7937927556024973,0.014,0.0364231268384263,LL,False,0.002,ns,-0.9715947495766182,0.0140000004321336,0.0364231268384263,False,0.0020000000949949,ns,grd_episodes,sin_rett,sir_eb,queen,3,3.0,19.336341391769547,78624,3.815628815628816,0.1551482743926387,0.0319953040940276,0.4534090959665247,0.3030918335723424,0.8248881375328345,True,Chañaral,Atacama,lancet_americas/pipeline/15b_spatial_correlation.py
3202,0.3963002598639409,-1.162567108387644,-0.1474635930764493,0.1709350471971079,0.3108061731648078,0.413,0.3779739882270394,LL,False,0.002,ns,-0.3504842961386882,0.4129999876022339,0.3779739882270396,False,0.0020000000949949,ns,grd_episodes,sin_rett,sir_eb,queen,3,6.0,21.39307893459809,85089,7.051440256672425,0.2804645380098356,0.1029255424253039,0.6104532247295253,0.3963002598639409,0.8390131856271336,False,Diego de Almagro,Atacama,lancet_americas/pipeline/15b_spatial_correlation.py
3301,1.3270606999750083,1.0647763495144231,0.0228854591393501,0.0242966444825185,0.0659027400771374,0.419,0.4737276295308765,HH,False,0.002,ns,0.1717270149072175,0.4189999997615814,0.4737276295308764,False,0.0020000000949949,ns,grd_episodes,sin_rett,sir_eb,queen,3,108.0,80.37120875232588,342776,31.50745676476766,1.3437647843871026,1.10231629813854,1.6223808539712348,1.3270606999750083,0.9514083897747818,False,Vallenar,Atacama,lancet_americas/pipeline/15b_spatial_correlation.py
3302,0.7414482502630796,-0.3366154614398742,-0.1978650454494121,0.0664096837709955,0.3943279078604773,0.382,0.3466694807748561,LL,False,0.002,ns,-0.2256151286475045,0.3819999992847442,0.346669480774856,False,0.0020000000949949,ns,grd_episodes,sin_rett,sir_eb,queen,3,4.0,6.826248620100651,34483,11.599918800568396,0.5859733834219799,0.1596580251145694,1.5003245919356345,0.7414482502630796,0.624480985966269,True,Alto del Carmen,Atacama,lancet_americas/pipeline/15b_spatial_correlation.py
3303,1.754158888589286,2.086837790134221,0.0465388270797264,0.0968350094238211,0.0928056588251831,0.408,0.4630289776618942,HH,False,0.002,ns,0.55661356784335,0.4079999923706054,0.4630289776618941,False,0.0020000000949949,ns,grd_episodes,sin_rett,sir_eb,queen,3,22.0,10.776850757232602,46438,47.374994616477885,2.0414126998311892,1.2793424705242982,3.0907233604187434,1.754158888589286,0.7241690913809035,False,Freirina,Atacama,lancet_americas/pipeline/15b_spatial_correlation.py
3304,0.8708935140408648,-0.0268482549635738,0.9251657780585356,-0.0247664577844299,-1.6183224181416571,0.066,0.0527965659140016,LH,False,0.002,ns,0.6871622698030088,0.0659999996423721,0.0527965659140015,False,0.0020000000949949,ns,grd_episodes,sin_rett,sir_eb,queen,3,13.0,15.53572224087614,68310,19.03088859610599,0.8367811807162473,0.4455507367910716,1.4309213033989712,0.8708935140408648,0.7910024501199587,False,Huasco,Atacama,lancet_americas/pipeline/15b_spatial_correlation.py
4101,1.4650254514396837,1.394930998716381,0.0079998049540311,0.0111265467447234,0.0340328106552594,0.433,0.4864254933644057,HH,False,0.002,ns,0.2853860437065014,0.4329999983310699,0.4864254933644055,False,0.0020000000949949,ns,grd_episodes,sin_rett,sir_eb,queen,4,513.0,348.8616192047781,1537665,33.36227331700988,1.470497101886334,1.3459846908867956,1.6034291666229337,1.4650254514396837,0.9883704906476292,False,La Serena,Coquimbo,lancet_americas/pipeline/15b_spatial_correlation.py
4102,1.702824046375896,1.9639916526761392,0.5837078393815048,1.1430452851874062,1.03487510722425,0.141,0.150363620593095,HH,False,0.002,ns,0.9287787927051636,0.1410000026226043,0.1503636205930951,False,0.0020000000949949,ns,grd_episodes,sin_rett,sir_eb,queen,4,632.0,369.4539259711875,1582734,39.930904371802214,1.7106327895654507,1.5798482886886498,1.8493562019020289,1.702824046375896,0.9890115636314366,False,Coquimbo,Coquimbo,lancet_americas/pipeline/15b_spatial_correlation.py
4103,0.7202311288893698,-0.3873888016579086,0.554361064977895,-0.2141253351135314,-1.2598263693735643,0.112,0.1038660025052415,LH,False,0.002,ns,0.3974027538719279,0.1120000034570694,0.1038660025052414,False,0.0020000000949949,ns,grd_episodes,sin_rett,sir_eb,queen,4,10.0,15.478923711950074,70836,14.11711559094246,0.6460397496681102,0.3098011712810682,1.1880901013692582,0.7202311288893698,0.7903962968957833,False,Andacollo,Coquimbo,lancet_americas/pipeline/15b_spatial_correlation.py
4104,0.5067271273621173,-0.8983116133116698,0.7127275318069429,-0.6383793387767733,-1.6176168274729354,0.066,0.0528726001665511,LH,False,0.002,ns,0.4442210076205078,0.0659999996423721,0.0528726001665511,False,0.0020000000949949,ns,grd_episodes,sin_rett,sir_eb,queen,4,1.0,5.969286893529156,26885,3.719546215361726,0.1675241980887236,0.0042413454799324,0.9333850911033758,0.5067271273621173,0.5925371902767388,True,La Higuera,Coquimbo,lancet_americas/pipeline/15b_spatial_correlation.py
4105,0.4365352527891989,-1.0662833124625448,-0.665349323794544,0.7073764631398918,0.945198651462446,0.158,0.1722787339043612,LL,False,0.002,ns,-0.7989939866838778,0.1580000072717666,0.1722787339043612,False,0.0020000000949949,ns,grd_episodes,sin_rett,sir_eb,queen,4,0.0,5.29836950805776,28122,0.0,0.0,0.0,0.6962291792793779,0.4365352527891989,0.5634647472108011,True,Paiguano,Coquimbo,lancet_americas/pipeline/15b_spatial_correlation.py
4106,0.6120408672429983,-0.6462920178904364,-0.329679136642378,0.2124459857211987,0.7918198535947409,0.219,0.2142328621414891,LL,False,0.002,ns,-0.3749095482492439,0.2189999967813491,0.2142328621414891,False,0.0020000000949949,ns,grd_episodes,sin_rett,sir_eb,queen,4,23.0,40.18114847753165,180231,12.761400646947529,0.5724077302783184,0.3628573992900548,0.8588926449957232,0.6120408672429983,0.907310913290184,False,Vicuña,Coquimbo,lancet_americas/pipeline/15b_spatial_correlation.py
4201,0.4118255883492469,-1.1254144347851855,-0.7315063826544893,0.8208406847435921,1.648174428960684,0.027,0.0496584412727892,LL,False,0.002,ns,-0.7971577246762724,0.0270000007003545,0.0496584412727891,False,0.0020000000949949,ns,grd_episodes,sin_rett,sir_eb,queen,4,15.0,42.285750212385025,197267,7.603907394546478,0.3547294283455013,0.1985393682414648,0.585072246494984,0.4118255883492469,0.911515939960893,False,Illapel,Coquimbo,lancet_americas/pipeline/15b_spatial_correlation.py
4202,0.2823228111632436,-1.4353192729312645,-0.2066144149133224,0.2956905241536941,0.4644741815882193,0.339,0.3211540265400469,LL,False,0.002,ns,-0.4113985579163129,0.3389999866485595,0.3211540265400471,False,0.0020000000949949,ns,grd_episodes,sin_rett,sir_eb,queen,4,0.0,10.434652411360435,57180,0.0,0.0,0.0,0.3535220253333758,0.2823228111632436,0.7176771888367564,True,Canela,Coquimbo,lancet_americas/pipeline/15b_spatial_correlation.py
4203,0.4899861065449323,-0.9383734827131128,-1.114052016264764,1.0423401544305346,2.511721867040817,0.001,0.0060071868605613,LL,True,0.002,LL,-1.0847722606728227,0.0010000000474974,0.0060071868605613,True,0.0020000000949949,cold,grd_episodes,sin_rett,sir_eb,queen,4,13.0,30.80397257312929,142555,9.1192872926239,0.4220234896371798,0.2247097342581688,0.721673020107502,0.4899861065449323,0.8824128391219749,False,Los Vilos,Coquimbo,lancet_americas/pipeline/15b_spatial_correlation.py
4204,0.3157908903129884,-1.355228946859996,-0.7300227978054918,0.9864551969640936,1.648162448337678,0.028,0.0496596701764766,LL,False,0.002,ns,-0.8342238226479097,0.0280000008642673,0.0496596701764766,False,0.0020000000949949,ns,grd_episodes,sin_rett,sir_eb,queen,4,9.0,37.39360476683989,176460,5.100306018361102,0.2406828669265144,0.1100555328388074,0.4568910528403971,0.3157908903129884,0.9010847772096758,False,Salamanca,Coquimbo,lancet_americas/pipeline/15b_spatial_correlation.py
4301,1.1928399874212865,0.7435813210860424,-0.165072543647452,-0.1223859569807555,-0.3879274676988617,0.383,0.3490348552508193,HL,False,0.002,ns,-0.0352648486855249,0.382999986410141,0.349034855250819,False,0.0020000000949949,ns,grd_episodes,sin_rett,sir_eb,queen,4,199.0,166.16514149729716,734584,27.09016259542816,1.1976037706033364,1.0369821965071089,1.376057209849587,1.1928399874212865,0.9758922455401275,False,Ovalle,Coquimbo,lancet_americas/pipeline/15b_spatial_correlation.py
4302,1.0504839897808775,0.402918260675299,-0.7520114794973692,-0.3021131948786139,-1.5352338125393223,0.037,0.0623632027645237,HL,False,0.002,ns,-0.5210255314628356,0.0370000004768371,0.0623632027645238,False,0.0020000000949949,ns,grd_episodes,sin_rett,sir_eb,queen,4,16.0,15.03380549384516,83219,19.226378591427437,1.0642681260277314,0.6083211903589972,1.7283047601087025,1.0504839897808775,0.7855214225336828,False,Combarbalá,Coquimbo,lancet_americas/pipeline/15b_spatial_correlation.py
4303,0.7435739974311633,-0.331528471443372,-0.1558210443104301,0.0515080626019908,0.3426510194734255,0.394,0.3659305075141891,LL,False,0.002,ns,-0.1851056154992539,0.3939999938011169,0.3659305075141891,False,0.0020000000949949,ns,grd_episodes,sin_rett,sir_eb,queen,4,31.0,43.10611234723651,195453,15.860590525599504,0.7191555515441276,0.4886313061468226,1.020783900640246,0.7435739974311633,0.9130534855814592,False,Monte Patria,Coquimbo,lancet_americas/pipeline/15b_spatial_correlation.py
4304,0.8337292276749656,-0.115783738829655,-0.1550870406533237,0.0179040528570355,0.3105634392737527,0.426,0.3780662624367994,LL,False,0.002,ns,-0.1472263802885896,0.4259999990463257,0.3780662624367997,False,0.0020000000949949,ns,grd_episodes,sin_rett,sir_eb,queen,4,13.0,16.411218692986296,73767,17.62305638022422,0.7921410495587292,0.4217817470168779,1.3545853195935738,0.8337292276749656,0.7999211579393267,False,Punitaqui,Coquimbo,lancet_americas/pipeline/15b_spatial_correlation.py
4305,0.596113564816685,-0.6844066296986515,-0.3375822564736439,0.2303679685091363,0.7528615113269099,0.25,0.2257665693871405,LL,False,0.002,ns,-0.3953863186778122,0.25,0.2257665693871405,False,0.0020000000949949,ns,grd_episodes,sin_rett,sir_eb,queen,4,1.0,4.458686955412984,26082,3.834061805076298,0.2242812760797142,0.0056783102822577,1.249615289580882,0.596113564816685,0.5206609338268585,True,Río Hurtado,Coquimbo,lancet_americas/pipeline/15b_spatial_correlation.py
5101,1.4299269967378765,1.310939124874801,0.4513611735306297,0.5899768843399739,0.7910208648599523,0.195,0.2144659079904551,HH,False,0.002,ns,0.6662556613666731,0.1949999928474426,0.2144659079904547,False,0.0020000000949949,ns,grd_episodes,sin_rett,sir_eb,queen,5,546.0,380.6035031696682,1905540,28.653295128939828,1.4345637795052038,1.3167419691112765,1.560099610833115,1.4299269967378765,0.9893300293627632,False,Valparaíso,Valparaíso,lancet_americas/pipeline/15b_spatial_correlation.py
5102,0.7794621275685146,-0.2456468756718232,-0.039970485378898,0.0097899154230195,0.0873687787217402,0.5,0.4651891927133451,LL,False,0.002,ns,-0.0628234176336674,0.5,0.4651891927133449,False,0.0020000000949949,ns,grd_episodes,sin_rett,sir_eb,queen,5,29.0,38.366546190589624,178094,16.283535660943098,0.7558668391973472,0.5062158850856275,1.085550865894779,0.7794621275685146,0.90335074393994,False,Casablanca,Valparaíso,lancet_americas/pipeline/15b_spatial_correlation.py
5103,0.6696864082266104,-0.5083441496164557,0.3708617974760755,-0.1879741811302724,-0.8426109940534314,0.192,0.1997230201789504,LH,False,0.002,ns,0.2243274729606536,0.19200000166893,0.1997230201789502,False,0.0020000000949949,ns,grd_episodes,sin_rett,sir_eb,queen,5,39.0,60.26086167537788,280447,13.906370900740605,0.6471862319209932,0.4602126773233295,0.8847248841716556,0.6696864082266104,0.936226478835773,False,Concón,Valparaíso,lancet_americas/pipeline/15b_spatial_correlation.py
5105,0.737391285189898,-0.346323925858076,-0.2701344453878079,0.0932804718653335,0.5988621060156059,0.298,0.2746324214067874,LL,False,0.002,ns,-0.2828326921328526,0.2980000078678131,0.2746324214067877,False,0.0020000000949949,ns,grd_episodes,sin_rett,sir_eb,queen,5,18.0,25.872238547540444,123004,14.633670449741471,0.6957264237852807,0.4123315715722513,1.0995476953126804,0.737391285189898,0.8630677631526725,False,Puchuncaví,Valparaíso,lancet_americas/pipeline/15b_spatial_correlation.py
5107,0.9088041234791374,0.0638732070566004,-0.1659906728536167,-0.0105713555739047,-0.3318059079871238,0.413,0.3700179114306133,HL,False,0.002,ns,-0.1200178968715734,0.4129999876022339,0.370017911430613,False,0.0020000000949949,ns,grd_episodes,sin_rett,sir_eb,queen,5,44.0,48.827180810170056,222391,19.78497331276895,0.9011374253013472,0.6547678327454307,1.2097349324744278,0.9088041234791374,0.9224509557720976,False,Quintero,Valparaíso,lancet_americas/pipeline/15b_spatial_correlation.py
5109,1.3041957524882772,1.0100597017014077,0.4640885566068834,0.4673865141106446,0.809813134116777,0.188,0.2090237913782522,HH,False,0.002,ns,0.6005813428805148,0.1879999935626983,0.2090237913782521,False,0.0020000000949949,ns,grd_episodes,sin_rett,sir_eb,queen,5,545.0,416.92462818677546,2190845,24.876246379821485,1.307190708234796,1.1997338067550245,1.4216897011612304,1.3041957524882772,0.9902505002064396,False,Viña del Mar,Valparaíso,lancet_americas/pipeline/15b_spatial_correlation.py
5301,0.8557913491446212,-0.0629882827647043,-0.8812110207220527,0.0553436707937938,1.2337059214212138,0.065,0.1086562533116182,LL,False,0.002,ns,-0.6084701080696036,0.0649999976158142,0.1086562533116182,False,0.0020000000949949,ns,grd_episodes,sin_rett,sir_eb,queen,5,75.0,88.32988505783817,410406,18.274586628850457,0.8490897497589882,0.6678629510592421,1.0643413538608502,0.8557913491446212,0.9555921524553156,False,Los Andes,Valparaíso,lancet_americas/pipeline/15b_spatial_correlation.py
5302,0.5056942198825661,-0.9007833983360976,-0.0629882827647043,0.056572896481911,0.0775456373484545,0.405,0.4690947435967229,LL,False,0.002,ns,-0.4818858405504014,0.4070000052452087,0.4690947435967227,False,0.0020000000949949,ns,grd_episodes,sin_rett,sir_eb,queen,5,10.0,23.78718014382478,101551,9.847268859981684,0.4203945124868459,0.2015955093095526,0.7731204762743585,0.5056942198825661,0.8528314358069559,False,Calle Larga,Valparaíso,lancet_americas/pipeline/15b_spatial_correlation.py
5303,0.4862950652726907,-0.9472062782169622,-0.7352163130679631,0.6943652458674161,1.6474073465131718,0.029,0.0497371731714556,LL,False,0.002,ns,-0.7705479739261298,0.0289999991655349,0.0497371731714555,False,0.0020000000949949,ns,grd_episodes,sin_rett,sir_eb,queen,5,6.0,16.67438197631805,69284,8.66000808267421,0.3598334264215344,0.1320525256419165,0.7832058807976527,0.4862950652726907,0.8024551045452925,False,Rinconada,Valparaíso,lancet_americas/pipeline/15b_spatial_correlation.py
5304,0.5220519977882936,-0.8616386431080078,-0.5692320852227497,0.4890382318128108,0.9861884664030588,0.154,0.1620203189682881,LL,False,0.002,ns,-0.6423337246940646,0.1539999991655349,0.1620203189682881,False,0.0020000000949949,ns,grd_episodes,sin_rett,sir_eb,queen,5,13.0,28.659776665636507,126346,10.289205831605274,0.4535973937154643,0.2415215084108916,0.7756653576722894,0.5220519977882936,0.8747176472339482,False,San Esteban,Valparaíso,lancet_americas/pipeline/15b_spatial_correlation.py
5401,0.5870146568253126,-0.7061806462073652,-0.4692426351514603,0.3304011489938101,1.119682701477818,0.124,0.1314244995812259,LL,False,0.002,ns,-0.5030909224451614,0.123999997973442,0.1314244995812261,False,0.0020000000949949,ns,grd_episodes,sin_rett,sir_eb,queen,5,26.0,47.17979848163823,227870,11.410014481941458,0.5510833203350554,0.3599859211396657,0.8074647478189527,0.5870146568253126,0.9199598987565464,False,La Ligua,Valparaíso,lancet_americas/pipeline/15b_spatial_correlation.py
5402,0.8483950269576852,-0.0806879497527446,-0.8041170720907284,0.0646928428265779,1.9115798787350584,0.006,0.0279650511016461,LL,False,0.002,ns,-0.7007700546138741,0.006000000052154,0.027965051101646,False,0.0020000000949949,ns,grd_episodes,sin_rett,sir_eb,queen,5,23.0,27.843529691669715,124172,18.52269432722353,0.8260446952916745,0.5236414778765194,1.2394726271058296,0.8483950269576852,0.8715168146008192,False,Cabildo,Valparaíso,lancet_americas/pipeline/15b_spatial_correlation.py
5403,1.1254360556128633,0.5822812699875526,-1.041858394633181,-0.6048807852292476,-1.453342624770749,0.029,0.0730643240476821,HL,False,0.002,ns,-0.5004785064262701,0.0289999991655349,0.0730643240476821,False,0.0020000000949949,ns,grd_episodes,sin_rett,sir_eb,queen,5,9.0,7.539394799213179,37743,23.845481281297193,1.1937297673997986,0.5458492633663141,2.266070938903765,1.1254360556128633,0.6474795138426089,False,Papudo,Valparaíso,lancet_americas/pipeline/15b_spatial_correlation.py
5404,0.4859145853157649,-0.9481167805400096,-0.7701177563833047,0.7280265924743347,1.576231567100738,0.028,0.0574862230348177,LL,False,0.002,ns,-0.8057175612146456,0.0280000008642673,0.0574862230348179,False,0.0020000000949949,ns,grd_episodes,sin_rett,sir_eb,queen,5,4.0,12.574702757329163,63498,6.2994110050710255,0.3180989703846956,0.0866712633021163,0.8144597031873686,0.4859145853157649,0.7539003350299343,True,Petorca,Valparaíso,lancet_americas/pipeline/15b_spatial_correlation.py
5405,0.3064691776340726,-1.3775361430589967,-0.1308115067273348,0.179670684940684,0.2691811206282737,0.437,0.3938951539097244,LL,False,0.002,ns,-0.3801564339936671,0.4370000064373016,0.393895153909724,False,0.0020000000949949,ns,grd_episodes,sin_rett,sir_eb,queen,5,0.0,9.289102993348976,48803,0.0,0.0,0.0,0.3971190174934204,0.3064691776340726,0.6935308223659273,True,Zapallar,Valparaíso,lancet_americas/pipeline/15b_spatial_correlation.py
5501,1.1951459479886577,0.7490995682768039,-0.34507935490429,-0.2577429513479363,-0.8789412944237288,0.189,0.1897165535459146,HL,False,0.002,ns,-0.2083069895066532,0.1889999955892563,0.189716553545915,False,0.0020000000949949,ns,grd_episodes,sin_rett,sir_eb,queen,5,152.0,126.51087507740296,593012,25.63185905175612,1.2014777378387596,1.018067217029154,1.408386735476902,1.1951459479886577,0.9685732532138652,False,Quillota,Valparaíso,lancet_americas/pipeline/15b_spatial_correlation.py
5502,0.7702907748036051,-0.2675942551485397,-0.2811237983149853,0.0750071510947009,0.4817869945607885,0.358,0.3149786345631458,LL,False,0.002,ns,-0.2777414125233741,0.3580000102519989,0.3149786345631458,False,0.0020000000949949,ns,grd_episodes,sin_rett,sir_eb,queen,5,53.0,70.0292906241174,322191,16.449869797728677,0.7568261727007602,0.5669147377980859,0.9899472679411848,0.7702907748036051,0.9446297233037506,False,Calera,Valparaíso,lancet_americas/pipeline/15b_spatial_correlation.py
5503,0.8581840195743542,-0.0572625357315089,-0.3988305429788051,0.0227712702993744,1.0734893025630918,0.137,0.1415258178972391,LL,False,0.002,ns,-0.3608785421735502,0.1369999945163726,0.1415258178972392,False,0.0020000000949949,ns,grd_episodes,sin_rett,sir_eb,queen,5,21.0,25.148603928745096,115403,18.197100595305148,0.8350364123392471,0.5169007003692093,1.2764418583988242,0.8581840195743542,0.8596805054779115,False,Hijuelas,Valparaíso,lancet_americas/pipeline/15b_spatial_correlation.py
5504,0.575771413702669,-0.7330861343819961,0.0049792253414456,-0.0036395279552691,-0.020496344242482,0.453,0.4918237141684724,LH,False,0.002,ns,-0.1180316679457945,0.453000009059906,0.4918237141684723,False,0.0020000000949949,ns,grd_episodes,sin_rett,sir_eb,queen,5,20.0,37.76044496237411,157722,12.680539176525786,0.5296547755178397,0.3235268969308209,0.8180088432075655,0.575771413702669,0.9019515118164476,False,La Cruz,Valparaíso,lancet_americas/pipeline/15b_spatial_correlation.py
5506,0.8599557482430179,-0.053022724831451,-0.5966629478760461,0.0315441903453295,1.6185291325442226,0.026,0.0527743068651169,LL,False,0.002,ns,-0.5362584786488693,0.0260000005364418,0.0527743068651168,False,0.0020000000949949,ns,grd_episodes,sin_rett,sir_eb,queen,5,26.0,30.902587047779267,141265,18.40512511945634,0.8413535073876095,0.5496000444667255,1.2327778261484643,0.8599557482430179,0.8827440774196132,False,Nogales,Valparaíso,lancet_americas/pipeline/15b_spatial_correlation.py
5601,0.960874744573484,0.1884800900366618,-0.5507660570243096,-0.1035049025784326,-1.2241745726328914,0.099,0.1104431895798513,HL,False,0.002,ns,-0.4275583658474811,0.0989999994635582,0.1104431895798512,False,0.0020000000949949,ns,grd_episodes,sin_rett,sir_eb,queen,5,120.0,125.05334651276888,584536,20.52910342562306,0.9595904735563964,0.7955958668869357,1.1474349897121772,0.960874744573484,0.9682186075879892,False,San Antonio,Valparaíso,lancet_americas/pipeline/15b_spatial_correlation.py
5602,0.6629298264439797,-0.5245128946369542,0.0649117897018702,-0.0339475178742522,-0.0784503829765929,0.403,0.4687348985840442,LH,False,0.002,ns,-0.1315631050777381,0.402999997138977,0.4687348985840444,False,0.0020000000949949,ns,grd_episodes,sin_rett,sir_eb,queen,5,10.0,17.17167361377362,93122,10.73860097506497,0.5823544183823103,0.2792615795053308,1.0709705096692868,0.6629298264439797,0.8070722842330279,False,Algarrobo,Valparaíso,lancet_americas/pipeline/15b_spatial_correlation.py
5603,0.7683561250727712,-0.2722239420535726,-0.3014248492586791,0.0818151336200369,0.6079270548288516,0.298,0.2716179274410229,LL,False,0.002,ns,-0.2955846678176579,0.2980000078678131,0.2716179274410231,False,0.0020000000949949,ns,grd_episodes,sin_rett,sir_eb,queen,5,24.0,32.47303837537287,155959,15.388659840086175,0.7390746662684107,0.4735390842375984,1.0996845192298137,0.7683561250727712,0.8877783985725127,False,Cartagena,Valparaíso,lancet_americas/pipeline/15b_spatial_correlation.py
5604,1.0390141235016304,0.3754704550755637,-0.3760649103605697,-0.1407883938408849,-0.6439076195176876,0.284,0.2598176702797811,HL,False,0.002,ns,-0.1881810690015364,0.2840000092983246,0.2598176702797813,False,0.0020000000949949,ns,grd_episodes,sin_rett,sir_eb,queen,5,21.0,20.05733446483853,108932,19.278081739066575,1.046998544936966,0.6481086012134185,1.6004484938523356,1.0390141235016304,0.8301134333830044,False,El Quisco,Valparaíso,lancet_americas/pipeline/15b_spatial_correlation.py
5605,0.7324974876155561,-0.358034960772932,-0.047466787549944,0.0169450771102201,0.0766895774383709,0.474,0.4694352480608009,LL,False,0.002,ns,-0.125108830855691,0.4740000069141388,0.469435248060801,False,0.0020000000949949,ns,grd_episodes,sin_rett,sir_eb,queen,5,10.0,15.15097541127266,87969,11.367640873489524,0.6600235119225247,0.3165069288254905,1.2138067380358195,0.7324974876155561,0.7868265064361872,False,El Tabo,Valparaíso,lancet_americas/pipeline/15b_spatial_correlation.py
5606,0.7233976382217752,-0.3798112300917199,-0.3005648475296196,0.1138241094202669,0.5160350068010748,0.34,0.3029149798080255,LL,False,0.002,ns,-0.3203764431701447,0.3400000035762787,0.3029149798080257,False,0.0020000000949949,ns,grd_episodes,sin_rett,sir_eb,queen,5,10.0,15.393200280197036,73123,13.675587708381768,0.6496374904486072,0.3115264278281093,1.194706474759281,0.7233976382217752,0.78947477038108,False,Santo Domingo,Valparaíso,lancet_americas/pipeline/15b_spatial_correlation.py
5701,0.7267571892834774,-0.3717717026727445,-0.8768857674793309,0.3250480946064998,1.9594130364153317,0.005,0.0250322175917459,LL,False,0.002,ns,-0.7927000900115669,0.0049999998882412,0.0250322175917459,False,0.0020000000949949,ns,grd_episodes,sin_rett,sir_eb,queen,5,82.0,114.37329493061844,508421,16.128366058837067,0.716950578802011,0.5702120718605385,0.8899247083666908,0.7267571892834774,0.9653537165348702,False,San Felipe,Valparaíso,lancet_americas/pipeline/15b_spatial_correlation.py
5702,0.3787222207634522,-1.2046319928691418,-0.3466916530867867,0.4164146994925154,0.9017939502274224,0.183,0.1835831670494835,LL,False,0.002,ns,-0.4539341955595813,0.1829999983310699,0.1835831670494832,False,0.0020000000949949,ns,grd_episodes,sin_rett,sir_eb,queen,5,5.0,19.93608277860256,92392,5.41172395878431,0.2508015268358792,0.0814345730877939,0.5852871002244391,0.3787222207634522,0.8292566008746384,False,Catemu,Valparaíso,lancet_americas/pipeline/15b_spatial_correlation.py
5703,0.5817861201265864,-0.7186927239756459,-0.696736343908647,0.4992751907769574,1.5623519313376186,0.033,0.0591025521877369,LL,False,0.002,ns,-0.7003957405864802,0.032999999821186,0.0591025521877369,False,0.0020000000949949,ns,grd_episodes,sin_rett,sir_eb,queen,5,19.0,35.608782565500924,160876,11.81033839727492,0.5335762312303226,0.3212477467693456,0.8332453803217575,0.5817861201265864,0.8966392964418798,False,Llaillay,Valparaíso,lancet_americas/pipeline/15b_spatial_correlation.py
5704,0.6364489491874141,-0.5878825934070058,-0.8105756744336235,0.4751299865695525,1.6554267967406655,0.015,0.0489189770451314,LL,False,0.002,ns,-0.7660370582283001,0.0149999996647238,0.0489189770451314,False,0.0020000000949949,ns,grd_episodes,sin_rett,sir_eb,queen,5,5.0,10.200840186329929,46260,10.8084738434933,0.4901557037135493,0.1591522228035728,1.1438599043007571,0.6364489491874141,0.7130628967717794,False,Panquehue,Valparaíso,lancet_americas/pipeline/15b_spatial_correlation.py
5705,0.6491362841075736,-0.5575213412364068,-0.8268576444882955,0.4596428567007061,1.9818214299447912,0.004,0.0237496150489034,LL,False,0.002,ns,-0.7883810297380263,0.0040000001899898,0.0237496150489034,False,0.0020000000949949,ns,grd_episodes,sin_rett,sir_eb,queen,5,13.0,22.245305125149827,106714,12.18209419570066,0.5843929731178475,0.3111646458460156,0.9993297818615174,0.6491362841075736,0.8442198836833325,False,Putaendo,Valparaíso,lancet_americas/pipeline/15b_spatial_correlation.py
5706,0.4278001910663989,-1.087186631667138,-0.5969772290057197,0.6471279269286144,1.0371686185835358,0.143,0.1498286401990903,LL,False,0.002,ns,-0.7195295796710744,0.1430000066757202,0.1498286401990902,False,0.0020000000949949,ns,grd_episodes,sin_rett,sir_eb,queen,5,7.0,21.85314822516713,99531,7.032984698234721,0.3203199798891432,0.1287852451519416,0.6599815831154495,0.4278001910663989,0.8418664548065933,False,Santa María,Valparaíso,lancet_americas/pipeline/15b_spatial_correlation.py
5801,1.1285239422362592,0.589670694562305,-0.1021192931092617,-0.0600406821143828,-0.2932018659758334,0.416,0.3846839289475374,HL,False,0.002,ns,-0.0392292942300284,0.4160000085830688,0.3846839289475372,False,0.0020000000949949,ns,grd_episodes,sin_rett,sir_eb,queen,5,233.0,205.9968980762403,1016994,22.91065630672354,1.1310849929097757,0.990503091189588,1.286025740656689,1.1285239422362592,0.9804626706942806,False,Quilpué,Valparaíso,lancet_americas/pipeline/15b_spatial_correlation.py
5802,0.6487715412056023,-0.5583941842167393,0.1207088314876508,-0.0672060243708456,-0.288716689536964,0.353,0.3863990949723546,LH,False,0.002,ns,0.0236941149584516,0.3529999852180481,0.3863990949723549,False,0.0020000000949949,ns,grd_episodes,sin_rett,sir_eb,queen,5,41.0,65.41860919988851,303513,13.50848233848303,0.6267329816615832,0.4497544082380985,0.8502340579541044,0.6487715412056023,0.9409576564194638,False,Limache,Valparaíso,lancet_americas/pipeline/15b_spatial_correlation.py
5803,0.7667707669092969,-0.276017761581855,0.0072830447144489,-0.0020043717764845,-0.0263382547426119,0.452,0.4894937713067846,LH,False,0.002,ns,-0.0399337563349351,0.4519999921321869,0.4894937713067847,False,0.0020000000949949,ns,grd_episodes,sin_rett,sir_eb,queen,5,17.0,23.41947076067534,117784,14.433199755484615,0.7258917237594219,0.4228586790371054,1.1622229679763147,0.7667707669092969,0.8508653452185573,False,Olmué,Valparaíso,lancet_americas/pipeline/15b_spatial_correlation.py
5804,0.926396094123972,0.1059714302285067,0.0156382551727828,0.0016523626287307,0.0140832569965574,0.421,0.4943817790568315,HH,False,0.002,ns,0.045749313524691,0.4210000038146972,0.4943817790568315,False,0.0020000000949949,ns,grd_episodes,sin_rett,sir_eb,queen,5,172.0,185.99185851742945,853993,20.14068031002596,0.9247716613567886,0.7917290968870905,1.073772812114753,0.926396094123972,0.9784066377580448,False,Villa Alemana,Valparaíso,lancet_americas/pipeline/15b_spatial_correlation.py
6101,0.842821186007149,-0.0940263531071911,-0.4667242974346984,0.0437560666832062,1.2055378767478264,0.107,0.1139978625382812,LL,False,0.002,ns,-0.4201370543937597,0.1070000007748603,0.1139978625382813,False,0.0020000000949949,ns,grd_episodes,sin_rett,sir_eb,queen,6,298.0,354.33992017771567,1611841,18.488175942912484,0.8410003587813111,0.7482155963930136,0.9421121168333292,0.842821186007149,0.9885482306005112,False,Rancagua,O'Higgins,lancet_americas/pipeline/15b_spatial_correlation.py
6102,0.4447073691440144,-1.0467271419210245,-0.4459862841593209,0.465460960400397,1.001665531578536,0.157,0.1582525796613772,LL,False,0.002,ns,-0.5461097604529385,0.1570000052452087,0.1582525796613772,False,0.0020000000949949,ns,grd_episodes,sin_rett,sir_eb,queen,6,6.0,18.617591087054905,85767,6.995697645947742,0.32227585040107,0.1182695571728321,0.7014588493996484,0.4447073691440144,0.819349039258232,False,Codegua,O'Higgins,lancet_americas/pipeline/15b_spatial_correlation.py
6103,0.4578234580630449,-1.0153398658958654,-0.5355168301696815,0.5421417280893188,1.3903823258463706,0.064,0.0822064052616025,LL,False,0.002,ns,-0.5954947096354544,0.0640000030398368,0.0822064052616026,False,0.0020000000949949,ns,grd_episodes,sin_rett,sir_eb,queen,6,2.0,9.22962903550039,47421,4.217540751987516,0.2166934328895884,0.0262425800227011,0.7827711861370893,0.4578234580630449,0.6921639172987198,True,Coinco,O'Higgins,lancet_americas/pipeline/15b_spatial_correlation.py
6104,0.6617557689515254,-0.5273224567566193,-0.4823404803727262,0.2536052566731873,1.1597868201951296,0.112,0.1230678057261192,LL,False,0.002,ns,-0.4887664769989973,0.1120000034570694,0.1230678057261191,False,0.0020000000949949,ns,grd_episodes,sin_rett,sir_eb,queen,6,17.0,27.787342058339995,129545,13.122853062642324,0.6117893522996266,0.3563898428577842,0.9795340179985766,0.6617557689515254,0.8712904528820042,False,Coltauco,O'Higgins,lancet_americas/pipeline/15b_spatial_correlation.py
6105,1.5225214652257777,1.5325210429888054,-0.5615880727142637,-0.8581290315023757,-1.2546041400943844,0.088,0.104811249896429,HL,False,0.002,ns,-0.2125698867637522,0.0879999995231628,0.1048112498964291,False,0.0020000000949949,ns,grd_episodes,sin_rett,sir_eb,queen,6,49.0,30.774699122381275,138320,35.4251012145749,1.5922170288373072,1.1779309232130086,2.104995351386094,1.5225214652257777,0.8823141513705504,False,Doñihue,O'Higgins,lancet_americas/pipeline/15b_spatial_correlation.py
6106,0.5645809552005641,-0.7598653070471062,-0.6343812779684729,0.4806348382393017,1.3037113788318742,0.071,0.0961660041280723,LL,False,0.002,ns,-0.6594780837841998,0.0710000023245811,0.0961660041280723,False,0.0020000000949949,ns,grd_episodes,sin_rett,sir_eb,queen,6,28.0,52.760050432403226,222794,12.567663402066485,0.5307045723141208,0.3526493341717989,0.767015869234545,0.5645809552005641,0.9278143768553436,False,Graneros,O'Higgins,lancet_americas/pipeline/15b_spatial_correlation.py
6107,0.7020495344009631,-0.4308980160516236,-0.8429507121733268,0.3621637257927874,2.1869031259198457,0.004,0.0143747983472095,LL,False,0.002,ns,-0.7914441251581142,0.0040000001899898,0.0143747983472095,False,0.0020000000949949,ns,grd_episodes,sin_rett,sir_eb,queen,6,22.0,33.07891231810492,162738,13.518661898265924,0.665076281482171,0.4167997647456952,1.0069334827824667,0.7020495344009631,0.8896069436873165,False,Las Cabras,O'Higgins,lancet_americas/pipeline/15b_spatial_correlation.py
6108,0.4572381388853398,-1.0167405558962812,-0.3066006566918897,0.3108218211811965,0.7529858103656866,0.229,0.2257292204403658,LL,False,0.002,ns,-0.4080492137210888,0.2290000021457672,0.2257292204403658,False,0.0020000000949949,ns,grd_episodes,sin_rett,sir_eb,queen,6,40.0,92.3543766894324,370438,10.798028280036066,0.433114286879021,0.3094231964543032,0.5897787296767779,0.4572381388853398,0.957444946224689,False,Machalí,O'Higgins,lancet_americas/pipeline/15b_spatial_correlation.py
6109,0.3397388627609116,-1.2979205810730536,-0.6830915349947682,0.8840061685702758,1.4082703486357695,0.049,0.0795255161099794,LL,False,0.002,ns,-0.8060573442104252,0.0489999987185001,0.0795255161099792,False,0.0020000000949949,ns,grd_episodes,sin_rett,sir_eb,queen,6,3.0,16.807784134643427,85276,3.5179886486232936,0.1784887273639205,0.0368086666237236,0.5216198042234268,0.3397388627609116,0.8037152492386759,True,Malloa,O'Higgins,lancet_americas/pipeline/15b_spatial_correlation.py
6110,0.5084272668369207,-0.8942431179464472,-0.3296261782106938,0.2939040526424755,0.8083143805864578,0.212,0.2094548130686491,LL,False,0.002,ns,-0.4102857410300877,0.2119999974966049,0.2094548130686491,False,0.0020000000949949,ns,grd_episodes,sin_rett,sir_eb,queen,6,17.0,37.40519453365292,167209,10.166916852561764,0.4544823309154386,0.2647527059563234,0.7276702381916069,0.5084272668369207,0.9011123947423962,False,Mostazal,O'Higgins,lancet_americas/pipeline/15b_spatial_correlation.py
6111,0.6026673480676992,-0.6687231889124137,-0.0954629020924728,0.0636515947419537,0.1959940574276104,0.485,0.4223074086404208,LL,False,0.002,ns,-0.2101149594564609,0.4850000143051147,0.4223074086404211,False,0.0020000000949949,ns,grd_episodes,sin_rett,sir_eb,queen,6,10.0,19.299173364843707,88597,11.287063896068716,0.5181569081200377,0.2484763780021761,0.9529090025958586,0.6026673480676992,0.8246100413768827,False,Olivar,O'Higgins,lancet_americas/pipeline/15b_spatial_correlation.py
6112,0.366870721154426,-1.2329930608549529,-0.8663251328741823,1.0650495647714506,1.7864233388525346,0.006,0.03701536975837,LL,False,0.002,ns,-0.9396587184703368,0.006000000052154,0.0370153697583701,False,0.0020000000949949,ns,grd_episodes,sin_rett,sir_eb,queen,6,4.0,17.986951570045353,89872,4.450774434751647,0.2223834308122237,0.060592000227617,0.569389906650973,0.366870721154426,0.814192114639327,True,Peumo,O'Higgins,lancet_americas/pipeline/15b_spatial_correlation.py
6113,0.3546341683183206,-1.262275575164994,-0.5505742418205898,0.6929443229763286,1.4452977722240687,0.055,0.0741871316848156,LL,False,0.002,ns,-0.6395369084886406,0.0549999997019767,0.0741871316848155,False,0.0020000000949949,ns,grd_episodes,sin_rett,sir_eb,queen,6,6.0,24.38883670528564,125199,4.792370546090623,0.246014193809402,0.0902828732710177,0.5354693288707938,0.3546341683183206,0.8559389664671475,False,Pichidegua,O'Higgins,lancet_americas/pipeline/15b_spatial_correlation.py
6114,0.439673350687474,-1.0587737304876756,-1.133643373158287,1.1967622565068072,2.334557044409264,0.001,0.0097832863878211,LL,True,0.002,LL,-1.1186694446241645,0.0010000000474974,0.0097832863878212,True,0.0020000000949949,cold,grd_episodes,sin_rett,sir_eb,queen,6,5.0,16.603334528884556,84178,5.939794245527335,0.3011443268399838,0.0977807432172174,0.7027704018746029,0.439673350687474,0.8017773495046503,False,Quinta de Tilcoco,O'Higgins,lancet_americas/pipeline/15b_spatial_correlation.py
6115,0.4740502511267667,-0.9765085621407352,-0.7743434215892808,0.7539420075899897,1.8881906893377731,0.009,0.0295001776570377,LL,False,0.002,ns,-0.8032241559537749,0.0089999996125698,0.0295001776570377,False,0.0020000000949949,ns,grd_episodes,sin_rett,sir_eb,queen,6,38.0,84.7145052970736,386916,9.821253191907289,0.4485654477558837,0.3174316080923284,0.6156911232185566,0.4740502511267667,0.9537845365924748,False,Rengo,O'Higgins,lancet_americas/pipeline/15b_spatial_correlation.py
6116,0.5457174191301754,-0.8050064323556402,-0.7542677051904974,0.6054149440035058,1.7105250745311371,0.02,0.0435844103786705,LL,False,0.002,ns,-0.7627241597180215,0.0199999995529651,0.0435844103786703,False,0.0020000000949949,ns,grd_episodes,sin_rett,sir_eb,queen,6,21.0,41.89851819335261,185263,11.335236933440568,0.5012110429082369,0.3102575352208659,0.7661543204655932,0.5457174191301754,0.91077112756979,False,Requínoa,O'Higgins,lancet_americas/pipeline/15b_spatial_correlation.py
6117,0.3619349736286885,-1.2448044835234924,-0.67731280050805,0.8406567417827873,2.2807580420767843,0.005,0.0112813842324296,LL,False,0.002,ns,-0.7246037740926706,0.0049999998882412,0.0112813842324296,False,0.0020000000949949,ns,grd_episodes,sin_rett,sir_eb,queen,6,20.0,62.495055547532814,307450,6.505122784192552,0.3200253175995387,0.195479778013994,0.4942531474219004,0.3619349736286885,0.9383658581504836,False,San Vicente,O'Higgins,lancet_americas/pipeline/15b_spatial_correlation.py
6201,1.2577757989797476,0.8989750709977178,-0.2921514614944955,-0.2618689367430803,-0.587783261345107,0.306,0.2783388903413557,HL,False,0.002,ns,-0.0539261549960525,0.3059999942779541,0.2783388903413563,False,0.0020000000949949,ns,grd_episodes,sin_rett,sir_eb,queen,6,28.0,21.42025237718385,109360,25.60351133869788,1.3071741409463822,0.8686077235801299,1.889230585647682,1.2577757989797476,0.8391845686800268,False,Pichilemu,O'Higgins,lancet_americas/pipeline/15b_spatial_correlation.py
6202,0.5719236662000586,-0.7422939335731346,-0.5664156323427896,0.4192175109042219,1.1567993333256763,0.107,0.1236771771474684,LL,False,0.002,ns,-0.6015912925888587,0.1070000007748603,0.1236771771474683,False,0.0020000000949949,ns,grd_episodes,sin_rett,sir_eb,queen,6,0.0,3.072401472619275,18644,0.0,0.0,0.0,1.2006502037538416,0.5719236662000586,0.4280763337999414,True,La Estrella,O'Higgins,lancet_americas/pipeline/15b_spatial_correlation.py
6203,0.6120702335492452,-0.6462217432555434,-0.2151097843585931,0.1386021618867869,0.5216968857253342,0.332,0.3009406966823097,LL,False,0.002,ns,-0.2766972070581578,0.3319999873638153,0.3009406966823095,False,0.0020000000949949,ns,grd_episodes,sin_rett,sir_eb,queen,6,3.0,7.50303505331984,41002,7.316716257743525,0.3998381959674573,0.0824562485046447,1.1684968825866142,0.6120702335492452,0.6463753005343208,True,Litueche,O'Higgins,lancet_americas/pipeline/15b_spatial_correlation.py
6204,0.912924244146908,0.0737328051010025,-0.3462543076626058,-0.0254556513782277,-0.8333477602495587,0.209,0.2023243138690819,HL,False,0.002,ns,-0.2862561486963764,0.2090000063180923,0.2023243138690819,False,0.0020000000949949,ns,grd_episodes,sin_rett,sir_eb,queen,6,7.0,8.059191027596839,45962,15.229972586049344,0.8685735300267876,0.3492116072050817,1.7895934359063157,0.912924244146908,0.6625435185989551,False,Marchihue,O'Higgins,lancet_americas/pipeline/15b_spatial_correlation.py
6205,0.8390065497380901,-0.1031549159167045,-0.6710175633520264,0.0690163662901687,1.1488343263048335,0.103,0.1253121510454731,LL,False,0.002,ns,-0.5290519014931961,0.1030000001192092,0.1253121510454729,False,0.0020000000949949,ns,grd_episodes,sin_rett,sir_eb,queen,6,5.0,6.747087011403178,41933,11.923783177926692,0.7410605482854385,0.2406203428790208,1.729388113655886,0.8390065497380901,0.6217416820646512,False,Navidad,O'Higgins,lancet_americas/pipeline/15b_spatial_correlation.py
6206,0.8079063298058846,-0.1775788690845543,-0.2224055299231535,0.0393790414220159,0.4939144133079823,0.339,0.3106833124762488,LL,False,0.002,ns,-0.2149344197833867,0.3389999866485595,0.310683312476249,False,0.0020000000949949,ns,grd_episodes,sin_rett,sir_eb,queen,6,4.0,5.92706236732343,37889,10.557153791337855,0.6748705770420868,0.1838795183993468,1.7279367147993483,0.8079063298058846,0.5908221668974607,True,Paredones,O'Higgins,lancet_americas/pipeline/15b_spatial_correlation.py
6301,1.1109938865680378,0.5477206361728308,-0.6943651189235487,-0.3792060634312954,-1.8836618108807937,0.011,0.0298053676004196,HL,False,0.002,ns,-0.5563555905795069,0.0109999999403953,0.0298053676004196,False,0.0020000000949949,ns,grd_episodes,sin_rett,sir_eb,queen,6,117.0,104.90101768602256,477386,24.50846903763411,1.115337129999927,0.9224141945771862,1.3367022770203325,1.1109938865680378,0.962343059586344,False,San Fernando,O'Higgins,lancet_americas/pipeline/15b_spatial_correlation.py
6302,1.532457149888477,1.5562974963913596,-0.3471558896543244,-0.5386980821548252,-0.8904353135818087,0.186,0.1866160938183072,HL,False,0.002,ns,-0.1092242163986141,0.1860000044107437,0.1866160938183071,False,0.0020000000949949,ns,grd_episodes,sin_rett,sir_eb,queen,6,30.0,18.15016866161459,96058,31.23113119157176,1.6528772023725802,1.1151893075367345,2.359584982005225,1.532457149888477,0.8155548209579193,False,Chépica,O'Higgins,lancet_americas/pipeline/15b_spatial_correlation.py
6303,0.8165085522185326,-0.1569934391623892,0.1064101226901654,-0.0166568440727541,-0.2538919408208528,0.364,0.399789520565719,LH,False,0.002,ns,0.062509529048073,0.363999992609024,0.3997895205657188,False,0.0020000000949949,ns,grd_episodes,sin_rett,sir_eb,queen,6,38.0,47.462087772616584,227873,16.675955466422085,0.800639031768936,0.5665798304960162,1.098939624593428,0.8165085522185326,0.9203980568994656,False,Chimbarongo,O'Higgins,lancet_americas/pipeline/15b_spatial_correlation.py
6304,0.5977581316799577,-0.6804711216064124,0.1569813107733048,-0.1065089057809532,-0.3647605473835048,0.327,0.3576450787674681,LH,False,0.002,ns,0.017405905376685,0.3269999921321869,0.3576450787674681,False,0.0020000000949949,ns,grd_episodes,sin_rett,sir_eb,queen,6,3.0,7.780961675158441,44116,6.800253876144709,0.3855564550045046,0.0795110101712464,1.1267595749421035,0.5977581316799577,0.6546441436259065,True,Lolol,O'Higgins,lancet_americas/pipeline/15b_spatial_correlation.py
6305,0.6793705719682765,-0.4851695948914197,-0.1188551250660377,0.0574962820811665,0.2590680570370001,0.438,0.3977913651980501,LL,False,0.002,ns,-0.1799075367036015,0.4379999935626983,0.3977913651980503,False,0.0020000000949949,ns,grd_episodes,sin_rett,sir_eb,queen,6,15.0,24.016536589152757,116154,12.913890180277908,0.6245696561749399,0.3495668953605554,1.0301326662837786,0.6793705719682765,0.8540317353280523,False,Nancagua,O'Higgins,lancet_americas/pipeline/15b_spatial_correlation.py
6306,0.7276683017192528,-0.369591377601134,-0.5865336164237647,0.216143914182664,1.1906861650944842,0.102,0.1168884055651691,LL,False,0.002,ns,-0.5431451686592386,0.1019999980926513,0.116888405565169,False,0.0020000000949949,ns,grd_episodes,sin_rett,sir_eb,queen,6,10.0,15.278766943746906,80443,12.431162437999577,0.65450307847602,0.3138596664107785,1.2036544643770708,0.7276683017192528,0.7882319097938632,False,Palmilla,O'Higgins,lancet_americas/pipeline/15b_spatial_correlation.py
6307,0.9209038845680676,0.0928283737592059,-0.3817109934339581,-0.0353300037174604,-0.8501002235374076,0.217,0.197634683680795,HL,False,0.002,ns,-0.3026210989017642,0.2169999927282333,0.1976346836807949,False,0.0020000000949949,ns,grd_episodes,sin_rett,sir_eb,queen,6,12.0,13.383237972730058,71820,16.70843776106934,0.8966439978465174,0.4633090378693577,1.5662566182330966,0.9209038845680676,0.7652783949061376,False,Peralillo,O'Higgins,lancet_americas/pipeline/15b_spatial_correlation.py
6308,0.540750513177054,-0.8168924182698885,-0.3348117203511176,0.2727054332246479,0.6816378001474175,0.27,0.2477340034037557,LL,False,0.002,ns,-0.4312278599348721,0.270000010728836,0.2477340034037556,False,0.0020000000949949,ns,grd_episodes,sin_rett,sir_eb,queen,6,4.0,10.883280474144613,55224,7.243227582210633,0.3675362414395909,0.1001412557744437,0.9410387520320382,0.540750513177054,0.7261277513643991,True,Placilla,O'Higgins,lancet_americas/pipeline/15b_spatial_correlation.py
6309,0.7072145114872547,-0.4185380387388869,0.0459339130668635,-0.0191688761734888,-0.1086206775316864,0.414,0.4567516797469882,LH,False,0.002,ns,-0.020419222905387,0.414000004529953,0.4567516797469886,False,0.0020000000949949,ns,grd_episodes,sin_rett,sir_eb,queen,6,1.0,3.113388682514977,21159,4.726121272271847,0.3211934332568479,0.0081319136690117,1.7895752696184908,0.7072145114872547,0.4313238893923812,True,Pumanque,O'Higgins,lancet_americas/pipeline/15b_spatial_correlation.py
6310,0.910577607774191,0.0681172192342217,-0.2213498208872542,-0.0150336473345028,-0.5755869748967232,0.316,0.2824471935293103,HL,False,0.002,ns,-0.1851664408720698,0.3160000145435333,0.28244719352931,False,0.0020000000949949,ns,grd_episodes,sin_rett,sir_eb,queen,6,46.0,50.92049597618102,249882,18.408688901161348,0.9033690485166784,0.6613796814690348,1.2049677155400664,0.910577607774191,0.9254011354865236,False,Santa Cruz,O'Higgins,lancet_americas/pipeline/15b_spatial_correlation.py
7101,0.7658654670358775,-0.2781841769811382,-0.4137332512434392,0.1147575116945272,0.9248810445528984,0.185,0.1775138938211759,LL,False,0.002,ns,-0.3911417388663892,0.1850000023841858,0.1775138938211762,False,0.0020000000949949,ns,grd_episodes,sin_rett,sir_eb,queen,7,231.0,302.8744494153983,1432927,16.12084914304776,0.7626922655439281,0.6675019597977802,0.8676494877035741,0.7658654670358775,0.9866283267200598,False,Talca,Maule,lancet_americas/pipeline/15b_spatial_correlation.py
7102,0.7306452474421251,-0.3624674386211124,-0.6065046596237654,0.2191953887590298,1.361764521573497,0.064,0.086636105762102,LL,False,0.002,ns,-0.5658317894566569,0.0640000030398368,0.0866361057621019,False,0.0020000000949949,ns,grd_episodes,sin_rett,sir_eb,queen,7,49.0,68.57726745475341,302769,16.18395542476277,0.7145224914703653,0.5286076726919287,0.9446366266439514,0.7306452474421251,0.943523550927704,False,Constitución,Maule,lancet_americas/pipeline/15b_spatial_correlation.py
7103,0.5420237515456607,-0.8138455127199193,-0.5387255038754767,0.4371573475603523,1.212841423405763,0.096,0.1125952273247166,LL,False,0.002,ns,-0.5845788386828841,0.096000000834465,0.1125952273247168,False,0.0020000000949949,ns,grd_episodes,sin_rett,sir_eb,queen,7,3.0,9.003135129828879,55886,5.36807071538489,0.3332172578483802,0.0687174094328361,0.9738022303691628,0.5420237515456607,0.6868447839194374,True,Curepto,Maule,lancet_americas/pipeline/15b_spatial_correlation.py
7104,0.4363994896799599,-1.0666081985021276,-0.5240590401891024,0.5573312662246046,1.0687680816066938,0.135,0.1425870925724552,LL,False,0.002,ns,-0.6325688718517075,0.135000005364418,0.1425870925724552,False,0.0020000000949949,ns,grd_episodes,sin_rett,sir_eb,queen,7,0.0,5.301294825727024,25161,0.0,0.0,0.0,0.6958449917201199,0.4363994896799599,0.5636005103200401,True,Empedrado,Maule,lancet_americas/pipeline/15b_spatial_correlation.py
7105,0.4254224965175022,-1.0928765408748635,-0.1158525680386642,0.1262423416639231,0.2555751473213383,0.443,0.3991394553747331,LL,False,0.002,ns,-0.2786898968446976,0.4429999887943268,0.3991394553747336,False,0.0020000000949949,ns,grd_episodes,sin_rett,sir_eb,queen,7,42.0,104.26938249160722,380359,11.042199606161548,0.402802807462494,0.2903048335873108,0.544472379349329,0.4254224965175022,0.9621235844078628,False,Maule,Maule,lancet_americas/pipeline/15b_spatial_correlation.py
7106,0.7899888825614174,-0.2204559695525407,-0.4067811846503852,0.0894151260120486,0.8209446163567701,0.218,0.2058389078709735,LL,False,0.002,ns,-0.369516141630816,0.2179999947547912,0.2058389078709737,False,0.0020000000949949,ns,grd_episodes,sin_rett,sir_eb,queen,7,8.0,11.217954344772563,55224,14.486455164421264,0.7131424994368877,0.3078843138952465,1.405175019948158,0.7899888825614174,0.7321095562302631,False,Pelarco,Maule,lancet_americas/pipeline/15b_spatial_correlation.py
7107,0.8000855239201617,-0.1962943409443254,-0.5492784987798658,0.1075049969920843,1.4165476830402102,0.055,0.0783076068373495,LL,False,0.002,ns,-0.5051554790504234,0.0549999997019767,0.0783076068373498,False,0.0020000000949949,ns,grd_episodes,sin_rett,sir_eb,queen,7,7.0,9.774722853741318,51659,13.550397800964014,0.7161328361673927,0.2879225420128056,1.4755073445567854,0.8000855239201617,0.7042536141930285,False,Pencahue,Maule,lancet_americas/pipeline/15b_spatial_correlation.py
7108,0.5520295991837794,-0.7899011567749364,-0.2251895770585112,0.1773573977413808,0.4554549948909726,0.375,0.3243909691541322,LL,False,0.002,ns,-0.3381318930017962,0.375,0.3243909691541326,False,0.0020000000949949,ns,grd_episodes,sin_rett,sir_eb,queen,7,8.0,17.823031272102014,89358,8.952751852100539,0.4488574293488571,0.1937847790322124,0.8844280739644482,0.5520295991837794,0.8128031196845665,False,Río Claro,Maule,lancet_americas/pipeline/15b_spatial_correlation.py
7109,0.7934558822348134,-0.2121593137125419,-0.0012058258851093,0.0002550791595157,0.0132557232696398,0.459,0.4947118863970011,LL,False,0.002,ns,-0.0275750118635382,0.4589999914169311,0.4947118863970012,False,0.0020000000949949,ns,grd_episodes,sin_rett,sir_eb,queen,7,48.0,61.563382260710995,281564,17.047633930474067,0.7796842577090346,0.574877622441313,1.033748209489494,0.7934558822348134,0.9374914185315408,False,San Clemente,Maule,lancet_americas/pipeline/15b_spatial_correlation.py
7110,0.7371588753053085,-0.3468800911329242,-0.3995856302250038,0.138203012401459,0.961315712595078,0.172,0.1681967249434862,LL,False,0.002,ns,-0.3920562674975642,0.1720000058412552,0.1681967249434863,False,0.0020000000949949,ns,grd_episodes,sin_rett,sir_eb,queen,7,9.0,13.672652630558586,60744,14.816278150928486,0.6582482743608116,0.3009930266333551,1.249560265521145,0.7371588753053085,0.769099626938509,False,San Rafael,Maule,lancet_americas/pipeline/15b_spatial_correlation.py
7201,0.5570055708909173,-0.7779934761828424,0.6633497140254803,-0.5145727389748422,-2.275548067690575,0.018,0.0114365363056279,LH,False,0.002,ns,0.5432377815081201,0.0179999992251396,0.0114365363056279,False,0.0020000000949949,ns,grd_episodes,sin_rett,sir_eb,queen,7,28.0,53.53342384125186,265520,10.545344983428745,0.5230377209391887,0.3475547671120607,0.7559351343428264,0.5570055708909173,0.9287829427127552,False,Cauquenes,Maule,lancet_americas/pipeline/15b_spatial_correlation.py
7202,0.5492742872427676,-0.7964947180843961,-0.7731015731724806,0.6139708186401894,1.5675798699015615,0.029,0.0584896065158907,LL,False,0.002,ns,-0.7777802021548638,0.0289999991655349,0.0584896065158908,False,0.0020000000949949,ns,grd_episodes,sin_rett,sir_eb,queen,7,4.0,10.650691326628476,55810,7.1671743415158575,0.3755624754610382,0.1023281344095929,0.9615890988970868,0.5492742872427676,0.721810741739159,True,Chanco,Maule,lancet_americas/pipeline/15b_spatial_correlation.py
7203,0.512148873069999,-0.8853371793838399,-0.0419809874255503,0.0370586525945147,0.0705670255102605,0.478,0.4718711773970079,LL,False,0.002,ns,-0.2528200354151226,0.4779999852180481,0.471871177397008,False,0.0020000000949949,ns,grd_episodes,sin_rett,sir_eb,queen,7,3.0,9.76775413771174,49343,6.079889751332509,0.3071330377182078,0.0633382161521661,0.8975730701383322,0.512148873069999,0.704105049724668,True,Pelluhue,Maule,lancet_americas/pipeline/15b_spatial_correlation.py
7301,0.6675284197825676,-0.5135082941545427,-0.3240033159372465,0.165891903546686,0.7176516028864597,0.27,0.2364860656744684,LL,False,0.002,ns,-0.3555874789734628,0.270000010728836,0.2364860656744687,False,0.0020000000949949,ns,grd_episodes,sin_rett,sir_eb,queen,7,145.0,219.26368053067907,999622,14.505483072601445,0.6613042326438181,0.5580488798238182,0.7781261711709185,0.6675284197825676,0.9816230737474672,False,Curicó,Maule,lancet_americas/pipeline/15b_spatial_correlation.py
7302,0.7804047049121514,-0.2433912539356162,-0.4172440413118782,0.1012566102061788,1.1239440922993074,0.118,0.1305183722090624,LL,False,0.002,ns,-0.3979270649367378,0.1180000007152557,0.1305183722090626,False,0.0020000000949949,ns,grd_episodes,sin_rett,sir_eb,queen,7,8.0,11.40613395666112,61337,13.042698534326751,0.7013769985866284,0.3028048057187232,1.3819922929265354,0.7804047049121514,0.7353596141238693,False,Hualañé,Maule,lancet_americas/pipeline/15b_spatial_correlation.py
7303,0.4224209783457984,-1.1000592826152849,-0.575279690996035,0.6309913496650942,0.990146457459776,0.157,0.1610512693156958,LL,False,0.002,ns,-0.7064745889008477,0.1570000052452087,0.1610512693156957,False,0.0020000000949949,ns,grd_episodes,sin_rett,sir_eb,queen,7,1.0,7.979863440250525,41923,2.3853254776614268,0.1253154276996756,0.0031727119359695,0.6982128745255793,0.4224209783457984,0.6603283514367153,True,Licantén,Maule,lancet_americas/pipeline/15b_spatial_correlation.py
7304,0.8314395862020699,-0.1212629338360381,-0.5307728118071979,0.0641748722538279,1.179648359093149,0.108,0.1190700503713228,LL,False,0.002,ns,-0.4625211654786714,0.1080000028014183,0.119070050371323,False,0.0020000000949949,ns,grd_episodes,sin_rett,sir_eb,queen,7,54.0,65.77977783944281,303932,17.767132121658793,0.820920984741006,0.6167011094437039,1.0711238120275708,0.8314395862020699,0.9412627914786592,False,Molina,Maule,lancet_americas/pipeline/15b_spatial_correlation.py
7305,0.6053608541481998,-0.6622775312666002,-0.0523845521823796,0.0345916700482041,0.1044370389371325,0.497,0.4584112652795701,LL,False,0.002,ns,-0.15403338202975,0.4970000088214874,0.4584112652795701,False,0.0020000000949949,ns,grd_episodes,sin_rett,sir_eb,queen,7,7.0,14.239317255588343,68621,10.200958890135674,0.4915966035697947,0.1976473310484984,1.0128768888860926,0.6053608541481998,0.7762323159577418,False,Rauco,Maule,lancet_americas/pipeline/15b_spatial_correlation.py
7306,0.9760707136455982,0.224844594629505,-0.0785643879779222,-0.0176131265696461,-0.1285564204916673,0.5,0.4488543257417294,HL,False,0.002,ns,-0.0027121423260652,0.5,0.4488543257417299,False,0.0020000000949949,ns,grd_episodes,sin_rett,sir_eb,queen,7,20.0,20.59095236620509,98710,20.261371694863744,0.9713003869031822,0.5932955099956577,1.5000946703839768,0.9760707136455982,0.8337842839092163,False,Romeral,Maule,lancet_americas/pipeline/15b_spatial_correlation.py
7307,0.5513969106916841,-0.7914152032610443,-0.4139228511414237,0.3266269869688127,1.0727891378336976,0.135,0.1416828677379918,LL,False,0.002,ns,-0.4611093951563766,0.135000005364418,0.1416828677379915,False,0.0020000000949949,ns,grd_episodes,sin_rett,sir_eb,queen,7,11.0,23.28891881133423,117446,9.366006505117245,0.4723276374103948,0.2357842548089611,0.8451246136734829,0.5513969106916841,0.8501546056093429,False,Sagrada Familia,Maule,lancet_americas/pipeline/15b_spatial_correlation.py
7308,0.7693249512313783,-0.2699055059520549,0.1660139104350272,-0.0446770507469192,-0.3992573684456628,0.323,0.34485178801558,LH,False,0.002,ns,0.1037397080940149,0.3230000138282776,0.3448517880155804,False,0.0020000000949949,ns,grd_episodes,sin_rett,sir_eb,queen,7,29.0,38.92617940460467,187415,15.47368140223568,0.7449999060675737,0.4989381294186424,1.0699441372265746,0.7693249512313783,0.9046077011632372,False,Teno,Maule,lancet_americas/pipeline/15b_spatial_correlation.py
7309,0.6027178623800824,-0.6686023063325698,-0.5070098018784851,0.337996730112247,0.8692693142041403,0.209,0.1923499213840755,LL,False,0.002,ns,-0.5474079279920065,0.2090000063180923,0.1923499213840755,False,0.0020000000949949,ns,grd_episodes,sin_rett,sir_eb,queen,7,1.0,4.364852020161084,26123,3.8280442521915554,0.2291028413749282,0.0058003817465856,1.2764793319919416,0.6027178623800824,0.5153503721929491,True,Vichuquén,Maule,lancet_americas/pipeline/15b_spatial_correlation.py
7401,1.9332960863000443,2.5155195950252347,0.214613334332059,0.5382854980184352,0.5120520228150006,0.281,0.3043073004707252,HH,False,0.002,ns,0.5980977111142548,0.2809999883174896,0.3043073004707257,False,0.0020000000949949,ns,grd_episodes,sin_rett,sir_eb,queen,7,263.0,134.05550409598538,612926,42.908931910214285,1.9618739400039016,1.7319110941037283,2.2138737720956225,1.9332960863000443,0.9702893981058046,False,Linares,Maule,lancet_americas/pipeline/15b_spatial_correlation.py
7402,1.812973997782362,2.2275844775110083,0.7676095799015745,1.7049154329746354,1.878048890895536,0.051,0.0301872385533688,HH,False,0.002,ns,0.9761774224172074,0.0509999990463256,0.0301872385533689,False,0.0020000000949949,ns,grd_episodes,sin_rett,sir_eb,queen,7,57.0,29.599367000729515,137440,41.472642607683355,1.9257168573434411,1.4585191420431636,2.494989551673273,1.812973997782362,0.8782102122622887,False,Colbún,Maule,lancet_americas/pipeline/15b_spatial_correlation.py
7403,0.6132237738564617,-0.6434612795035619,1.1974709022076533,-0.7682731584381931,-2.7432133535448946,0.013,0.0030420570480188,LH,False,0.002,ns,0.890648871922451,0.0130000002682209,0.0030420570480188,False,0.0020000000949949,ns,grd_episodes,sin_rett,sir_eb,queen,7,23.0,40.09572097942185,198774,11.570929799671989,0.573627295835488,0.3636304992377496,0.8607225921325897,0.6132237738564617,0.907131770785928,False,Longaví,Maule,lancet_americas/pipeline/15b_spatial_correlation.py
7404,1.5054559638205034,1.4916826797829952,0.5467614872626523,0.8132098608714398,1.349827087095954,0.111,0.0885357270212214,HH,False,0.002,ns,0.6817502290512724,0.1110000014305114,0.0885357270212214,False,0.0020000000949949,ns,grd_episodes,sin_rett,sir_eb,queen,7,89.0,57.74010865313103,269593,33.0127265915658,1.5413895483754665,1.2378623769436736,1.8968124748725677,1.5054559638205034,0.9336271181023202,False,Parral,Maule,lancet_americas/pipeline/15b_spatial_correlation.py
7405,0.845276075578823,-0.0881517134129131,-0.022263150942867,0.001956796495439,0.0448541964485125,0.481,0.4821117630051194,LL,False,0.002,ns,-0.0354408634368762,0.481000006198883,0.4821117630051194,False,0.0020000000949949,ns,grd_episodes,sin_rett,sir_eb,queen,7,21.0,25.595323827277493,127366,16.487916712466436,0.8204623681150633,0.5078791372907937,1.254163883667411,0.845276075578823,0.8617910506936926,False,Retiro,Maule,lancet_americas/pipeline/15b_spatial_correlation.py
7406,0.8155528254837491,-0.1592805278680588,-0.2064109391495603,0.0327811110549998,0.627394974496694,0.284,0.2652001805739002,LL,False,0.002,ns,-0.2021263563057875,0.2840000092983246,0.2652001805739004,False,0.0020000000949949,ns,grd_episodes,sin_rett,sir_eb,queen,7,53.0,65.91494993976411,301225,17.59482114698315,0.8040664530343065,0.6023009494604425,1.0517387177348487,0.8155528254837491,0.9413761827551982,False,San Javier,Maule,lancet_americas/pipeline/15b_spatial_correlation.py
7407,0.6236831899577505,-0.6184315177918358,0.874298195489973,-0.5391125847177742,-1.530829824695637,0.079,0.062905728225518,LH,False,0.002,ns,0.501115767169521,0.0790000036358833,0.062905728225518,False,0.0020000000949949,ns,grd_episodes,sin_rett,sir_eb,queen,7,12.0,21.71730048739302,106243,11.294861779128976,0.5525548632053071,0.2855131609161864,0.9652021465718184,0.6236831899577505,0.8410345293682784,False,Villa Alegre,Maule,lancet_americas/pipeline/15b_spatial_correlation.py
7408,0.9935426282358504,0.2666555193127434,0.4433926953814904,0.1178873986000938,1.0860690584705963,0.139,0.1387242201755157,HH,False,0.002,ns,0.4181445273716693,0.1389999985694885,0.1387242201755156,False,0.0020000000949949,ns,grd_episodes,sin_rett,sir_eb,queen,7,25.0,25.18916217586666,116544,21.451125755079627,0.992490334750082,0.6422874145186881,1.465111520576433,0.9935426282358504,0.8598747812654041,False,Yerbas Buenas,Maule,lancet_americas/pipeline/15b_spatial_correlation.py
8101,1.4223503057130065,1.2928078287221887,1.686397724409085,2.173813361214252,4.3850805652274625,0.001,5.797142946040247e-06,HH,True,0.002,HH,1.6371989874482231,0.0010000000474974,5.79714294604029e-06,True,0.0020000000949949,hot,grd_episodes,sin_rett,sir_eb,queen,8,373.0,261.0231275283008,1432306,26.041921209573932,1.428992149209301,1.2876356225404204,1.5816298997856002,1.4223503057130065,0.9845175639961324,False,Concepción,Biobío,lancet_americas/pipeline/15b_spatial_correlation.py
8102,1.7964181058526476,2.1879656282451516,0.9762488231809726,2.129753259004528,2.2519402844920835,0.028,0.0121630229706024,HH,False,0.002,ns,1.1782016240250026,0.0280000008642673,0.0121630229706024,False,0.0020000000949949,ns,grd_episodes,sin_rett,sir_eb,queen,8,316.0,174.08577700790528,762024,41.46851017815712,1.8151971139241911,1.6205546921716585,2.026779317339862,1.7964181058526476,0.9769638437737526,False,Coronel,Biobío,lancet_americas/pipeline/15b_spatial_correlation.py
8103,1.1591930253737035,0.6630629217586932,1.2243352589433043,0.809437596714715,2.494098250841585,0.017,0.0063138792708943,HH,False,0.002,ns,1.1120807915063826,0.0170000009238719,0.0063138792708943,False,0.0020000000949949,ns,grd_episodes,sin_rett,sir_eb,queen,8,134.0,115.0339394034328,548830,24.415574950348923,1.164873607692872,0.976001113260464,1.379632771895006,1.1591930253737035,0.9655458359972922,False,Chiguayante,Biobío,lancet_americas/pipeline/15b_spatial_correlation.py
8104,1.404641697136246,1.250430486752982,1.276766119747971,1.591839130642937,3.2914797507823272,0.002,0.0004983089564603,HH,True,0.002,HH,1.2734741656235975,0.0020000000949949,0.0004983089564603,True,0.0020000000949949,hot,grd_episodes,sin_rett,sir_eb,queen,8,19.0,12.34408464494291,71113,26.718040302054476,1.5391987779169891,0.9266982116047888,2.4036495556388666,1.404641697136246,0.7504499522410663,False,Florida,Biobío,lancet_americas/pipeline/15b_spatial_correlation.py
8105,1.1400796926206564,0.617324023937547,0.9392525325805826,0.5781277635701942,2.415399668175454,0.018,0.0078589760828462,HH,False,0.002,ns,0.8990114690002029,0.0179999992251396,0.0078589760828463,False,0.0020000000949949,ns,grd_episodes,sin_rett,sir_eb,queen,8,41.0,35.45804509609265,158448,25.875997172573967,1.1562961209194824,0.8297780599217952,1.568646252634615,1.1400796926206564,0.8962454845109047,False,Hualqui,Biobío,lancet_americas/pipeline/15b_spatial_correlation.py
8106,1.9490859357404091,2.5533052768576714,0.8467938639373933,2.155801243420751,1.495917977844446,0.089,0.0673375154020681,HH,False,0.002,ns,1.2734217171674636,0.0890000015497207,0.067337515402068,False,0.0020000000949949,ns,grd_episodes,sin_rett,sir_eb,queen,8,113.0,55.9770940938979,273690,41.28758814717381,2.018682852854954,1.6636803851408155,2.4270135388444585,1.9490859357404091,0.9316795046471112,False,Lota,Biobío,lancet_americas/pipeline/15b_spatial_correlation.py
8107,1.8003012963828016,2.197258243885427,1.9916538487216968,4.363381996438104,4.093967398284365,0.001,2.120269814843662e-05,HH,True,0.002,HH,2.0327747277544437,0.0010000000474974,2.1202698148436534e-05,True,0.0020000000949949,hot,grd_episodes,sin_rett,sir_eb,queen,8,116.0,62.60891007032208,299909,38.67839911439803,1.8527714325278823,1.5309808842503678,2.222222848505518,1.8003012963828016,0.9384710437713152,False,Penco,Biobío,lancet_americas/pipeline/15b_spatial_correlation.py
8108,1.216100075589981,0.79924355486833,1.820380046657496,1.4506728471296853,3.725150881555162,0.002,9.759921668713138e-05,HH,True,0.002,HH,1.6161527482996636,0.0020000000949949,9.759921668713046e-05,True,0.0020000000949949,hot,grd_episodes,sin_rett,sir_eb,queen,8,260.0,213.06876947570527,892806,29.121668089148148,1.2202633010918382,1.076432167761934,1.3779609447920989,1.216100075589981,0.9810988690298376,False,San Pedro de la Paz,Biobío,lancet_americas/pipeline/15b_spatial_correlation.py
8109,0.985875723500679,0.2483083384826209,0.9547853887596668,0.2363879536848686,2.6553026256562537,0.01,0.0039618643997769,HH,False,0.002,ns,0.8762879387288837,0.0099999997764825,0.0039618643997769,False,0.0020000000949949,ns,grd_episodes,sin_rett,sir_eb,queen,8,18.0,18.31668766678836,88927,20.24132153339256,0.982710429279057,0.5824164813238879,1.553106150251674,0.985875723500679,0.8169246493906426,False,Santa Juana,Biobío,lancet_americas/pipeline/15b_spatial_correlation.py
8110,2.194161938638684,3.1397810317566672,2.2092499601705216,6.916278776898328,3.9441926477441216,0.002,4.003463638507219e-05,HH,True,0.002,HH,2.441882728067058,0.0020000000949949,4.003463638507239e-05,True,0.0020000000949949,hot,grd_episodes,sin_rett,sir_eb,queen,8,425.0,191.4617900041051,949569,44.75714771649032,2.2197640583580025,2.0137158299300246,2.441175683734358,2.194161938638684,0.9790105967265644,False,Talcahuano,Biobío,lancet_americas/pipeline/15b_spatial_correlation.py
8111,1.836380066340639,2.2835960476549486,1.1042245970673112,2.5142298176167395,2.310556752817152,0.023,0.0104286751785504,HH,False,0.002,ns,1.3400988871848394,0.0230000000447034,0.0104286751785504,False,0.0020000000949949,ns,grd_episodes,sin_rett,sir_eb,queen,8,133.0,70.55554960848693,353315,37.64346263249508,1.8850395289671416,1.578304205297688,2.233984919735342,1.836380066340639,0.9450200120628632,False,Tomé,Biobío,lancet_americas/pipeline/15b_spatial_correlation.py
8112,2.1932855524714574,3.1376838079039486,1.743944138449062,5.4559454450857094,3.1475402927936313,0.004,0.0008232520588106,HH,False,0.002,ns,2.0923790558127835,0.0040000001899898,0.0008232520588106,False,0.0020000000949949,ns,grd_episodes,sin_rett,sir_eb,queen,8,265.0,118.59001644851274,585392,45.26881132642742,2.234589453110101,1.9736193322123168,2.5204685439484966,2.1932855524714574,0.9665444245173218,False,Hualpén,Biobío,lancet_americas/pipeline/15b_spatial_correlation.py
8201,0.5680355304425955,-0.7515983833215437,0.4786108272037707,-0.3586713019666386,-0.8594243958948888,0.197,0.1950532075107101,LH,False,0.002,ns,0.1710585245724424,0.1969999969005584,0.19505320751071,False,0.0020000000949949,ns,grd_episodes,sin_rett,sir_eb,queen,8,19.0,36.570140640826,162707,11.677432439907315,0.519549546899715,0.3128027665170159,0.8113409752234253,0.5680355304425955,0.899082239947935,False,Lebu,Biobío,lancet_americas/pipeline/15b_spatial_correlation.py
8202,0.9256172487734498,0.1041076250844075,0.9330431176461218,0.096852877047093,1.979204944574541,0.038,0.0238964682260041,HH,False,0.002,ns,0.7672560191337789,0.0379999987781047,0.0238964682260041,False,0.0020000000949949,ns,grd_episodes,sin_rett,sir_eb,queen,8,47.0,51.10679209704493,232658,20.201325550808484,0.9196429294711616,0.6757190336167187,1.2229301385609923,0.9256172487734498,0.9256528484305038,False,Arauco,Biobío,lancet_americas/pipeline/15b_spatial_correlation.py
8203,0.540426108448278,-0.817668730540171,0.8503017579593669,-0.6932322199452882,-1.7989839573174935,0.049,0.0360106092277277,LH,False,0.002,ns,0.5167076602594595,0.0489999987185001,0.0360106092277278,False,0.0020000000949949,ns,grd_episodes,sin_rett,sir_eb,queen,8,26.0,51.6008954613016,223005,11.658931414093855,0.5038672249302119,0.3291428000185314,0.7382822282937971,0.540426108448278,0.9263122991362068,False,Cañete,Biobío,lancet_americas/pipeline/15b_spatial_correlation.py
8204,0.9385825019501411,0.1351339457128409,-0.1799708765946241,-0.0242490630457951,-0.315546273774331,0.42,0.3761734613886474,HL,False,0.002,ns,-0.1011946710177579,0.4199999868869781,0.3761734613886472,False,0.0020000000949949,ns,grd_episodes,sin_rett,sir_eb,queen,8,7.0,7.726660323997826,38035,18.404101485473905,0.9059541517904016,0.364240555881418,1.8666118034084855,0.9385825019501411,0.6530591112643124,False,Contulmo,Biobío,lancet_americas/pipeline/15b_spatial_correlation.py
8205,1.5850513147456695,1.6821572385657388,0.2398551974086765,0.4022944075329218,0.6172590723741948,0.256,0.2685319288314048,HH,False,0.002,ns,0.4458983461453997,0.2560000121593475,0.2685319288314044,False,0.0020000000949949,ns,grd_episodes,sin_rett,sir_eb,queen,8,73.0,44.54017680968167,203450,35.88105185549275,1.638969694977323,1.2846906101652744,2.060758325571576,1.5850513147456695,0.9156166862756032,False,Curanilahue,Biobío,lancet_americas/pipeline/15b_spatial_correlation.py
8206,0.7356744469225833,-0.350432382038834,0.6911226438113844,-0.2414835913273796,-1.4533268219556,0.081,0.0730665168024887,LH,False,0.002,ns,0.4828116386413413,0.0810000002384185,0.0730665168024887,False,0.0020000000949949,ns,grd_episodes,sin_rett,sir_eb,queen,8,23.0,32.738680346202464,136109,16.898221278534116,0.7025328986013296,0.4453455937400327,1.0541442883428924,0.7356744469225833,0.8885875171895503,False,Los Álamos,Biobío,lancet_americas/pipeline/15b_spatial_correlation.py
8207,0.4543489958711876,-1.0236543798129352,-0.933627592424636,0.9529174946432528,0.9081244872644576,0.137,0.1819062271514681,LL,False,0.002,ns,-0.978640986118786,0.135000005364418,0.1819062271514681,False,0.0020000000949949,ns,grd_episodes,sin_rett,sir_eb,queen,8,5.0,15.934453057510334,66302,7.541250641006305,0.3137854799254227,0.1018852912151401,0.732270636287894,0.4543489958711876,0.795160971046651,False,Tirúa,Biobío,lancet_americas/pipeline/15b_spatial_correlation.py
8301,1.783397555447925,2.156806979346428,0.7776711560619252,1.672382230314301,2.6021521666163503,0.01,0.0046320368689659,HH,False,0.002,ns,0.9030471399968806,0.0099999997764825,0.0046320368689659,False,0.0020000000949949,ns,grd_episodes,sin_rett,sir_eb,queen,8,535.0,298.1860591124791,1322945,40.44007876366742,1.7941817990833435,1.645349754096502,1.9528614098679071,1.783397555447925,0.98642093831933,False,Los Ángeles,Biobío,lancet_americas/pipeline/15b_spatial_correlation.py
8302,0.992724416837223,0.2646975097891588,0.5079017642030266,0.1340472318155059,1.28519435667812,0.114,0.0993621875927301,HH,False,0.002,ns,0.4731582992867593,0.1140000000596046,0.0993621875927303,False,0.0020000000949949,ns,grd_episodes,sin_rett,sir_eb,queen,8,5.0,5.066728411086765,25873,19.325165230162717,0.986830079358358,0.320421040639555,2.3029322143635333,0.992724416837223,0.5524394080076984,False,Antuco,Biobío,lancet_americas/pipeline/15b_spatial_correlation.py
8303,0.8370723761619736,-0.1077834633662459,1.129095095237638,-0.1213419383730494,-2.6693709666192427,0.013,0.0037996732959309,LH,False,0.002,ns,0.9229486688036574,0.0130000002682209,0.0037996732959309,False,0.0020000000949949,ns,grd_episodes,sin_rett,sir_eb,queen,8,32.0,39.02743725831514,185193,17.279270814771618,0.819935979608349,0.5608356030761702,1.1575049568440636,0.8370723761619736,0.9048316453428518,False,Cabrero,Biobío,lancet_americas/pipeline/15b_spatial_correlation.py
8304,1.5498474068780208,1.597913011477362,0.5748906755270771,0.9159392517403182,1.386812082506056,0.087,0.082749535910693,HH,False,0.002,ns,0.7453943981854583,0.0869999974966049,0.0827495359106927,False,0.0020000000949949,ns,grd_episodes,sin_rett,sir_eb,queen,8,50.0,30.80494991708945,143335,34.88331531028709,1.6231157698543066,1.2047078095353134,2.139875794044629,1.5498474068780208,0.8824161311253332,False,Laja,Biobío,lancet_americas/pipeline/15b_spatial_correlation.py
8305,1.1419547190865225,0.6218110302091517,0.4318877222177033,0.2677673081141054,1.0997000916577502,0.127,0.1357314074089519,HH,False,0.002,ns,0.4590196233593386,0.1270000040531158,0.1357314074089518,False,0.0020000000949949,ns,grd_episodes,sin_rett,sir_eb,queen,8,47.0,40.64723383492238,186421,25.211751894904545,1.1562902457490132,0.8495985804917369,1.5376209016946585,1.1419547190865225,0.908276254901331,False,Mulchén,Biobío,lancet_americas/pipeline/15b_spatial_correlation.py
8306,0.688695600266155,-0.4628544642961049,1.3885528360095396,-0.6408186454935355,-3.655732620056104,0.002,0.0001282242710921,LH,True,0.002,LH,1.1571269234713348,0.0020000000949949,0.0001282242710921,True,0.0020000000949949,hot,grd_episodes,sin_rett,sir_eb,queen,8,24.0,36.703952465301754,167851,14.298395600860289,0.6538805329668108,0.4189535955078248,0.972922401954174,0.688695600266155,0.8994131488824759,False,Nacimiento,Biobío,lancet_americas/pipeline/15b_spatial_correlation.py
8307,1.2440467797747976,0.866121030589739,0.7081815870807123,0.6115774836901609,1.511356315607558,0.077,0.0653488464727992,HH,False,0.002,ns,0.7397694757825184,0.0769999995827674,0.0653488464727992,False,0.0020000000949949,ns,grd_episodes,sin_rett,sir_eb,queen,8,18.0,13.663658447087876,62902,28.61594225938762,1.3173631403115411,0.7807528870624822,2.0820017111589197,1.2440467797747976,0.7689827480759989,False,Negrete,Biobío,lancet_americas/pipeline/15b_spatial_correlation.py
8308,0.599200737481438,-0.6770189136528006,-0.0661589030400069,0.0446598613293298,0.1642055401858663,0.471,0.4347846699357262,LL,False,0.002,ns,-0.1534246188418348,0.4709999859333038,0.4347846699357265,False,0.0020000000949949,ns,grd_episodes,sin_rett,sir_eb,queen,8,1.0,4.41456644077684,25103,3.98358761900968,0.2265228111107617,0.0057350610357638,1.2621043234221765,0.599200737481438,0.5181785168016847,True,Quilaco,Biobío,lancet_americas/pipeline/15b_spatial_correlation.py
8309,1.2829596182126122,0.95924086292009,1.0037772576057309,0.9600487704764952,2.118284129944549,0.029,0.0170755059266617,HH,False,0.002,ns,0.9948699786686034,0.0289999991655349,0.0170755059266617,False,0.0020000000949949,ns,grd_episodes,sin_rett,sir_eb,queen,8,16.0,11.565835453262832,60082,26.630271961652408,1.3833847165347877,0.7907238945770684,2.24653011038912,1.2829596182126122,0.7380565943528866,False,Quilleco,Biobío,lancet_americas/pipeline/15b_spatial_correlation.py
8310,0.6139868419970749,-0.6416352297944385,1.0093432819486023,-0.6457365530737029,-2.105810620028529,0.029,0.017610402984309,LH,False,0.002,ns,0.6791475795999944,0.0289999991655349,0.017610402984309,False,0.0020000000949949,ns,grd_episodes,sin_rett,sir_eb,queen,8,1.0,4.20940139971492,21524,4.645976584278015,0.2375634692542565,0.006014586298661,1.3236189333989947,0.6139868419970749,0.5062889072554846,True,San Rosendo,Biobío,lancet_americas/pipeline/15b_spatial_correlation.py
8311,1.0109465177478791,0.3083036575190064,0.4398608918586472,0.1352141991813487,1.100182278816497,0.127,0.1356263550903798,HH,False,0.002,ns,0.421067001238698,0.1270000040531158,0.1356263550903799,False,0.0020000000949949,ns,grd_episodes,sin_rett,sir_eb,queen,8,19.0,18.749821192510908,87740,21.654889446090724,1.0133429969769,0.6100986802442584,1.5824606147943845,1.0109465177478791,0.8203942312832818,False,Santa Bárbara,Biobío,lancet_americas/pipeline/15b_spatial_correlation.py
8312,1.4192133097708877,1.2853008837683293,1.1288941524891802,1.4467260534779462,2.37307827917397,0.018,0.008820262433701,HH,False,0.002,ns,1.1601754987450106,0.0179999992251396,0.008820262433701,False,0.0020000000949949,ns,grd_episodes,sin_rett,sir_eb,queen,8,28.0,18.5167387322615,91726,30.525696094891305,1.5121453299557508,1.0048095901164749,2.1854710231862597,1.4192133097708877,0.8185436540192749,False,Tucapel,Biobío,lancet_americas/pipeline/15b_spatial_correlation.py
8313,1.539782679381116,1.57382775389688,0.7852475863706185,1.2322308648617553,2.0815082207986793,0.029,0.0186937062130815,HH,False,0.002,ns,0.8838201073114016,0.0289999991655349,0.0186937062130814,False,0.0020000000949949,ns,grd_episodes,sin_rett,sir_eb,queen,8,40.0,24.538713296975423,132940,30.088761847449977,1.6300773196991667,1.1645511358295724,2.2197026512672826,1.539782679381116,0.8566927621499497,False,Yumbel,Biobío,lancet_americas/pipeline/15b_spatial_correlation.py
8314,0.5952922284181923,-0.6863721174601438,-0.0136347342114121,0.0093311373525362,0.0424590216152146,0.486,0.4830663891427661,LL,False,0.002,ns,-0.1481822108611585,0.4860000014305115,0.4830663891427659,False,0.0020000000949949,ns,grd_episodes,sin_rett,sir_eb,queen,8,5.0,11.189891117132053,40724,12.27777232099008,0.4468318724160643,0.1450850927077221,1.0427565341952356,0.5952922284181923,0.7316180224436355,False,Alto Biobío,Biobío,lancet_americas/pipeline/15b_spatial_correlation.py
9101,1.268034186434234,0.9235237638736724,0.0349744023482632,0.0322052481529297,0.0958631943589901,0.443,0.4618146132779966,HH,False,0.002,ns,0.1619100254233218,0.4429999887943268,0.461814613277996,False,0.0020000000949949,ns,grd_episodes,sin_rett,sir_eb,queen,9,505.0,397.38657800980315,1832870,27.55241779286038,1.2708028603511168,1.1623692901571634,1.3866288062135006,1.268034186434234,0.9897760536454716,False,Temuco,La Araucanía,lancet_americas/pipeline/15b_spatial_correlation.py
9102,0.4919693152494319,-0.933627592424636,-0.444781415740746,0.4140459912153202,1.132226674662293,0.123,0.128769574149137,LL,False,0.002,ns,-0.514616583838445,0.1230000033974647,0.128769574149137,False,0.0020000000949949,ns,grd_episodes,sin_rett,sir_eb,queen,9,14.0,32.69589659521857,152975,9.15182219316882,0.4281882883752254,0.234094521739462,0.7184271901958085,0.4919693152494319,0.8884579913675152,False,Carahue,La Araucanía,lancet_americas/pipeline/15b_spatial_correlation.py
9103,0.6721867048642766,-0.5023608491680012,-0.3219400801407276,0.1612571970347433,0.872197131572694,0.209,0.1915504220441138,LL,False,0.002,ns,-0.3444926762691367,0.2090000063180923,0.1915504220441143,False,0.0020000000949949,ns,grd_episodes,sin_rett,sir_eb,queen,9,13.0,21.341714473241364,108352,11.997932663910218,0.6091356913381837,0.324339101232128,1.041640583563788,0.6721867048642766,0.8386882298310695,False,Cunco,La Araucanía,lancet_americas/pipeline/15b_spatial_correlation.py
9104,0.3994147028422572,-1.155114133493337,-0.7698233885990289,0.886633777410482,1.6420930199249957,0.029,0.0502853640107949,LL,False,0.002,ns,-0.8468815375778906,0.0289999991655349,0.0502853640107949,False,0.0020000000949949,ns,grd_episodes,sin_rett,sir_eb,queen,9,2.0,11.179604709013194,46973,4.257765099099482,0.1788972018292887,0.021665281094303,0.6462382039231932,0.3994147028422572,0.7314374016210309,True,Curarrehue,La Araucanía,lancet_americas/pipeline/15b_spatial_correlation.py
9105,0.7315088951153387,-0.3604006984461271,0.230128691200587,-0.082696030687263,-0.5813226129129883,0.27,0.2805115214879335,LH,False,0.002,ns,0.1457673498224848,0.270000010728836,0.2805115214879333,False,0.0020000000949949,ns,grd_episodes,sin_rett,sir_eb,queen,9,22.0,31.581447031910308,152767,14.40101592621443,0.6966115256774306,0.4365627343895534,1.0546782214719332,0.7315088951153387,0.8849746368386942,False,Freire,La Araucanía,lancet_americas/pipeline/15b_spatial_correlation.py
9106,0.5717285132797787,-0.7427609415824394,0.1574665741530995,-0.1166180325205543,-0.396090198292978,0.329,0.3460192444432733,LH,False,0.002,ns,0.0288626433337366,0.3289999961853027,0.3460192444432732,False,0.0020000000949949,ns,grd_episodes,sin_rett,sir_eb,queen,9,8.0,17.067506616341415,75648,10.575296108291033,0.4687269312285099,0.2023630196482012,0.9235789136944426,0.5717285132797787,0.8061230879076018,False,Galvarino,La Araucanía,lancet_americas/pipeline/15b_spatial_correlation.py
9107,0.7127573088788944,-0.4052739237456967,0.1882282782840691,-0.0760609602307831,-0.3938386338175657,0.328,0.3468500895798015,LH,False,0.002,ns,0.069527837878116,0.328000009059906,0.3468500895798017,False,0.0020000000949949,ns,grd_episodes,sin_rett,sir_eb,queen,9,11.0,17.087276808508086,90721,12.125086804598714,0.6437538364523296,0.3213595957257907,1.15185343655824,0.7127573088788944,0.806303956400835,False,Gorbea,La Araucanía,lancet_americas/pipeline/15b_spatial_correlation.py
9108,1.6431343236505476,1.8211519834263068,0.3752066795035341,0.6813104108282954,0.9675719805063416,0.158,0.1666290882204908,HH,False,0.002,ns,0.5817702943496443,0.1580000072717666,0.1666290882204909,False,0.0020000000949949,ns,grd_episodes,sin_rett,sir_eb,queen,9,96.0,56.81826725208736,247047,38.85900253797861,1.6895974594591885,1.3685793667376882,2.0632876831530207,1.6431343236505476,0.932622814699638,False,Lautaro,La Araucanía,lancet_americas/pipeline/15b_spatial_correlation.py
9109,0.7799541660568403,-0.244469409740979,-0.0468513776381178,0.011420238202132,0.1180462656278005,0.472,0.4530154997301939,LL,False,0.002,ns,-0.075082525081384,0.4720000028610229,0.4530154997301939,False,0.0020000000949949,ns,grd_episodes,sin_rett,sir_eb,queen,9,24.0,31.929119776881087,148536,16.157699143641945,0.7516649430899024,0.4816059121623725,1.1184178531476403,0.7799541660568403,0.8860844565446144,False,Loncoche,La Araucanía,lancet_americas/pipeline/15b_spatial_correlation.py
9110,0.434970869189166,-1.07002693910053,-0.4194315491446121,0.4474907670539483,0.9806933228633368,0.162,0.1633719987993676,LL,False,0.002,ns,-0.5278641141372653,0.1620000004768371,0.1633719987993676,False,0.0020000000949949,ns,grd_episodes,sin_rett,sir_eb,queen,9,1.0,7.631192870788386,37712,2.6516758591429785,0.1310411120426431,0.0033176737127434,0.730114345853676,0.434970869189166,0.6502368968675099,True,Melipeuco,La Araucanía,lancet_americas/pipeline/15b_spatial_correlation.py
9111,1.0736006696348943,0.4582373131643769,-0.4108980397391497,-0.1877382616276925,-1.0135394430468558,0.155,0.1554012830273938,HL,False,0.002,ns,-0.2867358464672174,0.1550000011920929,0.1554012830273942,False,0.0020000000949949,ns,grd_episodes,sin_rett,sir_eb,queen,9,49.0,45.359399814238714,203510,24.077440911994497,1.0802612071736115,0.799183187989401,1.4281626048452056,1.0736006696348943,0.9170142367244776,False,Nueva Imperial,La Araucanía,lancet_americas/pipeline/15b_spatial_correlation.py
9112,0.7149136244229521,-0.4001137825178891,0.0280327062621455,-0.011183476019401,-0.0751749674454157,0.451,0.4700377505345549,LH,False,0.002,ns,-0.0433250418678602,0.4510000050067901,0.470037750534555,False,0.0020000000949949,ns,grd_episodes,sin_rett,sir_eb,queen,9,85.0,120.5323652941832,500046,16.998436143874763,0.7052047787541594,0.5632925300941642,0.8719966298045525,0.7149136244229521,0.9670657969699712,False,Padre Las Casas,La Araucanía,lancet_americas/pipeline/15b_spatial_correlation.py
9113,0.96722668858625,0.2036805222124279,0.6664433998703854,0.1353446346237528,1.3877396065379088,0.089,0.0826081754523994,HH,False,0.002,ns,0.5738908243387942,0.0890000015497207,0.0826081754523993,False,0.0020000000949949,ns,grd_episodes,sin_rett,sir_eb,queen,9,9.0,9.44404126527408,43445,20.715847623431927,0.9529818588460824,0.4357639893538627,1.8090564167948229,0.96722668858625,0.6970354550271162,False,Perquenco,La Araucanía,lancet_americas/pipeline/15b_spatial_correlation.py
9114,1.4946497930405582,1.465823121561106,-0.0488149748020738,-0.0713448961738778,-0.1039558863988935,0.475,0.4586021781890947,HL,False,0.002,ns,0.1675618961069515,0.4749999940395355,0.4586021781890948,False,0.0020000000949949,ns,grd_episodes,sin_rett,sir_eb,queen,9,51.0,32.763225612169954,157748,32.330045388848035,1.5566232886744815,1.1590082822671064,2.046672149145653,1.4946497930405582,0.8886616911385361,False,Pitrufquén,La Araucanía,lancet_americas/pipeline/15b_spatial_correlation.py
9115,0.7169615083366951,-0.395213122110283,-0.3157608784705934,0.1244279512679569,0.6766962776216175,0.27,0.2492993393649299,LL,False,0.002,ns,-0.3316513271985315,0.270000010728836,0.2492993393649301,False,0.0020000000949949,ns,grd_episodes,sin_rett,sir_eb,queen,9,28.0,40.674183460786665,180813,15.48561220708688,0.688397347349194,0.4574350379718153,0.9949258350147964,0.7169615083366951,0.908331457564608,False,Pucón,La Araucanía,lancet_americas/pipeline/15b_spatial_correlation.py
9116,0.9985537929265428,0.2786474179896488,-1.040282680528486,-0.2890245037188221,-1.4713187217168582,0.029,0.0706024712822357,HL,False,0.002,ns,-0.6006393143557747,0.0289999991655349,0.0706024712822357,False,0.0020000000949949,ns,grd_episodes,sin_rett,sir_eb,queen,9,16.0,16.0291178528588,76449,20.928985336629648,0.9981834400915828,0.5705480824080682,1.620987370364045,0.9985537929265428,0.7961240731758756,False,Saavedra,La Araucanía,lancet_americas/pipeline/15b_spatial_correlation.py
9117,0.4028314354209418,-1.146937768632336,0.2111245668001331,-0.2414387081470225,-0.5199461081565441,0.285,0.3015505687140585,LH,False,0.002,ns,0.0171156617383514,0.2849999964237213,0.3015505687140585,False,0.0020000000949949,ns,grd_episodes,sin_rett,sir_eb,queen,9,5.0,18.497249079492413,94618,5.28440677249572,0.2703104650054918,0.0877690722085995,0.6308144540400418,0.4028314354209418,0.8183871851520423,False,Teodoro Schmidt,La Araucanía,lancet_americas/pipeline/15b_spatial_correlation.py
9118,1.0317419326858568,0.3580678389564301,-0.2282242521143018,-0.081480818071454,-0.4809973142268058,0.352,0.3152592037827484,HL,False,0.002,ns,-0.1109658339001552,0.3519999980926513,0.3152592037827485,False,0.0020000000949949,ns,grd_episodes,sin_rett,sir_eb,queen,9,13.0,12.473763509284773,60053,21.647544668875828,1.0421874673448417,0.55492093351389,1.7821723092322383,1.0317419326858568,0.7524019497638325,False,Toltén,La Araucanía,lancet_americas/pipeline/15b_spatial_correlation.py
9119,0.7238051673535413,-0.3788359981131933,0.1103081003443405,-0.041666490173176,-0.2793211220931834,0.369,0.3899991990136718,LH,False,0.002,ns,0.0404303719932641,0.3689999878406524,0.3899991990136713,False,0.0020000000949949,ns,grd_episodes,sin_rett,sir_eb,queen,9,31.0,44.39555468835232,189002,16.40194283658374,0.6982681085440566,0.4744393020202081,0.9911358425890596,0.7238051673535413,0.915365065700344,False,Vilcún,La Araucanía,lancet_americas/pipeline/15b_spatial_correlation.py
9120,1.5114907378916411,1.5061241127962657,-0.1913856003202642,-0.2874076298601155,-0.4588819370991205,0.347,0.3231594752905927,HL,False,0.002,ns,0.0511157872678109,0.3470000028610229,0.3231594752905924,False,0.0020000000949949,ns,grd_episodes,sin_rett,sir_eb,queen,9,124.0,80.64913410750472,358188,34.61869186014049,1.5375242570454493,1.2788331288664176,1.8331791869249048,1.5114907378916411,0.9515677314789408,False,Villarrica,La Araucanía,lancet_americas/pipeline/15b_spatial_correlation.py
9121,0.6531851910205372,-0.5478321602875822,-0.1963552747669349,0.1072552029724158,0.4407919324100058,0.356,0.3296818172999721,LL,False,0.002,ns,-0.2549347556870431,0.356000006198883,0.3296818172999722,False,0.0020000000949949,ns,grd_episodes,sin_rett,sir_eb,queen,9,10.0,17.48909008363286,74734,13.380790537104932,0.571785035824047,0.2741931497408313,1.0515330388302115,0.6531851910205372,0.8099081956345577,False,Cholchol,La Araucanía,lancet_americas/pipeline/15b_spatial_correlation.py
9201,1.9901614415382176,2.6516004505415136,0.1314140745402988,0.3474387373308958,0.4441239254741214,0.303,0.3284764947251956,HH,False,0.002,ns,0.3834327121404203,0.3030000030994415,0.3284764947251952,False,0.0020000000949949,ns,grd_episodes,sin_rett,sir_eb,queen,9,152.0,74.33344647638758,338025,44.96708823311885,2.0448399368685752,1.732686705908188,2.396986105160459,1.9901614415382176,0.9476680653170368,False,Angol,La Araucanía,lancet_americas/pipeline/15b_spatial_correlation.py
9202,0.6398059271282374,-0.5798492235595271,0.809047876131803,-0.467754069982313,-2.1459096693063886,0.029,0.0159400931076915,LH,False,0.002,ns,0.6354357386703874,0.0289999991655349,0.0159400931076915,False,0.0020000000949949,ns,grd_episodes,sin_rett,sir_eb,queen,9,22.0,36.69633745112949,157815,13.940373221810349,0.5995148706406627,0.375712777619589,0.9076727188778352,0.6398059271282374,0.8993943756362965,False,Collipulli,La Araucanía,lancet_americas/pipeline/15b_spatial_correlation.py
9203,0.8360100808880142,-0.1103255744475155,0.2172654319396422,-0.0238998460612224,-0.5852355305185092,0.264,0.2791946786338289,LH,False,0.002,ns,0.1763165561412476,0.2639999985694885,0.2791946786338289,False,0.0020000000949949,ns,grd_episodes,sin_rett,sir_eb,queen,9,18.0,22.336034703522156,109139,16.492729455098544,0.8058726734142113,0.4776112198069476,1.27362625663552,0.8360100808880142,0.8447544299721007,False,Curacautín,La Araucanía,lancet_americas/pipeline/15b_spatial_correlation.py
9204,1.009293126406386,0.3043470321306443,0.7168586329070565,0.2175358623024278,1.6954333995657749,0.051,0.0449966172287815,HH,False,0.002,ns,0.6481066994443211,0.0509999990463256,0.0449966172287814,False,0.0020000000949949,ns,grd_episodes,sin_rett,sir_eb,queen,9,12.0,11.851713852728167,50587,23.721509478719828,1.0125117893592832,0.5231796165324136,1.768654332078036,1.009293126406386,0.7427495891697489,False,Ercilla,La Araucanía,lancet_americas/pipeline/15b_spatial_correlation.py
9205,0.9027890045452674,0.0494788094989868,-0.6359358861652475,-0.0313733466161187,-1.32236834957912,0.077,0.0930227614458617,HL,False,0.002,ns,-0.4988529470324007,0.0769999995827674,0.0930227614458619,False,0.0020000000949949,ns,grd_episodes,sin_rett,sir_eb,queen,9,13.0,14.841822630514637,66432,19.56888246628131,0.8759032043188639,0.466381566693321,1.4978211552301808,0.9027890045452674,0.7833481511038687,False,Lonquimay,La Araucanía,lancet_americas/pipeline/15b_spatial_correlation.py
9206,0.8508385042383421,-0.074840620084378,0.4930255671975754,-0.0367904492859149,-1.1716849649989585,0.128,0.120661780775953,LH,False,0.002,ns,0.3983812026505833,0.1280000060796737,0.1206617807759528,False,0.0020000000949949,ns,grd_episodes,sin_rett,sir_eb,queen,9,7.0,8.94680016824182,44993,15.557975685106571,0.7824026320435415,0.3145664370050337,1.612048452015068,0.8508385042383421,0.6854931066606712,False,Los Sauces,La Araucanía,lancet_americas/pipeline/15b_spatial_correlation.py
9207,0.594967620125753,-0.6871489168656484,-0.2810854426406896,0.1925827985173177,0.7383250908223115,0.249,0.2301584614614754,LL,False,0.002,ns,-0.3318433769188091,0.248999997973442,0.2301584614614758,False,0.0020000000949949,ns,grd_episodes,sin_rett,sir_eb,queen,9,6.0,12.878999495808795,59980,10.003334444814936,0.4658746979493691,0.1709678033769169,1.0140130859364207,0.594967620125753,0.7583096668875895,False,Lumaco,La Araucanía,lancet_americas/pipeline/15b_spatial_correlation.py
9208,1.2853265504899194,0.9649050176219468,0.2414152257528314,0.23226164347018,0.5872939126325583,0.251,0.2785031643821247,HH,False,0.002,ns,0.3619968577310173,0.2509999871253967,0.2785031643821246,False,0.0020000000949949,ns,grd_episodes,sin_rett,sir_eb,queen,9,21.0,15.427039909305108,72914,28.801053295663383,1.3612462354060195,0.8426328745176447,2.080809469843998,1.2853265504899194,0.7898395125674572,False,Purén,La Araucanía,lancet_americas/pipeline/15b_spatial_correlation.py
9209,1.0981408287334884,0.5169628030633744,0.6193657646969545,0.3192528365122127,1.4647816844453831,0.078,0.0714902452319408,HH,False,0.002,ns,0.602298604424691,0.0780000016093254,0.0714902452319408,False,0.0020000000949949,ns,grd_episodes,sin_rett,sir_eb,queen,9,16.0,14.203231961959771,65376,24.47381302006853,1.12650416770299,0.6438944655790607,1.8293721926918247,1.0981408287334884,0.7757912685051293,False,Renaico,La Araucanía,lancet_americas/pipeline/15b_spatial_correlation.py
9210,0.5609410435805455,-0.768575747440579,0.2265392301481432,-0.173603457088542,-0.5758952274213688,0.265,0.2823430008481331,LH,False,0.002,ns,0.0843799476354683,0.2649999856948852,0.2823430008481328,False,0.0020000000949949,ns,grd_episodes,sin_rett,sir_eb,queen,9,12.0,24.6055464000818,115784,10.36412630415256,0.4876949206850414,0.2519990821541603,0.8519048797919504,0.5609410435805455,0.8570263582132603,False,Traiguén,La Araucanía,lancet_americas/pipeline/15b_spatial_correlation.py
9211,1.8666187465620467,2.355958305078253,0.1450714987202929,0.3407830384909829,0.4003523942850316,0.313,0.3444484912456259,HH,False,0.002,ns,0.460912471057144,0.3129999935626983,0.344448491245626,False,0.0020000000949949,ns,grd_episodes,sin_rett,sir_eb,queen,9,86.0,44.1668554353635,212998,40.37596597151147,1.9471614891365243,1.5574778545155856,2.4047285987425666,1.8666187465620467,0.914964086379922,False,Victoria,La Araucanía,lancet_americas/pipeline/15b_spatial_correlation.py
10101,0.9964528330150032,0.2736197447961856,-0.6173679332717025,-0.1684301263578326,-1.4225838521794116,0.061,0.0774284139044955,HL,False,0.002,ns,-0.4688699869270544,0.0610000006854534,0.0774284139044955,False,0.0020000000949949,ns,grd_episodes,sin_rett,sir_eb,queen,10,373.0,374.3424155629008,1642499,22.709298453149746,0.9964139367939852,0.8978482355705049,1.1028458594880772,0.9964528330150032,0.9891535037774724,False,Puerto Montt,Los Lagos,lancet_americas/pipeline/15b_spatial_correlation.py
10102,0.723480112846641,-0.3796138653260708,-0.4926558411629214,0.1864721489927172,0.7228314367020081,0.266,0.2348917254804643,LL,False,0.002,ns,-0.4549751825506378,0.2660000026226043,0.2348917254804645,False,0.0020000000949949,ns,grd_episodes,sin_rett,sir_eb,queen,10,33.0,47.181761567746825,222459,14.834194166116005,0.6994228045643511,0.4814504761572561,0.9822496602341776,0.723480112846641,0.9199629624349184,False,Calbuco,Los Lagos,lancet_americas/pipeline/15b_spatial_correlation.py
10103,0.7680990133219616,-0.2728392197893207,-0.1619547929265145,0.0440584157778802,0.306513258193635,0.436,0.3796069433702881,LL,False,0.002,ns,-0.189675899642216,0.4359999895095825,0.3796069433702886,False,0.0020000000949949,ns,grd_episodes,sin_rett,sir_eb,queen,10,2.0,3.84314168276755,23896,8.369601606963508,0.5204075636784086,0.0630237702736849,1.8798910537488345,0.7680990133219616,0.4835376230215125,True,Cochamó,Los Lagos,lancet_americas/pipeline/15b_spatial_correlation.py
10104,0.3882735774295133,-1.181775250288095,0.4444109763922687,-0.5236582381992742,-0.891500683266278,0.194,0.1863303125821991,LH,False,0.002,ns,0.1191737310561961,0.1940000057220459,0.1863303125821991,False,0.0020000000949949,ns,grd_episodes,sin_rett,sir_eb,queen,10,3.0,14.19367992275098,75734,3.9612327356273274,0.2113616776147893,0.0435878592629057,0.6176885147092337,0.3882735774295133,0.775674228866206,True,Fresia,Los Lagos,lancet_americas/pipeline/15b_spatial_correlation.py
10105,2.025647311986865,2.7365194243027138,-0.4481781829173992,-1.222862196952736,-1.0102910753040075,0.153,0.1561779278620811,HL,False,0.002,ns,0.0826047516192864,0.152999997138977,0.1561779278620812,False,0.0020000000949949,ns,grd_episodes,sin_rett,sir_eb,queen,10,57.0,26.060753684636563,122674,46.464613528539054,2.1871969126358333,1.65656158242174,2.833767292252151,2.025647311986865,0.8639235000280675,False,Frutillar,Los Lagos,lancet_americas/pipeline/15b_spatial_correlation.py
10106,0.6882438708622358,-0.4639354691274246,-0.6446989052538562,0.2982241314845489,1.465206480839981,0.053,0.0714322959819749,LL,False,0.002,ns,-0.614571665899451,0.0529999993741512,0.0714322959819749,False,0.0020000000949949,ns,grd_episodes,sin_rett,sir_eb,queen,10,13.0,20.748030531978372,106925,12.1580547112462,0.6265654940098269,0.333619737079873,1.071446076961173,0.6882438708622358,0.8348348214665733,False,Los Muermos,Los Lagos,lancet_americas/pipeline/15b_spatial_correlation.py
10107,0.7379913668670129,-0.3448879086616755,0.0948222549733816,-0.0326074262614404,-0.1867585821139269,0.384,0.4259249610825756,LH,False,0.002,ns,0.0068802222463703,0.3840000033378601,0.4259249610825759,False,0.0020000000949949,ns,grd_episodes,sin_rett,sir_eb,queen,10,16.0,23.137804544490955,112269,14.25148527198069,0.6915089964233255,0.3952571401515711,1.1229672870474408,0.7379913668670129,0.8493234165509971,False,Llanquihue,Los Lagos,lancet_americas/pipeline/15b_spatial_correlation.py
10108,0.3560316181338057,-1.2589314271220284,-0.1899765298857699,0.2384681039358918,0.350807262840986,0.417,0.3628664740582095,LL,False,0.002,ns,-0.4572152541948348,0.4169999957084656,0.3628664740582098,False,0.0020000000949949,ns,grd_episodes,sin_rett,sir_eb,queen,10,3.0,15.85077910119564,88996,3.370938019686278,0.1892651446876644,0.0390310229513534,0.5531130686870148,0.3560316181338057,0.7943020799544945,True,Maullín,Los Lagos,lancet_americas/pipeline/15b_spatial_correlation.py
10109,0.5847835837176252,-0.7115196849936676,0.4371912901057518,-0.3101606470033471,-1.1488273649272305,0.126,0.125313586573432,LH,False,0.002,ns,0.2936024182183248,0.1260000020265579,0.1253135865734317,False,0.0020000000949949,ns,grd_episodes,sin_rett,sir_eb,queen,10,37.0,66.18583773664052,297792,12.424779712013754,0.5590319812408565,0.3936101053939512,0.7705519471531507,0.5847835837176252,0.9416021085854888,False,Puerto Varas,Los Lagos,lancet_americas/pipeline/15b_spatial_correlation.py
10201,1.465858476093408,1.3969244568961494,-0.6048988151169099,-0.8425271945481022,-1.061286571198053,0.141,0.1442798433333176,HL,False,0.002,ns,-0.1044429971136452,0.1410000026226043,0.1442798433333175,False,0.0020000000949949,ns,grd_episodes,sin_rett,sir_eb,queen,10,93.0,62.13951294020574,288183,32.271161033093556,1.496632265037063,1.2079753955503214,1.833475636266476,1.465858476093408,0.9380350591169138,False,Castro,Los Lagos,lancet_americas/pipeline/15b_spatial_correlation.py
10202,0.4374215330775748,-1.064162411619417,-0.4941988826130353,0.5243701324173046,0.7235664664285696,0.265,0.2346659673883818,LL,False,0.002,ns,-0.6841867256151627,0.2649999856948852,0.2346659673883819,False,0.0020000000949949,ns,grd_episodes,sin_rett,sir_eb,queen,10,20.0,51.00180342911235,254878,7.846891453950517,0.3921429960373478,0.2395311295684621,0.6056330526744313,0.4374215330775748,0.925511202889736,False,Ancud,Los Lagos,lancet_americas/pipeline/15b_spatial_correlation.py
10203,0.3794289667230722,-1.2029407241798853,0.1110373630001701,-0.1331808063091557,-0.174383633337909,0.392,0.4307819879775799,LH,False,0.002,ns,-0.2174571587948439,0.3919999897480011,0.4307819879775801,False,0.0020000000949949,ns,grd_episodes,sin_rett,sir_eb,queen,10,5.0,19.89130281437582,96649,5.173359269107802,0.2513661395967692,0.0816179013143923,0.5866047180624965,0.3794289667230722,0.8289379710165319,False,Chonchi,Los Lagos,lancet_americas/pipeline/15b_spatial_correlation.py
10204,0.9736943294122984,0.2191578210544807,-0.3424482323070342,-0.0748307633625192,-0.3370381388954401,0.471,0.3680440748417726,HL,False,0.002,ns,-0.0616452056262765,0.4709999859333038,0.3680440748417729,False,0.0020000000949949,ns,grd_episodes,sin_rett,sir_eb,queen,10,5.0,5.245979217089751,24552,20.36493971977843,0.9531109051502858,0.3094725165569875,2.2242429099434693,0.9736943294122984,0.561018946345941,False,Curaco de Vélez,Los Lagos,lancet_americas/pipeline/15b_spatial_correlation.py
10205,0.7056100432893605,-0.4223775892719597,-0.0777527102257928,0.0327449759820037,0.1495950852377222,0.481,0.4405420429807817,LL,False,0.002,ns,-0.1639089299873346,0.481000006198883,0.4405420429807817,False,0.0020000000949949,ns,grd_episodes,sin_rett,sir_eb,queen,10,13.0,20.136362648196275,91290,14.240333004710264,0.6455982258128671,0.3437538651810008,1.103992627990844,0.7056100432893605,0.8306672769510298,False,Dalcahue,Los Lagos,lancet_americas/pipeline/15b_spatial_correlation.py
10206,0.8029756636299565,-0.1893781318988848,1.3969244568961494,-0.263773414974685,-1.3197518485679836,0.113,0.0934589414444455,LH,False,0.002,ns,0.6037731624986321,0.1159999966621398,0.0934589414444457,False,0.0020000000949949,ns,grd_episodes,sin_rett,sir_eb,queen,10,3.0,4.743295352295687,25173,11.91753068764152,0.6324716841737555,0.1304308665063778,1.8483506546770463,0.8029756636299565,0.5360793383418934,True,Puqueldón,Los Lagos,lancet_americas/pipeline/15b_spatial_correlation.py
10207,0.6590683092300798,-0.5337536452461333,-1.2029407241798853,0.6401965871994114,1.158153171907093,0.063,0.1234007671987025,LL,False,0.002,ns,-0.8683471847130098,0.0590000003576278,0.1234007671987024,False,0.0020000000949949,ns,grd_episodes,sin_rett,sir_eb,queen,10,3.0,6.675279945077135,33254,9.021471101220904,0.4494193538972744,0.0926810752486654,1.3133940661481898,0.6590683092300798,0.6192220761539634,True,Queilén,Los Lagos,lancet_americas/pipeline/15b_spatial_correlation.py
10208,0.6606123404256335,-0.5300587226495057,-1.2029407241798853,0.6357648107471191,1.1581362456526156,0.063,0.1234042203174911,LL,False,0.002,ns,-0.8664997234146958,0.0590000003576278,0.1234042203174912,False,0.0020000000949949,ns,grd_episodes,sin_rett,sir_eb,queen,10,26.0,41.46626668992365,177713,14.630330926831464,0.6270156943334865,0.4095874688358064,0.9187232689163792,0.6606123404256335,0.9099247727538812,False,Quellón,Los Lagos,lancet_americas/pipeline/15b_spatial_correlation.py
10209,0.6455847980921513,-0.566020175954111,-0.7432700004456884,0.4194756824675004,1.0678888767385764,0.121,0.1427853203065008,LL,False,0.002,ns,-0.6841867256151627,0.1209999993443489,0.1427853203065008,False,0.0020000000949949,ns,grd_episodes,sin_rett,sir_eb,queen,10,5.0,9.99839674208147,52626,9.501007106753317,0.5000801757501672,0.1623746718596848,1.1670203113877988,0.6455847980921513,0.7089440840632301,False,Quemchi,Los Lagos,lancet_americas/pipeline/15b_spatial_correlation.py
10210,0.7390108568022173,-0.3424482323070342,0.2191578210544807,-0.0748307633625192,-0.197834821128309,0.32,0.4215871506253317,LH,False,0.002,ns,-0.0616452056262765,0.3230000138282776,0.4215871506253315,False,0.0020000000949949,ns,grd_episodes,sin_rett,sir_eb,queen,10,6.0,9.568621499422305,49529,12.114114962950998,0.6270495703443014,0.230116140932504,1.3648229291238176,0.7390108568022173,0.6997957970948667,False,Quinchao,Los Lagos,lancet_americas/pipeline/15b_spatial_correlation.py
10301,1.6556835334738635,1.8511826972354024,0.4662929047524421,0.8606693999367908,1.095254101003753,0.138,0.1367026649239581,HH,False,0.002,ns,0.6971078701662689,0.1379999965429306,0.136702664923958,False,0.0020000000949949,ns,grd_episodes,sin_rett,sir_eb,queen,10,367.0,220.0351247305168,1046987,35.05296627369776,1.667915522348876,1.501616756124109,1.8475988195259856,1.6556835334738635,0.9816863233961146,False,Osorno,Los Lagos,lancet_americas/pipeline/15b_spatial_correlation.py
10302,0.9436848587039454,0.1473440703009808,0.7108024141880059,0.1044262854450366,1.7616040529268575,0.051,0.0390681093476492,HH,False,0.002,ns,0.6303083650612877,0.0509999990463256,0.0390681093476492,False,0.0020000000949949,ns,grd_episodes,sin_rett,sir_eb,queen,10,10.0,10.841716696644422,54835,18.23652776511352,0.9223631533459145,0.4423089839284064,1.696258679006961,0.9436848587039454,0.7253661595372265,False,Puerto Octay,Los Lagos,lancet_americas/pipeline/15b_spatial_correlation.py
10303,0.8194091761709221,-0.1500521409445384,0.3140635112312303,-0.0469881072169783,-0.6335424520364524,0.256,0.2631897338252226,LH,False,0.002,ns,0.2212403807960769,0.2560000121593475,0.2631897338252222,False,0.0020000000949949,ns,grd_episodes,sin_rett,sir_eb,queen,10,20.0,25.31249907537823,126215,15.845977102563086,0.7901234856519654,0.4826279518677434,1.2202816407298196,0.8194091761709221,0.8604622789265847,False,Purranque,Los Lagos,lancet_americas/pipeline/15b_spatial_correlation.py
10304,1.2935225698490171,0.9845183889188046,-0.0120007276677666,-0.011780390469705,0.0003567474595836,0.475,0.4998576783579651,HL,False,0.002,ns,0.1540857917633286,0.4749999940395355,0.4998576783579651,False,0.0020000000949949,ns,grd_episodes,sin_rett,sir_eb,queen,10,19.0,13.75711654945443,70787,26.841086640202295,1.3811033679694666,0.8315144473222028,2.156763989381354,1.2935225698490171,0.7701914874510731,False,Puyehue,Los Lagos,lancet_americas/pipeline/15b_spatial_correlation.py
10305,0.6958080144733034,-0.4458341993906783,0.906542160991499,-0.4029857222479627,-1.832611555795632,0.045,0.0334301792117111,LH,False,0.002,ns,0.6360668889150642,0.0450000017881393,0.033430179211711,False,0.0020000000949949,ns,grd_episodes,sin_rett,sir_eb,queen,10,10.0,16.16632047109135,85208,11.735987231245891,0.6185699471863139,0.2966283332504486,1.1375721565648444,0.6958080144733034,0.7975039808289112,False,Río Negro,Los Lagos,lancet_americas/pipeline/15b_spatial_correlation.py
10306,1.624974144776682,1.7776940173741518,0.0487272330186297,0.0863688295952084,0.1097783883801565,0.417,0.4562925655058349,HH,False,0.002,ns,0.3945205898897344,0.4169999957084656,0.4562925655058348,False,0.0020000000949949,ns,grd_episodes,sin_rett,sir_eb,queen,10,15.0,7.652176840601517,45361,33.068054055245696,1.9602265227865396,1.097123904434411,3.2330955474287095,1.624974144776682,0.6508611561395238,False,San Juan de la Costa,Los Lagos,lancet_americas/pipeline/15b_spatial_correlation.py
10307,0.8268450800884327,-0.1322577534410481,0.4640920647517402,-0.0612003008508595,-1.064165724224695,0.143,0.1436268156510162,LH,False,0.002,ns,0.3647004283862753,0.1430000066757202,0.1436268156510162,False,0.0020000000949949,ns,grd_episodes,sin_rett,sir_eb,queen,10,9.0,11.744365603626605,63284,14.221604196953416,0.7663249173050986,0.3504125498364532,1.4547233991202952,0.8268450800884327,0.7410072050242836,False,San Pablo,Los Lagos,lancet_americas/pipeline/15b_spatial_correlation.py
10401,0.6239801541837395,-0.6177208716389883,-0.0121541324143512,0.0074859084582806,0.0268326981975561,0.479,0.4892965866055088,LL,False,0.002,ns,-0.1332674802592786,0.4790000021457672,0.4892965866055088,False,0.0020000000949949,ns,grd_episodes,sin_rett,sir_eb,queen,10,2.0,5.67886051317589,30243,6.613100552193896,0.3521833289195379,0.0426510350064065,1.272207276611478,0.6239801541837395,0.5804417555187568,True,Chaitén,Los Lagos,lancet_americas/pipeline/15b_spatial_correlation.py
10402,1.1129177829593269,0.5523245899467017,-0.5519349765160084,-0.3039558933253607,-0.7859870269433055,0.236,0.2159375437291225,HL,False,0.002,ns,-0.1838484543617718,0.2360000014305114,0.2159375437291223,False,0.0020000000949949,ns,grd_episodes,sin_rett,sir_eb,queen,10,4.0,3.177675958671657,17074,23.427433524657378,1.2587815913338418,0.3429756173382493,3.2229808226528296,1.1129177829593269,0.436343954673565,True,Futaleufú,Los Lagos,lancet_americas/pipeline/15b_spatial_correlation.py
10403,0.8620695007130226,-0.0479644385820618,-0.4452800457141544,0.0212951582600167,0.6375812556387368,0.303,0.2618731503080788,LL,False,0.002,ns,-0.312841510003457,0.3030000030994415,0.2618731503080788,False,0.0020000000949949,ns,grd_episodes,sin_rett,sir_eb,queen,10,10.0,12.256762095458974,57285,17.456576765296326,0.8158761606138145,0.3912443318051415,1.5004253079882532,0.8620695007130226,0.749118092186199,False,Hualaihué,Los Lagos,lancet_americas/pipeline/15b_spatial_correlation.py
10404,0.6789612649599273,-0.4861490813930285,-0.0752000870869154,0.0364515571958218,0.1535919936257268,0.473,0.4389657250952172,LL,False,0.002,ns,-0.1573898859481378,0.4729999899864197,0.4389657250952176,False,0.0020000000949949,ns,grd_episodes,sin_rett,sir_eb,queen,10,0.0,1.9409182843968935,10947,0.0,0.0,0.0,1.9005846272709983,0.6789612649599273,0.3210387350400727,True,Palena,Los Lagos,lancet_americas/pipeline/15b_spatial_correlation.py
11101,1.5246780376481852,1.5376817989358125,-0.1199841318281066,-0.1839579495454952,-0.2297736057064975,0.451,0.4091338478019464,HL,False,0.002,ns,0.2115490543246773,0.4510000050067901,0.4091338478019461,False,0.0020000000949949,ns,grd_episodes,sin_rett,sir_eb,queen,11,135.0,87.13071505168358,369164,36.56911291458539,1.5493962137223556,1.299067746320249,1.833897935874974,1.5246780376481852,0.955008470286506,False,Coyhaique,Aysén,lancet_americas/pipeline/15b_spatial_correlation.py
11102,0.8116682461246347,-0.1685764670263585,0.3282350393045891,-0.0551709117501664,-0.5799738854082113,0.272,0.2809661142818406,LH,False,0.002,ns,0.2040321627218523,0.2720000147819519,0.2809661142818405,False,0.0020000000949949,ns,grd_episodes,sin_rett,sir_eb,queen,11,0.0,0.952444786771102,5504,0.0,0.0,0.0,3.8730638304186256,0.8116682461246347,0.1883317538753652,True,Lago Verde,Aysén,lancet_americas/pipeline/15b_spatial_correlation.py
11201,1.0567839271461426,0.4179942390592121,0.3294222710210031,0.1372939898335157,0.8349673432647912,0.193,0.2018680478475061,HH,False,0.002,ns,0.3420754093121753,0.1930000036954879,0.2018680478475061,False,0.0020000000949949,ns,grd_episodes,sin_rett,sir_eb,queen,11,38.0,35.737591059309565,150503,25.248666139545392,1.0633061399391968,0.7524587093900131,1.4594707525949084,1.0567839271461426,0.8969734562979423,False,Aysén,Aysén,lancet_americas/pipeline/15b_spatial_correlation.py
11202,0.8541869785920352,-0.0668275996290166,0.0239995442540016,-0.0015991423676248,-0.0827054176554608,0.441,0.4670428884840449,LH,False,0.002,ns,0.0110242379849986,0.4410000145435333,0.4670428884840449,False,0.0020000000949949,ns,grd_episodes,sin_rett,sir_eb,queen,11,6.0,7.724932985053552,35068,17.10961560396943,0.7767057671061991,0.2850373275407238,1.690561464777309,0.8541869785920352,0.6530084522035716,False,Cisnes,Aysén,lancet_americas/pipeline/15b_spatial_correlation.py
11203,0.656778871615308,-0.5392323524126393,-0.0668275996290166,0.0359302364916059,0.0660152614883253,0.413,0.4736828375244024,LL,False,0.002,ns,-0.303029976020828,0.4129999876022339,0.4736828375244025,False,0.0020000000949949,ns,grd_episodes,sin_rett,sir_eb,queen,11,0.0,2.145110435654226,9620,0.0,0.0,0.0,1.7196687838539575,0.656778871615308,0.343221128384692,True,Guaitecas,Aysén,lancet_americas/pipeline/15b_spatial_correlation.py
11301,1.0068268382353185,0.2984451151750063,0.5432152987098746,0.1616459174397902,1.1097706778350518,0.136,0.1335489288634741,HH,False,0.002,ns,0.4942612620029012,0.1360000073909759,0.1335489288634742,False,0.0020000000949949,ns,grd_episodes,sin_rett,sir_eb,queen,11,5.0,4.938264281525008,22239,22.483025315886504,1.0125015015308023,0.3287564815419446,2.362840750134847,1.0068268382353185,0.5460814621745886,False,Cochrane,Aysén,lancet_americas/pipeline/15b_spatial_correlation.py
11302,1.2519801798479897,0.8851059444198064,0.0061904467710783,0.0054631801794511,0.0064968292095808,0.439,0.4974081583728471,HH,False,0.002,ns,0.2991622793206547,0.4390000104904175,0.4974081583728468,False,0.0020000000949949,ns,grd_episodes,sin_rett,sir_eb,queen,11,2.0,0.7713101813247083,3998,50.02501250625313,2.5929905353577,0.314023183420159,9.36677337166186,1.2519801798479897,0.1581805881799596,True,O'Higgins,Aysén,lancet_americas/pipeline/15b_spatial_correlation.py
11303,0.8423329932833883,-0.0951946159840856,0.1434583775337896,-0.0136165339743535,-0.2530427089593269,0.377,0.4001176049501388,LH,False,0.002,ns,0.0837951291543209,0.3770000040531158,0.4001176049501387,False,0.0020000000949949,ns,grd_episodes,sin_rett,sir_eb,queen,11,0.0,0.7683371368464037,3461,0.0,0.0,0.0,4.801120858552709,0.8423329932833883,0.1576670067166117,True,Tortel,Aysén,lancet_americas/pipeline/15b_spatial_correlation.py
11401,1.285347699238906,0.9649556273445656,0.0179708848393183,0.0172904014644295,0.0359897552084651,0.455,0.485645263911431,HH,False,0.002,ns,0.2547170704656301,0.4550000131130218,0.4856452639114312,False,0.0020000000949949,ns,grd_episodes,sin_rett,sir_eb,queen,11,9.0,6.090723298906624,30823,29.198974791551763,1.4776570135135894,0.6756788800629154,2.8050532938323016,1.285347699238906,0.5973903683312878,False,Chile Chico,Aysén,lancet_americas/pipeline/15b_spatial_correlation.py
11402,0.6052567318427478,-0.6625266997162634,0.97354388844653,-0.6431128579810627,-1.71592398007861,0.064,0.0430879785292022,LH,False,0.002,ns,0.5645262414058317,0.0640000030398368,0.0430879785292023,False,0.0020000000949949,ns,grd_episodes,sin_rett,sir_eb,queen,11,0.0,2.677132818339939,16225,0.0,0.0,0.0,1.3779217186547246,0.6052567318427478,0.3947432681572523,True,Río Ibáñez,Aysén,lancet_americas/pipeline/15b_spatial_correlation.py
12101,1.9197601506880817,2.4831276106513704,0.2991171408881556,0.7405742593369592,0.4284906975798039,0.295,0.3341469523783074,HH,False,0.002,ns,1.027120630809227,0.2949999868869781,0.3341469523783077,False,0.0020000000949949,ns,grd_episodes,sin_rett,sir_eb,queen,12,341.0,175.65972705663094,860088,39.64710587753811,1.9412531586711677,1.7406562493521842,2.1586265393821567,1.9197601506880817,0.9771655395946516,False,Punta Arenas,Magallanes,lancet_americas/pipeline/15b_spatial_correlation.py
12102,0.9433148144122993,0.1464585409030686,0.7213937612275328,0.1053453470494525,1.470917568957404,0.086,0.0706567053613535,HH,False,0.002,ns,0.6064067171626405,0.0860000029206276,0.0706567053613535,False,0.0020000000949949,ns,grd_episodes,sin_rett,sir_eb,queen,12,0.0,0.2466651144147036,1546,0.0,0.0,0.0,14.955010816454728,0.9433148144122993,0.0566851855877007,True,Laguna Blanca,Magallanes,lancet_americas/pipeline/15b_spatial_correlation.py
12103,0.9810398487645552,0.2367359150183683,-0.0698028403648904,-0.016476521041141,-0.1102345150627736,0.483,0.4561116950010188,HL,False,0.002,ns,0.0323767447628624,0.4830000102519989,0.4561116950010187,False,0.0020000000949949,ns,grd_episodes,sin_rett,sir_eb,queen,12,0.0,0.0793322849165883,1255,0.0,0.0,0.0,46.49909501525771,0.9810398487645552,0.0189601512354448,True,Río Verde,Magallanes,lancet_americas/pipeline/15b_spatial_correlation.py
12104,1.070900513155583,0.4517757408732425,1.3147930757772197,0.5922547983138993,1.8505355014886853,0.053,0.0321182030592039,HH,False,0.002,ns,1.027120630809227,0.0529999993741512,0.0321182030592039,False,0.0020000000949949,ns,grd_episodes,sin_rett,sir_eb,queen,12,1.0,0.6620275928408138,4016,24.900398406374503,1.510511058472532,0.038242828936554,8.416028955878602,1.070900513155583,0.138881444346613,True,San Gregorio,Magallanes,lancet_americas/pipeline/15b_spatial_correlation.py
12301,1.0486176291986484,0.3984519921772328,0.0602465360604217,0.023935161226412,0.0744397795260561,0.419,0.4703302285526303,HH,False,0.002,ns,0.1729816880993587,0.4189999997615814,0.4703302285526302,False,0.0020000000949949,ns,grd_episodes,sin_rett,sir_eb,queen,12,10.0,9.346050257407748,44641,22.40093187876616,1.0699707068313618,0.5130925432731942,1.9677142253158169,1.0486176291986484,0.6948283274574177,False,Porvenir,Magallanes,lancet_americas/pipeline/15b_spatial_correlation.py
12302,0.8664045658952091,-0.0375904705264685,0.3984519921772328,-0.0149342025527469,-0.3686593120355135,0.285,0.3561908400006374,LH,False,0.002,ns,0.1804307608253822,0.2849999964237213,0.3561908400006375,False,0.0020000000949949,ns,grd_episodes,sin_rett,sir_eb,queen,12,0.0,0.6329445974559496,4116,0.0,0.0,0.0,5.82812377092873,0.8664045658952091,0.1335954341047908,True,Primavera,Magallanes,lancet_americas/pipeline/15b_spatial_correlation.py
12303,0.9481726605165348,0.158083542647312,0.3984519921772328,0.062804525005571,0.3690383315938363,0.285,0.3560495768392328,HH,False,0.002,ns,0.2782677674122725,0.2849999964237213,0.3560495768392329,False,0.0020000000949949,ns,grd_episodes,sin_rett,sir_eb,queen,12,0.0,0.224370781465631,1679,0.0,0.0,0.0,16.440997486470835,0.9481726605165348,0.0518273394834652,True,Timaukel,Magallanes,lancet_americas/pipeline/15b_spatial_correlation.py
12401,0.7625725605009195,-0.2860642216328496,0.2283613149919341,-0.0651349901229812,-0.5327718987903051,0.276,0.2970957442937149,LH,False,0.002,ns,0.1426237255544705,0.2759999930858612,0.2970957442937145,False,0.0020000000949949,ns,grd_episodes,sin_rett,sir_eb,queen,12,21.0,28.816403321149533,144572,14.52563428603049,0.7287515990792385,0.451108725790753,1.1139742311762872,0.7625725605009195,0.8753136928849178,False,Natales,Magallanes,lancet_americas/pipeline/15b_spatial_correlation.py
12402,0.869033552887085,-0.0312992093974871,-0.2860642216328496,0.0089274039039162,0.2822725722806389,0.497,0.3888672574725972,LL,False,0.002,ns,-0.1586817155151684,0.4990000128746032,0.3888672574725971,False,0.0020000000949949,ns,grd_episodes,sin_rett,sir_eb,queen,12,0.0,0.6186119646584854,6264,0.0,0.0,0.0,5.963155685406829,0.869033552887085,0.130966447112915,True,Torres del Paine,Magallanes,lancet_americas/pipeline/15b_spatial_correlation.py
13101,1.243838876377708,0.865623510227434,-0.1689380555119392,-0.1458091597793143,-0.4758049089696205,0.336,0.3171066861307205,HL,False,0.002,ns,-0.0654818989380023,0.335999995470047,0.3171066861307208,False,0.0020000000949949,ns,grd_episodes,sin_rett,sir_eb,queen,13,577.0,463.08175008635413,3114756,18.524725532272832,1.2460003010103566,1.146394217907872,1.3519440460977603,1.243838876377708,0.9912137317565411,False,Santiago,Metropolitana,lancet_americas/pipeline/15b_spatial_correlation.py
13102,0.7863212813945024,-0.2292326720350262,0.3083058725002601,-0.0704671304808413,-0.7103180079687202,0.224,0.2387534775808681,LH,False,0.002,ns,0.2187161150777122,0.2240000069141388,0.2387534775808682,False,0.0020000000949949,ns,grd_episodes,sin_rett,sir_eb,queen,13,91.0,116.84424198881624,536592,16.95888123565018,0.7788145864193298,0.6270529231884947,0.9562117312314092,0.7863212813945024,0.9660615279567936,False,Cerrillos,Metropolitana,lancet_americas/pipeline/15b_spatial_correlation.py
13103,0.5110334746600093,-0.8880063681937431,-0.7709950889388515,0.6826466524822115,1.5756204936059188,0.034,0.0575566451465787,LL,False,0.002,ns,-0.7943973447898299,0.0340000018477439,0.0575566451465787,False,0.0020000000949949,ns,grd_episodes,sin_rett,sir_eb,queen,13,89.0,178.08446472443748,847891,10.496632232209093,0.4997628520697519,0.4013506077183539,0.6150011937494251,0.5110334746600093,0.9774694409703676,False,Cerro Navia,Metropolitana,lancet_americas/pipeline/15b_spatial_correlation.py
13104,0.6818688278440066,-0.4791911780602223,-0.6305110054240499,0.3012518748858427,1.4254029404766952,0.059,0.0770203792845738,LL,False,0.002,ns,-0.6052910341967455,0.0590000003576278,0.077020379284574,False,0.0020000000949949,ns,grd_episodes,sin_rett,sir_eb,queen,13,111.0,164.70304654817585,828741,13.393810611517951,0.6739401749167545,0.5544118933068503,0.8115978131066099,0.6818688278440066,0.9756834411438826,False,Conchalí,Metropolitana,lancet_americas/pipeline/15b_spatial_correlation.py
13105,1.2731864279896523,0.9358532645995764,0.1150557941324712,0.1073605003729232,0.2390817166772882,0.382,0.4055211093509867,HH,False,0.002,ns,0.2792152882258925,0.3819999992847442,0.4055211093509864,False,0.0020000000949949,ns,grd_episodes,sin_rett,sir_eb,queen,13,284.0,222.18161525261613,1026868,27.656914033741437,1.2782335733633838,1.1338796382783327,1.4358736867578064,1.2731864279896523,0.9818600418608014,False,El Bosque,Metropolitana,lancet_americas/pipeline/15b_spatial_correlation.py
13106,0.9008867376571884,0.0449266159100103,-0.2041526783648385,-0.0091450705791019,-0.5264494286091554,0.319,0.299287990151272,HL,False,0.002,ns,-0.1730177665804825,0.3190000057220459,0.2992879901512723,False,0.0020000000949949,ns,grd_episodes,sin_rett,sir_eb,queen,13,217.0,241.32538938169805,1267150,17.12504439095608,0.8992008696473158,0.7835330937585697,1.027134882532067,0.9008867376571884,0.9832749746552976,False,Estación Central,Metropolitana,lancet_americas/pipeline/15b_spatial_correlation.py
13107,0.5348489339376735,-0.8310151112246473,-1.1098166276113124,0.9195776794958532,2.7258235851964616,0.001,0.0032070635269708,LL,True,0.002,LL,-1.069987839556075,0.0010000000474974,0.0032070635269708,True,0.0020000000949949,cold,grd_episodes,sin_rett,sir_eb,queen,13,88.0,168.1023533109639,687917,12.792240924413846,0.5234905893150307,0.4198547603943243,0.6449550473686502,0.5348489339376735,0.9761634411242466,False,Huechuraba,Metropolitana,lancet_americas/pipeline/15b_spatial_correlation.py
13108,0.8259015871884529,-0.1345155661367578,-0.2226234503860912,0.0298587571263894,0.4551514335871795,0.371,0.3245001487871227,LL,False,0.002,ns,-0.2050018735362245,0.3709999918937683,0.3245001487871228,False,0.0020000000949949,ns,grd_episodes,sin_rett,sir_eb,queen,13,137.0,166.74461694844894,874999,15.65716075104086,0.8216157289344769,0.6898005857026169,0.9712841568861208,0.8259015871884529,0.9759740125719844,False,Independencia,Metropolitana,lancet_americas/pipeline/15b_spatial_correlation.py
13109,0.8714997241464698,-0.025397572215742,0.4879110975712637,-0.0123555241268449,-1.1168568061643516,0.137,0.132027777779591,LH,False,0.002,ns,0.402359652606763,0.1369999945163726,0.1320277777795908,False,0.0020000000949949,ns,grd_episodes,sin_rett,sir_eb,queen,13,101.0,116.49742224255723,604441,16.709654043984443,0.8669719729052001,0.7061629108132025,1.0534495385684044,0.8714997241464698,0.9659639300066962,False,La Cisterna,Metropolitana,lancet_americas/pipeline/15b_spatial_correlation.py
13110,1.0732870730073727,0.457486865072011,0.2169390266898465,0.098956560041374,0.5801964273020618,0.26,0.2808910813249695,HH,False,0.002,ns,0.2470075064876172,0.2599999904632568,0.2808910813249695,False,0.0020000000949949,ns,grd_episodes,sin_rett,sir_eb,queen,13,519.0,483.2809248518856,2424721,21.404524479311227,1.073909548900697,0.9834932084356132,1.1704031962948032,1.0732870730073727,0.9915778691308164,False,La Florida,Metropolitana,lancet_americas/pipeline/15b_spatial_correlation.py
13111,1.0940939787839212,0.5072785445024882,0.2048167838988876,0.1035953613123823,0.4773079920385149,0.291,0.3165714103855071,HH,False,0.002,ns,0.2552270773328212,0.2910000085830688,0.3165714103855067,False,0.0020000000949949,ns,grd_episodes,sin_rett,sir_eb,queen,13,165.0,150.45669177122738,727779,22.671717650550512,1.0966610926876288,0.9357105712873496,1.2773495040217429,1.0940939787839212,0.9734421178953214,False,La Granja,Metropolitana,lancet_americas/pipeline/15b_spatial_correlation.py
13112,0.7384236728659175,-0.3438533847423339,0.6747290873685438,-0.2313294948603534,-1.665246420369951,0.059,0.0479318016079678,LH,False,0.002,ns,0.5292173056384186,0.0590000003576278,0.0479318016079677,False,0.0020000000949949,ns,grd_episodes,sin_rett,sir_eb,queen,13,203.0,276.36400749301305,1134989,17.88563589603071,0.7345384872707499,0.636963140097658,0.8428328919856337,0.7384236728659175,0.9853644110017176,False,La Pintana,Metropolitana,lancet_americas/pipeline/15b_spatial_correlation.py
13113,0.3758907061213183,-1.2114079100034778,-0.9155871934023204,1.105906440992515,1.8726030607497235,0.011,0.0305616091859982,LL,False,0.002,ns,-0.9747513367225522,0.0109999999403953,0.0305616091859982,False,0.0020000000949949,ns,grd_episodes,sin_rett,sir_eb,queen,13,42.0,118.5500457822584,598773,7.014344334163364,0.3542807573195008,0.2553344077831451,0.4788846634674756,0.3758907061213183,0.9665335220426284,False,La Reina,Metropolitana,lancet_americas/pipeline/15b_spatial_correlation.py
13114,0.1647177342790435,-1.7167524831597036,-0.8882626942218025,1.520468334582345,2.1934436714917687,0.005,0.0141377143876777,LL,False,0.002,ns,-1.006618378355789,0.0049999998882412,0.0141377143876776,False,0.0020000000949949,ns,grd_episodes,sin_rett,sir_eb,queen,13,55.0,354.7200858719824,2012720,2.732620533407528,0.1550518343634179,0.1168062611103216,0.2018212749356292,0.1647177342790435,0.9885603634533684,False,Las Condes,Metropolitana,lancet_americas/pipeline/15b_spatial_correlation.py
13115,0.1685853304540598,-1.7074971853763108,-1.013351093168962,1.725234799795168,2.3048391800580936,0.001,0.0105877909497285,LL,True,0.002,LL,-1.1290421085368538,0.0010000000474974,0.0105877909497285,True,0.0020000000949949,cold,grd_episodes,sin_rett,sir_eb,queen,13,30.0,198.19525783482584,759414,3.9504143984704,0.151365881947598,0.10212592492142,0.2160842083845376,0.1685853304540598,0.9797092196269694,False,Lo Barnechea,Metropolitana,lancet_americas/pipeline/15b_spatial_correlation.py
13116,1.303462566956222,1.0083051621573154,0.199318551008565,0.2003862808433257,0.409450393329146,0.313,0.3411045821248282,HH,False,0.002,ns,0.361115873238315,0.3129999935626983,0.3411045821248286,False,0.0020000000949949,ns,grd_episodes,sin_rett,sir_eb,queen,13,170.0,129.4661949383594,615728,27.60959384663358,1.3130840840803215,1.1231126475068205,1.5259850184894637,1.303462566956222,0.9692685843409682,False,Lo Espejo,Metropolitana,lancet_americas/pipeline/15b_spatial_correlation.py
13117,0.5444439976082022,-0.8080537761982516,-0.587565399913126,0.4733961815662687,1.1998261932617091,0.097,0.1151034245862958,LL,False,0.002,ns,-0.6316630751701512,0.0970000028610229,0.1151034245862957,False,0.0020000000949949,ns,grd_episodes,sin_rett,sir_eb,queen,13,64.0,120.9857738862813,620652,10.311736689803626,0.5289878135602605,0.4073850748151824,0.6755056283369532,0.5444439976082022,0.967185171651776,False,Lo Prado,Metropolitana,lancet_americas/pipeline/15b_spatial_correlation.py
13118,0.6606286260058947,-0.5300197506658572,-0.0633619632340538,0.0334848957797053,0.13668724835384,0.481,0.4456390046310481,LL,False,0.002,ns,-0.1566935207204143,0.481000006198883,0.4456390046310486,False,0.0020000000949949,ns,grd_episodes,sin_rett,sir_eb,queen,13,98.0,150.45224612530538,814555,12.031109010441284,0.6513694712033737,0.5288132222903771,0.7938107497156708,0.6606286260058947,0.9734413539901944,False,Macul,Metropolitana,lancet_americas/pipeline/15b_spatial_correlation.py
13119,0.6465932709557316,-0.5636068638510534,-0.4906161719971302,0.2757061197087247,1.2880133062764292,0.095,0.0988706656485915,LL,False,0.002,ns,-0.4997400084788704,0.0949999988079071,0.0988706656485916,False,0.0020000000949949,ns,grd_episodes,sin_rett,sir_eb,queen,13,481.0,746.1424283346655,3488155,13.789524834762217,0.6446490398268281,0.5883186186359116,0.7049179732295753,0.6465932709557316,0.9945287016307596,False,Maipú,Metropolitana,lancet_americas/pipeline/15b_spatial_correlation.py
13120,0.5716800708829841,-0.7428768659932069,-0.2374914415366178,0.1759110296667417,0.579479792539284,0.302,0.2811327388770971,LL,False,0.002,ns,-0.309689359316131,0.3019999861717224,0.281132738877097,False,0.0020000000949949,ns,grd_episodes,sin_rett,sir_eb,queen,13,144.0,254.96459725395368,1536705,9.370698995578202,0.5647842937840148,0.4763069951900245,0.6649296207138898,0.5716800708829841,0.9841554957680064,False,Ñuñoa,Metropolitana,lancet_americas/pipeline/15b_spatial_correlation.py
13121,1.2220086137079926,0.813382900671798,0.2711091087742399,0.2198707310907251,0.6217240402087701,0.243,0.267061670573283,HH,False,0.002,ns,0.3614880740904999,0.2430000007152557,0.2670616705732826,False,0.0020000000949949,ns,grd_episodes,sin_rett,sir_eb,queen,13,151.0,122.82130539613732,638858,23.635925354304085,1.2294283920283824,1.0411567866711384,1.4419064561729535,1.2220086137079926,0.967659720513266,False,Pedro Aguirre Cerda,Metropolitana,lancet_americas/pipeline/15b_spatial_correlation.py
13122,0.6223454501204163,-0.6216327776935843,-0.5347710385916354,0.3314591850791878,1.3000128267487951,0.083,0.0967982865020551,LL,False,0.002,ns,-0.5471798584633432,0.0829999968409538,0.0967982865020552,False,0.0020000000949949,ns,grd_episodes,sin_rett,sir_eb,queen,13,221.0,357.599153962212,1613836,13.694080439400286,0.6180104106827764,0.5392111243199693,0.7050858976073024,0.6223454501204163,0.988651419936893,False,Peñalolén,Metropolitana,lancet_americas/pipeline/15b_spatial_correlation.py
13123,0.6392888337445549,-0.5810866467627867,-0.8427484515245375,0.488277971551097,2.0519794285185293,0.006,0.0200858308439218,LL,False,0.002,ns,-0.8053681937014306,0.006000000052154,0.0200858308439218,False,0.0020000000949949,ns,grd_episodes,sin_rett,sir_eb,queen,13,87.0,138.40482128482208,960652,9.056349229481643,0.6285908192530624,0.5034754778695084,0.7753644532489437,0.6392888337445549,0.971196149567499,False,Providencia,Metropolitana,lancet_americas/pipeline/15b_spatial_correlation.py
13124,0.5580089062536663,-0.7755924583054237,-0.6333306547575666,0.4897702031879216,1.7983413106187094,0.014,0.0360614685271621,LL,False,0.002,ns,-0.6491375218184396,0.0140000004321336,0.0360614685271622,False,0.0020000000949949,ns,grd_episodes,sin_rett,sir_eb,queen,13,193.0,349.12399176333736,1538353,12.545885112194666,0.5528121943874599,0.4775680809843923,0.6365463632545312,0.5580089062536663,0.9883791288559663,False,Pudahuel,Metropolitana,lancet_americas/pipeline/15b_spatial_correlation.py
13125,0.5018017515694086,-0.9100982160472672,-0.7813444822970919,0.7090209790491899,1.906632853822464,0.01,0.0282840737990012,LL,False,0.002,ns,-0.7997378728328318,0.0099999997764825,0.0282840737990012,False,0.0020000000949949,ns,grd_episodes,sin_rett,sir_eb,queen,13,195.0,392.6750291268868,1573746,12.390817832102512,0.4965938385070796,0.4293364354117549,0.5713987740197174,0.5018017515694086,0.9896546497426963,False,Quilicura,Metropolitana,lancet_americas/pipeline/15b_spatial_correlation.py
13126,0.5763968723972307,-0.7315893890633473,-0.3108509500885868,0.2267502997742367,0.6935654472904859,0.273,0.2439773844444493,LL,False,0.002,ns,-0.380974023251047,0.2730000019073486,0.2439773844444493,False,0.0020000000949949,ns,grd_episodes,sin_rett,sir_eb,queen,13,91.0,160.89403294791012,828398,10.985057906948107,0.5655896513543265,0.4553775062655781,0.6944187604068566,0.5763968723972307,0.9751220911826872,False,Quinta Normal,Metropolitana,lancet_americas/pipeline/15b_spatial_correlation.py
13127,0.6697544172650794,-0.5081814015231932,-0.4838467584420095,0.2451629708338666,1.1739633393079678,0.113,0.1202048550980122,LL,False,0.002,ns,-0.4873231360250362,0.1129999980330467,0.1202048550980122,False,0.0020000000949949,ns,grd_episodes,sin_rett,sir_eb,queen,13,151.0,227.47979993749743,1153882,13.0862601201856,0.6637952030971053,0.5621432570985745,0.7785167441458086,0.6697544172650794,0.9822750471650904,False,Recoleta,Metropolitana,lancet_americas/pipeline/15b_spatial_correlation.py
13128,0.56087042837404,-0.7687447321883835,-0.6531655293011269,0.500649379897579,1.5903508536530384,0.038,0.0558778708652269,LL,False,0.002,ns,-0.6696768439993068,0.0379999987781047,0.0558778708652269,False,0.0020000000949949,ns,grd_episodes,sin_rett,sir_eb,queen,13,124.0,224.29877628494165,969996,12.783557870341731,0.5528340459712296,0.4598187570138415,0.6591400833216167,0.56087042837404,0.9820281881247754,False,Renca,Metropolitana,lancet_americas/pipeline/15b_spatial_correlation.py
13129,1.1552281894271046,0.6535749256785647,0.0372358717923891,0.0242652729809853,0.1049199034288975,0.423,0.4582196827413089,HH,False,0.002,ns,0.1252843080618423,0.4230000078678131,0.4582196827413093,False,0.0020000000949949,ns,grd_episodes,sin_rett,sir_eb,queen,13,136.0,117.17409291132114,619625,21.948759330240065,1.160666121844242,0.9738028301010072,1.3729380846369192,1.1552281894271046,0.9661538328384548,False,San Joaquín,Metropolitana,lancet_americas/pipeline/15b_spatial_correlation.py
13130,0.7425089901782536,-0.3340770723885342,0.5675691491232122,-0.1890574191331659,-1.3940704720954251,0.084,0.0816481624215887,LH,False,0.002,ns,0.4387625460501055,0.0839999988675117,0.0816481624215889,False,0.0020000000949949,ns,grd_episodes,sin_rett,sir_eb,queen,13,112.0,152.26341692467875,823684,13.597447564842827,0.7355673625491004,0.6056638908752308,0.8850786749308314,0.7425089901782536,0.973748975557368,False,San Miguel,Metropolitana,lancet_americas/pipeline/15b_spatial_correlation.py
13131,1.1290596179165835,0.5909525858747304,0.1479607559510909,0.0871821252807353,0.3484815664598871,0.342,0.3637392775651598,HH,False,0.002,ns,0.2217927276050308,0.3420000076293945,0.3637392775651595,False,0.0020000000949949,ns,grd_episodes,sin_rett,sir_eb,queen,13,119.0,104.92823476255109,512512,23.21896853146853,1.134108472036081,0.9395148350710278,1.357129872549905,1.1290596179165835,0.9623524595959964,False,San Ramón,Metropolitana,lancet_americas/pipeline/15b_spatial_correlation.py
13132,0.1537930875188711,-1.7428955586950772,-1.0689065656093284,1.8575451593521424,2.4288030313547004,0.001,0.0075743798758016,LL,True,0.002,LL,-1.1812380644569536,0.0010000000474974,0.0075743798758017,True,0.0020000000949949,cold,grd_episodes,sin_rett,sir_eb,queen,13,14.0,113.61715217779611,580577,2.4113941819948086,0.1232208318167649,0.06736597537952,0.206743618120945,0.1537930875188711,0.9651311791936678,False,Vitacura,Metropolitana,lancet_americas/pipeline/15b_spatial_correlation.py
13201,1.432995312867658,1.3182817165492269,0.1292593299315672,0.1699019651101945,0.3286475111898753,0.348,0.3712110661366101,HH,False,0.002,ns,0.2991196708769467,0.3479999899864197,0.3712110661366098,False,0.0020000000949949,ns,grd_episodes,sin_rett,sir_eb,queen,13,1318.0,918.5114686074788,3923320,33.593996920975094,1.4349303683689123,1.358498852468716,1.5145422395554422,1.432995312867658,0.9955508843668212,False,Puente Alto,Metropolitana,lancet_americas/pipeline/15b_spatial_correlation.py
13202,0.8050678013341812,-0.184371570567186,0.2085207007332753,-0.03833287596397,-0.5104495583778881,0.294,0.3048682723054285,LH,False,0.002,ns,0.1523932334046377,0.2939999997615814,0.3048682723054285,False,0.0020000000949949,ns,grd_episodes,sin_rett,sir_eb,queen,13,33.0,41.98424382993045,188403,17.515644655339884,0.7860091546170564,0.5410525354403523,1.103849088169848,0.8050678013341812,0.9109370932059327,False,Pirque,Metropolitana,lancet_americas/pipeline/15b_spatial_correlation.py
13203,1.1056547601505171,0.5349439132004217,-0.6013551389932554,-0.3207506535239658,-1.7810558600357824,0.022,0.0374516628253921,HL,False,0.002,ns,-0.4877252337738879,0.0219999998807907,0.0374516628253922,False,0.0020000000949949,ns,grd_episodes,sin_rett,sir_eb,queen,13,27.0,24.02766802936324,113816,23.722499472833345,1.1237045545578703,0.7405283821143385,1.634931130110305,1.1056547601505171,0.8540894919199667,False,San José de Maipo,Metropolitana,lancet_americas/pipeline/15b_spatial_correlation.py
13301,0.3342581079319215,-1.3110362259658033,-0.9341670497036458,1.2211457706239508,2.2860810855106775,0.001,0.0111247576553121,LL,True,0.002,LL,-0.9880055034553832,0.0010000000474974,0.0111247576553121,True,0.0020000000949949,cold,grd_episodes,sin_rett,sir_eb,queen,13,99.0,304.3538888105834,1119792,8.840927600840155,0.3252792346005255,0.2643709110096885,0.3960157966904357,0.3342581079319215,0.9866924603601313,False,Colina,Metropolitana,lancet_americas/pipeline/15b_spatial_correlation.py
13302,0.6637763270403843,-0.5224871880380716,-0.6240548724214294,0.3251072816849976,1.5196751640820023,0.043,0.064296318285073,LL,False,0.002,ns,-0.6095452032238073,0.0430000014603138,0.064296318285073,False,0.0020000000949949,ns,grd_episodes,sin_rett,sir_eb,queen,13,143.0,217.5132405130161,797621,17.928314324723146,0.6574312426348263,0.5540962694404001,0.774444517047488,0.6637763270403843,0.9814779244483344,False,Lampa,Metropolitana,lancet_americas/pipeline/15b_spatial_correlation.py
13303,0.5951559154556452,-0.686698319318616,-0.4632902884210774,0.317210426560375,1.2167727436237852,0.095,0.1118453465477288,LL,False,0.002,ns,-0.4912162922832699,0.0949999988079071,0.1118453465477288,False,0.0020000000949949,ns,grd_episodes,sin_rett,sir_eb,queen,13,16.0,29.67594591818003,131103,12.204144832688804,0.5391572030800239,0.3081749265501555,0.8755575195209966,0.5951559154556452,0.8784863021622853,False,Tiltil,Metropolitana,lancet_americas/pipeline/15b_spatial_correlation.py
13401,0.9817860274349232,0.2385215476132303,-0.0031421456999355,-0.0007472780240193,0.0026269110851208,0.47,0.4989520153065882,HL,False,0.002,ns,0.0154473691703085,0.4699999988079071,0.4989520153065881,False,0.0020000000949949,ns,grd_episodes,sin_rett,sir_eb,queen,13,484.0,493.0552601807545,2039634,23.729747591969932,0.9816343908846348,0.8961178459456326,1.0731108240966487,0.9817860274349232,0.9917434510700968,False,San Bernardo,Metropolitana,lancet_americas/pipeline/15b_spatial_correlation.py
13402,0.9125463994343702,0.07282860901326,0.0911731122080868,0.0066205957048537,0.2203094470317994,0.401,0.4128150816179875,HH,False,0.002,ns,0.0881156950089491,0.4009999930858612,0.4128150816179871,False,0.0020000000949949,ns,grd_episodes,sin_rett,sir_eb,queen,13,146.0,160.3852494021598,676603,21.578384961343655,0.910308152054,0.7686402768982198,1.0705212967546978,0.9125463994343702,0.975045141430046,False,Buin,Metropolitana,lancet_americas/pipeline/15b_spatial_correlation.py
13403,0.5522605105718337,-0.7893485774565927,-0.6015944425178866,0.4734792153096036,1.3450692454875297,0.075,0.0893014369051949,LL,False,0.002,ns,-0.6328867983410044,0.0750000029802322,0.0893014369051951,False,0.0020000000949949,ns,grd_episodes,sin_rett,sir_eb,queen,13,20.0,39.542738508612025,175090,11.422696898737792,0.5057818642389725,0.3089447025208763,0.781139067946632,0.5522605105718337,0.9059551987883032,False,Calera de Tango,Metropolitana,lancet_americas/pipeline/15b_spatial_correlation.py
13404,0.8740860235509834,-0.0192084640300395,-0.4549916654275357,0.0087141363871708,1.1027072244264389,0.134,0.1350771642180334,LL,False,0.002,ns,-0.392736922370751,0.1340000033378601,0.1350771642180333,False,0.0020000000949949,ns,grd_episodes,sin_rett,sir_eb,queen,13,103.0,118.42868121501314,508991,20.236114194553537,0.8697217510427089,0.7098950818525253,1.0547905639533155,0.8740860235509834,0.9665003748269196,False,Paine,Metropolitana,lancet_americas/pipeline/15b_spatial_correlation.py
13501,0.7466039247264662,-0.3242777456408158,-0.6372861117778851,0.206053441364143,2.014845193591159,0.01,0.0219604360172782,LL,False,0.002,ns,-0.6088308057654239,0.0099999997764825,0.0219604360172783,False,0.0020000000949949,ns,grd_episodes,sin_rett,sir_eb,queen,13,143.0,192.9271226352302,865941,16.513827154505908,0.7412125265060421,0.6247088199725531,0.8731376604783095,0.7466039247264662,0.9791666955605176,False,Melipilla,Metropolitana,lancet_americas/pipeline/15b_spatial_correlation.py
13502,0.6721166475333928,-0.5025284988992288,-0.2782600149222059,0.1394247174633444,0.8256520030032576,0.209,0.2045007632840056,LL,False,0.002,ns,-0.3006868633199086,0.2090000063180923,0.2045007632840055,False,0.0020000000949949,ns,grd_episodes,sin_rett,sir_eb,queen,13,5.0,9.441671061720232,45416,11.009335916857497,0.529567273347587,0.1719490521863857,1.2358333607522174,0.6721166475333928,0.6969824459276388,False,Alhué,Metropolitana,lancet_americas/pipeline/15b_spatial_correlation.py
13503,0.6102512196382662,-0.6505747094537719,-0.4881813797279803,0.3166698088115493,1.3903995132471283,0.069,0.0822037971025891,LL,False,0.002,ns,-0.5062250830308463,0.0689999982714653,0.0822037971025893,False,0.0020000000949949,ns,grd_episodes,sin_rett,sir_eb,queen,13,28.0,48.50437033393358,222919,12.560616187942706,0.5772675700608207,0.3835901080204508,0.8343123653531276,0.6102512196382662,0.9219751141822948,False,Curacaví,Metropolitana,lancet_americas/pipeline/15b_spatial_correlation.py
13504,0.5517803368268898,-0.7904976506266229,-0.2608486365566643,0.2055973097053086,0.5783210933353555,0.305,0.2815236779981183,LL,False,0.002,ns,-0.349123472234991,0.3050000071525574,0.2815236779981184,False,0.0020000000949949,ns,grd_episodes,sin_rett,sir_eb,queen,13,9.0,19.64525240327253,91261,9.86182487590537,0.4581259540600644,0.2094843585055079,0.8696657645677875,0.5517803368268898,0.8271657713290691,False,María Pinto,Metropolitana,lancet_americas/pipeline/15b_spatial_correlation.py
13505,0.4696578585583222,-0.9870197167088164,-0.3140588656884249,0.3090759116690448,0.8258449545650437,0.216,0.2044460246158252,LL,False,0.002,ns,-0.3981789720659739,0.2160000056028366,0.2044460246158255,False,0.0020000000949949,ns,grd_episodes,sin_rett,sir_eb,queen,13,5.0,15.281257172962627,73021,6.8473452842333025,0.3271982104225416,0.1062403682984199,0.7635714749940624,0.4696578585583222,0.788259112352763,False,San Pedro,Metropolitana,lancet_americas/pipeline/15b_spatial_correlation.py
13601,0.7401149107000087,-0.3398061913258733,-0.5778652495376116,0.1957880310959893,1.288235390776345,0.084,0.0988320179495823,LL,False,0.002,ns,-0.5381887398356555,0.0839999988675117,0.0988320179495824,False,0.0020000000949949,ns,grd_episodes,sin_rett,sir_eb,queen,13,84.0,114.93726446135116,499225,16.82608042465822,0.7308334715782788,0.5829413989778398,0.9048215672895016,0.7401149107000087,0.965517855521813,False,Talagante,Metropolitana,lancet_americas/pipeline/15b_spatial_correlation.py
13602,0.727048830553456,-0.3710737945464993,-0.6578773400662213,0.2434072367113008,1.335817400361941,0.07,0.0908044820732058,LL,False,0.002,ns,-0.600516630962277,0.0700000002980232,0.0908044820732058,False,0.0020000000949949,ns,grd_episodes,sin_rett,sir_eb,queen,13,41.0,57.933408934810245,245053,16.731074502250532,0.707709087965726,0.507864260181251,0.9600872896729205,0.727048830553456,0.9338339243833134,False,El Monte,Metropolitana,lancet_americas/pipeline/15b_spatial_correlation.py
13603,0.5071257610198594,-0.897357668524797,-0.1238360064861229,0.1108002626034936,0.299865769453419,0.413,0.3821397727366037,LL,False,0.002,ns,-0.2343391010630767,0.4129999876022339,0.3821397727366039,False,0.0020000000949949,ns,grd_episodes,sin_rett,sir_eb,queen,13,27.0,57.23070194571889,246030,10.974271430313376,0.4717747482043546,0.3109025318026137,0.686407489504865,0.5071257610198594,0.933075874931513,False,Isla de Maipo,Metropolitana,lancet_americas/pipeline/15b_spatial_correlation.py
13604,0.3501472429065806,-1.2730129502523375,-0.6795751302351266,0.8625783860743528,1.5263389481513414,0.042,0.0634627368144965,LL,False,0.002,ns,-0.778481433571329,0.0419999994337558,0.0634627368144965,False,0.0020000000949949,ns,grd_episodes,sin_rett,sir_eb,queen,13,36.0,110.4322071793379,462018,7.791904211524226,0.3259918543648893,0.2283206870652207,0.4513101364378164,0.3501472429065806,0.9641615777225808,False,Padre Hurtado,Metropolitana,lancet_americas/pipeline/15b_spatial_correlation.py
13605,0.4349538131695798,-1.0700677547733992,-0.6195038518444237,0.6609727592791594,1.3881848109870305,0.063,0.0825403881063658,LL,False,0.002,ns,-0.69459783566592,0.0630000010132789,0.0825403881063657,False,0.0020000000949949,ns,grd_episodes,sin_rett,sir_eb,queen,13,61.0,145.57733416920894,619311,9.849655504261994,0.4190212738000674,0.320518072591905,0.5382503558126659,0.4349538131695798,0.9725763807674612,False,Peñaflor,Metropolitana,lancet_americas/pipeline/15b_spatial_correlation.py
14101,1.1662744693438731,0.6800090737648686,-0.0298547748708616,-0.0202421566442137,-0.052518568096585,0.493,0.479057750274552,HL,False,0.002,ns,0.0884558665684268,0.4930000007152557,0.479057750274552,False,0.0020000000949949,ns,grd_episodes,sin_rett,sir_eb,queen,14,258.0,220.63200293069343,1072614,24.053387332255593,1.169367981856399,1.0310195256111048,1.3211086517192814,1.1662744693438731,0.9817349626616664,False,Valdivia,Los Ríos,lancet_americas/pipeline/15b_spatial_correlation.py
14102,1.2836994939877022,0.9610114124581756,-0.3873210794962311,-0.3711316151736578,-0.6963479062404987,0.272,0.2431054892395305,HL,False,0.002,ns,-0.0502379565076293,0.2720000147819519,0.2431054892395308,False,0.0020000000949949,ns,grd_episodes,sin_rett,sir_eb,queen,14,9.0,6.103813869505048,32631,27.581134503999262,1.4744879500609347,0.6742297824543665,2.7990374242530036,1.2836994939877022,0.5979066358824683,False,Corral,Los Ríos,lancet_americas/pipeline/15b_spatial_correlation.py
14103,0.5020180965027687,-0.9095804947828005,-0.3141362650697231,0.2848967450855755,0.6548248036072717,0.282,0.2562902795546619,LL,False,0.002,ns,-0.4332251110123385,0.2820000052452087,0.2562902795546621,False,0.0020000000949949,ns,grd_episodes,sin_rett,sir_eb,queen,14,10.0,23.9914246894893,106806,9.362769881841844,0.4168155967986771,0.199879280126007,0.7665387228993799,0.5020180965027687,0.8539012716451565,False,Lanco,Los Ríos,lancet_americas/pipeline/15b_spatial_correlation.py
14104,0.6956920191645398,-0.4461117803674666,-0.1789827779520961,0.0796128569386481,0.3993764397989962,0.378,0.3448079256185825,LL,False,0.002,ns,-0.2235042783546581,0.3779999911785126,0.3448079256185826,False,0.0020000000949949,ns,grd_episodes,sin_rett,sir_eb,queen,14,17.0,26.231624032242756,123103,13.809574096488308,0.6480727224171995,0.3775262430353074,1.037627208382167,0.6956920191645398,0.8646899522128215,False,Los Lagos,Los Ríos,lancet_americas/pipeline/15b_spatial_correlation.py
14105,1.269121368989001,0.9261254311196684,-0.5227768566085961,-0.4827412781337812,-1.166971954950777,0.109,0.1216108477240354,HL,False,0.002,ns,-0.2812931419872186,0.1089999973773956,0.1216108477240353,False,0.0020000000949949,ns,grd_episodes,sin_rett,sir_eb,queen,14,13.0,9.37286515013947,44301,29.34471005169183,1.3869825066038166,0.738509770504999,2.3717823271817884,1.269121368989001,0.6954354897094123,False,Máfil,Los Ríos,lancet_americas/pipeline/15b_spatial_correlation.py
14106,0.5367321789639135,-0.8265084376402805,0.0674797525952484,-0.0556095071562554,-0.1683111935296909,0.404,0.4331692341609138,LH,False,0.002,ns,-0.0602328460098272,0.4040000140666961,0.4331692341609137,False,0.0020000000949949,ns,grd_episodes,sin_rett,sir_eb,queen,14,16.0,33.35301062271876,141208,11.330802787377486,0.4797168142027163,0.2741996084578957,0.7790300519336733,0.5367321789639135,0.8904147465887704,False,Mariquina,Los Ríos,lancet_americas/pipeline/15b_spatial_correlation.py
14107,0.5629406988507702,-0.7637904999244052,-0.101767671435378,0.0775019023357999,0.223615799139586,0.443,0.4115281345106564,LL,False,0.002,ns,-0.2121048095168828,0.4429999887943268,0.4115281345106564,False,0.0020000000949949,ns,grd_episodes,sin_rett,sir_eb,queen,14,13.0,26.27994861203739,125112,10.390689941812136,0.4946737222326766,0.2633929233725076,0.8459071304262885,0.5629406988507702,0.864905152133159,False,Paillaco,Los Ríos,lancet_americas/pipeline/15b_spatial_correlation.py
14108,0.4175596389146939,-1.1116926440173012,-0.1679755809102804,0.1861912024161394,0.4707267003031881,0.34,0.3189179573805568,LL,False,0.002,ns,-0.2728330323666162,0.3400000035762787,0.3189179573805566,False,0.0020000000949949,ns,grd_episodes,sin_rett,sir_eb,queen,14,17.0,46.43843626079153,216461,7.853608733212911,0.3660760647608903,0.2132527980484261,0.5861232420284489,0.4175596389146939,0.9187858806208596,False,Panguipulli,Los Ríos,lancet_americas/pipeline/15b_spatial_correlation.py
14201,0.4315631175160244,-1.0781818123291569,-0.053216232257295,0.0572090053962292,0.1378067463665049,0.472,0.4451965762028171,LL,False,0.002,ns,-0.1813369297662775,0.4720000028610229,0.4451965762028176,False,0.0020000000949949,ns,grd_episodes,sin_rett,sir_eb,queen,14,19.0,49.43271090541892,237582,7.99723884806088,0.3843608746514684,0.2314103546992147,0.6002271173910675,0.4315631175160244,0.9233280652235456,False,La Unión,Los Ríos,lancet_americas/pipeline/15b_spatial_correlation.py
14202,0.6207021515549109,-0.6255652507033111,-0.7549258641524915,0.4708745237649117,1.694126534024,0.024,0.0451206206139501,LL,False,0.002,ns,-0.7333657619109619,0.0240000002086162,0.04512062061395,False,0.0020000000949949,ns,grd_episodes,sin_rett,sir_eb,queen,14,11.0,20.23023741656295,91399,12.035142616440003,0.5437405292630947,0.271433313122717,0.9729020034726744,0.6207021515549109,0.8313204936491173,False,Futrono,Los Ríos,lancet_americas/pipeline/15b_spatial_correlation.py
14203,0.7254697530933172,-0.3748525841241281,-0.9728333434909896,0.3636028088328424,1.739634526618859,0.016,0.0409616063095146,LL,False,0.002,ns,-0.8233381536492742,0.0160000007599592,0.0409616063095146,False,0.0020000000949949,ns,grd_episodes,sin_rett,sir_eb,queen,14,8.0,12.580674819655664,61706,12.964703594464073,0.635895936798322,0.2745347309472095,1.2529684970130048,0.7254697530933172,0.7539884188400832,False,Lago Ranco,Los Ríos,lancet_americas/pipeline/15b_spatial_correlation.py
14204,0.3744928762889976,-1.2147529674405004,-0.1501934402438821,0.1819144537549312,0.3174932412217405,0.414,0.3754346835642981,LL,False,0.002,ns,-0.3631053456832057,0.414000004529953,0.3754346835642981,False,0.0020000000949949,ns,grd_episodes,sin_rett,sir_eb,queen,14,12.0,38.89953371935219,197693,6.070017653634676,0.3084869882136942,0.159399728373543,0.5388646866414425,0.3744928762889976,0.9045485956875952,False,Río Bueno,Los Ríos,lancet_americas/pipeline/15b_spatial_correlation.py
15101,1.6825506903082492,1.9154767770314416,-0.3670336697970479,-0.700988785297489,-0.6556749737199492,0.291,0.2560166372753838,HL,False,0.002,ns,0.2035939419100742,0.2910000085830688,0.2560166372753834,False,0.0020000000949949,ns,grd_episodes,sin_rett,sir_eb,queen,15,594.0,351.37024470526273,1506340,39.43332846502118,1.6905244793800356,1.5572907260198512,1.8321091812138224,1.6825506903082492,0.9884525613357756,False,Arica,Arica y Parinacota,lancet_americas/pipeline/15b_spatial_correlation.py
15102,0.7748019339328829,-0.2567988878970555,0.1705732308357906,-0.0436749369895345,-0.3424257955988969,0.341,0.3660152392392948,LH,False,0.002,ns,0.0850988070892216,0.3409999907016754,0.3660152392392944,False,0.0020000000949949,ns,grd_episodes,sin_rett,sir_eb,queen,15,0.0,1.1930778272517994,7432,0.0,0.0,0.0,3.09190177694535,0.7748019339328829,0.2251980660671171,True,Camarones,Arica y Parinacota,lancet_americas/pipeline/15b_spatial_correlation.py
15201,0.5692986972274492,-0.7485755794364244,0.2785675309242639,-0.2079191173917177,-0.5599523792500073,0.266,0.2877559599218117,LH,False,0.002,ns,0.0731389088521264,0.2660000026226043,0.2877559599218119,False,0.0020000000949949,ns,grd_episodes,sin_rett,sir_eb,queen,15,0.0,3.1054948224642707,15220,0.0,0.0,0.0,1.1878556123905362,0.5692986972274492,0.4307013027725507,True,Putre,Arica y Parinacota,lancet_americas/pipeline/15b_spatial_correlation.py
15202,0.8421107124561572,-0.0957265420576638,0.5834505987975086,-0.0556883991958081,-0.8068323884060177,0.192,0.2098815281692249,LH,False,0.002,ns,0.357058218512451,0.19200000166893,0.2098815281692249,False,0.0020000000949949,ns,grd_episodes,sin_rett,sir_eb,queen,15,0.0,0.769623441422173,4837,0.0,0.0,0.0,4.7930965399096,0.8421107124561572,0.1578892875438428,True,General Lagos,Arica y Parinacota,lancet_americas/pipeline/15b_spatial_correlation.py
16101,2.6085646586484708,4.1314617560045495,1.0850933514016254,4.469913432475502,3.548880207719994,0.003,0.0001934365183315,HH,False,0.002,ns,1.3620359336382548,0.003000000026077,0.0001934365183315,False,0.0020000000949949,ns,grd_episodes,sin_rett,sir_eb,queen,16,674.0,255.8484102807443,1204065,55.97704442866456,2.634372436633141,2.439218005651014,2.84098616201855,2.6085646586484708,0.9842093653770648,False,Chillán,Ñuble,lancet_americas/pipeline/15b_spatial_correlation.py
16102,1.3568348396194445,1.1360269445050992,0.8758973124344842,0.9921334652424116,2.123777327421959,0.031,0.0168443838657416,HH,False,0.002,ns,0.913058688444572,0.0309999994933605,0.0168443838657417,False,0.0020000000949949,ns,grd_episodes,sin_rett,sir_eb,queen,16,39.0,27.663834807888275,135981,28.68047741963951,1.409782854431998,1.0024934244303878,1.9272195715479916,1.3568348396194445,0.8707900678618059,False,Bulnes,Ñuble,lancet_americas/pipeline/15b_spatial_correlation.py
16103,0.6888194950398558,-0.4625579796134964,1.774158204836103,-0.8182514703146203,-3.0864019911734477,0.005,0.0010129736140097,LH,False,0.002,ns,1.2149791587237035,0.0049999998882412,0.0010129736140097,False,0.0020000000949949,ns,grd_episodes,sin_rett,sir_eb,queen,16,33.0,49.762444668740955,206940,15.94665120324732,0.6631506996827561,0.4564824281432266,0.9313101391556264,0.6888194950398558,0.9237973914954702,False,Chillán Viejo,Ñuble,lancet_americas/pipeline/15b_spatial_correlation.py
16104,1.1961426445129946,0.7514846991733539,0.3483627719691839,0.2610238271277548,0.6796689739501324,0.235,0.2483570427473734,HH,False,0.002,ns,0.4289871574100179,0.2349999994039535,0.2483570427473738,False,0.0020000000949949,ns,grd_episodes,sin_rett,sir_eb,queen,16,18.0,14.37526580775872,73692,24.42598925256473,1.2521507595556889,0.7421038972817988,1.978938034813517,1.1961426445129946,0.7778784599285554,False,El Carmen,Ñuble,lancet_americas/pipeline/15b_spatial_correlation.py
16105,0.9474408062221256,0.1563321888031419,0.5973904625039634,0.0931182844254905,1.4443719374064714,0.088,0.0743171900695275,HH,False,0.002,ns,0.5343821376895597,0.0879999995231628,0.0743171900695276,False,0.0020000000949949,ns,grd_episodes,sin_rett,sir_eb,queen,16,10.0,10.78246399002101,51709,19.33899321201338,0.92743180123345,0.4447395976068629,1.7055801029373012,0.9474408062221256,0.7242730930521807,False,Pemuco,Ñuble,lancet_americas/pipeline/15b_spatial_correlation.py
16106,0.9013795946575582,0.0461060405698336,1.0344404950722024,0.04755449942284,2.6608385344219396,0.013,0.0038973163035075,HH,False,0.002,ns,0.9108986882594065,0.0130000002682209,0.0038973163035076,False,0.0020000000949949,ns,grd_episodes,sin_rett,sir_eb,queen,16,12.0,13.762037364652048,71954,16.677321622147485,0.8719639165362345,0.450556479714876,1.5231454829513118,0.9013795946575582,0.7702547803280126,False,Pinto,Ñuble,lancet_americas/pipeline/15b_spatial_correlation.py
16107,1.1427345927906527,0.6236772962406958,1.2127381872135023,0.7541457026735776,3.125800210551118,0.004,0.0008866098779282,HH,False,0.002,ns,1.139105575841902,0.0040000001899898,0.0008866098779282,False,0.0020000000949949,ns,grd_episodes,sin_rett,sir_eb,queen,16,25.0,21.36462780011772,113849,21.95891048669729,1.1701584616354632,0.7572648584938223,1.727384724077759,1.1427345927906527,0.838833352269241,False,Quillón,Ñuble,lancet_americas/pipeline/15b_spatial_correlation.py
16108,0.9050903088141126,0.0549859139986608,1.120504292127868,0.0614318007337631,2.498985274097074,0.014,0.0062274743227794,HH,False,0.002,ns,0.9429178957730002,0.0140000004321336,0.0062274743227794,False,0.0020000000949949,ns,grd_episodes,sin_rett,sir_eb,queen,16,17.0,19.21309691856878,99690,17.052863878021867,0.8848131080612048,0.5154362418292007,1.41667149920015,0.9050903088141126,0.8239626018932603,False,San Ignacio,Ñuble,lancet_americas/pipeline/15b_spatial_correlation.py
16109,1.3563351870912823,1.134831257901044,0.633576689818441,0.7169002850065888,1.5416741933914582,0.076,0.0615763930562928,HH,False,0.002,ns,0.7051844852588122,0.0759999975562095,0.0615763930562929,False,0.0020000000949949,ns,grd_episodes,sin_rett,sir_eb,queen,16,32.0,22.514571724182687,112114,28.542376509624138,1.4213017414685754,0.972169339014115,2.006453981574032,1.3563351870912823,0.8457956661872981,False,Yungay,Ñuble,lancet_americas/pipeline/15b_spatial_correlation.py
16201,1.000126786429905,0.2824116484382682,0.7228109443482984,0.2035333582841955,1.4160823317547135,0.097,0.0783757002139718,HH,False,0.002,ns,0.6347310851662928,0.0970000028610229,0.0783757002139717,False,0.0020000000949949,ns,grd_episodes,sin_rett,sir_eb,queen,16,14.0,13.997704844668126,73262,19.10949742021785,1.0001639665471835,0.5467989474871702,1.6781051881361124,1.000126786429905,0.7732457143409769,False,Quirihue,Ñuble,lancet_americas/pipeline/15b_spatial_correlation.py
16202,1.4874297228516555,1.4485452319905874,-0.0758293665129214,-0.1095210910869626,-0.1621011380647593,0.493,0.4356131050021647,HL,False,0.002,ns,0.2290455531877808,0.4930000007152557,0.4356131050021651,False,0.0020000000949949,ns,grd_episodes,sin_rett,sir_eb,queen,16,9.0,4.705557115794479,31535,28.539717773902012,1.912632187545014,0.8745772277558469,3.6307716665627168,1.4874297228516555,0.5340921890590387,False,Cobquecura,Ñuble,lancet_americas/pipeline/15b_spatial_correlation.py
16203,1.1413391761809035,0.6203380137327266,1.0437584851815327,0.6455898401764307,2.064773959754315,0.037,0.0194721964207199,HH,False,0.002,ns,0.9590743908917724,0.0370000004768371,0.0194721964207198,False,0.0020000000949949,ns,grd_episodes,sin_rett,sir_eb,queen,16,24.0,20.519603358268032,101195,23.716586787884776,1.1696132513365372,0.749393279499745,1.7402918063406143,1.1413391761809035,0.8333026757471097,False,Coelemu,Ñuble,lancet_americas/pipeline/15b_spatial_correlation.py
16204,1.3597865441965475,1.14309048050872,1.489758871318999,1.697949858958578,3.6211062275861514,0.001,0.0001466730142896,HH,True,0.002,HH,1.4402348154889597,0.0010000000474974,0.0001466730142896,True,0.0020000000949949,hot,grd_episodes,sin_rett,sir_eb,queen,16,9.0,5.532587935596692,32345,27.82501159375483,1.6267251609493572,0.7438423293554915,3.0880310715886643,1.3597865441965475,0.5740738789735939,False,Ninhue,Ñuble,lancet_americas/pipeline/15b_spatial_correlation.py
16205,1.076411907859275,0.4649647080963441,1.7768522879258215,0.8237578930893011,4.302028592744581,0.001,8.462073260680653e-06,HH,True,0.002,HH,1.5894397765216108,0.0010000000474974,8.462073260680542e-06,True,0.0020000000949949,hot,grd_episodes,sin_rett,sir_eb,queen,16,6.0,5.282682519482333,29490,20.34587995930824,1.1357865966527854,0.4168136633936164,2.472129259018659,1.076411907859275,0.56273527537232,False,Portezuelo,Ñuble,lancet_americas/pipeline/15b_spatial_correlation.py
16206,1.027899034308661,0.3488716438981095,1.5624113847470409,0.5434872240656761,3.782353352687181,0.001,7.767630946188023e-05,HH,True,0.002,HH,1.389048564625765,0.0010000000474974,7.767630946187997e-05,True,0.0020000000949949,hot,grd_episodes,sin_rett,sir_eb,queen,16,7.0,6.6985949714203095,37641,18.59674291331261,1.044995260926454,0.4201422930521106,2.1530896289799597,1.027899034308661,0.6200438387114253,False,Ránquil,Ñuble,lancet_americas/pipeline/15b_spatial_correlation.py
16207,1.3324200804067463,1.0776015410767286,0.7918700165533293,0.8508252614271341,1.7757183048236764,0.056,0.0378896793899111,HH,False,0.002,ns,0.8394919373072293,0.0560000017285347,0.0378896793899111,False,0.0020000000949949,ns,grd_episodes,sin_rett,sir_eb,queen,16,10.0,6.48104403740434,34335,29.1247997670016,1.542961279430683,0.7399099077951935,2.8375607287777544,1.3324200804067463,0.6122353342678547,False,Treguaco,Ñuble,lancet_americas/pipeline/15b_spatial_correlation.py
16301,2.7842229927183073,4.551818514151402,1.5923128725234648,7.226726467235681,4.307698195015972,0.001,8.248113052416878e-06,HH,True,0.002,HH,1.9622510777269584,0.0010000000474974,8.248113052416707e-06,True,0.0020000000949949,hot,grd_episodes,sin_rett,sir_eb,queen,16,200.0,69.20281692039588,339335,58.93880678385666,2.890055765071823,2.5033790586983855,3.319546687379785,2.7842229927183073,0.9440054762884238,False,San Carlos,Ñuble,lancet_americas/pipeline/15b_spatial_correlation.py
16302,1.194389825529683,0.7472901398355078,2.4792016473075913,1.8472657441013065,4.9480417709406685,0.001,3.74819120602917e-07,HH,True,0.002,HH,2.1328193458131746,0.0010000000474974,3.748191206029205e-07,True,0.0020000000949949,hot,grd_episodes,sin_rett,sir_eb,queen,16,46.0,37.84531859753617,171808,26.774073384242875,1.2154739794684863,0.8898797171485402,1.621271956066464,1.194389825529683,0.9021498837548186,False,Coihueco,Ñuble,lancet_americas/pipeline/15b_spatial_correlation.py
16303,1.4567680077035456,1.3751706366596452,1.6132319990640334,2.211982522965837,3.225236390798358,0.004,0.0006293434580578,HH,False,0.002,ns,1.5656197265831564,0.0040000001899898,0.0006293434580578,False,0.0020000000949949,ns,grd_episodes,sin_rett,sir_eb,queen,16,20.0,12.441958118356643,69309,28.856281291030022,1.607464018906506,0.9818807834901734,2.48259780404681,1.4567680077035456,0.7519260293404243,False,Ñiquén,Ñuble,lancet_americas/pipeline/15b_spatial_correlation.py
16304,1.378311043481235,1.187420278504578,2.078709289588112,2.461084307538931,4.5897198815630995,0.001,2.219206173288e-06,HH,True,0.002,HH,1.930161121074191,0.0010000000474974,2.2192061732879795e-06,True,0.0020000000949949,hot,grd_episodes,sin_rett,sir_eb,queen,16,9.0,5.403061092444432,28236,31.874203144921378,1.6657224203119745,0.7616743595835361,3.1620600172947015,1.378311043481235,0.5682714475861401,False,San Fabián,Ñuble,lancet_americas/pipeline/15b_spatial_correlation.py
16305,2.277724927688896,3.339750292334096,2.5728338646902538,8.56749802408971,5.235815224208763,0.001,8.212910985529404e-08,HH,True,0.002,HH,2.726217150219023,0.0010000000474974,8.212910985529343e-08,True,0.0020000000949949,hot,grd_episodes,sin_rett,sir_eb,queen,16,38.0,14.3806481431104,73741,51.5317123445573,2.64244000839457,1.8699478199860793,3.62695536391716,2.277724927688896,0.7779431340922028,False,San Nicolás,Ñuble,lancet_americas/pipeline/15b_spatial_correlation.py
